record_id,source_id,locator,printed_value,review_scope
somatic-neusomatic-20261010-result-sahraeian2022-dragen-library-prep-indel-average,somatic-neusomatic-20261010-source-sahraeian2022-additional-file-2,"Additional file 2 Table S4, INDELs section, row 'Average', column 'DRAGEN'",72.5,result
somatic-neusomatic-20261010-result-sahraeian2022-dragen-library-prep-indel-lbp-nextera-t-100ng-lbp-nextera-n-100ng,somatic-neusomatic-20261010-source-sahraeian2022-additional-file-2,"Additional file 2 Table S4, INDELs section, row 'LBP_Nextera_T_100ng vs LBP_Nextera_N_100ng', column 'DRAGEN'",83.3,result
somatic-neusomatic-20261010-result-sahraeian2022-dragen-library-prep-indel-lbp-nextera-t-10ng-lbp-nextera-n-10ng,somatic-neusomatic-20261010-source-sahraeian2022-additional-file-2,"Additional file 2 Table S4, INDELs section, row 'LBP_Nextera_T_10ng vs LBP_Nextera_N_10ng', column 'DRAGEN'",83.2,result
somatic-neusomatic-20261010-result-sahraeian2022-dragen-library-prep-indel-lbp-nextera-t-1ng-lbp-nextera-n-1ng,somatic-neusomatic-20261010-source-sahraeian2022-additional-file-2,"Additional file 2 Table S4, INDELs section, row 'LBP_Nextera_T_1ng vs LBP_Nextera_N_1ng', column 'DRAGEN'",79.3,result
somatic-neusomatic-20261010-result-sahraeian2022-dragen-library-prep-indel-lbp-truseq-t-100ng-lbp-truseq-n-100ng,somatic-neusomatic-20261010-source-sahraeian2022-additional-file-2,"Additional file 2 Table S4, INDELs section, row 'LBP_TruSeq_T_100ng vs LBP_TruSeq_N_100ng', column 'DRAGEN'",82.3,result
somatic-neusomatic-20261010-result-sahraeian2022-dragen-library-prep-indel-lbp-truseq-t-10ng-lbp-truseq-n-10ng,somatic-neusomatic-20261010-source-sahraeian2022-additional-file-2,"Additional file 2 Table S4, INDELs section, row 'LBP_TruSeq_T_10ng vs LBP_TruSeq_N_10ng', column 'DRAGEN'",75.1,result
somatic-neusomatic-20261010-result-sahraeian2022-dragen-library-prep-indel-lbp-truseq-t-1ng-lbp-truseq-n-1ng,somatic-neusomatic-20261010-source-sahraeian2022-additional-file-2,"Additional file 2 Table S4, INDELs section, row 'LBP_TruSeq_T_1ng vs LBP_TruSeq_N_1ng', column 'DRAGEN'",31.5,result
somatic-neusomatic-20261010-result-sahraeian2022-dragen-library-prep-snv-average,somatic-neusomatic-20261010-source-sahraeian2022-additional-file-2,"Additional file 2 Table S4, SNVs section, row 'Average', column 'DRAGEN'",80.5,result
somatic-neusomatic-20261010-result-sahraeian2022-dragen-library-prep-snv-lbp-nextera-t-100ng-lbp-nextera-n-100ng,somatic-neusomatic-20261010-source-sahraeian2022-additional-file-2,"Additional file 2 Table S4, SNVs section, row 'LBP_Nextera_T_100ng vs LBP_Nextera_N_100ng', column 'DRAGEN'",92.6,result
somatic-neusomatic-20261010-result-sahraeian2022-dragen-library-prep-snv-lbp-nextera-t-10ng-lbp-nextera-n-10ng,somatic-neusomatic-20261010-source-sahraeian2022-additional-file-2,"Additional file 2 Table S4, SNVs section, row 'LBP_Nextera_T_10ng vs LBP_Nextera_N_10ng', column 'DRAGEN'",93.1,result
somatic-neusomatic-20261010-result-sahraeian2022-dragen-library-prep-snv-lbp-nextera-t-1ng-lbp-nextera-n-1ng,somatic-neusomatic-20261010-source-sahraeian2022-additional-file-2,"Additional file 2 Table S4, SNVs section, row 'LBP_Nextera_T_1ng vs LBP_Nextera_N_1ng', column 'DRAGEN'",89.9,result
somatic-neusomatic-20261010-result-sahraeian2022-dragen-library-prep-snv-lbp-truseq-t-100ng-lbp-truseq-n-100ng,somatic-neusomatic-20261010-source-sahraeian2022-additional-file-2,"Additional file 2 Table S4, SNVs section, row 'LBP_TruSeq_T_100ng vs LBP_TruSeq_N_100ng', column 'DRAGEN'",90.5,result
somatic-neusomatic-20261010-result-sahraeian2022-dragen-library-prep-snv-lbp-truseq-t-10ng-lbp-truseq-n-10ng,somatic-neusomatic-20261010-source-sahraeian2022-additional-file-2,"Additional file 2 Table S4, SNVs section, row 'LBP_TruSeq_T_10ng vs LBP_TruSeq_N_10ng', column 'DRAGEN'",86.4,result
somatic-neusomatic-20261010-result-sahraeian2022-dragen-library-prep-snv-lbp-truseq-t-1ng-lbp-truseq-n-1ng,somatic-neusomatic-20261010-source-sahraeian2022-additional-file-2,"Additional file 2 Table S4, SNVs section, row 'LBP_TruSeq_T_1ng vs LBP_TruSeq_N_1ng', column 'DRAGEN'",30.5,result
somatic-neusomatic-20261010-result-sahraeian2022-dragen-titration-indel-average,somatic-neusomatic-20261010-source-sahraeian2022-additional-file-2,"Additional file 2 Table S3, INDELs section, row 'Average', column 'DRAGEN'",55.4,result
somatic-neusomatic-20261010-result-sahraeian2022-dragen-titration-indel-spp-100x-10-t-spp-100x-100-n,somatic-neusomatic-20261010-source-sahraeian2022-additional-file-2,"Additional file 2 Table S3, INDELs section, row 'SPP_100x_10%T vs SPP_100x_100%N', column 'DRAGEN'",44.9,result
somatic-neusomatic-20261010-result-sahraeian2022-dragen-titration-indel-spp-100x-100-t-spp-100x-100-n,somatic-neusomatic-20261010-source-sahraeian2022-additional-file-2,"Additional file 2 Table S3, INDELs section, row 'SPP_100x_100%T vs SPP_100x_100%N', column 'DRAGEN'",83.4,result
somatic-neusomatic-20261010-result-sahraeian2022-dragen-titration-indel-spp-100x-20-t-spp-100x-100-n,somatic-neusomatic-20261010-source-sahraeian2022-additional-file-2,"Additional file 2 Table S3, INDELs section, row 'SPP_100x_20%T vs SPP_100x_100%N', column 'DRAGEN'",70.9,result
somatic-neusomatic-20261010-result-sahraeian2022-dragen-titration-indel-spp-100x-5-t-spp-100x-100-n,somatic-neusomatic-20261010-source-sahraeian2022-additional-file-2,"Additional file 2 Table S3, INDELs section, row 'SPP_100x_5%T vs SPP_100x_100%N', column 'DRAGEN'",20.1,result
somatic-neusomatic-20261010-result-sahraeian2022-dragen-titration-indel-spp-100x-50-t-spp-100x-100-n,somatic-neusomatic-20261010-source-sahraeian2022-additional-file-2,"Additional file 2 Table S3, INDELs section, row 'SPP_100x_50%T vs SPP_100x_100%N', column 'DRAGEN'",82.5,result
somatic-neusomatic-20261010-result-sahraeian2022-dragen-titration-indel-spp-100x-75-t-spp-100x-100-n,somatic-neusomatic-20261010-source-sahraeian2022-additional-file-2,"Additional file 2 Table S3, INDELs section, row 'SPP_100x_75%T vs SPP_100x_100%N', column 'DRAGEN'",83.3,result
somatic-neusomatic-20261010-result-sahraeian2022-dragen-titration-indel-spp-10x-10-t-spp-10x-100-n,somatic-neusomatic-20261010-source-sahraeian2022-additional-file-2,"Additional file 2 Table S3, INDELs section, row 'SPP_10x_10%T vs SPP_10x_100%N', column 'DRAGEN'",0.3,result
somatic-neusomatic-20261010-result-sahraeian2022-dragen-titration-indel-spp-10x-100-t-spp-10x-100-n,somatic-neusomatic-20261010-source-sahraeian2022-additional-file-2,"Additional file 2 Table S3, INDELs section, row 'SPP_10x_100%T vs SPP_10x_100%N', column 'DRAGEN'",42.5,result
somatic-neusomatic-20261010-result-sahraeian2022-dragen-titration-indel-spp-10x-20-t-spp-10x-100-n,somatic-neusomatic-20261010-source-sahraeian2022-additional-file-2,"Additional file 2 Table S3, INDELs section, row 'SPP_10x_20%T vs SPP_10x_100%N', column 'DRAGEN'",3.7,result
somatic-neusomatic-20261010-result-sahraeian2022-dragen-titration-indel-spp-10x-5-t-spp-10x-100-n,somatic-neusomatic-20261010-source-sahraeian2022-additional-file-2,"Additional file 2 Table S3, INDELs section, row 'SPP_10x_5%T vs SPP_10x_100%N', column 'DRAGEN'",0.0,result
somatic-neusomatic-20261010-result-sahraeian2022-dragen-titration-indel-spp-10x-50-t-spp-10x-100-n,somatic-neusomatic-20261010-source-sahraeian2022-additional-file-2,"Additional file 2 Table S3, INDELs section, row 'SPP_10x_50%T vs SPP_10x_100%N', column 'DRAGEN'",22.1,result
somatic-neusomatic-20261010-result-sahraeian2022-dragen-titration-indel-spp-10x-75-t-spp-10x-100-n,somatic-neusomatic-20261010-source-sahraeian2022-additional-file-2,"Additional file 2 Table S3, INDELs section, row 'SPP_10x_75%T vs SPP_10x_100%N', column 'DRAGEN'",35.6,result
somatic-neusomatic-20261010-result-sahraeian2022-dragen-titration-indel-spp-200x-10-t-spp-200x-100-n,somatic-neusomatic-20261010-source-sahraeian2022-additional-file-2,"Additional file 2 Table S3, INDELs section, row 'SPP_200x_10%T vs SPP_200x_100%N', column 'DRAGEN'",69.9,result
somatic-neusomatic-20261010-result-sahraeian2022-dragen-titration-indel-spp-200x-100-t-spp-200x-100-n,somatic-neusomatic-20261010-source-sahraeian2022-additional-file-2,"Additional file 2 Table S3, INDELs section, row 'SPP_200x_100%T vs SPP_200x_100%N', column 'DRAGEN'",83.9,result
somatic-neusomatic-20261010-result-sahraeian2022-dragen-titration-indel-spp-200x-20-t-spp-200x-100-n,somatic-neusomatic-20261010-source-sahraeian2022-additional-file-2,"Additional file 2 Table S3, INDELs section, row 'SPP_200x_20%T vs SPP_200x_100%N', column 'DRAGEN'",80.6,result
somatic-neusomatic-20261010-result-sahraeian2022-dragen-titration-indel-spp-200x-5-t-spp-200x-100-n,somatic-neusomatic-20261010-source-sahraeian2022-additional-file-2,"Additional file 2 Table S3, INDELs section, row 'SPP_200x_5%T vs SPP_200x_100%N', column 'DRAGEN'",44.6,result
somatic-neusomatic-20261010-result-sahraeian2022-dragen-titration-indel-spp-200x-50-t-spp-200x-100-n,somatic-neusomatic-20261010-source-sahraeian2022-additional-file-2,"Additional file 2 Table S3, INDELs section, row 'SPP_200x_50%T vs SPP_200x_100%N', column 'DRAGEN'",84.2,result
somatic-neusomatic-20261010-result-sahraeian2022-dragen-titration-indel-spp-200x-75-t-spp-200x-100-n,somatic-neusomatic-20261010-source-sahraeian2022-additional-file-2,"Additional file 2 Table S3, INDELs section, row 'SPP_200x_75%T vs SPP_200x_100%N', column 'DRAGEN'",84.3,result
somatic-neusomatic-20261010-result-sahraeian2022-dragen-titration-indel-spp-300x-10-t-spp-300x-100-n,somatic-neusomatic-20261010-source-sahraeian2022-additional-file-2,"Additional file 2 Table S3, INDELs section, row 'SPP_300x_10%T vs SPP_300x_100%N', column 'DRAGEN'",72.9,result
somatic-neusomatic-20261010-result-sahraeian2022-dragen-titration-indel-spp-300x-100-t-spp-300x-100-n,somatic-neusomatic-20261010-source-sahraeian2022-additional-file-2,"Additional file 2 Table S3, INDELs section, row 'SPP_300x_100%T vs SPP_300x_100%N', column 'DRAGEN'",84.2,result
somatic-neusomatic-20261010-result-sahraeian2022-dragen-titration-indel-spp-300x-20-t-spp-300x-100-n,somatic-neusomatic-20261010-source-sahraeian2022-additional-file-2,"Additional file 2 Table S3, INDELs section, row 'SPP_300x_20%T vs SPP_300x_100%N', column 'DRAGEN'",80.4,result
somatic-neusomatic-20261010-result-sahraeian2022-dragen-titration-indel-spp-300x-5-t-spp-300x-100-n,somatic-neusomatic-20261010-source-sahraeian2022-additional-file-2,"Additional file 2 Table S3, INDELs section, row 'SPP_300x_5%T vs SPP_300x_100%N', column 'DRAGEN'",50.6,result
somatic-neusomatic-20261010-result-sahraeian2022-dragen-titration-indel-spp-300x-50-t-spp-300x-100-n,somatic-neusomatic-20261010-source-sahraeian2022-additional-file-2,"Additional file 2 Table S3, INDELs section, row 'SPP_300x_50%T vs SPP_300x_100%N', column 'DRAGEN'",83.7,result
somatic-neusomatic-20261010-result-sahraeian2022-dragen-titration-indel-spp-300x-75-t-spp-300x-100-n,somatic-neusomatic-20261010-source-sahraeian2022-additional-file-2,"Additional file 2 Table S3, INDELs section, row 'SPP_300x_75%T vs SPP_300x_100%N', column 'DRAGEN'",83.4,result
somatic-neusomatic-20261010-result-sahraeian2022-dragen-titration-indel-spp-30x-10-t-spp-30x-100-n,somatic-neusomatic-20261010-source-sahraeian2022-additional-file-2,"Additional file 2 Table S3, INDELs section, row 'SPP_30x_10%T vs SPP_30x_100%N', column 'DRAGEN'",11.4,result
somatic-neusomatic-20261010-result-sahraeian2022-dragen-titration-indel-spp-30x-100-t-spp-30x-100-n,somatic-neusomatic-20261010-source-sahraeian2022-additional-file-2,"Additional file 2 Table S3, INDELs section, row 'SPP_30x_100%T vs SPP_30x_100%N', column 'DRAGEN'",77.8,result
somatic-neusomatic-20261010-result-sahraeian2022-dragen-titration-indel-spp-30x-20-t-spp-30x-100-n,somatic-neusomatic-20261010-source-sahraeian2022-additional-file-2,"Additional file 2 Table S3, INDELs section, row 'SPP_30x_20%T vs SPP_30x_100%N', column 'DRAGEN'",36.4,result
somatic-neusomatic-20261010-result-sahraeian2022-dragen-titration-indel-spp-30x-5-t-spp-30x-100-n,somatic-neusomatic-20261010-source-sahraeian2022-additional-file-2,"Additional file 2 Table S3, INDELs section, row 'SPP_30x_5%T vs SPP_30x_100%N', column 'DRAGEN'",3.0,result
somatic-neusomatic-20261010-result-sahraeian2022-dragen-titration-indel-spp-30x-50-t-spp-30x-100-n,somatic-neusomatic-20261010-source-sahraeian2022-additional-file-2,"Additional file 2 Table S3, INDELs section, row 'SPP_30x_50%T vs SPP_30x_100%N', column 'DRAGEN'",68.0,result
somatic-neusomatic-20261010-result-sahraeian2022-dragen-titration-indel-spp-30x-75-t-spp-30x-100-n,somatic-neusomatic-20261010-source-sahraeian2022-additional-file-2,"Additional file 2 Table S3, INDELs section, row 'SPP_30x_75%T vs SPP_30x_100%N', column 'DRAGEN'",77.8,result
somatic-neusomatic-20261010-result-sahraeian2022-dragen-titration-indel-spp-50x-10-t-spp-50x-100-n,somatic-neusomatic-20261010-source-sahraeian2022-additional-file-2,"Additional file 2 Table S3, INDELs section, row 'SPP_50x_10%T vs SPP_50x_100%N', column 'DRAGEN'",27.7,result
somatic-neusomatic-20261010-result-sahraeian2022-dragen-titration-indel-spp-50x-100-t-spp-50x-100-n,somatic-neusomatic-20261010-source-sahraeian2022-additional-file-2,"Additional file 2 Table S3, INDELs section, row 'SPP_50x_100%T vs SPP_50x_100%N', column 'DRAGEN'",81.4,result
somatic-neusomatic-20261010-result-sahraeian2022-dragen-titration-indel-spp-50x-20-t-spp-50x-100-n,somatic-neusomatic-20261010-source-sahraeian2022-additional-file-2,"Additional file 2 Table S3, INDELs section, row 'SPP_50x_20%T vs SPP_50x_100%N', column 'DRAGEN'",55.6,result
somatic-neusomatic-20261010-result-sahraeian2022-dragen-titration-indel-spp-50x-5-t-spp-50x-100-n,somatic-neusomatic-20261010-source-sahraeian2022-additional-file-2,"Additional file 2 Table S3, INDELs section, row 'SPP_50x_5%T vs SPP_50x_100%N', column 'DRAGEN'",8.6,result
somatic-neusomatic-20261010-result-sahraeian2022-dragen-titration-indel-spp-50x-50-t-spp-50x-100-n,somatic-neusomatic-20261010-source-sahraeian2022-additional-file-2,"Additional file 2 Table S3, INDELs section, row 'SPP_50x_50%T vs SPP_50x_100%N', column 'DRAGEN'",79.2,result
somatic-neusomatic-20261010-result-sahraeian2022-dragen-titration-indel-spp-50x-75-t-spp-50x-100-n,somatic-neusomatic-20261010-source-sahraeian2022-additional-file-2,"Additional file 2 Table S3, INDELs section, row 'SPP_50x_75%T vs SPP_50x_100%N', column 'DRAGEN'",81.8,result
somatic-neusomatic-20261010-result-sahraeian2022-dragen-titration-indel-spp-80x-10-t-spp-80x-100-n,somatic-neusomatic-20261010-source-sahraeian2022-additional-file-2,"Additional file 2 Table S3, INDELs section, row 'SPP_80x_10%T vs SPP_80x_100%N', column 'DRAGEN'",44.9,result
somatic-neusomatic-20261010-result-sahraeian2022-dragen-titration-indel-spp-80x-10-t-spp-80x-95-n,somatic-neusomatic-20261010-source-sahraeian2022-additional-file-2,"Additional file 2 Table S3, INDELs section, row 'SPP_80x_10%T vs SPP_80x_95%N', column 'DRAGEN'",8.3,result
somatic-neusomatic-20261010-result-sahraeian2022-dragen-titration-indel-spp-80x-100-t-spp-80x-100-n,somatic-neusomatic-20261010-source-sahraeian2022-additional-file-2,"Additional file 2 Table S3, INDELs section, row 'SPP_80x_100%T vs SPP_80x_100%N', column 'DRAGEN'",83.0,result
somatic-neusomatic-20261010-result-sahraeian2022-dragen-titration-indel-spp-80x-100-t-spp-80x-95-n,somatic-neusomatic-20261010-source-sahraeian2022-additional-file-2,"Additional file 2 Table S3, INDELs section, row 'SPP_80x_100%T vs SPP_80x_95%N', column 'DRAGEN'",73.8,result
somatic-neusomatic-20261010-result-sahraeian2022-dragen-titration-indel-spp-80x-20-t-spp-80x-100-n,somatic-neusomatic-20261010-source-sahraeian2022-additional-file-2,"Additional file 2 Table S3, INDELs section, row 'SPP_80x_20%T vs SPP_80x_100%N', column 'DRAGEN'",65.8,result
somatic-neusomatic-20261010-result-sahraeian2022-dragen-titration-indel-spp-80x-20-t-spp-80x-95-n,somatic-neusomatic-20261010-source-sahraeian2022-additional-file-2,"Additional file 2 Table S3, INDELs section, row 'SPP_80x_20%T vs SPP_80x_95%N', column 'DRAGEN'",20.1,result
somatic-neusomatic-20261010-result-sahraeian2022-dragen-titration-indel-spp-80x-5-t-spp-80x-100-n,somatic-neusomatic-20261010-source-sahraeian2022-additional-file-2,"Additional file 2 Table S3, INDELs section, row 'SPP_80x_5%T vs SPP_80x_100%N', column 'DRAGEN'",20.1,result
somatic-neusomatic-20261010-result-sahraeian2022-dragen-titration-indel-spp-80x-50-t-spp-80x-100-n,somatic-neusomatic-20261010-source-sahraeian2022-additional-file-2,"Additional file 2 Table S3, INDELs section, row 'SPP_80x_50%T vs SPP_80x_100%N', column 'DRAGEN'",82.6,result
somatic-neusomatic-20261010-result-sahraeian2022-dragen-titration-indel-spp-80x-50-t-spp-80x-95-n,somatic-neusomatic-20261010-source-sahraeian2022-additional-file-2,"Additional file 2 Table S3, INDELs section, row 'SPP_80x_50%T vs SPP_80x_95%N', column 'DRAGEN'",54.6,result
somatic-neusomatic-20261010-result-sahraeian2022-dragen-titration-indel-spp-80x-75-t-spp-80x-100-n,somatic-neusomatic-20261010-source-sahraeian2022-additional-file-2,"Additional file 2 Table S3, INDELs section, row 'SPP_80x_75%T vs SPP_80x_100%N', column 'DRAGEN'",83.1,result
somatic-neusomatic-20261010-result-sahraeian2022-dragen-titration-indel-spp-80x-75-t-spp-80x-95-n,somatic-neusomatic-20261010-source-sahraeian2022-additional-file-2,"Additional file 2 Table S3, INDELs section, row 'SPP_80x_75%T vs SPP_80x_95%N', column 'DRAGEN'",68.9,result
somatic-neusomatic-20261010-result-sahraeian2022-dragen-titration-snv-average,somatic-neusomatic-20261010-source-sahraeian2022-additional-file-2,"Additional file 2 Table S3, SNVs section, row 'Average', column 'DRAGEN'",62.6,result
somatic-neusomatic-20261010-result-sahraeian2022-dragen-titration-snv-spp-100x-10-t-spp-100x-100-n,somatic-neusomatic-20261010-source-sahraeian2022-additional-file-2,"Additional file 2 Table S3, SNVs section, row 'SPP_100x_10%T vs SPP_100x_100%N', column 'DRAGEN'",53.8,result
somatic-neusomatic-20261010-result-sahraeian2022-dragen-titration-snv-spp-100x-100-t-spp-100x-100-n,somatic-neusomatic-20261010-source-sahraeian2022-additional-file-2,"Additional file 2 Table S3, SNVs section, row 'SPP_100x_100%T vs SPP_100x_100%N', column 'DRAGEN'",95.6,result
somatic-neusomatic-20261010-result-sahraeian2022-dragen-titration-snv-spp-100x-20-t-spp-100x-100-n,somatic-neusomatic-20261010-source-sahraeian2022-additional-file-2,"Additional file 2 Table S3, SNVs section, row 'SPP_100x_20%T vs SPP_100x_100%N', column 'DRAGEN'",77.8,result
somatic-neusomatic-20261010-result-sahraeian2022-dragen-titration-snv-spp-100x-5-t-spp-100x-100-n,somatic-neusomatic-20261010-source-sahraeian2022-additional-file-2,"Additional file 2 Table S3, SNVs section, row 'SPP_100x_5%T vs SPP_100x_100%N', column 'DRAGEN'",24.5,result
somatic-neusomatic-20261010-result-sahraeian2022-dragen-titration-snv-spp-100x-50-t-spp-100x-100-n,somatic-neusomatic-20261010-source-sahraeian2022-additional-file-2,"Additional file 2 Table S3, SNVs section, row 'SPP_100x_50%T vs SPP_100x_100%N', column 'DRAGEN'",92.4,result
somatic-neusomatic-20261010-result-sahraeian2022-dragen-titration-snv-spp-100x-75-t-spp-100x-100-n,somatic-neusomatic-20261010-source-sahraeian2022-additional-file-2,"Additional file 2 Table S3, SNVs section, row 'SPP_100x_75%T vs SPP_100x_100%N', column 'DRAGEN'",94.3,result
somatic-neusomatic-20261010-result-sahraeian2022-dragen-titration-snv-spp-10x-10-t-spp-10x-100-n,somatic-neusomatic-20261010-source-sahraeian2022-additional-file-2,"Additional file 2 Table S3, SNVs section, row 'SPP_10x_10%T vs SPP_10x_100%N', column 'DRAGEN'",1.0,result
somatic-neusomatic-20261010-result-sahraeian2022-dragen-titration-snv-spp-10x-100-t-spp-10x-100-n,somatic-neusomatic-20261010-source-sahraeian2022-additional-file-2,"Additional file 2 Table S3, SNVs section, row 'SPP_10x_100%T vs SPP_10x_100%N', column 'DRAGEN'",46.1,result
somatic-neusomatic-20261010-result-sahraeian2022-dragen-titration-snv-spp-10x-20-t-spp-10x-100-n,somatic-neusomatic-20261010-source-sahraeian2022-additional-file-2,"Additional file 2 Table S3, SNVs section, row 'SPP_10x_20%T vs SPP_10x_100%N', column 'DRAGEN'",5.0,result
somatic-neusomatic-20261010-result-sahraeian2022-dragen-titration-snv-spp-10x-5-t-spp-10x-100-n,somatic-neusomatic-20261010-source-sahraeian2022-additional-file-2,"Additional file 2 Table S3, SNVs section, row 'SPP_10x_5%T vs SPP_10x_100%N', column 'DRAGEN'",0.2,result
somatic-neusomatic-20261010-result-sahraeian2022-dragen-titration-snv-spp-10x-50-t-spp-10x-100-n,somatic-neusomatic-20261010-source-sahraeian2022-additional-file-2,"Additional file 2 Table S3, SNVs section, row 'SPP_10x_50%T vs SPP_10x_100%N', column 'DRAGEN'",22.7,result
somatic-neusomatic-20261010-result-sahraeian2022-dragen-titration-snv-spp-10x-75-t-spp-10x-100-n,somatic-neusomatic-20261010-source-sahraeian2022-additional-file-2,"Additional file 2 Table S3, SNVs section, row 'SPP_10x_75%T vs SPP_10x_100%N', column 'DRAGEN'",35.9,result
somatic-neusomatic-20261010-result-sahraeian2022-dragen-titration-snv-spp-200x-10-t-spp-200x-100-n,somatic-neusomatic-20261010-source-sahraeian2022-additional-file-2,"Additional file 2 Table S3, SNVs section, row 'SPP_200x_10%T vs SPP_200x_100%N', column 'DRAGEN'",74.6,result
somatic-neusomatic-20261010-result-sahraeian2022-dragen-titration-snv-spp-200x-100-t-spp-200x-100-n,somatic-neusomatic-20261010-source-sahraeian2022-additional-file-2,"Additional file 2 Table S3, SNVs section, row 'SPP_200x_100%T vs SPP_200x_100%N', column 'DRAGEN'",97.2,result
somatic-neusomatic-20261010-result-sahraeian2022-dragen-titration-snv-spp-200x-20-t-spp-200x-100-n,somatic-neusomatic-20261010-source-sahraeian2022-additional-file-2,"Additional file 2 Table S3, SNVs section, row 'SPP_200x_20%T vs SPP_200x_100%N', column 'DRAGEN'",87.9,result
somatic-neusomatic-20261010-result-sahraeian2022-dragen-titration-snv-spp-200x-5-t-spp-200x-100-n,somatic-neusomatic-20261010-source-sahraeian2022-additional-file-2,"Additional file 2 Table S3, SNVs section, row 'SPP_200x_5%T vs SPP_200x_100%N', column 'DRAGEN'",46.4,result
somatic-neusomatic-20261010-result-sahraeian2022-dragen-titration-snv-spp-200x-50-t-spp-200x-100-n,somatic-neusomatic-20261010-source-sahraeian2022-additional-file-2,"Additional file 2 Table S3, SNVs section, row 'SPP_200x_50%T vs SPP_200x_100%N', column 'DRAGEN'",95.0,result
somatic-neusomatic-20261010-result-sahraeian2022-dragen-titration-snv-spp-200x-75-t-spp-200x-100-n,somatic-neusomatic-20261010-source-sahraeian2022-additional-file-2,"Additional file 2 Table S3, SNVs section, row 'SPP_200x_75%T vs SPP_200x_100%N', column 'DRAGEN'",96.5,result
somatic-neusomatic-20261010-result-sahraeian2022-dragen-titration-snv-spp-300x-10-t-spp-300x-100-n,somatic-neusomatic-20261010-source-sahraeian2022-additional-file-2,"Additional file 2 Table S3, SNVs section, row 'SPP_300x_10%T vs SPP_300x_100%N', column 'DRAGEN'",77.6,result
somatic-neusomatic-20261010-result-sahraeian2022-dragen-titration-snv-spp-300x-100-t-spp-300x-100-n,somatic-neusomatic-20261010-source-sahraeian2022-additional-file-2,"Additional file 2 Table S3, SNVs section, row 'SPP_300x_100%T vs SPP_300x_100%N', column 'DRAGEN'",97.3,result
somatic-neusomatic-20261010-result-sahraeian2022-dragen-titration-snv-spp-300x-20-t-spp-300x-100-n,somatic-neusomatic-20261010-source-sahraeian2022-additional-file-2,"Additional file 2 Table S3, SNVs section, row 'SPP_300x_20%T vs SPP_300x_100%N', column 'DRAGEN'",88.9,result
somatic-neusomatic-20261010-result-sahraeian2022-dragen-titration-snv-spp-300x-5-t-spp-300x-100-n,somatic-neusomatic-20261010-source-sahraeian2022-additional-file-2,"Additional file 2 Table S3, SNVs section, row 'SPP_300x_5%T vs SPP_300x_100%N', column 'DRAGEN'",52.6,result
somatic-neusomatic-20261010-result-sahraeian2022-dragen-titration-snv-spp-300x-50-t-spp-300x-100-n,somatic-neusomatic-20261010-source-sahraeian2022-additional-file-2,"Additional file 2 Table S3, SNVs section, row 'SPP_300x_50%T vs SPP_300x_100%N', column 'DRAGEN'",95.9,result
somatic-neusomatic-20261010-result-sahraeian2022-dragen-titration-snv-spp-300x-75-t-spp-300x-100-n,somatic-neusomatic-20261010-source-sahraeian2022-additional-file-2,"Additional file 2 Table S3, SNVs section, row 'SPP_300x_75%T vs SPP_300x_100%N', column 'DRAGEN'",95.8,result
somatic-neusomatic-20261010-result-sahraeian2022-dragen-titration-snv-spp-30x-10-t-spp-30x-100-n,somatic-neusomatic-20261010-source-sahraeian2022-additional-file-2,"Additional file 2 Table S3, SNVs section, row 'SPP_30x_10%T vs SPP_30x_100%N', column 'DRAGEN'",17.6,result
somatic-neusomatic-20261010-result-sahraeian2022-dragen-titration-snv-spp-30x-100-t-spp-30x-100-n,somatic-neusomatic-20261010-source-sahraeian2022-additional-file-2,"Additional file 2 Table S3, SNVs section, row 'SPP_30x_100%T vs SPP_30x_100%N', column 'DRAGEN'",88.6,result
somatic-neusomatic-20261010-result-sahraeian2022-dragen-titration-snv-spp-30x-20-t-spp-30x-100-n,somatic-neusomatic-20261010-source-sahraeian2022-additional-file-2,"Additional file 2 Table S3, SNVs section, row 'SPP_30x_20%T vs SPP_30x_100%N', column 'DRAGEN'",45.8,result
somatic-neusomatic-20261010-result-sahraeian2022-dragen-titration-snv-spp-30x-5-t-spp-30x-100-n,somatic-neusomatic-20261010-source-sahraeian2022-additional-file-2,"Additional file 2 Table S3, SNVs section, row 'SPP_30x_5%T vs SPP_30x_100%N', column 'DRAGEN'",4.1,result
somatic-neusomatic-20261010-result-sahraeian2022-dragen-titration-snv-spp-30x-50-t-spp-30x-100-n,somatic-neusomatic-20261010-source-sahraeian2022-additional-file-2,"Additional file 2 Table S3, SNVs section, row 'SPP_30x_50%T vs SPP_30x_100%N', column 'DRAGEN'",78.4,result
somatic-neusomatic-20261010-result-sahraeian2022-dragen-titration-snv-spp-30x-75-t-spp-30x-100-n,somatic-neusomatic-20261010-source-sahraeian2022-additional-file-2,"Additional file 2 Table S3, SNVs section, row 'SPP_30x_75%T vs SPP_30x_100%N', column 'DRAGEN'",86.0,result
somatic-neusomatic-20261010-result-sahraeian2022-dragen-titration-snv-spp-50x-10-t-spp-50x-100-n,somatic-neusomatic-20261010-source-sahraeian2022-additional-file-2,"Additional file 2 Table S3, SNVs section, row 'SPP_50x_10%T vs SPP_50x_100%N', column 'DRAGEN'",35.2,result
somatic-neusomatic-20261010-result-sahraeian2022-dragen-titration-snv-spp-50x-100-t-spp-50x-100-n,somatic-neusomatic-20261010-source-sahraeian2022-additional-file-2,"Additional file 2 Table S3, SNVs section, row 'SPP_50x_100%T vs SPP_50x_100%N', column 'DRAGEN'",92.7,result
somatic-neusomatic-20261010-result-sahraeian2022-dragen-titration-snv-spp-50x-20-t-spp-50x-100-n,somatic-neusomatic-20261010-source-sahraeian2022-additional-file-2,"Additional file 2 Table S3, SNVs section, row 'SPP_50x_20%T vs SPP_50x_100%N', column 'DRAGEN'",65.3,result
somatic-neusomatic-20261010-result-sahraeian2022-dragen-titration-snv-spp-50x-5-t-spp-50x-100-n,somatic-neusomatic-20261010-source-sahraeian2022-additional-file-2,"Additional file 2 Table S3, SNVs section, row 'SPP_50x_5%T vs SPP_50x_100%N', column 'DRAGEN'",12.0,result
somatic-neusomatic-20261010-result-sahraeian2022-dragen-titration-snv-spp-50x-50-t-spp-50x-100-n,somatic-neusomatic-20261010-source-sahraeian2022-additional-file-2,"Additional file 2 Table S3, SNVs section, row 'SPP_50x_50%T vs SPP_50x_100%N', column 'DRAGEN'",87.4,result
somatic-neusomatic-20261010-result-sahraeian2022-dragen-titration-snv-spp-50x-75-t-spp-50x-100-n,somatic-neusomatic-20261010-source-sahraeian2022-additional-file-2,"Additional file 2 Table S3, SNVs section, row 'SPP_50x_75%T vs SPP_50x_100%N', column 'DRAGEN'",91.1,result
somatic-neusomatic-20261010-result-sahraeian2022-dragen-titration-snv-spp-80x-10-t-spp-80x-100-n,somatic-neusomatic-20261010-source-sahraeian2022-additional-file-2,"Additional file 2 Table S3, SNVs section, row 'SPP_80x_10%T vs SPP_80x_100%N', column 'DRAGEN'",53.8,result
somatic-neusomatic-20261010-result-sahraeian2022-dragen-titration-snv-spp-80x-10-t-spp-80x-95-n,somatic-neusomatic-20261010-source-sahraeian2022-additional-file-2,"Additional file 2 Table S3, SNVs section, row 'SPP_80x_10%T vs SPP_80x_95%N', column 'DRAGEN'",12.1,result
somatic-neusomatic-20261010-result-sahraeian2022-dragen-titration-snv-spp-80x-100-t-spp-80x-100-n,somatic-neusomatic-20261010-source-sahraeian2022-additional-file-2,"Additional file 2 Table S3, SNVs section, row 'SPP_80x_100%T vs SPP_80x_100%N', column 'DRAGEN'",95.4,result
somatic-neusomatic-20261010-result-sahraeian2022-dragen-titration-snv-spp-80x-100-t-spp-80x-95-n,somatic-neusomatic-20261010-source-sahraeian2022-additional-file-2,"Additional file 2 Table S3, SNVs section, row 'SPP_80x_100%T vs SPP_80x_95%N', column 'DRAGEN'",80.0,result
somatic-neusomatic-20261010-result-sahraeian2022-dragen-titration-snv-spp-80x-20-t-spp-80x-100-n,somatic-neusomatic-20261010-source-sahraeian2022-additional-file-2,"Additional file 2 Table S3, SNVs section, row 'SPP_80x_20%T vs SPP_80x_100%N', column 'DRAGEN'",77.6,result
somatic-neusomatic-20261010-result-sahraeian2022-dragen-titration-snv-spp-80x-20-t-spp-80x-95-n,somatic-neusomatic-20261010-source-sahraeian2022-additional-file-2,"Additional file 2 Table S3, SNVs section, row 'SPP_80x_20%T vs SPP_80x_95%N', column 'DRAGEN'",26.6,result
somatic-neusomatic-20261010-result-sahraeian2022-dragen-titration-snv-spp-80x-5-t-spp-80x-100-n,somatic-neusomatic-20261010-source-sahraeian2022-additional-file-2,"Additional file 2 Table S3, SNVs section, row 'SPP_80x_5%T vs SPP_80x_100%N', column 'DRAGEN'",24.5,result
somatic-neusomatic-20261010-result-sahraeian2022-dragen-titration-snv-spp-80x-50-t-spp-80x-100-n,somatic-neusomatic-20261010-source-sahraeian2022-additional-file-2,"Additional file 2 Table S3, SNVs section, row 'SPP_80x_50%T vs SPP_80x_100%N', column 'DRAGEN'",91.3,result
somatic-neusomatic-20261010-result-sahraeian2022-dragen-titration-snv-spp-80x-50-t-spp-80x-95-n,somatic-neusomatic-20261010-source-sahraeian2022-additional-file-2,"Additional file 2 Table S3, SNVs section, row 'SPP_80x_50%T vs SPP_80x_95%N', column 'DRAGEN'",56.8,result
somatic-neusomatic-20261010-result-sahraeian2022-dragen-titration-snv-spp-80x-75-t-spp-80x-100-n,somatic-neusomatic-20261010-source-sahraeian2022-additional-file-2,"Additional file 2 Table S3, SNVs section, row 'SPP_80x_75%T vs SPP_80x_100%N', column 'DRAGEN'",93.9,result
somatic-neusomatic-20261010-result-sahraeian2022-dragen-titration-snv-spp-80x-75-t-spp-80x-95-n,somatic-neusomatic-20261010-source-sahraeian2022-additional-file-2,"Additional file 2 Table S3, SNVs section, row 'SPP_80x_75%T vs SPP_80x_95%N', column 'DRAGEN'",71.7,result
somatic-neusomatic-20261010-result-sahraeian2022-dragen-wgs-indel-average,somatic-neusomatic-20261010-source-sahraeian2022-additional-file-2,"Additional file 2 Table S2, INDELs section, row 'Average', column 'DRAGEN'",81.7,result
somatic-neusomatic-20261010-result-sahraeian2022-dragen-wgs-indel-wgs-ea-t-1-wgs-ea-n-1,somatic-neusomatic-20261010-source-sahraeian2022-additional-file-2,"Additional file 2 Table S2, INDELs section, row 'WGS_EA_T_1 vs WGS_EA_N_1', column 'DRAGEN'",80.5,result
somatic-neusomatic-20261010-result-sahraeian2022-dragen-wgs-indel-wgs-fd-t-1-wgs-fd-n-1,somatic-neusomatic-20261010-source-sahraeian2022-additional-file-2,"Additional file 2 Table S2, INDELs section, row 'WGS_FD_T_1 vs WGS_FD_N_1', column 'DRAGEN'",78.8,result
somatic-neusomatic-20261010-result-sahraeian2022-dragen-wgs-indel-wgs-fd-t-2-wgs-fd-n-2,somatic-neusomatic-20261010-source-sahraeian2022-additional-file-2,"Additional file 2 Table S2, INDELs section, row 'WGS_FD_T_2 vs WGS_FD_N_2', column 'DRAGEN'",78.5,result
somatic-neusomatic-20261010-result-sahraeian2022-dragen-wgs-indel-wgs-fd-t-3-wgs-fd-n-3,somatic-neusomatic-20261010-source-sahraeian2022-additional-file-2,"Additional file 2 Table S2, INDELs section, row 'WGS_FD_T_3 vs WGS_FD_N_3', column 'DRAGEN'",78.9,result
somatic-neusomatic-20261010-result-sahraeian2022-dragen-wgs-indel-wgs-il-t-1-wgs-il-n-1,somatic-neusomatic-20261010-source-sahraeian2022-additional-file-2,"Additional file 2 Table S2, INDELs section, row 'WGS_IL_T_1 vs WGS_IL_N_1', column 'DRAGEN'",86.3,result
somatic-neusomatic-20261010-result-sahraeian2022-dragen-wgs-indel-wgs-il-t-2-wgs-il-n-2,somatic-neusomatic-20261010-source-sahraeian2022-additional-file-2,"Additional file 2 Table S2, INDELs section, row 'WGS_IL_T_2 vs WGS_IL_N_2', column 'DRAGEN'",83.2,result
somatic-neusomatic-20261010-result-sahraeian2022-dragen-wgs-indel-wgs-il-t-3-wgs-il-n-3,somatic-neusomatic-20261010-source-sahraeian2022-additional-file-2,"Additional file 2 Table S2, INDELs section, row 'WGS_IL_T_3 vs WGS_IL_N_3', column 'DRAGEN'",83.9,result
somatic-neusomatic-20261010-result-sahraeian2022-dragen-wgs-indel-wgs-ll-t-1-wgs-ll-n-1,somatic-neusomatic-20261010-source-sahraeian2022-additional-file-2,"Additional file 2 Table S2, INDELs section, row 'WGS_LL_T_1 vs WGS_LL_N_1', column 'DRAGEN'",82.6,result
somatic-neusomatic-20261010-result-sahraeian2022-dragen-wgs-indel-wgs-nc-t-1-wgs-nc-n-1,somatic-neusomatic-20261010-source-sahraeian2022-additional-file-2,"Additional file 2 Table S2, INDELs section, row 'WGS_NC_T_1 vs WGS_NC_N_1', column 'DRAGEN'",83.0,result
somatic-neusomatic-20261010-result-sahraeian2022-dragen-wgs-indel-wgs-ns-t-1-wgs-ns-n-1,somatic-neusomatic-20261010-source-sahraeian2022-additional-file-2,"Additional file 2 Table S2, INDELs section, row 'WGS_NS_T_1 vs WGS_NS_N_1', column 'DRAGEN'",81.1,result
somatic-neusomatic-20261010-result-sahraeian2022-dragen-wgs-indel-wgs-ns-t-2-wgs-ns-n-2,somatic-neusomatic-20261010-source-sahraeian2022-additional-file-2,"Additional file 2 Table S2, INDELs section, row 'WGS_NS_T_2 vs WGS_NS_N_2', column 'DRAGEN'",80.9,result
somatic-neusomatic-20261010-result-sahraeian2022-dragen-wgs-indel-wgs-ns-t-3-wgs-ns-n-3,somatic-neusomatic-20261010-source-sahraeian2022-additional-file-2,"Additional file 2 Table S2, INDELs section, row 'WGS_NS_T_3 vs WGS_NS_N_3', column 'DRAGEN'",80.2,result
somatic-neusomatic-20261010-result-sahraeian2022-dragen-wgs-indel-wgs-ns-t-4-wgs-ns-n-4,somatic-neusomatic-20261010-source-sahraeian2022-additional-file-2,"Additional file 2 Table S2, INDELs section, row 'WGS_NS_T_4 vs WGS_NS_N_4', column 'DRAGEN'",81.6,result
somatic-neusomatic-20261010-result-sahraeian2022-dragen-wgs-indel-wgs-ns-t-5-wgs-ns-n-5,somatic-neusomatic-20261010-source-sahraeian2022-additional-file-2,"Additional file 2 Table S2, INDELs section, row 'WGS_NS_T_5 vs WGS_NS_N_5', column 'DRAGEN'",79.4,result
somatic-neusomatic-20261010-result-sahraeian2022-dragen-wgs-indel-wgs-ns-t-6-wgs-ns-n-6,somatic-neusomatic-20261010-source-sahraeian2022-additional-file-2,"Additional file 2 Table S2, INDELs section, row 'WGS_NS_T_6 vs WGS_NS_N_6', column 'DRAGEN'",81.4,result
somatic-neusomatic-20261010-result-sahraeian2022-dragen-wgs-indel-wgs-ns-t-7-wgs-ns-n-7,somatic-neusomatic-20261010-source-sahraeian2022-additional-file-2,"Additional file 2 Table S2, INDELs section, row 'WGS_NS_T_7 vs WGS_NS_N_7', column 'DRAGEN'",80.3,result
somatic-neusomatic-20261010-result-sahraeian2022-dragen-wgs-indel-wgs-ns-t-8-wgs-ns-n-8,somatic-neusomatic-20261010-source-sahraeian2022-additional-file-2,"Additional file 2 Table S2, INDELs section, row 'WGS_NS_T_8 vs WGS_NS_N_8', column 'DRAGEN'",79.9,result
somatic-neusomatic-20261010-result-sahraeian2022-dragen-wgs-indel-wgs-ns-t-9-wgs-ns-n-9,somatic-neusomatic-20261010-source-sahraeian2022-additional-file-2,"Additional file 2 Table S2, INDELs section, row 'WGS_NS_T_9 vs WGS_NS_N_9', column 'DRAGEN'",81.1,result
somatic-neusomatic-20261010-result-sahraeian2022-dragen-wgs-indel-wgs-nv-t-1-wgs-nv-n-1,somatic-neusomatic-20261010-source-sahraeian2022-additional-file-2,"Additional file 2 Table S2, INDELs section, row 'WGS_NV_T_1 vs WGS_NV_N_1', column 'DRAGEN'",84.6,result
somatic-neusomatic-20261010-result-sahraeian2022-dragen-wgs-indel-wgs-nv-t-2-wgs-nv-n-2,somatic-neusomatic-20261010-source-sahraeian2022-additional-file-2,"Additional file 2 Table S2, INDELs section, row 'WGS_NV_T_2 vs WGS_NV_N_2', column 'DRAGEN'",83.8,result
somatic-neusomatic-20261010-result-sahraeian2022-dragen-wgs-indel-wgs-nv-t-3-wgs-nv-n-3,somatic-neusomatic-20261010-source-sahraeian2022-additional-file-2,"Additional file 2 Table S2, INDELs section, row 'WGS_NV_T_3 vs WGS_NV_N_3', column 'DRAGEN'",85.2,result
somatic-neusomatic-20261010-result-sahraeian2022-dragen-wgs-snv-average,somatic-neusomatic-20261010-source-sahraeian2022-additional-file-2,"Additional file 2 Table S2, SNVs section, row 'Average', column 'DRAGEN'",92.3,result
somatic-neusomatic-20261010-result-sahraeian2022-dragen-wgs-snv-wgs-ea-t-1-wgs-ea-n-1,somatic-neusomatic-20261010-source-sahraeian2022-additional-file-2,"Additional file 2 Table S2, SNVs section, row 'WGS_EA_T_1 vs WGS_EA_N_1', column 'DRAGEN'",93.8,result
somatic-neusomatic-20261010-result-sahraeian2022-dragen-wgs-snv-wgs-fd-t-1-wgs-fd-n-1,somatic-neusomatic-20261010-source-sahraeian2022-additional-file-2,"Additional file 2 Table S2, SNVs section, row 'WGS_FD_T_1 vs WGS_FD_N_1', column 'DRAGEN'",91.3,result
somatic-neusomatic-20261010-result-sahraeian2022-dragen-wgs-snv-wgs-fd-t-2-wgs-fd-n-2,somatic-neusomatic-20261010-source-sahraeian2022-additional-file-2,"Additional file 2 Table S2, SNVs section, row 'WGS_FD_T_2 vs WGS_FD_N_2', column 'DRAGEN'",91.8,result
somatic-neusomatic-20261010-result-sahraeian2022-dragen-wgs-snv-wgs-fd-t-3-wgs-fd-n-3,somatic-neusomatic-20261010-source-sahraeian2022-additional-file-2,"Additional file 2 Table S2, SNVs section, row 'WGS_FD_T_3 vs WGS_FD_N_3', column 'DRAGEN'",91.7,result
somatic-neusomatic-20261010-result-sahraeian2022-dragen-wgs-snv-wgs-il-t-1-wgs-il-n-1,somatic-neusomatic-20261010-source-sahraeian2022-additional-file-2,"Additional file 2 Table S2, SNVs section, row 'WGS_IL_T_1 vs WGS_IL_N_1', column 'DRAGEN'",94.6,result
somatic-neusomatic-20261010-result-sahraeian2022-dragen-wgs-snv-wgs-il-t-2-wgs-il-n-2,somatic-neusomatic-20261010-source-sahraeian2022-additional-file-2,"Additional file 2 Table S2, SNVs section, row 'WGS_IL_T_2 vs WGS_IL_N_2', column 'DRAGEN'",92.9,result
somatic-neusomatic-20261010-result-sahraeian2022-dragen-wgs-snv-wgs-il-t-3-wgs-il-n-3,somatic-neusomatic-20261010-source-sahraeian2022-additional-file-2,"Additional file 2 Table S2, SNVs section, row 'WGS_IL_T_3 vs WGS_IL_N_3', column 'DRAGEN'",92.9,result
somatic-neusomatic-20261010-result-sahraeian2022-dragen-wgs-snv-wgs-ll-t-1-wgs-ll-n-1,somatic-neusomatic-20261010-source-sahraeian2022-additional-file-2,"Additional file 2 Table S2, SNVs section, row 'WGS_LL_T_1 vs WGS_LL_N_1', column 'DRAGEN'",91.3,result
somatic-neusomatic-20261010-result-sahraeian2022-dragen-wgs-snv-wgs-nc-t-1-wgs-nc-n-1,somatic-neusomatic-20261010-source-sahraeian2022-additional-file-2,"Additional file 2 Table S2, SNVs section, row 'WGS_NC_T_1 vs WGS_NC_N_1', column 'DRAGEN'",91.4,result
somatic-neusomatic-20261010-result-sahraeian2022-dragen-wgs-snv-wgs-ns-t-1-wgs-ns-n-1,somatic-neusomatic-20261010-source-sahraeian2022-additional-file-2,"Additional file 2 Table S2, SNVs section, row 'WGS_NS_T_1 vs WGS_NS_N_1', column 'DRAGEN'",92.7,result
somatic-neusomatic-20261010-result-sahraeian2022-dragen-wgs-snv-wgs-ns-t-2-wgs-ns-n-2,somatic-neusomatic-20261010-source-sahraeian2022-additional-file-2,"Additional file 2 Table S2, SNVs section, row 'WGS_NS_T_2 vs WGS_NS_N_2', column 'DRAGEN'",89.8,result
somatic-neusomatic-20261010-result-sahraeian2022-dragen-wgs-snv-wgs-ns-t-3-wgs-ns-n-3,somatic-neusomatic-20261010-source-sahraeian2022-additional-file-2,"Additional file 2 Table S2, SNVs section, row 'WGS_NS_T_3 vs WGS_NS_N_3', column 'DRAGEN'",91.2,result
somatic-neusomatic-20261010-result-sahraeian2022-dragen-wgs-snv-wgs-ns-t-4-wgs-ns-n-4,somatic-neusomatic-20261010-source-sahraeian2022-additional-file-2,"Additional file 2 Table S2, SNVs section, row 'WGS_NS_T_4 vs WGS_NS_N_4', column 'DRAGEN'",92.3,result
somatic-neusomatic-20261010-result-sahraeian2022-dragen-wgs-snv-wgs-ns-t-5-wgs-ns-n-5,somatic-neusomatic-20261010-source-sahraeian2022-additional-file-2,"Additional file 2 Table S2, SNVs section, row 'WGS_NS_T_5 vs WGS_NS_N_5', column 'DRAGEN'",89.6,result
somatic-neusomatic-20261010-result-sahraeian2022-dragen-wgs-snv-wgs-ns-t-6-wgs-ns-n-6,somatic-neusomatic-20261010-source-sahraeian2022-additional-file-2,"Additional file 2 Table S2, SNVs section, row 'WGS_NS_T_6 vs WGS_NS_N_6', column 'DRAGEN'",92.8,result
somatic-neusomatic-20261010-result-sahraeian2022-dragen-wgs-snv-wgs-ns-t-7-wgs-ns-n-7,somatic-neusomatic-20261010-source-sahraeian2022-additional-file-2,"Additional file 2 Table S2, SNVs section, row 'WGS_NS_T_7 vs WGS_NS_N_7', column 'DRAGEN'",90.7,result
somatic-neusomatic-20261010-result-sahraeian2022-dragen-wgs-snv-wgs-ns-t-8-wgs-ns-n-8,somatic-neusomatic-20261010-source-sahraeian2022-additional-file-2,"Additional file 2 Table S2, SNVs section, row 'WGS_NS_T_8 vs WGS_NS_N_8', column 'DRAGEN'",89.8,result
somatic-neusomatic-20261010-result-sahraeian2022-dragen-wgs-snv-wgs-ns-t-9-wgs-ns-n-9,somatic-neusomatic-20261010-source-sahraeian2022-additional-file-2,"Additional file 2 Table S2, SNVs section, row 'WGS_NS_T_9 vs WGS_NS_N_9', column 'DRAGEN'",90.8,result
somatic-neusomatic-20261010-result-sahraeian2022-dragen-wgs-snv-wgs-nv-t-1-wgs-nv-n-1,somatic-neusomatic-20261010-source-sahraeian2022-additional-file-2,"Additional file 2 Table S2, SNVs section, row 'WGS_NV_T_1 vs WGS_NV_N_1', column 'DRAGEN'",95.9,result
somatic-neusomatic-20261010-result-sahraeian2022-dragen-wgs-snv-wgs-nv-t-2-wgs-nv-n-2,somatic-neusomatic-20261010-source-sahraeian2022-additional-file-2,"Additional file 2 Table S2, SNVs section, row 'WGS_NV_T_2 vs WGS_NV_N_2', column 'DRAGEN'",95.9,result
somatic-neusomatic-20261010-result-sahraeian2022-dragen-wgs-snv-wgs-nv-t-3-wgs-nv-n-3,somatic-neusomatic-20261010-source-sahraeian2022-additional-file-2,"Additional file 2 Table S2, SNVs section, row 'WGS_NV_T_3 vs WGS_NV_N_3', column 'DRAGEN'",95.7,result
somatic-neusomatic-20261010-result-sahraeian2022-lancet-library-prep-indel-average,somatic-neusomatic-20261010-source-sahraeian2022-additional-file-2,"Additional file 2 Table S4, INDELs section, row 'Average', column 'Lancet'",67.4,result
somatic-neusomatic-20261010-result-sahraeian2022-lancet-library-prep-indel-lbp-nextera-t-100ng-lbp-nextera-n-100ng,somatic-neusomatic-20261010-source-sahraeian2022-additional-file-2,"Additional file 2 Table S4, INDELs section, row 'LBP_Nextera_T_100ng vs LBP_Nextera_N_100ng', column 'Lancet'",80.3,result
somatic-neusomatic-20261010-result-sahraeian2022-lancet-library-prep-indel-lbp-nextera-t-10ng-lbp-nextera-n-10ng,somatic-neusomatic-20261010-source-sahraeian2022-additional-file-2,"Additional file 2 Table S4, INDELs section, row 'LBP_Nextera_T_10ng vs LBP_Nextera_N_10ng', column 'Lancet'",80.2,result
somatic-neusomatic-20261010-result-sahraeian2022-lancet-library-prep-indel-lbp-nextera-t-1ng-lbp-nextera-n-1ng,somatic-neusomatic-20261010-source-sahraeian2022-additional-file-2,"Additional file 2 Table S4, INDELs section, row 'LBP_Nextera_T_1ng vs LBP_Nextera_N_1ng', column 'Lancet'",76.2,result
somatic-neusomatic-20261010-result-sahraeian2022-lancet-library-prep-indel-lbp-truseq-t-100ng-lbp-truseq-n-100ng,somatic-neusomatic-20261010-source-sahraeian2022-additional-file-2,"Additional file 2 Table S4, INDELs section, row 'LBP_TruSeq_T_100ng vs LBP_TruSeq_N_100ng', column 'Lancet'",78.1,result
somatic-neusomatic-20261010-result-sahraeian2022-lancet-library-prep-indel-lbp-truseq-t-10ng-lbp-truseq-n-10ng,somatic-neusomatic-20261010-source-sahraeian2022-additional-file-2,"Additional file 2 Table S4, INDELs section, row 'LBP_TruSeq_T_10ng vs LBP_TruSeq_N_10ng', column 'Lancet'",72.7,result
somatic-neusomatic-20261010-result-sahraeian2022-lancet-library-prep-indel-lbp-truseq-t-1ng-lbp-truseq-n-1ng,somatic-neusomatic-20261010-source-sahraeian2022-additional-file-2,"Additional file 2 Table S4, INDELs section, row 'LBP_TruSeq_T_1ng vs LBP_TruSeq_N_1ng', column 'Lancet'",17.0,result
somatic-neusomatic-20261010-result-sahraeian2022-lancet-library-prep-snv-average,somatic-neusomatic-20261010-source-sahraeian2022-additional-file-2,"Additional file 2 Table S4, SNVs section, row 'Average', column 'Lancet'",75.1,result
somatic-neusomatic-20261010-result-sahraeian2022-lancet-library-prep-snv-lbp-nextera-t-100ng-lbp-nextera-n-100ng,somatic-neusomatic-20261010-source-sahraeian2022-additional-file-2,"Additional file 2 Table S4, SNVs section, row 'LBP_Nextera_T_100ng vs LBP_Nextera_N_100ng', column 'Lancet'",88.7,result
somatic-neusomatic-20261010-result-sahraeian2022-lancet-library-prep-snv-lbp-nextera-t-10ng-lbp-nextera-n-10ng,somatic-neusomatic-20261010-source-sahraeian2022-additional-file-2,"Additional file 2 Table S4, SNVs section, row 'LBP_Nextera_T_10ng vs LBP_Nextera_N_10ng', column 'Lancet'",90.3,result
somatic-neusomatic-20261010-result-sahraeian2022-lancet-library-prep-snv-lbp-nextera-t-1ng-lbp-nextera-n-1ng,somatic-neusomatic-20261010-source-sahraeian2022-additional-file-2,"Additional file 2 Table S4, SNVs section, row 'LBP_Nextera_T_1ng vs LBP_Nextera_N_1ng', column 'Lancet'",85.6,result
somatic-neusomatic-20261010-result-sahraeian2022-lancet-library-prep-snv-lbp-truseq-t-100ng-lbp-truseq-n-100ng,somatic-neusomatic-20261010-source-sahraeian2022-additional-file-2,"Additional file 2 Table S4, SNVs section, row 'LBP_TruSeq_T_100ng vs LBP_TruSeq_N_100ng', column 'Lancet'",86.3,result
somatic-neusomatic-20261010-result-sahraeian2022-lancet-library-prep-snv-lbp-truseq-t-10ng-lbp-truseq-n-10ng,somatic-neusomatic-20261010-source-sahraeian2022-additional-file-2,"Additional file 2 Table S4, SNVs section, row 'LBP_TruSeq_T_10ng vs LBP_TruSeq_N_10ng', column 'Lancet'",80.8,result
somatic-neusomatic-20261010-result-sahraeian2022-lancet-library-prep-snv-lbp-truseq-t-1ng-lbp-truseq-n-1ng,somatic-neusomatic-20261010-source-sahraeian2022-additional-file-2,"Additional file 2 Table S4, SNVs section, row 'LBP_TruSeq_T_1ng vs LBP_TruSeq_N_1ng', column 'Lancet'",18.8,result
somatic-neusomatic-20261010-result-sahraeian2022-lancet-titration-indel-average,somatic-neusomatic-20261010-source-sahraeian2022-additional-file-2,"Additional file 2 Table S3, INDELs section, row 'Average', column 'Lancet'",51.7,result
somatic-neusomatic-20261010-result-sahraeian2022-lancet-titration-indel-spp-100x-10-t-spp-100x-100-n,somatic-neusomatic-20261010-source-sahraeian2022-additional-file-2,"Additional file 2 Table S3, INDELs section, row 'SPP_100x_10%T vs SPP_100x_100%N', column 'Lancet'",48.6,result
somatic-neusomatic-20261010-result-sahraeian2022-lancet-titration-indel-spp-100x-100-t-spp-100x-100-n,somatic-neusomatic-20261010-source-sahraeian2022-additional-file-2,"Additional file 2 Table S3, INDELs section, row 'SPP_100x_100%T vs SPP_100x_100%N', column 'Lancet'",79.5,result
somatic-neusomatic-20261010-result-sahraeian2022-lancet-titration-indel-spp-100x-20-t-spp-100x-100-n,somatic-neusomatic-20261010-source-sahraeian2022-additional-file-2,"Additional file 2 Table S3, INDELs section, row 'SPP_100x_20%T vs SPP_100x_100%N', column 'Lancet'",70.5,result
somatic-neusomatic-20261010-result-sahraeian2022-lancet-titration-indel-spp-100x-5-t-spp-100x-100-n,somatic-neusomatic-20261010-source-sahraeian2022-additional-file-2,"Additional file 2 Table S3, INDELs section, row 'SPP_100x_5%T vs SPP_100x_100%N', column 'Lancet'",25.5,result
somatic-neusomatic-20261010-result-sahraeian2022-lancet-titration-indel-spp-100x-50-t-spp-100x-100-n,somatic-neusomatic-20261010-source-sahraeian2022-additional-file-2,"Additional file 2 Table S3, INDELs section, row 'SPP_100x_50%T vs SPP_100x_100%N', column 'Lancet'",78.5,result
somatic-neusomatic-20261010-result-sahraeian2022-lancet-titration-indel-spp-100x-75-t-spp-100x-100-n,somatic-neusomatic-20261010-source-sahraeian2022-additional-file-2,"Additional file 2 Table S3, INDELs section, row 'SPP_100x_75%T vs SPP_100x_100%N', column 'Lancet'",80.7,result
somatic-neusomatic-20261010-result-sahraeian2022-lancet-titration-indel-spp-10x-10-t-spp-10x-100-n,somatic-neusomatic-20261010-source-sahraeian2022-additional-file-2,"Additional file 2 Table S3, INDELs section, row 'SPP_10x_10%T vs SPP_10x_100%N', column 'Lancet'",0.3,result
somatic-neusomatic-20261010-result-sahraeian2022-lancet-titration-indel-spp-10x-100-t-spp-10x-100-n,somatic-neusomatic-20261010-source-sahraeian2022-additional-file-2,"Additional file 2 Table S3, INDELs section, row 'SPP_10x_100%T vs SPP_10x_100%N', column 'Lancet'",33.2,result
somatic-neusomatic-20261010-result-sahraeian2022-lancet-titration-indel-spp-10x-20-t-spp-10x-100-n,somatic-neusomatic-20261010-source-sahraeian2022-additional-file-2,"Additional file 2 Table S3, INDELs section, row 'SPP_10x_20%T vs SPP_10x_100%N', column 'Lancet'",3.1,result
somatic-neusomatic-20261010-result-sahraeian2022-lancet-titration-indel-spp-10x-5-t-spp-10x-100-n,somatic-neusomatic-20261010-source-sahraeian2022-additional-file-2,"Additional file 2 Table S3, INDELs section, row 'SPP_10x_5%T vs SPP_10x_100%N', column 'Lancet'",0.0,result
somatic-neusomatic-20261010-result-sahraeian2022-lancet-titration-indel-spp-10x-50-t-spp-10x-100-n,somatic-neusomatic-20261010-source-sahraeian2022-additional-file-2,"Additional file 2 Table S3, INDELs section, row 'SPP_10x_50%T vs SPP_10x_100%N', column 'Lancet'",17.3,result
somatic-neusomatic-20261010-result-sahraeian2022-lancet-titration-indel-spp-10x-75-t-spp-10x-100-n,somatic-neusomatic-20261010-source-sahraeian2022-additional-file-2,"Additional file 2 Table S3, INDELs section, row 'SPP_10x_75%T vs SPP_10x_100%N', column 'Lancet'",29.8,result
somatic-neusomatic-20261010-result-sahraeian2022-lancet-titration-indel-spp-200x-10-t-spp-200x-100-n,somatic-neusomatic-20261010-source-sahraeian2022-additional-file-2,"Additional file 2 Table S3, INDELs section, row 'SPP_200x_10%T vs SPP_200x_100%N', column 'Lancet'",70.6,result
somatic-neusomatic-20261010-result-sahraeian2022-lancet-titration-indel-spp-200x-100-t-spp-200x-100-n,somatic-neusomatic-20261010-source-sahraeian2022-additional-file-2,"Additional file 2 Table S3, INDELs section, row 'SPP_200x_100%T vs SPP_200x_100%N', column 'Lancet'",77.3,result
somatic-neusomatic-20261010-result-sahraeian2022-lancet-titration-indel-spp-200x-20-t-spp-200x-100-n,somatic-neusomatic-20261010-source-sahraeian2022-additional-file-2,"Additional file 2 Table S3, INDELs section, row 'SPP_200x_20%T vs SPP_200x_100%N', column 'Lancet'",76.9,result
somatic-neusomatic-20261010-result-sahraeian2022-lancet-titration-indel-spp-200x-5-t-spp-200x-100-n,somatic-neusomatic-20261010-source-sahraeian2022-additional-file-2,"Additional file 2 Table S3, INDELs section, row 'SPP_200x_5%T vs SPP_200x_100%N', column 'Lancet'",52.5,result
somatic-neusomatic-20261010-result-sahraeian2022-lancet-titration-indel-spp-200x-50-t-spp-200x-100-n,somatic-neusomatic-20261010-source-sahraeian2022-additional-file-2,"Additional file 2 Table S3, INDELs section, row 'SPP_200x_50%T vs SPP_200x_100%N', column 'Lancet'",78.2,result
somatic-neusomatic-20261010-result-sahraeian2022-lancet-titration-indel-spp-200x-75-t-spp-200x-100-n,somatic-neusomatic-20261010-source-sahraeian2022-additional-file-2,"Additional file 2 Table S3, INDELs section, row 'SPP_200x_75%T vs SPP_200x_100%N', column 'Lancet'",77.6,result
somatic-neusomatic-20261010-result-sahraeian2022-lancet-titration-indel-spp-300x-10-t-spp-300x-100-n,somatic-neusomatic-20261010-source-sahraeian2022-additional-file-2,"Additional file 2 Table S3, INDELs section, row 'SPP_300x_10%T vs SPP_300x_100%N', column 'Lancet'",73.3,result
somatic-neusomatic-20261010-result-sahraeian2022-lancet-titration-indel-spp-300x-100-t-spp-300x-100-n,somatic-neusomatic-20261010-source-sahraeian2022-additional-file-2,"Additional file 2 Table S3, INDELs section, row 'SPP_300x_100%T vs SPP_300x_100%N', column 'Lancet'",76.2,result
somatic-neusomatic-20261010-result-sahraeian2022-lancet-titration-indel-spp-300x-20-t-spp-300x-100-n,somatic-neusomatic-20261010-source-sahraeian2022-additional-file-2,"Additional file 2 Table S3, INDELs section, row 'SPP_300x_20%T vs SPP_300x_100%N', column 'Lancet'",77.0,result
somatic-neusomatic-20261010-result-sahraeian2022-lancet-titration-indel-spp-300x-5-t-spp-300x-100-n,somatic-neusomatic-20261010-source-sahraeian2022-additional-file-2,"Additional file 2 Table S3, INDELs section, row 'SPP_300x_5%T vs SPP_300x_100%N', column 'Lancet'",62.3,result
somatic-neusomatic-20261010-result-sahraeian2022-lancet-titration-indel-spp-300x-50-t-spp-300x-100-n,somatic-neusomatic-20261010-source-sahraeian2022-additional-file-2,"Additional file 2 Table S3, INDELs section, row 'SPP_300x_50%T vs SPP_300x_100%N', column 'Lancet'",77.2,result
somatic-neusomatic-20261010-result-sahraeian2022-lancet-titration-indel-spp-300x-75-t-spp-300x-100-n,somatic-neusomatic-20261010-source-sahraeian2022-additional-file-2,"Additional file 2 Table S3, INDELs section, row 'SPP_300x_75%T vs SPP_300x_100%N', column 'Lancet'",77.1,result
somatic-neusomatic-20261010-result-sahraeian2022-lancet-titration-indel-spp-30x-10-t-spp-30x-100-n,somatic-neusomatic-20261010-source-sahraeian2022-additional-file-2,"Additional file 2 Table S3, INDELs section, row 'SPP_30x_10%T vs SPP_30x_100%N', column 'Lancet'",11.2,result
somatic-neusomatic-20261010-result-sahraeian2022-lancet-titration-indel-spp-30x-100-t-spp-30x-100-n,somatic-neusomatic-20261010-source-sahraeian2022-additional-file-2,"Additional file 2 Table S3, INDELs section, row 'SPP_30x_100%T vs SPP_30x_100%N', column 'Lancet'",75.7,result
somatic-neusomatic-20261010-result-sahraeian2022-lancet-titration-indel-spp-30x-20-t-spp-30x-100-n,somatic-neusomatic-20261010-source-sahraeian2022-additional-file-2,"Additional file 2 Table S3, INDELs section, row 'SPP_30x_20%T vs SPP_30x_100%N', column 'Lancet'",33.8,result
somatic-neusomatic-20261010-result-sahraeian2022-lancet-titration-indel-spp-30x-5-t-spp-30x-100-n,somatic-neusomatic-20261010-source-sahraeian2022-additional-file-2,"Additional file 2 Table S3, INDELs section, row 'SPP_30x_5%T vs SPP_30x_100%N', column 'Lancet'",2.7,result
somatic-neusomatic-20261010-result-sahraeian2022-lancet-titration-indel-spp-30x-50-t-spp-30x-100-n,somatic-neusomatic-20261010-source-sahraeian2022-additional-file-2,"Additional file 2 Table S3, INDELs section, row 'SPP_30x_50%T vs SPP_30x_100%N', column 'Lancet'",64.5,result
somatic-neusomatic-20261010-result-sahraeian2022-lancet-titration-indel-spp-30x-75-t-spp-30x-100-n,somatic-neusomatic-20261010-source-sahraeian2022-additional-file-2,"Additional file 2 Table S3, INDELs section, row 'SPP_30x_75%T vs SPP_30x_100%N', column 'Lancet'",74.9,result
somatic-neusomatic-20261010-result-sahraeian2022-lancet-titration-indel-spp-50x-10-t-spp-50x-100-n,somatic-neusomatic-20261010-source-sahraeian2022-additional-file-2,"Additional file 2 Table S3, INDELs section, row 'SPP_50x_10%T vs SPP_50x_100%N', column 'Lancet'",25.4,result
somatic-neusomatic-20261010-result-sahraeian2022-lancet-titration-indel-spp-50x-100-t-spp-50x-100-n,somatic-neusomatic-20261010-source-sahraeian2022-additional-file-2,"Additional file 2 Table S3, INDELs section, row 'SPP_50x_100%T vs SPP_50x_100%N', column 'Lancet'",78.7,result
somatic-neusomatic-20261010-result-sahraeian2022-lancet-titration-indel-spp-50x-20-t-spp-50x-100-n,somatic-neusomatic-20261010-source-sahraeian2022-additional-file-2,"Additional file 2 Table S3, INDELs section, row 'SPP_50x_20%T vs SPP_50x_100%N', column 'Lancet'",52.7,result
somatic-neusomatic-20261010-result-sahraeian2022-lancet-titration-indel-spp-50x-5-t-spp-50x-100-n,somatic-neusomatic-20261010-source-sahraeian2022-additional-file-2,"Additional file 2 Table S3, INDELs section, row 'SPP_50x_5%T vs SPP_50x_100%N', column 'Lancet'",8.5,result
somatic-neusomatic-20261010-result-sahraeian2022-lancet-titration-indel-spp-50x-50-t-spp-50x-100-n,somatic-neusomatic-20261010-source-sahraeian2022-additional-file-2,"Additional file 2 Table S3, INDELs section, row 'SPP_50x_50%T vs SPP_50x_100%N', column 'Lancet'",75.6,result
somatic-neusomatic-20261010-result-sahraeian2022-lancet-titration-indel-spp-50x-75-t-spp-50x-100-n,somatic-neusomatic-20261010-source-sahraeian2022-additional-file-2,"Additional file 2 Table S3, INDELs section, row 'SPP_50x_75%T vs SPP_50x_100%N', column 'Lancet'",79.0,result
somatic-neusomatic-20261010-result-sahraeian2022-lancet-titration-indel-spp-80x-10-t-spp-80x-100-n,somatic-neusomatic-20261010-source-sahraeian2022-additional-file-2,"Additional file 2 Table S3, INDELs section, row 'SPP_80x_10%T vs SPP_80x_100%N', column 'Lancet'",42.3,result
somatic-neusomatic-20261010-result-sahraeian2022-lancet-titration-indel-spp-80x-10-t-spp-80x-95-n,somatic-neusomatic-20261010-source-sahraeian2022-additional-file-2,"Additional file 2 Table S3, INDELs section, row 'SPP_80x_10%T vs SPP_80x_95%N', column 'Lancet'",10.2,result
somatic-neusomatic-20261010-result-sahraeian2022-lancet-titration-indel-spp-80x-100-t-spp-80x-100-n,somatic-neusomatic-20261010-source-sahraeian2022-additional-file-2,"Additional file 2 Table S3, INDELs section, row 'SPP_80x_100%T vs SPP_80x_100%N', column 'Lancet'",80.0,result
somatic-neusomatic-20261010-result-sahraeian2022-lancet-titration-indel-spp-80x-100-t-spp-80x-95-n,somatic-neusomatic-20261010-source-sahraeian2022-additional-file-2,"Additional file 2 Table S3, INDELs section, row 'SPP_80x_100%T vs SPP_80x_95%N', column 'Lancet'",38.9,result
somatic-neusomatic-20261010-result-sahraeian2022-lancet-titration-indel-spp-80x-20-t-spp-80x-100-n,somatic-neusomatic-20261010-source-sahraeian2022-additional-file-2,"Additional file 2 Table S3, INDELs section, row 'SPP_80x_20%T vs SPP_80x_100%N', column 'Lancet'",64.9,result
somatic-neusomatic-20261010-result-sahraeian2022-lancet-titration-indel-spp-80x-20-t-spp-80x-95-n,somatic-neusomatic-20261010-source-sahraeian2022-additional-file-2,"Additional file 2 Table S3, INDELs section, row 'SPP_80x_20%T vs SPP_80x_95%N', column 'Lancet'",19.5,result
somatic-neusomatic-20261010-result-sahraeian2022-lancet-titration-indel-spp-80x-5-t-spp-80x-100-n,somatic-neusomatic-20261010-source-sahraeian2022-additional-file-2,"Additional file 2 Table S3, INDELs section, row 'SPP_80x_5%T vs SPP_80x_100%N', column 'Lancet'",19.7,result
somatic-neusomatic-20261010-result-sahraeian2022-lancet-titration-indel-spp-80x-50-t-spp-80x-100-n,somatic-neusomatic-20261010-source-sahraeian2022-additional-file-2,"Additional file 2 Table S3, INDELs section, row 'SPP_80x_50%T vs SPP_80x_100%N', column 'Lancet'",79.0,result
somatic-neusomatic-20261010-result-sahraeian2022-lancet-titration-indel-spp-80x-50-t-spp-80x-95-n,somatic-neusomatic-20261010-source-sahraeian2022-additional-file-2,"Additional file 2 Table S3, INDELs section, row 'SPP_80x_50%T vs SPP_80x_95%N', column 'Lancet'",33.5,result
somatic-neusomatic-20261010-result-sahraeian2022-lancet-titration-indel-spp-80x-75-t-spp-80x-100-n,somatic-neusomatic-20261010-source-sahraeian2022-additional-file-2,"Additional file 2 Table S3, INDELs section, row 'SPP_80x_75%T vs SPP_80x_100%N', column 'Lancet'",80.4,result
somatic-neusomatic-20261010-result-sahraeian2022-lancet-titration-indel-spp-80x-75-t-spp-80x-95-n,somatic-neusomatic-20261010-source-sahraeian2022-additional-file-2,"Additional file 2 Table S3, INDELs section, row 'SPP_80x_75%T vs SPP_80x_95%N', column 'Lancet'",37.6,result
somatic-neusomatic-20261010-result-sahraeian2022-lancet-titration-snv-average,somatic-neusomatic-20261010-source-sahraeian2022-additional-file-2,"Additional file 2 Table S3, SNVs section, row 'Average', column 'Lancet'",58.2,result
somatic-neusomatic-20261010-result-sahraeian2022-lancet-titration-snv-spp-100x-10-t-spp-100x-100-n,somatic-neusomatic-20261010-source-sahraeian2022-additional-file-2,"Additional file 2 Table S3, SNVs section, row 'SPP_100x_10%T vs SPP_100x_100%N', column 'Lancet'",52.5,result
somatic-neusomatic-20261010-result-sahraeian2022-lancet-titration-snv-spp-100x-100-t-spp-100x-100-n,somatic-neusomatic-20261010-source-sahraeian2022-additional-file-2,"Additional file 2 Table S3, SNVs section, row 'SPP_100x_100%T vs SPP_100x_100%N', column 'Lancet'",94.6,result
somatic-neusomatic-20261010-result-sahraeian2022-lancet-titration-snv-spp-100x-20-t-spp-100x-100-n,somatic-neusomatic-20261010-source-sahraeian2022-additional-file-2,"Additional file 2 Table S3, SNVs section, row 'SPP_100x_20%T vs SPP_100x_100%N', column 'Lancet'",75.7,result
somatic-neusomatic-20261010-result-sahraeian2022-lancet-titration-snv-spp-100x-5-t-spp-100x-100-n,somatic-neusomatic-20261010-source-sahraeian2022-additional-file-2,"Additional file 2 Table S3, SNVs section, row 'SPP_100x_5%T vs SPP_100x_100%N', column 'Lancet'",24.6,result
somatic-neusomatic-20261010-result-sahraeian2022-lancet-titration-snv-spp-100x-50-t-spp-100x-100-n,somatic-neusomatic-20261010-source-sahraeian2022-additional-file-2,"Additional file 2 Table S3, SNVs section, row 'SPP_100x_50%T vs SPP_100x_100%N', column 'Lancet'",89.0,result
somatic-neusomatic-20261010-result-sahraeian2022-lancet-titration-snv-spp-100x-75-t-spp-100x-100-n,somatic-neusomatic-20261010-source-sahraeian2022-additional-file-2,"Additional file 2 Table S3, SNVs section, row 'SPP_100x_75%T vs SPP_100x_100%N', column 'Lancet'",92.7,result
somatic-neusomatic-20261010-result-sahraeian2022-lancet-titration-snv-spp-10x-10-t-spp-10x-100-n,somatic-neusomatic-20261010-source-sahraeian2022-additional-file-2,"Additional file 2 Table S3, SNVs section, row 'SPP_10x_10%T vs SPP_10x_100%N', column 'Lancet'",0.6,result
somatic-neusomatic-20261010-result-sahraeian2022-lancet-titration-snv-spp-10x-100-t-spp-10x-100-n,somatic-neusomatic-20261010-source-sahraeian2022-additional-file-2,"Additional file 2 Table S3, SNVs section, row 'SPP_10x_100%T vs SPP_10x_100%N', column 'Lancet'",34.6,result
somatic-neusomatic-20261010-result-sahraeian2022-lancet-titration-snv-spp-10x-20-t-spp-10x-100-n,somatic-neusomatic-20261010-source-sahraeian2022-additional-file-2,"Additional file 2 Table S3, SNVs section, row 'SPP_10x_20%T vs SPP_10x_100%N', column 'Lancet'",3.3,result
somatic-neusomatic-20261010-result-sahraeian2022-lancet-titration-snv-spp-10x-5-t-spp-10x-100-n,somatic-neusomatic-20261010-source-sahraeian2022-additional-file-2,"Additional file 2 Table S3, SNVs section, row 'SPP_10x_5%T vs SPP_10x_100%N', column 'Lancet'",0.1,result
somatic-neusomatic-20261010-result-sahraeian2022-lancet-titration-snv-spp-10x-50-t-spp-10x-100-n,somatic-neusomatic-20261010-source-sahraeian2022-additional-file-2,"Additional file 2 Table S3, SNVs section, row 'SPP_10x_50%T vs SPP_10x_100%N', column 'Lancet'",17.4,result
somatic-neusomatic-20261010-result-sahraeian2022-lancet-titration-snv-spp-10x-75-t-spp-10x-100-n,somatic-neusomatic-20261010-source-sahraeian2022-additional-file-2,"Additional file 2 Table S3, SNVs section, row 'SPP_10x_75%T vs SPP_10x_100%N', column 'Lancet'",27.9,result
somatic-neusomatic-20261010-result-sahraeian2022-lancet-titration-snv-spp-200x-10-t-spp-200x-100-n,somatic-neusomatic-20261010-source-sahraeian2022-additional-file-2,"Additional file 2 Table S3, SNVs section, row 'SPP_200x_10%T vs SPP_200x_100%N', column 'Lancet'",74.8,result
somatic-neusomatic-20261010-result-sahraeian2022-lancet-titration-snv-spp-200x-100-t-spp-200x-100-n,somatic-neusomatic-20261010-source-sahraeian2022-additional-file-2,"Additional file 2 Table S3, SNVs section, row 'SPP_200x_100%T vs SPP_200x_100%N', column 'Lancet'",96.2,result
somatic-neusomatic-20261010-result-sahraeian2022-lancet-titration-snv-spp-200x-20-t-spp-200x-100-n,somatic-neusomatic-20261010-source-sahraeian2022-additional-file-2,"Additional file 2 Table S3, SNVs section, row 'SPP_200x_20%T vs SPP_200x_100%N', column 'Lancet'",85.7,result
somatic-neusomatic-20261010-result-sahraeian2022-lancet-titration-snv-spp-200x-5-t-spp-200x-100-n,somatic-neusomatic-20261010-source-sahraeian2022-additional-file-2,"Additional file 2 Table S3, SNVs section, row 'SPP_200x_5%T vs SPP_200x_100%N', column 'Lancet'",54.6,result
somatic-neusomatic-20261010-result-sahraeian2022-lancet-titration-snv-spp-200x-50-t-spp-200x-100-n,somatic-neusomatic-20261010-source-sahraeian2022-additional-file-2,"Additional file 2 Table S3, SNVs section, row 'SPP_200x_50%T vs SPP_200x_100%N', column 'Lancet'",93.8,result
somatic-neusomatic-20261010-result-sahraeian2022-lancet-titration-snv-spp-200x-75-t-spp-200x-100-n,somatic-neusomatic-20261010-source-sahraeian2022-additional-file-2,"Additional file 2 Table S3, SNVs section, row 'SPP_200x_75%T vs SPP_200x_100%N', column 'Lancet'",95.2,result
somatic-neusomatic-20261010-result-sahraeian2022-lancet-titration-snv-spp-300x-10-t-spp-300x-100-n,somatic-neusomatic-20261010-source-sahraeian2022-additional-file-2,"Additional file 2 Table S3, SNVs section, row 'SPP_300x_10%T vs SPP_300x_100%N', column 'Lancet'",79.3,result
somatic-neusomatic-20261010-result-sahraeian2022-lancet-titration-snv-spp-300x-100-t-spp-300x-100-n,somatic-neusomatic-20261010-source-sahraeian2022-additional-file-2,"Additional file 2 Table S3, SNVs section, row 'SPP_300x_100%T vs SPP_300x_100%N', column 'Lancet'",96.3,result
somatic-neusomatic-20261010-result-sahraeian2022-lancet-titration-snv-spp-300x-20-t-spp-300x-100-n,somatic-neusomatic-20261010-source-sahraeian2022-additional-file-2,"Additional file 2 Table S3, SNVs section, row 'SPP_300x_20%T vs SPP_300x_100%N', column 'Lancet'",89.8,result
somatic-neusomatic-20261010-result-sahraeian2022-lancet-titration-snv-spp-300x-5-t-spp-300x-100-n,somatic-neusomatic-20261010-source-sahraeian2022-additional-file-2,"Additional file 2 Table S3, SNVs section, row 'SPP_300x_5%T vs SPP_300x_100%N', column 'Lancet'",66.4,result
somatic-neusomatic-20261010-result-sahraeian2022-lancet-titration-snv-spp-300x-50-t-spp-300x-100-n,somatic-neusomatic-20261010-source-sahraeian2022-additional-file-2,"Additional file 2 Table S3, SNVs section, row 'SPP_300x_50%T vs SPP_300x_100%N', column 'Lancet'",95.0,result
somatic-neusomatic-20261010-result-sahraeian2022-lancet-titration-snv-spp-300x-75-t-spp-300x-100-n,somatic-neusomatic-20261010-source-sahraeian2022-additional-file-2,"Additional file 2 Table S3, SNVs section, row 'SPP_300x_75%T vs SPP_300x_100%N', column 'Lancet'",95.9,result
somatic-neusomatic-20261010-result-sahraeian2022-lancet-titration-snv-spp-30x-10-t-spp-30x-100-n,somatic-neusomatic-20261010-source-sahraeian2022-additional-file-2,"Additional file 2 Table S3, SNVs section, row 'SPP_30x_10%T vs SPP_30x_100%N', column 'Lancet'",11.7,result
somatic-neusomatic-20261010-result-sahraeian2022-lancet-titration-snv-spp-30x-100-t-spp-30x-100-n,somatic-neusomatic-20261010-source-sahraeian2022-additional-file-2,"Additional file 2 Table S3, SNVs section, row 'SPP_30x_100%T vs SPP_30x_100%N', column 'Lancet'",83.8,result
somatic-neusomatic-20261010-result-sahraeian2022-lancet-titration-snv-spp-30x-20-t-spp-30x-100-n,somatic-neusomatic-20261010-source-sahraeian2022-additional-file-2,"Additional file 2 Table S3, SNVs section, row 'SPP_30x_20%T vs SPP_30x_100%N', column 'Lancet'",36.1,result
somatic-neusomatic-20261010-result-sahraeian2022-lancet-titration-snv-spp-30x-5-t-spp-30x-100-n,somatic-neusomatic-20261010-source-sahraeian2022-additional-file-2,"Additional file 2 Table S3, SNVs section, row 'SPP_30x_5%T vs SPP_30x_100%N', column 'Lancet'",2.4,result
somatic-neusomatic-20261010-result-sahraeian2022-lancet-titration-snv-spp-30x-50-t-spp-30x-100-n,somatic-neusomatic-20261010-source-sahraeian2022-additional-file-2,"Additional file 2 Table S3, SNVs section, row 'SPP_30x_50%T vs SPP_30x_100%N', column 'Lancet'",70.1,result
somatic-neusomatic-20261010-result-sahraeian2022-lancet-titration-snv-spp-30x-75-t-spp-30x-100-n,somatic-neusomatic-20261010-source-sahraeian2022-additional-file-2,"Additional file 2 Table S3, SNVs section, row 'SPP_30x_75%T vs SPP_30x_100%N', column 'Lancet'",80.0,result
somatic-neusomatic-20261010-result-sahraeian2022-lancet-titration-snv-spp-50x-10-t-spp-50x-100-n,somatic-neusomatic-20261010-source-sahraeian2022-additional-file-2,"Additional file 2 Table S3, SNVs section, row 'SPP_50x_10%T vs SPP_50x_100%N', column 'Lancet'",26.1,result
somatic-neusomatic-20261010-result-sahraeian2022-lancet-titration-snv-spp-50x-100-t-spp-50x-100-n,somatic-neusomatic-20261010-source-sahraeian2022-additional-file-2,"Additional file 2 Table S3, SNVs section, row 'SPP_50x_100%T vs SPP_50x_100%N', column 'Lancet'",89.4,result
somatic-neusomatic-20261010-result-sahraeian2022-lancet-titration-snv-spp-50x-20-t-spp-50x-100-n,somatic-neusomatic-20261010-source-sahraeian2022-additional-file-2,"Additional file 2 Table S3, SNVs section, row 'SPP_50x_20%T vs SPP_50x_100%N', column 'Lancet'",55.8,result
somatic-neusomatic-20261010-result-sahraeian2022-lancet-titration-snv-spp-50x-5-t-spp-50x-100-n,somatic-neusomatic-20261010-source-sahraeian2022-additional-file-2,"Additional file 2 Table S3, SNVs section, row 'SPP_50x_5%T vs SPP_50x_100%N', column 'Lancet'",7.6,result
somatic-neusomatic-20261010-result-sahraeian2022-lancet-titration-snv-spp-50x-50-t-spp-50x-100-n,somatic-neusomatic-20261010-source-sahraeian2022-additional-file-2,"Additional file 2 Table S3, SNVs section, row 'SPP_50x_50%T vs SPP_50x_100%N', column 'Lancet'",81.5,result
somatic-neusomatic-20261010-result-sahraeian2022-lancet-titration-snv-spp-50x-75-t-spp-50x-100-n,somatic-neusomatic-20261010-source-sahraeian2022-additional-file-2,"Additional file 2 Table S3, SNVs section, row 'SPP_50x_75%T vs SPP_50x_100%N', column 'Lancet'",87.0,result
somatic-neusomatic-20261010-result-sahraeian2022-lancet-titration-snv-spp-80x-10-t-spp-80x-100-n,somatic-neusomatic-20261010-source-sahraeian2022-additional-file-2,"Additional file 2 Table S3, SNVs section, row 'SPP_80x_10%T vs SPP_80x_100%N', column 'Lancet'",44.2,result
somatic-neusomatic-20261010-result-sahraeian2022-lancet-titration-snv-spp-80x-10-t-spp-80x-95-n,somatic-neusomatic-20261010-source-sahraeian2022-additional-file-2,"Additional file 2 Table S3, SNVs section, row 'SPP_80x_10%T vs SPP_80x_95%N', column 'Lancet'",10.6,result
somatic-neusomatic-20261010-result-sahraeian2022-lancet-titration-snv-spp-80x-100-t-spp-80x-100-n,somatic-neusomatic-20261010-source-sahraeian2022-additional-file-2,"Additional file 2 Table S3, SNVs section, row 'SPP_80x_100%T vs SPP_80x_100%N', column 'Lancet'",93.3,result
somatic-neusomatic-20261010-result-sahraeian2022-lancet-titration-snv-spp-80x-100-t-spp-80x-95-n,somatic-neusomatic-20261010-source-sahraeian2022-additional-file-2,"Additional file 2 Table S3, SNVs section, row 'SPP_80x_100%T vs SPP_80x_95%N', column 'Lancet'",47.8,result
somatic-neusomatic-20261010-result-sahraeian2022-lancet-titration-snv-spp-80x-20-t-spp-80x-100-n,somatic-neusomatic-20261010-source-sahraeian2022-additional-file-2,"Additional file 2 Table S3, SNVs section, row 'SPP_80x_20%T vs SPP_80x_100%N', column 'Lancet'",70.5,result
somatic-neusomatic-20261010-result-sahraeian2022-lancet-titration-snv-spp-80x-20-t-spp-80x-95-n,somatic-neusomatic-20261010-source-sahraeian2022-additional-file-2,"Additional file 2 Table S3, SNVs section, row 'SPP_80x_20%T vs SPP_80x_95%N', column 'Lancet'",23.6,result
somatic-neusomatic-20261010-result-sahraeian2022-lancet-titration-snv-spp-80x-5-t-spp-80x-100-n,somatic-neusomatic-20261010-source-sahraeian2022-additional-file-2,"Additional file 2 Table S3, SNVs section, row 'SPP_80x_5%T vs SPP_80x_100%N', column 'Lancet'",17.8,result
somatic-neusomatic-20261010-result-sahraeian2022-lancet-titration-snv-spp-80x-50-t-spp-80x-100-n,somatic-neusomatic-20261010-source-sahraeian2022-additional-file-2,"Additional file 2 Table S3, SNVs section, row 'SPP_80x_50%T vs SPP_80x_100%N', column 'Lancet'",87.5,result
somatic-neusomatic-20261010-result-sahraeian2022-lancet-titration-snv-spp-80x-50-t-spp-80x-95-n,somatic-neusomatic-20261010-source-sahraeian2022-additional-file-2,"Additional file 2 Table S3, SNVs section, row 'SPP_80x_50%T vs SPP_80x_95%N', column 'Lancet'",39.2,result
somatic-neusomatic-20261010-result-sahraeian2022-lancet-titration-snv-spp-80x-75-t-spp-80x-100-n,somatic-neusomatic-20261010-source-sahraeian2022-additional-file-2,"Additional file 2 Table S3, SNVs section, row 'SPP_80x_75%T vs SPP_80x_100%N', column 'Lancet'",91.0,result
somatic-neusomatic-20261010-result-sahraeian2022-lancet-titration-snv-spp-80x-75-t-spp-80x-95-n,somatic-neusomatic-20261010-source-sahraeian2022-additional-file-2,"Additional file 2 Table S3, SNVs section, row 'SPP_80x_75%T vs SPP_80x_95%N', column 'Lancet'",44.5,result
somatic-neusomatic-20261010-result-sahraeian2022-lancet-wgs-indel-average,somatic-neusomatic-20261010-source-sahraeian2022-additional-file-2,"Additional file 2 Table S2, INDELs section, row 'Average', column 'Lancet'",77.7,result
somatic-neusomatic-20261010-result-sahraeian2022-lancet-wgs-indel-wgs-ea-t-1-wgs-ea-n-1,somatic-neusomatic-20261010-source-sahraeian2022-additional-file-2,"Additional file 2 Table S2, INDELs section, row 'WGS_EA_T_1 vs WGS_EA_N_1', column 'Lancet'",76.2,result
somatic-neusomatic-20261010-result-sahraeian2022-lancet-wgs-indel-wgs-fd-t-1-wgs-fd-n-1,somatic-neusomatic-20261010-source-sahraeian2022-additional-file-2,"Additional file 2 Table S2, INDELs section, row 'WGS_FD_T_1 vs WGS_FD_N_1', column 'Lancet'",77.3,result
somatic-neusomatic-20261010-result-sahraeian2022-lancet-wgs-indel-wgs-fd-t-2-wgs-fd-n-2,somatic-neusomatic-20261010-source-sahraeian2022-additional-file-2,"Additional file 2 Table S2, INDELs section, row 'WGS_FD_T_2 vs WGS_FD_N_2', column 'Lancet'",77.6,result
somatic-neusomatic-20261010-result-sahraeian2022-lancet-wgs-indel-wgs-fd-t-3-wgs-fd-n-3,somatic-neusomatic-20261010-source-sahraeian2022-additional-file-2,"Additional file 2 Table S2, INDELs section, row 'WGS_FD_T_3 vs WGS_FD_N_3', column 'Lancet'",77.5,result
somatic-neusomatic-20261010-result-sahraeian2022-lancet-wgs-indel-wgs-il-t-1-wgs-il-n-1,somatic-neusomatic-20261010-source-sahraeian2022-additional-file-2,"Additional file 2 Table S2, INDELs section, row 'WGS_IL_T_1 vs WGS_IL_N_1', column 'Lancet'",83.4,result
somatic-neusomatic-20261010-result-sahraeian2022-lancet-wgs-indel-wgs-il-t-2-wgs-il-n-2,somatic-neusomatic-20261010-source-sahraeian2022-additional-file-2,"Additional file 2 Table S2, INDELs section, row 'WGS_IL_T_2 vs WGS_IL_N_2', column 'Lancet'",81.7,result
somatic-neusomatic-20261010-result-sahraeian2022-lancet-wgs-indel-wgs-il-t-3-wgs-il-n-3,somatic-neusomatic-20261010-source-sahraeian2022-additional-file-2,"Additional file 2 Table S2, INDELs section, row 'WGS_IL_T_3 vs WGS_IL_N_3', column 'Lancet'",80.7,result
somatic-neusomatic-20261010-result-sahraeian2022-lancet-wgs-indel-wgs-ll-t-1-wgs-ll-n-1,somatic-neusomatic-20261010-source-sahraeian2022-additional-file-2,"Additional file 2 Table S2, INDELs section, row 'WGS_LL_T_1 vs WGS_LL_N_1', column 'Lancet'",78.2,result
somatic-neusomatic-20261010-result-sahraeian2022-lancet-wgs-indel-wgs-nc-t-1-wgs-nc-n-1,somatic-neusomatic-20261010-source-sahraeian2022-additional-file-2,"Additional file 2 Table S2, INDELs section, row 'WGS_NC_T_1 vs WGS_NC_N_1', column 'Lancet'",79.6,result
somatic-neusomatic-20261010-result-sahraeian2022-lancet-wgs-indel-wgs-ns-t-1-wgs-ns-n-1,somatic-neusomatic-20261010-source-sahraeian2022-additional-file-2,"Additional file 2 Table S2, INDELs section, row 'WGS_NS_T_1 vs WGS_NS_N_1', column 'Lancet'",77.1,result
somatic-neusomatic-20261010-result-sahraeian2022-lancet-wgs-indel-wgs-ns-t-2-wgs-ns-n-2,somatic-neusomatic-20261010-source-sahraeian2022-additional-file-2,"Additional file 2 Table S2, INDELs section, row 'WGS_NS_T_2 vs WGS_NS_N_2', column 'Lancet'",75.9,result
somatic-neusomatic-20261010-result-sahraeian2022-lancet-wgs-indel-wgs-ns-t-3-wgs-ns-n-3,somatic-neusomatic-20261010-source-sahraeian2022-additional-file-2,"Additional file 2 Table S2, INDELs section, row 'WGS_NS_T_3 vs WGS_NS_N_3', column 'Lancet'",77.2,result
somatic-neusomatic-20261010-result-sahraeian2022-lancet-wgs-indel-wgs-ns-t-4-wgs-ns-n-4,somatic-neusomatic-20261010-source-sahraeian2022-additional-file-2,"Additional file 2 Table S2, INDELs section, row 'WGS_NS_T_4 vs WGS_NS_N_4', column 'Lancet'",77.4,result
somatic-neusomatic-20261010-result-sahraeian2022-lancet-wgs-indel-wgs-ns-t-5-wgs-ns-n-5,somatic-neusomatic-20261010-source-sahraeian2022-additional-file-2,"Additional file 2 Table S2, INDELs section, row 'WGS_NS_T_5 vs WGS_NS_N_5', column 'Lancet'",71.5,result
somatic-neusomatic-20261010-result-sahraeian2022-lancet-wgs-indel-wgs-ns-t-6-wgs-ns-n-6,somatic-neusomatic-20261010-source-sahraeian2022-additional-file-2,"Additional file 2 Table S2, INDELs section, row 'WGS_NS_T_6 vs WGS_NS_N_6', column 'Lancet'",74.0,result
somatic-neusomatic-20261010-result-sahraeian2022-lancet-wgs-indel-wgs-ns-t-7-wgs-ns-n-7,somatic-neusomatic-20261010-source-sahraeian2022-additional-file-2,"Additional file 2 Table S2, INDELs section, row 'WGS_NS_T_7 vs WGS_NS_N_7', column 'Lancet'",71.6,result
somatic-neusomatic-20261010-result-sahraeian2022-lancet-wgs-indel-wgs-ns-t-8-wgs-ns-n-8,somatic-neusomatic-20261010-source-sahraeian2022-additional-file-2,"Additional file 2 Table S2, INDELs section, row 'WGS_NS_T_8 vs WGS_NS_N_8', column 'Lancet'",75.3,result
somatic-neusomatic-20261010-result-sahraeian2022-lancet-wgs-indel-wgs-ns-t-9-wgs-ns-n-9,somatic-neusomatic-20261010-source-sahraeian2022-additional-file-2,"Additional file 2 Table S2, INDELs section, row 'WGS_NS_T_9 vs WGS_NS_N_9', column 'Lancet'",78.3,result
somatic-neusomatic-20261010-result-sahraeian2022-lancet-wgs-indel-wgs-nv-t-1-wgs-nv-n-1,somatic-neusomatic-20261010-source-sahraeian2022-additional-file-2,"Additional file 2 Table S2, INDELs section, row 'WGS_NV_T_1 vs WGS_NV_N_1', column 'Lancet'",80.7,result
somatic-neusomatic-20261010-result-sahraeian2022-lancet-wgs-indel-wgs-nv-t-2-wgs-nv-n-2,somatic-neusomatic-20261010-source-sahraeian2022-additional-file-2,"Additional file 2 Table S2, INDELs section, row 'WGS_NV_T_2 vs WGS_NV_N_2', column 'Lancet'",80.3,result
somatic-neusomatic-20261010-result-sahraeian2022-lancet-wgs-indel-wgs-nv-t-3-wgs-nv-n-3,somatic-neusomatic-20261010-source-sahraeian2022-additional-file-2,"Additional file 2 Table S2, INDELs section, row 'WGS_NV_T_3 vs WGS_NV_N_3', column 'Lancet'",80.1,result
somatic-neusomatic-20261010-result-sahraeian2022-lancet-wgs-snv-average,somatic-neusomatic-20261010-source-sahraeian2022-additional-file-2,"Additional file 2 Table S2, SNVs section, row 'Average', column 'Lancet'",87.1,result
somatic-neusomatic-20261010-result-sahraeian2022-lancet-wgs-snv-wgs-ea-t-1-wgs-ea-n-1,somatic-neusomatic-20261010-source-sahraeian2022-additional-file-2,"Additional file 2 Table S2, SNVs section, row 'WGS_EA_T_1 vs WGS_EA_N_1', column 'Lancet'",90.3,result
somatic-neusomatic-20261010-result-sahraeian2022-lancet-wgs-snv-wgs-fd-t-1-wgs-fd-n-1,somatic-neusomatic-20261010-source-sahraeian2022-additional-file-2,"Additional file 2 Table S2, SNVs section, row 'WGS_FD_T_1 vs WGS_FD_N_1', column 'Lancet'",87.9,result
somatic-neusomatic-20261010-result-sahraeian2022-lancet-wgs-snv-wgs-fd-t-2-wgs-fd-n-2,somatic-neusomatic-20261010-source-sahraeian2022-additional-file-2,"Additional file 2 Table S2, SNVs section, row 'WGS_FD_T_2 vs WGS_FD_N_2', column 'Lancet'",88.6,result
somatic-neusomatic-20261010-result-sahraeian2022-lancet-wgs-snv-wgs-fd-t-3-wgs-fd-n-3,somatic-neusomatic-20261010-source-sahraeian2022-additional-file-2,"Additional file 2 Table S2, SNVs section, row 'WGS_FD_T_3 vs WGS_FD_N_3', column 'Lancet'",88.6,result
somatic-neusomatic-20261010-result-sahraeian2022-lancet-wgs-snv-wgs-il-t-1-wgs-il-n-1,somatic-neusomatic-20261010-source-sahraeian2022-additional-file-2,"Additional file 2 Table S2, SNVs section, row 'WGS_IL_T_1 vs WGS_IL_N_1', column 'Lancet'",91.1,result
somatic-neusomatic-20261010-result-sahraeian2022-lancet-wgs-snv-wgs-il-t-2-wgs-il-n-2,somatic-neusomatic-20261010-source-sahraeian2022-additional-file-2,"Additional file 2 Table S2, SNVs section, row 'WGS_IL_T_2 vs WGS_IL_N_2', column 'Lancet'",89.0,result
somatic-neusomatic-20261010-result-sahraeian2022-lancet-wgs-snv-wgs-il-t-3-wgs-il-n-3,somatic-neusomatic-20261010-source-sahraeian2022-additional-file-2,"Additional file 2 Table S2, SNVs section, row 'WGS_IL_T_3 vs WGS_IL_N_3', column 'Lancet'",88.4,result
somatic-neusomatic-20261010-result-sahraeian2022-lancet-wgs-snv-wgs-ll-t-1-wgs-ll-n-1,somatic-neusomatic-20261010-source-sahraeian2022-additional-file-2,"Additional file 2 Table S2, SNVs section, row 'WGS_LL_T_1 vs WGS_LL_N_1', column 'Lancet'",86.4,result
somatic-neusomatic-20261010-result-sahraeian2022-lancet-wgs-snv-wgs-nc-t-1-wgs-nc-n-1,somatic-neusomatic-20261010-source-sahraeian2022-additional-file-2,"Additional file 2 Table S2, SNVs section, row 'WGS_NC_T_1 vs WGS_NC_N_1', column 'Lancet'",87.1,result
somatic-neusomatic-20261010-result-sahraeian2022-lancet-wgs-snv-wgs-ns-t-1-wgs-ns-n-1,somatic-neusomatic-20261010-source-sahraeian2022-additional-file-2,"Additional file 2 Table S2, SNVs section, row 'WGS_NS_T_1 vs WGS_NS_N_1', column 'Lancet'",87.0,result
somatic-neusomatic-20261010-result-sahraeian2022-lancet-wgs-snv-wgs-ns-t-2-wgs-ns-n-2,somatic-neusomatic-20261010-source-sahraeian2022-additional-file-2,"Additional file 2 Table S2, SNVs section, row 'WGS_NS_T_2 vs WGS_NS_N_2', column 'Lancet'",80.5,result
somatic-neusomatic-20261010-result-sahraeian2022-lancet-wgs-snv-wgs-ns-t-3-wgs-ns-n-3,somatic-neusomatic-20261010-source-sahraeian2022-additional-file-2,"Additional file 2 Table S2, SNVs section, row 'WGS_NS_T_3 vs WGS_NS_N_3', column 'Lancet'",85.5,result
somatic-neusomatic-20261010-result-sahraeian2022-lancet-wgs-snv-wgs-ns-t-4-wgs-ns-n-4,somatic-neusomatic-20261010-source-sahraeian2022-additional-file-2,"Additional file 2 Table S2, SNVs section, row 'WGS_NS_T_4 vs WGS_NS_N_4', column 'Lancet'",85.8,result
somatic-neusomatic-20261010-result-sahraeian2022-lancet-wgs-snv-wgs-ns-t-5-wgs-ns-n-5,somatic-neusomatic-20261010-source-sahraeian2022-additional-file-2,"Additional file 2 Table S2, SNVs section, row 'WGS_NS_T_5 vs WGS_NS_N_5', column 'Lancet'",78.9,result
somatic-neusomatic-20261010-result-sahraeian2022-lancet-wgs-snv-wgs-ns-t-6-wgs-ns-n-6,somatic-neusomatic-20261010-source-sahraeian2022-additional-file-2,"Additional file 2 Table S2, SNVs section, row 'WGS_NS_T_6 vs WGS_NS_N_6', column 'Lancet'",85.7,result
somatic-neusomatic-20261010-result-sahraeian2022-lancet-wgs-snv-wgs-ns-t-7-wgs-ns-n-7,somatic-neusomatic-20261010-source-sahraeian2022-additional-file-2,"Additional file 2 Table S2, SNVs section, row 'WGS_NS_T_7 vs WGS_NS_N_7', column 'Lancet'",80.9,result
somatic-neusomatic-20261010-result-sahraeian2022-lancet-wgs-snv-wgs-ns-t-8-wgs-ns-n-8,somatic-neusomatic-20261010-source-sahraeian2022-additional-file-2,"Additional file 2 Table S2, SNVs section, row 'WGS_NS_T_8 vs WGS_NS_N_8', column 'Lancet'",81.8,result
somatic-neusomatic-20261010-result-sahraeian2022-lancet-wgs-snv-wgs-ns-t-9-wgs-ns-n-9,somatic-neusomatic-20261010-source-sahraeian2022-additional-file-2,"Additional file 2 Table S2, SNVs section, row 'WGS_NS_T_9 vs WGS_NS_N_9', column 'Lancet'",83.6,result
somatic-neusomatic-20261010-result-sahraeian2022-lancet-wgs-snv-wgs-nv-t-1-wgs-nv-n-1,somatic-neusomatic-20261010-source-sahraeian2022-additional-file-2,"Additional file 2 Table S2, SNVs section, row 'WGS_NV_T_1 vs WGS_NV_N_1', column 'Lancet'",93.8,result
somatic-neusomatic-20261010-result-sahraeian2022-lancet-wgs-snv-wgs-nv-t-2-wgs-nv-n-2,somatic-neusomatic-20261010-source-sahraeian2022-additional-file-2,"Additional file 2 Table S2, SNVs section, row 'WGS_NV_T_2 vs WGS_NV_N_2', column 'Lancet'",93.9,result
somatic-neusomatic-20261010-result-sahraeian2022-lancet-wgs-snv-wgs-nv-t-3-wgs-nv-n-3,somatic-neusomatic-20261010-source-sahraeian2022-additional-file-2,"Additional file 2 Table S2, SNVs section, row 'WGS_NV_T_3 vs WGS_NV_N_3', column 'Lancet'",93.8,result
somatic-neusomatic-20261010-result-sahraeian2022-muse-library-prep-snv-average,somatic-neusomatic-20261010-source-sahraeian2022-additional-file-2,"Additional file 2 Table S4, SNVs section, row 'Average', column 'MuSE'",76.2,result
somatic-neusomatic-20261010-result-sahraeian2022-muse-library-prep-snv-lbp-nextera-t-100ng-lbp-nextera-n-100ng,somatic-neusomatic-20261010-source-sahraeian2022-additional-file-2,"Additional file 2 Table S4, SNVs section, row 'LBP_Nextera_T_100ng vs LBP_Nextera_N_100ng', column 'MuSE'",89.0,result
somatic-neusomatic-20261010-result-sahraeian2022-muse-library-prep-snv-lbp-nextera-t-10ng-lbp-nextera-n-10ng,somatic-neusomatic-20261010-source-sahraeian2022-additional-file-2,"Additional file 2 Table S4, SNVs section, row 'LBP_Nextera_T_10ng vs LBP_Nextera_N_10ng', column 'MuSE'",90.0,result
somatic-neusomatic-20261010-result-sahraeian2022-muse-library-prep-snv-lbp-nextera-t-1ng-lbp-nextera-n-1ng,somatic-neusomatic-20261010-source-sahraeian2022-additional-file-2,"Additional file 2 Table S4, SNVs section, row 'LBP_Nextera_T_1ng vs LBP_Nextera_N_1ng', column 'MuSE'",86.4,result
somatic-neusomatic-20261010-result-sahraeian2022-muse-library-prep-snv-lbp-truseq-t-100ng-lbp-truseq-n-100ng,somatic-neusomatic-20261010-source-sahraeian2022-additional-file-2,"Additional file 2 Table S4, SNVs section, row 'LBP_TruSeq_T_100ng vs LBP_TruSeq_N_100ng', column 'MuSE'",86.3,result
somatic-neusomatic-20261010-result-sahraeian2022-muse-library-prep-snv-lbp-truseq-t-10ng-lbp-truseq-n-10ng,somatic-neusomatic-20261010-source-sahraeian2022-additional-file-2,"Additional file 2 Table S4, SNVs section, row 'LBP_TruSeq_T_10ng vs LBP_TruSeq_N_10ng', column 'MuSE'",82.2,result
somatic-neusomatic-20261010-result-sahraeian2022-muse-library-prep-snv-lbp-truseq-t-1ng-lbp-truseq-n-1ng,somatic-neusomatic-20261010-source-sahraeian2022-additional-file-2,"Additional file 2 Table S4, SNVs section, row 'LBP_TruSeq_T_1ng vs LBP_TruSeq_N_1ng', column 'MuSE'",23.1,result
somatic-neusomatic-20261010-result-sahraeian2022-muse-titration-snv-average,somatic-neusomatic-20261010-source-sahraeian2022-additional-file-2,"Additional file 2 Table S3, SNVs section, row 'Average', column 'MuSE'",51.7,result
somatic-neusomatic-20261010-result-sahraeian2022-muse-titration-snv-spp-100x-10-t-spp-100x-100-n,somatic-neusomatic-20261010-source-sahraeian2022-additional-file-2,"Additional file 2 Table S3, SNVs section, row 'SPP_100x_10%T vs SPP_100x_100%N', column 'MuSE'",25.0,result
somatic-neusomatic-20261010-result-sahraeian2022-muse-titration-snv-spp-100x-100-t-spp-100x-100-n,somatic-neusomatic-20261010-source-sahraeian2022-additional-file-2,"Additional file 2 Table S3, SNVs section, row 'SPP_100x_100%T vs SPP_100x_100%N', column 'MuSE'",92.6,result
somatic-neusomatic-20261010-result-sahraeian2022-muse-titration-snv-spp-100x-20-t-spp-100x-100-n,somatic-neusomatic-20261010-source-sahraeian2022-additional-file-2,"Additional file 2 Table S3, SNVs section, row 'SPP_100x_20%T vs SPP_100x_100%N', column 'MuSE'",59.4,result
somatic-neusomatic-20261010-result-sahraeian2022-muse-titration-snv-spp-100x-5-t-spp-100x-100-n,somatic-neusomatic-20261010-source-sahraeian2022-additional-file-2,"Additional file 2 Table S3, SNVs section, row 'SPP_100x_5%T vs SPP_100x_100%N', column 'MuSE'",3.7,result
somatic-neusomatic-20261010-result-sahraeian2022-muse-titration-snv-spp-100x-50-t-spp-100x-100-n,somatic-neusomatic-20261010-source-sahraeian2022-additional-file-2,"Additional file 2 Table S3, SNVs section, row 'SPP_100x_50%T vs SPP_100x_100%N', column 'MuSE'",85.5,result
somatic-neusomatic-20261010-result-sahraeian2022-muse-titration-snv-spp-100x-75-t-spp-100x-100-n,somatic-neusomatic-20261010-source-sahraeian2022-additional-file-2,"Additional file 2 Table S3, SNVs section, row 'SPP_100x_75%T vs SPP_100x_100%N', column 'MuSE'",90.1,result
somatic-neusomatic-20261010-result-sahraeian2022-muse-titration-snv-spp-10x-10-t-spp-10x-100-n,somatic-neusomatic-20261010-source-sahraeian2022-additional-file-2,"Additional file 2 Table S3, SNVs section, row 'SPP_10x_10%T vs SPP_10x_100%N', column 'MuSE'",3.8,result
somatic-neusomatic-20261010-result-sahraeian2022-muse-titration-snv-spp-10x-100-t-spp-10x-100-n,somatic-neusomatic-20261010-source-sahraeian2022-additional-file-2,"Additional file 2 Table S3, SNVs section, row 'SPP_10x_100%T vs SPP_10x_100%N', column 'MuSE'",49.6,result
somatic-neusomatic-20261010-result-sahraeian2022-muse-titration-snv-spp-10x-20-t-spp-10x-100-n,somatic-neusomatic-20261010-source-sahraeian2022-additional-file-2,"Additional file 2 Table S3, SNVs section, row 'SPP_10x_20%T vs SPP_10x_100%N', column 'MuSE'",12.3,result
somatic-neusomatic-20261010-result-sahraeian2022-muse-titration-snv-spp-10x-5-t-spp-10x-100-n,somatic-neusomatic-20261010-source-sahraeian2022-additional-file-2,"Additional file 2 Table S3, SNVs section, row 'SPP_10x_5%T vs SPP_10x_100%N', column 'MuSE'",1.1,result
somatic-neusomatic-20261010-result-sahraeian2022-muse-titration-snv-spp-10x-50-t-spp-10x-100-n,somatic-neusomatic-20261010-source-sahraeian2022-additional-file-2,"Additional file 2 Table S3, SNVs section, row 'SPP_10x_50%T vs SPP_10x_100%N', column 'MuSE'",36.9,result
somatic-neusomatic-20261010-result-sahraeian2022-muse-titration-snv-spp-10x-75-t-spp-10x-100-n,somatic-neusomatic-20261010-source-sahraeian2022-additional-file-2,"Additional file 2 Table S3, SNVs section, row 'SPP_10x_75%T vs SPP_10x_100%N', column 'MuSE'",47.0,result
somatic-neusomatic-20261010-result-sahraeian2022-muse-titration-snv-spp-200x-10-t-spp-200x-100-n,somatic-neusomatic-20261010-source-sahraeian2022-additional-file-2,"Additional file 2 Table S3, SNVs section, row 'SPP_200x_10%T vs SPP_200x_100%N', column 'MuSE'",40.4,result
somatic-neusomatic-20261010-result-sahraeian2022-muse-titration-snv-spp-200x-100-t-spp-200x-100-n,somatic-neusomatic-20261010-source-sahraeian2022-additional-file-2,"Additional file 2 Table S3, SNVs section, row 'SPP_200x_100%T vs SPP_200x_100%N', column 'MuSE'",95.0,result
somatic-neusomatic-20261010-result-sahraeian2022-muse-titration-snv-spp-200x-20-t-spp-200x-100-n,somatic-neusomatic-20261010-source-sahraeian2022-additional-file-2,"Additional file 2 Table S3, SNVs section, row 'SPP_200x_20%T vs SPP_200x_100%N', column 'MuSE'",72.0,result
somatic-neusomatic-20261010-result-sahraeian2022-muse-titration-snv-spp-200x-5-t-spp-200x-100-n,somatic-neusomatic-20261010-source-sahraeian2022-additional-file-2,"Additional file 2 Table S3, SNVs section, row 'SPP_200x_5%T vs SPP_200x_100%N', column 'MuSE'",8.3,result
somatic-neusomatic-20261010-result-sahraeian2022-muse-titration-snv-spp-200x-50-t-spp-200x-100-n,somatic-neusomatic-20261010-source-sahraeian2022-additional-file-2,"Additional file 2 Table S3, SNVs section, row 'SPP_200x_50%T vs SPP_200x_100%N', column 'MuSE'",88.7,result
somatic-neusomatic-20261010-result-sahraeian2022-muse-titration-snv-spp-200x-75-t-spp-200x-100-n,somatic-neusomatic-20261010-source-sahraeian2022-additional-file-2,"Additional file 2 Table S3, SNVs section, row 'SPP_200x_75%T vs SPP_200x_100%N', column 'MuSE'",92.5,result
somatic-neusomatic-20261010-result-sahraeian2022-muse-titration-snv-spp-300x-10-t-spp-300x-100-n,somatic-neusomatic-20261010-source-sahraeian2022-additional-file-2,"Additional file 2 Table S3, SNVs section, row 'SPP_300x_10%T vs SPP_300x_100%N', column 'MuSE'",46.9,result
somatic-neusomatic-20261010-result-sahraeian2022-muse-titration-snv-spp-300x-100-t-spp-300x-100-n,somatic-neusomatic-20261010-source-sahraeian2022-additional-file-2,"Additional file 2 Table S3, SNVs section, row 'SPP_300x_100%T vs SPP_300x_100%N', column 'MuSE'",96.7,result
somatic-neusomatic-20261010-result-sahraeian2022-muse-titration-snv-spp-300x-20-t-spp-300x-100-n,somatic-neusomatic-20261010-source-sahraeian2022-additional-file-2,"Additional file 2 Table S3, SNVs section, row 'SPP_300x_20%T vs SPP_300x_100%N', column 'MuSE'",76.8,result
somatic-neusomatic-20261010-result-sahraeian2022-muse-titration-snv-spp-300x-5-t-spp-300x-100-n,somatic-neusomatic-20261010-source-sahraeian2022-additional-file-2,"Additional file 2 Table S3, SNVs section, row 'SPP_300x_5%T vs SPP_300x_100%N', column 'MuSE'",13.2,result
somatic-neusomatic-20261010-result-sahraeian2022-muse-titration-snv-spp-300x-50-t-spp-300x-100-n,somatic-neusomatic-20261010-source-sahraeian2022-additional-file-2,"Additional file 2 Table S3, SNVs section, row 'SPP_300x_50%T vs SPP_300x_100%N', column 'MuSE'",90.2,result
somatic-neusomatic-20261010-result-sahraeian2022-muse-titration-snv-spp-300x-75-t-spp-300x-100-n,somatic-neusomatic-20261010-source-sahraeian2022-additional-file-2,"Additional file 2 Table S3, SNVs section, row 'SPP_300x_75%T vs SPP_300x_100%N', column 'MuSE'",93.8,result
somatic-neusomatic-20261010-result-sahraeian2022-muse-titration-snv-spp-30x-10-t-spp-30x-100-n,somatic-neusomatic-20261010-source-sahraeian2022-additional-file-2,"Additional file 2 Table S3, SNVs section, row 'SPP_30x_10%T vs SPP_30x_100%N', column 'MuSE'",10.0,result
somatic-neusomatic-20261010-result-sahraeian2022-muse-titration-snv-spp-30x-100-t-spp-30x-100-n,somatic-neusomatic-20261010-source-sahraeian2022-additional-file-2,"Additional file 2 Table S3, SNVs section, row 'SPP_30x_100%T vs SPP_30x_100%N', column 'MuSE'",84.5,result
somatic-neusomatic-20261010-result-sahraeian2022-muse-titration-snv-spp-30x-20-t-spp-30x-100-n,somatic-neusomatic-20261010-source-sahraeian2022-additional-file-2,"Additional file 2 Table S3, SNVs section, row 'SPP_30x_20%T vs SPP_30x_100%N', column 'MuSE'",34.1,result
somatic-neusomatic-20261010-result-sahraeian2022-muse-titration-snv-spp-30x-5-t-spp-30x-100-n,somatic-neusomatic-20261010-source-sahraeian2022-additional-file-2,"Additional file 2 Table S3, SNVs section, row 'SPP_30x_5%T vs SPP_30x_100%N', column 'MuSE'",1.9,result
somatic-neusomatic-20261010-result-sahraeian2022-muse-titration-snv-spp-30x-50-t-spp-30x-100-n,somatic-neusomatic-20261010-source-sahraeian2022-additional-file-2,"Additional file 2 Table S3, SNVs section, row 'SPP_30x_50%T vs SPP_30x_100%N', column 'MuSE'",71.8,result
somatic-neusomatic-20261010-result-sahraeian2022-muse-titration-snv-spp-30x-75-t-spp-30x-100-n,somatic-neusomatic-20261010-source-sahraeian2022-additional-file-2,"Additional file 2 Table S3, SNVs section, row 'SPP_30x_75%T vs SPP_30x_100%N', column 'MuSE'",81.2,result
somatic-neusomatic-20261010-result-sahraeian2022-muse-titration-snv-spp-50x-10-t-spp-50x-100-n,somatic-neusomatic-20261010-source-sahraeian2022-additional-file-2,"Additional file 2 Table S3, SNVs section, row 'SPP_50x_10%T vs SPP_50x_100%N', column 'MuSE'",14.7,result
somatic-neusomatic-20261010-result-sahraeian2022-muse-titration-snv-spp-50x-100-t-spp-50x-100-n,somatic-neusomatic-20261010-source-sahraeian2022-additional-file-2,"Additional file 2 Table S3, SNVs section, row 'SPP_50x_100%T vs SPP_50x_100%N', column 'MuSE'",88.6,result
somatic-neusomatic-20261010-result-sahraeian2022-muse-titration-snv-spp-50x-20-t-spp-50x-100-n,somatic-neusomatic-20261010-source-sahraeian2022-additional-file-2,"Additional file 2 Table S3, SNVs section, row 'SPP_50x_20%T vs SPP_50x_100%N', column 'MuSE'",44.7,result
somatic-neusomatic-20261010-result-sahraeian2022-muse-titration-snv-spp-50x-5-t-spp-50x-100-n,somatic-neusomatic-20261010-source-sahraeian2022-additional-file-2,"Additional file 2 Table S3, SNVs section, row 'SPP_50x_5%T vs SPP_50x_100%N', column 'MuSE'",2.3,result
somatic-neusomatic-20261010-result-sahraeian2022-muse-titration-snv-spp-50x-50-t-spp-50x-100-n,somatic-neusomatic-20261010-source-sahraeian2022-additional-file-2,"Additional file 2 Table S3, SNVs section, row 'SPP_50x_50%T vs SPP_50x_100%N', column 'MuSE'",79.3,result
somatic-neusomatic-20261010-result-sahraeian2022-muse-titration-snv-spp-50x-75-t-spp-50x-100-n,somatic-neusomatic-20261010-source-sahraeian2022-additional-file-2,"Additional file 2 Table S3, SNVs section, row 'SPP_50x_75%T vs SPP_50x_100%N', column 'MuSE'",85.9,result
somatic-neusomatic-20261010-result-sahraeian2022-muse-titration-snv-spp-80x-10-t-spp-80x-100-n,somatic-neusomatic-20261010-source-sahraeian2022-additional-file-2,"Additional file 2 Table S3, SNVs section, row 'SPP_80x_10%T vs SPP_80x_100%N', column 'MuSE'",20.8,result
somatic-neusomatic-20261010-result-sahraeian2022-muse-titration-snv-spp-80x-10-t-spp-80x-95-n,somatic-neusomatic-20261010-source-sahraeian2022-additional-file-2,"Additional file 2 Table S3, SNVs section, row 'SPP_80x_10%T vs SPP_80x_95%N', column 'MuSE'",2.2,result
somatic-neusomatic-20261010-result-sahraeian2022-muse-titration-snv-spp-80x-100-t-spp-80x-100-n,somatic-neusomatic-20261010-source-sahraeian2022-additional-file-2,"Additional file 2 Table S3, SNVs section, row 'SPP_80x_100%T vs SPP_80x_100%N', column 'MuSE'",91.6,result
somatic-neusomatic-20261010-result-sahraeian2022-muse-titration-snv-spp-80x-100-t-spp-80x-95-n,somatic-neusomatic-20261010-source-sahraeian2022-additional-file-2,"Additional file 2 Table S3, SNVs section, row 'SPP_80x_100%T vs SPP_80x_95%N', column 'MuSE'",59.5,result
somatic-neusomatic-20261010-result-sahraeian2022-muse-titration-snv-spp-80x-20-t-spp-80x-100-n,somatic-neusomatic-20261010-source-sahraeian2022-additional-file-2,"Additional file 2 Table S3, SNVs section, row 'SPP_80x_20%T vs SPP_80x_100%N', column 'MuSE'",55.0,result
somatic-neusomatic-20261010-result-sahraeian2022-muse-titration-snv-spp-80x-20-t-spp-80x-95-n,somatic-neusomatic-20261010-source-sahraeian2022-additional-file-2,"Additional file 2 Table S3, SNVs section, row 'SPP_80x_20%T vs SPP_80x_95%N', column 'MuSE'",12.2,result
somatic-neusomatic-20261010-result-sahraeian2022-muse-titration-snv-spp-80x-5-t-spp-80x-100-n,somatic-neusomatic-20261010-source-sahraeian2022-additional-file-2,"Additional file 2 Table S3, SNVs section, row 'SPP_80x_5%T vs SPP_80x_100%N', column 'MuSE'",3.3,result
somatic-neusomatic-20261010-result-sahraeian2022-muse-titration-snv-spp-80x-50-t-spp-80x-100-n,somatic-neusomatic-20261010-source-sahraeian2022-additional-file-2,"Additional file 2 Table S3, SNVs section, row 'SPP_80x_50%T vs SPP_80x_100%N', column 'MuSE'",83.9,result
somatic-neusomatic-20261010-result-sahraeian2022-muse-titration-snv-spp-80x-50-t-spp-80x-95-n,somatic-neusomatic-20261010-source-sahraeian2022-additional-file-2,"Additional file 2 Table S3, SNVs section, row 'SPP_80x_50%T vs SPP_80x_95%N', column 'MuSE'",39.8,result
somatic-neusomatic-20261010-result-sahraeian2022-muse-titration-snv-spp-80x-75-t-spp-80x-100-n,somatic-neusomatic-20261010-source-sahraeian2022-additional-file-2,"Additional file 2 Table S3, SNVs section, row 'SPP_80x_75%T vs SPP_80x_100%N', column 'MuSE'",88.9,result
somatic-neusomatic-20261010-result-sahraeian2022-muse-titration-snv-spp-80x-75-t-spp-80x-95-n,somatic-neusomatic-20261010-source-sahraeian2022-additional-file-2,"Additional file 2 Table S3, SNVs section, row 'SPP_80x_75%T vs SPP_80x_95%N', column 'MuSE'",52.3,result
somatic-neusomatic-20261010-result-sahraeian2022-muse-wgs-snv-average,somatic-neusomatic-20261010-source-sahraeian2022-additional-file-2,"Additional file 2 Table S2, SNVs section, row 'Average', column 'MuSE'",88.1,result
somatic-neusomatic-20261010-result-sahraeian2022-muse-wgs-snv-wgs-ea-t-1-wgs-ea-n-1,somatic-neusomatic-20261010-source-sahraeian2022-additional-file-2,"Additional file 2 Table S2, SNVs section, row 'WGS_EA_T_1 vs WGS_EA_N_1', column 'MuSE'",90.2,result
somatic-neusomatic-20261010-result-sahraeian2022-muse-wgs-snv-wgs-fd-t-1-wgs-fd-n-1,somatic-neusomatic-20261010-source-sahraeian2022-additional-file-2,"Additional file 2 Table S2, SNVs section, row 'WGS_FD_T_1 vs WGS_FD_N_1', column 'MuSE'",88.0,result
somatic-neusomatic-20261010-result-sahraeian2022-muse-wgs-snv-wgs-fd-t-2-wgs-fd-n-2,somatic-neusomatic-20261010-source-sahraeian2022-additional-file-2,"Additional file 2 Table S2, SNVs section, row 'WGS_FD_T_2 vs WGS_FD_N_2', column 'MuSE'",88.6,result
somatic-neusomatic-20261010-result-sahraeian2022-muse-wgs-snv-wgs-fd-t-3-wgs-fd-n-3,somatic-neusomatic-20261010-source-sahraeian2022-additional-file-2,"Additional file 2 Table S2, SNVs section, row 'WGS_FD_T_3 vs WGS_FD_N_3', column 'MuSE'",88.4,result
somatic-neusomatic-20261010-result-sahraeian2022-muse-wgs-snv-wgs-il-t-1-wgs-il-n-1,somatic-neusomatic-20261010-source-sahraeian2022-additional-file-2,"Additional file 2 Table S2, SNVs section, row 'WGS_IL_T_1 vs WGS_IL_N_1', column 'MuSE'",90.6,result
somatic-neusomatic-20261010-result-sahraeian2022-muse-wgs-snv-wgs-il-t-2-wgs-il-n-2,somatic-neusomatic-20261010-source-sahraeian2022-additional-file-2,"Additional file 2 Table S2, SNVs section, row 'WGS_IL_T_2 vs WGS_IL_N_2', column 'MuSE'",89.0,result
somatic-neusomatic-20261010-result-sahraeian2022-muse-wgs-snv-wgs-il-t-3-wgs-il-n-3,somatic-neusomatic-20261010-source-sahraeian2022-additional-file-2,"Additional file 2 Table S2, SNVs section, row 'WGS_IL_T_3 vs WGS_IL_N_3', column 'MuSE'",88.7,result
somatic-neusomatic-20261010-result-sahraeian2022-muse-wgs-snv-wgs-ll-t-1-wgs-ll-n-1,somatic-neusomatic-20261010-source-sahraeian2022-additional-file-2,"Additional file 2 Table S2, SNVs section, row 'WGS_LL_T_1 vs WGS_LL_N_1', column 'MuSE'",80.6,result
somatic-neusomatic-20261010-result-sahraeian2022-muse-wgs-snv-wgs-nc-t-1-wgs-nc-n-1,somatic-neusomatic-20261010-source-sahraeian2022-additional-file-2,"Additional file 2 Table S2, SNVs section, row 'WGS_NC_T_1 vs WGS_NC_N_1', column 'MuSE'",88.0,result
somatic-neusomatic-20261010-result-sahraeian2022-muse-wgs-snv-wgs-ns-t-1-wgs-ns-n-1,somatic-neusomatic-20261010-source-sahraeian2022-additional-file-2,"Additional file 2 Table S2, SNVs section, row 'WGS_NS_T_1 vs WGS_NS_N_1', column 'MuSE'",88.4,result
somatic-neusomatic-20261010-result-sahraeian2022-muse-wgs-snv-wgs-ns-t-2-wgs-ns-n-2,somatic-neusomatic-20261010-source-sahraeian2022-additional-file-2,"Additional file 2 Table S2, SNVs section, row 'WGS_NS_T_2 vs WGS_NS_N_2', column 'MuSE'",85.9,result
somatic-neusomatic-20261010-result-sahraeian2022-muse-wgs-snv-wgs-ns-t-3-wgs-ns-n-3,somatic-neusomatic-20261010-source-sahraeian2022-additional-file-2,"Additional file 2 Table S2, SNVs section, row 'WGS_NS_T_3 vs WGS_NS_N_3', column 'MuSE'",87.6,result
somatic-neusomatic-20261010-result-sahraeian2022-muse-wgs-snv-wgs-ns-t-4-wgs-ns-n-4,somatic-neusomatic-20261010-source-sahraeian2022-additional-file-2,"Additional file 2 Table S2, SNVs section, row 'WGS_NS_T_4 vs WGS_NS_N_4', column 'MuSE'",87.6,result
somatic-neusomatic-20261010-result-sahraeian2022-muse-wgs-snv-wgs-ns-t-5-wgs-ns-n-5,somatic-neusomatic-20261010-source-sahraeian2022-additional-file-2,"Additional file 2 Table S2, SNVs section, row 'WGS_NS_T_5 vs WGS_NS_N_5', column 'MuSE'",84.8,result
somatic-neusomatic-20261010-result-sahraeian2022-muse-wgs-snv-wgs-ns-t-6-wgs-ns-n-6,somatic-neusomatic-20261010-source-sahraeian2022-additional-file-2,"Additional file 2 Table S2, SNVs section, row 'WGS_NS_T_6 vs WGS_NS_N_6', column 'MuSE'",88.4,result
somatic-neusomatic-20261010-result-sahraeian2022-muse-wgs-snv-wgs-ns-t-7-wgs-ns-n-7,somatic-neusomatic-20261010-source-sahraeian2022-additional-file-2,"Additional file 2 Table S2, SNVs section, row 'WGS_NS_T_7 vs WGS_NS_N_7', column 'MuSE'",84.9,result
somatic-neusomatic-20261010-result-sahraeian2022-muse-wgs-snv-wgs-ns-t-8-wgs-ns-n-8,somatic-neusomatic-20261010-source-sahraeian2022-additional-file-2,"Additional file 2 Table S2, SNVs section, row 'WGS_NS_T_8 vs WGS_NS_N_8', column 'MuSE'",86.2,result
somatic-neusomatic-20261010-result-sahraeian2022-muse-wgs-snv-wgs-ns-t-9-wgs-ns-n-9,somatic-neusomatic-20261010-source-sahraeian2022-additional-file-2,"Additional file 2 Table S2, SNVs section, row 'WGS_NS_T_9 vs WGS_NS_N_9', column 'MuSE'",87.2,result
somatic-neusomatic-20261010-result-sahraeian2022-muse-wgs-snv-wgs-nv-t-1-wgs-nv-n-1,somatic-neusomatic-20261010-source-sahraeian2022-additional-file-2,"Additional file 2 Table S2, SNVs section, row 'WGS_NV_T_1 vs WGS_NV_N_1', column 'MuSE'",92.2,result
somatic-neusomatic-20261010-result-sahraeian2022-muse-wgs-snv-wgs-nv-t-2-wgs-nv-n-2,somatic-neusomatic-20261010-source-sahraeian2022-additional-file-2,"Additional file 2 Table S2, SNVs section, row 'WGS_NV_T_2 vs WGS_NV_N_2', column 'MuSE'",92.3,result
somatic-neusomatic-20261010-result-sahraeian2022-muse-wgs-snv-wgs-nv-t-3-wgs-nv-n-3,somatic-neusomatic-20261010-source-sahraeian2022-additional-file-2,"Additional file 2 Table S2, SNVs section, row 'WGS_NV_T_3 vs WGS_NV_N_3', column 'MuSE'",92.2,result
somatic-neusomatic-20261010-result-sahraeian2022-mutect2-library-prep-indel-average,somatic-neusomatic-20261010-source-sahraeian2022-additional-file-2,"Additional file 2 Table S4, INDELs section, row 'Average', column 'MuTect2'",42.2,result
somatic-neusomatic-20261010-result-sahraeian2022-mutect2-library-prep-indel-lbp-nextera-t-100ng-lbp-nextera-n-100ng,somatic-neusomatic-20261010-source-sahraeian2022-additional-file-2,"Additional file 2 Table S4, INDELs section, row 'LBP_Nextera_T_100ng vs LBP_Nextera_N_100ng', column 'MuTect2'",61.3,result
somatic-neusomatic-20261010-result-sahraeian2022-mutect2-library-prep-indel-lbp-nextera-t-10ng-lbp-nextera-n-10ng,somatic-neusomatic-20261010-source-sahraeian2022-additional-file-2,"Additional file 2 Table S4, INDELs section, row 'LBP_Nextera_T_10ng vs LBP_Nextera_N_10ng', column 'MuTect2'",38.6,result
somatic-neusomatic-20261010-result-sahraeian2022-mutect2-library-prep-indel-lbp-nextera-t-1ng-lbp-nextera-n-1ng,somatic-neusomatic-20261010-source-sahraeian2022-additional-file-2,"Additional file 2 Table S4, INDELs section, row 'LBP_Nextera_T_1ng vs LBP_Nextera_N_1ng', column 'MuTect2'",37.4,result
somatic-neusomatic-20261010-result-sahraeian2022-mutect2-library-prep-indel-lbp-truseq-t-100ng-lbp-truseq-n-100ng,somatic-neusomatic-20261010-source-sahraeian2022-additional-file-2,"Additional file 2 Table S4, INDELs section, row 'LBP_TruSeq_T_100ng vs LBP_TruSeq_N_100ng', column 'MuTect2'",56.1,result
somatic-neusomatic-20261010-result-sahraeian2022-mutect2-library-prep-indel-lbp-truseq-t-10ng-lbp-truseq-n-10ng,somatic-neusomatic-20261010-source-sahraeian2022-additional-file-2,"Additional file 2 Table S4, INDELs section, row 'LBP_TruSeq_T_10ng vs LBP_TruSeq_N_10ng', column 'MuTect2'",52.3,result
somatic-neusomatic-20261010-result-sahraeian2022-mutect2-library-prep-indel-lbp-truseq-t-1ng-lbp-truseq-n-1ng,somatic-neusomatic-20261010-source-sahraeian2022-additional-file-2,"Additional file 2 Table S4, INDELs section, row 'LBP_TruSeq_T_1ng vs LBP_TruSeq_N_1ng', column 'MuTect2'",7.7,result
somatic-neusomatic-20261010-result-sahraeian2022-mutect2-library-prep-snv-average,somatic-neusomatic-20261010-source-sahraeian2022-additional-file-2,"Additional file 2 Table S4, SNVs section, row 'Average', column 'MuTect2'",72.7,result
somatic-neusomatic-20261010-result-sahraeian2022-mutect2-library-prep-snv-lbp-nextera-t-100ng-lbp-nextera-n-100ng,somatic-neusomatic-20261010-source-sahraeian2022-additional-file-2,"Additional file 2 Table S4, SNVs section, row 'LBP_Nextera_T_100ng vs LBP_Nextera_N_100ng', column 'MuTect2'",89.8,result
somatic-neusomatic-20261010-result-sahraeian2022-mutect2-library-prep-snv-lbp-nextera-t-10ng-lbp-nextera-n-10ng,somatic-neusomatic-20261010-source-sahraeian2022-additional-file-2,"Additional file 2 Table S4, SNVs section, row 'LBP_Nextera_T_10ng vs LBP_Nextera_N_10ng', column 'MuTect2'",89.7,result
somatic-neusomatic-20261010-result-sahraeian2022-mutect2-library-prep-snv-lbp-nextera-t-1ng-lbp-nextera-n-1ng,somatic-neusomatic-20261010-source-sahraeian2022-additional-file-2,"Additional file 2 Table S4, SNVs section, row 'LBP_Nextera_T_1ng vs LBP_Nextera_N_1ng', column 'MuTect2'",86.0,result
somatic-neusomatic-20261010-result-sahraeian2022-mutect2-library-prep-snv-lbp-truseq-t-100ng-lbp-truseq-n-100ng,somatic-neusomatic-20261010-source-sahraeian2022-additional-file-2,"Additional file 2 Table S4, SNVs section, row 'LBP_TruSeq_T_100ng vs LBP_TruSeq_N_100ng', column 'MuTect2'",86.5,result
somatic-neusomatic-20261010-result-sahraeian2022-mutect2-library-prep-snv-lbp-truseq-t-10ng-lbp-truseq-n-10ng,somatic-neusomatic-20261010-source-sahraeian2022-additional-file-2,"Additional file 2 Table S4, SNVs section, row 'LBP_TruSeq_T_10ng vs LBP_TruSeq_N_10ng', column 'MuTect2'",80.3,result
somatic-neusomatic-20261010-result-sahraeian2022-mutect2-library-prep-snv-lbp-truseq-t-1ng-lbp-truseq-n-1ng,somatic-neusomatic-20261010-source-sahraeian2022-additional-file-2,"Additional file 2 Table S4, SNVs section, row 'LBP_TruSeq_T_1ng vs LBP_TruSeq_N_1ng', column 'MuTect2'",3.7,result
somatic-neusomatic-20261010-result-sahraeian2022-mutect2-titration-indel-average,somatic-neusomatic-20261010-source-sahraeian2022-additional-file-2,"Additional file 2 Table S3, INDELs section, row 'Average', column 'MuTect2'",44.5,result
somatic-neusomatic-20261010-result-sahraeian2022-mutect2-titration-indel-spp-100x-10-t-spp-100x-100-n,somatic-neusomatic-20261010-source-sahraeian2022-additional-file-2,"Additional file 2 Table S3, INDELs section, row 'SPP_100x_10%T vs SPP_100x_100%N', column 'MuTect2'",28.9,result
somatic-neusomatic-20261010-result-sahraeian2022-mutect2-titration-indel-spp-100x-100-t-spp-100x-100-n,somatic-neusomatic-20261010-source-sahraeian2022-additional-file-2,"Additional file 2 Table S3, INDELs section, row 'SPP_100x_100%T vs SPP_100x_100%N', column 'MuTect2'",73.3,result
somatic-neusomatic-20261010-result-sahraeian2022-mutect2-titration-indel-spp-100x-20-t-spp-100x-100-n,somatic-neusomatic-20261010-source-sahraeian2022-additional-file-2,"Additional file 2 Table S3, INDELs section, row 'SPP_100x_20%T vs SPP_100x_100%N', column 'MuTect2'",66.3,result
somatic-neusomatic-20261010-result-sahraeian2022-mutect2-titration-indel-spp-100x-5-t-spp-100x-100-n,somatic-neusomatic-20261010-source-sahraeian2022-additional-file-2,"Additional file 2 Table S3, INDELs section, row 'SPP_100x_5%T vs SPP_100x_100%N', column 'MuTect2'",14.3,result
somatic-neusomatic-20261010-result-sahraeian2022-mutect2-titration-indel-spp-100x-50-t-spp-100x-100-n,somatic-neusomatic-20261010-source-sahraeian2022-additional-file-2,"Additional file 2 Table S3, INDELs section, row 'SPP_100x_50%T vs SPP_100x_100%N', column 'MuTect2'",68.1,result
somatic-neusomatic-20261010-result-sahraeian2022-mutect2-titration-indel-spp-100x-75-t-spp-100x-100-n,somatic-neusomatic-20261010-source-sahraeian2022-additional-file-2,"Additional file 2 Table S3, INDELs section, row 'SPP_100x_75%T vs SPP_100x_100%N', column 'MuTect2'",73.3,result
somatic-neusomatic-20261010-result-sahraeian2022-mutect2-titration-indel-spp-10x-10-t-spp-10x-100-n,somatic-neusomatic-20261010-source-sahraeian2022-additional-file-2,"Additional file 2 Table S3, INDELs section, row 'SPP_10x_10%T vs SPP_10x_100%N', column 'MuTect2'",0.9,result
somatic-neusomatic-20261010-result-sahraeian2022-mutect2-titration-indel-spp-10x-100-t-spp-10x-100-n,somatic-neusomatic-20261010-source-sahraeian2022-additional-file-2,"Additional file 2 Table S3, INDELs section, row 'SPP_10x_100%T vs SPP_10x_100%N', column 'MuTect2'",13.0,result
somatic-neusomatic-20261010-result-sahraeian2022-mutect2-titration-indel-spp-10x-20-t-spp-10x-100-n,somatic-neusomatic-20261010-source-sahraeian2022-additional-file-2,"Additional file 2 Table S3, INDELs section, row 'SPP_10x_20%T vs SPP_10x_100%N', column 'MuTect2'",5.5,result
somatic-neusomatic-20261010-result-sahraeian2022-mutect2-titration-indel-spp-10x-5-t-spp-10x-100-n,somatic-neusomatic-20261010-source-sahraeian2022-additional-file-2,"Additional file 2 Table S3, INDELs section, row 'SPP_10x_5%T vs SPP_10x_100%N', column 'MuTect2'",0.6,result
somatic-neusomatic-20261010-result-sahraeian2022-mutect2-titration-indel-spp-10x-50-t-spp-10x-100-n,somatic-neusomatic-20261010-source-sahraeian2022-additional-file-2,"Additional file 2 Table S3, INDELs section, row 'SPP_10x_50%T vs SPP_10x_100%N', column 'MuTect2'",9.9,result
somatic-neusomatic-20261010-result-sahraeian2022-mutect2-titration-indel-spp-10x-75-t-spp-10x-100-n,somatic-neusomatic-20261010-source-sahraeian2022-additional-file-2,"Additional file 2 Table S3, INDELs section, row 'SPP_10x_75%T vs SPP_10x_100%N', column 'MuTect2'",14.1,result
somatic-neusomatic-20261010-result-sahraeian2022-mutect2-titration-indel-spp-200x-10-t-spp-200x-100-n,somatic-neusomatic-20261010-source-sahraeian2022-additional-file-2,"Additional file 2 Table S3, INDELs section, row 'SPP_200x_10%T vs SPP_200x_100%N', column 'MuTect2'",57.3,result
somatic-neusomatic-20261010-result-sahraeian2022-mutect2-titration-indel-spp-200x-100-t-spp-200x-100-n,somatic-neusomatic-20261010-source-sahraeian2022-additional-file-2,"Additional file 2 Table S3, INDELs section, row 'SPP_200x_100%T vs SPP_200x_100%N', column 'MuTect2'",74.5,result
somatic-neusomatic-20261010-result-sahraeian2022-mutect2-titration-indel-spp-200x-20-t-spp-200x-100-n,somatic-neusomatic-20261010-source-sahraeian2022-additional-file-2,"Additional file 2 Table S3, INDELs section, row 'SPP_200x_20%T vs SPP_200x_100%N', column 'MuTect2'",68.4,result
somatic-neusomatic-20261010-result-sahraeian2022-mutect2-titration-indel-spp-200x-5-t-spp-200x-100-n,somatic-neusomatic-20261010-source-sahraeian2022-additional-file-2,"Additional file 2 Table S3, INDELs section, row 'SPP_200x_5%T vs SPP_200x_100%N', column 'MuTect2'",18.2,result
somatic-neusomatic-20261010-result-sahraeian2022-mutect2-titration-indel-spp-200x-50-t-spp-200x-100-n,somatic-neusomatic-20261010-source-sahraeian2022-additional-file-2,"Additional file 2 Table S3, INDELs section, row 'SPP_200x_50%T vs SPP_200x_100%N', column 'MuTect2'",73.2,result
somatic-neusomatic-20261010-result-sahraeian2022-mutect2-titration-indel-spp-200x-75-t-spp-200x-100-n,somatic-neusomatic-20261010-source-sahraeian2022-additional-file-2,"Additional file 2 Table S3, INDELs section, row 'SPP_200x_75%T vs SPP_200x_100%N', column 'MuTect2'",75.4,result
somatic-neusomatic-20261010-result-sahraeian2022-mutect2-titration-indel-spp-300x-10-t-spp-300x-100-n,somatic-neusomatic-20261010-source-sahraeian2022-additional-file-2,"Additional file 2 Table S3, INDELs section, row 'SPP_300x_10%T vs SPP_300x_100%N', column 'MuTect2'",52.7,result
somatic-neusomatic-20261010-result-sahraeian2022-mutect2-titration-indel-spp-300x-100-t-spp-300x-100-n,somatic-neusomatic-20261010-source-sahraeian2022-additional-file-2,"Additional file 2 Table S3, INDELs section, row 'SPP_300x_100%T vs SPP_300x_100%N', column 'MuTect2'",74.2,result
somatic-neusomatic-20261010-result-sahraeian2022-mutect2-titration-indel-spp-300x-20-t-spp-300x-100-n,somatic-neusomatic-20261010-source-sahraeian2022-additional-file-2,"Additional file 2 Table S3, INDELs section, row 'SPP_300x_20%T vs SPP_300x_100%N', column 'MuTect2'",68.1,result
somatic-neusomatic-20261010-result-sahraeian2022-mutect2-titration-indel-spp-300x-5-t-spp-300x-100-n,somatic-neusomatic-20261010-source-sahraeian2022-additional-file-2,"Additional file 2 Table S3, INDELs section, row 'SPP_300x_5%T vs SPP_300x_100%N', column 'MuTect2'",11.0,result
somatic-neusomatic-20261010-result-sahraeian2022-mutect2-titration-indel-spp-300x-50-t-spp-300x-100-n,somatic-neusomatic-20261010-source-sahraeian2022-additional-file-2,"Additional file 2 Table S3, INDELs section, row 'SPP_300x_50%T vs SPP_300x_100%N', column 'MuTect2'",70.9,result
somatic-neusomatic-20261010-result-sahraeian2022-mutect2-titration-indel-spp-300x-75-t-spp-300x-100-n,somatic-neusomatic-20261010-source-sahraeian2022-additional-file-2,"Additional file 2 Table S3, INDELs section, row 'SPP_300x_75%T vs SPP_300x_100%N', column 'MuTect2'",75.3,result
somatic-neusomatic-20261010-result-sahraeian2022-mutect2-titration-indel-spp-30x-10-t-spp-30x-100-n,somatic-neusomatic-20261010-source-sahraeian2022-additional-file-2,"Additional file 2 Table S3, INDELs section, row 'SPP_30x_10%T vs SPP_30x_100%N', column 'MuTect2'",14.7,result
somatic-neusomatic-20261010-result-sahraeian2022-mutect2-titration-indel-spp-30x-100-t-spp-30x-100-n,somatic-neusomatic-20261010-source-sahraeian2022-additional-file-2,"Additional file 2 Table S3, INDELs section, row 'SPP_30x_100%T vs SPP_30x_100%N', column 'MuTect2'",75.9,result
somatic-neusomatic-20261010-result-sahraeian2022-mutect2-titration-indel-spp-30x-20-t-spp-30x-100-n,somatic-neusomatic-20261010-source-sahraeian2022-additional-file-2,"Additional file 2 Table S3, INDELs section, row 'SPP_30x_20%T vs SPP_30x_100%N', column 'MuTect2'",41.5,result
somatic-neusomatic-20261010-result-sahraeian2022-mutect2-titration-indel-spp-30x-5-t-spp-30x-100-n,somatic-neusomatic-20261010-source-sahraeian2022-additional-file-2,"Additional file 2 Table S3, INDELs section, row 'SPP_30x_5%T vs SPP_30x_100%N', column 'MuTect2'",4.4,result
somatic-neusomatic-20261010-result-sahraeian2022-mutect2-titration-indel-spp-30x-50-t-spp-30x-100-n,somatic-neusomatic-20261010-source-sahraeian2022-additional-file-2,"Additional file 2 Table S3, INDELs section, row 'SPP_30x_50%T vs SPP_30x_100%N', column 'MuTect2'",60.5,result
somatic-neusomatic-20261010-result-sahraeian2022-mutect2-titration-indel-spp-30x-75-t-spp-30x-100-n,somatic-neusomatic-20261010-source-sahraeian2022-additional-file-2,"Additional file 2 Table S3, INDELs section, row 'SPP_30x_75%T vs SPP_30x_100%N', column 'MuTect2'",75.6,result
somatic-neusomatic-20261010-result-sahraeian2022-mutect2-titration-indel-spp-50x-10-t-spp-50x-100-n,somatic-neusomatic-20261010-source-sahraeian2022-additional-file-2,"Additional file 2 Table S3, INDELs section, row 'SPP_50x_10%T vs SPP_50x_100%N', column 'MuTect2'",20.8,result
somatic-neusomatic-20261010-result-sahraeian2022-mutect2-titration-indel-spp-50x-100-t-spp-50x-100-n,somatic-neusomatic-20261010-source-sahraeian2022-additional-file-2,"Additional file 2 Table S3, INDELs section, row 'SPP_50x_100%T vs SPP_50x_100%N', column 'MuTect2'",72.8,result
somatic-neusomatic-20261010-result-sahraeian2022-mutect2-titration-indel-spp-50x-20-t-spp-50x-100-n,somatic-neusomatic-20261010-source-sahraeian2022-additional-file-2,"Additional file 2 Table S3, INDELs section, row 'SPP_50x_20%T vs SPP_50x_100%N', column 'MuTect2'",48.9,result
somatic-neusomatic-20261010-result-sahraeian2022-mutect2-titration-indel-spp-50x-5-t-spp-50x-100-n,somatic-neusomatic-20261010-source-sahraeian2022-additional-file-2,"Additional file 2 Table S3, INDELs section, row 'SPP_50x_5%T vs SPP_50x_100%N', column 'MuTect2'",8.6,result
somatic-neusomatic-20261010-result-sahraeian2022-mutect2-titration-indel-spp-50x-50-t-spp-50x-100-n,somatic-neusomatic-20261010-source-sahraeian2022-additional-file-2,"Additional file 2 Table S3, INDELs section, row 'SPP_50x_50%T vs SPP_50x_100%N', column 'MuTect2'",71.2,result
somatic-neusomatic-20261010-result-sahraeian2022-mutect2-titration-indel-spp-50x-75-t-spp-50x-100-n,somatic-neusomatic-20261010-source-sahraeian2022-additional-file-2,"Additional file 2 Table S3, INDELs section, row 'SPP_50x_75%T vs SPP_50x_100%N', column 'MuTect2'",74.3,result
somatic-neusomatic-20261010-result-sahraeian2022-mutect2-titration-indel-spp-80x-10-t-spp-80x-100-n,somatic-neusomatic-20261010-source-sahraeian2022-additional-file-2,"Additional file 2 Table S3, INDELs section, row 'SPP_80x_10%T vs SPP_80x_100%N', column 'MuTect2'",26.6,result
somatic-neusomatic-20261010-result-sahraeian2022-mutect2-titration-indel-spp-80x-10-t-spp-80x-95-n,somatic-neusomatic-20261010-source-sahraeian2022-additional-file-2,"Additional file 2 Table S3, INDELs section, row 'SPP_80x_10%T vs SPP_80x_95%N', column 'MuTect2'",6.2,result
somatic-neusomatic-20261010-result-sahraeian2022-mutect2-titration-indel-spp-80x-100-t-spp-80x-100-n,somatic-neusomatic-20261010-source-sahraeian2022-additional-file-2,"Additional file 2 Table S3, INDELs section, row 'SPP_80x_100%T vs SPP_80x_100%N', column 'MuTect2'",73.2,result
somatic-neusomatic-20261010-result-sahraeian2022-mutect2-titration-indel-spp-80x-100-t-spp-80x-95-n,somatic-neusomatic-20261010-source-sahraeian2022-additional-file-2,"Additional file 2 Table S3, INDELs section, row 'SPP_80x_100%T vs SPP_80x_95%N', column 'MuTect2'",38.3,result
somatic-neusomatic-20261010-result-sahraeian2022-mutect2-titration-indel-spp-80x-20-t-spp-80x-100-n,somatic-neusomatic-20261010-source-sahraeian2022-additional-file-2,"Additional file 2 Table S3, INDELs section, row 'SPP_80x_20%T vs SPP_80x_100%N', column 'MuTect2'",50.4,result
somatic-neusomatic-20261010-result-sahraeian2022-mutect2-titration-indel-spp-80x-20-t-spp-80x-95-n,somatic-neusomatic-20261010-source-sahraeian2022-additional-file-2,"Additional file 2 Table S3, INDELs section, row 'SPP_80x_20%T vs SPP_80x_95%N', column 'MuTect2'",16.3,result
somatic-neusomatic-20261010-result-sahraeian2022-mutect2-titration-indel-spp-80x-5-t-spp-80x-100-n,somatic-neusomatic-20261010-source-sahraeian2022-additional-file-2,"Additional file 2 Table S3, INDELs section, row 'SPP_80x_5%T vs SPP_80x_100%N', column 'MuTect2'",12.5,result
somatic-neusomatic-20261010-result-sahraeian2022-mutect2-titration-indel-spp-80x-50-t-spp-80x-100-n,somatic-neusomatic-20261010-source-sahraeian2022-additional-file-2,"Additional file 2 Table S3, INDELs section, row 'SPP_80x_50%T vs SPP_80x_100%N', column 'MuTect2'",70.6,result
somatic-neusomatic-20261010-result-sahraeian2022-mutect2-titration-indel-spp-80x-50-t-spp-80x-95-n,somatic-neusomatic-20261010-source-sahraeian2022-additional-file-2,"Additional file 2 Table S3, INDELs section, row 'SPP_80x_50%T vs SPP_80x_95%N', column 'MuTect2'",33.4,result
somatic-neusomatic-20261010-result-sahraeian2022-mutect2-titration-indel-spp-80x-75-t-spp-80x-100-n,somatic-neusomatic-20261010-source-sahraeian2022-additional-file-2,"Additional file 2 Table S3, INDELs section, row 'SPP_80x_75%T vs SPP_80x_100%N', column 'MuTect2'",71.8,result
somatic-neusomatic-20261010-result-sahraeian2022-mutect2-titration-indel-spp-80x-75-t-spp-80x-95-n,somatic-neusomatic-20261010-source-sahraeian2022-additional-file-2,"Additional file 2 Table S3, INDELs section, row 'SPP_80x_75%T vs SPP_80x_95%N', column 'MuTect2'",36.8,result
somatic-neusomatic-20261010-result-sahraeian2022-mutect2-titration-snv-average,somatic-neusomatic-20261010-source-sahraeian2022-additional-file-2,"Additional file 2 Table S3, SNVs section, row 'Average', column 'MuTect2'",57.0,result
somatic-neusomatic-20261010-result-sahraeian2022-mutect2-titration-snv-spp-100x-10-t-spp-100x-100-n,somatic-neusomatic-20261010-source-sahraeian2022-additional-file-2,"Additional file 2 Table S3, SNVs section, row 'SPP_100x_10%T vs SPP_100x_100%N', column 'MuTect2'",59.4,result
somatic-neusomatic-20261010-result-sahraeian2022-mutect2-titration-snv-spp-100x-100-t-spp-100x-100-n,somatic-neusomatic-20261010-source-sahraeian2022-additional-file-2,"Additional file 2 Table S3, SNVs section, row 'SPP_100x_100%T vs SPP_100x_100%N', column 'MuTect2'",89.1,result
somatic-neusomatic-20261010-result-sahraeian2022-mutect2-titration-snv-spp-100x-20-t-spp-100x-100-n,somatic-neusomatic-20261010-source-sahraeian2022-additional-file-2,"Additional file 2 Table S3, SNVs section, row 'SPP_100x_20%T vs SPP_100x_100%N', column 'MuTect2'",78.3,result
somatic-neusomatic-20261010-result-sahraeian2022-mutect2-titration-snv-spp-100x-5-t-spp-100x-100-n,somatic-neusomatic-20261010-source-sahraeian2022-additional-file-2,"Additional file 2 Table S3, SNVs section, row 'SPP_100x_5%T vs SPP_100x_100%N', column 'MuTect2'",33.1,result
somatic-neusomatic-20261010-result-sahraeian2022-mutect2-titration-snv-spp-100x-50-t-spp-100x-100-n,somatic-neusomatic-20261010-source-sahraeian2022-additional-file-2,"Additional file 2 Table S3, SNVs section, row 'SPP_100x_50%T vs SPP_100x_100%N', column 'MuTect2'",84.5,result
somatic-neusomatic-20261010-result-sahraeian2022-mutect2-titration-snv-spp-100x-75-t-spp-100x-100-n,somatic-neusomatic-20261010-source-sahraeian2022-additional-file-2,"Additional file 2 Table S3, SNVs section, row 'SPP_100x_75%T vs SPP_100x_100%N', column 'MuTect2'",87.6,result
somatic-neusomatic-20261010-result-sahraeian2022-mutect2-titration-snv-spp-10x-10-t-spp-10x-100-n,somatic-neusomatic-20261010-source-sahraeian2022-additional-file-2,"Additional file 2 Table S3, SNVs section, row 'SPP_10x_10%T vs SPP_10x_100%N', column 'MuTect2'",1.0,result
somatic-neusomatic-20261010-result-sahraeian2022-mutect2-titration-snv-spp-10x-100-t-spp-10x-100-n,somatic-neusomatic-20261010-source-sahraeian2022-additional-file-2,"Additional file 2 Table S3, SNVs section, row 'SPP_10x_100%T vs SPP_10x_100%N', column 'MuTect2'",7.1,result
somatic-neusomatic-20261010-result-sahraeian2022-mutect2-titration-snv-spp-10x-20-t-spp-10x-100-n,somatic-neusomatic-20261010-source-sahraeian2022-additional-file-2,"Additional file 2 Table S3, SNVs section, row 'SPP_10x_20%T vs SPP_10x_100%N', column 'MuTect2'",2.6,result
somatic-neusomatic-20261010-result-sahraeian2022-mutect2-titration-snv-spp-10x-5-t-spp-10x-100-n,somatic-neusomatic-20261010-source-sahraeian2022-additional-file-2,"Additional file 2 Table S3, SNVs section, row 'SPP_10x_5%T vs SPP_10x_100%N', column 'MuTect2'",0.3,result
somatic-neusomatic-20261010-result-sahraeian2022-mutect2-titration-snv-spp-10x-50-t-spp-10x-100-n,somatic-neusomatic-20261010-source-sahraeian2022-additional-file-2,"Additional file 2 Table S3, SNVs section, row 'SPP_10x_50%T vs SPP_10x_100%N', column 'MuTect2'",5.9,result
somatic-neusomatic-20261010-result-sahraeian2022-mutect2-titration-snv-spp-10x-75-t-spp-10x-100-n,somatic-neusomatic-20261010-source-sahraeian2022-additional-file-2,"Additional file 2 Table S3, SNVs section, row 'SPP_10x_75%T vs SPP_10x_100%N', column 'MuTect2'",6.9,result
somatic-neusomatic-20261010-result-sahraeian2022-mutect2-titration-snv-spp-200x-10-t-spp-200x-100-n,somatic-neusomatic-20261010-source-sahraeian2022-additional-file-2,"Additional file 2 Table S3, SNVs section, row 'SPP_200x_10%T vs SPP_200x_100%N', column 'MuTect2'",70.3,result
somatic-neusomatic-20261010-result-sahraeian2022-mutect2-titration-snv-spp-200x-100-t-spp-200x-100-n,somatic-neusomatic-20261010-source-sahraeian2022-additional-file-2,"Additional file 2 Table S3, SNVs section, row 'SPP_200x_100%T vs SPP_200x_100%N', column 'MuTect2'",92.4,result
somatic-neusomatic-20261010-result-sahraeian2022-mutect2-titration-snv-spp-200x-20-t-spp-200x-100-n,somatic-neusomatic-20261010-source-sahraeian2022-additional-file-2,"Additional file 2 Table S3, SNVs section, row 'SPP_200x_20%T vs SPP_200x_100%N', column 'MuTect2'",82.4,result
somatic-neusomatic-20261010-result-sahraeian2022-mutect2-titration-snv-spp-200x-5-t-spp-200x-100-n,somatic-neusomatic-20261010-source-sahraeian2022-additional-file-2,"Additional file 2 Table S3, SNVs section, row 'SPP_200x_5%T vs SPP_200x_100%N', column 'MuTect2'",51.9,result
somatic-neusomatic-20261010-result-sahraeian2022-mutect2-titration-snv-spp-200x-50-t-spp-200x-100-n,somatic-neusomatic-20261010-source-sahraeian2022-additional-file-2,"Additional file 2 Table S3, SNVs section, row 'SPP_200x_50%T vs SPP_200x_100%N', column 'MuTect2'",87.5,result
somatic-neusomatic-20261010-result-sahraeian2022-mutect2-titration-snv-spp-200x-75-t-spp-200x-100-n,somatic-neusomatic-20261010-source-sahraeian2022-additional-file-2,"Additional file 2 Table S3, SNVs section, row 'SPP_200x_75%T vs SPP_200x_100%N', column 'MuTect2'",91.1,result
somatic-neusomatic-20261010-result-sahraeian2022-mutect2-titration-snv-spp-300x-10-t-spp-300x-100-n,somatic-neusomatic-20261010-source-sahraeian2022-additional-file-2,"Additional file 2 Table S3, SNVs section, row 'SPP_300x_10%T vs SPP_300x_100%N', column 'MuTect2'",69.6,result
somatic-neusomatic-20261010-result-sahraeian2022-mutect2-titration-snv-spp-300x-100-t-spp-300x-100-n,somatic-neusomatic-20261010-source-sahraeian2022-additional-file-2,"Additional file 2 Table S3, SNVs section, row 'SPP_300x_100%T vs SPP_300x_100%N', column 'MuTect2'",93.3,result
somatic-neusomatic-20261010-result-sahraeian2022-mutect2-titration-snv-spp-300x-20-t-spp-300x-100-n,somatic-neusomatic-20261010-source-sahraeian2022-additional-file-2,"Additional file 2 Table S3, SNVs section, row 'SPP_300x_20%T vs SPP_300x_100%N', column 'MuTect2'",79.4,result
somatic-neusomatic-20261010-result-sahraeian2022-mutect2-titration-snv-spp-300x-5-t-spp-300x-100-n,somatic-neusomatic-20261010-source-sahraeian2022-additional-file-2,"Additional file 2 Table S3, SNVs section, row 'SPP_300x_5%T vs SPP_300x_100%N', column 'MuTect2'",54.2,result
somatic-neusomatic-20261010-result-sahraeian2022-mutect2-titration-snv-spp-300x-50-t-spp-300x-100-n,somatic-neusomatic-20261010-source-sahraeian2022-additional-file-2,"Additional file 2 Table S3, SNVs section, row 'SPP_300x_50%T vs SPP_300x_100%N', column 'MuTect2'",82.2,result
somatic-neusomatic-20261010-result-sahraeian2022-mutect2-titration-snv-spp-300x-75-t-spp-300x-100-n,somatic-neusomatic-20261010-source-sahraeian2022-additional-file-2,"Additional file 2 Table S3, SNVs section, row 'SPP_300x_75%T vs SPP_300x_100%N', column 'MuTect2'",92.9,result
somatic-neusomatic-20261010-result-sahraeian2022-mutect2-titration-snv-spp-30x-10-t-spp-30x-100-n,somatic-neusomatic-20261010-source-sahraeian2022-additional-file-2,"Additional file 2 Table S3, SNVs section, row 'SPP_30x_10%T vs SPP_30x_100%N', column 'MuTect2'",23.0,result
somatic-neusomatic-20261010-result-sahraeian2022-mutect2-titration-snv-spp-30x-100-t-spp-30x-100-n,somatic-neusomatic-20261010-source-sahraeian2022-additional-file-2,"Additional file 2 Table S3, SNVs section, row 'SPP_30x_100%T vs SPP_30x_100%N', column 'MuTect2'",84.9,result
somatic-neusomatic-20261010-result-sahraeian2022-mutect2-titration-snv-spp-30x-20-t-spp-30x-100-n,somatic-neusomatic-20261010-source-sahraeian2022-additional-file-2,"Additional file 2 Table S3, SNVs section, row 'SPP_30x_20%T vs SPP_30x_100%N', column 'MuTect2'",50.8,result
somatic-neusomatic-20261010-result-sahraeian2022-mutect2-titration-snv-spp-30x-5-t-spp-30x-100-n,somatic-neusomatic-20261010-source-sahraeian2022-additional-file-2,"Additional file 2 Table S3, SNVs section, row 'SPP_30x_5%T vs SPP_30x_100%N', column 'MuTect2'",7.3,result
somatic-neusomatic-20261010-result-sahraeian2022-mutect2-titration-snv-spp-30x-50-t-spp-30x-100-n,somatic-neusomatic-20261010-source-sahraeian2022-additional-file-2,"Additional file 2 Table S3, SNVs section, row 'SPP_30x_50%T vs SPP_30x_100%N', column 'MuTect2'",78.1,result
somatic-neusomatic-20261010-result-sahraeian2022-mutect2-titration-snv-spp-30x-75-t-spp-30x-100-n,somatic-neusomatic-20261010-source-sahraeian2022-additional-file-2,"Additional file 2 Table S3, SNVs section, row 'SPP_30x_75%T vs SPP_30x_100%N', column 'MuTect2'",83.1,result
somatic-neusomatic-20261010-result-sahraeian2022-mutect2-titration-snv-spp-50x-10-t-spp-50x-100-n,somatic-neusomatic-20261010-source-sahraeian2022-additional-file-2,"Additional file 2 Table S3, SNVs section, row 'SPP_50x_10%T vs SPP_50x_100%N', column 'MuTect2'",37.5,result
somatic-neusomatic-20261010-result-sahraeian2022-mutect2-titration-snv-spp-50x-100-t-spp-50x-100-n,somatic-neusomatic-20261010-source-sahraeian2022-additional-file-2,"Additional file 2 Table S3, SNVs section, row 'SPP_50x_100%T vs SPP_50x_100%N', column 'MuTect2'",86.4,result
somatic-neusomatic-20261010-result-sahraeian2022-mutect2-titration-snv-spp-50x-20-t-spp-50x-100-n,somatic-neusomatic-20261010-source-sahraeian2022-additional-file-2,"Additional file 2 Table S3, SNVs section, row 'SPP_50x_20%T vs SPP_50x_100%N', column 'MuTect2'",66.3,result
somatic-neusomatic-20261010-result-sahraeian2022-mutect2-titration-snv-spp-50x-5-t-spp-50x-100-n,somatic-neusomatic-20261010-source-sahraeian2022-additional-file-2,"Additional file 2 Table S3, SNVs section, row 'SPP_50x_5%T vs SPP_50x_100%N', column 'MuTect2'",13.5,result
somatic-neusomatic-20261010-result-sahraeian2022-mutect2-titration-snv-spp-50x-50-t-spp-50x-100-n,somatic-neusomatic-20261010-source-sahraeian2022-additional-file-2,"Additional file 2 Table S3, SNVs section, row 'SPP_50x_50%T vs SPP_50x_100%N', column 'MuTect2'",83.5,result
somatic-neusomatic-20261010-result-sahraeian2022-mutect2-titration-snv-spp-50x-75-t-spp-50x-100-n,somatic-neusomatic-20261010-source-sahraeian2022-additional-file-2,"Additional file 2 Table S3, SNVs section, row 'SPP_50x_75%T vs SPP_50x_100%N', column 'MuTect2'",85.8,result
somatic-neusomatic-20261010-result-sahraeian2022-mutect2-titration-snv-spp-80x-10-t-spp-80x-100-n,somatic-neusomatic-20261010-source-sahraeian2022-additional-file-2,"Additional file 2 Table S3, SNVs section, row 'SPP_80x_10%T vs SPP_80x_100%N', column 'MuTect2'",53.2,result
somatic-neusomatic-20261010-result-sahraeian2022-mutect2-titration-snv-spp-80x-10-t-spp-80x-95-n,somatic-neusomatic-20261010-source-sahraeian2022-additional-file-2,"Additional file 2 Table S3, SNVs section, row 'SPP_80x_10%T vs SPP_80x_95%N', column 'MuTect2'",13.6,result
somatic-neusomatic-20261010-result-sahraeian2022-mutect2-titration-snv-spp-80x-100-t-spp-80x-100-n,somatic-neusomatic-20261010-source-sahraeian2022-additional-file-2,"Additional file 2 Table S3, SNVs section, row 'SPP_80x_100%T vs SPP_80x_100%N', column 'MuTect2'",88.6,result
somatic-neusomatic-20261010-result-sahraeian2022-mutect2-titration-snv-spp-80x-100-t-spp-80x-95-n,somatic-neusomatic-20261010-source-sahraeian2022-additional-file-2,"Additional file 2 Table S3, SNVs section, row 'SPP_80x_100%T vs SPP_80x_95%N', column 'MuTect2'",43.8,result
somatic-neusomatic-20261010-result-sahraeian2022-mutect2-titration-snv-spp-80x-20-t-spp-80x-100-n,somatic-neusomatic-20261010-source-sahraeian2022-additional-file-2,"Additional file 2 Table S3, SNVs section, row 'SPP_80x_20%T vs SPP_80x_100%N', column 'MuTect2'",75.6,result
somatic-neusomatic-20261010-result-sahraeian2022-mutect2-titration-snv-spp-80x-20-t-spp-80x-95-n,somatic-neusomatic-20261010-source-sahraeian2022-additional-file-2,"Additional file 2 Table S3, SNVs section, row 'SPP_80x_20%T vs SPP_80x_95%N', column 'MuTect2'",26.5,result
somatic-neusomatic-20261010-result-sahraeian2022-mutect2-titration-snv-spp-80x-5-t-spp-80x-100-n,somatic-neusomatic-20261010-source-sahraeian2022-additional-file-2,"Additional file 2 Table S3, SNVs section, row 'SPP_80x_5%T vs SPP_80x_100%N', column 'MuTect2'",26.2,result
somatic-neusomatic-20261010-result-sahraeian2022-mutect2-titration-snv-spp-80x-50-t-spp-80x-100-n,somatic-neusomatic-20261010-source-sahraeian2022-additional-file-2,"Additional file 2 Table S3, SNVs section, row 'SPP_80x_50%T vs SPP_80x_100%N', column 'MuTect2'",84.5,result
somatic-neusomatic-20261010-result-sahraeian2022-mutect2-titration-snv-spp-80x-50-t-spp-80x-95-n,somatic-neusomatic-20261010-source-sahraeian2022-additional-file-2,"Additional file 2 Table S3, SNVs section, row 'SPP_80x_50%T vs SPP_80x_95%N', column 'MuTect2'",37.8,result
somatic-neusomatic-20261010-result-sahraeian2022-mutect2-titration-snv-spp-80x-75-t-spp-80x-100-n,somatic-neusomatic-20261010-source-sahraeian2022-additional-file-2,"Additional file 2 Table S3, SNVs section, row 'SPP_80x_75%T vs SPP_80x_100%N', column 'MuTect2'",86.5,result
somatic-neusomatic-20261010-result-sahraeian2022-mutect2-titration-snv-spp-80x-75-t-spp-80x-95-n,somatic-neusomatic-20261010-source-sahraeian2022-additional-file-2,"Additional file 2 Table S3, SNVs section, row 'SPP_80x_75%T vs SPP_80x_95%N', column 'MuTect2'",41.2,result
somatic-neusomatic-20261010-result-sahraeian2022-mutect2-wgs-indel-average,somatic-neusomatic-20261010-source-sahraeian2022-additional-file-2,"Additional file 2 Table S2, INDELs section, row 'Average', column 'MuTect2'",73.7,result
somatic-neusomatic-20261010-result-sahraeian2022-mutect2-wgs-indel-wgs-ea-t-1-wgs-ea-n-1,somatic-neusomatic-20261010-source-sahraeian2022-additional-file-2,"Additional file 2 Table S2, INDELs section, row 'WGS_EA_T_1 vs WGS_EA_N_1', column 'MuTect2'",71.0,result
somatic-neusomatic-20261010-result-sahraeian2022-mutect2-wgs-indel-wgs-fd-t-1-wgs-fd-n-1,somatic-neusomatic-20261010-source-sahraeian2022-additional-file-2,"Additional file 2 Table S2, INDELs section, row 'WGS_FD_T_1 vs WGS_FD_N_1', column 'MuTect2'",73.7,result
somatic-neusomatic-20261010-result-sahraeian2022-mutect2-wgs-indel-wgs-fd-t-2-wgs-fd-n-2,somatic-neusomatic-20261010-source-sahraeian2022-additional-file-2,"Additional file 2 Table S2, INDELs section, row 'WGS_FD_T_2 vs WGS_FD_N_2', column 'MuTect2'",72.7,result
somatic-neusomatic-20261010-result-sahraeian2022-mutect2-wgs-indel-wgs-fd-t-3-wgs-fd-n-3,somatic-neusomatic-20261010-source-sahraeian2022-additional-file-2,"Additional file 2 Table S2, INDELs section, row 'WGS_FD_T_3 vs WGS_FD_N_3', column 'MuTect2'",74.1,result
somatic-neusomatic-20261010-result-sahraeian2022-mutect2-wgs-indel-wgs-il-t-1-wgs-il-n-1,somatic-neusomatic-20261010-source-sahraeian2022-additional-file-2,"Additional file 2 Table S2, INDELs section, row 'WGS_IL_T_1 vs WGS_IL_N_1', column 'MuTect2'",80.6,result
somatic-neusomatic-20261010-result-sahraeian2022-mutect2-wgs-indel-wgs-il-t-2-wgs-il-n-2,somatic-neusomatic-20261010-source-sahraeian2022-additional-file-2,"Additional file 2 Table S2, INDELs section, row 'WGS_IL_T_2 vs WGS_IL_N_2', column 'MuTect2'",80.1,result
somatic-neusomatic-20261010-result-sahraeian2022-mutect2-wgs-indel-wgs-il-t-3-wgs-il-n-3,somatic-neusomatic-20261010-source-sahraeian2022-additional-file-2,"Additional file 2 Table S2, INDELs section, row 'WGS_IL_T_3 vs WGS_IL_N_3', column 'MuTect2'",80.3,result
somatic-neusomatic-20261010-result-sahraeian2022-mutect2-wgs-indel-wgs-ll-t-1-wgs-ll-n-1,somatic-neusomatic-20261010-source-sahraeian2022-additional-file-2,"Additional file 2 Table S2, INDELs section, row 'WGS_LL_T_1 vs WGS_LL_N_1', column 'MuTect2'",76.0,result
somatic-neusomatic-20261010-result-sahraeian2022-mutect2-wgs-indel-wgs-nc-t-1-wgs-nc-n-1,somatic-neusomatic-20261010-source-sahraeian2022-additional-file-2,"Additional file 2 Table S2, INDELs section, row 'WGS_NC_T_1 vs WGS_NC_N_1', column 'MuTect2'",80.0,result
somatic-neusomatic-20261010-result-sahraeian2022-mutect2-wgs-indel-wgs-ns-t-1-wgs-ns-n-1,somatic-neusomatic-20261010-source-sahraeian2022-additional-file-2,"Additional file 2 Table S2, INDELs section, row 'WGS_NS_T_1 vs WGS_NS_N_1', column 'MuTect2'",69.8,result
somatic-neusomatic-20261010-result-sahraeian2022-mutect2-wgs-indel-wgs-ns-t-2-wgs-ns-n-2,somatic-neusomatic-20261010-source-sahraeian2022-additional-file-2,"Additional file 2 Table S2, INDELs section, row 'WGS_NS_T_2 vs WGS_NS_N_2', column 'MuTect2'",73.2,result
somatic-neusomatic-20261010-result-sahraeian2022-mutect2-wgs-indel-wgs-ns-t-3-wgs-ns-n-3,somatic-neusomatic-20261010-source-sahraeian2022-additional-file-2,"Additional file 2 Table S2, INDELs section, row 'WGS_NS_T_3 vs WGS_NS_N_3', column 'MuTect2'",71.0,result
somatic-neusomatic-20261010-result-sahraeian2022-mutect2-wgs-indel-wgs-ns-t-4-wgs-ns-n-4,somatic-neusomatic-20261010-source-sahraeian2022-additional-file-2,"Additional file 2 Table S2, INDELs section, row 'WGS_NS_T_4 vs WGS_NS_N_4', column 'MuTect2'",70.1,result
somatic-neusomatic-20261010-result-sahraeian2022-mutect2-wgs-indel-wgs-ns-t-5-wgs-ns-n-5,somatic-neusomatic-20261010-source-sahraeian2022-additional-file-2,"Additional file 2 Table S2, INDELs section, row 'WGS_NS_T_5 vs WGS_NS_N_5', column 'MuTect2'",67.4,result
somatic-neusomatic-20261010-result-sahraeian2022-mutect2-wgs-indel-wgs-ns-t-6-wgs-ns-n-6,somatic-neusomatic-20261010-source-sahraeian2022-additional-file-2,"Additional file 2 Table S2, INDELs section, row 'WGS_NS_T_6 vs WGS_NS_N_6', column 'MuTect2'",67.9,result
somatic-neusomatic-20261010-result-sahraeian2022-mutect2-wgs-indel-wgs-ns-t-7-wgs-ns-n-7,somatic-neusomatic-20261010-source-sahraeian2022-additional-file-2,"Additional file 2 Table S2, INDELs section, row 'WGS_NS_T_7 vs WGS_NS_N_7', column 'MuTect2'",66.5,result
somatic-neusomatic-20261010-result-sahraeian2022-mutect2-wgs-indel-wgs-ns-t-8-wgs-ns-n-8,somatic-neusomatic-20261010-source-sahraeian2022-additional-file-2,"Additional file 2 Table S2, INDELs section, row 'WGS_NS_T_8 vs WGS_NS_N_8', column 'MuTect2'",74.6,result
somatic-neusomatic-20261010-result-sahraeian2022-mutect2-wgs-indel-wgs-ns-t-9-wgs-ns-n-9,somatic-neusomatic-20261010-source-sahraeian2022-additional-file-2,"Additional file 2 Table S2, INDELs section, row 'WGS_NS_T_9 vs WGS_NS_N_9', column 'MuTect2'",73.9,result
somatic-neusomatic-20261010-result-sahraeian2022-mutect2-wgs-indel-wgs-nv-t-1-wgs-nv-n-1,somatic-neusomatic-20261010-source-sahraeian2022-additional-file-2,"Additional file 2 Table S2, INDELs section, row 'WGS_NV_T_1 vs WGS_NV_N_1', column 'MuTect2'",74.3,result
somatic-neusomatic-20261010-result-sahraeian2022-mutect2-wgs-indel-wgs-nv-t-2-wgs-nv-n-2,somatic-neusomatic-20261010-source-sahraeian2022-additional-file-2,"Additional file 2 Table S2, INDELs section, row 'WGS_NV_T_2 vs WGS_NV_N_2', column 'MuTect2'",74.2,result
somatic-neusomatic-20261010-result-sahraeian2022-mutect2-wgs-indel-wgs-nv-t-3-wgs-nv-n-3,somatic-neusomatic-20261010-source-sahraeian2022-additional-file-2,"Additional file 2 Table S2, INDELs section, row 'WGS_NV_T_3 vs WGS_NV_N_3', column 'MuTect2'",76.0,result
somatic-neusomatic-20261010-result-sahraeian2022-mutect2-wgs-snv-average,somatic-neusomatic-20261010-source-sahraeian2022-additional-file-2,"Additional file 2 Table S2, SNVs section, row 'Average', column 'MuTect2'",85.8,result
somatic-neusomatic-20261010-result-sahraeian2022-mutect2-wgs-snv-wgs-ea-t-1-wgs-ea-n-1,somatic-neusomatic-20261010-source-sahraeian2022-additional-file-2,"Additional file 2 Table S2, SNVs section, row 'WGS_EA_T_1 vs WGS_EA_N_1', column 'MuTect2'",90.8,result
somatic-neusomatic-20261010-result-sahraeian2022-mutect2-wgs-snv-wgs-fd-t-1-wgs-fd-n-1,somatic-neusomatic-20261010-source-sahraeian2022-additional-file-2,"Additional file 2 Table S2, SNVs section, row 'WGS_FD_T_1 vs WGS_FD_N_1', column 'MuTect2'",90.5,result
somatic-neusomatic-20261010-result-sahraeian2022-mutect2-wgs-snv-wgs-fd-t-2-wgs-fd-n-2,somatic-neusomatic-20261010-source-sahraeian2022-additional-file-2,"Additional file 2 Table S2, SNVs section, row 'WGS_FD_T_2 vs WGS_FD_N_2', column 'MuTect2'",90.7,result
somatic-neusomatic-20261010-result-sahraeian2022-mutect2-wgs-snv-wgs-fd-t-3-wgs-fd-n-3,somatic-neusomatic-20261010-source-sahraeian2022-additional-file-2,"Additional file 2 Table S2, SNVs section, row 'WGS_FD_T_3 vs WGS_FD_N_3', column 'MuTect2'",90.5,result
somatic-neusomatic-20261010-result-sahraeian2022-mutect2-wgs-snv-wgs-il-t-1-wgs-il-n-1,somatic-neusomatic-20261010-source-sahraeian2022-additional-file-2,"Additional file 2 Table S2, SNVs section, row 'WGS_IL_T_1 vs WGS_IL_N_1', column 'MuTect2'",91.9,result
somatic-neusomatic-20261010-result-sahraeian2022-mutect2-wgs-snv-wgs-il-t-2-wgs-il-n-2,somatic-neusomatic-20261010-source-sahraeian2022-additional-file-2,"Additional file 2 Table S2, SNVs section, row 'WGS_IL_T_2 vs WGS_IL_N_2', column 'MuTect2'",90.5,result
somatic-neusomatic-20261010-result-sahraeian2022-mutect2-wgs-snv-wgs-il-t-3-wgs-il-n-3,somatic-neusomatic-20261010-source-sahraeian2022-additional-file-2,"Additional file 2 Table S2, SNVs section, row 'WGS_IL_T_3 vs WGS_IL_N_3', column 'MuTect2'",90.3,result
somatic-neusomatic-20261010-result-sahraeian2022-mutect2-wgs-snv-wgs-ll-t-1-wgs-ll-n-1,somatic-neusomatic-20261010-source-sahraeian2022-additional-file-2,"Additional file 2 Table S2, SNVs section, row 'WGS_LL_T_1 vs WGS_LL_N_1', column 'MuTect2'",79.0,result
somatic-neusomatic-20261010-result-sahraeian2022-mutect2-wgs-snv-wgs-nc-t-1-wgs-nc-n-1,somatic-neusomatic-20261010-source-sahraeian2022-additional-file-2,"Additional file 2 Table S2, SNVs section, row 'WGS_NC_T_1 vs WGS_NC_N_1', column 'MuTect2'",89.5,result
somatic-neusomatic-20261010-result-sahraeian2022-mutect2-wgs-snv-wgs-ns-t-1-wgs-ns-n-1,somatic-neusomatic-20261010-source-sahraeian2022-additional-file-2,"Additional file 2 Table S2, SNVs section, row 'WGS_NS_T_1 vs WGS_NS_N_1', column 'MuTect2'",79.2,result
somatic-neusomatic-20261010-result-sahraeian2022-mutect2-wgs-snv-wgs-ns-t-2-wgs-ns-n-2,somatic-neusomatic-20261010-source-sahraeian2022-additional-file-2,"Additional file 2 Table S2, SNVs section, row 'WGS_NS_T_2 vs WGS_NS_N_2', column 'MuTect2'",84.1,result
somatic-neusomatic-20261010-result-sahraeian2022-mutect2-wgs-snv-wgs-ns-t-3-wgs-ns-n-3,somatic-neusomatic-20261010-source-sahraeian2022-additional-file-2,"Additional file 2 Table S2, SNVs section, row 'WGS_NS_T_3 vs WGS_NS_N_3', column 'MuTect2'",83.8,result
somatic-neusomatic-20261010-result-sahraeian2022-mutect2-wgs-snv-wgs-ns-t-4-wgs-ns-n-4,somatic-neusomatic-20261010-source-sahraeian2022-additional-file-2,"Additional file 2 Table S2, SNVs section, row 'WGS_NS_T_4 vs WGS_NS_N_4', column 'MuTect2'",79.0,result
somatic-neusomatic-20261010-result-sahraeian2022-mutect2-wgs-snv-wgs-ns-t-5-wgs-ns-n-5,somatic-neusomatic-20261010-source-sahraeian2022-additional-file-2,"Additional file 2 Table S2, SNVs section, row 'WGS_NS_T_5 vs WGS_NS_N_5', column 'MuTect2'",78.9,result
somatic-neusomatic-20261010-result-sahraeian2022-mutect2-wgs-snv-wgs-ns-t-6-wgs-ns-n-6,somatic-neusomatic-20261010-source-sahraeian2022-additional-file-2,"Additional file 2 Table S2, SNVs section, row 'WGS_NS_T_6 vs WGS_NS_N_6', column 'MuTect2'",79.0,result
somatic-neusomatic-20261010-result-sahraeian2022-mutect2-wgs-snv-wgs-ns-t-7-wgs-ns-n-7,somatic-neusomatic-20261010-source-sahraeian2022-additional-file-2,"Additional file 2 Table S2, SNVs section, row 'WGS_NS_T_7 vs WGS_NS_N_7', column 'MuTect2'",73.4,result
somatic-neusomatic-20261010-result-sahraeian2022-mutect2-wgs-snv-wgs-ns-t-8-wgs-ns-n-8,somatic-neusomatic-20261010-source-sahraeian2022-additional-file-2,"Additional file 2 Table S2, SNVs section, row 'WGS_NS_T_8 vs WGS_NS_N_8', column 'MuTect2'",85.8,result
somatic-neusomatic-20261010-result-sahraeian2022-mutect2-wgs-snv-wgs-ns-t-9-wgs-ns-n-9,somatic-neusomatic-20261010-source-sahraeian2022-additional-file-2,"Additional file 2 Table S2, SNVs section, row 'WGS_NS_T_9 vs WGS_NS_N_9', column 'MuTect2'",86.5,result
somatic-neusomatic-20261010-result-sahraeian2022-mutect2-wgs-snv-wgs-nv-t-1-wgs-nv-n-1,somatic-neusomatic-20261010-source-sahraeian2022-additional-file-2,"Additional file 2 Table S2, SNVs section, row 'WGS_NV_T_1 vs WGS_NV_N_1', column 'MuTect2'",88.2,result
somatic-neusomatic-20261010-result-sahraeian2022-mutect2-wgs-snv-wgs-nv-t-2-wgs-nv-n-2,somatic-neusomatic-20261010-source-sahraeian2022-additional-file-2,"Additional file 2 Table S2, SNVs section, row 'WGS_NV_T_2 vs WGS_NV_N_2', column 'MuTect2'",87.8,result
somatic-neusomatic-20261010-result-sahraeian2022-mutect2-wgs-snv-wgs-nv-t-3-wgs-nv-n-3,somatic-neusomatic-20261010-source-sahraeian2022-additional-file-2,"Additional file 2 Table S2, SNVs section, row 'WGS_NV_T_3 vs WGS_NV_N_3', column 'MuTect2'",92.0,result
somatic-neusomatic-20261010-result-sahraeian2022-neusomatic-dream3-library-prep-indel-average,somatic-neusomatic-20261010-source-sahraeian2022-additional-file-2,"Additional file 2 Table S4, INDELs section, row 'Average', column 'NeuSomatic DREAM3'",68.1,result
somatic-neusomatic-20261010-result-sahraeian2022-neusomatic-dream3-library-prep-indel-lbp-nextera-t-100ng-lbp-nextera-n-100ng,somatic-neusomatic-20261010-source-sahraeian2022-additional-file-2,"Additional file 2 Table S4, INDELs section, row 'LBP_Nextera_T_100ng vs LBP_Nextera_N_100ng', column 'NeuSomatic DREAM3'",79.9,result
somatic-neusomatic-20261010-result-sahraeian2022-neusomatic-dream3-library-prep-indel-lbp-nextera-t-10ng-lbp-nextera-n-10ng,somatic-neusomatic-20261010-source-sahraeian2022-additional-file-2,"Additional file 2 Table S4, INDELs section, row 'LBP_Nextera_T_10ng vs LBP_Nextera_N_10ng', column 'NeuSomatic DREAM3'",80.2,result
somatic-neusomatic-20261010-result-sahraeian2022-neusomatic-dream3-library-prep-indel-lbp-nextera-t-1ng-lbp-nextera-n-1ng,somatic-neusomatic-20261010-source-sahraeian2022-additional-file-2,"Additional file 2 Table S4, INDELs section, row 'LBP_Nextera_T_1ng vs LBP_Nextera_N_1ng', column 'NeuSomatic DREAM3'",76.6,result
somatic-neusomatic-20261010-result-sahraeian2022-neusomatic-dream3-library-prep-indel-lbp-truseq-t-100ng-lbp-truseq-n-100ng,somatic-neusomatic-20261010-source-sahraeian2022-additional-file-2,"Additional file 2 Table S4, INDELs section, row 'LBP_TruSeq_T_100ng vs LBP_TruSeq_N_100ng', column 'NeuSomatic DREAM3'",77.6,result
somatic-neusomatic-20261010-result-sahraeian2022-neusomatic-dream3-library-prep-indel-lbp-truseq-t-10ng-lbp-truseq-n-10ng,somatic-neusomatic-20261010-source-sahraeian2022-additional-file-2,"Additional file 2 Table S4, INDELs section, row 'LBP_TruSeq_T_10ng vs LBP_TruSeq_N_10ng', column 'NeuSomatic DREAM3'",70.8,result
somatic-neusomatic-20261010-result-sahraeian2022-neusomatic-dream3-library-prep-indel-lbp-truseq-t-1ng-lbp-truseq-n-1ng,somatic-neusomatic-20261010-source-sahraeian2022-additional-file-2,"Additional file 2 Table S4, INDELs section, row 'LBP_TruSeq_T_1ng vs LBP_TruSeq_N_1ng', column 'NeuSomatic DREAM3'",23.5,result
somatic-neusomatic-20261010-result-sahraeian2022-neusomatic-dream3-library-prep-snv-average,somatic-neusomatic-20261010-source-sahraeian2022-additional-file-2,"Additional file 2 Table S4, SNVs section, row 'Average', column 'NeuSomatic DREAM3'",77.4,result
somatic-neusomatic-20261010-result-sahraeian2022-neusomatic-dream3-library-prep-snv-lbp-nextera-t-100ng-lbp-nextera-n-100ng,somatic-neusomatic-20261010-source-sahraeian2022-additional-file-2,"Additional file 2 Table S4, SNVs section, row 'LBP_Nextera_T_100ng vs LBP_Nextera_N_100ng', column 'NeuSomatic DREAM3'",93.0,result
somatic-neusomatic-20261010-result-sahraeian2022-neusomatic-dream3-library-prep-snv-lbp-nextera-t-10ng-lbp-nextera-n-10ng,somatic-neusomatic-20261010-source-sahraeian2022-additional-file-2,"Additional file 2 Table S4, SNVs section, row 'LBP_Nextera_T_10ng vs LBP_Nextera_N_10ng', column 'NeuSomatic DREAM3'",93.1,result
somatic-neusomatic-20261010-result-sahraeian2022-neusomatic-dream3-library-prep-snv-lbp-nextera-t-1ng-lbp-nextera-n-1ng,somatic-neusomatic-20261010-source-sahraeian2022-additional-file-2,"Additional file 2 Table S4, SNVs section, row 'LBP_Nextera_T_1ng vs LBP_Nextera_N_1ng', column 'NeuSomatic DREAM3'",89.2,result
somatic-neusomatic-20261010-result-sahraeian2022-neusomatic-dream3-library-prep-snv-lbp-truseq-t-100ng-lbp-truseq-n-100ng,somatic-neusomatic-20261010-source-sahraeian2022-additional-file-2,"Additional file 2 Table S4, SNVs section, row 'LBP_TruSeq_T_100ng vs LBP_TruSeq_N_100ng', column 'NeuSomatic DREAM3'",90.4,result
somatic-neusomatic-20261010-result-sahraeian2022-neusomatic-dream3-library-prep-snv-lbp-truseq-t-10ng-lbp-truseq-n-10ng,somatic-neusomatic-20261010-source-sahraeian2022-additional-file-2,"Additional file 2 Table S4, SNVs section, row 'LBP_TruSeq_T_10ng vs LBP_TruSeq_N_10ng', column 'NeuSomatic DREAM3'",79.6,result
somatic-neusomatic-20261010-result-sahraeian2022-neusomatic-dream3-library-prep-snv-lbp-truseq-t-1ng-lbp-truseq-n-1ng,somatic-neusomatic-20261010-source-sahraeian2022-additional-file-2,"Additional file 2 Table S4, SNVs section, row 'LBP_TruSeq_T_1ng vs LBP_TruSeq_N_1ng', column 'NeuSomatic DREAM3'",19.2,result
somatic-neusomatic-20261010-result-sahraeian2022-neusomatic-dream3-titration-indel-average,somatic-neusomatic-20261010-source-sahraeian2022-additional-file-2,"Additional file 2 Table S3, INDELs section, row 'Average', column 'NeuSomatic DREAM3'",57.8,result
somatic-neusomatic-20261010-result-sahraeian2022-neusomatic-dream3-titration-indel-spp-100x-10-t-spp-100x-100-n,somatic-neusomatic-20261010-source-sahraeian2022-additional-file-2,"Additional file 2 Table S3, INDELs section, row 'SPP_100x_10%T vs SPP_100x_100%N', column 'NeuSomatic DREAM3'",51.6,result
somatic-neusomatic-20261010-result-sahraeian2022-neusomatic-dream3-titration-indel-spp-100x-100-t-spp-100x-100-n,somatic-neusomatic-20261010-source-sahraeian2022-additional-file-2,"Additional file 2 Table S3, INDELs section, row 'SPP_100x_100%T vs SPP_100x_100%N', column 'NeuSomatic DREAM3'",83.2,result
somatic-neusomatic-20261010-result-sahraeian2022-neusomatic-dream3-titration-indel-spp-100x-20-t-spp-100x-100-n,somatic-neusomatic-20261010-source-sahraeian2022-additional-file-2,"Additional file 2 Table S3, INDELs section, row 'SPP_100x_20%T vs SPP_100x_100%N', column 'NeuSomatic DREAM3'",72.1,result
somatic-neusomatic-20261010-result-sahraeian2022-neusomatic-dream3-titration-indel-spp-100x-5-t-spp-100x-100-n,somatic-neusomatic-20261010-source-sahraeian2022-additional-file-2,"Additional file 2 Table S3, INDELs section, row 'SPP_100x_5%T vs SPP_100x_100%N', column 'NeuSomatic DREAM3'",25.5,result
somatic-neusomatic-20261010-result-sahraeian2022-neusomatic-dream3-titration-indel-spp-100x-50-t-spp-100x-100-n,somatic-neusomatic-20261010-source-sahraeian2022-additional-file-2,"Additional file 2 Table S3, INDELs section, row 'SPP_100x_50%T vs SPP_100x_100%N', column 'NeuSomatic DREAM3'",80.4,result
somatic-neusomatic-20261010-result-sahraeian2022-neusomatic-dream3-titration-indel-spp-100x-75-t-spp-100x-100-n,somatic-neusomatic-20261010-source-sahraeian2022-additional-file-2,"Additional file 2 Table S3, INDELs section, row 'SPP_100x_75%T vs SPP_100x_100%N', column 'NeuSomatic DREAM3'",82.3,result
somatic-neusomatic-20261010-result-sahraeian2022-neusomatic-dream3-titration-indel-spp-10x-10-t-spp-10x-100-n,somatic-neusomatic-20261010-source-sahraeian2022-additional-file-2,"Additional file 2 Table S3, INDELs section, row 'SPP_10x_10%T vs SPP_10x_100%N', column 'NeuSomatic DREAM3'",12.7,result
somatic-neusomatic-20261010-result-sahraeian2022-neusomatic-dream3-titration-indel-spp-10x-100-t-spp-10x-100-n,somatic-neusomatic-20261010-source-sahraeian2022-additional-file-2,"Additional file 2 Table S3, INDELs section, row 'SPP_10x_100%T vs SPP_10x_100%N', column 'NeuSomatic DREAM3'",40.2,result
somatic-neusomatic-20261010-result-sahraeian2022-neusomatic-dream3-titration-indel-spp-10x-20-t-spp-10x-100-n,somatic-neusomatic-20261010-source-sahraeian2022-additional-file-2,"Additional file 2 Table S3, INDELs section, row 'SPP_10x_20%T vs SPP_10x_100%N', column 'NeuSomatic DREAM3'",25.0,result
somatic-neusomatic-20261010-result-sahraeian2022-neusomatic-dream3-titration-indel-spp-10x-5-t-spp-10x-100-n,somatic-neusomatic-20261010-source-sahraeian2022-additional-file-2,"Additional file 2 Table S3, INDELs section, row 'SPP_10x_5%T vs SPP_10x_100%N', column 'NeuSomatic DREAM3'",5.6,result
somatic-neusomatic-20261010-result-sahraeian2022-neusomatic-dream3-titration-indel-spp-10x-50-t-spp-10x-100-n,somatic-neusomatic-20261010-source-sahraeian2022-additional-file-2,"Additional file 2 Table S3, INDELs section, row 'SPP_10x_50%T vs SPP_10x_100%N', column 'NeuSomatic DREAM3'",39.0,result
somatic-neusomatic-20261010-result-sahraeian2022-neusomatic-dream3-titration-indel-spp-10x-75-t-spp-10x-100-n,somatic-neusomatic-20261010-source-sahraeian2022-additional-file-2,"Additional file 2 Table S3, INDELs section, row 'SPP_10x_75%T vs SPP_10x_100%N', column 'NeuSomatic DREAM3'",46.2,result
somatic-neusomatic-20261010-result-sahraeian2022-neusomatic-dream3-titration-indel-spp-200x-10-t-spp-200x-100-n,somatic-neusomatic-20261010-source-sahraeian2022-additional-file-2,"Additional file 2 Table S3, INDELs section, row 'SPP_200x_10%T vs SPP_200x_100%N', column 'NeuSomatic DREAM3'",62.0,result
somatic-neusomatic-20261010-result-sahraeian2022-neusomatic-dream3-titration-indel-spp-200x-100-t-spp-200x-100-n,somatic-neusomatic-20261010-source-sahraeian2022-additional-file-2,"Additional file 2 Table S3, INDELs section, row 'SPP_200x_100%T vs SPP_200x_100%N', column 'NeuSomatic DREAM3'",81.9,result
somatic-neusomatic-20261010-result-sahraeian2022-neusomatic-dream3-titration-indel-spp-200x-20-t-spp-200x-100-n,somatic-neusomatic-20261010-source-sahraeian2022-additional-file-2,"Additional file 2 Table S3, INDELs section, row 'SPP_200x_20%T vs SPP_200x_100%N', column 'NeuSomatic DREAM3'",73.3,result
somatic-neusomatic-20261010-result-sahraeian2022-neusomatic-dream3-titration-indel-spp-200x-5-t-spp-200x-100-n,somatic-neusomatic-20261010-source-sahraeian2022-additional-file-2,"Additional file 2 Table S3, INDELs section, row 'SPP_200x_5%T vs SPP_200x_100%N', column 'NeuSomatic DREAM3'",42.0,result
somatic-neusomatic-20261010-result-sahraeian2022-neusomatic-dream3-titration-indel-spp-200x-50-t-spp-200x-100-n,somatic-neusomatic-20261010-source-sahraeian2022-additional-file-2,"Additional file 2 Table S3, INDELs section, row 'SPP_200x_50%T vs SPP_200x_100%N', column 'NeuSomatic DREAM3'",80.0,result
somatic-neusomatic-20261010-result-sahraeian2022-neusomatic-dream3-titration-indel-spp-200x-75-t-spp-200x-100-n,somatic-neusomatic-20261010-source-sahraeian2022-additional-file-2,"Additional file 2 Table S3, INDELs section, row 'SPP_200x_75%T vs SPP_200x_100%N', column 'NeuSomatic DREAM3'",82.0,result
somatic-neusomatic-20261010-result-sahraeian2022-neusomatic-dream3-titration-indel-spp-300x-10-t-spp-300x-100-n,somatic-neusomatic-20261010-source-sahraeian2022-additional-file-2,"Additional file 2 Table S3, INDELs section, row 'SPP_300x_10%T vs SPP_300x_100%N', column 'NeuSomatic DREAM3'",66.6,result
somatic-neusomatic-20261010-result-sahraeian2022-neusomatic-dream3-titration-indel-spp-300x-100-t-spp-300x-100-n,somatic-neusomatic-20261010-source-sahraeian2022-additional-file-2,"Additional file 2 Table S3, INDELs section, row 'SPP_300x_100%T vs SPP_300x_100%N', column 'NeuSomatic DREAM3'",80.9,result
somatic-neusomatic-20261010-result-sahraeian2022-neusomatic-dream3-titration-indel-spp-300x-20-t-spp-300x-100-n,somatic-neusomatic-20261010-source-sahraeian2022-additional-file-2,"Additional file 2 Table S3, INDELs section, row 'SPP_300x_20%T vs SPP_300x_100%N', column 'NeuSomatic DREAM3'",75.2,result
somatic-neusomatic-20261010-result-sahraeian2022-neusomatic-dream3-titration-indel-spp-300x-5-t-spp-300x-100-n,somatic-neusomatic-20261010-source-sahraeian2022-additional-file-2,"Additional file 2 Table S3, INDELs section, row 'SPP_300x_5%T vs SPP_300x_100%N', column 'NeuSomatic DREAM3'",47.6,result
somatic-neusomatic-20261010-result-sahraeian2022-neusomatic-dream3-titration-indel-spp-300x-50-t-spp-300x-100-n,somatic-neusomatic-20261010-source-sahraeian2022-additional-file-2,"Additional file 2 Table S3, INDELs section, row 'SPP_300x_50%T vs SPP_300x_100%N', column 'NeuSomatic DREAM3'",79.9,result
somatic-neusomatic-20261010-result-sahraeian2022-neusomatic-dream3-titration-indel-spp-300x-75-t-spp-300x-100-n,somatic-neusomatic-20261010-source-sahraeian2022-additional-file-2,"Additional file 2 Table S3, INDELs section, row 'SPP_300x_75%T vs SPP_300x_100%N', column 'NeuSomatic DREAM3'",82.0,result
somatic-neusomatic-20261010-result-sahraeian2022-neusomatic-dream3-titration-indel-spp-30x-10-t-spp-30x-100-n,somatic-neusomatic-20261010-source-sahraeian2022-additional-file-2,"Additional file 2 Table S3, INDELs section, row 'SPP_30x_10%T vs SPP_30x_100%N', column 'NeuSomatic DREAM3'",24.9,result
somatic-neusomatic-20261010-result-sahraeian2022-neusomatic-dream3-titration-indel-spp-30x-100-t-spp-30x-100-n,somatic-neusomatic-20261010-source-sahraeian2022-additional-file-2,"Additional file 2 Table S3, INDELs section, row 'SPP_30x_100%T vs SPP_30x_100%N', column 'NeuSomatic DREAM3'",72.8,result
somatic-neusomatic-20261010-result-sahraeian2022-neusomatic-dream3-titration-indel-spp-30x-20-t-spp-30x-100-n,somatic-neusomatic-20261010-source-sahraeian2022-additional-file-2,"Additional file 2 Table S3, INDELs section, row 'SPP_30x_20%T vs SPP_30x_100%N', column 'NeuSomatic DREAM3'",43.9,result
somatic-neusomatic-20261010-result-sahraeian2022-neusomatic-dream3-titration-indel-spp-30x-5-t-spp-30x-100-n,somatic-neusomatic-20261010-source-sahraeian2022-additional-file-2,"Additional file 2 Table S3, INDELs section, row 'SPP_30x_5%T vs SPP_30x_100%N', column 'NeuSomatic DREAM3'",12.1,result
somatic-neusomatic-20261010-result-sahraeian2022-neusomatic-dream3-titration-indel-spp-30x-50-t-spp-30x-100-n,somatic-neusomatic-20261010-source-sahraeian2022-additional-file-2,"Additional file 2 Table S3, INDELs section, row 'SPP_30x_50%T vs SPP_30x_100%N', column 'NeuSomatic DREAM3'",57.7,result
somatic-neusomatic-20261010-result-sahraeian2022-neusomatic-dream3-titration-indel-spp-30x-75-t-spp-30x-100-n,somatic-neusomatic-20261010-source-sahraeian2022-additional-file-2,"Additional file 2 Table S3, INDELs section, row 'SPP_30x_75%T vs SPP_30x_100%N', column 'NeuSomatic DREAM3'",73.2,result
somatic-neusomatic-20261010-result-sahraeian2022-neusomatic-dream3-titration-indel-spp-50x-10-t-spp-50x-100-n,somatic-neusomatic-20261010-source-sahraeian2022-additional-file-2,"Additional file 2 Table S3, INDELs section, row 'SPP_50x_10%T vs SPP_50x_100%N', column 'NeuSomatic DREAM3'",33.2,result
somatic-neusomatic-20261010-result-sahraeian2022-neusomatic-dream3-titration-indel-spp-50x-100-t-spp-50x-100-n,somatic-neusomatic-20261010-source-sahraeian2022-additional-file-2,"Additional file 2 Table S3, INDELs section, row 'SPP_50x_100%T vs SPP_50x_100%N', column 'NeuSomatic DREAM3'",78.6,result
somatic-neusomatic-20261010-result-sahraeian2022-neusomatic-dream3-titration-indel-spp-50x-20-t-spp-50x-100-n,somatic-neusomatic-20261010-source-sahraeian2022-additional-file-2,"Additional file 2 Table S3, INDELs section, row 'SPP_50x_20%T vs SPP_50x_100%N', column 'NeuSomatic DREAM3'",54.2,result
somatic-neusomatic-20261010-result-sahraeian2022-neusomatic-dream3-titration-indel-spp-50x-5-t-spp-50x-100-n,somatic-neusomatic-20261010-source-sahraeian2022-additional-file-2,"Additional file 2 Table S3, INDELs section, row 'SPP_50x_5%T vs SPP_50x_100%N', column 'NeuSomatic DREAM3'",15.3,result
somatic-neusomatic-20261010-result-sahraeian2022-neusomatic-dream3-titration-indel-spp-50x-50-t-spp-50x-100-n,somatic-neusomatic-20261010-source-sahraeian2022-additional-file-2,"Additional file 2 Table S3, INDELs section, row 'SPP_50x_50%T vs SPP_50x_100%N', column 'NeuSomatic DREAM3'",77.3,result
somatic-neusomatic-20261010-result-sahraeian2022-neusomatic-dream3-titration-indel-spp-50x-75-t-spp-50x-100-n,somatic-neusomatic-20261010-source-sahraeian2022-additional-file-2,"Additional file 2 Table S3, INDELs section, row 'SPP_50x_75%T vs SPP_50x_100%N', column 'NeuSomatic DREAM3'",78.6,result
somatic-neusomatic-20261010-result-sahraeian2022-neusomatic-dream3-titration-indel-spp-80x-10-t-spp-80x-100-n,somatic-neusomatic-20261010-source-sahraeian2022-additional-file-2,"Additional file 2 Table S3, INDELs section, row 'SPP_80x_10%T vs SPP_80x_100%N', column 'NeuSomatic DREAM3'",44.6,result
somatic-neusomatic-20261010-result-sahraeian2022-neusomatic-dream3-titration-indel-spp-80x-10-t-spp-80x-95-n,somatic-neusomatic-20261010-source-sahraeian2022-additional-file-2,"Additional file 2 Table S3, INDELs section, row 'SPP_80x_10%T vs SPP_80x_95%N', column 'NeuSomatic DREAM3'",27.1,result
somatic-neusomatic-20261010-result-sahraeian2022-neusomatic-dream3-titration-indel-spp-80x-100-t-spp-80x-100-n,somatic-neusomatic-20261010-source-sahraeian2022-additional-file-2,"Additional file 2 Table S3, INDELs section, row 'SPP_80x_100%T vs SPP_80x_100%N', column 'NeuSomatic DREAM3'",82.3,result
somatic-neusomatic-20261010-result-sahraeian2022-neusomatic-dream3-titration-indel-spp-80x-100-t-spp-80x-95-n,somatic-neusomatic-20261010-source-sahraeian2022-additional-file-2,"Additional file 2 Table S3, INDELs section, row 'SPP_80x_100%T vs SPP_80x_95%N', column 'NeuSomatic DREAM3'",74.5,result
somatic-neusomatic-20261010-result-sahraeian2022-neusomatic-dream3-titration-indel-spp-80x-20-t-spp-80x-100-n,somatic-neusomatic-20261010-source-sahraeian2022-additional-file-2,"Additional file 2 Table S3, INDELs section, row 'SPP_80x_20%T vs SPP_80x_100%N', column 'NeuSomatic DREAM3'",64.5,result
somatic-neusomatic-20261010-result-sahraeian2022-neusomatic-dream3-titration-indel-spp-80x-20-t-spp-80x-95-n,somatic-neusomatic-20261010-source-sahraeian2022-additional-file-2,"Additional file 2 Table S3, INDELs section, row 'SPP_80x_20%T vs SPP_80x_95%N', column 'NeuSomatic DREAM3'",50.5,result
somatic-neusomatic-20261010-result-sahraeian2022-neusomatic-dream3-titration-indel-spp-80x-5-t-spp-80x-100-n,somatic-neusomatic-20261010-source-sahraeian2022-additional-file-2,"Additional file 2 Table S3, INDELs section, row 'SPP_80x_5%T vs SPP_80x_100%N', column 'NeuSomatic DREAM3'",23.4,result
somatic-neusomatic-20261010-result-sahraeian2022-neusomatic-dream3-titration-indel-spp-80x-50-t-spp-80x-100-n,somatic-neusomatic-20261010-source-sahraeian2022-additional-file-2,"Additional file 2 Table S3, INDELs section, row 'SPP_80x_50%T vs SPP_80x_100%N', column 'NeuSomatic DREAM3'",80.7,result
somatic-neusomatic-20261010-result-sahraeian2022-neusomatic-dream3-titration-indel-spp-80x-50-t-spp-80x-95-n,somatic-neusomatic-20261010-source-sahraeian2022-additional-file-2,"Additional file 2 Table S3, INDELs section, row 'SPP_80x_50%T vs SPP_80x_95%N', column 'NeuSomatic DREAM3'",74.0,result
somatic-neusomatic-20261010-result-sahraeian2022-neusomatic-dream3-titration-indel-spp-80x-75-t-spp-80x-100-n,somatic-neusomatic-20261010-source-sahraeian2022-additional-file-2,"Additional file 2 Table S3, INDELs section, row 'SPP_80x_75%T vs SPP_80x_100%N', column 'NeuSomatic DREAM3'",81.8,result
somatic-neusomatic-20261010-result-sahraeian2022-neusomatic-dream3-titration-indel-spp-80x-75-t-spp-80x-95-n,somatic-neusomatic-20261010-source-sahraeian2022-additional-file-2,"Additional file 2 Table S3, INDELs section, row 'SPP_80x_75%T vs SPP_80x_95%N', column 'NeuSomatic DREAM3'",76.4,result
somatic-neusomatic-20261010-result-sahraeian2022-neusomatic-dream3-titration-snv-average,somatic-neusomatic-20261010-source-sahraeian2022-additional-file-2,"Additional file 2 Table S3, SNVs section, row 'Average', column 'NeuSomatic DREAM3'",66.1,result
somatic-neusomatic-20261010-result-sahraeian2022-neusomatic-dream3-titration-snv-spp-100x-10-t-spp-100x-100-n,somatic-neusomatic-20261010-source-sahraeian2022-additional-file-2,"Additional file 2 Table S3, SNVs section, row 'SPP_100x_10%T vs SPP_100x_100%N', column 'NeuSomatic DREAM3'",63.0,result
somatic-neusomatic-20261010-result-sahraeian2022-neusomatic-dream3-titration-snv-spp-100x-100-t-spp-100x-100-n,somatic-neusomatic-20261010-source-sahraeian2022-additional-file-2,"Additional file 2 Table S3, SNVs section, row 'SPP_100x_100%T vs SPP_100x_100%N', column 'NeuSomatic DREAM3'",95.9,result
somatic-neusomatic-20261010-result-sahraeian2022-neusomatic-dream3-titration-snv-spp-100x-20-t-spp-100x-100-n,somatic-neusomatic-20261010-source-sahraeian2022-additional-file-2,"Additional file 2 Table S3, SNVs section, row 'SPP_100x_20%T vs SPP_100x_100%N', column 'NeuSomatic DREAM3'",82.6,result
somatic-neusomatic-20261010-result-sahraeian2022-neusomatic-dream3-titration-snv-spp-100x-5-t-spp-100x-100-n,somatic-neusomatic-20261010-source-sahraeian2022-additional-file-2,"Additional file 2 Table S3, SNVs section, row 'SPP_100x_5%T vs SPP_100x_100%N', column 'NeuSomatic DREAM3'",33.6,result
somatic-neusomatic-20261010-result-sahraeian2022-neusomatic-dream3-titration-snv-spp-100x-50-t-spp-100x-100-n,somatic-neusomatic-20261010-source-sahraeian2022-additional-file-2,"Additional file 2 Table S3, SNVs section, row 'SPP_100x_50%T vs SPP_100x_100%N', column 'NeuSomatic DREAM3'",92.8,result
somatic-neusomatic-20261010-result-sahraeian2022-neusomatic-dream3-titration-snv-spp-100x-75-t-spp-100x-100-n,somatic-neusomatic-20261010-source-sahraeian2022-additional-file-2,"Additional file 2 Table S3, SNVs section, row 'SPP_100x_75%T vs SPP_100x_100%N', column 'NeuSomatic DREAM3'",95.2,result
somatic-neusomatic-20261010-result-sahraeian2022-neusomatic-dream3-titration-snv-spp-10x-10-t-spp-10x-100-n,somatic-neusomatic-20261010-source-sahraeian2022-additional-file-2,"Additional file 2 Table S3, SNVs section, row 'SPP_10x_10%T vs SPP_10x_100%N', column 'NeuSomatic DREAM3'",4.7,result
somatic-neusomatic-20261010-result-sahraeian2022-neusomatic-dream3-titration-snv-spp-10x-100-t-spp-10x-100-n,somatic-neusomatic-20261010-source-sahraeian2022-additional-file-2,"Additional file 2 Table S3, SNVs section, row 'SPP_10x_100%T vs SPP_10x_100%N', column 'NeuSomatic DREAM3'",33.9,result
somatic-neusomatic-20261010-result-sahraeian2022-neusomatic-dream3-titration-snv-spp-10x-20-t-spp-10x-100-n,somatic-neusomatic-20261010-source-sahraeian2022-additional-file-2,"Additional file 2 Table S3, SNVs section, row 'SPP_10x_20%T vs SPP_10x_100%N', column 'NeuSomatic DREAM3'",12.2,result
somatic-neusomatic-20261010-result-sahraeian2022-neusomatic-dream3-titration-snv-spp-10x-5-t-spp-10x-100-n,somatic-neusomatic-20261010-source-sahraeian2022-additional-file-2,"Additional file 2 Table S3, SNVs section, row 'SPP_10x_5%T vs SPP_10x_100%N', column 'NeuSomatic DREAM3'",1.7,result
somatic-neusomatic-20261010-result-sahraeian2022-neusomatic-dream3-titration-snv-spp-10x-50-t-spp-10x-100-n,somatic-neusomatic-20261010-source-sahraeian2022-additional-file-2,"Additional file 2 Table S3, SNVs section, row 'SPP_10x_50%T vs SPP_10x_100%N', column 'NeuSomatic DREAM3'",29.0,result
somatic-neusomatic-20261010-result-sahraeian2022-neusomatic-dream3-titration-snv-spp-10x-75-t-spp-10x-100-n,somatic-neusomatic-20261010-source-sahraeian2022-additional-file-2,"Additional file 2 Table S3, SNVs section, row 'SPP_10x_75%T vs SPP_10x_100%N', column 'NeuSomatic DREAM3'",33.8,result
somatic-neusomatic-20261010-result-sahraeian2022-neusomatic-dream3-titration-snv-spp-200x-10-t-spp-200x-100-n,somatic-neusomatic-20261010-source-sahraeian2022-additional-file-2,"Additional file 2 Table S3, SNVs section, row 'SPP_200x_10%T vs SPP_200x_100%N', column 'NeuSomatic DREAM3'",75.9,result
somatic-neusomatic-20261010-result-sahraeian2022-neusomatic-dream3-titration-snv-spp-200x-100-t-spp-200x-100-n,somatic-neusomatic-20261010-source-sahraeian2022-additional-file-2,"Additional file 2 Table S3, SNVs section, row 'SPP_200x_100%T vs SPP_200x_100%N', column 'NeuSomatic DREAM3'",97.0,result
somatic-neusomatic-20261010-result-sahraeian2022-neusomatic-dream3-titration-snv-spp-200x-20-t-spp-200x-100-n,somatic-neusomatic-20261010-source-sahraeian2022-additional-file-2,"Additional file 2 Table S3, SNVs section, row 'SPP_200x_20%T vs SPP_200x_100%N', column 'NeuSomatic DREAM3'",88.4,result
somatic-neusomatic-20261010-result-sahraeian2022-neusomatic-dream3-titration-snv-spp-200x-5-t-spp-200x-100-n,somatic-neusomatic-20261010-source-sahraeian2022-additional-file-2,"Additional file 2 Table S3, SNVs section, row 'SPP_200x_5%T vs SPP_200x_100%N', column 'NeuSomatic DREAM3'",50.7,result
somatic-neusomatic-20261010-result-sahraeian2022-neusomatic-dream3-titration-snv-spp-200x-50-t-spp-200x-100-n,somatic-neusomatic-20261010-source-sahraeian2022-additional-file-2,"Additional file 2 Table S3, SNVs section, row 'SPP_200x_50%T vs SPP_200x_100%N', column 'NeuSomatic DREAM3'",95.7,result
somatic-neusomatic-20261010-result-sahraeian2022-neusomatic-dream3-titration-snv-spp-200x-75-t-spp-200x-100-n,somatic-neusomatic-20261010-source-sahraeian2022-additional-file-2,"Additional file 2 Table S3, SNVs section, row 'SPP_200x_75%T vs SPP_200x_100%N', column 'NeuSomatic DREAM3'",97.0,result
somatic-neusomatic-20261010-result-sahraeian2022-neusomatic-dream3-titration-snv-spp-300x-10-t-spp-300x-100-n,somatic-neusomatic-20261010-source-sahraeian2022-additional-file-2,"Additional file 2 Table S3, SNVs section, row 'SPP_300x_10%T vs SPP_300x_100%N', column 'NeuSomatic DREAM3'",81.2,result
somatic-neusomatic-20261010-result-sahraeian2022-neusomatic-dream3-titration-snv-spp-300x-100-t-spp-300x-100-n,somatic-neusomatic-20261010-source-sahraeian2022-additional-file-2,"Additional file 2 Table S3, SNVs section, row 'SPP_300x_100%T vs SPP_300x_100%N', column 'NeuSomatic DREAM3'",97.0,result
somatic-neusomatic-20261010-result-sahraeian2022-neusomatic-dream3-titration-snv-spp-300x-20-t-spp-300x-100-n,somatic-neusomatic-20261010-source-sahraeian2022-additional-file-2,"Additional file 2 Table S3, SNVs section, row 'SPP_300x_20%T vs SPP_300x_100%N', column 'NeuSomatic DREAM3'",91.2,result
somatic-neusomatic-20261010-result-sahraeian2022-neusomatic-dream3-titration-snv-spp-300x-5-t-spp-300x-100-n,somatic-neusomatic-20261010-source-sahraeian2022-additional-file-2,"Additional file 2 Table S3, SNVs section, row 'SPP_300x_5%T vs SPP_300x_100%N', column 'NeuSomatic DREAM3'",61.9,result
somatic-neusomatic-20261010-result-sahraeian2022-neusomatic-dream3-titration-snv-spp-300x-50-t-spp-300x-100-n,somatic-neusomatic-20261010-source-sahraeian2022-additional-file-2,"Additional file 2 Table S3, SNVs section, row 'SPP_300x_50%T vs SPP_300x_100%N', column 'NeuSomatic DREAM3'",96.6,result
somatic-neusomatic-20261010-result-sahraeian2022-neusomatic-dream3-titration-snv-spp-300x-75-t-spp-300x-100-n,somatic-neusomatic-20261010-source-sahraeian2022-additional-file-2,"Additional file 2 Table S3, SNVs section, row 'SPP_300x_75%T vs SPP_300x_100%N', column 'NeuSomatic DREAM3'",97.5,result
somatic-neusomatic-20261010-result-sahraeian2022-neusomatic-dream3-titration-snv-spp-30x-10-t-spp-30x-100-n,somatic-neusomatic-20261010-source-sahraeian2022-additional-file-2,"Additional file 2 Table S3, SNVs section, row 'SPP_30x_10%T vs SPP_30x_100%N', column 'NeuSomatic DREAM3'",23.6,result
somatic-neusomatic-20261010-result-sahraeian2022-neusomatic-dream3-titration-snv-spp-30x-100-t-spp-30x-100-n,somatic-neusomatic-20261010-source-sahraeian2022-additional-file-2,"Additional file 2 Table S3, SNVs section, row 'SPP_30x_100%T vs SPP_30x_100%N', column 'NeuSomatic DREAM3'",84.0,result
somatic-neusomatic-20261010-result-sahraeian2022-neusomatic-dream3-titration-snv-spp-30x-20-t-spp-30x-100-n,somatic-neusomatic-20261010-source-sahraeian2022-additional-file-2,"Additional file 2 Table S3, SNVs section, row 'SPP_30x_20%T vs SPP_30x_100%N', column 'NeuSomatic DREAM3'",45.6,result
somatic-neusomatic-20261010-result-sahraeian2022-neusomatic-dream3-titration-snv-spp-30x-5-t-spp-30x-100-n,somatic-neusomatic-20261010-source-sahraeian2022-additional-file-2,"Additional file 2 Table S3, SNVs section, row 'SPP_30x_5%T vs SPP_30x_100%N', column 'NeuSomatic DREAM3'",9.1,result
somatic-neusomatic-20261010-result-sahraeian2022-neusomatic-dream3-titration-snv-spp-30x-50-t-spp-30x-100-n,somatic-neusomatic-20261010-source-sahraeian2022-additional-file-2,"Additional file 2 Table S3, SNVs section, row 'SPP_30x_50%T vs SPP_30x_100%N', column 'NeuSomatic DREAM3'",69.4,result
somatic-neusomatic-20261010-result-sahraeian2022-neusomatic-dream3-titration-snv-spp-30x-75-t-spp-30x-100-n,somatic-neusomatic-20261010-source-sahraeian2022-additional-file-2,"Additional file 2 Table S3, SNVs section, row 'SPP_30x_75%T vs SPP_30x_100%N', column 'NeuSomatic DREAM3'",82.3,result
somatic-neusomatic-20261010-result-sahraeian2022-neusomatic-dream3-titration-snv-spp-50x-10-t-spp-50x-100-n,somatic-neusomatic-20261010-source-sahraeian2022-additional-file-2,"Additional file 2 Table S3, SNVs section, row 'SPP_50x_10%T vs SPP_50x_100%N', column 'NeuSomatic DREAM3'",35.8,result
somatic-neusomatic-20261010-result-sahraeian2022-neusomatic-dream3-titration-snv-spp-50x-100-t-spp-50x-100-n,somatic-neusomatic-20261010-source-sahraeian2022-additional-file-2,"Additional file 2 Table S3, SNVs section, row 'SPP_50x_100%T vs SPP_50x_100%N', column 'NeuSomatic DREAM3'",91.8,result
somatic-neusomatic-20261010-result-sahraeian2022-neusomatic-dream3-titration-snv-spp-50x-20-t-spp-50x-100-n,somatic-neusomatic-20261010-source-sahraeian2022-additional-file-2,"Additional file 2 Table S3, SNVs section, row 'SPP_50x_20%T vs SPP_50x_100%N', column 'NeuSomatic DREAM3'",62.9,result
somatic-neusomatic-20261010-result-sahraeian2022-neusomatic-dream3-titration-snv-spp-50x-5-t-spp-50x-100-n,somatic-neusomatic-20261010-source-sahraeian2022-additional-file-2,"Additional file 2 Table S3, SNVs section, row 'SPP_50x_5%T vs SPP_50x_100%N', column 'NeuSomatic DREAM3'",13.8,result
somatic-neusomatic-20261010-result-sahraeian2022-neusomatic-dream3-titration-snv-spp-50x-50-t-spp-50x-100-n,somatic-neusomatic-20261010-source-sahraeian2022-additional-file-2,"Additional file 2 Table S3, SNVs section, row 'SPP_50x_50%T vs SPP_50x_100%N', column 'NeuSomatic DREAM3'",86.6,result
somatic-neusomatic-20261010-result-sahraeian2022-neusomatic-dream3-titration-snv-spp-50x-75-t-spp-50x-100-n,somatic-neusomatic-20261010-source-sahraeian2022-additional-file-2,"Additional file 2 Table S3, SNVs section, row 'SPP_50x_75%T vs SPP_50x_100%N', column 'NeuSomatic DREAM3'",91.0,result
somatic-neusomatic-20261010-result-sahraeian2022-neusomatic-dream3-titration-snv-spp-80x-10-t-spp-80x-100-n,somatic-neusomatic-20261010-source-sahraeian2022-additional-file-2,"Additional file 2 Table S3, SNVs section, row 'SPP_80x_10%T vs SPP_80x_100%N', column 'NeuSomatic DREAM3'",56.5,result
somatic-neusomatic-20261010-result-sahraeian2022-neusomatic-dream3-titration-snv-spp-80x-10-t-spp-80x-95-n,somatic-neusomatic-20261010-source-sahraeian2022-additional-file-2,"Additional file 2 Table S3, SNVs section, row 'SPP_80x_10%T vs SPP_80x_95%N', column 'NeuSomatic DREAM3'",32.4,result
somatic-neusomatic-20261010-result-sahraeian2022-neusomatic-dream3-titration-snv-spp-80x-100-t-spp-80x-100-n,somatic-neusomatic-20261010-source-sahraeian2022-additional-file-2,"Additional file 2 Table S3, SNVs section, row 'SPP_80x_100%T vs SPP_80x_100%N', column 'NeuSomatic DREAM3'",95.2,result
somatic-neusomatic-20261010-result-sahraeian2022-neusomatic-dream3-titration-snv-spp-80x-100-t-spp-80x-95-n,somatic-neusomatic-20261010-source-sahraeian2022-additional-file-2,"Additional file 2 Table S3, SNVs section, row 'SPP_80x_100%T vs SPP_80x_95%N', column 'NeuSomatic DREAM3'",91.5,result
somatic-neusomatic-20261010-result-sahraeian2022-neusomatic-dream3-titration-snv-spp-80x-20-t-spp-80x-100-n,somatic-neusomatic-20261010-source-sahraeian2022-additional-file-2,"Additional file 2 Table S3, SNVs section, row 'SPP_80x_20%T vs SPP_80x_100%N', column 'NeuSomatic DREAM3'",78.9,result
somatic-neusomatic-20261010-result-sahraeian2022-neusomatic-dream3-titration-snv-spp-80x-20-t-spp-80x-95-n,somatic-neusomatic-20261010-source-sahraeian2022-additional-file-2,"Additional file 2 Table S3, SNVs section, row 'SPP_80x_20%T vs SPP_80x_95%N', column 'NeuSomatic DREAM3'",60.2,result
somatic-neusomatic-20261010-result-sahraeian2022-neusomatic-dream3-titration-snv-spp-80x-5-t-spp-80x-100-n,somatic-neusomatic-20261010-source-sahraeian2022-additional-file-2,"Additional file 2 Table S3, SNVs section, row 'SPP_80x_5%T vs SPP_80x_100%N', column 'NeuSomatic DREAM3'",27.5,result
somatic-neusomatic-20261010-result-sahraeian2022-neusomatic-dream3-titration-snv-spp-80x-50-t-spp-80x-100-n,somatic-neusomatic-20261010-source-sahraeian2022-additional-file-2,"Additional file 2 Table S3, SNVs section, row 'SPP_80x_50%T vs SPP_80x_100%N', column 'NeuSomatic DREAM3'",91.7,result
somatic-neusomatic-20261010-result-sahraeian2022-neusomatic-dream3-titration-snv-spp-80x-50-t-spp-80x-95-n,somatic-neusomatic-20261010-source-sahraeian2022-additional-file-2,"Additional file 2 Table S3, SNVs section, row 'SPP_80x_50%T vs SPP_80x_95%N', column 'NeuSomatic DREAM3'",85.7,result
somatic-neusomatic-20261010-result-sahraeian2022-neusomatic-dream3-titration-snv-spp-80x-75-t-spp-80x-100-n,somatic-neusomatic-20261010-source-sahraeian2022-additional-file-2,"Additional file 2 Table S3, SNVs section, row 'SPP_80x_75%T vs SPP_80x_100%N', column 'NeuSomatic DREAM3'",93.8,result
somatic-neusomatic-20261010-result-sahraeian2022-neusomatic-dream3-titration-snv-spp-80x-75-t-spp-80x-95-n,somatic-neusomatic-20261010-source-sahraeian2022-additional-file-2,"Additional file 2 Table S3, SNVs section, row 'SPP_80x_75%T vs SPP_80x_95%N', column 'NeuSomatic DREAM3'",89.2,result
somatic-neusomatic-20261010-result-sahraeian2022-neusomatic-dream3-wgs-indel-average,somatic-neusomatic-20261010-source-sahraeian2022-additional-file-2,"Additional file 2 Table S2, INDELs section, row 'Average', column 'NeuSomatic DREAM3'",79.3,result
somatic-neusomatic-20261010-result-sahraeian2022-neusomatic-dream3-wgs-indel-wgs-ea-t-1-wgs-ea-n-1,somatic-neusomatic-20261010-source-sahraeian2022-additional-file-2,"Additional file 2 Table S2, INDELs section, row 'WGS_EA_T_1 vs WGS_EA_N_1', column 'NeuSomatic DREAM3'",81.2,result
somatic-neusomatic-20261010-result-sahraeian2022-neusomatic-dream3-wgs-indel-wgs-fd-t-1-wgs-fd-n-1,somatic-neusomatic-20261010-source-sahraeian2022-additional-file-2,"Additional file 2 Table S2, INDELs section, row 'WGS_FD_T_1 vs WGS_FD_N_1', column 'NeuSomatic DREAM3'",78.5,result
somatic-neusomatic-20261010-result-sahraeian2022-neusomatic-dream3-wgs-indel-wgs-fd-t-2-wgs-fd-n-2,somatic-neusomatic-20261010-source-sahraeian2022-additional-file-2,"Additional file 2 Table S2, INDELs section, row 'WGS_FD_T_2 vs WGS_FD_N_2', column 'NeuSomatic DREAM3'",77.8,result
somatic-neusomatic-20261010-result-sahraeian2022-neusomatic-dream3-wgs-indel-wgs-fd-t-3-wgs-fd-n-3,somatic-neusomatic-20261010-source-sahraeian2022-additional-file-2,"Additional file 2 Table S2, INDELs section, row 'WGS_FD_T_3 vs WGS_FD_N_3', column 'NeuSomatic DREAM3'",78.8,result
somatic-neusomatic-20261010-result-sahraeian2022-neusomatic-dream3-wgs-indel-wgs-il-t-1-wgs-il-n-1,somatic-neusomatic-20261010-source-sahraeian2022-additional-file-2,"Additional file 2 Table S2, INDELs section, row 'WGS_IL_T_1 vs WGS_IL_N_1', column 'NeuSomatic DREAM3'",81.4,result
somatic-neusomatic-20261010-result-sahraeian2022-neusomatic-dream3-wgs-indel-wgs-il-t-2-wgs-il-n-2,somatic-neusomatic-20261010-source-sahraeian2022-additional-file-2,"Additional file 2 Table S2, INDELs section, row 'WGS_IL_T_2 vs WGS_IL_N_2', column 'NeuSomatic DREAM3'",79.7,result
somatic-neusomatic-20261010-result-sahraeian2022-neusomatic-dream3-wgs-indel-wgs-il-t-3-wgs-il-n-3,somatic-neusomatic-20261010-source-sahraeian2022-additional-file-2,"Additional file 2 Table S2, INDELs section, row 'WGS_IL_T_3 vs WGS_IL_N_3', column 'NeuSomatic DREAM3'",79.2,result
somatic-neusomatic-20261010-result-sahraeian2022-neusomatic-dream3-wgs-indel-wgs-ll-t-1-wgs-ll-n-1,somatic-neusomatic-20261010-source-sahraeian2022-additional-file-2,"Additional file 2 Table S2, INDELs section, row 'WGS_LL_T_1 vs WGS_LL_N_1', column 'NeuSomatic DREAM3'",69.5,result
somatic-neusomatic-20261010-result-sahraeian2022-neusomatic-dream3-wgs-indel-wgs-nc-t-1-wgs-nc-n-1,somatic-neusomatic-20261010-source-sahraeian2022-additional-file-2,"Additional file 2 Table S2, INDELs section, row 'WGS_NC_T_1 vs WGS_NC_N_1', column 'NeuSomatic DREAM3'",78.0,result
somatic-neusomatic-20261010-result-sahraeian2022-neusomatic-dream3-wgs-indel-wgs-ns-t-1-wgs-ns-n-1,somatic-neusomatic-20261010-source-sahraeian2022-additional-file-2,"Additional file 2 Table S2, INDELs section, row 'WGS_NS_T_1 vs WGS_NS_N_1', column 'NeuSomatic DREAM3'",81.2,result
somatic-neusomatic-20261010-result-sahraeian2022-neusomatic-dream3-wgs-indel-wgs-ns-t-2-wgs-ns-n-2,somatic-neusomatic-20261010-source-sahraeian2022-additional-file-2,"Additional file 2 Table S2, INDELs section, row 'WGS_NS_T_2 vs WGS_NS_N_2', column 'NeuSomatic DREAM3'",77.5,result
somatic-neusomatic-20261010-result-sahraeian2022-neusomatic-dream3-wgs-indel-wgs-ns-t-3-wgs-ns-n-3,somatic-neusomatic-20261010-source-sahraeian2022-additional-file-2,"Additional file 2 Table S2, INDELs section, row 'WGS_NS_T_3 vs WGS_NS_N_3', column 'NeuSomatic DREAM3'",77.5,result
somatic-neusomatic-20261010-result-sahraeian2022-neusomatic-dream3-wgs-indel-wgs-ns-t-4-wgs-ns-n-4,somatic-neusomatic-20261010-source-sahraeian2022-additional-file-2,"Additional file 2 Table S2, INDELs section, row 'WGS_NS_T_4 vs WGS_NS_N_4', column 'NeuSomatic DREAM3'",81.1,result
somatic-neusomatic-20261010-result-sahraeian2022-neusomatic-dream3-wgs-indel-wgs-ns-t-5-wgs-ns-n-5,somatic-neusomatic-20261010-source-sahraeian2022-additional-file-2,"Additional file 2 Table S2, INDELs section, row 'WGS_NS_T_5 vs WGS_NS_N_5', column 'NeuSomatic DREAM3'",78.1,result
somatic-neusomatic-20261010-result-sahraeian2022-neusomatic-dream3-wgs-indel-wgs-ns-t-6-wgs-ns-n-6,somatic-neusomatic-20261010-source-sahraeian2022-additional-file-2,"Additional file 2 Table S2, INDELs section, row 'WGS_NS_T_6 vs WGS_NS_N_6', column 'NeuSomatic DREAM3'",81.3,result
somatic-neusomatic-20261010-result-sahraeian2022-neusomatic-dream3-wgs-indel-wgs-ns-t-7-wgs-ns-n-7,somatic-neusomatic-20261010-source-sahraeian2022-additional-file-2,"Additional file 2 Table S2, INDELs section, row 'WGS_NS_T_7 vs WGS_NS_N_7', column 'NeuSomatic DREAM3'",81.3,result
somatic-neusomatic-20261010-result-sahraeian2022-neusomatic-dream3-wgs-indel-wgs-ns-t-8-wgs-ns-n-8,somatic-neusomatic-20261010-source-sahraeian2022-additional-file-2,"Additional file 2 Table S2, INDELs section, row 'WGS_NS_T_8 vs WGS_NS_N_8', column 'NeuSomatic DREAM3'",76.4,result
somatic-neusomatic-20261010-result-sahraeian2022-neusomatic-dream3-wgs-indel-wgs-ns-t-9-wgs-ns-n-9,somatic-neusomatic-20261010-source-sahraeian2022-additional-file-2,"Additional file 2 Table S2, INDELs section, row 'WGS_NS_T_9 vs WGS_NS_N_9', column 'NeuSomatic DREAM3'",78.6,result
somatic-neusomatic-20261010-result-sahraeian2022-neusomatic-dream3-wgs-indel-wgs-nv-t-1-wgs-nv-n-1,somatic-neusomatic-20261010-source-sahraeian2022-additional-file-2,"Additional file 2 Table S2, INDELs section, row 'WGS_NV_T_1 vs WGS_NV_N_1', column 'NeuSomatic DREAM3'",82.7,result
somatic-neusomatic-20261010-result-sahraeian2022-neusomatic-dream3-wgs-indel-wgs-nv-t-2-wgs-nv-n-2,somatic-neusomatic-20261010-source-sahraeian2022-additional-file-2,"Additional file 2 Table S2, INDELs section, row 'WGS_NV_T_2 vs WGS_NV_N_2', column 'NeuSomatic DREAM3'",82.6,result
somatic-neusomatic-20261010-result-sahraeian2022-neusomatic-dream3-wgs-indel-wgs-nv-t-3-wgs-nv-n-3,somatic-neusomatic-20261010-source-sahraeian2022-additional-file-2,"Additional file 2 Table S2, INDELs section, row 'WGS_NV_T_3 vs WGS_NV_N_3', column 'NeuSomatic DREAM3'",83.6,result
somatic-neusomatic-20261010-result-sahraeian2022-neusomatic-dream3-wgs-snv-average,somatic-neusomatic-20261010-source-sahraeian2022-additional-file-2,"Additional file 2 Table S2, SNVs section, row 'Average', column 'NeuSomatic DREAM3'",91.8,result
somatic-neusomatic-20261010-result-sahraeian2022-neusomatic-dream3-wgs-snv-wgs-ea-t-1-wgs-ea-n-1,somatic-neusomatic-20261010-source-sahraeian2022-additional-file-2,"Additional file 2 Table S2, SNVs section, row 'WGS_EA_T_1 vs WGS_EA_N_1', column 'NeuSomatic DREAM3'",93.8,result
somatic-neusomatic-20261010-result-sahraeian2022-neusomatic-dream3-wgs-snv-wgs-fd-t-1-wgs-fd-n-1,somatic-neusomatic-20261010-source-sahraeian2022-additional-file-2,"Additional file 2 Table S2, SNVs section, row 'WGS_FD_T_1 vs WGS_FD_N_1', column 'NeuSomatic DREAM3'",91.8,result
somatic-neusomatic-20261010-result-sahraeian2022-neusomatic-dream3-wgs-snv-wgs-fd-t-2-wgs-fd-n-2,somatic-neusomatic-20261010-source-sahraeian2022-additional-file-2,"Additional file 2 Table S2, SNVs section, row 'WGS_FD_T_2 vs WGS_FD_N_2', column 'NeuSomatic DREAM3'",91.8,result
somatic-neusomatic-20261010-result-sahraeian2022-neusomatic-dream3-wgs-snv-wgs-fd-t-3-wgs-fd-n-3,somatic-neusomatic-20261010-source-sahraeian2022-additional-file-2,"Additional file 2 Table S2, SNVs section, row 'WGS_FD_T_3 vs WGS_FD_N_3', column 'NeuSomatic DREAM3'",91.8,result
somatic-neusomatic-20261010-result-sahraeian2022-neusomatic-dream3-wgs-snv-wgs-il-t-1-wgs-il-n-1,somatic-neusomatic-20261010-source-sahraeian2022-additional-file-2,"Additional file 2 Table S2, SNVs section, row 'WGS_IL_T_1 vs WGS_IL_N_1', column 'NeuSomatic DREAM3'",95.0,result
somatic-neusomatic-20261010-result-sahraeian2022-neusomatic-dream3-wgs-snv-wgs-il-t-2-wgs-il-n-2,somatic-neusomatic-20261010-source-sahraeian2022-additional-file-2,"Additional file 2 Table S2, SNVs section, row 'WGS_IL_T_2 vs WGS_IL_N_2', column 'NeuSomatic DREAM3'",93.3,result
somatic-neusomatic-20261010-result-sahraeian2022-neusomatic-dream3-wgs-snv-wgs-il-t-3-wgs-il-n-3,somatic-neusomatic-20261010-source-sahraeian2022-additional-file-2,"Additional file 2 Table S2, SNVs section, row 'WGS_IL_T_3 vs WGS_IL_N_3', column 'NeuSomatic DREAM3'",93.4,result
somatic-neusomatic-20261010-result-sahraeian2022-neusomatic-dream3-wgs-snv-wgs-ll-t-1-wgs-ll-n-1,somatic-neusomatic-20261010-source-sahraeian2022-additional-file-2,"Additional file 2 Table S2, SNVs section, row 'WGS_LL_T_1 vs WGS_LL_N_1', column 'NeuSomatic DREAM3'",79.7,result
somatic-neusomatic-20261010-result-sahraeian2022-neusomatic-dream3-wgs-snv-wgs-nc-t-1-wgs-nc-n-1,somatic-neusomatic-20261010-source-sahraeian2022-additional-file-2,"Additional file 2 Table S2, SNVs section, row 'WGS_NC_T_1 vs WGS_NC_N_1', column 'NeuSomatic DREAM3'",91.5,result
somatic-neusomatic-20261010-result-sahraeian2022-neusomatic-dream3-wgs-snv-wgs-ns-t-1-wgs-ns-n-1,somatic-neusomatic-20261010-source-sahraeian2022-additional-file-2,"Additional file 2 Table S2, SNVs section, row 'WGS_NS_T_1 vs WGS_NS_N_1', column 'NeuSomatic DREAM3'",91.7,result
somatic-neusomatic-20261010-result-sahraeian2022-neusomatic-dream3-wgs-snv-wgs-ns-t-2-wgs-ns-n-2,somatic-neusomatic-20261010-source-sahraeian2022-additional-file-2,"Additional file 2 Table S2, SNVs section, row 'WGS_NS_T_2 vs WGS_NS_N_2', column 'NeuSomatic DREAM3'",90.6,result
somatic-neusomatic-20261010-result-sahraeian2022-neusomatic-dream3-wgs-snv-wgs-ns-t-3-wgs-ns-n-3,somatic-neusomatic-20261010-source-sahraeian2022-additional-file-2,"Additional file 2 Table S2, SNVs section, row 'WGS_NS_T_3 vs WGS_NS_N_3', column 'NeuSomatic DREAM3'",90.8,result
somatic-neusomatic-20261010-result-sahraeian2022-neusomatic-dream3-wgs-snv-wgs-ns-t-4-wgs-ns-n-4,somatic-neusomatic-20261010-source-sahraeian2022-additional-file-2,"Additional file 2 Table S2, SNVs section, row 'WGS_NS_T_4 vs WGS_NS_N_4', column 'NeuSomatic DREAM3'",90.8,result
somatic-neusomatic-20261010-result-sahraeian2022-neusomatic-dream3-wgs-snv-wgs-ns-t-5-wgs-ns-n-5,somatic-neusomatic-20261010-source-sahraeian2022-additional-file-2,"Additional file 2 Table S2, SNVs section, row 'WGS_NS_T_5 vs WGS_NS_N_5', column 'NeuSomatic DREAM3'",90.5,result
somatic-neusomatic-20261010-result-sahraeian2022-neusomatic-dream3-wgs-snv-wgs-ns-t-6-wgs-ns-n-6,somatic-neusomatic-20261010-source-sahraeian2022-additional-file-2,"Additional file 2 Table S2, SNVs section, row 'WGS_NS_T_6 vs WGS_NS_N_6', column 'NeuSomatic DREAM3'",92.4,result
somatic-neusomatic-20261010-result-sahraeian2022-neusomatic-dream3-wgs-snv-wgs-ns-t-7-wgs-ns-n-7,somatic-neusomatic-20261010-source-sahraeian2022-additional-file-2,"Additional file 2 Table S2, SNVs section, row 'WGS_NS_T_7 vs WGS_NS_N_7', column 'NeuSomatic DREAM3'",89.8,result
somatic-neusomatic-20261010-result-sahraeian2022-neusomatic-dream3-wgs-snv-wgs-ns-t-8-wgs-ns-n-8,somatic-neusomatic-20261010-source-sahraeian2022-additional-file-2,"Additional file 2 Table S2, SNVs section, row 'WGS_NS_T_8 vs WGS_NS_N_8', column 'NeuSomatic DREAM3'",90.7,result
somatic-neusomatic-20261010-result-sahraeian2022-neusomatic-dream3-wgs-snv-wgs-ns-t-9-wgs-ns-n-9,somatic-neusomatic-20261010-source-sahraeian2022-additional-file-2,"Additional file 2 Table S2, SNVs section, row 'WGS_NS_T_9 vs WGS_NS_N_9', column 'NeuSomatic DREAM3'",91.2,result
somatic-neusomatic-20261010-result-sahraeian2022-neusomatic-dream3-wgs-snv-wgs-nv-t-1-wgs-nv-n-1,somatic-neusomatic-20261010-source-sahraeian2022-additional-file-2,"Additional file 2 Table S2, SNVs section, row 'WGS_NV_T_1 vs WGS_NV_N_1', column 'NeuSomatic DREAM3'",95.7,result
somatic-neusomatic-20261010-result-sahraeian2022-neusomatic-dream3-wgs-snv-wgs-nv-t-2-wgs-nv-n-2,somatic-neusomatic-20261010-source-sahraeian2022-additional-file-2,"Additional file 2 Table S2, SNVs section, row 'WGS_NV_T_2 vs WGS_NV_N_2', column 'NeuSomatic DREAM3'",95.7,result
somatic-neusomatic-20261010-result-sahraeian2022-neusomatic-dream3-wgs-snv-wgs-nv-t-3-wgs-nv-n-3,somatic-neusomatic-20261010-source-sahraeian2022-additional-file-2,"Additional file 2 Table S2, SNVs section, row 'WGS_NV_T_3 vs WGS_NV_N_3', column 'NeuSomatic DREAM3'",95.9,result
somatic-neusomatic-20261010-result-sahraeian2022-neusomatic-s-dream3-library-prep-indel-average,somatic-neusomatic-20261010-source-sahraeian2022-additional-file-2,"Additional file 2 Table S4, INDELs section, row 'Average', column 'NeuSomatic-S DREAM3'",54.4,result
somatic-neusomatic-20261010-result-sahraeian2022-neusomatic-s-dream3-library-prep-indel-lbp-nextera-t-100ng-lbp-nextera-n-100ng,somatic-neusomatic-20261010-source-sahraeian2022-additional-file-2,"Additional file 2 Table S4, INDELs section, row 'LBP_Nextera_T_100ng vs LBP_Nextera_N_100ng', column 'NeuSomatic-S DREAM3'",68.1,result
somatic-neusomatic-20261010-result-sahraeian2022-neusomatic-s-dream3-library-prep-indel-lbp-nextera-t-10ng-lbp-nextera-n-10ng,somatic-neusomatic-20261010-source-sahraeian2022-additional-file-2,"Additional file 2 Table S4, INDELs section, row 'LBP_Nextera_T_10ng vs LBP_Nextera_N_10ng', column 'NeuSomatic-S DREAM3'",69.1,result
somatic-neusomatic-20261010-result-sahraeian2022-neusomatic-s-dream3-library-prep-indel-lbp-nextera-t-1ng-lbp-nextera-n-1ng,somatic-neusomatic-20261010-source-sahraeian2022-additional-file-2,"Additional file 2 Table S4, INDELs section, row 'LBP_Nextera_T_1ng vs LBP_Nextera_N_1ng', column 'NeuSomatic-S DREAM3'",60.3,result
somatic-neusomatic-20261010-result-sahraeian2022-neusomatic-s-dream3-library-prep-indel-lbp-truseq-t-100ng-lbp-truseq-n-100ng,somatic-neusomatic-20261010-source-sahraeian2022-additional-file-2,"Additional file 2 Table S4, INDELs section, row 'LBP_TruSeq_T_100ng vs LBP_TruSeq_N_100ng', column 'NeuSomatic-S DREAM3'",62.9,result
somatic-neusomatic-20261010-result-sahraeian2022-neusomatic-s-dream3-library-prep-indel-lbp-truseq-t-10ng-lbp-truseq-n-10ng,somatic-neusomatic-20261010-source-sahraeian2022-additional-file-2,"Additional file 2 Table S4, INDELs section, row 'LBP_TruSeq_T_10ng vs LBP_TruSeq_N_10ng', column 'NeuSomatic-S DREAM3'",51.2,result
somatic-neusomatic-20261010-result-sahraeian2022-neusomatic-s-dream3-library-prep-indel-lbp-truseq-t-1ng-lbp-truseq-n-1ng,somatic-neusomatic-20261010-source-sahraeian2022-additional-file-2,"Additional file 2 Table S4, INDELs section, row 'LBP_TruSeq_T_1ng vs LBP_TruSeq_N_1ng', column 'NeuSomatic-S DREAM3'",15.0,result
somatic-neusomatic-20261010-result-sahraeian2022-neusomatic-s-dream3-library-prep-snv-average,somatic-neusomatic-20261010-source-sahraeian2022-additional-file-2,"Additional file 2 Table S4, SNVs section, row 'Average', column 'NeuSomatic-S DREAM3'",73.8,result
somatic-neusomatic-20261010-result-sahraeian2022-neusomatic-s-dream3-library-prep-snv-lbp-nextera-t-100ng-lbp-nextera-n-100ng,somatic-neusomatic-20261010-source-sahraeian2022-additional-file-2,"Additional file 2 Table S4, SNVs section, row 'LBP_Nextera_T_100ng vs LBP_Nextera_N_100ng', column 'NeuSomatic-S DREAM3'",88.6,result
somatic-neusomatic-20261010-result-sahraeian2022-neusomatic-s-dream3-library-prep-snv-lbp-nextera-t-10ng-lbp-nextera-n-10ng,somatic-neusomatic-20261010-source-sahraeian2022-additional-file-2,"Additional file 2 Table S4, SNVs section, row 'LBP_Nextera_T_10ng vs LBP_Nextera_N_10ng', column 'NeuSomatic-S DREAM3'",90.1,result
somatic-neusomatic-20261010-result-sahraeian2022-neusomatic-s-dream3-library-prep-snv-lbp-nextera-t-1ng-lbp-nextera-n-1ng,somatic-neusomatic-20261010-source-sahraeian2022-additional-file-2,"Additional file 2 Table S4, SNVs section, row 'LBP_Nextera_T_1ng vs LBP_Nextera_N_1ng', column 'NeuSomatic-S DREAM3'",85.4,result
somatic-neusomatic-20261010-result-sahraeian2022-neusomatic-s-dream3-library-prep-snv-lbp-truseq-t-100ng-lbp-truseq-n-100ng,somatic-neusomatic-20261010-source-sahraeian2022-additional-file-2,"Additional file 2 Table S4, SNVs section, row 'LBP_TruSeq_T_100ng vs LBP_TruSeq_N_100ng', column 'NeuSomatic-S DREAM3'",86.6,result
somatic-neusomatic-20261010-result-sahraeian2022-neusomatic-s-dream3-library-prep-snv-lbp-truseq-t-10ng-lbp-truseq-n-10ng,somatic-neusomatic-20261010-source-sahraeian2022-additional-file-2,"Additional file 2 Table S4, SNVs section, row 'LBP_TruSeq_T_10ng vs LBP_TruSeq_N_10ng', column 'NeuSomatic-S DREAM3'",75.4,result
somatic-neusomatic-20261010-result-sahraeian2022-neusomatic-s-dream3-library-prep-snv-lbp-truseq-t-1ng-lbp-truseq-n-1ng,somatic-neusomatic-20261010-source-sahraeian2022-additional-file-2,"Additional file 2 Table S4, SNVs section, row 'LBP_TruSeq_T_1ng vs LBP_TruSeq_N_1ng', column 'NeuSomatic-S DREAM3'",16.6,result
somatic-neusomatic-20261010-result-sahraeian2022-neusomatic-s-dream3-titration-indel-average,somatic-neusomatic-20261010-source-sahraeian2022-additional-file-2,"Additional file 2 Table S3, INDELs section, row 'Average', column 'NeuSomatic-S DREAM3'",46.0,result
somatic-neusomatic-20261010-result-sahraeian2022-neusomatic-s-dream3-titration-indel-spp-100x-10-t-spp-100x-100-n,somatic-neusomatic-20261010-source-sahraeian2022-additional-file-2,"Additional file 2 Table S3, INDELs section, row 'SPP_100x_10%T vs SPP_100x_100%N', column 'NeuSomatic-S DREAM3'",26.6,result
somatic-neusomatic-20261010-result-sahraeian2022-neusomatic-s-dream3-titration-indel-spp-100x-100-t-spp-100x-100-n,somatic-neusomatic-20261010-source-sahraeian2022-additional-file-2,"Additional file 2 Table S3, INDELs section, row 'SPP_100x_100%T vs SPP_100x_100%N', column 'NeuSomatic-S DREAM3'",74.4,result
somatic-neusomatic-20261010-result-sahraeian2022-neusomatic-s-dream3-titration-indel-spp-100x-20-t-spp-100x-100-n,somatic-neusomatic-20261010-source-sahraeian2022-additional-file-2,"Additional file 2 Table S3, INDELs section, row 'SPP_100x_20%T vs SPP_100x_100%N', column 'NeuSomatic-S DREAM3'",57.1,result
somatic-neusomatic-20261010-result-sahraeian2022-neusomatic-s-dream3-titration-indel-spp-100x-5-t-spp-100x-100-n,somatic-neusomatic-20261010-source-sahraeian2022-additional-file-2,"Additional file 2 Table S3, INDELs section, row 'SPP_100x_5%T vs SPP_100x_100%N', column 'NeuSomatic-S DREAM3'",12.2,result
somatic-neusomatic-20261010-result-sahraeian2022-neusomatic-s-dream3-titration-indel-spp-100x-50-t-spp-100x-100-n,somatic-neusomatic-20261010-source-sahraeian2022-additional-file-2,"Additional file 2 Table S3, INDELs section, row 'SPP_100x_50%T vs SPP_100x_100%N', column 'NeuSomatic-S DREAM3'",73.8,result
somatic-neusomatic-20261010-result-sahraeian2022-neusomatic-s-dream3-titration-indel-spp-100x-75-t-spp-100x-100-n,somatic-neusomatic-20261010-source-sahraeian2022-additional-file-2,"Additional file 2 Table S3, INDELs section, row 'SPP_100x_75%T vs SPP_100x_100%N', column 'NeuSomatic-S DREAM3'",78.3,result
somatic-neusomatic-20261010-result-sahraeian2022-neusomatic-s-dream3-titration-indel-spp-10x-10-t-spp-10x-100-n,somatic-neusomatic-20261010-source-sahraeian2022-additional-file-2,"Additional file 2 Table S3, INDELs section, row 'SPP_10x_10%T vs SPP_10x_100%N', column 'NeuSomatic-S DREAM3'",8.7,result
somatic-neusomatic-20261010-result-sahraeian2022-neusomatic-s-dream3-titration-indel-spp-10x-100-t-spp-10x-100-n,somatic-neusomatic-20261010-source-sahraeian2022-additional-file-2,"Additional file 2 Table S3, INDELs section, row 'SPP_10x_100%T vs SPP_10x_100%N', column 'NeuSomatic-S DREAM3'",26.3,result
somatic-neusomatic-20261010-result-sahraeian2022-neusomatic-s-dream3-titration-indel-spp-10x-20-t-spp-10x-100-n,somatic-neusomatic-20261010-source-sahraeian2022-additional-file-2,"Additional file 2 Table S3, INDELs section, row 'SPP_10x_20%T vs SPP_10x_100%N', column 'NeuSomatic-S DREAM3'",15.9,result
somatic-neusomatic-20261010-result-sahraeian2022-neusomatic-s-dream3-titration-indel-spp-10x-5-t-spp-10x-100-n,somatic-neusomatic-20261010-source-sahraeian2022-additional-file-2,"Additional file 2 Table S3, INDELs section, row 'SPP_10x_5%T vs SPP_10x_100%N', column 'NeuSomatic-S DREAM3'",4.4,result
somatic-neusomatic-20261010-result-sahraeian2022-neusomatic-s-dream3-titration-indel-spp-10x-50-t-spp-10x-100-n,somatic-neusomatic-20261010-source-sahraeian2022-additional-file-2,"Additional file 2 Table S3, INDELs section, row 'SPP_10x_50%T vs SPP_10x_100%N', column 'NeuSomatic-S DREAM3'",23.7,result
somatic-neusomatic-20261010-result-sahraeian2022-neusomatic-s-dream3-titration-indel-spp-10x-75-t-spp-10x-100-n,somatic-neusomatic-20261010-source-sahraeian2022-additional-file-2,"Additional file 2 Table S3, INDELs section, row 'SPP_10x_75%T vs SPP_10x_100%N', column 'NeuSomatic-S DREAM3'",29.7,result
somatic-neusomatic-20261010-result-sahraeian2022-neusomatic-s-dream3-titration-indel-spp-200x-10-t-spp-200x-100-n,somatic-neusomatic-20261010-source-sahraeian2022-additional-file-2,"Additional file 2 Table S3, INDELs section, row 'SPP_200x_10%T vs SPP_200x_100%N', column 'NeuSomatic-S DREAM3'",42.0,result
somatic-neusomatic-20261010-result-sahraeian2022-neusomatic-s-dream3-titration-indel-spp-200x-100-t-spp-200x-100-n,somatic-neusomatic-20261010-source-sahraeian2022-additional-file-2,"Additional file 2 Table S3, INDELs section, row 'SPP_200x_100%T vs SPP_200x_100%N', column 'NeuSomatic-S DREAM3'",76.2,result
somatic-neusomatic-20261010-result-sahraeian2022-neusomatic-s-dream3-titration-indel-spp-200x-20-t-spp-200x-100-n,somatic-neusomatic-20261010-source-sahraeian2022-additional-file-2,"Additional file 2 Table S3, INDELs section, row 'SPP_200x_20%T vs SPP_200x_100%N', column 'NeuSomatic-S DREAM3'",61.8,result
somatic-neusomatic-20261010-result-sahraeian2022-neusomatic-s-dream3-titration-indel-spp-200x-5-t-spp-200x-100-n,somatic-neusomatic-20261010-source-sahraeian2022-additional-file-2,"Additional file 2 Table S3, INDELs section, row 'SPP_200x_5%T vs SPP_200x_100%N', column 'NeuSomatic-S DREAM3'",17.1,result
somatic-neusomatic-20261010-result-sahraeian2022-neusomatic-s-dream3-titration-indel-spp-200x-50-t-spp-200x-100-n,somatic-neusomatic-20261010-source-sahraeian2022-additional-file-2,"Additional file 2 Table S3, INDELs section, row 'SPP_200x_50%T vs SPP_200x_100%N', column 'NeuSomatic-S DREAM3'",76.4,result
somatic-neusomatic-20261010-result-sahraeian2022-neusomatic-s-dream3-titration-indel-spp-200x-75-t-spp-200x-100-n,somatic-neusomatic-20261010-source-sahraeian2022-additional-file-2,"Additional file 2 Table S3, INDELs section, row 'SPP_200x_75%T vs SPP_200x_100%N', column 'NeuSomatic-S DREAM3'",79.6,result
somatic-neusomatic-20261010-result-sahraeian2022-neusomatic-s-dream3-titration-indel-spp-300x-10-t-spp-300x-100-n,somatic-neusomatic-20261010-source-sahraeian2022-additional-file-2,"Additional file 2 Table S3, INDELs section, row 'SPP_300x_10%T vs SPP_300x_100%N', column 'NeuSomatic-S DREAM3'",37.4,result
somatic-neusomatic-20261010-result-sahraeian2022-neusomatic-s-dream3-titration-indel-spp-300x-100-t-spp-300x-100-n,somatic-neusomatic-20261010-source-sahraeian2022-additional-file-2,"Additional file 2 Table S3, INDELs section, row 'SPP_300x_100%T vs SPP_300x_100%N', column 'NeuSomatic-S DREAM3'",75.4,result
somatic-neusomatic-20261010-result-sahraeian2022-neusomatic-s-dream3-titration-indel-spp-300x-20-t-spp-300x-100-n,somatic-neusomatic-20261010-source-sahraeian2022-additional-file-2,"Additional file 2 Table S3, INDELs section, row 'SPP_300x_20%T vs SPP_300x_100%N', column 'NeuSomatic-S DREAM3'",61.0,result
somatic-neusomatic-20261010-result-sahraeian2022-neusomatic-s-dream3-titration-indel-spp-300x-5-t-spp-300x-100-n,somatic-neusomatic-20261010-source-sahraeian2022-additional-file-2,"Additional file 2 Table S3, INDELs section, row 'SPP_300x_5%T vs SPP_300x_100%N', column 'NeuSomatic-S DREAM3'",15.7,result
somatic-neusomatic-20261010-result-sahraeian2022-neusomatic-s-dream3-titration-indel-spp-300x-50-t-spp-300x-100-n,somatic-neusomatic-20261010-source-sahraeian2022-additional-file-2,"Additional file 2 Table S3, INDELs section, row 'SPP_300x_50%T vs SPP_300x_100%N', column 'NeuSomatic-S DREAM3'",75.7,result
somatic-neusomatic-20261010-result-sahraeian2022-neusomatic-s-dream3-titration-indel-spp-300x-75-t-spp-300x-100-n,somatic-neusomatic-20261010-source-sahraeian2022-additional-file-2,"Additional file 2 Table S3, INDELs section, row 'SPP_300x_75%T vs SPP_300x_100%N', column 'NeuSomatic-S DREAM3'",79.3,result
somatic-neusomatic-20261010-result-sahraeian2022-neusomatic-s-dream3-titration-indel-spp-30x-10-t-spp-30x-100-n,somatic-neusomatic-20261010-source-sahraeian2022-additional-file-2,"Additional file 2 Table S3, INDELs section, row 'SPP_30x_10%T vs SPP_30x_100%N', column 'NeuSomatic-S DREAM3'",16.7,result
somatic-neusomatic-20261010-result-sahraeian2022-neusomatic-s-dream3-titration-indel-spp-30x-100-t-spp-30x-100-n,somatic-neusomatic-20261010-source-sahraeian2022-additional-file-2,"Additional file 2 Table S3, INDELs section, row 'SPP_30x_100%T vs SPP_30x_100%N', column 'NeuSomatic-S DREAM3'",58.9,result
somatic-neusomatic-20261010-result-sahraeian2022-neusomatic-s-dream3-titration-indel-spp-30x-20-t-spp-30x-100-n,somatic-neusomatic-20261010-source-sahraeian2022-additional-file-2,"Additional file 2 Table S3, INDELs section, row 'SPP_30x_20%T vs SPP_30x_100%N', column 'NeuSomatic-S DREAM3'",28.9,result
somatic-neusomatic-20261010-result-sahraeian2022-neusomatic-s-dream3-titration-indel-spp-30x-5-t-spp-30x-100-n,somatic-neusomatic-20261010-source-sahraeian2022-additional-file-2,"Additional file 2 Table S3, INDELs section, row 'SPP_30x_5%T vs SPP_30x_100%N', column 'NeuSomatic-S DREAM3'",8.7,result
somatic-neusomatic-20261010-result-sahraeian2022-neusomatic-s-dream3-titration-indel-spp-30x-50-t-spp-30x-100-n,somatic-neusomatic-20261010-source-sahraeian2022-additional-file-2,"Additional file 2 Table S3, INDELs section, row 'SPP_30x_50%T vs SPP_30x_100%N', column 'NeuSomatic-S DREAM3'",38.9,result
somatic-neusomatic-20261010-result-sahraeian2022-neusomatic-s-dream3-titration-indel-spp-30x-75-t-spp-30x-100-n,somatic-neusomatic-20261010-source-sahraeian2022-additional-file-2,"Additional file 2 Table S3, INDELs section, row 'SPP_30x_75%T vs SPP_30x_100%N', column 'NeuSomatic-S DREAM3'",61.7,result
somatic-neusomatic-20261010-result-sahraeian2022-neusomatic-s-dream3-titration-indel-spp-50x-10-t-spp-50x-100-n,somatic-neusomatic-20261010-source-sahraeian2022-additional-file-2,"Additional file 2 Table S3, INDELs section, row 'SPP_50x_10%T vs SPP_50x_100%N', column 'NeuSomatic-S DREAM3'",20.7,result
somatic-neusomatic-20261010-result-sahraeian2022-neusomatic-s-dream3-titration-indel-spp-50x-100-t-spp-50x-100-n,somatic-neusomatic-20261010-source-sahraeian2022-additional-file-2,"Additional file 2 Table S3, INDELs section, row 'SPP_50x_100%T vs SPP_50x_100%N', column 'NeuSomatic-S DREAM3'",67.6,result
somatic-neusomatic-20261010-result-sahraeian2022-neusomatic-s-dream3-titration-indel-spp-50x-20-t-spp-50x-100-n,somatic-neusomatic-20261010-source-sahraeian2022-additional-file-2,"Additional file 2 Table S3, INDELs section, row 'SPP_50x_20%T vs SPP_50x_100%N', column 'NeuSomatic-S DREAM3'",35.7,result
somatic-neusomatic-20261010-result-sahraeian2022-neusomatic-s-dream3-titration-indel-spp-50x-5-t-spp-50x-100-n,somatic-neusomatic-20261010-source-sahraeian2022-additional-file-2,"Additional file 2 Table S3, INDELs section, row 'SPP_50x_5%T vs SPP_50x_100%N', column 'NeuSomatic-S DREAM3'",11.0,result
somatic-neusomatic-20261010-result-sahraeian2022-neusomatic-s-dream3-titration-indel-spp-50x-50-t-spp-50x-100-n,somatic-neusomatic-20261010-source-sahraeian2022-additional-file-2,"Additional file 2 Table S3, INDELs section, row 'SPP_50x_50%T vs SPP_50x_100%N', column 'NeuSomatic-S DREAM3'",64.6,result
somatic-neusomatic-20261010-result-sahraeian2022-neusomatic-s-dream3-titration-indel-spp-50x-75-t-spp-50x-100-n,somatic-neusomatic-20261010-source-sahraeian2022-additional-file-2,"Additional file 2 Table S3, INDELs section, row 'SPP_50x_75%T vs SPP_50x_100%N', column 'NeuSomatic-S DREAM3'",72.5,result
somatic-neusomatic-20261010-result-sahraeian2022-neusomatic-s-dream3-titration-indel-spp-80x-10-t-spp-80x-100-n,somatic-neusomatic-20261010-source-sahraeian2022-additional-file-2,"Additional file 2 Table S3, INDELs section, row 'SPP_80x_10%T vs SPP_80x_100%N', column 'NeuSomatic-S DREAM3'",23.4,result
somatic-neusomatic-20261010-result-sahraeian2022-neusomatic-s-dream3-titration-indel-spp-80x-10-t-spp-80x-95-n,somatic-neusomatic-20261010-source-sahraeian2022-additional-file-2,"Additional file 2 Table S3, INDELs section, row 'SPP_80x_10%T vs SPP_80x_95%N', column 'NeuSomatic-S DREAM3'",14.3,result
somatic-neusomatic-20261010-result-sahraeian2022-neusomatic-s-dream3-titration-indel-spp-80x-100-t-spp-80x-100-n,somatic-neusomatic-20261010-source-sahraeian2022-additional-file-2,"Additional file 2 Table S3, INDELs section, row 'SPP_80x_100%T vs SPP_80x_100%N', column 'NeuSomatic-S DREAM3'",73.1,result
somatic-neusomatic-20261010-result-sahraeian2022-neusomatic-s-dream3-titration-indel-spp-80x-100-t-spp-80x-95-n,somatic-neusomatic-20261010-source-sahraeian2022-additional-file-2,"Additional file 2 Table S3, INDELs section, row 'SPP_80x_100%T vs SPP_80x_95%N', column 'NeuSomatic-S DREAM3'",68.5,result
somatic-neusomatic-20261010-result-sahraeian2022-neusomatic-s-dream3-titration-indel-spp-80x-20-t-spp-80x-100-n,somatic-neusomatic-20261010-source-sahraeian2022-additional-file-2,"Additional file 2 Table S3, INDELs section, row 'SPP_80x_20%T vs SPP_80x_100%N', column 'NeuSomatic-S DREAM3'",38.9,result
somatic-neusomatic-20261010-result-sahraeian2022-neusomatic-s-dream3-titration-indel-spp-80x-20-t-spp-80x-95-n,somatic-neusomatic-20261010-source-sahraeian2022-additional-file-2,"Additional file 2 Table S3, INDELs section, row 'SPP_80x_20%T vs SPP_80x_95%N', column 'NeuSomatic-S DREAM3'",31.0,result
somatic-neusomatic-20261010-result-sahraeian2022-neusomatic-s-dream3-titration-indel-spp-80x-5-t-spp-80x-100-n,somatic-neusomatic-20261010-source-sahraeian2022-additional-file-2,"Additional file 2 Table S3, INDELs section, row 'SPP_80x_5%T vs SPP_80x_100%N', column 'NeuSomatic-S DREAM3'",10.9,result
somatic-neusomatic-20261010-result-sahraeian2022-neusomatic-s-dream3-titration-indel-spp-80x-50-t-spp-80x-100-n,somatic-neusomatic-20261010-source-sahraeian2022-additional-file-2,"Additional file 2 Table S3, INDELs section, row 'SPP_80x_50%T vs SPP_80x_100%N', column 'NeuSomatic-S DREAM3'",73.1,result
somatic-neusomatic-20261010-result-sahraeian2022-neusomatic-s-dream3-titration-indel-spp-80x-50-t-spp-80x-95-n,somatic-neusomatic-20261010-source-sahraeian2022-additional-file-2,"Additional file 2 Table S3, INDELs section, row 'SPP_80x_50%T vs SPP_80x_95%N', column 'NeuSomatic-S DREAM3'",67.6,result
somatic-neusomatic-20261010-result-sahraeian2022-neusomatic-s-dream3-titration-indel-spp-80x-75-t-spp-80x-100-n,somatic-neusomatic-20261010-source-sahraeian2022-additional-file-2,"Additional file 2 Table S3, INDELs section, row 'SPP_80x_75%T vs SPP_80x_100%N', column 'NeuSomatic-S DREAM3'",76.9,result
somatic-neusomatic-20261010-result-sahraeian2022-neusomatic-s-dream3-titration-indel-spp-80x-75-t-spp-80x-95-n,somatic-neusomatic-20261010-source-sahraeian2022-additional-file-2,"Additional file 2 Table S3, INDELs section, row 'SPP_80x_75%T vs SPP_80x_95%N', column 'NeuSomatic-S DREAM3'",71.0,result
somatic-neusomatic-20261010-result-sahraeian2022-neusomatic-s-dream3-titration-snv-average,somatic-neusomatic-20261010-source-sahraeian2022-additional-file-2,"Additional file 2 Table S3, SNVs section, row 'Average', column 'NeuSomatic-S DREAM3'",55.4,result
somatic-neusomatic-20261010-result-sahraeian2022-neusomatic-s-dream3-titration-snv-spp-100x-10-t-spp-100x-100-n,somatic-neusomatic-20261010-source-sahraeian2022-additional-file-2,"Additional file 2 Table S3, SNVs section, row 'SPP_100x_10%T vs SPP_100x_100%N', column 'NeuSomatic-S DREAM3'",26.8,result
somatic-neusomatic-20261010-result-sahraeian2022-neusomatic-s-dream3-titration-snv-spp-100x-100-t-spp-100x-100-n,somatic-neusomatic-20261010-source-sahraeian2022-additional-file-2,"Additional file 2 Table S3, SNVs section, row 'SPP_100x_100%T vs SPP_100x_100%N', column 'NeuSomatic-S DREAM3'",93.4,result
somatic-neusomatic-20261010-result-sahraeian2022-neusomatic-s-dream3-titration-snv-spp-100x-20-t-spp-100x-100-n,somatic-neusomatic-20261010-source-sahraeian2022-additional-file-2,"Additional file 2 Table S3, SNVs section, row 'SPP_100x_20%T vs SPP_100x_100%N', column 'NeuSomatic-S DREAM3'",66.5,result
somatic-neusomatic-20261010-result-sahraeian2022-neusomatic-s-dream3-titration-snv-spp-100x-5-t-spp-100x-100-n,somatic-neusomatic-20261010-source-sahraeian2022-additional-file-2,"Additional file 2 Table S3, SNVs section, row 'SPP_100x_5%T vs SPP_100x_100%N', column 'NeuSomatic-S DREAM3'",10.3,result
somatic-neusomatic-20261010-result-sahraeian2022-neusomatic-s-dream3-titration-snv-spp-100x-50-t-spp-100x-100-n,somatic-neusomatic-20261010-source-sahraeian2022-additional-file-2,"Additional file 2 Table S3, SNVs section, row 'SPP_100x_50%T vs SPP_100x_100%N', column 'NeuSomatic-S DREAM3'",88.3,result
somatic-neusomatic-20261010-result-sahraeian2022-neusomatic-s-dream3-titration-snv-spp-100x-75-t-spp-100x-100-n,somatic-neusomatic-20261010-source-sahraeian2022-additional-file-2,"Additional file 2 Table S3, SNVs section, row 'SPP_100x_75%T vs SPP_100x_100%N', column 'NeuSomatic-S DREAM3'",92.0,result
somatic-neusomatic-20261010-result-sahraeian2022-neusomatic-s-dream3-titration-snv-spp-10x-10-t-spp-10x-100-n,somatic-neusomatic-20261010-source-sahraeian2022-additional-file-2,"Additional file 2 Table S3, SNVs section, row 'SPP_10x_10%T vs SPP_10x_100%N', column 'NeuSomatic-S DREAM3'",6.8,result
somatic-neusomatic-20261010-result-sahraeian2022-neusomatic-s-dream3-titration-snv-spp-10x-100-t-spp-10x-100-n,somatic-neusomatic-20261010-source-sahraeian2022-additional-file-2,"Additional file 2 Table S3, SNVs section, row 'SPP_10x_100%T vs SPP_10x_100%N', column 'NeuSomatic-S DREAM3'",45.2,result
somatic-neusomatic-20261010-result-sahraeian2022-neusomatic-s-dream3-titration-snv-spp-10x-20-t-spp-10x-100-n,somatic-neusomatic-20261010-source-sahraeian2022-additional-file-2,"Additional file 2 Table S3, SNVs section, row 'SPP_10x_20%T vs SPP_10x_100%N', column 'NeuSomatic-S DREAM3'",15.9,result
somatic-neusomatic-20261010-result-sahraeian2022-neusomatic-s-dream3-titration-snv-spp-10x-5-t-spp-10x-100-n,somatic-neusomatic-20261010-source-sahraeian2022-additional-file-2,"Additional file 2 Table S3, SNVs section, row 'SPP_10x_5%T vs SPP_10x_100%N', column 'NeuSomatic-S DREAM3'",2.3,result
somatic-neusomatic-20261010-result-sahraeian2022-neusomatic-s-dream3-titration-snv-spp-10x-50-t-spp-10x-100-n,somatic-neusomatic-20261010-source-sahraeian2022-additional-file-2,"Additional file 2 Table S3, SNVs section, row 'SPP_10x_50%T vs SPP_10x_100%N', column 'NeuSomatic-S DREAM3'",38.2,result
somatic-neusomatic-20261010-result-sahraeian2022-neusomatic-s-dream3-titration-snv-spp-10x-75-t-spp-10x-100-n,somatic-neusomatic-20261010-source-sahraeian2022-additional-file-2,"Additional file 2 Table S3, SNVs section, row 'SPP_10x_75%T vs SPP_10x_100%N', column 'NeuSomatic-S DREAM3'",43.6,result
somatic-neusomatic-20261010-result-sahraeian2022-neusomatic-s-dream3-titration-snv-spp-200x-10-t-spp-200x-100-n,somatic-neusomatic-20261010-source-sahraeian2022-additional-file-2,"Additional file 2 Table S3, SNVs section, row 'SPP_200x_10%T vs SPP_200x_100%N', column 'NeuSomatic-S DREAM3'",48.2,result
somatic-neusomatic-20261010-result-sahraeian2022-neusomatic-s-dream3-titration-snv-spp-200x-100-t-spp-200x-100-n,somatic-neusomatic-20261010-source-sahraeian2022-additional-file-2,"Additional file 2 Table S3, SNVs section, row 'SPP_200x_100%T vs SPP_200x_100%N', column 'NeuSomatic-S DREAM3'",94.2,result
somatic-neusomatic-20261010-result-sahraeian2022-neusomatic-s-dream3-titration-snv-spp-200x-20-t-spp-200x-100-n,somatic-neusomatic-20261010-source-sahraeian2022-additional-file-2,"Additional file 2 Table S3, SNVs section, row 'SPP_200x_20%T vs SPP_200x_100%N', column 'NeuSomatic-S DREAM3'",73.4,result
somatic-neusomatic-20261010-result-sahraeian2022-neusomatic-s-dream3-titration-snv-spp-200x-5-t-spp-200x-100-n,somatic-neusomatic-20261010-source-sahraeian2022-additional-file-2,"Additional file 2 Table S3, SNVs section, row 'SPP_200x_5%T vs SPP_200x_100%N', column 'NeuSomatic-S DREAM3'",17.9,result
somatic-neusomatic-20261010-result-sahraeian2022-neusomatic-s-dream3-titration-snv-spp-200x-50-t-spp-200x-100-n,somatic-neusomatic-20261010-source-sahraeian2022-additional-file-2,"Additional file 2 Table S3, SNVs section, row 'SPP_200x_50%T vs SPP_200x_100%N', column 'NeuSomatic-S DREAM3'",89.2,result
somatic-neusomatic-20261010-result-sahraeian2022-neusomatic-s-dream3-titration-snv-spp-200x-75-t-spp-200x-100-n,somatic-neusomatic-20261010-source-sahraeian2022-additional-file-2,"Additional file 2 Table S3, SNVs section, row 'SPP_200x_75%T vs SPP_200x_100%N', column 'NeuSomatic-S DREAM3'",92.4,result
somatic-neusomatic-20261010-result-sahraeian2022-neusomatic-s-dream3-titration-snv-spp-300x-10-t-spp-300x-100-n,somatic-neusomatic-20261010-source-sahraeian2022-additional-file-2,"Additional file 2 Table S3, SNVs section, row 'SPP_300x_10%T vs SPP_300x_100%N', column 'NeuSomatic-S DREAM3'",42.5,result
somatic-neusomatic-20261010-result-sahraeian2022-neusomatic-s-dream3-titration-snv-spp-300x-100-t-spp-300x-100-n,somatic-neusomatic-20261010-source-sahraeian2022-additional-file-2,"Additional file 2 Table S3, SNVs section, row 'SPP_300x_100%T vs SPP_300x_100%N', column 'NeuSomatic-S DREAM3'",93.9,result
somatic-neusomatic-20261010-result-sahraeian2022-neusomatic-s-dream3-titration-snv-spp-300x-20-t-spp-300x-100-n,somatic-neusomatic-20261010-source-sahraeian2022-additional-file-2,"Additional file 2 Table S3, SNVs section, row 'SPP_300x_20%T vs SPP_300x_100%N', column 'NeuSomatic-S DREAM3'",71.1,result
somatic-neusomatic-20261010-result-sahraeian2022-neusomatic-s-dream3-titration-snv-spp-300x-5-t-spp-300x-100-n,somatic-neusomatic-20261010-source-sahraeian2022-additional-file-2,"Additional file 2 Table S3, SNVs section, row 'SPP_300x_5%T vs SPP_300x_100%N', column 'NeuSomatic-S DREAM3'",14.5,result
somatic-neusomatic-20261010-result-sahraeian2022-neusomatic-s-dream3-titration-snv-spp-300x-50-t-spp-300x-100-n,somatic-neusomatic-20261010-source-sahraeian2022-additional-file-2,"Additional file 2 Table S3, SNVs section, row 'SPP_300x_50%T vs SPP_300x_100%N', column 'NeuSomatic-S DREAM3'",88.4,result
somatic-neusomatic-20261010-result-sahraeian2022-neusomatic-s-dream3-titration-snv-spp-300x-75-t-spp-300x-100-n,somatic-neusomatic-20261010-source-sahraeian2022-additional-file-2,"Additional file 2 Table S3, SNVs section, row 'SPP_300x_75%T vs SPP_300x_100%N', column 'NeuSomatic-S DREAM3'",91.8,result
somatic-neusomatic-20261010-result-sahraeian2022-neusomatic-s-dream3-titration-snv-spp-30x-10-t-spp-30x-100-n,somatic-neusomatic-20261010-source-sahraeian2022-additional-file-2,"Additional file 2 Table S3, SNVs section, row 'SPP_30x_10%T vs SPP_30x_100%N', column 'NeuSomatic-S DREAM3'",15.6,result
somatic-neusomatic-20261010-result-sahraeian2022-neusomatic-s-dream3-titration-snv-spp-30x-100-t-spp-30x-100-n,somatic-neusomatic-20261010-source-sahraeian2022-additional-file-2,"Additional file 2 Table S3, SNVs section, row 'SPP_30x_100%T vs SPP_30x_100%N', column 'NeuSomatic-S DREAM3'",78.4,result
somatic-neusomatic-20261010-result-sahraeian2022-neusomatic-s-dream3-titration-snv-spp-30x-20-t-spp-30x-100-n,somatic-neusomatic-20261010-source-sahraeian2022-additional-file-2,"Additional file 2 Table S3, SNVs section, row 'SPP_30x_20%T vs SPP_30x_100%N', column 'NeuSomatic-S DREAM3'",33.6,result
somatic-neusomatic-20261010-result-sahraeian2022-neusomatic-s-dream3-titration-snv-spp-30x-5-t-spp-30x-100-n,somatic-neusomatic-20261010-source-sahraeian2022-additional-file-2,"Additional file 2 Table S3, SNVs section, row 'SPP_30x_5%T vs SPP_30x_100%N', column 'NeuSomatic-S DREAM3'",5.4,result
somatic-neusomatic-20261010-result-sahraeian2022-neusomatic-s-dream3-titration-snv-spp-30x-50-t-spp-30x-100-n,somatic-neusomatic-20261010-source-sahraeian2022-additional-file-2,"Additional file 2 Table S3, SNVs section, row 'SPP_30x_50%T vs SPP_30x_100%N', column 'NeuSomatic-S DREAM3'",56.8,result
somatic-neusomatic-20261010-result-sahraeian2022-neusomatic-s-dream3-titration-snv-spp-30x-75-t-spp-30x-100-n,somatic-neusomatic-20261010-source-sahraeian2022-additional-file-2,"Additional file 2 Table S3, SNVs section, row 'SPP_30x_75%T vs SPP_30x_100%N', column 'NeuSomatic-S DREAM3'",76.1,result
somatic-neusomatic-20261010-result-sahraeian2022-neusomatic-s-dream3-titration-snv-spp-50x-10-t-spp-50x-100-n,somatic-neusomatic-20261010-source-sahraeian2022-additional-file-2,"Additional file 2 Table S3, SNVs section, row 'SPP_50x_10%T vs SPP_50x_100%N', column 'NeuSomatic-S DREAM3'",20.8,result
somatic-neusomatic-20261010-result-sahraeian2022-neusomatic-s-dream3-titration-snv-spp-50x-100-t-spp-50x-100-n,somatic-neusomatic-20261010-source-sahraeian2022-additional-file-2,"Additional file 2 Table S3, SNVs section, row 'SPP_50x_100%T vs SPP_50x_100%N', column 'NeuSomatic-S DREAM3'",88.9,result
somatic-neusomatic-20261010-result-sahraeian2022-neusomatic-s-dream3-titration-snv-spp-50x-20-t-spp-50x-100-n,somatic-neusomatic-20261010-source-sahraeian2022-additional-file-2,"Additional file 2 Table S3, SNVs section, row 'SPP_50x_20%T vs SPP_50x_100%N', column 'NeuSomatic-S DREAM3'",42.4,result
somatic-neusomatic-20261010-result-sahraeian2022-neusomatic-s-dream3-titration-snv-spp-50x-5-t-spp-50x-100-n,somatic-neusomatic-20261010-source-sahraeian2022-additional-file-2,"Additional file 2 Table S3, SNVs section, row 'SPP_50x_5%T vs SPP_50x_100%N', column 'NeuSomatic-S DREAM3'",7.7,result
somatic-neusomatic-20261010-result-sahraeian2022-neusomatic-s-dream3-titration-snv-spp-50x-50-t-spp-50x-100-n,somatic-neusomatic-20261010-source-sahraeian2022-additional-file-2,"Additional file 2 Table S3, SNVs section, row 'SPP_50x_50%T vs SPP_50x_100%N', column 'NeuSomatic-S DREAM3'",79.6,result
somatic-neusomatic-20261010-result-sahraeian2022-neusomatic-s-dream3-titration-snv-spp-50x-75-t-spp-50x-100-n,somatic-neusomatic-20261010-source-sahraeian2022-additional-file-2,"Additional file 2 Table S3, SNVs section, row 'SPP_50x_75%T vs SPP_50x_100%N', column 'NeuSomatic-S DREAM3'",87.9,result
somatic-neusomatic-20261010-result-sahraeian2022-neusomatic-s-dream3-titration-snv-spp-80x-10-t-spp-80x-100-n,somatic-neusomatic-20261010-source-sahraeian2022-additional-file-2,"Additional file 2 Table S3, SNVs section, row 'SPP_80x_10%T vs SPP_80x_100%N', column 'NeuSomatic-S DREAM3'",24.8,result
somatic-neusomatic-20261010-result-sahraeian2022-neusomatic-s-dream3-titration-snv-spp-80x-10-t-spp-80x-95-n,somatic-neusomatic-20261010-source-sahraeian2022-additional-file-2,"Additional file 2 Table S3, SNVs section, row 'SPP_80x_10%T vs SPP_80x_95%N', column 'NeuSomatic-S DREAM3'",13.3,result
somatic-neusomatic-20261010-result-sahraeian2022-neusomatic-s-dream3-titration-snv-spp-80x-100-t-spp-80x-100-n,somatic-neusomatic-20261010-source-sahraeian2022-additional-file-2,"Additional file 2 Table S3, SNVs section, row 'SPP_80x_100%T vs SPP_80x_100%N', column 'NeuSomatic-S DREAM3'",92.5,result
somatic-neusomatic-20261010-result-sahraeian2022-neusomatic-s-dream3-titration-snv-spp-80x-100-t-spp-80x-95-n,somatic-neusomatic-20261010-source-sahraeian2022-additional-file-2,"Additional file 2 Table S3, SNVs section, row 'SPP_80x_100%T vs SPP_80x_95%N', column 'NeuSomatic-S DREAM3'",89.8,result
somatic-neusomatic-20261010-result-sahraeian2022-neusomatic-s-dream3-titration-snv-spp-80x-20-t-spp-80x-100-n,somatic-neusomatic-20261010-source-sahraeian2022-additional-file-2,"Additional file 2 Table S3, SNVs section, row 'SPP_80x_20%T vs SPP_80x_100%N', column 'NeuSomatic-S DREAM3'",49.1,result
somatic-neusomatic-20261010-result-sahraeian2022-neusomatic-s-dream3-titration-snv-spp-80x-20-t-spp-80x-95-n,somatic-neusomatic-20261010-source-sahraeian2022-additional-file-2,"Additional file 2 Table S3, SNVs section, row 'SPP_80x_20%T vs SPP_80x_95%N', column 'NeuSomatic-S DREAM3'",37.7,result
somatic-neusomatic-20261010-result-sahraeian2022-neusomatic-s-dream3-titration-snv-spp-80x-5-t-spp-80x-100-n,somatic-neusomatic-20261010-source-sahraeian2022-additional-file-2,"Additional file 2 Table S3, SNVs section, row 'SPP_80x_5%T vs SPP_80x_100%N', column 'NeuSomatic-S DREAM3'",9.5,result
somatic-neusomatic-20261010-result-sahraeian2022-neusomatic-s-dream3-titration-snv-spp-80x-50-t-spp-80x-100-n,somatic-neusomatic-20261010-source-sahraeian2022-additional-file-2,"Additional file 2 Table S3, SNVs section, row 'SPP_80x_50%T vs SPP_80x_100%N', column 'NeuSomatic-S DREAM3'",87.7,result
somatic-neusomatic-20261010-result-sahraeian2022-neusomatic-s-dream3-titration-snv-spp-80x-50-t-spp-80x-95-n,somatic-neusomatic-20261010-source-sahraeian2022-additional-file-2,"Additional file 2 Table S3, SNVs section, row 'SPP_80x_50%T vs SPP_80x_95%N', column 'NeuSomatic-S DREAM3'",82.8,result
somatic-neusomatic-20261010-result-sahraeian2022-neusomatic-s-dream3-titration-snv-spp-80x-75-t-spp-80x-100-n,somatic-neusomatic-20261010-source-sahraeian2022-additional-file-2,"Additional file 2 Table S3, SNVs section, row 'SPP_80x_75%T vs SPP_80x_100%N', column 'NeuSomatic-S DREAM3'",91.0,result
somatic-neusomatic-20261010-result-sahraeian2022-neusomatic-s-dream3-titration-snv-spp-80x-75-t-spp-80x-95-n,somatic-neusomatic-20261010-source-sahraeian2022-additional-file-2,"Additional file 2 Table S3, SNVs section, row 'SPP_80x_75%T vs SPP_80x_95%N', column 'NeuSomatic-S DREAM3'",87.7,result
somatic-neusomatic-20261010-result-sahraeian2022-neusomatic-s-dream3-wgs-indel-average,somatic-neusomatic-20261010-source-sahraeian2022-additional-file-2,"Additional file 2 Table S2, INDELs section, row 'Average', column 'NeuSomatic-S DREAM3'",67.7,result
somatic-neusomatic-20261010-result-sahraeian2022-neusomatic-s-dream3-wgs-indel-wgs-ea-t-1-wgs-ea-n-1,somatic-neusomatic-20261010-source-sahraeian2022-additional-file-2,"Additional file 2 Table S2, INDELs section, row 'WGS_EA_T_1 vs WGS_EA_N_1', column 'NeuSomatic-S DREAM3'",71.7,result
somatic-neusomatic-20261010-result-sahraeian2022-neusomatic-s-dream3-wgs-indel-wgs-fd-t-1-wgs-fd-n-1,somatic-neusomatic-20261010-source-sahraeian2022-additional-file-2,"Additional file 2 Table S2, INDELs section, row 'WGS_FD_T_1 vs WGS_FD_N_1', column 'NeuSomatic-S DREAM3'",66.0,result
somatic-neusomatic-20261010-result-sahraeian2022-neusomatic-s-dream3-wgs-indel-wgs-fd-t-2-wgs-fd-n-2,somatic-neusomatic-20261010-source-sahraeian2022-additional-file-2,"Additional file 2 Table S2, INDELs section, row 'WGS_FD_T_2 vs WGS_FD_N_2', column 'NeuSomatic-S DREAM3'",66.4,result
somatic-neusomatic-20261010-result-sahraeian2022-neusomatic-s-dream3-wgs-indel-wgs-fd-t-3-wgs-fd-n-3,somatic-neusomatic-20261010-source-sahraeian2022-additional-file-2,"Additional file 2 Table S2, INDELs section, row 'WGS_FD_T_3 vs WGS_FD_N_3', column 'NeuSomatic-S DREAM3'",65.1,result
somatic-neusomatic-20261010-result-sahraeian2022-neusomatic-s-dream3-wgs-indel-wgs-il-t-1-wgs-il-n-1,somatic-neusomatic-20261010-source-sahraeian2022-additional-file-2,"Additional file 2 Table S2, INDELs section, row 'WGS_IL_T_1 vs WGS_IL_N_1', column 'NeuSomatic-S DREAM3'",71.1,result
somatic-neusomatic-20261010-result-sahraeian2022-neusomatic-s-dream3-wgs-indel-wgs-il-t-2-wgs-il-n-2,somatic-neusomatic-20261010-source-sahraeian2022-additional-file-2,"Additional file 2 Table S2, INDELs section, row 'WGS_IL_T_2 vs WGS_IL_N_2', column 'NeuSomatic-S DREAM3'",68.4,result
somatic-neusomatic-20261010-result-sahraeian2022-neusomatic-s-dream3-wgs-indel-wgs-il-t-3-wgs-il-n-3,somatic-neusomatic-20261010-source-sahraeian2022-additional-file-2,"Additional file 2 Table S2, INDELs section, row 'WGS_IL_T_3 vs WGS_IL_N_3', column 'NeuSomatic-S DREAM3'",67.8,result
somatic-neusomatic-20261010-result-sahraeian2022-neusomatic-s-dream3-wgs-indel-wgs-ll-t-1-wgs-ll-n-1,somatic-neusomatic-20261010-source-sahraeian2022-additional-file-2,"Additional file 2 Table S2, INDELs section, row 'WGS_LL_T_1 vs WGS_LL_N_1', column 'NeuSomatic-S DREAM3'",50.6,result
somatic-neusomatic-20261010-result-sahraeian2022-neusomatic-s-dream3-wgs-indel-wgs-nc-t-1-wgs-nc-n-1,somatic-neusomatic-20261010-source-sahraeian2022-additional-file-2,"Additional file 2 Table S2, INDELs section, row 'WGS_NC_T_1 vs WGS_NC_N_1', column 'NeuSomatic-S DREAM3'",66.0,result
somatic-neusomatic-20261010-result-sahraeian2022-neusomatic-s-dream3-wgs-indel-wgs-ns-t-1-wgs-ns-n-1,somatic-neusomatic-20261010-source-sahraeian2022-additional-file-2,"Additional file 2 Table S2, INDELs section, row 'WGS_NS_T_1 vs WGS_NS_N_1', column 'NeuSomatic-S DREAM3'",70.2,result
somatic-neusomatic-20261010-result-sahraeian2022-neusomatic-s-dream3-wgs-indel-wgs-ns-t-2-wgs-ns-n-2,somatic-neusomatic-20261010-source-sahraeian2022-additional-file-2,"Additional file 2 Table S2, INDELs section, row 'WGS_NS_T_2 vs WGS_NS_N_2', column 'NeuSomatic-S DREAM3'",65.6,result
somatic-neusomatic-20261010-result-sahraeian2022-neusomatic-s-dream3-wgs-indel-wgs-ns-t-3-wgs-ns-n-3,somatic-neusomatic-20261010-source-sahraeian2022-additional-file-2,"Additional file 2 Table S2, INDELs section, row 'WGS_NS_T_3 vs WGS_NS_N_3', column 'NeuSomatic-S DREAM3'",65.6,result
somatic-neusomatic-20261010-result-sahraeian2022-neusomatic-s-dream3-wgs-indel-wgs-ns-t-4-wgs-ns-n-4,somatic-neusomatic-20261010-source-sahraeian2022-additional-file-2,"Additional file 2 Table S2, INDELs section, row 'WGS_NS_T_4 vs WGS_NS_N_4', column 'NeuSomatic-S DREAM3'",68.0,result
somatic-neusomatic-20261010-result-sahraeian2022-neusomatic-s-dream3-wgs-indel-wgs-ns-t-5-wgs-ns-n-5,somatic-neusomatic-20261010-source-sahraeian2022-additional-file-2,"Additional file 2 Table S2, INDELs section, row 'WGS_NS_T_5 vs WGS_NS_N_5', column 'NeuSomatic-S DREAM3'",67.3,result
somatic-neusomatic-20261010-result-sahraeian2022-neusomatic-s-dream3-wgs-indel-wgs-ns-t-6-wgs-ns-n-6,somatic-neusomatic-20261010-source-sahraeian2022-additional-file-2,"Additional file 2 Table S2, INDELs section, row 'WGS_NS_T_6 vs WGS_NS_N_6', column 'NeuSomatic-S DREAM3'",70.0,result
somatic-neusomatic-20261010-result-sahraeian2022-neusomatic-s-dream3-wgs-indel-wgs-ns-t-7-wgs-ns-n-7,somatic-neusomatic-20261010-source-sahraeian2022-additional-file-2,"Additional file 2 Table S2, INDELs section, row 'WGS_NS_T_7 vs WGS_NS_N_7', column 'NeuSomatic-S DREAM3'",68.1,result
somatic-neusomatic-20261010-result-sahraeian2022-neusomatic-s-dream3-wgs-indel-wgs-ns-t-8-wgs-ns-n-8,somatic-neusomatic-20261010-source-sahraeian2022-additional-file-2,"Additional file 2 Table S2, INDELs section, row 'WGS_NS_T_8 vs WGS_NS_N_8', column 'NeuSomatic-S DREAM3'",65.9,result
somatic-neusomatic-20261010-result-sahraeian2022-neusomatic-s-dream3-wgs-indel-wgs-ns-t-9-wgs-ns-n-9,somatic-neusomatic-20261010-source-sahraeian2022-additional-file-2,"Additional file 2 Table S2, INDELs section, row 'WGS_NS_T_9 vs WGS_NS_N_9', column 'NeuSomatic-S DREAM3'",65.4,result
somatic-neusomatic-20261010-result-sahraeian2022-neusomatic-s-dream3-wgs-indel-wgs-nv-t-1-wgs-nv-n-1,somatic-neusomatic-20261010-source-sahraeian2022-additional-file-2,"Additional file 2 Table S2, INDELs section, row 'WGS_NV_T_1 vs WGS_NV_N_1', column 'NeuSomatic-S DREAM3'",73.9,result
somatic-neusomatic-20261010-result-sahraeian2022-neusomatic-s-dream3-wgs-indel-wgs-nv-t-2-wgs-nv-n-2,somatic-neusomatic-20261010-source-sahraeian2022-additional-file-2,"Additional file 2 Table S2, INDELs section, row 'WGS_NV_T_2 vs WGS_NV_N_2', column 'NeuSomatic-S DREAM3'",74.2,result
somatic-neusomatic-20261010-result-sahraeian2022-neusomatic-s-dream3-wgs-indel-wgs-nv-t-3-wgs-nv-n-3,somatic-neusomatic-20261010-source-sahraeian2022-additional-file-2,"Additional file 2 Table S2, INDELs section, row 'WGS_NV_T_3 vs WGS_NV_N_3', column 'NeuSomatic-S DREAM3'",75.3,result
somatic-neusomatic-20261010-result-sahraeian2022-neusomatic-s-dream3-wgs-snv-average,somatic-neusomatic-20261010-source-sahraeian2022-additional-file-2,"Additional file 2 Table S2, SNVs section, row 'Average', column 'NeuSomatic-S DREAM3'",86.3,result
somatic-neusomatic-20261010-result-sahraeian2022-neusomatic-s-dream3-wgs-snv-wgs-ea-t-1-wgs-ea-n-1,somatic-neusomatic-20261010-source-sahraeian2022-additional-file-2,"Additional file 2 Table S2, SNVs section, row 'WGS_EA_T_1 vs WGS_EA_N_1', column 'NeuSomatic-S DREAM3'",89.4,result
somatic-neusomatic-20261010-result-sahraeian2022-neusomatic-s-dream3-wgs-snv-wgs-fd-t-1-wgs-fd-n-1,somatic-neusomatic-20261010-source-sahraeian2022-additional-file-2,"Additional file 2 Table S2, SNVs section, row 'WGS_FD_T_1 vs WGS_FD_N_1', column 'NeuSomatic-S DREAM3'",86.8,result
somatic-neusomatic-20261010-result-sahraeian2022-neusomatic-s-dream3-wgs-snv-wgs-fd-t-2-wgs-fd-n-2,somatic-neusomatic-20261010-source-sahraeian2022-additional-file-2,"Additional file 2 Table S2, SNVs section, row 'WGS_FD_T_2 vs WGS_FD_N_2', column 'NeuSomatic-S DREAM3'",86.8,result
somatic-neusomatic-20261010-result-sahraeian2022-neusomatic-s-dream3-wgs-snv-wgs-fd-t-3-wgs-fd-n-3,somatic-neusomatic-20261010-source-sahraeian2022-additional-file-2,"Additional file 2 Table S2, SNVs section, row 'WGS_FD_T_3 vs WGS_FD_N_3', column 'NeuSomatic-S DREAM3'",86.4,result
somatic-neusomatic-20261010-result-sahraeian2022-neusomatic-s-dream3-wgs-snv-wgs-il-t-1-wgs-il-n-1,somatic-neusomatic-20261010-source-sahraeian2022-additional-file-2,"Additional file 2 Table S2, SNVs section, row 'WGS_IL_T_1 vs WGS_IL_N_1', column 'NeuSomatic-S DREAM3'",90.0,result
somatic-neusomatic-20261010-result-sahraeian2022-neusomatic-s-dream3-wgs-snv-wgs-il-t-2-wgs-il-n-2,somatic-neusomatic-20261010-source-sahraeian2022-additional-file-2,"Additional file 2 Table S2, SNVs section, row 'WGS_IL_T_2 vs WGS_IL_N_2', column 'NeuSomatic-S DREAM3'",88.8,result
somatic-neusomatic-20261010-result-sahraeian2022-neusomatic-s-dream3-wgs-snv-wgs-il-t-3-wgs-il-n-3,somatic-neusomatic-20261010-source-sahraeian2022-additional-file-2,"Additional file 2 Table S2, SNVs section, row 'WGS_IL_T_3 vs WGS_IL_N_3', column 'NeuSomatic-S DREAM3'",88.7,result
somatic-neusomatic-20261010-result-sahraeian2022-neusomatic-s-dream3-wgs-snv-wgs-ll-t-1-wgs-ll-n-1,somatic-neusomatic-20261010-source-sahraeian2022-additional-file-2,"Additional file 2 Table S2, SNVs section, row 'WGS_LL_T_1 vs WGS_LL_N_1', column 'NeuSomatic-S DREAM3'",69.0,result
somatic-neusomatic-20261010-result-sahraeian2022-neusomatic-s-dream3-wgs-snv-wgs-nc-t-1-wgs-nc-n-1,somatic-neusomatic-20261010-source-sahraeian2022-additional-file-2,"Additional file 2 Table S2, SNVs section, row 'WGS_NC_T_1 vs WGS_NC_N_1', column 'NeuSomatic-S DREAM3'",87.4,result
somatic-neusomatic-20261010-result-sahraeian2022-neusomatic-s-dream3-wgs-snv-wgs-ns-t-1-wgs-ns-n-1,somatic-neusomatic-20261010-source-sahraeian2022-additional-file-2,"Additional file 2 Table S2, SNVs section, row 'WGS_NS_T_1 vs WGS_NS_N_1', column 'NeuSomatic-S DREAM3'",84.8,result
somatic-neusomatic-20261010-result-sahraeian2022-neusomatic-s-dream3-wgs-snv-wgs-ns-t-2-wgs-ns-n-2,somatic-neusomatic-20261010-source-sahraeian2022-additional-file-2,"Additional file 2 Table S2, SNVs section, row 'WGS_NS_T_2 vs WGS_NS_N_2', column 'NeuSomatic-S DREAM3'",84.4,result
somatic-neusomatic-20261010-result-sahraeian2022-neusomatic-s-dream3-wgs-snv-wgs-ns-t-3-wgs-ns-n-3,somatic-neusomatic-20261010-source-sahraeian2022-additional-file-2,"Additional file 2 Table S2, SNVs section, row 'WGS_NS_T_3 vs WGS_NS_N_3', column 'NeuSomatic-S DREAM3'",84.3,result
somatic-neusomatic-20261010-result-sahraeian2022-neusomatic-s-dream3-wgs-snv-wgs-ns-t-4-wgs-ns-n-4,somatic-neusomatic-20261010-source-sahraeian2022-additional-file-2,"Additional file 2 Table S2, SNVs section, row 'WGS_NS_T_4 vs WGS_NS_N_4', column 'NeuSomatic-S DREAM3'",83.4,result
somatic-neusomatic-20261010-result-sahraeian2022-neusomatic-s-dream3-wgs-snv-wgs-ns-t-5-wgs-ns-n-5,somatic-neusomatic-20261010-source-sahraeian2022-additional-file-2,"Additional file 2 Table S2, SNVs section, row 'WGS_NS_T_5 vs WGS_NS_N_5', column 'NeuSomatic-S DREAM3'",84.5,result
somatic-neusomatic-20261010-result-sahraeian2022-neusomatic-s-dream3-wgs-snv-wgs-ns-t-6-wgs-ns-n-6,somatic-neusomatic-20261010-source-sahraeian2022-additional-file-2,"Additional file 2 Table S2, SNVs section, row 'WGS_NS_T_6 vs WGS_NS_N_6', column 'NeuSomatic-S DREAM3'",86.1,result
somatic-neusomatic-20261010-result-sahraeian2022-neusomatic-s-dream3-wgs-snv-wgs-ns-t-7-wgs-ns-n-7,somatic-neusomatic-20261010-source-sahraeian2022-additional-file-2,"Additional file 2 Table S2, SNVs section, row 'WGS_NS_T_7 vs WGS_NS_N_7', column 'NeuSomatic-S DREAM3'",83.3,result
somatic-neusomatic-20261010-result-sahraeian2022-neusomatic-s-dream3-wgs-snv-wgs-ns-t-8-wgs-ns-n-8,somatic-neusomatic-20261010-source-sahraeian2022-additional-file-2,"Additional file 2 Table S2, SNVs section, row 'WGS_NS_T_8 vs WGS_NS_N_8', column 'NeuSomatic-S DREAM3'",84.4,result
somatic-neusomatic-20261010-result-sahraeian2022-neusomatic-s-dream3-wgs-snv-wgs-ns-t-9-wgs-ns-n-9,somatic-neusomatic-20261010-source-sahraeian2022-additional-file-2,"Additional file 2 Table S2, SNVs section, row 'WGS_NS_T_9 vs WGS_NS_N_9', column 'NeuSomatic-S DREAM3'",84.8,result
somatic-neusomatic-20261010-result-sahraeian2022-neusomatic-s-dream3-wgs-snv-wgs-nv-t-1-wgs-nv-n-1,somatic-neusomatic-20261010-source-sahraeian2022-additional-file-2,"Additional file 2 Table S2, SNVs section, row 'WGS_NV_T_1 vs WGS_NV_N_1', column 'NeuSomatic-S DREAM3'",92.9,result
somatic-neusomatic-20261010-result-sahraeian2022-neusomatic-s-dream3-wgs-snv-wgs-nv-t-2-wgs-nv-n-2,somatic-neusomatic-20261010-source-sahraeian2022-additional-file-2,"Additional file 2 Table S2, SNVs section, row 'WGS_NV_T_2 vs WGS_NV_N_2', column 'NeuSomatic-S DREAM3'",93.0,result
somatic-neusomatic-20261010-result-sahraeian2022-neusomatic-s-dream3-wgs-snv-wgs-nv-t-3-wgs-nv-n-3,somatic-neusomatic-20261010-source-sahraeian2022-additional-file-2,"Additional file 2 Table S2, SNVs section, row 'WGS_NV_T_3 vs WGS_NV_N_3', column 'NeuSomatic-S DREAM3'",92.8,result
somatic-neusomatic-20261010-result-sahraeian2022-neusomatic-s-seqc-wgs-gt-50-library-prep-indel-average,somatic-neusomatic-20261010-source-sahraeian2022-additional-file-2,"Additional file 2 Table S4, INDELs section, row 'Average', column 'NeuSomatic-S SEQC-WGS-GT-50'",63.9,result
somatic-neusomatic-20261010-result-sahraeian2022-neusomatic-s-seqc-wgs-gt-50-library-prep-indel-lbp-nextera-t-100ng-lbp-nextera-n-100ng,somatic-neusomatic-20261010-source-sahraeian2022-additional-file-2,"Additional file 2 Table S4, INDELs section, row 'LBP_Nextera_T_100ng vs LBP_Nextera_N_100ng', column 'NeuSomatic-S SEQC-WGS-GT-50'",74.9,result
somatic-neusomatic-20261010-result-sahraeian2022-neusomatic-s-seqc-wgs-gt-50-library-prep-indel-lbp-nextera-t-10ng-lbp-nextera-n-10ng,somatic-neusomatic-20261010-source-sahraeian2022-additional-file-2,"Additional file 2 Table S4, INDELs section, row 'LBP_Nextera_T_10ng vs LBP_Nextera_N_10ng', column 'NeuSomatic-S SEQC-WGS-GT-50'",76.0,result
somatic-neusomatic-20261010-result-sahraeian2022-neusomatic-s-seqc-wgs-gt-50-library-prep-indel-lbp-nextera-t-1ng-lbp-nextera-n-1ng,somatic-neusomatic-20261010-source-sahraeian2022-additional-file-2,"Additional file 2 Table S4, INDELs section, row 'LBP_Nextera_T_1ng vs LBP_Nextera_N_1ng', column 'NeuSomatic-S SEQC-WGS-GT-50'",68.4,result
somatic-neusomatic-20261010-result-sahraeian2022-neusomatic-s-seqc-wgs-gt-50-library-prep-indel-lbp-truseq-t-100ng-lbp-truseq-n-100ng,somatic-neusomatic-20261010-source-sahraeian2022-additional-file-2,"Additional file 2 Table S4, INDELs section, row 'LBP_TruSeq_T_100ng vs LBP_TruSeq_N_100ng', column 'NeuSomatic-S SEQC-WGS-GT-50'",72.1,result
somatic-neusomatic-20261010-result-sahraeian2022-neusomatic-s-seqc-wgs-gt-50-library-prep-indel-lbp-truseq-t-10ng-lbp-truseq-n-10ng,somatic-neusomatic-20261010-source-sahraeian2022-additional-file-2,"Additional file 2 Table S4, INDELs section, row 'LBP_TruSeq_T_10ng vs LBP_TruSeq_N_10ng', column 'NeuSomatic-S SEQC-WGS-GT-50'",65.8,result
somatic-neusomatic-20261010-result-sahraeian2022-neusomatic-s-seqc-wgs-gt-50-library-prep-indel-lbp-truseq-t-1ng-lbp-truseq-n-1ng,somatic-neusomatic-20261010-source-sahraeian2022-additional-file-2,"Additional file 2 Table S4, INDELs section, row 'LBP_TruSeq_T_1ng vs LBP_TruSeq_N_1ng', column 'NeuSomatic-S SEQC-WGS-GT-50'",26.0,result
somatic-neusomatic-20261010-result-sahraeian2022-neusomatic-s-seqc-wgs-gt-50-library-prep-snv-average,somatic-neusomatic-20261010-source-sahraeian2022-additional-file-2,"Additional file 2 Table S4, SNVs section, row 'Average', column 'NeuSomatic-S SEQC-WGS-GT-50'",79.4,result
somatic-neusomatic-20261010-result-sahraeian2022-neusomatic-s-seqc-wgs-gt-50-library-prep-snv-lbp-nextera-t-100ng-lbp-nextera-n-100ng,somatic-neusomatic-20261010-source-sahraeian2022-additional-file-2,"Additional file 2 Table S4, SNVs section, row 'LBP_Nextera_T_100ng vs LBP_Nextera_N_100ng', column 'NeuSomatic-S SEQC-WGS-GT-50'",91.8,result
somatic-neusomatic-20261010-result-sahraeian2022-neusomatic-s-seqc-wgs-gt-50-library-prep-snv-lbp-nextera-t-10ng-lbp-nextera-n-10ng,somatic-neusomatic-20261010-source-sahraeian2022-additional-file-2,"Additional file 2 Table S4, SNVs section, row 'LBP_Nextera_T_10ng vs LBP_Nextera_N_10ng', column 'NeuSomatic-S SEQC-WGS-GT-50'",93.4,result
somatic-neusomatic-20261010-result-sahraeian2022-neusomatic-s-seqc-wgs-gt-50-library-prep-snv-lbp-nextera-t-1ng-lbp-nextera-n-1ng,somatic-neusomatic-20261010-source-sahraeian2022-additional-file-2,"Additional file 2 Table S4, SNVs section, row 'LBP_Nextera_T_1ng vs LBP_Nextera_N_1ng', column 'NeuSomatic-S SEQC-WGS-GT-50'",90.6,result
somatic-neusomatic-20261010-result-sahraeian2022-neusomatic-s-seqc-wgs-gt-50-library-prep-snv-lbp-truseq-t-100ng-lbp-truseq-n-100ng,somatic-neusomatic-20261010-source-sahraeian2022-additional-file-2,"Additional file 2 Table S4, SNVs section, row 'LBP_TruSeq_T_100ng vs LBP_TruSeq_N_100ng', column 'NeuSomatic-S SEQC-WGS-GT-50'",89.2,result
somatic-neusomatic-20261010-result-sahraeian2022-neusomatic-s-seqc-wgs-gt-50-library-prep-snv-lbp-truseq-t-10ng-lbp-truseq-n-10ng,somatic-neusomatic-20261010-source-sahraeian2022-additional-file-2,"Additional file 2 Table S4, SNVs section, row 'LBP_TruSeq_T_10ng vs LBP_TruSeq_N_10ng', column 'NeuSomatic-S SEQC-WGS-GT-50'",85.5,result
somatic-neusomatic-20261010-result-sahraeian2022-neusomatic-s-seqc-wgs-gt-50-library-prep-snv-lbp-truseq-t-1ng-lbp-truseq-n-1ng,somatic-neusomatic-20261010-source-sahraeian2022-additional-file-2,"Additional file 2 Table S4, SNVs section, row 'LBP_TruSeq_T_1ng vs LBP_TruSeq_N_1ng', column 'NeuSomatic-S SEQC-WGS-GT-50'",25.6,result
somatic-neusomatic-20261010-result-sahraeian2022-neusomatic-s-seqc-wgs-gt-50-titration-indel-average,somatic-neusomatic-20261010-source-sahraeian2022-additional-file-2,"Additional file 2 Table S3, INDELs section, row 'Average', column 'NeuSomatic-S SEQC-WGS-GT-50'",50.7,result
somatic-neusomatic-20261010-result-sahraeian2022-neusomatic-s-seqc-wgs-gt-50-titration-indel-spp-100x-10-t-spp-100x-100-n,somatic-neusomatic-20261010-source-sahraeian2022-additional-file-2,"Additional file 2 Table S3, INDELs section, row 'SPP_100x_10%T vs SPP_100x_100%N', column 'NeuSomatic-S SEQC-WGS-GT-50'",34.4,result
somatic-neusomatic-20261010-result-sahraeian2022-neusomatic-s-seqc-wgs-gt-50-titration-indel-spp-100x-100-t-spp-100x-100-n,somatic-neusomatic-20261010-source-sahraeian2022-additional-file-2,"Additional file 2 Table S3, INDELs section, row 'SPP_100x_100%T vs SPP_100x_100%N', column 'NeuSomatic-S SEQC-WGS-GT-50'",83.8,result
somatic-neusomatic-20261010-result-sahraeian2022-neusomatic-s-seqc-wgs-gt-50-titration-indel-spp-100x-20-t-spp-100x-100-n,somatic-neusomatic-20261010-source-sahraeian2022-additional-file-2,"Additional file 2 Table S3, INDELs section, row 'SPP_100x_20%T vs SPP_100x_100%N', column 'NeuSomatic-S SEQC-WGS-GT-50'",61.2,result
somatic-neusomatic-20261010-result-sahraeian2022-neusomatic-s-seqc-wgs-gt-50-titration-indel-spp-100x-5-t-spp-100x-100-n,somatic-neusomatic-20261010-source-sahraeian2022-additional-file-2,"Additional file 2 Table S3, INDELs section, row 'SPP_100x_5%T vs SPP_100x_100%N', column 'NeuSomatic-S SEQC-WGS-GT-50'",15.8,result
somatic-neusomatic-20261010-result-sahraeian2022-neusomatic-s-seqc-wgs-gt-50-titration-indel-spp-100x-50-t-spp-100x-100-n,somatic-neusomatic-20261010-source-sahraeian2022-additional-file-2,"Additional file 2 Table S3, INDELs section, row 'SPP_100x_50%T vs SPP_100x_100%N', column 'NeuSomatic-S SEQC-WGS-GT-50'",80.4,result
somatic-neusomatic-20261010-result-sahraeian2022-neusomatic-s-seqc-wgs-gt-50-titration-indel-spp-100x-75-t-spp-100x-100-n,somatic-neusomatic-20261010-source-sahraeian2022-additional-file-2,"Additional file 2 Table S3, INDELs section, row 'SPP_100x_75%T vs SPP_100x_100%N', column 'NeuSomatic-S SEQC-WGS-GT-50'",84.0,result
somatic-neusomatic-20261010-result-sahraeian2022-neusomatic-s-seqc-wgs-gt-50-titration-indel-spp-10x-10-t-spp-10x-100-n,somatic-neusomatic-20261010-source-sahraeian2022-additional-file-2,"Additional file 2 Table S3, INDELs section, row 'SPP_10x_10%T vs SPP_10x_100%N', column 'NeuSomatic-S SEQC-WGS-GT-50'",0.7,result
somatic-neusomatic-20261010-result-sahraeian2022-neusomatic-s-seqc-wgs-gt-50-titration-indel-spp-10x-100-t-spp-10x-100-n,somatic-neusomatic-20261010-source-sahraeian2022-additional-file-2,"Additional file 2 Table S3, INDELs section, row 'SPP_10x_100%T vs SPP_10x_100%N', column 'NeuSomatic-S SEQC-WGS-GT-50'",31.1,result
somatic-neusomatic-20261010-result-sahraeian2022-neusomatic-s-seqc-wgs-gt-50-titration-indel-spp-10x-20-t-spp-10x-100-n,somatic-neusomatic-20261010-source-sahraeian2022-additional-file-2,"Additional file 2 Table S3, INDELs section, row 'SPP_10x_20%T vs SPP_10x_100%N', column 'NeuSomatic-S SEQC-WGS-GT-50'",3.5,result
somatic-neusomatic-20261010-result-sahraeian2022-neusomatic-s-seqc-wgs-gt-50-titration-indel-spp-10x-5-t-spp-10x-100-n,somatic-neusomatic-20261010-source-sahraeian2022-additional-file-2,"Additional file 2 Table S3, INDELs section, row 'SPP_10x_5%T vs SPP_10x_100%N', column 'NeuSomatic-S SEQC-WGS-GT-50'",0.3,result
somatic-neusomatic-20261010-result-sahraeian2022-neusomatic-s-seqc-wgs-gt-50-titration-indel-spp-10x-50-t-spp-10x-100-n,somatic-neusomatic-20261010-source-sahraeian2022-additional-file-2,"Additional file 2 Table S3, INDELs section, row 'SPP_10x_50%T vs SPP_10x_100%N', column 'NeuSomatic-S SEQC-WGS-GT-50'",16.9,result
somatic-neusomatic-20261010-result-sahraeian2022-neusomatic-s-seqc-wgs-gt-50-titration-indel-spp-10x-75-t-spp-10x-100-n,somatic-neusomatic-20261010-source-sahraeian2022-additional-file-2,"Additional file 2 Table S3, INDELs section, row 'SPP_10x_75%T vs SPP_10x_100%N', column 'NeuSomatic-S SEQC-WGS-GT-50'",28.9,result
somatic-neusomatic-20261010-result-sahraeian2022-neusomatic-s-seqc-wgs-gt-50-titration-indel-spp-200x-10-t-spp-200x-100-n,somatic-neusomatic-20261010-source-sahraeian2022-additional-file-2,"Additional file 2 Table S3, INDELs section, row 'SPP_200x_10%T vs SPP_200x_100%N', column 'NeuSomatic-S SEQC-WGS-GT-50'",41.8,result
somatic-neusomatic-20261010-result-sahraeian2022-neusomatic-s-seqc-wgs-gt-50-titration-indel-spp-200x-100-t-spp-200x-100-n,somatic-neusomatic-20261010-source-sahraeian2022-additional-file-2,"Additional file 2 Table S3, INDELs section, row 'SPP_200x_100%T vs SPP_200x_100%N', column 'NeuSomatic-S SEQC-WGS-GT-50'",83.1,result
somatic-neusomatic-20261010-result-sahraeian2022-neusomatic-s-seqc-wgs-gt-50-titration-indel-spp-200x-20-t-spp-200x-100-n,somatic-neusomatic-20261010-source-sahraeian2022-additional-file-2,"Additional file 2 Table S3, INDELs section, row 'SPP_200x_20%T vs SPP_200x_100%N', column 'NeuSomatic-S SEQC-WGS-GT-50'",63.4,result
somatic-neusomatic-20261010-result-sahraeian2022-neusomatic-s-seqc-wgs-gt-50-titration-indel-spp-200x-5-t-spp-200x-100-n,somatic-neusomatic-20261010-source-sahraeian2022-additional-file-2,"Additional file 2 Table S3, INDELs section, row 'SPP_200x_5%T vs SPP_200x_100%N', column 'NeuSomatic-S SEQC-WGS-GT-50'",20.2,result
somatic-neusomatic-20261010-result-sahraeian2022-neusomatic-s-seqc-wgs-gt-50-titration-indel-spp-200x-50-t-spp-200x-100-n,somatic-neusomatic-20261010-source-sahraeian2022-additional-file-2,"Additional file 2 Table S3, INDELs section, row 'SPP_200x_50%T vs SPP_200x_100%N', column 'NeuSomatic-S SEQC-WGS-GT-50'",79.8,result
somatic-neusomatic-20261010-result-sahraeian2022-neusomatic-s-seqc-wgs-gt-50-titration-indel-spp-200x-75-t-spp-200x-100-n,somatic-neusomatic-20261010-source-sahraeian2022-additional-file-2,"Additional file 2 Table S3, INDELs section, row 'SPP_200x_75%T vs SPP_200x_100%N', column 'NeuSomatic-S SEQC-WGS-GT-50'",82.2,result
somatic-neusomatic-20261010-result-sahraeian2022-neusomatic-s-seqc-wgs-gt-50-titration-indel-spp-300x-10-t-spp-300x-100-n,somatic-neusomatic-20261010-source-sahraeian2022-additional-file-2,"Additional file 2 Table S3, INDELs section, row 'SPP_300x_10%T vs SPP_300x_100%N', column 'NeuSomatic-S SEQC-WGS-GT-50'",43.7,result
somatic-neusomatic-20261010-result-sahraeian2022-neusomatic-s-seqc-wgs-gt-50-titration-indel-spp-300x-100-t-spp-300x-100-n,somatic-neusomatic-20261010-source-sahraeian2022-additional-file-2,"Additional file 2 Table S3, INDELs section, row 'SPP_300x_100%T vs SPP_300x_100%N', column 'NeuSomatic-S SEQC-WGS-GT-50'",83.3,result
somatic-neusomatic-20261010-result-sahraeian2022-neusomatic-s-seqc-wgs-gt-50-titration-indel-spp-300x-20-t-spp-300x-100-n,somatic-neusomatic-20261010-source-sahraeian2022-additional-file-2,"Additional file 2 Table S3, INDELs section, row 'SPP_300x_20%T vs SPP_300x_100%N', column 'NeuSomatic-S SEQC-WGS-GT-50'",65.4,result
somatic-neusomatic-20261010-result-sahraeian2022-neusomatic-s-seqc-wgs-gt-50-titration-indel-spp-300x-5-t-spp-300x-100-n,somatic-neusomatic-20261010-source-sahraeian2022-additional-file-2,"Additional file 2 Table S3, INDELs section, row 'SPP_300x_5%T vs SPP_300x_100%N', column 'NeuSomatic-S SEQC-WGS-GT-50'",21.6,result
somatic-neusomatic-20261010-result-sahraeian2022-neusomatic-s-seqc-wgs-gt-50-titration-indel-spp-300x-50-t-spp-300x-100-n,somatic-neusomatic-20261010-source-sahraeian2022-additional-file-2,"Additional file 2 Table S3, INDELs section, row 'SPP_300x_50%T vs SPP_300x_100%N', column 'NeuSomatic-S SEQC-WGS-GT-50'",80.6,result
somatic-neusomatic-20261010-result-sahraeian2022-neusomatic-s-seqc-wgs-gt-50-titration-indel-spp-300x-75-t-spp-300x-100-n,somatic-neusomatic-20261010-source-sahraeian2022-additional-file-2,"Additional file 2 Table S3, INDELs section, row 'SPP_300x_75%T vs SPP_300x_100%N', column 'NeuSomatic-S SEQC-WGS-GT-50'",84.3,result
somatic-neusomatic-20261010-result-sahraeian2022-neusomatic-s-seqc-wgs-gt-50-titration-indel-spp-30x-10-t-spp-30x-100-n,somatic-neusomatic-20261010-source-sahraeian2022-additional-file-2,"Additional file 2 Table S3, INDELs section, row 'SPP_30x_10%T vs SPP_30x_100%N', column 'NeuSomatic-S SEQC-WGS-GT-50'",10.9,result
somatic-neusomatic-20261010-result-sahraeian2022-neusomatic-s-seqc-wgs-gt-50-titration-indel-spp-30x-100-t-spp-30x-100-n,somatic-neusomatic-20261010-source-sahraeian2022-additional-file-2,"Additional file 2 Table S3, INDELs section, row 'SPP_30x_100%T vs SPP_30x_100%N', column 'NeuSomatic-S SEQC-WGS-GT-50'",68.3,result
somatic-neusomatic-20261010-result-sahraeian2022-neusomatic-s-seqc-wgs-gt-50-titration-indel-spp-30x-20-t-spp-30x-100-n,somatic-neusomatic-20261010-source-sahraeian2022-additional-file-2,"Additional file 2 Table S3, INDELs section, row 'SPP_30x_20%T vs SPP_30x_100%N', column 'NeuSomatic-S SEQC-WGS-GT-50'",28.7,result
somatic-neusomatic-20261010-result-sahraeian2022-neusomatic-s-seqc-wgs-gt-50-titration-indel-spp-30x-5-t-spp-30x-100-n,somatic-neusomatic-20261010-source-sahraeian2022-additional-file-2,"Additional file 2 Table S3, INDELs section, row 'SPP_30x_5%T vs SPP_30x_100%N', column 'NeuSomatic-S SEQC-WGS-GT-50'",4.5,result
somatic-neusomatic-20261010-result-sahraeian2022-neusomatic-s-seqc-wgs-gt-50-titration-indel-spp-30x-50-t-spp-30x-100-n,somatic-neusomatic-20261010-source-sahraeian2022-additional-file-2,"Additional file 2 Table S3, INDELs section, row 'SPP_30x_50%T vs SPP_30x_100%N', column 'NeuSomatic-S SEQC-WGS-GT-50'",55.6,result
somatic-neusomatic-20261010-result-sahraeian2022-neusomatic-s-seqc-wgs-gt-50-titration-indel-spp-30x-75-t-spp-30x-100-n,somatic-neusomatic-20261010-source-sahraeian2022-additional-file-2,"Additional file 2 Table S3, INDELs section, row 'SPP_30x_75%T vs SPP_30x_100%N', column 'NeuSomatic-S SEQC-WGS-GT-50'",68.1,result
somatic-neusomatic-20261010-result-sahraeian2022-neusomatic-s-seqc-wgs-gt-50-titration-indel-spp-50x-10-t-spp-50x-100-n,somatic-neusomatic-20261010-source-sahraeian2022-additional-file-2,"Additional file 2 Table S3, INDELs section, row 'SPP_50x_10%T vs SPP_50x_100%N', column 'NeuSomatic-S SEQC-WGS-GT-50'",25.2,result
somatic-neusomatic-20261010-result-sahraeian2022-neusomatic-s-seqc-wgs-gt-50-titration-indel-spp-50x-100-t-spp-50x-100-n,somatic-neusomatic-20261010-source-sahraeian2022-additional-file-2,"Additional file 2 Table S3, INDELs section, row 'SPP_50x_100%T vs SPP_50x_100%N', column 'NeuSomatic-S SEQC-WGS-GT-50'",79.8,result
somatic-neusomatic-20261010-result-sahraeian2022-neusomatic-s-seqc-wgs-gt-50-titration-indel-spp-50x-20-t-spp-50x-100-n,somatic-neusomatic-20261010-source-sahraeian2022-additional-file-2,"Additional file 2 Table S3, INDELs section, row 'SPP_50x_20%T vs SPP_50x_100%N', column 'NeuSomatic-S SEQC-WGS-GT-50'",47.5,result
somatic-neusomatic-20261010-result-sahraeian2022-neusomatic-s-seqc-wgs-gt-50-titration-indel-spp-50x-5-t-spp-50x-100-n,somatic-neusomatic-20261010-source-sahraeian2022-additional-file-2,"Additional file 2 Table S3, INDELs section, row 'SPP_50x_5%T vs SPP_50x_100%N', column 'NeuSomatic-S SEQC-WGS-GT-50'",11.4,result
somatic-neusomatic-20261010-result-sahraeian2022-neusomatic-s-seqc-wgs-gt-50-titration-indel-spp-50x-50-t-spp-50x-100-n,somatic-neusomatic-20261010-source-sahraeian2022-additional-file-2,"Additional file 2 Table S3, INDELs section, row 'SPP_50x_50%T vs SPP_50x_100%N', column 'NeuSomatic-S SEQC-WGS-GT-50'",72.5,result
somatic-neusomatic-20261010-result-sahraeian2022-neusomatic-s-seqc-wgs-gt-50-titration-indel-spp-50x-75-t-spp-50x-100-n,somatic-neusomatic-20261010-source-sahraeian2022-additional-file-2,"Additional file 2 Table S3, INDELs section, row 'SPP_50x_75%T vs SPP_50x_100%N', column 'NeuSomatic-S SEQC-WGS-GT-50'",79.1,result
somatic-neusomatic-20261010-result-sahraeian2022-neusomatic-s-seqc-wgs-gt-50-titration-indel-spp-80x-10-t-spp-80x-100-n,somatic-neusomatic-20261010-source-sahraeian2022-additional-file-2,"Additional file 2 Table S3, INDELs section, row 'SPP_80x_10%T vs SPP_80x_100%N', column 'NeuSomatic-S SEQC-WGS-GT-50'",33.9,result
somatic-neusomatic-20261010-result-sahraeian2022-neusomatic-s-seqc-wgs-gt-50-titration-indel-spp-80x-10-t-spp-80x-95-n,somatic-neusomatic-20261010-source-sahraeian2022-additional-file-2,"Additional file 2 Table S3, INDELs section, row 'SPP_80x_10%T vs SPP_80x_95%N', column 'NeuSomatic-S SEQC-WGS-GT-50'",17.5,result
somatic-neusomatic-20261010-result-sahraeian2022-neusomatic-s-seqc-wgs-gt-50-titration-indel-spp-80x-100-t-spp-80x-100-n,somatic-neusomatic-20261010-source-sahraeian2022-additional-file-2,"Additional file 2 Table S3, INDELs section, row 'SPP_80x_100%T vs SPP_80x_100%N', column 'NeuSomatic-S SEQC-WGS-GT-50'",83.5,result
somatic-neusomatic-20261010-result-sahraeian2022-neusomatic-s-seqc-wgs-gt-50-titration-indel-spp-80x-100-t-spp-80x-95-n,somatic-neusomatic-20261010-source-sahraeian2022-additional-file-2,"Additional file 2 Table S3, INDELs section, row 'SPP_80x_100%T vs SPP_80x_95%N', column 'NeuSomatic-S SEQC-WGS-GT-50'",78.9,result
somatic-neusomatic-20261010-result-sahraeian2022-neusomatic-s-seqc-wgs-gt-50-titration-indel-spp-80x-20-t-spp-80x-100-n,somatic-neusomatic-20261010-source-sahraeian2022-additional-file-2,"Additional file 2 Table S3, INDELs section, row 'SPP_80x_20%T vs SPP_80x_100%N', column 'NeuSomatic-S SEQC-WGS-GT-50'",57.2,result
somatic-neusomatic-20261010-result-sahraeian2022-neusomatic-s-seqc-wgs-gt-50-titration-indel-spp-80x-20-t-spp-80x-95-n,somatic-neusomatic-20261010-source-sahraeian2022-additional-file-2,"Additional file 2 Table S3, INDELs section, row 'SPP_80x_20%T vs SPP_80x_95%N', column 'NeuSomatic-S SEQC-WGS-GT-50'",41.8,result
somatic-neusomatic-20261010-result-sahraeian2022-neusomatic-s-seqc-wgs-gt-50-titration-indel-spp-80x-5-t-spp-80x-100-n,somatic-neusomatic-20261010-source-sahraeian2022-additional-file-2,"Additional file 2 Table S3, INDELs section, row 'SPP_80x_5%T vs SPP_80x_100%N', column 'NeuSomatic-S SEQC-WGS-GT-50'",16.1,result
somatic-neusomatic-20261010-result-sahraeian2022-neusomatic-s-seqc-wgs-gt-50-titration-indel-spp-80x-50-t-spp-80x-100-n,somatic-neusomatic-20261010-source-sahraeian2022-additional-file-2,"Additional file 2 Table S3, INDELs section, row 'SPP_80x_50%T vs SPP_80x_100%N', column 'NeuSomatic-S SEQC-WGS-GT-50'",78.8,result
somatic-neusomatic-20261010-result-sahraeian2022-neusomatic-s-seqc-wgs-gt-50-titration-indel-spp-80x-50-t-spp-80x-95-n,somatic-neusomatic-20261010-source-sahraeian2022-additional-file-2,"Additional file 2 Table S3, INDELs section, row 'SPP_80x_50%T vs SPP_80x_95%N', column 'NeuSomatic-S SEQC-WGS-GT-50'",72.1,result
somatic-neusomatic-20261010-result-sahraeian2022-neusomatic-s-seqc-wgs-gt-50-titration-indel-spp-80x-75-t-spp-80x-100-n,somatic-neusomatic-20261010-source-sahraeian2022-additional-file-2,"Additional file 2 Table S3, INDELs section, row 'SPP_80x_75%T vs SPP_80x_100%N', column 'NeuSomatic-S SEQC-WGS-GT-50'",83.2,result
somatic-neusomatic-20261010-result-sahraeian2022-neusomatic-s-seqc-wgs-gt-50-titration-indel-spp-80x-75-t-spp-80x-95-n,somatic-neusomatic-20261010-source-sahraeian2022-additional-file-2,"Additional file 2 Table S3, INDELs section, row 'SPP_80x_75%T vs SPP_80x_95%N', column 'NeuSomatic-S SEQC-WGS-GT-50'",78.6,result
somatic-neusomatic-20261010-result-sahraeian2022-neusomatic-s-seqc-wgs-gt-50-titration-snv-average,somatic-neusomatic-20261010-source-sahraeian2022-additional-file-2,"Additional file 2 Table S3, SNVs section, row 'Average', column 'NeuSomatic-S SEQC-WGS-GT-50'",62.9,result
somatic-neusomatic-20261010-result-sahraeian2022-neusomatic-s-seqc-wgs-gt-50-titration-snv-spp-100x-10-t-spp-100x-100-n,somatic-neusomatic-20261010-source-sahraeian2022-additional-file-2,"Additional file 2 Table S3, SNVs section, row 'SPP_100x_10%T vs SPP_100x_100%N', column 'NeuSomatic-S SEQC-WGS-GT-50'",43.4,result
somatic-neusomatic-20261010-result-sahraeian2022-neusomatic-s-seqc-wgs-gt-50-titration-snv-spp-100x-100-t-spp-100x-100-n,somatic-neusomatic-20261010-source-sahraeian2022-additional-file-2,"Additional file 2 Table S3, SNVs section, row 'SPP_100x_100%T vs SPP_100x_100%N', column 'NeuSomatic-S SEQC-WGS-GT-50'",96.5,result
somatic-neusomatic-20261010-result-sahraeian2022-neusomatic-s-seqc-wgs-gt-50-titration-snv-spp-100x-20-t-spp-100x-100-n,somatic-neusomatic-20261010-source-sahraeian2022-additional-file-2,"Additional file 2 Table S3, SNVs section, row 'SPP_100x_20%T vs SPP_100x_100%N', column 'NeuSomatic-S SEQC-WGS-GT-50'",74.4,result
somatic-neusomatic-20261010-result-sahraeian2022-neusomatic-s-seqc-wgs-gt-50-titration-snv-spp-100x-5-t-spp-100x-100-n,somatic-neusomatic-20261010-source-sahraeian2022-additional-file-2,"Additional file 2 Table S3, SNVs section, row 'SPP_100x_5%T vs SPP_100x_100%N', column 'NeuSomatic-S SEQC-WGS-GT-50'",19.2,result
somatic-neusomatic-20261010-result-sahraeian2022-neusomatic-s-seqc-wgs-gt-50-titration-snv-spp-100x-50-t-spp-100x-100-n,somatic-neusomatic-20261010-source-sahraeian2022-additional-file-2,"Additional file 2 Table S3, SNVs section, row 'SPP_100x_50%T vs SPP_100x_100%N', column 'NeuSomatic-S SEQC-WGS-GT-50'",91.3,result
somatic-neusomatic-20261010-result-sahraeian2022-neusomatic-s-seqc-wgs-gt-50-titration-snv-spp-100x-75-t-spp-100x-100-n,somatic-neusomatic-20261010-source-sahraeian2022-additional-file-2,"Additional file 2 Table S3, SNVs section, row 'SPP_100x_75%T vs SPP_100x_100%N', column 'NeuSomatic-S SEQC-WGS-GT-50'",94.5,result
somatic-neusomatic-20261010-result-sahraeian2022-neusomatic-s-seqc-wgs-gt-50-titration-snv-spp-10x-10-t-spp-10x-100-n,somatic-neusomatic-20261010-source-sahraeian2022-additional-file-2,"Additional file 2 Table S3, SNVs section, row 'SPP_10x_10%T vs SPP_10x_100%N', column 'NeuSomatic-S SEQC-WGS-GT-50'",1.2,result
somatic-neusomatic-20261010-result-sahraeian2022-neusomatic-s-seqc-wgs-gt-50-titration-snv-spp-10x-100-t-spp-10x-100-n,somatic-neusomatic-20261010-source-sahraeian2022-additional-file-2,"Additional file 2 Table S3, SNVs section, row 'SPP_10x_100%T vs SPP_10x_100%N', column 'NeuSomatic-S SEQC-WGS-GT-50'",57.2,result
somatic-neusomatic-20261010-result-sahraeian2022-neusomatic-s-seqc-wgs-gt-50-titration-snv-spp-10x-20-t-spp-10x-100-n,somatic-neusomatic-20261010-source-sahraeian2022-additional-file-2,"Additional file 2 Table S3, SNVs section, row 'SPP_10x_20%T vs SPP_10x_100%N', column 'NeuSomatic-S SEQC-WGS-GT-50'",5.9,result
somatic-neusomatic-20261010-result-sahraeian2022-neusomatic-s-seqc-wgs-gt-50-titration-snv-spp-10x-5-t-spp-10x-100-n,somatic-neusomatic-20261010-source-sahraeian2022-additional-file-2,"Additional file 2 Table S3, SNVs section, row 'SPP_10x_5%T vs SPP_10x_100%N', column 'NeuSomatic-S SEQC-WGS-GT-50'",0.2,result
somatic-neusomatic-20261010-result-sahraeian2022-neusomatic-s-seqc-wgs-gt-50-titration-snv-spp-10x-50-t-spp-10x-100-n,somatic-neusomatic-20261010-source-sahraeian2022-additional-file-2,"Additional file 2 Table S3, SNVs section, row 'SPP_10x_50%T vs SPP_10x_100%N', column 'NeuSomatic-S SEQC-WGS-GT-50'",31.6,result
somatic-neusomatic-20261010-result-sahraeian2022-neusomatic-s-seqc-wgs-gt-50-titration-snv-spp-10x-75-t-spp-10x-100-n,somatic-neusomatic-20261010-source-sahraeian2022-additional-file-2,"Additional file 2 Table S3, SNVs section, row 'SPP_10x_75%T vs SPP_10x_100%N', column 'NeuSomatic-S SEQC-WGS-GT-50'",48.6,result
somatic-neusomatic-20261010-result-sahraeian2022-neusomatic-s-seqc-wgs-gt-50-titration-snv-spp-200x-10-t-spp-200x-100-n,somatic-neusomatic-20261010-source-sahraeian2022-additional-file-2,"Additional file 2 Table S3, SNVs section, row 'SPP_200x_10%T vs SPP_200x_100%N', column 'NeuSomatic-S SEQC-WGS-GT-50'",66.7,result
somatic-neusomatic-20261010-result-sahraeian2022-neusomatic-s-seqc-wgs-gt-50-titration-snv-spp-200x-100-t-spp-200x-100-n,somatic-neusomatic-20261010-source-sahraeian2022-additional-file-2,"Additional file 2 Table S3, SNVs section, row 'SPP_200x_100%T vs SPP_200x_100%N', column 'NeuSomatic-S SEQC-WGS-GT-50'",97.7,result
somatic-neusomatic-20261010-result-sahraeian2022-neusomatic-s-seqc-wgs-gt-50-titration-snv-spp-200x-20-t-spp-200x-100-n,somatic-neusomatic-20261010-source-sahraeian2022-additional-file-2,"Additional file 2 Table S3, SNVs section, row 'SPP_200x_20%T vs SPP_200x_100%N', column 'NeuSomatic-S SEQC-WGS-GT-50'",84.0,result
somatic-neusomatic-20261010-result-sahraeian2022-neusomatic-s-seqc-wgs-gt-50-titration-snv-spp-200x-5-t-spp-200x-100-n,somatic-neusomatic-20261010-source-sahraeian2022-additional-file-2,"Additional file 2 Table S3, SNVs section, row 'SPP_200x_5%T vs SPP_200x_100%N', column 'NeuSomatic-S SEQC-WGS-GT-50'",34.3,result
somatic-neusomatic-20261010-result-sahraeian2022-neusomatic-s-seqc-wgs-gt-50-titration-snv-spp-200x-50-t-spp-200x-100-n,somatic-neusomatic-20261010-source-sahraeian2022-additional-file-2,"Additional file 2 Table S3, SNVs section, row 'SPP_200x_50%T vs SPP_200x_100%N', column 'NeuSomatic-S SEQC-WGS-GT-50'",93.5,result
somatic-neusomatic-20261010-result-sahraeian2022-neusomatic-s-seqc-wgs-gt-50-titration-snv-spp-200x-75-t-spp-200x-100-n,somatic-neusomatic-20261010-source-sahraeian2022-additional-file-2,"Additional file 2 Table S3, SNVs section, row 'SPP_200x_75%T vs SPP_200x_100%N', column 'NeuSomatic-S SEQC-WGS-GT-50'",96.0,result
somatic-neusomatic-20261010-result-sahraeian2022-neusomatic-s-seqc-wgs-gt-50-titration-snv-spp-300x-10-t-spp-300x-100-n,somatic-neusomatic-20261010-source-sahraeian2022-additional-file-2,"Additional file 2 Table S3, SNVs section, row 'SPP_300x_10%T vs SPP_300x_100%N', column 'NeuSomatic-S SEQC-WGS-GT-50'",70.4,result
somatic-neusomatic-20261010-result-sahraeian2022-neusomatic-s-seqc-wgs-gt-50-titration-snv-spp-300x-100-t-spp-300x-100-n,somatic-neusomatic-20261010-source-sahraeian2022-additional-file-2,"Additional file 2 Table S3, SNVs section, row 'SPP_300x_100%T vs SPP_300x_100%N', column 'NeuSomatic-S SEQC-WGS-GT-50'",98.1,result
somatic-neusomatic-20261010-result-sahraeian2022-neusomatic-s-seqc-wgs-gt-50-titration-snv-spp-300x-20-t-spp-300x-100-n,somatic-neusomatic-20261010-source-sahraeian2022-additional-file-2,"Additional file 2 Table S3, SNVs section, row 'SPP_300x_20%T vs SPP_300x_100%N', column 'NeuSomatic-S SEQC-WGS-GT-50'",86.4,result
somatic-neusomatic-20261010-result-sahraeian2022-neusomatic-s-seqc-wgs-gt-50-titration-snv-spp-300x-5-t-spp-300x-100-n,somatic-neusomatic-20261010-source-sahraeian2022-additional-file-2,"Additional file 2 Table S3, SNVs section, row 'SPP_300x_5%T vs SPP_300x_100%N', column 'NeuSomatic-S SEQC-WGS-GT-50'",43.2,result
somatic-neusomatic-20261010-result-sahraeian2022-neusomatic-s-seqc-wgs-gt-50-titration-snv-spp-300x-50-t-spp-300x-100-n,somatic-neusomatic-20261010-source-sahraeian2022-additional-file-2,"Additional file 2 Table S3, SNVs section, row 'SPP_300x_50%T vs SPP_300x_100%N', column 'NeuSomatic-S SEQC-WGS-GT-50'",95.0,result
somatic-neusomatic-20261010-result-sahraeian2022-neusomatic-s-seqc-wgs-gt-50-titration-snv-spp-300x-75-t-spp-300x-100-n,somatic-neusomatic-20261010-source-sahraeian2022-additional-file-2,"Additional file 2 Table S3, SNVs section, row 'SPP_300x_75%T vs SPP_300x_100%N', column 'NeuSomatic-S SEQC-WGS-GT-50'",96.9,result
somatic-neusomatic-20261010-result-sahraeian2022-neusomatic-s-seqc-wgs-gt-50-titration-snv-spp-30x-10-t-spp-30x-100-n,somatic-neusomatic-20261010-source-sahraeian2022-additional-file-2,"Additional file 2 Table S3, SNVs section, row 'SPP_30x_10%T vs SPP_30x_100%N', column 'NeuSomatic-S SEQC-WGS-GT-50'",14.2,result
somatic-neusomatic-20261010-result-sahraeian2022-neusomatic-s-seqc-wgs-gt-50-titration-snv-spp-30x-100-t-spp-30x-100-n,somatic-neusomatic-20261010-source-sahraeian2022-additional-file-2,"Additional file 2 Table S3, SNVs section, row 'SPP_30x_100%T vs SPP_30x_100%N', column 'NeuSomatic-S SEQC-WGS-GT-50'",86.9,result
somatic-neusomatic-20261010-result-sahraeian2022-neusomatic-s-seqc-wgs-gt-50-titration-snv-spp-30x-20-t-spp-30x-100-n,somatic-neusomatic-20261010-source-sahraeian2022-additional-file-2,"Additional file 2 Table S3, SNVs section, row 'SPP_30x_20%T vs SPP_30x_100%N', column 'NeuSomatic-S SEQC-WGS-GT-50'",37.1,result
somatic-neusomatic-20261010-result-sahraeian2022-neusomatic-s-seqc-wgs-gt-50-titration-snv-spp-30x-5-t-spp-30x-100-n,somatic-neusomatic-20261010-source-sahraeian2022-additional-file-2,"Additional file 2 Table S3, SNVs section, row 'SPP_30x_5%T vs SPP_30x_100%N', column 'NeuSomatic-S SEQC-WGS-GT-50'",3.6,result
somatic-neusomatic-20261010-result-sahraeian2022-neusomatic-s-seqc-wgs-gt-50-titration-snv-spp-30x-50-t-spp-30x-100-n,somatic-neusomatic-20261010-source-sahraeian2022-additional-file-2,"Additional file 2 Table S3, SNVs section, row 'SPP_30x_50%T vs SPP_30x_100%N', column 'NeuSomatic-S SEQC-WGS-GT-50'",72.6,result
somatic-neusomatic-20261010-result-sahraeian2022-neusomatic-s-seqc-wgs-gt-50-titration-snv-spp-30x-75-t-spp-30x-100-n,somatic-neusomatic-20261010-source-sahraeian2022-additional-file-2,"Additional file 2 Table S3, SNVs section, row 'SPP_30x_75%T vs SPP_30x_100%N', column 'NeuSomatic-S SEQC-WGS-GT-50'",82.9,result
somatic-neusomatic-20261010-result-sahraeian2022-neusomatic-s-seqc-wgs-gt-50-titration-snv-spp-50x-10-t-spp-50x-100-n,somatic-neusomatic-20261010-source-sahraeian2022-additional-file-2,"Additional file 2 Table S3, SNVs section, row 'SPP_50x_10%T vs SPP_50x_100%N', column 'NeuSomatic-S SEQC-WGS-GT-50'",32.9,result
somatic-neusomatic-20261010-result-sahraeian2022-neusomatic-s-seqc-wgs-gt-50-titration-snv-spp-50x-100-t-spp-50x-100-n,somatic-neusomatic-20261010-source-sahraeian2022-additional-file-2,"Additional file 2 Table S3, SNVs section, row 'SPP_50x_100%T vs SPP_50x_100%N', column 'NeuSomatic-S SEQC-WGS-GT-50'",92.9,result
somatic-neusomatic-20261010-result-sahraeian2022-neusomatic-s-seqc-wgs-gt-50-titration-snv-spp-50x-20-t-spp-50x-100-n,somatic-neusomatic-20261010-source-sahraeian2022-additional-file-2,"Additional file 2 Table S3, SNVs section, row 'SPP_50x_20%T vs SPP_50x_100%N', column 'NeuSomatic-S SEQC-WGS-GT-50'",59.9,result
somatic-neusomatic-20261010-result-sahraeian2022-neusomatic-s-seqc-wgs-gt-50-titration-snv-spp-50x-5-t-spp-50x-100-n,somatic-neusomatic-20261010-source-sahraeian2022-additional-file-2,"Additional file 2 Table S3, SNVs section, row 'SPP_50x_5%T vs SPP_50x_100%N', column 'NeuSomatic-S SEQC-WGS-GT-50'",12.0,result
somatic-neusomatic-20261010-result-sahraeian2022-neusomatic-s-seqc-wgs-gt-50-titration-snv-spp-50x-50-t-spp-50x-100-n,somatic-neusomatic-20261010-source-sahraeian2022-additional-file-2,"Additional file 2 Table S3, SNVs section, row 'SPP_50x_50%T vs SPP_50x_100%N', column 'NeuSomatic-S SEQC-WGS-GT-50'",84.8,result
somatic-neusomatic-20261010-result-sahraeian2022-neusomatic-s-seqc-wgs-gt-50-titration-snv-spp-50x-75-t-spp-50x-100-n,somatic-neusomatic-20261010-source-sahraeian2022-additional-file-2,"Additional file 2 Table S3, SNVs section, row 'SPP_50x_75%T vs SPP_50x_100%N', column 'NeuSomatic-S SEQC-WGS-GT-50'",90.5,result
somatic-neusomatic-20261010-result-sahraeian2022-neusomatic-s-seqc-wgs-gt-50-titration-snv-spp-80x-10-t-spp-80x-100-n,somatic-neusomatic-20261010-source-sahraeian2022-additional-file-2,"Additional file 2 Table S3, SNVs section, row 'SPP_80x_10%T vs SPP_80x_100%N', column 'NeuSomatic-S SEQC-WGS-GT-50'",41.3,result
somatic-neusomatic-20261010-result-sahraeian2022-neusomatic-s-seqc-wgs-gt-50-titration-snv-spp-80x-10-t-spp-80x-95-n,somatic-neusomatic-20261010-source-sahraeian2022-additional-file-2,"Additional file 2 Table S3, SNVs section, row 'SPP_80x_10%T vs SPP_80x_95%N', column 'NeuSomatic-S SEQC-WGS-GT-50'",24.9,result
somatic-neusomatic-20261010-result-sahraeian2022-neusomatic-s-seqc-wgs-gt-50-titration-snv-spp-80x-100-t-spp-80x-100-n,somatic-neusomatic-20261010-source-sahraeian2022-additional-file-2,"Additional file 2 Table S3, SNVs section, row 'SPP_80x_100%T vs SPP_80x_100%N', column 'NeuSomatic-S SEQC-WGS-GT-50'",95.7,result
somatic-neusomatic-20261010-result-sahraeian2022-neusomatic-s-seqc-wgs-gt-50-titration-snv-spp-80x-100-t-spp-80x-95-n,somatic-neusomatic-20261010-source-sahraeian2022-additional-file-2,"Additional file 2 Table S3, SNVs section, row 'SPP_80x_100%T vs SPP_80x_95%N', column 'NeuSomatic-S SEQC-WGS-GT-50'",94.7,result
somatic-neusomatic-20261010-result-sahraeian2022-neusomatic-s-seqc-wgs-gt-50-titration-snv-spp-80x-20-t-spp-80x-100-n,somatic-neusomatic-20261010-source-sahraeian2022-additional-file-2,"Additional file 2 Table S3, SNVs section, row 'SPP_80x_20%T vs SPP_80x_100%N', column 'NeuSomatic-S SEQC-WGS-GT-50'",67.6,result
somatic-neusomatic-20261010-result-sahraeian2022-neusomatic-s-seqc-wgs-gt-50-titration-snv-spp-80x-20-t-spp-80x-95-n,somatic-neusomatic-20261010-source-sahraeian2022-additional-file-2,"Additional file 2 Table S3, SNVs section, row 'SPP_80x_20%T vs SPP_80x_95%N', column 'NeuSomatic-S SEQC-WGS-GT-50'",54.9,result
somatic-neusomatic-20261010-result-sahraeian2022-neusomatic-s-seqc-wgs-gt-50-titration-snv-spp-80x-5-t-spp-80x-100-n,somatic-neusomatic-20261010-source-sahraeian2022-additional-file-2,"Additional file 2 Table S3, SNVs section, row 'SPP_80x_5%T vs SPP_80x_100%N', column 'NeuSomatic-S SEQC-WGS-GT-50'",17.4,result
somatic-neusomatic-20261010-result-sahraeian2022-neusomatic-s-seqc-wgs-gt-50-titration-snv-spp-80x-50-t-spp-80x-100-n,somatic-neusomatic-20261010-source-sahraeian2022-additional-file-2,"Additional file 2 Table S3, SNVs section, row 'SPP_80x_50%T vs SPP_80x_100%N', column 'NeuSomatic-S SEQC-WGS-GT-50'",90.3,result
somatic-neusomatic-20261010-result-sahraeian2022-neusomatic-s-seqc-wgs-gt-50-titration-snv-spp-80x-50-t-spp-80x-95-n,somatic-neusomatic-20261010-source-sahraeian2022-additional-file-2,"Additional file 2 Table S3, SNVs section, row 'SPP_80x_50%T vs SPP_80x_95%N', column 'NeuSomatic-S SEQC-WGS-GT-50'",86.9,result
somatic-neusomatic-20261010-result-sahraeian2022-neusomatic-s-seqc-wgs-gt-50-titration-snv-spp-80x-75-t-spp-80x-100-n,somatic-neusomatic-20261010-source-sahraeian2022-additional-file-2,"Additional file 2 Table S3, SNVs section, row 'SPP_80x_75%T vs SPP_80x_100%N', column 'NeuSomatic-S SEQC-WGS-GT-50'",93.7,result
somatic-neusomatic-20261010-result-sahraeian2022-neusomatic-s-seqc-wgs-gt-50-titration-snv-spp-80x-75-t-spp-80x-95-n,somatic-neusomatic-20261010-source-sahraeian2022-additional-file-2,"Additional file 2 Table S3, SNVs section, row 'SPP_80x_75%T vs SPP_80x_95%N', column 'NeuSomatic-S SEQC-WGS-GT-50'",92.0,result
somatic-neusomatic-20261010-result-sahraeian2022-neusomatic-s-seqc-wgs-gt-50-wgs-indel-average,somatic-neusomatic-20261010-source-sahraeian2022-additional-file-2,"Additional file 2 Table S2, INDELs section, row 'Average', column 'NeuSomatic-S SEQC-WGS-GT-50'",75.5,result
somatic-neusomatic-20261010-result-sahraeian2022-neusomatic-s-seqc-wgs-gt-50-wgs-indel-wgs-ea-t-1-wgs-ea-n-1,somatic-neusomatic-20261010-source-sahraeian2022-additional-file-2,"Additional file 2 Table S2, INDELs section, row 'WGS_EA_T_1 vs WGS_EA_N_1', column 'NeuSomatic-S SEQC-WGS-GT-50'",80.3,result
somatic-neusomatic-20261010-result-sahraeian2022-neusomatic-s-seqc-wgs-gt-50-wgs-indel-wgs-fd-t-1-wgs-fd-n-1,somatic-neusomatic-20261010-source-sahraeian2022-additional-file-2,"Additional file 2 Table S2, INDELs section, row 'WGS_FD_T_1 vs WGS_FD_N_1', column 'NeuSomatic-S SEQC-WGS-GT-50'",76.5,result
somatic-neusomatic-20261010-result-sahraeian2022-neusomatic-s-seqc-wgs-gt-50-wgs-indel-wgs-fd-t-2-wgs-fd-n-2,somatic-neusomatic-20261010-source-sahraeian2022-additional-file-2,"Additional file 2 Table S2, INDELs section, row 'WGS_FD_T_2 vs WGS_FD_N_2', column 'NeuSomatic-S SEQC-WGS-GT-50'",77.2,result
somatic-neusomatic-20261010-result-sahraeian2022-neusomatic-s-seqc-wgs-gt-50-wgs-indel-wgs-fd-t-3-wgs-fd-n-3,somatic-neusomatic-20261010-source-sahraeian2022-additional-file-2,"Additional file 2 Table S2, INDELs section, row 'WGS_FD_T_3 vs WGS_FD_N_3', column 'NeuSomatic-S SEQC-WGS-GT-50'",77.6,result
somatic-neusomatic-20261010-result-sahraeian2022-neusomatic-s-seqc-wgs-gt-50-wgs-indel-wgs-il-t-1-wgs-il-n-1,somatic-neusomatic-20261010-source-sahraeian2022-additional-file-2,"Additional file 2 Table S2, INDELs section, row 'WGS_IL_T_1 vs WGS_IL_N_1', column 'NeuSomatic-S SEQC-WGS-GT-50'",78.0,result
somatic-neusomatic-20261010-result-sahraeian2022-neusomatic-s-seqc-wgs-gt-50-wgs-indel-wgs-il-t-2-wgs-il-n-2,somatic-neusomatic-20261010-source-sahraeian2022-additional-file-2,"Additional file 2 Table S2, INDELs section, row 'WGS_IL_T_2 vs WGS_IL_N_2', column 'NeuSomatic-S SEQC-WGS-GT-50'",76.4,result
somatic-neusomatic-20261010-result-sahraeian2022-neusomatic-s-seqc-wgs-gt-50-wgs-indel-wgs-il-t-3-wgs-il-n-3,somatic-neusomatic-20261010-source-sahraeian2022-additional-file-2,"Additional file 2 Table S2, INDELs section, row 'WGS_IL_T_3 vs WGS_IL_N_3', column 'NeuSomatic-S SEQC-WGS-GT-50'",73.1,result
somatic-neusomatic-20261010-result-sahraeian2022-neusomatic-s-seqc-wgs-gt-50-wgs-indel-wgs-ll-t-1-wgs-ll-n-1,somatic-neusomatic-20261010-source-sahraeian2022-additional-file-2,"Additional file 2 Table S2, INDELs section, row 'WGS_LL_T_1 vs WGS_LL_N_1', column 'NeuSomatic-S SEQC-WGS-GT-50'",61.7,result
somatic-neusomatic-20261010-result-sahraeian2022-neusomatic-s-seqc-wgs-gt-50-wgs-indel-wgs-nc-t-1-wgs-nc-n-1,somatic-neusomatic-20261010-source-sahraeian2022-additional-file-2,"Additional file 2 Table S2, INDELs section, row 'WGS_NC_T_1 vs WGS_NC_N_1', column 'NeuSomatic-S SEQC-WGS-GT-50'",73.4,result
somatic-neusomatic-20261010-result-sahraeian2022-neusomatic-s-seqc-wgs-gt-50-wgs-indel-wgs-ns-t-1-wgs-ns-n-1,somatic-neusomatic-20261010-source-sahraeian2022-additional-file-2,"Additional file 2 Table S2, INDELs section, row 'WGS_NS_T_1 vs WGS_NS_N_1', column 'NeuSomatic-S SEQC-WGS-GT-50'",79.8,result
somatic-neusomatic-20261010-result-sahraeian2022-neusomatic-s-seqc-wgs-gt-50-wgs-indel-wgs-ns-t-2-wgs-ns-n-2,somatic-neusomatic-20261010-source-sahraeian2022-additional-file-2,"Additional file 2 Table S2, INDELs section, row 'WGS_NS_T_2 vs WGS_NS_N_2', column 'NeuSomatic-S SEQC-WGS-GT-50'",67.2,result
somatic-neusomatic-20261010-result-sahraeian2022-neusomatic-s-seqc-wgs-gt-50-wgs-indel-wgs-ns-t-3-wgs-ns-n-3,somatic-neusomatic-20261010-source-sahraeian2022-additional-file-2,"Additional file 2 Table S2, INDELs section, row 'WGS_NS_T_3 vs WGS_NS_N_3', column 'NeuSomatic-S SEQC-WGS-GT-50'",72.6,result
somatic-neusomatic-20261010-result-sahraeian2022-neusomatic-s-seqc-wgs-gt-50-wgs-indel-wgs-ns-t-4-wgs-ns-n-4,somatic-neusomatic-20261010-source-sahraeian2022-additional-file-2,"Additional file 2 Table S2, INDELs section, row 'WGS_NS_T_4 vs WGS_NS_N_4', column 'NeuSomatic-S SEQC-WGS-GT-50'",79.0,result
somatic-neusomatic-20261010-result-sahraeian2022-neusomatic-s-seqc-wgs-gt-50-wgs-indel-wgs-ns-t-5-wgs-ns-n-5,somatic-neusomatic-20261010-source-sahraeian2022-additional-file-2,"Additional file 2 Table S2, INDELs section, row 'WGS_NS_T_5 vs WGS_NS_N_5', column 'NeuSomatic-S SEQC-WGS-GT-50'",72.1,result
somatic-neusomatic-20261010-result-sahraeian2022-neusomatic-s-seqc-wgs-gt-50-wgs-indel-wgs-ns-t-6-wgs-ns-n-6,somatic-neusomatic-20261010-source-sahraeian2022-additional-file-2,"Additional file 2 Table S2, INDELs section, row 'WGS_NS_T_6 vs WGS_NS_N_6', column 'NeuSomatic-S SEQC-WGS-GT-50'",79.6,result
somatic-neusomatic-20261010-result-sahraeian2022-neusomatic-s-seqc-wgs-gt-50-wgs-indel-wgs-ns-t-7-wgs-ns-n-7,somatic-neusomatic-20261010-source-sahraeian2022-additional-file-2,"Additional file 2 Table S2, INDELs section, row 'WGS_NS_T_7 vs WGS_NS_N_7', column 'NeuSomatic-S SEQC-WGS-GT-50'",77.6,result
somatic-neusomatic-20261010-result-sahraeian2022-neusomatic-s-seqc-wgs-gt-50-wgs-indel-wgs-ns-t-8-wgs-ns-n-8,somatic-neusomatic-20261010-source-sahraeian2022-additional-file-2,"Additional file 2 Table S2, INDELs section, row 'WGS_NS_T_8 vs WGS_NS_N_8', column 'NeuSomatic-S SEQC-WGS-GT-50'",66.9,result
somatic-neusomatic-20261010-result-sahraeian2022-neusomatic-s-seqc-wgs-gt-50-wgs-indel-wgs-ns-t-9-wgs-ns-n-9,somatic-neusomatic-20261010-source-sahraeian2022-additional-file-2,"Additional file 2 Table S2, INDELs section, row 'WGS_NS_T_9 vs WGS_NS_N_9', column 'NeuSomatic-S SEQC-WGS-GT-50'",66.9,result
somatic-neusomatic-20261010-result-sahraeian2022-neusomatic-s-seqc-wgs-gt-50-wgs-indel-wgs-nv-t-1-wgs-nv-n-1,somatic-neusomatic-20261010-source-sahraeian2022-additional-file-2,"Additional file 2 Table S2, INDELs section, row 'WGS_NV_T_1 vs WGS_NV_N_1', column 'NeuSomatic-S SEQC-WGS-GT-50'",83.6,result
somatic-neusomatic-20261010-result-sahraeian2022-neusomatic-s-seqc-wgs-gt-50-wgs-indel-wgs-nv-t-2-wgs-nv-n-2,somatic-neusomatic-20261010-source-sahraeian2022-additional-file-2,"Additional file 2 Table S2, INDELs section, row 'WGS_NV_T_2 vs WGS_NV_N_2', column 'NeuSomatic-S SEQC-WGS-GT-50'",83.5,result
somatic-neusomatic-20261010-result-sahraeian2022-neusomatic-s-seqc-wgs-gt-50-wgs-indel-wgs-nv-t-3-wgs-nv-n-3,somatic-neusomatic-20261010-source-sahraeian2022-additional-file-2,"Additional file 2 Table S2, INDELs section, row 'WGS_NV_T_3 vs WGS_NV_N_3', column 'NeuSomatic-S SEQC-WGS-GT-50'",82.7,result
somatic-neusomatic-20261010-result-sahraeian2022-neusomatic-s-seqc-wgs-gt-50-wgs-snv-average,somatic-neusomatic-20261010-source-sahraeian2022-additional-file-2,"Additional file 2 Table S2, SNVs section, row 'Average', column 'NeuSomatic-S SEQC-WGS-GT-50'",90.8,result
somatic-neusomatic-20261010-result-sahraeian2022-neusomatic-s-seqc-wgs-gt-50-wgs-snv-wgs-ea-t-1-wgs-ea-n-1,somatic-neusomatic-20261010-source-sahraeian2022-additional-file-2,"Additional file 2 Table S2, SNVs section, row 'WGS_EA_T_1 vs WGS_EA_N_1', column 'NeuSomatic-S SEQC-WGS-GT-50'",93.4,result
somatic-neusomatic-20261010-result-sahraeian2022-neusomatic-s-seqc-wgs-gt-50-wgs-snv-wgs-fd-t-1-wgs-fd-n-1,somatic-neusomatic-20261010-source-sahraeian2022-additional-file-2,"Additional file 2 Table S2, SNVs section, row 'WGS_FD_T_1 vs WGS_FD_N_1', column 'NeuSomatic-S SEQC-WGS-GT-50'",89.5,result
somatic-neusomatic-20261010-result-sahraeian2022-neusomatic-s-seqc-wgs-gt-50-wgs-snv-wgs-fd-t-2-wgs-fd-n-2,somatic-neusomatic-20261010-source-sahraeian2022-additional-file-2,"Additional file 2 Table S2, SNVs section, row 'WGS_FD_T_2 vs WGS_FD_N_2', column 'NeuSomatic-S SEQC-WGS-GT-50'",90.1,result
somatic-neusomatic-20261010-result-sahraeian2022-neusomatic-s-seqc-wgs-gt-50-wgs-snv-wgs-fd-t-3-wgs-fd-n-3,somatic-neusomatic-20261010-source-sahraeian2022-additional-file-2,"Additional file 2 Table S2, SNVs section, row 'WGS_FD_T_3 vs WGS_FD_N_3', column 'NeuSomatic-S SEQC-WGS-GT-50'",90.2,result
somatic-neusomatic-20261010-result-sahraeian2022-neusomatic-s-seqc-wgs-gt-50-wgs-snv-wgs-il-t-1-wgs-il-n-1,somatic-neusomatic-20261010-source-sahraeian2022-additional-file-2,"Additional file 2 Table S2, SNVs section, row 'WGS_IL_T_1 vs WGS_IL_N_1', column 'NeuSomatic-S SEQC-WGS-GT-50'",93.3,result
somatic-neusomatic-20261010-result-sahraeian2022-neusomatic-s-seqc-wgs-gt-50-wgs-snv-wgs-il-t-2-wgs-il-n-2,somatic-neusomatic-20261010-source-sahraeian2022-additional-file-2,"Additional file 2 Table S2, SNVs section, row 'WGS_IL_T_2 vs WGS_IL_N_2', column 'NeuSomatic-S SEQC-WGS-GT-50'",91.4,result
somatic-neusomatic-20261010-result-sahraeian2022-neusomatic-s-seqc-wgs-gt-50-wgs-snv-wgs-il-t-3-wgs-il-n-3,somatic-neusomatic-20261010-source-sahraeian2022-additional-file-2,"Additional file 2 Table S2, SNVs section, row 'WGS_IL_T_3 vs WGS_IL_N_3', column 'NeuSomatic-S SEQC-WGS-GT-50'",90.7,result
somatic-neusomatic-20261010-result-sahraeian2022-neusomatic-s-seqc-wgs-gt-50-wgs-snv-wgs-ll-t-1-wgs-ll-n-1,somatic-neusomatic-20261010-source-sahraeian2022-additional-file-2,"Additional file 2 Table S2, SNVs section, row 'WGS_LL_T_1 vs WGS_LL_N_1', column 'NeuSomatic-S SEQC-WGS-GT-50'",80.5,result
somatic-neusomatic-20261010-result-sahraeian2022-neusomatic-s-seqc-wgs-gt-50-wgs-snv-wgs-nc-t-1-wgs-nc-n-1,somatic-neusomatic-20261010-source-sahraeian2022-additional-file-2,"Additional file 2 Table S2, SNVs section, row 'WGS_NC_T_1 vs WGS_NC_N_1', column 'NeuSomatic-S SEQC-WGS-GT-50'",89.1,result
somatic-neusomatic-20261010-result-sahraeian2022-neusomatic-s-seqc-wgs-gt-50-wgs-snv-wgs-ns-t-1-wgs-ns-n-1,somatic-neusomatic-20261010-source-sahraeian2022-additional-file-2,"Additional file 2 Table S2, SNVs section, row 'WGS_NS_T_1 vs WGS_NS_N_1', column 'NeuSomatic-S SEQC-WGS-GT-50'",92.6,result
somatic-neusomatic-20261010-result-sahraeian2022-neusomatic-s-seqc-wgs-gt-50-wgs-snv-wgs-ns-t-2-wgs-ns-n-2,somatic-neusomatic-20261010-source-sahraeian2022-additional-file-2,"Additional file 2 Table S2, SNVs section, row 'WGS_NS_T_2 vs WGS_NS_N_2', column 'NeuSomatic-S SEQC-WGS-GT-50'",87.6,result
somatic-neusomatic-20261010-result-sahraeian2022-neusomatic-s-seqc-wgs-gt-50-wgs-snv-wgs-ns-t-3-wgs-ns-n-3,somatic-neusomatic-20261010-source-sahraeian2022-additional-file-2,"Additional file 2 Table S2, SNVs section, row 'WGS_NS_T_3 vs WGS_NS_N_3', column 'NeuSomatic-S SEQC-WGS-GT-50'",89.8,result
somatic-neusomatic-20261010-result-sahraeian2022-neusomatic-s-seqc-wgs-gt-50-wgs-snv-wgs-ns-t-4-wgs-ns-n-4,somatic-neusomatic-20261010-source-sahraeian2022-additional-file-2,"Additional file 2 Table S2, SNVs section, row 'WGS_NS_T_4 vs WGS_NS_N_4', column 'NeuSomatic-S SEQC-WGS-GT-50'",92.3,result
somatic-neusomatic-20261010-result-sahraeian2022-neusomatic-s-seqc-wgs-gt-50-wgs-snv-wgs-ns-t-5-wgs-ns-n-5,somatic-neusomatic-20261010-source-sahraeian2022-additional-file-2,"Additional file 2 Table S2, SNVs section, row 'WGS_NS_T_5 vs WGS_NS_N_5', column 'NeuSomatic-S SEQC-WGS-GT-50'",89.2,result
somatic-neusomatic-20261010-result-sahraeian2022-neusomatic-s-seqc-wgs-gt-50-wgs-snv-wgs-ns-t-6-wgs-ns-n-6,somatic-neusomatic-20261010-source-sahraeian2022-additional-file-2,"Additional file 2 Table S2, SNVs section, row 'WGS_NS_T_6 vs WGS_NS_N_6', column 'NeuSomatic-S SEQC-WGS-GT-50'",93.0,result
somatic-neusomatic-20261010-result-sahraeian2022-neusomatic-s-seqc-wgs-gt-50-wgs-snv-wgs-ns-t-7-wgs-ns-n-7,somatic-neusomatic-20261010-source-sahraeian2022-additional-file-2,"Additional file 2 Table S2, SNVs section, row 'WGS_NS_T_7 vs WGS_NS_N_7', column 'NeuSomatic-S SEQC-WGS-GT-50'",91.7,result
somatic-neusomatic-20261010-result-sahraeian2022-neusomatic-s-seqc-wgs-gt-50-wgs-snv-wgs-ns-t-8-wgs-ns-n-8,somatic-neusomatic-20261010-source-sahraeian2022-additional-file-2,"Additional file 2 Table S2, SNVs section, row 'WGS_NS_T_8 vs WGS_NS_N_8', column 'NeuSomatic-S SEQC-WGS-GT-50'",87.3,result
somatic-neusomatic-20261010-result-sahraeian2022-neusomatic-s-seqc-wgs-gt-50-wgs-snv-wgs-ns-t-9-wgs-ns-n-9,somatic-neusomatic-20261010-source-sahraeian2022-additional-file-2,"Additional file 2 Table S2, SNVs section, row 'WGS_NS_T_9 vs WGS_NS_N_9', column 'NeuSomatic-S SEQC-WGS-GT-50'",88.6,result
somatic-neusomatic-20261010-result-sahraeian2022-neusomatic-s-seqc-wgs-gt-50-wgs-snv-wgs-nv-t-1-wgs-nv-n-1,somatic-neusomatic-20261010-source-sahraeian2022-additional-file-2,"Additional file 2 Table S2, SNVs section, row 'WGS_NV_T_1 vs WGS_NV_N_1', column 'NeuSomatic-S SEQC-WGS-GT-50'",95.5,result
somatic-neusomatic-20261010-result-sahraeian2022-neusomatic-s-seqc-wgs-gt-50-wgs-snv-wgs-nv-t-2-wgs-nv-n-2,somatic-neusomatic-20261010-source-sahraeian2022-additional-file-2,"Additional file 2 Table S2, SNVs section, row 'WGS_NV_T_2 vs WGS_NV_N_2', column 'NeuSomatic-S SEQC-WGS-GT-50'",95.6,result
somatic-neusomatic-20261010-result-sahraeian2022-neusomatic-s-seqc-wgs-gt-50-wgs-snv-wgs-nv-t-3-wgs-nv-n-3,somatic-neusomatic-20261010-source-sahraeian2022-additional-file-2,"Additional file 2 Table S2, SNVs section, row 'WGS_NV_T_3 vs WGS_NV_N_3', column 'NeuSomatic-S SEQC-WGS-GT-50'",95.6,result
somatic-neusomatic-20261010-result-sahraeian2022-neusomatic-s-seqc-wgs-gt50-spikewgs10-library-prep-indel-average,somatic-neusomatic-20261010-source-sahraeian2022-additional-file-2,"Additional file 2 Table S4, INDELs section, row 'Average', column 'NeuSomatic-S SEQC-WGS-GT50-SpikeWGS10'",63.7,result
somatic-neusomatic-20261010-result-sahraeian2022-neusomatic-s-seqc-wgs-gt50-spikewgs10-library-prep-indel-lbp-nextera-t-100ng-lbp-nextera-n-100ng,somatic-neusomatic-20261010-source-sahraeian2022-additional-file-2,"Additional file 2 Table S4, INDELs section, row 'LBP_Nextera_T_100ng vs LBP_Nextera_N_100ng', column 'NeuSomatic-S SEQC-WGS-GT50-SpikeWGS10'",77.0,result
somatic-neusomatic-20261010-result-sahraeian2022-neusomatic-s-seqc-wgs-gt50-spikewgs10-library-prep-indel-lbp-nextera-t-10ng-lbp-nextera-n-10ng,somatic-neusomatic-20261010-source-sahraeian2022-additional-file-2,"Additional file 2 Table S4, INDELs section, row 'LBP_Nextera_T_10ng vs LBP_Nextera_N_10ng', column 'NeuSomatic-S SEQC-WGS-GT50-SpikeWGS10'",75.1,result
somatic-neusomatic-20261010-result-sahraeian2022-neusomatic-s-seqc-wgs-gt50-spikewgs10-library-prep-indel-lbp-nextera-t-1ng-lbp-nextera-n-1ng,somatic-neusomatic-20261010-source-sahraeian2022-additional-file-2,"Additional file 2 Table S4, INDELs section, row 'LBP_Nextera_T_1ng vs LBP_Nextera_N_1ng', column 'NeuSomatic-S SEQC-WGS-GT50-SpikeWGS10'",66.4,result
somatic-neusomatic-20261010-result-sahraeian2022-neusomatic-s-seqc-wgs-gt50-spikewgs10-library-prep-indel-lbp-truseq-t-100ng-lbp-truseq-n-100ng,somatic-neusomatic-20261010-source-sahraeian2022-additional-file-2,"Additional file 2 Table S4, INDELs section, row 'LBP_TruSeq_T_100ng vs LBP_TruSeq_N_100ng', column 'NeuSomatic-S SEQC-WGS-GT50-SpikeWGS10'",73.9,result
somatic-neusomatic-20261010-result-sahraeian2022-neusomatic-s-seqc-wgs-gt50-spikewgs10-library-prep-indel-lbp-truseq-t-10ng-lbp-truseq-n-10ng,somatic-neusomatic-20261010-source-sahraeian2022-additional-file-2,"Additional file 2 Table S4, INDELs section, row 'LBP_TruSeq_T_10ng vs LBP_TruSeq_N_10ng', column 'NeuSomatic-S SEQC-WGS-GT50-SpikeWGS10'",66.4,result
somatic-neusomatic-20261010-result-sahraeian2022-neusomatic-s-seqc-wgs-gt50-spikewgs10-library-prep-indel-lbp-truseq-t-1ng-lbp-truseq-n-1ng,somatic-neusomatic-20261010-source-sahraeian2022-additional-file-2,"Additional file 2 Table S4, INDELs section, row 'LBP_TruSeq_T_1ng vs LBP_TruSeq_N_1ng', column 'NeuSomatic-S SEQC-WGS-GT50-SpikeWGS10'",23.4,result
somatic-neusomatic-20261010-result-sahraeian2022-neusomatic-s-seqc-wgs-gt50-spikewgs10-library-prep-snv-average,somatic-neusomatic-20261010-source-sahraeian2022-additional-file-2,"Additional file 2 Table S4, SNVs section, row 'Average', column 'NeuSomatic-S SEQC-WGS-GT50-SpikeWGS10'",79.4,result
somatic-neusomatic-20261010-result-sahraeian2022-neusomatic-s-seqc-wgs-gt50-spikewgs10-library-prep-snv-lbp-nextera-t-100ng-lbp-nextera-n-100ng,somatic-neusomatic-20261010-source-sahraeian2022-additional-file-2,"Additional file 2 Table S4, SNVs section, row 'LBP_Nextera_T_100ng vs LBP_Nextera_N_100ng', column 'NeuSomatic-S SEQC-WGS-GT50-SpikeWGS10'",92.5,result
somatic-neusomatic-20261010-result-sahraeian2022-neusomatic-s-seqc-wgs-gt50-spikewgs10-library-prep-snv-lbp-nextera-t-10ng-lbp-nextera-n-10ng,somatic-neusomatic-20261010-source-sahraeian2022-additional-file-2,"Additional file 2 Table S4, SNVs section, row 'LBP_Nextera_T_10ng vs LBP_Nextera_N_10ng', column 'NeuSomatic-S SEQC-WGS-GT50-SpikeWGS10'",93.7,result
somatic-neusomatic-20261010-result-sahraeian2022-neusomatic-s-seqc-wgs-gt50-spikewgs10-library-prep-snv-lbp-nextera-t-1ng-lbp-nextera-n-1ng,somatic-neusomatic-20261010-source-sahraeian2022-additional-file-2,"Additional file 2 Table S4, SNVs section, row 'LBP_Nextera_T_1ng vs LBP_Nextera_N_1ng', column 'NeuSomatic-S SEQC-WGS-GT50-SpikeWGS10'",91.3,result
somatic-neusomatic-20261010-result-sahraeian2022-neusomatic-s-seqc-wgs-gt50-spikewgs10-library-prep-snv-lbp-truseq-t-100ng-lbp-truseq-n-100ng,somatic-neusomatic-20261010-source-sahraeian2022-additional-file-2,"Additional file 2 Table S4, SNVs section, row 'LBP_TruSeq_T_100ng vs LBP_TruSeq_N_100ng', column 'NeuSomatic-S SEQC-WGS-GT50-SpikeWGS10'",89.8,result
somatic-neusomatic-20261010-result-sahraeian2022-neusomatic-s-seqc-wgs-gt50-spikewgs10-library-prep-snv-lbp-truseq-t-10ng-lbp-truseq-n-10ng,somatic-neusomatic-20261010-source-sahraeian2022-additional-file-2,"Additional file 2 Table S4, SNVs section, row 'LBP_TruSeq_T_10ng vs LBP_TruSeq_N_10ng', column 'NeuSomatic-S SEQC-WGS-GT50-SpikeWGS10'",85.8,result
somatic-neusomatic-20261010-result-sahraeian2022-neusomatic-s-seqc-wgs-gt50-spikewgs10-library-prep-snv-lbp-truseq-t-1ng-lbp-truseq-n-1ng,somatic-neusomatic-20261010-source-sahraeian2022-additional-file-2,"Additional file 2 Table S4, SNVs section, row 'LBP_TruSeq_T_1ng vs LBP_TruSeq_N_1ng', column 'NeuSomatic-S SEQC-WGS-GT50-SpikeWGS10'",23.1,result
somatic-neusomatic-20261010-result-sahraeian2022-neusomatic-s-seqc-wgs-gt50-spikewgs10-titration-indel-average,somatic-neusomatic-20261010-source-sahraeian2022-additional-file-2,"Additional file 2 Table S3, INDELs section, row 'Average', column 'NeuSomatic-S SEQC-WGS-GT50-SpikeWGS10'",54.6,result
somatic-neusomatic-20261010-result-sahraeian2022-neusomatic-s-seqc-wgs-gt50-spikewgs10-titration-indel-spp-100x-10-t-spp-100x-100-n,somatic-neusomatic-20261010-source-sahraeian2022-additional-file-2,"Additional file 2 Table S3, INDELs section, row 'SPP_100x_10%T vs SPP_100x_100%N', column 'NeuSomatic-S SEQC-WGS-GT50-SpikeWGS10'",39.6,result
somatic-neusomatic-20261010-result-sahraeian2022-neusomatic-s-seqc-wgs-gt50-spikewgs10-titration-indel-spp-100x-100-t-spp-100x-100-n,somatic-neusomatic-20261010-source-sahraeian2022-additional-file-2,"Additional file 2 Table S3, INDELs section, row 'SPP_100x_100%T vs SPP_100x_100%N', column 'NeuSomatic-S SEQC-WGS-GT50-SpikeWGS10'",84.7,result
somatic-neusomatic-20261010-result-sahraeian2022-neusomatic-s-seqc-wgs-gt50-spikewgs10-titration-indel-spp-100x-20-t-spp-100x-100-n,somatic-neusomatic-20261010-source-sahraeian2022-additional-file-2,"Additional file 2 Table S3, INDELs section, row 'SPP_100x_20%T vs SPP_100x_100%N', column 'NeuSomatic-S SEQC-WGS-GT50-SpikeWGS10'",64.2,result
somatic-neusomatic-20261010-result-sahraeian2022-neusomatic-s-seqc-wgs-gt50-spikewgs10-titration-indel-spp-100x-5-t-spp-100x-100-n,somatic-neusomatic-20261010-source-sahraeian2022-additional-file-2,"Additional file 2 Table S3, INDELs section, row 'SPP_100x_5%T vs SPP_100x_100%N', column 'NeuSomatic-S SEQC-WGS-GT50-SpikeWGS10'",18.8,result
somatic-neusomatic-20261010-result-sahraeian2022-neusomatic-s-seqc-wgs-gt50-spikewgs10-titration-indel-spp-100x-50-t-spp-100x-100-n,somatic-neusomatic-20261010-source-sahraeian2022-additional-file-2,"Additional file 2 Table S3, INDELs section, row 'SPP_100x_50%T vs SPP_100x_100%N', column 'NeuSomatic-S SEQC-WGS-GT50-SpikeWGS10'",81.3,result
somatic-neusomatic-20261010-result-sahraeian2022-neusomatic-s-seqc-wgs-gt50-spikewgs10-titration-indel-spp-100x-75-t-spp-100x-100-n,somatic-neusomatic-20261010-source-sahraeian2022-additional-file-2,"Additional file 2 Table S3, INDELs section, row 'SPP_100x_75%T vs SPP_100x_100%N', column 'NeuSomatic-S SEQC-WGS-GT50-SpikeWGS10'",84.9,result
somatic-neusomatic-20261010-result-sahraeian2022-neusomatic-s-seqc-wgs-gt50-spikewgs10-titration-indel-spp-10x-10-t-spp-10x-100-n,somatic-neusomatic-20261010-source-sahraeian2022-additional-file-2,"Additional file 2 Table S3, INDELs section, row 'SPP_10x_10%T vs SPP_10x_100%N', column 'NeuSomatic-S SEQC-WGS-GT50-SpikeWGS10'",2.2,result
somatic-neusomatic-20261010-result-sahraeian2022-neusomatic-s-seqc-wgs-gt50-spikewgs10-titration-indel-spp-10x-100-t-spp-10x-100-n,somatic-neusomatic-20261010-source-sahraeian2022-additional-file-2,"Additional file 2 Table S3, INDELs section, row 'SPP_10x_100%T vs SPP_10x_100%N', column 'NeuSomatic-S SEQC-WGS-GT50-SpikeWGS10'",38.0,result
somatic-neusomatic-20261010-result-sahraeian2022-neusomatic-s-seqc-wgs-gt50-spikewgs10-titration-indel-spp-10x-20-t-spp-10x-100-n,somatic-neusomatic-20261010-source-sahraeian2022-additional-file-2,"Additional file 2 Table S3, INDELs section, row 'SPP_10x_20%T vs SPP_10x_100%N', column 'NeuSomatic-S SEQC-WGS-GT50-SpikeWGS10'",6.7,result
somatic-neusomatic-20261010-result-sahraeian2022-neusomatic-s-seqc-wgs-gt50-spikewgs10-titration-indel-spp-10x-5-t-spp-10x-100-n,somatic-neusomatic-20261010-source-sahraeian2022-additional-file-2,"Additional file 2 Table S3, INDELs section, row 'SPP_10x_5%T vs SPP_10x_100%N', column 'NeuSomatic-S SEQC-WGS-GT50-SpikeWGS10'",1.0,result
somatic-neusomatic-20261010-result-sahraeian2022-neusomatic-s-seqc-wgs-gt50-spikewgs10-titration-indel-spp-10x-50-t-spp-10x-100-n,somatic-neusomatic-20261010-source-sahraeian2022-additional-file-2,"Additional file 2 Table S3, INDELs section, row 'SPP_10x_50%T vs SPP_10x_100%N', column 'NeuSomatic-S SEQC-WGS-GT50-SpikeWGS10'",25.3,result
somatic-neusomatic-20261010-result-sahraeian2022-neusomatic-s-seqc-wgs-gt50-spikewgs10-titration-indel-spp-10x-75-t-spp-10x-100-n,somatic-neusomatic-20261010-source-sahraeian2022-additional-file-2,"Additional file 2 Table S3, INDELs section, row 'SPP_10x_75%T vs SPP_10x_100%N', column 'NeuSomatic-S SEQC-WGS-GT50-SpikeWGS10'",37.8,result
somatic-neusomatic-20261010-result-sahraeian2022-neusomatic-s-seqc-wgs-gt50-spikewgs10-titration-indel-spp-200x-10-t-spp-200x-100-n,somatic-neusomatic-20261010-source-sahraeian2022-additional-file-2,"Additional file 2 Table S3, INDELs section, row 'SPP_200x_10%T vs SPP_200x_100%N', column 'NeuSomatic-S SEQC-WGS-GT50-SpikeWGS10'",50.2,result
somatic-neusomatic-20261010-result-sahraeian2022-neusomatic-s-seqc-wgs-gt50-spikewgs10-titration-indel-spp-200x-100-t-spp-200x-100-n,somatic-neusomatic-20261010-source-sahraeian2022-additional-file-2,"Additional file 2 Table S3, INDELs section, row 'SPP_200x_100%T vs SPP_200x_100%N', column 'NeuSomatic-S SEQC-WGS-GT50-SpikeWGS10'",85.0,result
somatic-neusomatic-20261010-result-sahraeian2022-neusomatic-s-seqc-wgs-gt50-spikewgs10-titration-indel-spp-200x-20-t-spp-200x-100-n,somatic-neusomatic-20261010-source-sahraeian2022-additional-file-2,"Additional file 2 Table S3, INDELs section, row 'SPP_200x_20%T vs SPP_200x_100%N', column 'NeuSomatic-S SEQC-WGS-GT50-SpikeWGS10'",68.9,result
somatic-neusomatic-20261010-result-sahraeian2022-neusomatic-s-seqc-wgs-gt50-spikewgs10-titration-indel-spp-200x-5-t-spp-200x-100-n,somatic-neusomatic-20261010-source-sahraeian2022-additional-file-2,"Additional file 2 Table S3, INDELs section, row 'SPP_200x_5%T vs SPP_200x_100%N', column 'NeuSomatic-S SEQC-WGS-GT50-SpikeWGS10'",27.2,result
somatic-neusomatic-20261010-result-sahraeian2022-neusomatic-s-seqc-wgs-gt50-spikewgs10-titration-indel-spp-200x-50-t-spp-200x-100-n,somatic-neusomatic-20261010-source-sahraeian2022-additional-file-2,"Additional file 2 Table S3, INDELs section, row 'SPP_200x_50%T vs SPP_200x_100%N', column 'NeuSomatic-S SEQC-WGS-GT50-SpikeWGS10'",81.8,result
somatic-neusomatic-20261010-result-sahraeian2022-neusomatic-s-seqc-wgs-gt50-spikewgs10-titration-indel-spp-200x-75-t-spp-200x-100-n,somatic-neusomatic-20261010-source-sahraeian2022-additional-file-2,"Additional file 2 Table S3, INDELs section, row 'SPP_200x_75%T vs SPP_200x_100%N', column 'NeuSomatic-S SEQC-WGS-GT50-SpikeWGS10'",84.7,result
somatic-neusomatic-20261010-result-sahraeian2022-neusomatic-s-seqc-wgs-gt50-spikewgs10-titration-indel-spp-300x-10-t-spp-300x-100-n,somatic-neusomatic-20261010-source-sahraeian2022-additional-file-2,"Additional file 2 Table S3, INDELs section, row 'SPP_300x_10%T vs SPP_300x_100%N', column 'NeuSomatic-S SEQC-WGS-GT50-SpikeWGS10'",51.7,result
somatic-neusomatic-20261010-result-sahraeian2022-neusomatic-s-seqc-wgs-gt50-spikewgs10-titration-indel-spp-300x-100-t-spp-300x-100-n,somatic-neusomatic-20261010-source-sahraeian2022-additional-file-2,"Additional file 2 Table S3, INDELs section, row 'SPP_300x_100%T vs SPP_300x_100%N', column 'NeuSomatic-S SEQC-WGS-GT50-SpikeWGS10'",84.3,result
somatic-neusomatic-20261010-result-sahraeian2022-neusomatic-s-seqc-wgs-gt50-spikewgs10-titration-indel-spp-300x-20-t-spp-300x-100-n,somatic-neusomatic-20261010-source-sahraeian2022-additional-file-2,"Additional file 2 Table S3, INDELs section, row 'SPP_300x_20%T vs SPP_300x_100%N', column 'NeuSomatic-S SEQC-WGS-GT50-SpikeWGS10'",71.4,result
somatic-neusomatic-20261010-result-sahraeian2022-neusomatic-s-seqc-wgs-gt50-spikewgs10-titration-indel-spp-300x-5-t-spp-300x-100-n,somatic-neusomatic-20261010-source-sahraeian2022-additional-file-2,"Additional file 2 Table S3, INDELs section, row 'SPP_300x_5%T vs SPP_300x_100%N', column 'NeuSomatic-S SEQC-WGS-GT50-SpikeWGS10'",27.1,result
somatic-neusomatic-20261010-result-sahraeian2022-neusomatic-s-seqc-wgs-gt50-spikewgs10-titration-indel-spp-300x-50-t-spp-300x-100-n,somatic-neusomatic-20261010-source-sahraeian2022-additional-file-2,"Additional file 2 Table S3, INDELs section, row 'SPP_300x_50%T vs SPP_300x_100%N', column 'NeuSomatic-S SEQC-WGS-GT50-SpikeWGS10'",81.9,result
somatic-neusomatic-20261010-result-sahraeian2022-neusomatic-s-seqc-wgs-gt50-spikewgs10-titration-indel-spp-300x-75-t-spp-300x-100-n,somatic-neusomatic-20261010-source-sahraeian2022-additional-file-2,"Additional file 2 Table S3, INDELs section, row 'SPP_300x_75%T vs SPP_300x_100%N', column 'NeuSomatic-S SEQC-WGS-GT50-SpikeWGS10'",85.5,result
somatic-neusomatic-20261010-result-sahraeian2022-neusomatic-s-seqc-wgs-gt50-spikewgs10-titration-indel-spp-30x-10-t-spp-30x-100-n,somatic-neusomatic-20261010-source-sahraeian2022-additional-file-2,"Additional file 2 Table S3, INDELs section, row 'SPP_30x_10%T vs SPP_30x_100%N', column 'NeuSomatic-S SEQC-WGS-GT50-SpikeWGS10'",16.5,result
somatic-neusomatic-20261010-result-sahraeian2022-neusomatic-s-seqc-wgs-gt50-spikewgs10-titration-indel-spp-30x-100-t-spp-30x-100-n,somatic-neusomatic-20261010-source-sahraeian2022-additional-file-2,"Additional file 2 Table S3, INDELs section, row 'SPP_30x_100%T vs SPP_30x_100%N', column 'NeuSomatic-S SEQC-WGS-GT50-SpikeWGS10'",73.5,result
somatic-neusomatic-20261010-result-sahraeian2022-neusomatic-s-seqc-wgs-gt50-spikewgs10-titration-indel-spp-30x-20-t-spp-30x-100-n,somatic-neusomatic-20261010-source-sahraeian2022-additional-file-2,"Additional file 2 Table S3, INDELs section, row 'SPP_30x_20%T vs SPP_30x_100%N', column 'NeuSomatic-S SEQC-WGS-GT50-SpikeWGS10'",40.6,result
somatic-neusomatic-20261010-result-sahraeian2022-neusomatic-s-seqc-wgs-gt50-spikewgs10-titration-indel-spp-30x-5-t-spp-30x-100-n,somatic-neusomatic-20261010-source-sahraeian2022-additional-file-2,"Additional file 2 Table S3, INDELs section, row 'SPP_30x_5%T vs SPP_30x_100%N', column 'NeuSomatic-S SEQC-WGS-GT50-SpikeWGS10'",7.9,result
somatic-neusomatic-20261010-result-sahraeian2022-neusomatic-s-seqc-wgs-gt50-spikewgs10-titration-indel-spp-30x-50-t-spp-30x-100-n,somatic-neusomatic-20261010-source-sahraeian2022-additional-file-2,"Additional file 2 Table S3, INDELs section, row 'SPP_30x_50%T vs SPP_30x_100%N', column 'NeuSomatic-S SEQC-WGS-GT50-SpikeWGS10'",64.9,result
somatic-neusomatic-20261010-result-sahraeian2022-neusomatic-s-seqc-wgs-gt50-spikewgs10-titration-indel-spp-30x-75-t-spp-30x-100-n,somatic-neusomatic-20261010-source-sahraeian2022-additional-file-2,"Additional file 2 Table S3, INDELs section, row 'SPP_30x_75%T vs SPP_30x_100%N', column 'NeuSomatic-S SEQC-WGS-GT50-SpikeWGS10'",74.7,result
somatic-neusomatic-20261010-result-sahraeian2022-neusomatic-s-seqc-wgs-gt50-spikewgs10-titration-indel-spp-50x-10-t-spp-50x-100-n,somatic-neusomatic-20261010-source-sahraeian2022-additional-file-2,"Additional file 2 Table S3, INDELs section, row 'SPP_50x_10%T vs SPP_50x_100%N', column 'NeuSomatic-S SEQC-WGS-GT50-SpikeWGS10'",28.5,result
somatic-neusomatic-20261010-result-sahraeian2022-neusomatic-s-seqc-wgs-gt50-spikewgs10-titration-indel-spp-50x-100-t-spp-50x-100-n,somatic-neusomatic-20261010-source-sahraeian2022-additional-file-2,"Additional file 2 Table S3, INDELs section, row 'SPP_50x_100%T vs SPP_50x_100%N', column 'NeuSomatic-S SEQC-WGS-GT50-SpikeWGS10'",81.7,result
somatic-neusomatic-20261010-result-sahraeian2022-neusomatic-s-seqc-wgs-gt50-spikewgs10-titration-indel-spp-50x-20-t-spp-50x-100-n,somatic-neusomatic-20261010-source-sahraeian2022-additional-file-2,"Additional file 2 Table S3, INDELs section, row 'SPP_50x_20%T vs SPP_50x_100%N', column 'NeuSomatic-S SEQC-WGS-GT50-SpikeWGS10'",53.1,result
somatic-neusomatic-20261010-result-sahraeian2022-neusomatic-s-seqc-wgs-gt50-spikewgs10-titration-indel-spp-50x-5-t-spp-50x-100-n,somatic-neusomatic-20261010-source-sahraeian2022-additional-file-2,"Additional file 2 Table S3, INDELs section, row 'SPP_50x_5%T vs SPP_50x_100%N', column 'NeuSomatic-S SEQC-WGS-GT50-SpikeWGS10'",13.9,result
somatic-neusomatic-20261010-result-sahraeian2022-neusomatic-s-seqc-wgs-gt50-spikewgs10-titration-indel-spp-50x-50-t-spp-50x-100-n,somatic-neusomatic-20261010-source-sahraeian2022-additional-file-2,"Additional file 2 Table S3, INDELs section, row 'SPP_50x_50%T vs SPP_50x_100%N', column 'NeuSomatic-S SEQC-WGS-GT50-SpikeWGS10'",76.0,result
somatic-neusomatic-20261010-result-sahraeian2022-neusomatic-s-seqc-wgs-gt50-spikewgs10-titration-indel-spp-50x-75-t-spp-50x-100-n,somatic-neusomatic-20261010-source-sahraeian2022-additional-file-2,"Additional file 2 Table S3, INDELs section, row 'SPP_50x_75%T vs SPP_50x_100%N', column 'NeuSomatic-S SEQC-WGS-GT50-SpikeWGS10'",81.3,result
somatic-neusomatic-20261010-result-sahraeian2022-neusomatic-s-seqc-wgs-gt50-spikewgs10-titration-indel-spp-80x-10-t-spp-80x-100-n,somatic-neusomatic-20261010-source-sahraeian2022-additional-file-2,"Additional file 2 Table S3, INDELs section, row 'SPP_80x_10%T vs SPP_80x_100%N', column 'NeuSomatic-S SEQC-WGS-GT50-SpikeWGS10'",37.6,result
somatic-neusomatic-20261010-result-sahraeian2022-neusomatic-s-seqc-wgs-gt50-spikewgs10-titration-indel-spp-80x-10-t-spp-80x-95-n,somatic-neusomatic-20261010-source-sahraeian2022-additional-file-2,"Additional file 2 Table S3, INDELs section, row 'SPP_80x_10%T vs SPP_80x_95%N', column 'NeuSomatic-S SEQC-WGS-GT50-SpikeWGS10'",21.8,result
somatic-neusomatic-20261010-result-sahraeian2022-neusomatic-s-seqc-wgs-gt50-spikewgs10-titration-indel-spp-80x-100-t-spp-80x-100-n,somatic-neusomatic-20261010-source-sahraeian2022-additional-file-2,"Additional file 2 Table S3, INDELs section, row 'SPP_80x_100%T vs SPP_80x_100%N', column 'NeuSomatic-S SEQC-WGS-GT50-SpikeWGS10'",83.8,result
somatic-neusomatic-20261010-result-sahraeian2022-neusomatic-s-seqc-wgs-gt50-spikewgs10-titration-indel-spp-80x-100-t-spp-80x-95-n,somatic-neusomatic-20261010-source-sahraeian2022-additional-file-2,"Additional file 2 Table S3, INDELs section, row 'SPP_80x_100%T vs SPP_80x_95%N', column 'NeuSomatic-S SEQC-WGS-GT50-SpikeWGS10'",80.9,result
somatic-neusomatic-20261010-result-sahraeian2022-neusomatic-s-seqc-wgs-gt50-spikewgs10-titration-indel-spp-80x-20-t-spp-80x-100-n,somatic-neusomatic-20261010-source-sahraeian2022-additional-file-2,"Additional file 2 Table S3, INDELs section, row 'SPP_80x_20%T vs SPP_80x_100%N', column 'NeuSomatic-S SEQC-WGS-GT50-SpikeWGS10'",60.0,result
somatic-neusomatic-20261010-result-sahraeian2022-neusomatic-s-seqc-wgs-gt50-spikewgs10-titration-indel-spp-80x-20-t-spp-80x-95-n,somatic-neusomatic-20261010-source-sahraeian2022-additional-file-2,"Additional file 2 Table S3, INDELs section, row 'SPP_80x_20%T vs SPP_80x_95%N', column 'NeuSomatic-S SEQC-WGS-GT50-SpikeWGS10'",46.8,result
somatic-neusomatic-20261010-result-sahraeian2022-neusomatic-s-seqc-wgs-gt50-spikewgs10-titration-indel-spp-80x-5-t-spp-80x-100-n,somatic-neusomatic-20261010-source-sahraeian2022-additional-file-2,"Additional file 2 Table S3, INDELs section, row 'SPP_80x_5%T vs SPP_80x_100%N', column 'NeuSomatic-S SEQC-WGS-GT50-SpikeWGS10'",18.1,result
somatic-neusomatic-20261010-result-sahraeian2022-neusomatic-s-seqc-wgs-gt50-spikewgs10-titration-indel-spp-80x-50-t-spp-80x-100-n,somatic-neusomatic-20261010-source-sahraeian2022-additional-file-2,"Additional file 2 Table S3, INDELs section, row 'SPP_80x_50%T vs SPP_80x_100%N', column 'NeuSomatic-S SEQC-WGS-GT50-SpikeWGS10'",80.8,result
somatic-neusomatic-20261010-result-sahraeian2022-neusomatic-s-seqc-wgs-gt50-spikewgs10-titration-indel-spp-80x-50-t-spp-80x-95-n,somatic-neusomatic-20261010-source-sahraeian2022-additional-file-2,"Additional file 2 Table S3, INDELs section, row 'SPP_80x_50%T vs SPP_80x_95%N', column 'NeuSomatic-S SEQC-WGS-GT50-SpikeWGS10'",75.6,result
somatic-neusomatic-20261010-result-sahraeian2022-neusomatic-s-seqc-wgs-gt50-spikewgs10-titration-indel-spp-80x-75-t-spp-80x-100-n,somatic-neusomatic-20261010-source-sahraeian2022-additional-file-2,"Additional file 2 Table S3, INDELs section, row 'SPP_80x_75%T vs SPP_80x_100%N', column 'NeuSomatic-S SEQC-WGS-GT50-SpikeWGS10'",84.5,result
somatic-neusomatic-20261010-result-sahraeian2022-neusomatic-s-seqc-wgs-gt50-spikewgs10-titration-indel-spp-80x-75-t-spp-80x-95-n,somatic-neusomatic-20261010-source-sahraeian2022-additional-file-2,"Additional file 2 Table S3, INDELs section, row 'SPP_80x_75%T vs SPP_80x_95%N', column 'NeuSomatic-S SEQC-WGS-GT50-SpikeWGS10'",80.5,result
somatic-neusomatic-20261010-result-sahraeian2022-neusomatic-s-seqc-wgs-gt50-spikewgs10-titration-snv-average,somatic-neusomatic-20261010-source-sahraeian2022-additional-file-2,"Additional file 2 Table S3, SNVs section, row 'Average', column 'NeuSomatic-S SEQC-WGS-GT50-SpikeWGS10'",63.3,result
somatic-neusomatic-20261010-result-sahraeian2022-neusomatic-s-seqc-wgs-gt50-spikewgs10-titration-snv-spp-100x-10-t-spp-100x-100-n,somatic-neusomatic-20261010-source-sahraeian2022-additional-file-2,"Additional file 2 Table S3, SNVs section, row 'SPP_100x_10%T vs SPP_100x_100%N', column 'NeuSomatic-S SEQC-WGS-GT50-SpikeWGS10'",43.1,result
somatic-neusomatic-20261010-result-sahraeian2022-neusomatic-s-seqc-wgs-gt50-spikewgs10-titration-snv-spp-100x-100-t-spp-100x-100-n,somatic-neusomatic-20261010-source-sahraeian2022-additional-file-2,"Additional file 2 Table S3, SNVs section, row 'SPP_100x_100%T vs SPP_100x_100%N', column 'NeuSomatic-S SEQC-WGS-GT50-SpikeWGS10'",96.7,result
somatic-neusomatic-20261010-result-sahraeian2022-neusomatic-s-seqc-wgs-gt50-spikewgs10-titration-snv-spp-100x-20-t-spp-100x-100-n,somatic-neusomatic-20261010-source-sahraeian2022-additional-file-2,"Additional file 2 Table S3, SNVs section, row 'SPP_100x_20%T vs SPP_100x_100%N', column 'NeuSomatic-S SEQC-WGS-GT50-SpikeWGS10'",74.4,result
somatic-neusomatic-20261010-result-sahraeian2022-neusomatic-s-seqc-wgs-gt50-spikewgs10-titration-snv-spp-100x-5-t-spp-100x-100-n,somatic-neusomatic-20261010-source-sahraeian2022-additional-file-2,"Additional file 2 Table S3, SNVs section, row 'SPP_100x_5%T vs SPP_100x_100%N', column 'NeuSomatic-S SEQC-WGS-GT50-SpikeWGS10'",18.9,result
somatic-neusomatic-20261010-result-sahraeian2022-neusomatic-s-seqc-wgs-gt50-spikewgs10-titration-snv-spp-100x-50-t-spp-100x-100-n,somatic-neusomatic-20261010-source-sahraeian2022-additional-file-2,"Additional file 2 Table S3, SNVs section, row 'SPP_100x_50%T vs SPP_100x_100%N', column 'NeuSomatic-S SEQC-WGS-GT50-SpikeWGS10'",91.5,result
somatic-neusomatic-20261010-result-sahraeian2022-neusomatic-s-seqc-wgs-gt50-spikewgs10-titration-snv-spp-100x-75-t-spp-100x-100-n,somatic-neusomatic-20261010-source-sahraeian2022-additional-file-2,"Additional file 2 Table S3, SNVs section, row 'SPP_100x_75%T vs SPP_100x_100%N', column 'NeuSomatic-S SEQC-WGS-GT50-SpikeWGS10'",94.8,result
somatic-neusomatic-20261010-result-sahraeian2022-neusomatic-s-seqc-wgs-gt50-spikewgs10-titration-snv-spp-10x-10-t-spp-10x-100-n,somatic-neusomatic-20261010-source-sahraeian2022-additional-file-2,"Additional file 2 Table S3, SNVs section, row 'SPP_10x_10%T vs SPP_10x_100%N', column 'NeuSomatic-S SEQC-WGS-GT50-SpikeWGS10'",1.7,result
somatic-neusomatic-20261010-result-sahraeian2022-neusomatic-s-seqc-wgs-gt50-spikewgs10-titration-snv-spp-10x-100-t-spp-10x-100-n,somatic-neusomatic-20261010-source-sahraeian2022-additional-file-2,"Additional file 2 Table S3, SNVs section, row 'SPP_10x_100%T vs SPP_10x_100%N', column 'NeuSomatic-S SEQC-WGS-GT50-SpikeWGS10'",58.8,result
somatic-neusomatic-20261010-result-sahraeian2022-neusomatic-s-seqc-wgs-gt50-spikewgs10-titration-snv-spp-10x-20-t-spp-10x-100-n,somatic-neusomatic-20261010-source-sahraeian2022-additional-file-2,"Additional file 2 Table S3, SNVs section, row 'SPP_10x_20%T vs SPP_10x_100%N', column 'NeuSomatic-S SEQC-WGS-GT50-SpikeWGS10'",7.1,result
somatic-neusomatic-20261010-result-sahraeian2022-neusomatic-s-seqc-wgs-gt50-spikewgs10-titration-snv-spp-10x-5-t-spp-10x-100-n,somatic-neusomatic-20261010-source-sahraeian2022-additional-file-2,"Additional file 2 Table S3, SNVs section, row 'SPP_10x_5%T vs SPP_10x_100%N', column 'NeuSomatic-S SEQC-WGS-GT50-SpikeWGS10'",0.4,result
somatic-neusomatic-20261010-result-sahraeian2022-neusomatic-s-seqc-wgs-gt50-spikewgs10-titration-snv-spp-10x-50-t-spp-10x-100-n,somatic-neusomatic-20261010-source-sahraeian2022-additional-file-2,"Additional file 2 Table S3, SNVs section, row 'SPP_10x_50%T vs SPP_10x_100%N', column 'NeuSomatic-S SEQC-WGS-GT50-SpikeWGS10'",33.9,result
somatic-neusomatic-20261010-result-sahraeian2022-neusomatic-s-seqc-wgs-gt50-spikewgs10-titration-snv-spp-10x-75-t-spp-10x-100-n,somatic-neusomatic-20261010-source-sahraeian2022-additional-file-2,"Additional file 2 Table S3, SNVs section, row 'SPP_10x_75%T vs SPP_10x_100%N', column 'NeuSomatic-S SEQC-WGS-GT50-SpikeWGS10'",50.6,result
somatic-neusomatic-20261010-result-sahraeian2022-neusomatic-s-seqc-wgs-gt50-spikewgs10-titration-snv-spp-200x-10-t-spp-200x-100-n,somatic-neusomatic-20261010-source-sahraeian2022-additional-file-2,"Additional file 2 Table S3, SNVs section, row 'SPP_200x_10%T vs SPP_200x_100%N', column 'NeuSomatic-S SEQC-WGS-GT50-SpikeWGS10'",66.6,result
somatic-neusomatic-20261010-result-sahraeian2022-neusomatic-s-seqc-wgs-gt50-spikewgs10-titration-snv-spp-200x-100-t-spp-200x-100-n,somatic-neusomatic-20261010-source-sahraeian2022-additional-file-2,"Additional file 2 Table S3, SNVs section, row 'SPP_200x_100%T vs SPP_200x_100%N', column 'NeuSomatic-S SEQC-WGS-GT50-SpikeWGS10'",97.8,result
somatic-neusomatic-20261010-result-sahraeian2022-neusomatic-s-seqc-wgs-gt50-spikewgs10-titration-snv-spp-200x-20-t-spp-200x-100-n,somatic-neusomatic-20261010-source-sahraeian2022-additional-file-2,"Additional file 2 Table S3, SNVs section, row 'SPP_200x_20%T vs SPP_200x_100%N', column 'NeuSomatic-S SEQC-WGS-GT50-SpikeWGS10'",83.7,result
somatic-neusomatic-20261010-result-sahraeian2022-neusomatic-s-seqc-wgs-gt50-spikewgs10-titration-snv-spp-200x-5-t-spp-200x-100-n,somatic-neusomatic-20261010-source-sahraeian2022-additional-file-2,"Additional file 2 Table S3, SNVs section, row 'SPP_200x_5%T vs SPP_200x_100%N', column 'NeuSomatic-S SEQC-WGS-GT50-SpikeWGS10'",34.0,result
somatic-neusomatic-20261010-result-sahraeian2022-neusomatic-s-seqc-wgs-gt50-spikewgs10-titration-snv-spp-200x-50-t-spp-200x-100-n,somatic-neusomatic-20261010-source-sahraeian2022-additional-file-2,"Additional file 2 Table S3, SNVs section, row 'SPP_200x_50%T vs SPP_200x_100%N', column 'NeuSomatic-S SEQC-WGS-GT50-SpikeWGS10'",93.5,result
somatic-neusomatic-20261010-result-sahraeian2022-neusomatic-s-seqc-wgs-gt50-spikewgs10-titration-snv-spp-200x-75-t-spp-200x-100-n,somatic-neusomatic-20261010-source-sahraeian2022-additional-file-2,"Additional file 2 Table S3, SNVs section, row 'SPP_200x_75%T vs SPP_200x_100%N', column 'NeuSomatic-S SEQC-WGS-GT50-SpikeWGS10'",96.1,result
somatic-neusomatic-20261010-result-sahraeian2022-neusomatic-s-seqc-wgs-gt50-spikewgs10-titration-snv-spp-300x-10-t-spp-300x-100-n,somatic-neusomatic-20261010-source-sahraeian2022-additional-file-2,"Additional file 2 Table S3, SNVs section, row 'SPP_300x_10%T vs SPP_300x_100%N', column 'NeuSomatic-S SEQC-WGS-GT50-SpikeWGS10'",69.4,result
somatic-neusomatic-20261010-result-sahraeian2022-neusomatic-s-seqc-wgs-gt50-spikewgs10-titration-snv-spp-300x-100-t-spp-300x-100-n,somatic-neusomatic-20261010-source-sahraeian2022-additional-file-2,"Additional file 2 Table S3, SNVs section, row 'SPP_300x_100%T vs SPP_300x_100%N', column 'NeuSomatic-S SEQC-WGS-GT50-SpikeWGS10'",98.3,result
somatic-neusomatic-20261010-result-sahraeian2022-neusomatic-s-seqc-wgs-gt50-spikewgs10-titration-snv-spp-300x-20-t-spp-300x-100-n,somatic-neusomatic-20261010-source-sahraeian2022-additional-file-2,"Additional file 2 Table S3, SNVs section, row 'SPP_300x_20%T vs SPP_300x_100%N', column 'NeuSomatic-S SEQC-WGS-GT50-SpikeWGS10'",85.6,result
somatic-neusomatic-20261010-result-sahraeian2022-neusomatic-s-seqc-wgs-gt50-spikewgs10-titration-snv-spp-300x-5-t-spp-300x-100-n,somatic-neusomatic-20261010-source-sahraeian2022-additional-file-2,"Additional file 2 Table S3, SNVs section, row 'SPP_300x_5%T vs SPP_300x_100%N', column 'NeuSomatic-S SEQC-WGS-GT50-SpikeWGS10'",41.4,result
somatic-neusomatic-20261010-result-sahraeian2022-neusomatic-s-seqc-wgs-gt50-spikewgs10-titration-snv-spp-300x-50-t-spp-300x-100-n,somatic-neusomatic-20261010-source-sahraeian2022-additional-file-2,"Additional file 2 Table S3, SNVs section, row 'SPP_300x_50%T vs SPP_300x_100%N', column 'NeuSomatic-S SEQC-WGS-GT50-SpikeWGS10'",95.0,result
somatic-neusomatic-20261010-result-sahraeian2022-neusomatic-s-seqc-wgs-gt50-spikewgs10-titration-snv-spp-300x-75-t-spp-300x-100-n,somatic-neusomatic-20261010-source-sahraeian2022-additional-file-2,"Additional file 2 Table S3, SNVs section, row 'SPP_300x_75%T vs SPP_300x_100%N', column 'NeuSomatic-S SEQC-WGS-GT50-SpikeWGS10'",97.0,result
somatic-neusomatic-20261010-result-sahraeian2022-neusomatic-s-seqc-wgs-gt50-spikewgs10-titration-snv-spp-30x-10-t-spp-30x-100-n,somatic-neusomatic-20261010-source-sahraeian2022-additional-file-2,"Additional file 2 Table S3, SNVs section, row 'SPP_30x_10%T vs SPP_30x_100%N', column 'NeuSomatic-S SEQC-WGS-GT50-SpikeWGS10'",16.7,result
somatic-neusomatic-20261010-result-sahraeian2022-neusomatic-s-seqc-wgs-gt50-spikewgs10-titration-snv-spp-30x-100-t-spp-30x-100-n,somatic-neusomatic-20261010-source-sahraeian2022-additional-file-2,"Additional file 2 Table S3, SNVs section, row 'SPP_30x_100%T vs SPP_30x_100%N', column 'NeuSomatic-S SEQC-WGS-GT50-SpikeWGS10'",87.8,result
somatic-neusomatic-20261010-result-sahraeian2022-neusomatic-s-seqc-wgs-gt50-spikewgs10-titration-snv-spp-30x-20-t-spp-30x-100-n,somatic-neusomatic-20261010-source-sahraeian2022-additional-file-2,"Additional file 2 Table S3, SNVs section, row 'SPP_30x_20%T vs SPP_30x_100%N', column 'NeuSomatic-S SEQC-WGS-GT50-SpikeWGS10'",40.5,result
somatic-neusomatic-20261010-result-sahraeian2022-neusomatic-s-seqc-wgs-gt50-spikewgs10-titration-snv-spp-30x-5-t-spp-30x-100-n,somatic-neusomatic-20261010-source-sahraeian2022-additional-file-2,"Additional file 2 Table S3, SNVs section, row 'SPP_30x_5%T vs SPP_30x_100%N', column 'NeuSomatic-S SEQC-WGS-GT50-SpikeWGS10'",4.5,result
somatic-neusomatic-20261010-result-sahraeian2022-neusomatic-s-seqc-wgs-gt50-spikewgs10-titration-snv-spp-30x-50-t-spp-30x-100-n,somatic-neusomatic-20261010-source-sahraeian2022-additional-file-2,"Additional file 2 Table S3, SNVs section, row 'SPP_30x_50%T vs SPP_30x_100%N', column 'NeuSomatic-S SEQC-WGS-GT50-SpikeWGS10'",74.7,result
somatic-neusomatic-20261010-result-sahraeian2022-neusomatic-s-seqc-wgs-gt50-spikewgs10-titration-snv-spp-30x-75-t-spp-30x-100-n,somatic-neusomatic-20261010-source-sahraeian2022-additional-file-2,"Additional file 2 Table S3, SNVs section, row 'SPP_30x_75%T vs SPP_30x_100%N', column 'NeuSomatic-S SEQC-WGS-GT50-SpikeWGS10'",84.1,result
somatic-neusomatic-20261010-result-sahraeian2022-neusomatic-s-seqc-wgs-gt50-spikewgs10-titration-snv-spp-50x-10-t-spp-50x-100-n,somatic-neusomatic-20261010-source-sahraeian2022-additional-file-2,"Additional file 2 Table S3, SNVs section, row 'SPP_50x_10%T vs SPP_50x_100%N', column 'NeuSomatic-S SEQC-WGS-GT50-SpikeWGS10'",33.6,result
somatic-neusomatic-20261010-result-sahraeian2022-neusomatic-s-seqc-wgs-gt50-spikewgs10-titration-snv-spp-50x-100-t-spp-50x-100-n,somatic-neusomatic-20261010-source-sahraeian2022-additional-file-2,"Additional file 2 Table S3, SNVs section, row 'SPP_50x_100%T vs SPP_50x_100%N', column 'NeuSomatic-S SEQC-WGS-GT50-SpikeWGS10'",93.4,result
somatic-neusomatic-20261010-result-sahraeian2022-neusomatic-s-seqc-wgs-gt50-spikewgs10-titration-snv-spp-50x-20-t-spp-50x-100-n,somatic-neusomatic-20261010-source-sahraeian2022-additional-file-2,"Additional file 2 Table S3, SNVs section, row 'SPP_50x_20%T vs SPP_50x_100%N', column 'NeuSomatic-S SEQC-WGS-GT50-SpikeWGS10'",60.7,result
somatic-neusomatic-20261010-result-sahraeian2022-neusomatic-s-seqc-wgs-gt50-spikewgs10-titration-snv-spp-50x-5-t-spp-50x-100-n,somatic-neusomatic-20261010-source-sahraeian2022-additional-file-2,"Additional file 2 Table S3, SNVs section, row 'SPP_50x_5%T vs SPP_50x_100%N', column 'NeuSomatic-S SEQC-WGS-GT50-SpikeWGS10'",12.3,result
somatic-neusomatic-20261010-result-sahraeian2022-neusomatic-s-seqc-wgs-gt50-spikewgs10-titration-snv-spp-50x-50-t-spp-50x-100-n,somatic-neusomatic-20261010-source-sahraeian2022-additional-file-2,"Additional file 2 Table S3, SNVs section, row 'SPP_50x_50%T vs SPP_50x_100%N', column 'NeuSomatic-S SEQC-WGS-GT50-SpikeWGS10'",85.3,result
somatic-neusomatic-20261010-result-sahraeian2022-neusomatic-s-seqc-wgs-gt50-spikewgs10-titration-snv-spp-50x-75-t-spp-50x-100-n,somatic-neusomatic-20261010-source-sahraeian2022-additional-file-2,"Additional file 2 Table S3, SNVs section, row 'SPP_50x_75%T vs SPP_50x_100%N', column 'NeuSomatic-S SEQC-WGS-GT50-SpikeWGS10'",91.0,result
somatic-neusomatic-20261010-result-sahraeian2022-neusomatic-s-seqc-wgs-gt50-spikewgs10-titration-snv-spp-80x-10-t-spp-80x-100-n,somatic-neusomatic-20261010-source-sahraeian2022-additional-file-2,"Additional file 2 Table S3, SNVs section, row 'SPP_80x_10%T vs SPP_80x_100%N', column 'NeuSomatic-S SEQC-WGS-GT50-SpikeWGS10'",41.1,result
somatic-neusomatic-20261010-result-sahraeian2022-neusomatic-s-seqc-wgs-gt50-spikewgs10-titration-snv-spp-80x-10-t-spp-80x-95-n,somatic-neusomatic-20261010-source-sahraeian2022-additional-file-2,"Additional file 2 Table S3, SNVs section, row 'SPP_80x_10%T vs SPP_80x_95%N', column 'NeuSomatic-S SEQC-WGS-GT50-SpikeWGS10'",25.3,result
somatic-neusomatic-20261010-result-sahraeian2022-neusomatic-s-seqc-wgs-gt50-spikewgs10-titration-snv-spp-80x-100-t-spp-80x-100-n,somatic-neusomatic-20261010-source-sahraeian2022-additional-file-2,"Additional file 2 Table S3, SNVs section, row 'SPP_80x_100%T vs SPP_80x_100%N', column 'NeuSomatic-S SEQC-WGS-GT50-SpikeWGS10'",96.0,result
somatic-neusomatic-20261010-result-sahraeian2022-neusomatic-s-seqc-wgs-gt50-spikewgs10-titration-snv-spp-80x-100-t-spp-80x-95-n,somatic-neusomatic-20261010-source-sahraeian2022-additional-file-2,"Additional file 2 Table S3, SNVs section, row 'SPP_80x_100%T vs SPP_80x_95%N', column 'NeuSomatic-S SEQC-WGS-GT50-SpikeWGS10'",94.9,result
somatic-neusomatic-20261010-result-sahraeian2022-neusomatic-s-seqc-wgs-gt50-spikewgs10-titration-snv-spp-80x-20-t-spp-80x-100-n,somatic-neusomatic-20261010-source-sahraeian2022-additional-file-2,"Additional file 2 Table S3, SNVs section, row 'SPP_80x_20%T vs SPP_80x_100%N', column 'NeuSomatic-S SEQC-WGS-GT50-SpikeWGS10'",67.3,result
somatic-neusomatic-20261010-result-sahraeian2022-neusomatic-s-seqc-wgs-gt50-spikewgs10-titration-snv-spp-80x-20-t-spp-80x-95-n,somatic-neusomatic-20261010-source-sahraeian2022-additional-file-2,"Additional file 2 Table S3, SNVs section, row 'SPP_80x_20%T vs SPP_80x_95%N', column 'NeuSomatic-S SEQC-WGS-GT50-SpikeWGS10'",55.2,result
somatic-neusomatic-20261010-result-sahraeian2022-neusomatic-s-seqc-wgs-gt50-spikewgs10-titration-snv-spp-80x-5-t-spp-80x-100-n,somatic-neusomatic-20261010-source-sahraeian2022-additional-file-2,"Additional file 2 Table S3, SNVs section, row 'SPP_80x_5%T vs SPP_80x_100%N', column 'NeuSomatic-S SEQC-WGS-GT50-SpikeWGS10'",17.3,result
somatic-neusomatic-20261010-result-sahraeian2022-neusomatic-s-seqc-wgs-gt50-spikewgs10-titration-snv-spp-80x-50-t-spp-80x-100-n,somatic-neusomatic-20261010-source-sahraeian2022-additional-file-2,"Additional file 2 Table S3, SNVs section, row 'SPP_80x_50%T vs SPP_80x_100%N', column 'NeuSomatic-S SEQC-WGS-GT50-SpikeWGS10'",90.5,result
somatic-neusomatic-20261010-result-sahraeian2022-neusomatic-s-seqc-wgs-gt50-spikewgs10-titration-snv-spp-80x-50-t-spp-80x-95-n,somatic-neusomatic-20261010-source-sahraeian2022-additional-file-2,"Additional file 2 Table S3, SNVs section, row 'SPP_80x_50%T vs SPP_80x_95%N', column 'NeuSomatic-S SEQC-WGS-GT50-SpikeWGS10'",87.0,result
somatic-neusomatic-20261010-result-sahraeian2022-neusomatic-s-seqc-wgs-gt50-spikewgs10-titration-snv-spp-80x-75-t-spp-80x-100-n,somatic-neusomatic-20261010-source-sahraeian2022-additional-file-2,"Additional file 2 Table S3, SNVs section, row 'SPP_80x_75%T vs SPP_80x_100%N', column 'NeuSomatic-S SEQC-WGS-GT50-SpikeWGS10'",93.9,result
somatic-neusomatic-20261010-result-sahraeian2022-neusomatic-s-seqc-wgs-gt50-spikewgs10-titration-snv-spp-80x-75-t-spp-80x-95-n,somatic-neusomatic-20261010-source-sahraeian2022-additional-file-2,"Additional file 2 Table S3, SNVs section, row 'SPP_80x_75%T vs SPP_80x_95%N', column 'NeuSomatic-S SEQC-WGS-GT50-SpikeWGS10'",92.3,result
somatic-neusomatic-20261010-result-sahraeian2022-neusomatic-s-seqc-wgs-gt50-spikewgs10-wgs-indel-average,somatic-neusomatic-20261010-source-sahraeian2022-additional-file-2,"Additional file 2 Table S2, INDELs section, row 'Average', column 'NeuSomatic-S SEQC-WGS-GT50-SpikeWGS10'",79.0,result
somatic-neusomatic-20261010-result-sahraeian2022-neusomatic-s-seqc-wgs-gt50-spikewgs10-wgs-indel-wgs-ea-t-1-wgs-ea-n-1,somatic-neusomatic-20261010-source-sahraeian2022-additional-file-2,"Additional file 2 Table S2, INDELs section, row 'WGS_EA_T_1 vs WGS_EA_N_1', column 'NeuSomatic-S SEQC-WGS-GT50-SpikeWGS10'",81.7,result
somatic-neusomatic-20261010-result-sahraeian2022-neusomatic-s-seqc-wgs-gt50-spikewgs10-wgs-indel-wgs-fd-t-1-wgs-fd-n-1,somatic-neusomatic-20261010-source-sahraeian2022-additional-file-2,"Additional file 2 Table S2, INDELs section, row 'WGS_FD_T_1 vs WGS_FD_N_1', column 'NeuSomatic-S SEQC-WGS-GT50-SpikeWGS10'",79.7,result
somatic-neusomatic-20261010-result-sahraeian2022-neusomatic-s-seqc-wgs-gt50-spikewgs10-wgs-indel-wgs-fd-t-2-wgs-fd-n-2,somatic-neusomatic-20261010-source-sahraeian2022-additional-file-2,"Additional file 2 Table S2, INDELs section, row 'WGS_FD_T_2 vs WGS_FD_N_2', column 'NeuSomatic-S SEQC-WGS-GT50-SpikeWGS10'",80.3,result
somatic-neusomatic-20261010-result-sahraeian2022-neusomatic-s-seqc-wgs-gt50-spikewgs10-wgs-indel-wgs-fd-t-3-wgs-fd-n-3,somatic-neusomatic-20261010-source-sahraeian2022-additional-file-2,"Additional file 2 Table S2, INDELs section, row 'WGS_FD_T_3 vs WGS_FD_N_3', column 'NeuSomatic-S SEQC-WGS-GT50-SpikeWGS10'",80.9,result
somatic-neusomatic-20261010-result-sahraeian2022-neusomatic-s-seqc-wgs-gt50-spikewgs10-wgs-indel-wgs-il-t-1-wgs-il-n-1,somatic-neusomatic-20261010-source-sahraeian2022-additional-file-2,"Additional file 2 Table S2, INDELs section, row 'WGS_IL_T_1 vs WGS_IL_N_1', column 'NeuSomatic-S SEQC-WGS-GT50-SpikeWGS10'",81.6,result
somatic-neusomatic-20261010-result-sahraeian2022-neusomatic-s-seqc-wgs-gt50-spikewgs10-wgs-indel-wgs-il-t-2-wgs-il-n-2,somatic-neusomatic-20261010-source-sahraeian2022-additional-file-2,"Additional file 2 Table S2, INDELs section, row 'WGS_IL_T_2 vs WGS_IL_N_2', column 'NeuSomatic-S SEQC-WGS-GT50-SpikeWGS10'",79.5,result
somatic-neusomatic-20261010-result-sahraeian2022-neusomatic-s-seqc-wgs-gt50-spikewgs10-wgs-indel-wgs-il-t-3-wgs-il-n-3,somatic-neusomatic-20261010-source-sahraeian2022-additional-file-2,"Additional file 2 Table S2, INDELs section, row 'WGS_IL_T_3 vs WGS_IL_N_3', column 'NeuSomatic-S SEQC-WGS-GT50-SpikeWGS10'",78.1,result
somatic-neusomatic-20261010-result-sahraeian2022-neusomatic-s-seqc-wgs-gt50-spikewgs10-wgs-indel-wgs-ll-t-1-wgs-ll-n-1,somatic-neusomatic-20261010-source-sahraeian2022-additional-file-2,"Additional file 2 Table S2, INDELs section, row 'WGS_LL_T_1 vs WGS_LL_N_1', column 'NeuSomatic-S SEQC-WGS-GT50-SpikeWGS10'",66.7,result
somatic-neusomatic-20261010-result-sahraeian2022-neusomatic-s-seqc-wgs-gt50-spikewgs10-wgs-indel-wgs-nc-t-1-wgs-nc-n-1,somatic-neusomatic-20261010-source-sahraeian2022-additional-file-2,"Additional file 2 Table S2, INDELs section, row 'WGS_NC_T_1 vs WGS_NC_N_1', column 'NeuSomatic-S SEQC-WGS-GT50-SpikeWGS10'",77.3,result
somatic-neusomatic-20261010-result-sahraeian2022-neusomatic-s-seqc-wgs-gt50-spikewgs10-wgs-indel-wgs-ns-t-1-wgs-ns-n-1,somatic-neusomatic-20261010-source-sahraeian2022-additional-file-2,"Additional file 2 Table S2, INDELs section, row 'WGS_NS_T_1 vs WGS_NS_N_1', column 'NeuSomatic-S SEQC-WGS-GT50-SpikeWGS10'",81.7,result
somatic-neusomatic-20261010-result-sahraeian2022-neusomatic-s-seqc-wgs-gt50-spikewgs10-wgs-indel-wgs-ns-t-2-wgs-ns-n-2,somatic-neusomatic-20261010-source-sahraeian2022-additional-file-2,"Additional file 2 Table S2, INDELs section, row 'WGS_NS_T_2 vs WGS_NS_N_2', column 'NeuSomatic-S SEQC-WGS-GT50-SpikeWGS10'",72.3,result
somatic-neusomatic-20261010-result-sahraeian2022-neusomatic-s-seqc-wgs-gt50-spikewgs10-wgs-indel-wgs-ns-t-3-wgs-ns-n-3,somatic-neusomatic-20261010-source-sahraeian2022-additional-file-2,"Additional file 2 Table S2, INDELs section, row 'WGS_NS_T_3 vs WGS_NS_N_3', column 'NeuSomatic-S SEQC-WGS-GT50-SpikeWGS10'",77.2,result
somatic-neusomatic-20261010-result-sahraeian2022-neusomatic-s-seqc-wgs-gt50-spikewgs10-wgs-indel-wgs-ns-t-4-wgs-ns-n-4,somatic-neusomatic-20261010-source-sahraeian2022-additional-file-2,"Additional file 2 Table S2, INDELs section, row 'WGS_NS_T_4 vs WGS_NS_N_4', column 'NeuSomatic-S SEQC-WGS-GT50-SpikeWGS10'",81.1,result
somatic-neusomatic-20261010-result-sahraeian2022-neusomatic-s-seqc-wgs-gt50-spikewgs10-wgs-indel-wgs-ns-t-5-wgs-ns-n-5,somatic-neusomatic-20261010-source-sahraeian2022-additional-file-2,"Additional file 2 Table S2, INDELs section, row 'WGS_NS_T_5 vs WGS_NS_N_5', column 'NeuSomatic-S SEQC-WGS-GT50-SpikeWGS10'",77.3,result
somatic-neusomatic-20261010-result-sahraeian2022-neusomatic-s-seqc-wgs-gt50-spikewgs10-wgs-indel-wgs-ns-t-6-wgs-ns-n-6,somatic-neusomatic-20261010-source-sahraeian2022-additional-file-2,"Additional file 2 Table S2, INDELs section, row 'WGS_NS_T_6 vs WGS_NS_N_6', column 'NeuSomatic-S SEQC-WGS-GT50-SpikeWGS10'",82.0,result
somatic-neusomatic-20261010-result-sahraeian2022-neusomatic-s-seqc-wgs-gt50-spikewgs10-wgs-indel-wgs-ns-t-7-wgs-ns-n-7,somatic-neusomatic-20261010-source-sahraeian2022-additional-file-2,"Additional file 2 Table S2, INDELs section, row 'WGS_NS_T_7 vs WGS_NS_N_7', column 'NeuSomatic-S SEQC-WGS-GT50-SpikeWGS10'",80.8,result
somatic-neusomatic-20261010-result-sahraeian2022-neusomatic-s-seqc-wgs-gt50-spikewgs10-wgs-indel-wgs-ns-t-8-wgs-ns-n-8,somatic-neusomatic-20261010-source-sahraeian2022-additional-file-2,"Additional file 2 Table S2, INDELs section, row 'WGS_NS_T_8 vs WGS_NS_N_8', column 'NeuSomatic-S SEQC-WGS-GT50-SpikeWGS10'",72.0,result
somatic-neusomatic-20261010-result-sahraeian2022-neusomatic-s-seqc-wgs-gt50-spikewgs10-wgs-indel-wgs-ns-t-9-wgs-ns-n-9,somatic-neusomatic-20261010-source-sahraeian2022-additional-file-2,"Additional file 2 Table S2, INDELs section, row 'WGS_NS_T_9 vs WGS_NS_N_9', column 'NeuSomatic-S SEQC-WGS-GT50-SpikeWGS10'",74.2,result
somatic-neusomatic-20261010-result-sahraeian2022-neusomatic-s-seqc-wgs-gt50-spikewgs10-wgs-indel-wgs-nv-t-1-wgs-nv-n-1,somatic-neusomatic-20261010-source-sahraeian2022-additional-file-2,"Additional file 2 Table S2, INDELs section, row 'WGS_NV_T_1 vs WGS_NV_N_1', column 'NeuSomatic-S SEQC-WGS-GT50-SpikeWGS10'",85.8,result
somatic-neusomatic-20261010-result-sahraeian2022-neusomatic-s-seqc-wgs-gt50-spikewgs10-wgs-indel-wgs-nv-t-2-wgs-nv-n-2,somatic-neusomatic-20261010-source-sahraeian2022-additional-file-2,"Additional file 2 Table S2, INDELs section, row 'WGS_NV_T_2 vs WGS_NV_N_2', column 'NeuSomatic-S SEQC-WGS-GT50-SpikeWGS10'",85.1,result
somatic-neusomatic-20261010-result-sahraeian2022-neusomatic-s-seqc-wgs-gt50-spikewgs10-wgs-indel-wgs-nv-t-3-wgs-nv-n-3,somatic-neusomatic-20261010-source-sahraeian2022-additional-file-2,"Additional file 2 Table S2, INDELs section, row 'WGS_NV_T_3 vs WGS_NV_N_3', column 'NeuSomatic-S SEQC-WGS-GT50-SpikeWGS10'",84.5,result
somatic-neusomatic-20261010-result-sahraeian2022-neusomatic-s-seqc-wgs-gt50-spikewgs10-wgs-snv-average,somatic-neusomatic-20261010-source-sahraeian2022-additional-file-2,"Additional file 2 Table S2, SNVs section, row 'Average', column 'NeuSomatic-S SEQC-WGS-GT50-SpikeWGS10'",91.6,result
somatic-neusomatic-20261010-result-sahraeian2022-neusomatic-s-seqc-wgs-gt50-spikewgs10-wgs-snv-wgs-ea-t-1-wgs-ea-n-1,somatic-neusomatic-20261010-source-sahraeian2022-additional-file-2,"Additional file 2 Table S2, SNVs section, row 'WGS_EA_T_1 vs WGS_EA_N_1', column 'NeuSomatic-S SEQC-WGS-GT50-SpikeWGS10'",93.7,result
somatic-neusomatic-20261010-result-sahraeian2022-neusomatic-s-seqc-wgs-gt50-spikewgs10-wgs-snv-wgs-fd-t-1-wgs-fd-n-1,somatic-neusomatic-20261010-source-sahraeian2022-additional-file-2,"Additional file 2 Table S2, SNVs section, row 'WGS_FD_T_1 vs WGS_FD_N_1', column 'NeuSomatic-S SEQC-WGS-GT50-SpikeWGS10'",90.2,result
somatic-neusomatic-20261010-result-sahraeian2022-neusomatic-s-seqc-wgs-gt50-spikewgs10-wgs-snv-wgs-fd-t-2-wgs-fd-n-2,somatic-neusomatic-20261010-source-sahraeian2022-additional-file-2,"Additional file 2 Table S2, SNVs section, row 'WGS_FD_T_2 vs WGS_FD_N_2', column 'NeuSomatic-S SEQC-WGS-GT50-SpikeWGS10'",90.8,result
somatic-neusomatic-20261010-result-sahraeian2022-neusomatic-s-seqc-wgs-gt50-spikewgs10-wgs-snv-wgs-fd-t-3-wgs-fd-n-3,somatic-neusomatic-20261010-source-sahraeian2022-additional-file-2,"Additional file 2 Table S2, SNVs section, row 'WGS_FD_T_3 vs WGS_FD_N_3', column 'NeuSomatic-S SEQC-WGS-GT50-SpikeWGS10'",90.9,result
somatic-neusomatic-20261010-result-sahraeian2022-neusomatic-s-seqc-wgs-gt50-spikewgs10-wgs-snv-wgs-il-t-1-wgs-il-n-1,somatic-neusomatic-20261010-source-sahraeian2022-additional-file-2,"Additional file 2 Table S2, SNVs section, row 'WGS_IL_T_1 vs WGS_IL_N_1', column 'NeuSomatic-S SEQC-WGS-GT50-SpikeWGS10'",93.9,result
somatic-neusomatic-20261010-result-sahraeian2022-neusomatic-s-seqc-wgs-gt50-spikewgs10-wgs-snv-wgs-il-t-2-wgs-il-n-2,somatic-neusomatic-20261010-source-sahraeian2022-additional-file-2,"Additional file 2 Table S2, SNVs section, row 'WGS_IL_T_2 vs WGS_IL_N_2', column 'NeuSomatic-S SEQC-WGS-GT50-SpikeWGS10'",92.0,result
somatic-neusomatic-20261010-result-sahraeian2022-neusomatic-s-seqc-wgs-gt50-spikewgs10-wgs-snv-wgs-il-t-3-wgs-il-n-3,somatic-neusomatic-20261010-source-sahraeian2022-additional-file-2,"Additional file 2 Table S2, SNVs section, row 'WGS_IL_T_3 vs WGS_IL_N_3', column 'NeuSomatic-S SEQC-WGS-GT50-SpikeWGS10'",91.5,result
somatic-neusomatic-20261010-result-sahraeian2022-neusomatic-s-seqc-wgs-gt50-spikewgs10-wgs-snv-wgs-ll-t-1-wgs-ll-n-1,somatic-neusomatic-20261010-source-sahraeian2022-additional-file-2,"Additional file 2 Table S2, SNVs section, row 'WGS_LL_T_1 vs WGS_LL_N_1', column 'NeuSomatic-S SEQC-WGS-GT50-SpikeWGS10'",81.4,result
somatic-neusomatic-20261010-result-sahraeian2022-neusomatic-s-seqc-wgs-gt50-spikewgs10-wgs-snv-wgs-nc-t-1-wgs-nc-n-1,somatic-neusomatic-20261010-source-sahraeian2022-additional-file-2,"Additional file 2 Table S2, SNVs section, row 'WGS_NC_T_1 vs WGS_NC_N_1', column 'NeuSomatic-S SEQC-WGS-GT50-SpikeWGS10'",89.9,result
somatic-neusomatic-20261010-result-sahraeian2022-neusomatic-s-seqc-wgs-gt50-spikewgs10-wgs-snv-wgs-ns-t-1-wgs-ns-n-1,somatic-neusomatic-20261010-source-sahraeian2022-additional-file-2,"Additional file 2 Table S2, SNVs section, row 'WGS_NS_T_1 vs WGS_NS_N_1', column 'NeuSomatic-S SEQC-WGS-GT50-SpikeWGS10'",93.2,result
somatic-neusomatic-20261010-result-sahraeian2022-neusomatic-s-seqc-wgs-gt50-spikewgs10-wgs-snv-wgs-ns-t-2-wgs-ns-n-2,somatic-neusomatic-20261010-source-sahraeian2022-additional-file-2,"Additional file 2 Table S2, SNVs section, row 'WGS_NS_T_2 vs WGS_NS_N_2', column 'NeuSomatic-S SEQC-WGS-GT50-SpikeWGS10'",89.0,result
somatic-neusomatic-20261010-result-sahraeian2022-neusomatic-s-seqc-wgs-gt50-spikewgs10-wgs-snv-wgs-ns-t-3-wgs-ns-n-3,somatic-neusomatic-20261010-source-sahraeian2022-additional-file-2,"Additional file 2 Table S2, SNVs section, row 'WGS_NS_T_3 vs WGS_NS_N_3', column 'NeuSomatic-S SEQC-WGS-GT50-SpikeWGS10'",90.9,result
somatic-neusomatic-20261010-result-sahraeian2022-neusomatic-s-seqc-wgs-gt50-spikewgs10-wgs-snv-wgs-ns-t-4-wgs-ns-n-4,somatic-neusomatic-20261010-source-sahraeian2022-additional-file-2,"Additional file 2 Table S2, SNVs section, row 'WGS_NS_T_4 vs WGS_NS_N_4', column 'NeuSomatic-S SEQC-WGS-GT50-SpikeWGS10'",92.9,result
somatic-neusomatic-20261010-result-sahraeian2022-neusomatic-s-seqc-wgs-gt50-spikewgs10-wgs-snv-wgs-ns-t-5-wgs-ns-n-5,somatic-neusomatic-20261010-source-sahraeian2022-additional-file-2,"Additional file 2 Table S2, SNVs section, row 'WGS_NS_T_5 vs WGS_NS_N_5', column 'NeuSomatic-S SEQC-WGS-GT50-SpikeWGS10'",90.2,result
somatic-neusomatic-20261010-result-sahraeian2022-neusomatic-s-seqc-wgs-gt50-spikewgs10-wgs-snv-wgs-ns-t-6-wgs-ns-n-6,somatic-neusomatic-20261010-source-sahraeian2022-additional-file-2,"Additional file 2 Table S2, SNVs section, row 'WGS_NS_T_6 vs WGS_NS_N_6', column 'NeuSomatic-S SEQC-WGS-GT50-SpikeWGS10'",93.5,result
somatic-neusomatic-20261010-result-sahraeian2022-neusomatic-s-seqc-wgs-gt50-spikewgs10-wgs-snv-wgs-ns-t-7-wgs-ns-n-7,somatic-neusomatic-20261010-source-sahraeian2022-additional-file-2,"Additional file 2 Table S2, SNVs section, row 'WGS_NS_T_7 vs WGS_NS_N_7', column 'NeuSomatic-S SEQC-WGS-GT50-SpikeWGS10'",92.3,result
somatic-neusomatic-20261010-result-sahraeian2022-neusomatic-s-seqc-wgs-gt50-spikewgs10-wgs-snv-wgs-ns-t-8-wgs-ns-n-8,somatic-neusomatic-20261010-source-sahraeian2022-additional-file-2,"Additional file 2 Table S2, SNVs section, row 'WGS_NS_T_8 vs WGS_NS_N_8', column 'NeuSomatic-S SEQC-WGS-GT50-SpikeWGS10'",88.9,result
somatic-neusomatic-20261010-result-sahraeian2022-neusomatic-s-seqc-wgs-gt50-spikewgs10-wgs-snv-wgs-ns-t-9-wgs-ns-n-9,somatic-neusomatic-20261010-source-sahraeian2022-additional-file-2,"Additional file 2 Table S2, SNVs section, row 'WGS_NS_T_9 vs WGS_NS_N_9', column 'NeuSomatic-S SEQC-WGS-GT50-SpikeWGS10'",89.9,result
somatic-neusomatic-20261010-result-sahraeian2022-neusomatic-s-seqc-wgs-gt50-spikewgs10-wgs-snv-wgs-nv-t-1-wgs-nv-n-1,somatic-neusomatic-20261010-source-sahraeian2022-additional-file-2,"Additional file 2 Table S2, SNVs section, row 'WGS_NV_T_1 vs WGS_NV_N_1', column 'NeuSomatic-S SEQC-WGS-GT50-SpikeWGS10'",96.0,result
somatic-neusomatic-20261010-result-sahraeian2022-neusomatic-s-seqc-wgs-gt50-spikewgs10-wgs-snv-wgs-nv-t-2-wgs-nv-n-2,somatic-neusomatic-20261010-source-sahraeian2022-additional-file-2,"Additional file 2 Table S2, SNVs section, row 'WGS_NV_T_2 vs WGS_NV_N_2', column 'NeuSomatic-S SEQC-WGS-GT50-SpikeWGS10'",95.9,result
somatic-neusomatic-20261010-result-sahraeian2022-neusomatic-s-seqc-wgs-gt50-spikewgs10-wgs-snv-wgs-nv-t-3-wgs-nv-n-3,somatic-neusomatic-20261010-source-sahraeian2022-additional-file-2,"Additional file 2 Table S2, SNVs section, row 'WGS_NV_T_3 vs WGS_NV_N_3', column 'NeuSomatic-S SEQC-WGS-GT50-SpikeWGS10'",95.9,result
somatic-neusomatic-20261010-result-sahraeian2022-neusomatic-s-seqc-wgs-spike-library-prep-indel-average,somatic-neusomatic-20261010-source-sahraeian2022-additional-file-2,"Additional file 2 Table S4, INDELs section, row 'Average', column 'NeuSomatic-S SEQC-WGS-Spike'",55.6,result
somatic-neusomatic-20261010-result-sahraeian2022-neusomatic-s-seqc-wgs-spike-library-prep-indel-lbp-nextera-t-100ng-lbp-nextera-n-100ng,somatic-neusomatic-20261010-source-sahraeian2022-additional-file-2,"Additional file 2 Table S4, INDELs section, row 'LBP_Nextera_T_100ng vs LBP_Nextera_N_100ng', column 'NeuSomatic-S SEQC-WGS-Spike'",71.1,result
somatic-neusomatic-20261010-result-sahraeian2022-neusomatic-s-seqc-wgs-spike-library-prep-indel-lbp-nextera-t-10ng-lbp-nextera-n-10ng,somatic-neusomatic-20261010-source-sahraeian2022-additional-file-2,"Additional file 2 Table S4, INDELs section, row 'LBP_Nextera_T_10ng vs LBP_Nextera_N_10ng', column 'NeuSomatic-S SEQC-WGS-Spike'",67.9,result
somatic-neusomatic-20261010-result-sahraeian2022-neusomatic-s-seqc-wgs-spike-library-prep-indel-lbp-nextera-t-1ng-lbp-nextera-n-1ng,somatic-neusomatic-20261010-source-sahraeian2022-additional-file-2,"Additional file 2 Table S4, INDELs section, row 'LBP_Nextera_T_1ng vs LBP_Nextera_N_1ng', column 'NeuSomatic-S SEQC-WGS-Spike'",59.8,result
somatic-neusomatic-20261010-result-sahraeian2022-neusomatic-s-seqc-wgs-spike-library-prep-indel-lbp-truseq-t-100ng-lbp-truseq-n-100ng,somatic-neusomatic-20261010-source-sahraeian2022-additional-file-2,"Additional file 2 Table S4, INDELs section, row 'LBP_TruSeq_T_100ng vs LBP_TruSeq_N_100ng', column 'NeuSomatic-S SEQC-WGS-Spike'",67.2,result
somatic-neusomatic-20261010-result-sahraeian2022-neusomatic-s-seqc-wgs-spike-library-prep-indel-lbp-truseq-t-10ng-lbp-truseq-n-10ng,somatic-neusomatic-20261010-source-sahraeian2022-additional-file-2,"Additional file 2 Table S4, INDELs section, row 'LBP_TruSeq_T_10ng vs LBP_TruSeq_N_10ng', column 'NeuSomatic-S SEQC-WGS-Spike'",54.7,result
somatic-neusomatic-20261010-result-sahraeian2022-neusomatic-s-seqc-wgs-spike-library-prep-indel-lbp-truseq-t-1ng-lbp-truseq-n-1ng,somatic-neusomatic-20261010-source-sahraeian2022-additional-file-2,"Additional file 2 Table S4, INDELs section, row 'LBP_TruSeq_T_1ng vs LBP_TruSeq_N_1ng', column 'NeuSomatic-S SEQC-WGS-Spike'",12.6,result
somatic-neusomatic-20261010-result-sahraeian2022-neusomatic-s-seqc-wgs-spike-library-prep-snv-average,somatic-neusomatic-20261010-source-sahraeian2022-additional-file-2,"Additional file 2 Table S4, SNVs section, row 'Average', column 'NeuSomatic-S SEQC-WGS-Spike'",76.0,result
somatic-neusomatic-20261010-result-sahraeian2022-neusomatic-s-seqc-wgs-spike-library-prep-snv-lbp-nextera-t-100ng-lbp-nextera-n-100ng,somatic-neusomatic-20261010-source-sahraeian2022-additional-file-2,"Additional file 2 Table S4, SNVs section, row 'LBP_Nextera_T_100ng vs LBP_Nextera_N_100ng', column 'NeuSomatic-S SEQC-WGS-Spike'",89.7,result
somatic-neusomatic-20261010-result-sahraeian2022-neusomatic-s-seqc-wgs-spike-library-prep-snv-lbp-nextera-t-10ng-lbp-nextera-n-10ng,somatic-neusomatic-20261010-source-sahraeian2022-additional-file-2,"Additional file 2 Table S4, SNVs section, row 'LBP_Nextera_T_10ng vs LBP_Nextera_N_10ng', column 'NeuSomatic-S SEQC-WGS-Spike'",91.8,result
somatic-neusomatic-20261010-result-sahraeian2022-neusomatic-s-seqc-wgs-spike-library-prep-snv-lbp-nextera-t-1ng-lbp-nextera-n-1ng,somatic-neusomatic-20261010-source-sahraeian2022-additional-file-2,"Additional file 2 Table S4, SNVs section, row 'LBP_Nextera_T_1ng vs LBP_Nextera_N_1ng', column 'NeuSomatic-S SEQC-WGS-Spike'",88.5,result
somatic-neusomatic-20261010-result-sahraeian2022-neusomatic-s-seqc-wgs-spike-library-prep-snv-lbp-truseq-t-100ng-lbp-truseq-n-100ng,somatic-neusomatic-20261010-source-sahraeian2022-additional-file-2,"Additional file 2 Table S4, SNVs section, row 'LBP_TruSeq_T_100ng vs LBP_TruSeq_N_100ng', column 'NeuSomatic-S SEQC-WGS-Spike'",87.2,result
somatic-neusomatic-20261010-result-sahraeian2022-neusomatic-s-seqc-wgs-spike-library-prep-snv-lbp-truseq-t-10ng-lbp-truseq-n-10ng,somatic-neusomatic-20261010-source-sahraeian2022-additional-file-2,"Additional file 2 Table S4, SNVs section, row 'LBP_TruSeq_T_10ng vs LBP_TruSeq_N_10ng', column 'NeuSomatic-S SEQC-WGS-Spike'",81.5,result
somatic-neusomatic-20261010-result-sahraeian2022-neusomatic-s-seqc-wgs-spike-library-prep-snv-lbp-truseq-t-1ng-lbp-truseq-n-1ng,somatic-neusomatic-20261010-source-sahraeian2022-additional-file-2,"Additional file 2 Table S4, SNVs section, row 'LBP_TruSeq_T_1ng vs LBP_TruSeq_N_1ng', column 'NeuSomatic-S SEQC-WGS-Spike'",17.3,result
somatic-neusomatic-20261010-result-sahraeian2022-neusomatic-s-seqc-wgs-spike-titration-indel-average,somatic-neusomatic-20261010-source-sahraeian2022-additional-file-2,"Additional file 2 Table S3, INDELs section, row 'Average', column 'NeuSomatic-S SEQC-WGS-Spike'",58.3,result
somatic-neusomatic-20261010-result-sahraeian2022-neusomatic-s-seqc-wgs-spike-titration-indel-spp-100x-10-t-spp-100x-100-n,somatic-neusomatic-20261010-source-sahraeian2022-additional-file-2,"Additional file 2 Table S3, INDELs section, row 'SPP_100x_10%T vs SPP_100x_100%N', column 'NeuSomatic-S SEQC-WGS-Spike'",46.2,result
somatic-neusomatic-20261010-result-sahraeian2022-neusomatic-s-seqc-wgs-spike-titration-indel-spp-100x-100-t-spp-100x-100-n,somatic-neusomatic-20261010-source-sahraeian2022-additional-file-2,"Additional file 2 Table S3, INDELs section, row 'SPP_100x_100%T vs SPP_100x_100%N', column 'NeuSomatic-S SEQC-WGS-Spike'",78.9,result
somatic-neusomatic-20261010-result-sahraeian2022-neusomatic-s-seqc-wgs-spike-titration-indel-spp-100x-20-t-spp-100x-100-n,somatic-neusomatic-20261010-source-sahraeian2022-additional-file-2,"Additional file 2 Table S3, INDELs section, row 'SPP_100x_20%T vs SPP_100x_100%N', column 'NeuSomatic-S SEQC-WGS-Spike'",68.9,result
somatic-neusomatic-20261010-result-sahraeian2022-neusomatic-s-seqc-wgs-spike-titration-indel-spp-100x-5-t-spp-100x-100-n,somatic-neusomatic-20261010-source-sahraeian2022-additional-file-2,"Additional file 2 Table S3, INDELs section, row 'SPP_100x_5%T vs SPP_100x_100%N', column 'NeuSomatic-S SEQC-WGS-Spike'",24.0,result
somatic-neusomatic-20261010-result-sahraeian2022-neusomatic-s-seqc-wgs-spike-titration-indel-spp-100x-50-t-spp-100x-100-n,somatic-neusomatic-20261010-source-sahraeian2022-additional-file-2,"Additional file 2 Table S3, INDELs section, row 'SPP_100x_50%T vs SPP_100x_100%N', column 'NeuSomatic-S SEQC-WGS-Spike'",82.5,result
somatic-neusomatic-20261010-result-sahraeian2022-neusomatic-s-seqc-wgs-spike-titration-indel-spp-100x-75-t-spp-100x-100-n,somatic-neusomatic-20261010-source-sahraeian2022-additional-file-2,"Additional file 2 Table S3, INDELs section, row 'SPP_100x_75%T vs SPP_100x_100%N', column 'NeuSomatic-S SEQC-WGS-Spike'",84.7,result
somatic-neusomatic-20261010-result-sahraeian2022-neusomatic-s-seqc-wgs-spike-titration-indel-spp-10x-10-t-spp-10x-100-n,somatic-neusomatic-20261010-source-sahraeian2022-additional-file-2,"Additional file 2 Table S3, INDELs section, row 'SPP_10x_10%T vs SPP_10x_100%N', column 'NeuSomatic-S SEQC-WGS-Spike'",8.3,result
somatic-neusomatic-20261010-result-sahraeian2022-neusomatic-s-seqc-wgs-spike-titration-indel-spp-10x-100-t-spp-10x-100-n,somatic-neusomatic-20261010-source-sahraeian2022-additional-file-2,"Additional file 2 Table S3, INDELs section, row 'SPP_10x_100%T vs SPP_10x_100%N', column 'NeuSomatic-S SEQC-WGS-Spike'",35.8,result
somatic-neusomatic-20261010-result-sahraeian2022-neusomatic-s-seqc-wgs-spike-titration-indel-spp-10x-20-t-spp-10x-100-n,somatic-neusomatic-20261010-source-sahraeian2022-additional-file-2,"Additional file 2 Table S3, INDELs section, row 'SPP_10x_20%T vs SPP_10x_100%N', column 'NeuSomatic-S SEQC-WGS-Spike'",16.7,result
somatic-neusomatic-20261010-result-sahraeian2022-neusomatic-s-seqc-wgs-spike-titration-indel-spp-10x-5-t-spp-10x-100-n,somatic-neusomatic-20261010-source-sahraeian2022-additional-file-2,"Additional file 2 Table S3, INDELs section, row 'SPP_10x_5%T vs SPP_10x_100%N', column 'NeuSomatic-S SEQC-WGS-Spike'",4.8,result
somatic-neusomatic-20261010-result-sahraeian2022-neusomatic-s-seqc-wgs-spike-titration-indel-spp-10x-50-t-spp-10x-100-n,somatic-neusomatic-20261010-source-sahraeian2022-additional-file-2,"Additional file 2 Table S3, INDELs section, row 'SPP_10x_50%T vs SPP_10x_100%N', column 'NeuSomatic-S SEQC-WGS-Spike'",33.2,result
somatic-neusomatic-20261010-result-sahraeian2022-neusomatic-s-seqc-wgs-spike-titration-indel-spp-10x-75-t-spp-10x-100-n,somatic-neusomatic-20261010-source-sahraeian2022-additional-file-2,"Additional file 2 Table S3, INDELs section, row 'SPP_10x_75%T vs SPP_10x_100%N', column 'NeuSomatic-S SEQC-WGS-Spike'",38.4,result
somatic-neusomatic-20261010-result-sahraeian2022-neusomatic-s-seqc-wgs-spike-titration-indel-spp-200x-10-t-spp-200x-100-n,somatic-neusomatic-20261010-source-sahraeian2022-additional-file-2,"Additional file 2 Table S3, INDELs section, row 'SPP_200x_10%T vs SPP_200x_100%N', column 'NeuSomatic-S SEQC-WGS-Spike'",67.0,result
somatic-neusomatic-20261010-result-sahraeian2022-neusomatic-s-seqc-wgs-spike-titration-indel-spp-200x-100-t-spp-200x-100-n,somatic-neusomatic-20261010-source-sahraeian2022-additional-file-2,"Additional file 2 Table S3, INDELs section, row 'SPP_200x_100%T vs SPP_200x_100%N', column 'NeuSomatic-S SEQC-WGS-Spike'",80.1,result
somatic-neusomatic-20261010-result-sahraeian2022-neusomatic-s-seqc-wgs-spike-titration-indel-spp-200x-20-t-spp-200x-100-n,somatic-neusomatic-20261010-source-sahraeian2022-additional-file-2,"Additional file 2 Table S3, INDELs section, row 'SPP_200x_20%T vs SPP_200x_100%N', column 'NeuSomatic-S SEQC-WGS-Spike'",78.2,result
somatic-neusomatic-20261010-result-sahraeian2022-neusomatic-s-seqc-wgs-spike-titration-indel-spp-200x-5-t-spp-200x-100-n,somatic-neusomatic-20261010-source-sahraeian2022-additional-file-2,"Additional file 2 Table S3, INDELs section, row 'SPP_200x_5%T vs SPP_200x_100%N', column 'NeuSomatic-S SEQC-WGS-Spike'",43.7,result
somatic-neusomatic-20261010-result-sahraeian2022-neusomatic-s-seqc-wgs-spike-titration-indel-spp-200x-50-t-spp-200x-100-n,somatic-neusomatic-20261010-source-sahraeian2022-additional-file-2,"Additional file 2 Table S3, INDELs section, row 'SPP_200x_50%T vs SPP_200x_100%N', column 'NeuSomatic-S SEQC-WGS-Spike'",84.7,result
somatic-neusomatic-20261010-result-sahraeian2022-neusomatic-s-seqc-wgs-spike-titration-indel-spp-200x-75-t-spp-200x-100-n,somatic-neusomatic-20261010-source-sahraeian2022-additional-file-2,"Additional file 2 Table S3, INDELs section, row 'SPP_200x_75%T vs SPP_200x_100%N', column 'NeuSomatic-S SEQC-WGS-Spike'",86.3,result
somatic-neusomatic-20261010-result-sahraeian2022-neusomatic-s-seqc-wgs-spike-titration-indel-spp-300x-10-t-spp-300x-100-n,somatic-neusomatic-20261010-source-sahraeian2022-additional-file-2,"Additional file 2 Table S3, INDELs section, row 'SPP_300x_10%T vs SPP_300x_100%N', column 'NeuSomatic-S SEQC-WGS-Spike'",69.3,result
somatic-neusomatic-20261010-result-sahraeian2022-neusomatic-s-seqc-wgs-spike-titration-indel-spp-300x-100-t-spp-300x-100-n,somatic-neusomatic-20261010-source-sahraeian2022-additional-file-2,"Additional file 2 Table S3, INDELs section, row 'SPP_300x_100%T vs SPP_300x_100%N', column 'NeuSomatic-S SEQC-WGS-Spike'",80.1,result
somatic-neusomatic-20261010-result-sahraeian2022-neusomatic-s-seqc-wgs-spike-titration-indel-spp-300x-20-t-spp-300x-100-n,somatic-neusomatic-20261010-source-sahraeian2022-additional-file-2,"Additional file 2 Table S3, INDELs section, row 'SPP_300x_20%T vs SPP_300x_100%N', column 'NeuSomatic-S SEQC-WGS-Spike'",78.6,result
somatic-neusomatic-20261010-result-sahraeian2022-neusomatic-s-seqc-wgs-spike-titration-indel-spp-300x-5-t-spp-300x-100-n,somatic-neusomatic-20261010-source-sahraeian2022-additional-file-2,"Additional file 2 Table S3, INDELs section, row 'SPP_300x_5%T vs SPP_300x_100%N', column 'NeuSomatic-S SEQC-WGS-Spike'",49.0,result
somatic-neusomatic-20261010-result-sahraeian2022-neusomatic-s-seqc-wgs-spike-titration-indel-spp-300x-50-t-spp-300x-100-n,somatic-neusomatic-20261010-source-sahraeian2022-additional-file-2,"Additional file 2 Table S3, INDELs section, row 'SPP_300x_50%T vs SPP_300x_100%N', column 'NeuSomatic-S SEQC-WGS-Spike'",85.0,result
somatic-neusomatic-20261010-result-sahraeian2022-neusomatic-s-seqc-wgs-spike-titration-indel-spp-300x-75-t-spp-300x-100-n,somatic-neusomatic-20261010-source-sahraeian2022-additional-file-2,"Additional file 2 Table S3, INDELs section, row 'SPP_300x_75%T vs SPP_300x_100%N', column 'NeuSomatic-S SEQC-WGS-Spike'",86.4,result
somatic-neusomatic-20261010-result-sahraeian2022-neusomatic-s-seqc-wgs-spike-titration-indel-spp-30x-10-t-spp-30x-100-n,somatic-neusomatic-20261010-source-sahraeian2022-additional-file-2,"Additional file 2 Table S3, INDELs section, row 'SPP_30x_10%T vs SPP_30x_100%N', column 'NeuSomatic-S SEQC-WGS-Spike'",27.6,result
somatic-neusomatic-20261010-result-sahraeian2022-neusomatic-s-seqc-wgs-spike-titration-indel-spp-30x-100-t-spp-30x-100-n,somatic-neusomatic-20261010-source-sahraeian2022-additional-file-2,"Additional file 2 Table S3, INDELs section, row 'SPP_30x_100%T vs SPP_30x_100%N', column 'NeuSomatic-S SEQC-WGS-Spike'",68.7,result
somatic-neusomatic-20261010-result-sahraeian2022-neusomatic-s-seqc-wgs-spike-titration-indel-spp-30x-20-t-spp-30x-100-n,somatic-neusomatic-20261010-source-sahraeian2022-additional-file-2,"Additional file 2 Table S3, INDELs section, row 'SPP_30x_20%T vs SPP_30x_100%N', column 'NeuSomatic-S SEQC-WGS-Spike'",46.9,result
somatic-neusomatic-20261010-result-sahraeian2022-neusomatic-s-seqc-wgs-spike-titration-indel-spp-30x-5-t-spp-30x-100-n,somatic-neusomatic-20261010-source-sahraeian2022-additional-file-2,"Additional file 2 Table S3, INDELs section, row 'SPP_30x_5%T vs SPP_30x_100%N', column 'NeuSomatic-S SEQC-WGS-Spike'",14.3,result
somatic-neusomatic-20261010-result-sahraeian2022-neusomatic-s-seqc-wgs-spike-titration-indel-spp-30x-50-t-spp-30x-100-n,somatic-neusomatic-20261010-source-sahraeian2022-additional-file-2,"Additional file 2 Table S3, INDELs section, row 'SPP_30x_50%T vs SPP_30x_100%N', column 'NeuSomatic-S SEQC-WGS-Spike'",66.5,result
somatic-neusomatic-20261010-result-sahraeian2022-neusomatic-s-seqc-wgs-spike-titration-indel-spp-30x-75-t-spp-30x-100-n,somatic-neusomatic-20261010-source-sahraeian2022-additional-file-2,"Additional file 2 Table S3, INDELs section, row 'SPP_30x_75%T vs SPP_30x_100%N', column 'NeuSomatic-S SEQC-WGS-Spike'",75.1,result
somatic-neusomatic-20261010-result-sahraeian2022-neusomatic-s-seqc-wgs-spike-titration-indel-spp-50x-10-t-spp-50x-100-n,somatic-neusomatic-20261010-source-sahraeian2022-additional-file-2,"Additional file 2 Table S3, INDELs section, row 'SPP_50x_10%T vs SPP_50x_100%N', column 'NeuSomatic-S SEQC-WGS-Spike'",33.6,result
somatic-neusomatic-20261010-result-sahraeian2022-neusomatic-s-seqc-wgs-spike-titration-indel-spp-50x-100-t-spp-50x-100-n,somatic-neusomatic-20261010-source-sahraeian2022-additional-file-2,"Additional file 2 Table S3, INDELs section, row 'SPP_50x_100%T vs SPP_50x_100%N', column 'NeuSomatic-S SEQC-WGS-Spike'",75.0,result
somatic-neusomatic-20261010-result-sahraeian2022-neusomatic-s-seqc-wgs-spike-titration-indel-spp-50x-20-t-spp-50x-100-n,somatic-neusomatic-20261010-source-sahraeian2022-additional-file-2,"Additional file 2 Table S3, INDELs section, row 'SPP_50x_20%T vs SPP_50x_100%N', column 'NeuSomatic-S SEQC-WGS-Spike'",56.3,result
somatic-neusomatic-20261010-result-sahraeian2022-neusomatic-s-seqc-wgs-spike-titration-indel-spp-50x-5-t-spp-50x-100-n,somatic-neusomatic-20261010-source-sahraeian2022-additional-file-2,"Additional file 2 Table S3, INDELs section, row 'SPP_50x_5%T vs SPP_50x_100%N', column 'NeuSomatic-S SEQC-WGS-Spike'",18.2,result
somatic-neusomatic-20261010-result-sahraeian2022-neusomatic-s-seqc-wgs-spike-titration-indel-spp-50x-50-t-spp-50x-100-n,somatic-neusomatic-20261010-source-sahraeian2022-additional-file-2,"Additional file 2 Table S3, INDELs section, row 'SPP_50x_50%T vs SPP_50x_100%N', column 'NeuSomatic-S SEQC-WGS-Spike'",78.0,result
somatic-neusomatic-20261010-result-sahraeian2022-neusomatic-s-seqc-wgs-spike-titration-indel-spp-50x-75-t-spp-50x-100-n,somatic-neusomatic-20261010-source-sahraeian2022-additional-file-2,"Additional file 2 Table S3, INDELs section, row 'SPP_50x_75%T vs SPP_50x_100%N', column 'NeuSomatic-S SEQC-WGS-Spike'",82.5,result
somatic-neusomatic-20261010-result-sahraeian2022-neusomatic-s-seqc-wgs-spike-titration-indel-spp-80x-10-t-spp-80x-100-n,somatic-neusomatic-20261010-source-sahraeian2022-additional-file-2,"Additional file 2 Table S3, INDELs section, row 'SPP_80x_10%T vs SPP_80x_100%N', column 'NeuSomatic-S SEQC-WGS-Spike'",43.1,result
somatic-neusomatic-20261010-result-sahraeian2022-neusomatic-s-seqc-wgs-spike-titration-indel-spp-80x-10-t-spp-80x-95-n,somatic-neusomatic-20261010-source-sahraeian2022-additional-file-2,"Additional file 2 Table S3, INDELs section, row 'SPP_80x_10%T vs SPP_80x_95%N', column 'NeuSomatic-S SEQC-WGS-Spike'",27.0,result
somatic-neusomatic-20261010-result-sahraeian2022-neusomatic-s-seqc-wgs-spike-titration-indel-spp-80x-100-t-spp-80x-100-n,somatic-neusomatic-20261010-source-sahraeian2022-additional-file-2,"Additional file 2 Table S3, INDELs section, row 'SPP_80x_100%T vs SPP_80x_100%N', column 'NeuSomatic-S SEQC-WGS-Spike'",78.0,result
somatic-neusomatic-20261010-result-sahraeian2022-neusomatic-s-seqc-wgs-spike-titration-indel-spp-80x-100-t-spp-80x-95-n,somatic-neusomatic-20261010-source-sahraeian2022-additional-file-2,"Additional file 2 Table S3, INDELs section, row 'SPP_80x_100%T vs SPP_80x_95%N', column 'NeuSomatic-S SEQC-WGS-Spike'",76.9,result
somatic-neusomatic-20261010-result-sahraeian2022-neusomatic-s-seqc-wgs-spike-titration-indel-spp-80x-20-t-spp-80x-100-n,somatic-neusomatic-20261010-source-sahraeian2022-additional-file-2,"Additional file 2 Table S3, INDELs section, row 'SPP_80x_20%T vs SPP_80x_100%N', column 'NeuSomatic-S SEQC-WGS-Spike'",63.3,result
somatic-neusomatic-20261010-result-sahraeian2022-neusomatic-s-seqc-wgs-spike-titration-indel-spp-80x-20-t-spp-80x-95-n,somatic-neusomatic-20261010-source-sahraeian2022-additional-file-2,"Additional file 2 Table S3, INDELs section, row 'SPP_80x_20%T vs SPP_80x_95%N', column 'NeuSomatic-S SEQC-WGS-Spike'",52.3,result
somatic-neusomatic-20261010-result-sahraeian2022-neusomatic-s-seqc-wgs-spike-titration-indel-spp-80x-5-t-spp-80x-100-n,somatic-neusomatic-20261010-source-sahraeian2022-additional-file-2,"Additional file 2 Table S3, INDELs section, row 'SPP_80x_5%T vs SPP_80x_100%N', column 'NeuSomatic-S SEQC-WGS-Spike'",22.7,result
somatic-neusomatic-20261010-result-sahraeian2022-neusomatic-s-seqc-wgs-spike-titration-indel-spp-80x-50-t-spp-80x-100-n,somatic-neusomatic-20261010-source-sahraeian2022-additional-file-2,"Additional file 2 Table S3, INDELs section, row 'SPP_80x_50%T vs SPP_80x_100%N', column 'NeuSomatic-S SEQC-WGS-Spike'",82.4,result
somatic-neusomatic-20261010-result-sahraeian2022-neusomatic-s-seqc-wgs-spike-titration-indel-spp-80x-50-t-spp-80x-95-n,somatic-neusomatic-20261010-source-sahraeian2022-additional-file-2,"Additional file 2 Table S3, INDELs section, row 'SPP_80x_50%T vs SPP_80x_95%N', column 'NeuSomatic-S SEQC-WGS-Spike'",77.1,result
somatic-neusomatic-20261010-result-sahraeian2022-neusomatic-s-seqc-wgs-spike-titration-indel-spp-80x-75-t-spp-80x-100-n,somatic-neusomatic-20261010-source-sahraeian2022-additional-file-2,"Additional file 2 Table S3, INDELs section, row 'SPP_80x_75%T vs SPP_80x_100%N', column 'NeuSomatic-S SEQC-WGS-Spike'",84.0,result
somatic-neusomatic-20261010-result-sahraeian2022-neusomatic-s-seqc-wgs-spike-titration-indel-spp-80x-75-t-spp-80x-95-n,somatic-neusomatic-20261010-source-sahraeian2022-additional-file-2,"Additional file 2 Table S3, INDELs section, row 'SPP_80x_75%T vs SPP_80x_95%N', column 'NeuSomatic-S SEQC-WGS-Spike'",81.4,result
somatic-neusomatic-20261010-result-sahraeian2022-neusomatic-s-seqc-wgs-spike-titration-snv-average,somatic-neusomatic-20261010-source-sahraeian2022-additional-file-2,"Additional file 2 Table S3, SNVs section, row 'Average', column 'NeuSomatic-S SEQC-WGS-Spike'",63.7,result
somatic-neusomatic-20261010-result-sahraeian2022-neusomatic-s-seqc-wgs-spike-titration-snv-spp-100x-10-t-spp-100x-100-n,somatic-neusomatic-20261010-source-sahraeian2022-additional-file-2,"Additional file 2 Table S3, SNVs section, row 'SPP_100x_10%T vs SPP_100x_100%N', column 'NeuSomatic-S SEQC-WGS-Spike'",45.2,result
somatic-neusomatic-20261010-result-sahraeian2022-neusomatic-s-seqc-wgs-spike-titration-snv-spp-100x-100-t-spp-100x-100-n,somatic-neusomatic-20261010-source-sahraeian2022-additional-file-2,"Additional file 2 Table S3, SNVs section, row 'SPP_100x_100%T vs SPP_100x_100%N', column 'NeuSomatic-S SEQC-WGS-Spike'",95.7,result
somatic-neusomatic-20261010-result-sahraeian2022-neusomatic-s-seqc-wgs-spike-titration-snv-spp-100x-20-t-spp-100x-100-n,somatic-neusomatic-20261010-source-sahraeian2022-additional-file-2,"Additional file 2 Table S3, SNVs section, row 'SPP_100x_20%T vs SPP_100x_100%N', column 'NeuSomatic-S SEQC-WGS-Spike'",72.8,result
somatic-neusomatic-20261010-result-sahraeian2022-neusomatic-s-seqc-wgs-spike-titration-snv-spp-100x-5-t-spp-100x-100-n,somatic-neusomatic-20261010-source-sahraeian2022-additional-file-2,"Additional file 2 Table S3, SNVs section, row 'SPP_100x_5%T vs SPP_100x_100%N', column 'NeuSomatic-S SEQC-WGS-Spike'",18.4,result
somatic-neusomatic-20261010-result-sahraeian2022-neusomatic-s-seqc-wgs-spike-titration-snv-spp-100x-50-t-spp-100x-100-n,somatic-neusomatic-20261010-source-sahraeian2022-additional-file-2,"Additional file 2 Table S3, SNVs section, row 'SPP_100x_50%T vs SPP_100x_100%N', column 'NeuSomatic-S SEQC-WGS-Spike'",90.6,result
somatic-neusomatic-20261010-result-sahraeian2022-neusomatic-s-seqc-wgs-spike-titration-snv-spp-100x-75-t-spp-100x-100-n,somatic-neusomatic-20261010-source-sahraeian2022-additional-file-2,"Additional file 2 Table S3, SNVs section, row 'SPP_100x_75%T vs SPP_100x_100%N', column 'NeuSomatic-S SEQC-WGS-Spike'",94.2,result
somatic-neusomatic-20261010-result-sahraeian2022-neusomatic-s-seqc-wgs-spike-titration-snv-spp-10x-10-t-spp-10x-100-n,somatic-neusomatic-20261010-source-sahraeian2022-additional-file-2,"Additional file 2 Table S3, SNVs section, row 'SPP_10x_10%T vs SPP_10x_100%N', column 'NeuSomatic-S SEQC-WGS-Spike'",3.9,result
somatic-neusomatic-20261010-result-sahraeian2022-neusomatic-s-seqc-wgs-spike-titration-snv-spp-10x-100-t-spp-10x-100-n,somatic-neusomatic-20261010-source-sahraeian2022-additional-file-2,"Additional file 2 Table S3, SNVs section, row 'SPP_10x_100%T vs SPP_10x_100%N', column 'NeuSomatic-S SEQC-WGS-Spike'",55.1,result
somatic-neusomatic-20261010-result-sahraeian2022-neusomatic-s-seqc-wgs-spike-titration-snv-spp-10x-20-t-spp-10x-100-n,somatic-neusomatic-20261010-source-sahraeian2022-additional-file-2,"Additional file 2 Table S3, SNVs section, row 'SPP_10x_20%T vs SPP_10x_100%N', column 'NeuSomatic-S SEQC-WGS-Spike'",12.8,result
somatic-neusomatic-20261010-result-sahraeian2022-neusomatic-s-seqc-wgs-spike-titration-snv-spp-10x-5-t-spp-10x-100-n,somatic-neusomatic-20261010-source-sahraeian2022-additional-file-2,"Additional file 2 Table S3, SNVs section, row 'SPP_10x_5%T vs SPP_10x_100%N', column 'NeuSomatic-S SEQC-WGS-Spike'",1.0,result
somatic-neusomatic-20261010-result-sahraeian2022-neusomatic-s-seqc-wgs-spike-titration-snv-spp-10x-50-t-spp-10x-100-n,somatic-neusomatic-20261010-source-sahraeian2022-additional-file-2,"Additional file 2 Table S3, SNVs section, row 'SPP_10x_50%T vs SPP_10x_100%N', column 'NeuSomatic-S SEQC-WGS-Spike'",41.1,result
somatic-neusomatic-20261010-result-sahraeian2022-neusomatic-s-seqc-wgs-spike-titration-snv-spp-10x-75-t-spp-10x-100-n,somatic-neusomatic-20261010-source-sahraeian2022-additional-file-2,"Additional file 2 Table S3, SNVs section, row 'SPP_10x_75%T vs SPP_10x_100%N', column 'NeuSomatic-S SEQC-WGS-Spike'",53.1,result
somatic-neusomatic-20261010-result-sahraeian2022-neusomatic-s-seqc-wgs-spike-titration-snv-spp-200x-10-t-spp-200x-100-n,somatic-neusomatic-20261010-source-sahraeian2022-additional-file-2,"Additional file 2 Table S3, SNVs section, row 'SPP_200x_10%T vs SPP_200x_100%N', column 'NeuSomatic-S SEQC-WGS-Spike'",67.6,result
somatic-neusomatic-20261010-result-sahraeian2022-neusomatic-s-seqc-wgs-spike-titration-snv-spp-200x-100-t-spp-200x-100-n,somatic-neusomatic-20261010-source-sahraeian2022-additional-file-2,"Additional file 2 Table S3, SNVs section, row 'SPP_200x_100%T vs SPP_200x_100%N', column 'NeuSomatic-S SEQC-WGS-Spike'",97.5,result
somatic-neusomatic-20261010-result-sahraeian2022-neusomatic-s-seqc-wgs-spike-titration-snv-spp-200x-20-t-spp-200x-100-n,somatic-neusomatic-20261010-source-sahraeian2022-additional-file-2,"Additional file 2 Table S3, SNVs section, row 'SPP_200x_20%T vs SPP_200x_100%N', column 'NeuSomatic-S SEQC-WGS-Spike'",84.6,result
somatic-neusomatic-20261010-result-sahraeian2022-neusomatic-s-seqc-wgs-spike-titration-snv-spp-200x-5-t-spp-200x-100-n,somatic-neusomatic-20261010-source-sahraeian2022-additional-file-2,"Additional file 2 Table S3, SNVs section, row 'SPP_200x_5%T vs SPP_200x_100%N', column 'NeuSomatic-S SEQC-WGS-Spike'",36.4,result
somatic-neusomatic-20261010-result-sahraeian2022-neusomatic-s-seqc-wgs-spike-titration-snv-spp-200x-50-t-spp-200x-100-n,somatic-neusomatic-20261010-source-sahraeian2022-additional-file-2,"Additional file 2 Table S3, SNVs section, row 'SPP_200x_50%T vs SPP_200x_100%N', column 'NeuSomatic-S SEQC-WGS-Spike'",94.4,result
somatic-neusomatic-20261010-result-sahraeian2022-neusomatic-s-seqc-wgs-spike-titration-snv-spp-200x-75-t-spp-200x-100-n,somatic-neusomatic-20261010-source-sahraeian2022-additional-file-2,"Additional file 2 Table S3, SNVs section, row 'SPP_200x_75%T vs SPP_200x_100%N', column 'NeuSomatic-S SEQC-WGS-Spike'",96.5,result
somatic-neusomatic-20261010-result-sahraeian2022-neusomatic-s-seqc-wgs-spike-titration-snv-spp-300x-10-t-spp-300x-100-n,somatic-neusomatic-20261010-source-sahraeian2022-additional-file-2,"Additional file 2 Table S3, SNVs section, row 'SPP_300x_10%T vs SPP_300x_100%N', column 'NeuSomatic-S SEQC-WGS-Spike'",70.9,result
somatic-neusomatic-20261010-result-sahraeian2022-neusomatic-s-seqc-wgs-spike-titration-snv-spp-300x-100-t-spp-300x-100-n,somatic-neusomatic-20261010-source-sahraeian2022-additional-file-2,"Additional file 2 Table S3, SNVs section, row 'SPP_300x_100%T vs SPP_300x_100%N', column 'NeuSomatic-S SEQC-WGS-Spike'",97.7,result
somatic-neusomatic-20261010-result-sahraeian2022-neusomatic-s-seqc-wgs-spike-titration-snv-spp-300x-20-t-spp-300x-100-n,somatic-neusomatic-20261010-source-sahraeian2022-additional-file-2,"Additional file 2 Table S3, SNVs section, row 'SPP_300x_20%T vs SPP_300x_100%N', column 'NeuSomatic-S SEQC-WGS-Spike'",86.3,result
somatic-neusomatic-20261010-result-sahraeian2022-neusomatic-s-seqc-wgs-spike-titration-snv-spp-300x-5-t-spp-300x-100-n,somatic-neusomatic-20261010-source-sahraeian2022-additional-file-2,"Additional file 2 Table S3, SNVs section, row 'SPP_300x_5%T vs SPP_300x_100%N', column 'NeuSomatic-S SEQC-WGS-Spike'",43.5,result
somatic-neusomatic-20261010-result-sahraeian2022-neusomatic-s-seqc-wgs-spike-titration-snv-spp-300x-50-t-spp-300x-100-n,somatic-neusomatic-20261010-source-sahraeian2022-additional-file-2,"Additional file 2 Table S3, SNVs section, row 'SPP_300x_50%T vs SPP_300x_100%N', column 'NeuSomatic-S SEQC-WGS-Spike'",95.4,result
somatic-neusomatic-20261010-result-sahraeian2022-neusomatic-s-seqc-wgs-spike-titration-snv-spp-300x-75-t-spp-300x-100-n,somatic-neusomatic-20261010-source-sahraeian2022-additional-file-2,"Additional file 2 Table S3, SNVs section, row 'SPP_300x_75%T vs SPP_300x_100%N', column 'NeuSomatic-S SEQC-WGS-Spike'",97.2,result
somatic-neusomatic-20261010-result-sahraeian2022-neusomatic-s-seqc-wgs-spike-titration-snv-spp-30x-10-t-spp-30x-100-n,somatic-neusomatic-20261010-source-sahraeian2022-additional-file-2,"Additional file 2 Table S3, SNVs section, row 'SPP_30x_10%T vs SPP_30x_100%N', column 'NeuSomatic-S SEQC-WGS-Spike'",20.2,result
somatic-neusomatic-20261010-result-sahraeian2022-neusomatic-s-seqc-wgs-spike-titration-snv-spp-30x-100-t-spp-30x-100-n,somatic-neusomatic-20261010-source-sahraeian2022-additional-file-2,"Additional file 2 Table S3, SNVs section, row 'SPP_30x_100%T vs SPP_30x_100%N', column 'NeuSomatic-S SEQC-WGS-Spike'",85.0,result
somatic-neusomatic-20261010-result-sahraeian2022-neusomatic-s-seqc-wgs-spike-titration-snv-spp-30x-20-t-spp-30x-100-n,somatic-neusomatic-20261010-source-sahraeian2022-additional-file-2,"Additional file 2 Table S3, SNVs section, row 'SPP_30x_20%T vs SPP_30x_100%N', column 'NeuSomatic-S SEQC-WGS-Spike'",45.7,result
somatic-neusomatic-20261010-result-sahraeian2022-neusomatic-s-seqc-wgs-spike-titration-snv-spp-30x-5-t-spp-30x-100-n,somatic-neusomatic-20261010-source-sahraeian2022-additional-file-2,"Additional file 2 Table S3, SNVs section, row 'SPP_30x_5%T vs SPP_30x_100%N', column 'NeuSomatic-S SEQC-WGS-Spike'",5.7,result
somatic-neusomatic-20261010-result-sahraeian2022-neusomatic-s-seqc-wgs-spike-titration-snv-spp-30x-50-t-spp-30x-100-n,somatic-neusomatic-20261010-source-sahraeian2022-additional-file-2,"Additional file 2 Table S3, SNVs section, row 'SPP_30x_50%T vs SPP_30x_100%N', column 'NeuSomatic-S SEQC-WGS-Spike'",77.1,result
somatic-neusomatic-20261010-result-sahraeian2022-neusomatic-s-seqc-wgs-spike-titration-snv-spp-30x-75-t-spp-30x-100-n,somatic-neusomatic-20261010-source-sahraeian2022-additional-file-2,"Additional file 2 Table S3, SNVs section, row 'SPP_30x_75%T vs SPP_30x_100%N', column 'NeuSomatic-S SEQC-WGS-Spike'",84.8,result
somatic-neusomatic-20261010-result-sahraeian2022-neusomatic-s-seqc-wgs-spike-titration-snv-spp-50x-10-t-spp-50x-100-n,somatic-neusomatic-20261010-source-sahraeian2022-additional-file-2,"Additional file 2 Table S3, SNVs section, row 'SPP_50x_10%T vs SPP_50x_100%N', column 'NeuSomatic-S SEQC-WGS-Spike'",32.1,result
somatic-neusomatic-20261010-result-sahraeian2022-neusomatic-s-seqc-wgs-spike-titration-snv-spp-50x-100-t-spp-50x-100-n,somatic-neusomatic-20261010-source-sahraeian2022-additional-file-2,"Additional file 2 Table S3, SNVs section, row 'SPP_50x_100%T vs SPP_50x_100%N', column 'NeuSomatic-S SEQC-WGS-Spike'",91.2,result
somatic-neusomatic-20261010-result-sahraeian2022-neusomatic-s-seqc-wgs-spike-titration-snv-spp-50x-20-t-spp-50x-100-n,somatic-neusomatic-20261010-source-sahraeian2022-additional-file-2,"Additional file 2 Table S3, SNVs section, row 'SPP_50x_20%T vs SPP_50x_100%N', column 'NeuSomatic-S SEQC-WGS-Spike'",59.7,result
somatic-neusomatic-20261010-result-sahraeian2022-neusomatic-s-seqc-wgs-spike-titration-snv-spp-50x-5-t-spp-50x-100-n,somatic-neusomatic-20261010-source-sahraeian2022-additional-file-2,"Additional file 2 Table S3, SNVs section, row 'SPP_50x_5%T vs SPP_50x_100%N', column 'NeuSomatic-S SEQC-WGS-Spike'",11.0,result
somatic-neusomatic-20261010-result-sahraeian2022-neusomatic-s-seqc-wgs-spike-titration-snv-spp-50x-50-t-spp-50x-100-n,somatic-neusomatic-20261010-source-sahraeian2022-additional-file-2,"Additional file 2 Table S3, SNVs section, row 'SPP_50x_50%T vs SPP_50x_100%N', column 'NeuSomatic-S SEQC-WGS-Spike'",84.6,result
somatic-neusomatic-20261010-result-sahraeian2022-neusomatic-s-seqc-wgs-spike-titration-snv-spp-50x-75-t-spp-50x-100-n,somatic-neusomatic-20261010-source-sahraeian2022-additional-file-2,"Additional file 2 Table S3, SNVs section, row 'SPP_50x_75%T vs SPP_50x_100%N', column 'NeuSomatic-S SEQC-WGS-Spike'",90.4,result
somatic-neusomatic-20261010-result-sahraeian2022-neusomatic-s-seqc-wgs-spike-titration-snv-spp-80x-10-t-spp-80x-100-n,somatic-neusomatic-20261010-source-sahraeian2022-additional-file-2,"Additional file 2 Table S3, SNVs section, row 'SPP_80x_10%T vs SPP_80x_100%N', column 'NeuSomatic-S SEQC-WGS-Spike'",41.4,result
somatic-neusomatic-20261010-result-sahraeian2022-neusomatic-s-seqc-wgs-spike-titration-snv-spp-80x-10-t-spp-80x-95-n,somatic-neusomatic-20261010-source-sahraeian2022-additional-file-2,"Additional file 2 Table S3, SNVs section, row 'SPP_80x_10%T vs SPP_80x_95%N', column 'NeuSomatic-S SEQC-WGS-Spike'",23.8,result
somatic-neusomatic-20261010-result-sahraeian2022-neusomatic-s-seqc-wgs-spike-titration-snv-spp-80x-100-t-spp-80x-100-n,somatic-neusomatic-20261010-source-sahraeian2022-additional-file-2,"Additional file 2 Table S3, SNVs section, row 'SPP_80x_100%T vs SPP_80x_100%N', column 'NeuSomatic-S SEQC-WGS-Spike'",94.6,result
somatic-neusomatic-20261010-result-sahraeian2022-neusomatic-s-seqc-wgs-spike-titration-snv-spp-80x-100-t-spp-80x-95-n,somatic-neusomatic-20261010-source-sahraeian2022-additional-file-2,"Additional file 2 Table S3, SNVs section, row 'SPP_80x_100%T vs SPP_80x_95%N', column 'NeuSomatic-S SEQC-WGS-Spike'",93.5,result
somatic-neusomatic-20261010-result-sahraeian2022-neusomatic-s-seqc-wgs-spike-titration-snv-spp-80x-20-t-spp-80x-100-n,somatic-neusomatic-20261010-source-sahraeian2022-additional-file-2,"Additional file 2 Table S3, SNVs section, row 'SPP_80x_20%T vs SPP_80x_100%N', column 'NeuSomatic-S SEQC-WGS-Spike'",68.2,result
somatic-neusomatic-20261010-result-sahraeian2022-neusomatic-s-seqc-wgs-spike-titration-snv-spp-80x-20-t-spp-80x-95-n,somatic-neusomatic-20261010-source-sahraeian2022-additional-file-2,"Additional file 2 Table S3, SNVs section, row 'SPP_80x_20%T vs SPP_80x_95%N', column 'NeuSomatic-S SEQC-WGS-Spike'",55.1,result
somatic-neusomatic-20261010-result-sahraeian2022-neusomatic-s-seqc-wgs-spike-titration-snv-spp-80x-5-t-spp-80x-100-n,somatic-neusomatic-20261010-source-sahraeian2022-additional-file-2,"Additional file 2 Table S3, SNVs section, row 'SPP_80x_5%T vs SPP_80x_100%N', column 'NeuSomatic-S SEQC-WGS-Spike'",15.6,result
somatic-neusomatic-20261010-result-sahraeian2022-neusomatic-s-seqc-wgs-spike-titration-snv-spp-80x-50-t-spp-80x-100-n,somatic-neusomatic-20261010-source-sahraeian2022-additional-file-2,"Additional file 2 Table S3, SNVs section, row 'SPP_80x_50%T vs SPP_80x_100%N', column 'NeuSomatic-S SEQC-WGS-Spike'",89.4,result
somatic-neusomatic-20261010-result-sahraeian2022-neusomatic-s-seqc-wgs-spike-titration-snv-spp-80x-50-t-spp-80x-95-n,somatic-neusomatic-20261010-source-sahraeian2022-additional-file-2,"Additional file 2 Table S3, SNVs section, row 'SPP_80x_50%T vs SPP_80x_95%N', column 'NeuSomatic-S SEQC-WGS-Spike'",86.1,result
somatic-neusomatic-20261010-result-sahraeian2022-neusomatic-s-seqc-wgs-spike-titration-snv-spp-80x-75-t-spp-80x-100-n,somatic-neusomatic-20261010-source-sahraeian2022-additional-file-2,"Additional file 2 Table S3, SNVs section, row 'SPP_80x_75%T vs SPP_80x_100%N', column 'NeuSomatic-S SEQC-WGS-Spike'",93.2,result
somatic-neusomatic-20261010-result-sahraeian2022-neusomatic-s-seqc-wgs-spike-titration-snv-spp-80x-75-t-spp-80x-95-n,somatic-neusomatic-20261010-source-sahraeian2022-additional-file-2,"Additional file 2 Table S3, SNVs section, row 'SPP_80x_75%T vs SPP_80x_95%N', column 'NeuSomatic-S SEQC-WGS-Spike'",91.5,result
somatic-neusomatic-20261010-result-sahraeian2022-neusomatic-s-seqc-wgs-spike-wgs-indel-average,somatic-neusomatic-20261010-source-sahraeian2022-additional-file-2,"Additional file 2 Table S2, INDELs section, row 'Average', column 'NeuSomatic-S SEQC-WGS-Spike'",74.2,result
somatic-neusomatic-20261010-result-sahraeian2022-neusomatic-s-seqc-wgs-spike-wgs-indel-wgs-ea-t-1-wgs-ea-n-1,somatic-neusomatic-20261010-source-sahraeian2022-additional-file-2,"Additional file 2 Table S2, INDELs section, row 'WGS_EA_T_1 vs WGS_EA_N_1', column 'NeuSomatic-S SEQC-WGS-Spike'",76.2,result
somatic-neusomatic-20261010-result-sahraeian2022-neusomatic-s-seqc-wgs-spike-wgs-indel-wgs-fd-t-1-wgs-fd-n-1,somatic-neusomatic-20261010-source-sahraeian2022-additional-file-2,"Additional file 2 Table S2, INDELs section, row 'WGS_FD_T_1 vs WGS_FD_N_1', column 'NeuSomatic-S SEQC-WGS-Spike'",74.3,result
somatic-neusomatic-20261010-result-sahraeian2022-neusomatic-s-seqc-wgs-spike-wgs-indel-wgs-fd-t-2-wgs-fd-n-2,somatic-neusomatic-20261010-source-sahraeian2022-additional-file-2,"Additional file 2 Table S2, INDELs section, row 'WGS_FD_T_2 vs WGS_FD_N_2', column 'NeuSomatic-S SEQC-WGS-Spike'",74.4,result
somatic-neusomatic-20261010-result-sahraeian2022-neusomatic-s-seqc-wgs-spike-wgs-indel-wgs-fd-t-3-wgs-fd-n-3,somatic-neusomatic-20261010-source-sahraeian2022-additional-file-2,"Additional file 2 Table S2, INDELs section, row 'WGS_FD_T_3 vs WGS_FD_N_3', column 'NeuSomatic-S SEQC-WGS-Spike'",74.2,result
somatic-neusomatic-20261010-result-sahraeian2022-neusomatic-s-seqc-wgs-spike-wgs-indel-wgs-il-t-1-wgs-il-n-1,somatic-neusomatic-20261010-source-sahraeian2022-additional-file-2,"Additional file 2 Table S2, INDELs section, row 'WGS_IL_T_1 vs WGS_IL_N_1', column 'NeuSomatic-S SEQC-WGS-Spike'",77.6,result
somatic-neusomatic-20261010-result-sahraeian2022-neusomatic-s-seqc-wgs-spike-wgs-indel-wgs-il-t-2-wgs-il-n-2,somatic-neusomatic-20261010-source-sahraeian2022-additional-file-2,"Additional file 2 Table S2, INDELs section, row 'WGS_IL_T_2 vs WGS_IL_N_2', column 'NeuSomatic-S SEQC-WGS-Spike'",74.1,result
somatic-neusomatic-20261010-result-sahraeian2022-neusomatic-s-seqc-wgs-spike-wgs-indel-wgs-il-t-3-wgs-il-n-3,somatic-neusomatic-20261010-source-sahraeian2022-additional-file-2,"Additional file 2 Table S2, INDELs section, row 'WGS_IL_T_3 vs WGS_IL_N_3', column 'NeuSomatic-S SEQC-WGS-Spike'",72.3,result
somatic-neusomatic-20261010-result-sahraeian2022-neusomatic-s-seqc-wgs-spike-wgs-indel-wgs-ll-t-1-wgs-ll-n-1,somatic-neusomatic-20261010-source-sahraeian2022-additional-file-2,"Additional file 2 Table S2, INDELs section, row 'WGS_LL_T_1 vs WGS_LL_N_1', column 'NeuSomatic-S SEQC-WGS-Spike'",60.9,result
somatic-neusomatic-20261010-result-sahraeian2022-neusomatic-s-seqc-wgs-spike-wgs-indel-wgs-nc-t-1-wgs-nc-n-1,somatic-neusomatic-20261010-source-sahraeian2022-additional-file-2,"Additional file 2 Table S2, INDELs section, row 'WGS_NC_T_1 vs WGS_NC_N_1', column 'NeuSomatic-S SEQC-WGS-Spike'",72.1,result
somatic-neusomatic-20261010-result-sahraeian2022-neusomatic-s-seqc-wgs-spike-wgs-indel-wgs-ns-t-1-wgs-ns-n-1,somatic-neusomatic-20261010-source-sahraeian2022-additional-file-2,"Additional file 2 Table S2, INDELs section, row 'WGS_NS_T_1 vs WGS_NS_N_1', column 'NeuSomatic-S SEQC-WGS-Spike'",75.8,result
somatic-neusomatic-20261010-result-sahraeian2022-neusomatic-s-seqc-wgs-spike-wgs-indel-wgs-ns-t-2-wgs-ns-n-2,somatic-neusomatic-20261010-source-sahraeian2022-additional-file-2,"Additional file 2 Table S2, INDELs section, row 'WGS_NS_T_2 vs WGS_NS_N_2', column 'NeuSomatic-S SEQC-WGS-Spike'",71.1,result
somatic-neusomatic-20261010-result-sahraeian2022-neusomatic-s-seqc-wgs-spike-wgs-indel-wgs-ns-t-3-wgs-ns-n-3,somatic-neusomatic-20261010-source-sahraeian2022-additional-file-2,"Additional file 2 Table S2, INDELs section, row 'WGS_NS_T_3 vs WGS_NS_N_3', column 'NeuSomatic-S SEQC-WGS-Spike'",72.8,result
somatic-neusomatic-20261010-result-sahraeian2022-neusomatic-s-seqc-wgs-spike-wgs-indel-wgs-ns-t-4-wgs-ns-n-4,somatic-neusomatic-20261010-source-sahraeian2022-additional-file-2,"Additional file 2 Table S2, INDELs section, row 'WGS_NS_T_4 vs WGS_NS_N_4', column 'NeuSomatic-S SEQC-WGS-Spike'",75.0,result
somatic-neusomatic-20261010-result-sahraeian2022-neusomatic-s-seqc-wgs-spike-wgs-indel-wgs-ns-t-5-wgs-ns-n-5,somatic-neusomatic-20261010-source-sahraeian2022-additional-file-2,"Additional file 2 Table S2, INDELs section, row 'WGS_NS_T_5 vs WGS_NS_N_5', column 'NeuSomatic-S SEQC-WGS-Spike'",72.9,result
somatic-neusomatic-20261010-result-sahraeian2022-neusomatic-s-seqc-wgs-spike-wgs-indel-wgs-ns-t-6-wgs-ns-n-6,somatic-neusomatic-20261010-source-sahraeian2022-additional-file-2,"Additional file 2 Table S2, INDELs section, row 'WGS_NS_T_6 vs WGS_NS_N_6', column 'NeuSomatic-S SEQC-WGS-Spike'",76.9,result
somatic-neusomatic-20261010-result-sahraeian2022-neusomatic-s-seqc-wgs-spike-wgs-indel-wgs-ns-t-7-wgs-ns-n-7,somatic-neusomatic-20261010-source-sahraeian2022-additional-file-2,"Additional file 2 Table S2, INDELs section, row 'WGS_NS_T_7 vs WGS_NS_N_7', column 'NeuSomatic-S SEQC-WGS-Spike'",75.0,result
somatic-neusomatic-20261010-result-sahraeian2022-neusomatic-s-seqc-wgs-spike-wgs-indel-wgs-ns-t-8-wgs-ns-n-8,somatic-neusomatic-20261010-source-sahraeian2022-additional-file-2,"Additional file 2 Table S2, INDELs section, row 'WGS_NS_T_8 vs WGS_NS_N_8', column 'NeuSomatic-S SEQC-WGS-Spike'",70.7,result
somatic-neusomatic-20261010-result-sahraeian2022-neusomatic-s-seqc-wgs-spike-wgs-indel-wgs-ns-t-9-wgs-ns-n-9,somatic-neusomatic-20261010-source-sahraeian2022-additional-file-2,"Additional file 2 Table S2, INDELs section, row 'WGS_NS_T_9 vs WGS_NS_N_9', column 'NeuSomatic-S SEQC-WGS-Spike'",72.1,result
somatic-neusomatic-20261010-result-sahraeian2022-neusomatic-s-seqc-wgs-spike-wgs-indel-wgs-nv-t-1-wgs-nv-n-1,somatic-neusomatic-20261010-source-sahraeian2022-additional-file-2,"Additional file 2 Table S2, INDELs section, row 'WGS_NV_T_1 vs WGS_NV_N_1', column 'NeuSomatic-S SEQC-WGS-Spike'",79.7,result
somatic-neusomatic-20261010-result-sahraeian2022-neusomatic-s-seqc-wgs-spike-wgs-indel-wgs-nv-t-2-wgs-nv-n-2,somatic-neusomatic-20261010-source-sahraeian2022-additional-file-2,"Additional file 2 Table S2, INDELs section, row 'WGS_NV_T_2 vs WGS_NV_N_2', column 'NeuSomatic-S SEQC-WGS-Spike'",79.5,result
somatic-neusomatic-20261010-result-sahraeian2022-neusomatic-s-seqc-wgs-spike-wgs-indel-wgs-nv-t-3-wgs-nv-n-3,somatic-neusomatic-20261010-source-sahraeian2022-additional-file-2,"Additional file 2 Table S2, INDELs section, row 'WGS_NV_T_3 vs WGS_NV_N_3', column 'NeuSomatic-S SEQC-WGS-Spike'",79.6,result
somatic-neusomatic-20261010-result-sahraeian2022-neusomatic-s-seqc-wgs-spike-wgs-snv-average,somatic-neusomatic-20261010-source-sahraeian2022-additional-file-2,"Additional file 2 Table S2, SNVs section, row 'Average', column 'NeuSomatic-S SEQC-WGS-Spike'",88.7,result
somatic-neusomatic-20261010-result-sahraeian2022-neusomatic-s-seqc-wgs-spike-wgs-snv-wgs-ea-t-1-wgs-ea-n-1,somatic-neusomatic-20261010-source-sahraeian2022-additional-file-2,"Additional file 2 Table S2, SNVs section, row 'WGS_EA_T_1 vs WGS_EA_N_1', column 'NeuSomatic-S SEQC-WGS-Spike'",91.7,result
somatic-neusomatic-20261010-result-sahraeian2022-neusomatic-s-seqc-wgs-spike-wgs-snv-wgs-fd-t-1-wgs-fd-n-1,somatic-neusomatic-20261010-source-sahraeian2022-additional-file-2,"Additional file 2 Table S2, SNVs section, row 'WGS_FD_T_1 vs WGS_FD_N_1', column 'NeuSomatic-S SEQC-WGS-Spike'",87.7,result
somatic-neusomatic-20261010-result-sahraeian2022-neusomatic-s-seqc-wgs-spike-wgs-snv-wgs-fd-t-2-wgs-fd-n-2,somatic-neusomatic-20261010-source-sahraeian2022-additional-file-2,"Additional file 2 Table S2, SNVs section, row 'WGS_FD_T_2 vs WGS_FD_N_2', column 'NeuSomatic-S SEQC-WGS-Spike'",88.5,result
somatic-neusomatic-20261010-result-sahraeian2022-neusomatic-s-seqc-wgs-spike-wgs-snv-wgs-fd-t-3-wgs-fd-n-3,somatic-neusomatic-20261010-source-sahraeian2022-additional-file-2,"Additional file 2 Table S2, SNVs section, row 'WGS_FD_T_3 vs WGS_FD_N_3', column 'NeuSomatic-S SEQC-WGS-Spike'",88.5,result
somatic-neusomatic-20261010-result-sahraeian2022-neusomatic-s-seqc-wgs-spike-wgs-snv-wgs-il-t-1-wgs-il-n-1,somatic-neusomatic-20261010-source-sahraeian2022-additional-file-2,"Additional file 2 Table S2, SNVs section, row 'WGS_IL_T_1 vs WGS_IL_N_1', column 'NeuSomatic-S SEQC-WGS-Spike'",91.2,result
somatic-neusomatic-20261010-result-sahraeian2022-neusomatic-s-seqc-wgs-spike-wgs-snv-wgs-il-t-2-wgs-il-n-2,somatic-neusomatic-20261010-source-sahraeian2022-additional-file-2,"Additional file 2 Table S2, SNVs section, row 'WGS_IL_T_2 vs WGS_IL_N_2', column 'NeuSomatic-S SEQC-WGS-Spike'",89.3,result
somatic-neusomatic-20261010-result-sahraeian2022-neusomatic-s-seqc-wgs-spike-wgs-snv-wgs-il-t-3-wgs-il-n-3,somatic-neusomatic-20261010-source-sahraeian2022-additional-file-2,"Additional file 2 Table S2, SNVs section, row 'WGS_IL_T_3 vs WGS_IL_N_3', column 'NeuSomatic-S SEQC-WGS-Spike'",88.7,result
somatic-neusomatic-20261010-result-sahraeian2022-neusomatic-s-seqc-wgs-spike-wgs-snv-wgs-ll-t-1-wgs-ll-n-1,somatic-neusomatic-20261010-source-sahraeian2022-additional-file-2,"Additional file 2 Table S2, SNVs section, row 'WGS_LL_T_1 vs WGS_LL_N_1', column 'NeuSomatic-S SEQC-WGS-Spike'",76.8,result
somatic-neusomatic-20261010-result-sahraeian2022-neusomatic-s-seqc-wgs-spike-wgs-snv-wgs-nc-t-1-wgs-nc-n-1,somatic-neusomatic-20261010-source-sahraeian2022-additional-file-2,"Additional file 2 Table S2, SNVs section, row 'WGS_NC_T_1 vs WGS_NC_N_1', column 'NeuSomatic-S SEQC-WGS-Spike'",87.1,result
somatic-neusomatic-20261010-result-sahraeian2022-neusomatic-s-seqc-wgs-spike-wgs-snv-wgs-ns-t-1-wgs-ns-n-1,somatic-neusomatic-20261010-source-sahraeian2022-additional-file-2,"Additional file 2 Table S2, SNVs section, row 'WGS_NS_T_1 vs WGS_NS_N_1', column 'NeuSomatic-S SEQC-WGS-Spike'",89.9,result
somatic-neusomatic-20261010-result-sahraeian2022-neusomatic-s-seqc-wgs-spike-wgs-snv-wgs-ns-t-2-wgs-ns-n-2,somatic-neusomatic-20261010-source-sahraeian2022-additional-file-2,"Additional file 2 Table S2, SNVs section, row 'WGS_NS_T_2 vs WGS_NS_N_2', column 'NeuSomatic-S SEQC-WGS-Spike'",85.1,result
somatic-neusomatic-20261010-result-sahraeian2022-neusomatic-s-seqc-wgs-spike-wgs-snv-wgs-ns-t-3-wgs-ns-n-3,somatic-neusomatic-20261010-source-sahraeian2022-additional-file-2,"Additional file 2 Table S2, SNVs section, row 'WGS_NS_T_3 vs WGS_NS_N_3', column 'NeuSomatic-S SEQC-WGS-Spike'",87.1,result
somatic-neusomatic-20261010-result-sahraeian2022-neusomatic-s-seqc-wgs-spike-wgs-snv-wgs-ns-t-4-wgs-ns-n-4,somatic-neusomatic-20261010-source-sahraeian2022-additional-file-2,"Additional file 2 Table S2, SNVs section, row 'WGS_NS_T_4 vs WGS_NS_N_4', column 'NeuSomatic-S SEQC-WGS-Spike'",89.6,result
somatic-neusomatic-20261010-result-sahraeian2022-neusomatic-s-seqc-wgs-spike-wgs-snv-wgs-ns-t-5-wgs-ns-n-5,somatic-neusomatic-20261010-source-sahraeian2022-additional-file-2,"Additional file 2 Table S2, SNVs section, row 'WGS_NS_T_5 vs WGS_NS_N_5', column 'NeuSomatic-S SEQC-WGS-Spike'",86.9,result
somatic-neusomatic-20261010-result-sahraeian2022-neusomatic-s-seqc-wgs-spike-wgs-snv-wgs-ns-t-6-wgs-ns-n-6,somatic-neusomatic-20261010-source-sahraeian2022-additional-file-2,"Additional file 2 Table S2, SNVs section, row 'WGS_NS_T_6 vs WGS_NS_N_6', column 'NeuSomatic-S SEQC-WGS-Spike'",90.5,result
somatic-neusomatic-20261010-result-sahraeian2022-neusomatic-s-seqc-wgs-spike-wgs-snv-wgs-ns-t-7-wgs-ns-n-7,somatic-neusomatic-20261010-source-sahraeian2022-additional-file-2,"Additional file 2 Table S2, SNVs section, row 'WGS_NS_T_7 vs WGS_NS_N_7', column 'NeuSomatic-S SEQC-WGS-Spike'",89.3,result
somatic-neusomatic-20261010-result-sahraeian2022-neusomatic-s-seqc-wgs-spike-wgs-snv-wgs-ns-t-8-wgs-ns-n-8,somatic-neusomatic-20261010-source-sahraeian2022-additional-file-2,"Additional file 2 Table S2, SNVs section, row 'WGS_NS_T_8 vs WGS_NS_N_8', column 'NeuSomatic-S SEQC-WGS-Spike'",84.6,result
somatic-neusomatic-20261010-result-sahraeian2022-neusomatic-s-seqc-wgs-spike-wgs-snv-wgs-ns-t-9-wgs-ns-n-9,somatic-neusomatic-20261010-source-sahraeian2022-additional-file-2,"Additional file 2 Table S2, SNVs section, row 'WGS_NS_T_9 vs WGS_NS_N_9', column 'NeuSomatic-S SEQC-WGS-Spike'",86.0,result
somatic-neusomatic-20261010-result-sahraeian2022-neusomatic-s-seqc-wgs-spike-wgs-snv-wgs-nv-t-1-wgs-nv-n-1,somatic-neusomatic-20261010-source-sahraeian2022-additional-file-2,"Additional file 2 Table S2, SNVs section, row 'WGS_NV_T_1 vs WGS_NV_N_1', column 'NeuSomatic-S SEQC-WGS-Spike'",94.5,result
somatic-neusomatic-20261010-result-sahraeian2022-neusomatic-s-seqc-wgs-spike-wgs-snv-wgs-nv-t-2-wgs-nv-n-2,somatic-neusomatic-20261010-source-sahraeian2022-additional-file-2,"Additional file 2 Table S2, SNVs section, row 'WGS_NV_T_2 vs WGS_NV_N_2', column 'NeuSomatic-S SEQC-WGS-Spike'",94.4,result
somatic-neusomatic-20261010-result-sahraeian2022-neusomatic-s-seqc-wgs-spike-wgs-snv-wgs-nv-t-3-wgs-nv-n-3,somatic-neusomatic-20261010-source-sahraeian2022-additional-file-2,"Additional file 2 Table S2, SNVs section, row 'WGS_NV_T_3 vs WGS_NV_N_3', column 'NeuSomatic-S SEQC-WGS-Spike'",94.5,result
somatic-neusomatic-20261010-result-sahraeian2022-neusomatic-seqc-wgs-gt-50-library-prep-indel-average,somatic-neusomatic-20261010-source-sahraeian2022-additional-file-2,"Additional file 2 Table S4, INDELs section, row 'Average', column 'NeuSomatic SEQC-WGS-GT-50'",67.4,result
somatic-neusomatic-20261010-result-sahraeian2022-neusomatic-seqc-wgs-gt-50-library-prep-indel-lbp-nextera-t-100ng-lbp-nextera-n-100ng,somatic-neusomatic-20261010-source-sahraeian2022-additional-file-2,"Additional file 2 Table S4, INDELs section, row 'LBP_Nextera_T_100ng vs LBP_Nextera_N_100ng', column 'NeuSomatic SEQC-WGS-GT-50'",82.4,result
somatic-neusomatic-20261010-result-sahraeian2022-neusomatic-seqc-wgs-gt-50-library-prep-indel-lbp-nextera-t-10ng-lbp-nextera-n-10ng,somatic-neusomatic-20261010-source-sahraeian2022-additional-file-2,"Additional file 2 Table S4, INDELs section, row 'LBP_Nextera_T_10ng vs LBP_Nextera_N_10ng', column 'NeuSomatic SEQC-WGS-GT-50'",73.7,result
somatic-neusomatic-20261010-result-sahraeian2022-neusomatic-seqc-wgs-gt-50-library-prep-indel-lbp-nextera-t-1ng-lbp-nextera-n-1ng,somatic-neusomatic-20261010-source-sahraeian2022-additional-file-2,"Additional file 2 Table S4, INDELs section, row 'LBP_Nextera_T_1ng vs LBP_Nextera_N_1ng', column 'NeuSomatic SEQC-WGS-GT-50'",69.2,result
somatic-neusomatic-20261010-result-sahraeian2022-neusomatic-seqc-wgs-gt-50-library-prep-indel-lbp-truseq-t-100ng-lbp-truseq-n-100ng,somatic-neusomatic-20261010-source-sahraeian2022-additional-file-2,"Additional file 2 Table S4, INDELs section, row 'LBP_TruSeq_T_100ng vs LBP_TruSeq_N_100ng', column 'NeuSomatic SEQC-WGS-GT-50'",79.0,result
somatic-neusomatic-20261010-result-sahraeian2022-neusomatic-seqc-wgs-gt-50-library-prep-indel-lbp-truseq-t-10ng-lbp-truseq-n-10ng,somatic-neusomatic-20261010-source-sahraeian2022-additional-file-2,"Additional file 2 Table S4, INDELs section, row 'LBP_TruSeq_T_10ng vs LBP_TruSeq_N_10ng', column 'NeuSomatic SEQC-WGS-GT-50'",74.2,result
somatic-neusomatic-20261010-result-sahraeian2022-neusomatic-seqc-wgs-gt-50-library-prep-indel-lbp-truseq-t-1ng-lbp-truseq-n-1ng,somatic-neusomatic-20261010-source-sahraeian2022-additional-file-2,"Additional file 2 Table S4, INDELs section, row 'LBP_TruSeq_T_1ng vs LBP_TruSeq_N_1ng', column 'NeuSomatic SEQC-WGS-GT-50'",25.8,result
somatic-neusomatic-20261010-result-sahraeian2022-neusomatic-seqc-wgs-gt-50-library-prep-snv-average,somatic-neusomatic-20261010-source-sahraeian2022-additional-file-2,"Additional file 2 Table S4, SNVs section, row 'Average', column 'NeuSomatic SEQC-WGS-GT-50'",85.8,result
somatic-neusomatic-20261010-result-sahraeian2022-neusomatic-seqc-wgs-gt-50-library-prep-snv-lbp-nextera-t-100ng-lbp-nextera-n-100ng,somatic-neusomatic-20261010-source-sahraeian2022-additional-file-2,"Additional file 2 Table S4, SNVs section, row 'LBP_Nextera_T_100ng vs LBP_Nextera_N_100ng', column 'NeuSomatic SEQC-WGS-GT-50'",95.3,result
somatic-neusomatic-20261010-result-sahraeian2022-neusomatic-seqc-wgs-gt-50-library-prep-snv-lbp-nextera-t-10ng-lbp-nextera-n-10ng,somatic-neusomatic-20261010-source-sahraeian2022-additional-file-2,"Additional file 2 Table S4, SNVs section, row 'LBP_Nextera_T_10ng vs LBP_Nextera_N_10ng', column 'NeuSomatic SEQC-WGS-GT-50'",95.5,result
somatic-neusomatic-20261010-result-sahraeian2022-neusomatic-seqc-wgs-gt-50-library-prep-snv-lbp-nextera-t-1ng-lbp-nextera-n-1ng,somatic-neusomatic-20261010-source-sahraeian2022-additional-file-2,"Additional file 2 Table S4, SNVs section, row 'LBP_Nextera_T_1ng vs LBP_Nextera_N_1ng', column 'NeuSomatic SEQC-WGS-GT-50'",92.3,result
somatic-neusomatic-20261010-result-sahraeian2022-neusomatic-seqc-wgs-gt-50-library-prep-snv-lbp-truseq-t-100ng-lbp-truseq-n-100ng,somatic-neusomatic-20261010-source-sahraeian2022-additional-file-2,"Additional file 2 Table S4, SNVs section, row 'LBP_TruSeq_T_100ng vs LBP_TruSeq_N_100ng', column 'NeuSomatic SEQC-WGS-GT-50'",93.1,result
somatic-neusomatic-20261010-result-sahraeian2022-neusomatic-seqc-wgs-gt-50-library-prep-snv-lbp-truseq-t-10ng-lbp-truseq-n-10ng,somatic-neusomatic-20261010-source-sahraeian2022-additional-file-2,"Additional file 2 Table S4, SNVs section, row 'LBP_TruSeq_T_10ng vs LBP_TruSeq_N_10ng', column 'NeuSomatic SEQC-WGS-GT-50'",88.3,result
somatic-neusomatic-20261010-result-sahraeian2022-neusomatic-seqc-wgs-gt-50-library-prep-snv-lbp-truseq-t-1ng-lbp-truseq-n-1ng,somatic-neusomatic-20261010-source-sahraeian2022-additional-file-2,"Additional file 2 Table S4, SNVs section, row 'LBP_TruSeq_T_1ng vs LBP_TruSeq_N_1ng', column 'NeuSomatic SEQC-WGS-GT-50'",50.2,result
somatic-neusomatic-20261010-result-sahraeian2022-neusomatic-seqc-wgs-gt-50-titration-indel-average,somatic-neusomatic-20261010-source-sahraeian2022-additional-file-2,"Additional file 2 Table S3, INDELs section, row 'Average', column 'NeuSomatic SEQC-WGS-GT-50'",57.7,result
somatic-neusomatic-20261010-result-sahraeian2022-neusomatic-seqc-wgs-gt-50-titration-indel-spp-100x-10-t-spp-100x-100-n,somatic-neusomatic-20261010-source-sahraeian2022-additional-file-2,"Additional file 2 Table S3, INDELs section, row 'SPP_100x_10%T vs SPP_100x_100%N', column 'NeuSomatic SEQC-WGS-GT-50'",45.7,result
somatic-neusomatic-20261010-result-sahraeian2022-neusomatic-seqc-wgs-gt-50-titration-indel-spp-100x-100-t-spp-100x-100-n,somatic-neusomatic-20261010-source-sahraeian2022-additional-file-2,"Additional file 2 Table S3, INDELs section, row 'SPP_100x_100%T vs SPP_100x_100%N', column 'NeuSomatic SEQC-WGS-GT-50'",87.3,result
somatic-neusomatic-20261010-result-sahraeian2022-neusomatic-seqc-wgs-gt-50-titration-indel-spp-100x-20-t-spp-100x-100-n,somatic-neusomatic-20261010-source-sahraeian2022-additional-file-2,"Additional file 2 Table S3, INDELs section, row 'SPP_100x_20%T vs SPP_100x_100%N', column 'NeuSomatic SEQC-WGS-GT-50'",72.3,result
somatic-neusomatic-20261010-result-sahraeian2022-neusomatic-seqc-wgs-gt-50-titration-indel-spp-100x-5-t-spp-100x-100-n,somatic-neusomatic-20261010-source-sahraeian2022-additional-file-2,"Additional file 2 Table S3, INDELs section, row 'SPP_100x_5%T vs SPP_100x_100%N', column 'NeuSomatic SEQC-WGS-GT-50'",20.4,result
somatic-neusomatic-20261010-result-sahraeian2022-neusomatic-seqc-wgs-gt-50-titration-indel-spp-100x-50-t-spp-100x-100-n,somatic-neusomatic-20261010-source-sahraeian2022-additional-file-2,"Additional file 2 Table S3, INDELs section, row 'SPP_100x_50%T vs SPP_100x_100%N', column 'NeuSomatic SEQC-WGS-GT-50'",85.1,result
somatic-neusomatic-20261010-result-sahraeian2022-neusomatic-seqc-wgs-gt-50-titration-indel-spp-100x-75-t-spp-100x-100-n,somatic-neusomatic-20261010-source-sahraeian2022-additional-file-2,"Additional file 2 Table S3, INDELs section, row 'SPP_100x_75%T vs SPP_100x_100%N', column 'NeuSomatic SEQC-WGS-GT-50'",88.0,result
somatic-neusomatic-20261010-result-sahraeian2022-neusomatic-seqc-wgs-gt-50-titration-indel-spp-10x-10-t-spp-10x-100-n,somatic-neusomatic-20261010-source-sahraeian2022-additional-file-2,"Additional file 2 Table S3, INDELs section, row 'SPP_10x_10%T vs SPP_10x_100%N', column 'NeuSomatic SEQC-WGS-GT-50'",0.9,result
somatic-neusomatic-20261010-result-sahraeian2022-neusomatic-seqc-wgs-gt-50-titration-indel-spp-10x-100-t-spp-10x-100-n,somatic-neusomatic-20261010-source-sahraeian2022-additional-file-2,"Additional file 2 Table S3, INDELs section, row 'SPP_10x_100%T vs SPP_10x_100%N', column 'NeuSomatic SEQC-WGS-GT-50'",47.0,result
somatic-neusomatic-20261010-result-sahraeian2022-neusomatic-seqc-wgs-gt-50-titration-indel-spp-10x-20-t-spp-10x-100-n,somatic-neusomatic-20261010-source-sahraeian2022-additional-file-2,"Additional file 2 Table S3, INDELs section, row 'SPP_10x_20%T vs SPP_10x_100%N', column 'NeuSomatic SEQC-WGS-GT-50'",5.4,result
somatic-neusomatic-20261010-result-sahraeian2022-neusomatic-seqc-wgs-gt-50-titration-indel-spp-10x-5-t-spp-10x-100-n,somatic-neusomatic-20261010-source-sahraeian2022-additional-file-2,"Additional file 2 Table S3, INDELs section, row 'SPP_10x_5%T vs SPP_10x_100%N', column 'NeuSomatic SEQC-WGS-GT-50'",0.1,result
somatic-neusomatic-20261010-result-sahraeian2022-neusomatic-seqc-wgs-gt-50-titration-indel-spp-10x-50-t-spp-10x-100-n,somatic-neusomatic-20261010-source-sahraeian2022-additional-file-2,"Additional file 2 Table S3, INDELs section, row 'SPP_10x_50%T vs SPP_10x_100%N', column 'NeuSomatic SEQC-WGS-GT-50'",27.7,result
somatic-neusomatic-20261010-result-sahraeian2022-neusomatic-seqc-wgs-gt-50-titration-indel-spp-10x-75-t-spp-10x-100-n,somatic-neusomatic-20261010-source-sahraeian2022-additional-file-2,"Additional file 2 Table S3, INDELs section, row 'SPP_10x_75%T vs SPP_10x_100%N', column 'NeuSomatic SEQC-WGS-GT-50'",41.3,result
somatic-neusomatic-20261010-result-sahraeian2022-neusomatic-seqc-wgs-gt-50-titration-indel-spp-200x-10-t-spp-200x-100-n,somatic-neusomatic-20261010-source-sahraeian2022-additional-file-2,"Additional file 2 Table S3, INDELs section, row 'SPP_200x_10%T vs SPP_200x_100%N', column 'NeuSomatic SEQC-WGS-GT-50'",54.6,result
somatic-neusomatic-20261010-result-sahraeian2022-neusomatic-seqc-wgs-gt-50-titration-indel-spp-200x-100-t-spp-200x-100-n,somatic-neusomatic-20261010-source-sahraeian2022-additional-file-2,"Additional file 2 Table S3, INDELs section, row 'SPP_200x_100%T vs SPP_200x_100%N', column 'NeuSomatic SEQC-WGS-GT-50'",87.5,result
somatic-neusomatic-20261010-result-sahraeian2022-neusomatic-seqc-wgs-gt-50-titration-indel-spp-200x-20-t-spp-200x-100-n,somatic-neusomatic-20261010-source-sahraeian2022-additional-file-2,"Additional file 2 Table S3, INDELs section, row 'SPP_200x_20%T vs SPP_200x_100%N', column 'NeuSomatic SEQC-WGS-GT-50'",75.1,result
somatic-neusomatic-20261010-result-sahraeian2022-neusomatic-seqc-wgs-gt-50-titration-indel-spp-200x-5-t-spp-200x-100-n,somatic-neusomatic-20261010-source-sahraeian2022-additional-file-2,"Additional file 2 Table S3, INDELs section, row 'SPP_200x_5%T vs SPP_200x_100%N', column 'NeuSomatic SEQC-WGS-GT-50'",28.3,result
somatic-neusomatic-20261010-result-sahraeian2022-neusomatic-seqc-wgs-gt-50-titration-indel-spp-200x-50-t-spp-200x-100-n,somatic-neusomatic-20261010-source-sahraeian2022-additional-file-2,"Additional file 2 Table S3, INDELs section, row 'SPP_200x_50%T vs SPP_200x_100%N', column 'NeuSomatic SEQC-WGS-GT-50'",86.7,result
somatic-neusomatic-20261010-result-sahraeian2022-neusomatic-seqc-wgs-gt-50-titration-indel-spp-200x-75-t-spp-200x-100-n,somatic-neusomatic-20261010-source-sahraeian2022-additional-file-2,"Additional file 2 Table S3, INDELs section, row 'SPP_200x_75%T vs SPP_200x_100%N', column 'NeuSomatic SEQC-WGS-GT-50'",88.4,result
somatic-neusomatic-20261010-result-sahraeian2022-neusomatic-seqc-wgs-gt-50-titration-indel-spp-300x-10-t-spp-300x-100-n,somatic-neusomatic-20261010-source-sahraeian2022-additional-file-2,"Additional file 2 Table S3, INDELs section, row 'SPP_300x_10%T vs SPP_300x_100%N', column 'NeuSomatic SEQC-WGS-GT-50'",62.8,result
somatic-neusomatic-20261010-result-sahraeian2022-neusomatic-seqc-wgs-gt-50-titration-indel-spp-300x-100-t-spp-300x-100-n,somatic-neusomatic-20261010-source-sahraeian2022-additional-file-2,"Additional file 2 Table S3, INDELs section, row 'SPP_300x_100%T vs SPP_300x_100%N', column 'NeuSomatic SEQC-WGS-GT-50'",87.6,result
somatic-neusomatic-20261010-result-sahraeian2022-neusomatic-seqc-wgs-gt-50-titration-indel-spp-300x-20-t-spp-300x-100-n,somatic-neusomatic-20261010-source-sahraeian2022-additional-file-2,"Additional file 2 Table S3, INDELs section, row 'SPP_300x_20%T vs SPP_300x_100%N', column 'NeuSomatic SEQC-WGS-GT-50'",78.9,result
somatic-neusomatic-20261010-result-sahraeian2022-neusomatic-seqc-wgs-gt-50-titration-indel-spp-300x-5-t-spp-300x-100-n,somatic-neusomatic-20261010-source-sahraeian2022-additional-file-2,"Additional file 2 Table S3, INDELs section, row 'SPP_300x_5%T vs SPP_300x_100%N', column 'NeuSomatic SEQC-WGS-GT-50'",38.3,result
somatic-neusomatic-20261010-result-sahraeian2022-neusomatic-seqc-wgs-gt-50-titration-indel-spp-300x-50-t-spp-300x-100-n,somatic-neusomatic-20261010-source-sahraeian2022-additional-file-2,"Additional file 2 Table S3, INDELs section, row 'SPP_300x_50%T vs SPP_300x_100%N', column 'NeuSomatic SEQC-WGS-GT-50'",87.0,result
somatic-neusomatic-20261010-result-sahraeian2022-neusomatic-seqc-wgs-gt-50-titration-indel-spp-300x-75-t-spp-300x-100-n,somatic-neusomatic-20261010-source-sahraeian2022-additional-file-2,"Additional file 2 Table S3, INDELs section, row 'SPP_300x_75%T vs SPP_300x_100%N', column 'NeuSomatic SEQC-WGS-GT-50'",88.8,result
somatic-neusomatic-20261010-result-sahraeian2022-neusomatic-seqc-wgs-gt-50-titration-indel-spp-30x-10-t-spp-30x-100-n,somatic-neusomatic-20261010-source-sahraeian2022-additional-file-2,"Additional file 2 Table S3, INDELs section, row 'SPP_30x_10%T vs SPP_30x_100%N', column 'NeuSomatic SEQC-WGS-GT-50'",12.8,result
somatic-neusomatic-20261010-result-sahraeian2022-neusomatic-seqc-wgs-gt-50-titration-indel-spp-30x-100-t-spp-30x-100-n,somatic-neusomatic-20261010-source-sahraeian2022-additional-file-2,"Additional file 2 Table S3, INDELs section, row 'SPP_30x_100%T vs SPP_30x_100%N', column 'NeuSomatic SEQC-WGS-GT-50'",81.0,result
somatic-neusomatic-20261010-result-sahraeian2022-neusomatic-seqc-wgs-gt-50-titration-indel-spp-30x-20-t-spp-30x-100-n,somatic-neusomatic-20261010-source-sahraeian2022-additional-file-2,"Additional file 2 Table S3, INDELs section, row 'SPP_30x_20%T vs SPP_30x_100%N', column 'NeuSomatic SEQC-WGS-GT-50'",40.3,result
somatic-neusomatic-20261010-result-sahraeian2022-neusomatic-seqc-wgs-gt-50-titration-indel-spp-30x-5-t-spp-30x-100-n,somatic-neusomatic-20261010-source-sahraeian2022-additional-file-2,"Additional file 2 Table S3, INDELs section, row 'SPP_30x_5%T vs SPP_30x_100%N', column 'NeuSomatic SEQC-WGS-GT-50'",4.7,result
somatic-neusomatic-20261010-result-sahraeian2022-neusomatic-seqc-wgs-gt-50-titration-indel-spp-30x-50-t-spp-30x-100-n,somatic-neusomatic-20261010-source-sahraeian2022-additional-file-2,"Additional file 2 Table S3, INDELs section, row 'SPP_30x_50%T vs SPP_30x_100%N', column 'NeuSomatic SEQC-WGS-GT-50'",70.1,result
somatic-neusomatic-20261010-result-sahraeian2022-neusomatic-seqc-wgs-gt-50-titration-indel-spp-30x-75-t-spp-30x-100-n,somatic-neusomatic-20261010-source-sahraeian2022-additional-file-2,"Additional file 2 Table S3, INDELs section, row 'SPP_30x_75%T vs SPP_30x_100%N', column 'NeuSomatic SEQC-WGS-GT-50'",80.0,result
somatic-neusomatic-20261010-result-sahraeian2022-neusomatic-seqc-wgs-gt-50-titration-indel-spp-50x-10-t-spp-50x-100-n,somatic-neusomatic-20261010-source-sahraeian2022-additional-file-2,"Additional file 2 Table S3, INDELs section, row 'SPP_50x_10%T vs SPP_50x_100%N', column 'NeuSomatic SEQC-WGS-GT-50'",28.8,result
somatic-neusomatic-20261010-result-sahraeian2022-neusomatic-seqc-wgs-gt-50-titration-indel-spp-50x-100-t-spp-50x-100-n,somatic-neusomatic-20261010-source-sahraeian2022-additional-file-2,"Additional file 2 Table S3, INDELs section, row 'SPP_50x_100%T vs SPP_50x_100%N', column 'NeuSomatic SEQC-WGS-GT-50'",85.4,result
somatic-neusomatic-20261010-result-sahraeian2022-neusomatic-seqc-wgs-gt-50-titration-indel-spp-50x-20-t-spp-50x-100-n,somatic-neusomatic-20261010-source-sahraeian2022-additional-file-2,"Additional file 2 Table S3, INDELs section, row 'SPP_50x_20%T vs SPP_50x_100%N', column 'NeuSomatic SEQC-WGS-GT-50'",57.4,result
somatic-neusomatic-20261010-result-sahraeian2022-neusomatic-seqc-wgs-gt-50-titration-indel-spp-50x-5-t-spp-50x-100-n,somatic-neusomatic-20261010-source-sahraeian2022-additional-file-2,"Additional file 2 Table S3, INDELs section, row 'SPP_50x_5%T vs SPP_50x_100%N', column 'NeuSomatic SEQC-WGS-GT-50'",11.5,result
somatic-neusomatic-20261010-result-sahraeian2022-neusomatic-seqc-wgs-gt-50-titration-indel-spp-50x-50-t-spp-50x-100-n,somatic-neusomatic-20261010-source-sahraeian2022-additional-file-2,"Additional file 2 Table S3, INDELs section, row 'SPP_50x_50%T vs SPP_50x_100%N', column 'NeuSomatic SEQC-WGS-GT-50'",80.7,result
somatic-neusomatic-20261010-result-sahraeian2022-neusomatic-seqc-wgs-gt-50-titration-indel-spp-50x-75-t-spp-50x-100-n,somatic-neusomatic-20261010-source-sahraeian2022-additional-file-2,"Additional file 2 Table S3, INDELs section, row 'SPP_50x_75%T vs SPP_50x_100%N', column 'NeuSomatic SEQC-WGS-GT-50'",85.1,result
somatic-neusomatic-20261010-result-sahraeian2022-neusomatic-seqc-wgs-gt-50-titration-indel-spp-80x-10-t-spp-80x-100-n,somatic-neusomatic-20261010-source-sahraeian2022-additional-file-2,"Additional file 2 Table S3, INDELs section, row 'SPP_80x_10%T vs SPP_80x_100%N', column 'NeuSomatic SEQC-WGS-GT-50'",41.7,result
somatic-neusomatic-20261010-result-sahraeian2022-neusomatic-seqc-wgs-gt-50-titration-indel-spp-80x-10-t-spp-80x-95-n,somatic-neusomatic-20261010-source-sahraeian2022-additional-file-2,"Additional file 2 Table S3, INDELs section, row 'SPP_80x_10%T vs SPP_80x_95%N', column 'NeuSomatic SEQC-WGS-GT-50'",15.3,result
somatic-neusomatic-20261010-result-sahraeian2022-neusomatic-seqc-wgs-gt-50-titration-indel-spp-80x-100-t-spp-80x-100-n,somatic-neusomatic-20261010-source-sahraeian2022-additional-file-2,"Additional file 2 Table S3, INDELs section, row 'SPP_80x_100%T vs SPP_80x_100%N', column 'NeuSomatic SEQC-WGS-GT-50'",87.6,result
somatic-neusomatic-20261010-result-sahraeian2022-neusomatic-seqc-wgs-gt-50-titration-indel-spp-80x-100-t-spp-80x-95-n,somatic-neusomatic-20261010-source-sahraeian2022-additional-file-2,"Additional file 2 Table S3, INDELs section, row 'SPP_80x_100%T vs SPP_80x_95%N', column 'NeuSomatic SEQC-WGS-GT-50'",83.4,result
somatic-neusomatic-20261010-result-sahraeian2022-neusomatic-seqc-wgs-gt-50-titration-indel-spp-80x-20-t-spp-80x-100-n,somatic-neusomatic-20261010-source-sahraeian2022-additional-file-2,"Additional file 2 Table S3, INDELs section, row 'SPP_80x_20%T vs SPP_80x_100%N', column 'NeuSomatic SEQC-WGS-GT-50'",67.3,result
somatic-neusomatic-20261010-result-sahraeian2022-neusomatic-seqc-wgs-gt-50-titration-indel-spp-80x-20-t-spp-80x-95-n,somatic-neusomatic-20261010-source-sahraeian2022-additional-file-2,"Additional file 2 Table S3, INDELs section, row 'SPP_80x_20%T vs SPP_80x_95%N', column 'NeuSomatic SEQC-WGS-GT-50'",44.7,result
somatic-neusomatic-20261010-result-sahraeian2022-neusomatic-seqc-wgs-gt-50-titration-indel-spp-80x-5-t-spp-80x-100-n,somatic-neusomatic-20261010-source-sahraeian2022-additional-file-2,"Additional file 2 Table S3, INDELs section, row 'SPP_80x_5%T vs SPP_80x_100%N', column 'NeuSomatic SEQC-WGS-GT-50'",17.3,result
somatic-neusomatic-20261010-result-sahraeian2022-neusomatic-seqc-wgs-gt-50-titration-indel-spp-80x-50-t-spp-80x-100-n,somatic-neusomatic-20261010-source-sahraeian2022-additional-file-2,"Additional file 2 Table S3, INDELs section, row 'SPP_80x_50%T vs SPP_80x_100%N', column 'NeuSomatic SEQC-WGS-GT-50'",84.4,result
somatic-neusomatic-20261010-result-sahraeian2022-neusomatic-seqc-wgs-gt-50-titration-indel-spp-80x-50-t-spp-80x-95-n,somatic-neusomatic-20261010-source-sahraeian2022-additional-file-2,"Additional file 2 Table S3, INDELs section, row 'SPP_80x_50%T vs SPP_80x_95%N', column 'NeuSomatic SEQC-WGS-GT-50'",75.9,result
somatic-neusomatic-20261010-result-sahraeian2022-neusomatic-seqc-wgs-gt-50-titration-indel-spp-80x-75-t-spp-80x-100-n,somatic-neusomatic-20261010-source-sahraeian2022-additional-file-2,"Additional file 2 Table S3, INDELs section, row 'SPP_80x_75%T vs SPP_80x_100%N', column 'NeuSomatic SEQC-WGS-GT-50'",87.9,result
somatic-neusomatic-20261010-result-sahraeian2022-neusomatic-seqc-wgs-gt-50-titration-indel-spp-80x-75-t-spp-80x-95-n,somatic-neusomatic-20261010-source-sahraeian2022-additional-file-2,"Additional file 2 Table S3, INDELs section, row 'SPP_80x_75%T vs SPP_80x_95%N', column 'NeuSomatic SEQC-WGS-GT-50'",82.7,result
somatic-neusomatic-20261010-result-sahraeian2022-neusomatic-seqc-wgs-gt-50-titration-snv-average,somatic-neusomatic-20261010-source-sahraeian2022-additional-file-2,"Additional file 2 Table S3, SNVs section, row 'Average', column 'NeuSomatic SEQC-WGS-GT-50'",70.8,result
somatic-neusomatic-20261010-result-sahraeian2022-neusomatic-seqc-wgs-gt-50-titration-snv-spp-100x-10-t-spp-100x-100-n,somatic-neusomatic-20261010-source-sahraeian2022-additional-file-2,"Additional file 2 Table S3, SNVs section, row 'SPP_100x_10%T vs SPP_100x_100%N', column 'NeuSomatic SEQC-WGS-GT-50'",61.6,result
somatic-neusomatic-20261010-result-sahraeian2022-neusomatic-seqc-wgs-gt-50-titration-snv-spp-100x-100-t-spp-100x-100-n,somatic-neusomatic-20261010-source-sahraeian2022-additional-file-2,"Additional file 2 Table S3, SNVs section, row 'SPP_100x_100%T vs SPP_100x_100%N', column 'NeuSomatic SEQC-WGS-GT-50'",98.2,result
somatic-neusomatic-20261010-result-sahraeian2022-neusomatic-seqc-wgs-gt-50-titration-snv-spp-100x-20-t-spp-100x-100-n,somatic-neusomatic-20261010-source-sahraeian2022-additional-file-2,"Additional file 2 Table S3, SNVs section, row 'SPP_100x_20%T vs SPP_100x_100%N', column 'NeuSomatic SEQC-WGS-GT-50'",84.5,result
somatic-neusomatic-20261010-result-sahraeian2022-neusomatic-seqc-wgs-gt-50-titration-snv-spp-100x-5-t-spp-100x-100-n,somatic-neusomatic-20261010-source-sahraeian2022-additional-file-2,"Additional file 2 Table S3, SNVs section, row 'SPP_100x_5%T vs SPP_100x_100%N', column 'NeuSomatic SEQC-WGS-GT-50'",33.5,result
somatic-neusomatic-20261010-result-sahraeian2022-neusomatic-seqc-wgs-gt-50-titration-snv-spp-100x-50-t-spp-100x-100-n,somatic-neusomatic-20261010-source-sahraeian2022-additional-file-2,"Additional file 2 Table S3, SNVs section, row 'SPP_100x_50%T vs SPP_100x_100%N', column 'NeuSomatic SEQC-WGS-GT-50'",94.1,result
somatic-neusomatic-20261010-result-sahraeian2022-neusomatic-seqc-wgs-gt-50-titration-snv-spp-100x-75-t-spp-100x-100-n,somatic-neusomatic-20261010-source-sahraeian2022-additional-file-2,"Additional file 2 Table S3, SNVs section, row 'SPP_100x_75%T vs SPP_100x_100%N', column 'NeuSomatic SEQC-WGS-GT-50'",96.9,result
somatic-neusomatic-20261010-result-sahraeian2022-neusomatic-seqc-wgs-gt-50-titration-snv-spp-10x-10-t-spp-10x-100-n,somatic-neusomatic-20261010-source-sahraeian2022-additional-file-2,"Additional file 2 Table S3, SNVs section, row 'SPP_10x_10%T vs SPP_10x_100%N', column 'NeuSomatic SEQC-WGS-GT-50'",5.8,result
somatic-neusomatic-20261010-result-sahraeian2022-neusomatic-seqc-wgs-gt-50-titration-snv-spp-10x-100-t-spp-10x-100-n,somatic-neusomatic-20261010-source-sahraeian2022-additional-file-2,"Additional file 2 Table S3, SNVs section, row 'SPP_10x_100%T vs SPP_10x_100%N', column 'NeuSomatic SEQC-WGS-GT-50'",71.2,result
somatic-neusomatic-20261010-result-sahraeian2022-neusomatic-seqc-wgs-gt-50-titration-snv-spp-10x-20-t-spp-10x-100-n,somatic-neusomatic-20261010-source-sahraeian2022-additional-file-2,"Additional file 2 Table S3, SNVs section, row 'SPP_10x_20%T vs SPP_10x_100%N', column 'NeuSomatic SEQC-WGS-GT-50'",18.5,result
somatic-neusomatic-20261010-result-sahraeian2022-neusomatic-seqc-wgs-gt-50-titration-snv-spp-10x-5-t-spp-10x-100-n,somatic-neusomatic-20261010-source-sahraeian2022-additional-file-2,"Additional file 2 Table S3, SNVs section, row 'SPP_10x_5%T vs SPP_10x_100%N', column 'NeuSomatic SEQC-WGS-GT-50'",1.7,result
somatic-neusomatic-20261010-result-sahraeian2022-neusomatic-seqc-wgs-gt-50-titration-snv-spp-10x-50-t-spp-10x-100-n,somatic-neusomatic-20261010-source-sahraeian2022-additional-file-2,"Additional file 2 Table S3, SNVs section, row 'SPP_10x_50%T vs SPP_10x_100%N', column 'NeuSomatic SEQC-WGS-GT-50'",51.4,result
somatic-neusomatic-20261010-result-sahraeian2022-neusomatic-seqc-wgs-gt-50-titration-snv-spp-10x-75-t-spp-10x-100-n,somatic-neusomatic-20261010-source-sahraeian2022-additional-file-2,"Additional file 2 Table S3, SNVs section, row 'SPP_10x_75%T vs SPP_10x_100%N', column 'NeuSomatic SEQC-WGS-GT-50'",65.4,result
somatic-neusomatic-20261010-result-sahraeian2022-neusomatic-seqc-wgs-gt-50-titration-snv-spp-200x-10-t-spp-200x-100-n,somatic-neusomatic-20261010-source-sahraeian2022-additional-file-2,"Additional file 2 Table S3, SNVs section, row 'SPP_200x_10%T vs SPP_200x_100%N', column 'NeuSomatic SEQC-WGS-GT-50'",77.3,result
somatic-neusomatic-20261010-result-sahraeian2022-neusomatic-seqc-wgs-gt-50-titration-snv-spp-200x-100-t-spp-200x-100-n,somatic-neusomatic-20261010-source-sahraeian2022-additional-file-2,"Additional file 2 Table S3, SNVs section, row 'SPP_200x_100%T vs SPP_200x_100%N', column 'NeuSomatic SEQC-WGS-GT-50'",98.8,result
somatic-neusomatic-20261010-result-sahraeian2022-neusomatic-seqc-wgs-gt-50-titration-snv-spp-200x-20-t-spp-200x-100-n,somatic-neusomatic-20261010-source-sahraeian2022-additional-file-2,"Additional file 2 Table S3, SNVs section, row 'SPP_200x_20%T vs SPP_200x_100%N', column 'NeuSomatic SEQC-WGS-GT-50'",89.6,result
somatic-neusomatic-20261010-result-sahraeian2022-neusomatic-seqc-wgs-gt-50-titration-snv-spp-200x-5-t-spp-200x-100-n,somatic-neusomatic-20261010-source-sahraeian2022-additional-file-2,"Additional file 2 Table S3, SNVs section, row 'SPP_200x_5%T vs SPP_200x_100%N', column 'NeuSomatic SEQC-WGS-GT-50'",51.9,result
somatic-neusomatic-20261010-result-sahraeian2022-neusomatic-seqc-wgs-gt-50-titration-snv-spp-200x-50-t-spp-200x-100-n,somatic-neusomatic-20261010-source-sahraeian2022-additional-file-2,"Additional file 2 Table S3, SNVs section, row 'SPP_200x_50%T vs SPP_200x_100%N', column 'NeuSomatic SEQC-WGS-GT-50'",96.4,result
somatic-neusomatic-20261010-result-sahraeian2022-neusomatic-seqc-wgs-gt-50-titration-snv-spp-200x-75-t-spp-200x-100-n,somatic-neusomatic-20261010-source-sahraeian2022-additional-file-2,"Additional file 2 Table S3, SNVs section, row 'SPP_200x_75%T vs SPP_200x_100%N', column 'NeuSomatic SEQC-WGS-GT-50'",97.9,result
somatic-neusomatic-20261010-result-sahraeian2022-neusomatic-seqc-wgs-gt-50-titration-snv-spp-300x-10-t-spp-300x-100-n,somatic-neusomatic-20261010-source-sahraeian2022-additional-file-2,"Additional file 2 Table S3, SNVs section, row 'SPP_300x_10%T vs SPP_300x_100%N', column 'NeuSomatic SEQC-WGS-GT-50'",81.7,result
somatic-neusomatic-20261010-result-sahraeian2022-neusomatic-seqc-wgs-gt-50-titration-snv-spp-300x-100-t-spp-300x-100-n,somatic-neusomatic-20261010-source-sahraeian2022-additional-file-2,"Additional file 2 Table S3, SNVs section, row 'SPP_300x_100%T vs SPP_300x_100%N', column 'NeuSomatic SEQC-WGS-GT-50'",98.9,result
somatic-neusomatic-20261010-result-sahraeian2022-neusomatic-seqc-wgs-gt-50-titration-snv-spp-300x-20-t-spp-300x-100-n,somatic-neusomatic-20261010-source-sahraeian2022-additional-file-2,"Additional file 2 Table S3, SNVs section, row 'SPP_300x_20%T vs SPP_300x_100%N', column 'NeuSomatic SEQC-WGS-GT-50'",91.6,result
somatic-neusomatic-20261010-result-sahraeian2022-neusomatic-seqc-wgs-gt-50-titration-snv-spp-300x-5-t-spp-300x-100-n,somatic-neusomatic-20261010-source-sahraeian2022-additional-file-2,"Additional file 2 Table S3, SNVs section, row 'SPP_300x_5%T vs SPP_300x_100%N', column 'NeuSomatic SEQC-WGS-GT-50'",62.9,result
somatic-neusomatic-20261010-result-sahraeian2022-neusomatic-seqc-wgs-gt-50-titration-snv-spp-300x-50-t-spp-300x-100-n,somatic-neusomatic-20261010-source-sahraeian2022-additional-file-2,"Additional file 2 Table S3, SNVs section, row 'SPP_300x_50%T vs SPP_300x_100%N', column 'NeuSomatic SEQC-WGS-GT-50'",97.6,result
somatic-neusomatic-20261010-result-sahraeian2022-neusomatic-seqc-wgs-gt-50-titration-snv-spp-300x-75-t-spp-300x-100-n,somatic-neusomatic-20261010-source-sahraeian2022-additional-file-2,"Additional file 2 Table S3, SNVs section, row 'SPP_300x_75%T vs SPP_300x_100%N', column 'NeuSomatic SEQC-WGS-GT-50'",98.6,result
somatic-neusomatic-20261010-result-sahraeian2022-neusomatic-seqc-wgs-gt-50-titration-snv-spp-30x-10-t-spp-30x-100-n,somatic-neusomatic-20261010-source-sahraeian2022-additional-file-2,"Additional file 2 Table S3, SNVs section, row 'SPP_30x_10%T vs SPP_30x_100%N', column 'NeuSomatic SEQC-WGS-GT-50'",26.3,result
somatic-neusomatic-20261010-result-sahraeian2022-neusomatic-seqc-wgs-gt-50-titration-snv-spp-30x-100-t-spp-30x-100-n,somatic-neusomatic-20261010-source-sahraeian2022-additional-file-2,"Additional file 2 Table S3, SNVs section, row 'SPP_30x_100%T vs SPP_30x_100%N', column 'NeuSomatic SEQC-WGS-GT-50'",92.0,result
somatic-neusomatic-20261010-result-sahraeian2022-neusomatic-seqc-wgs-gt-50-titration-snv-spp-30x-20-t-spp-30x-100-n,somatic-neusomatic-20261010-source-sahraeian2022-additional-file-2,"Additional file 2 Table S3, SNVs section, row 'SPP_30x_20%T vs SPP_30x_100%N', column 'NeuSomatic SEQC-WGS-GT-50'",56.1,result
somatic-neusomatic-20261010-result-sahraeian2022-neusomatic-seqc-wgs-gt-50-titration-snv-spp-30x-5-t-spp-30x-100-n,somatic-neusomatic-20261010-source-sahraeian2022-additional-file-2,"Additional file 2 Table S3, SNVs section, row 'SPP_30x_5%T vs SPP_30x_100%N', column 'NeuSomatic SEQC-WGS-GT-50'",8.3,result
somatic-neusomatic-20261010-result-sahraeian2022-neusomatic-seqc-wgs-gt-50-titration-snv-spp-30x-50-t-spp-30x-100-n,somatic-neusomatic-20261010-source-sahraeian2022-additional-file-2,"Additional file 2 Table S3, SNVs section, row 'SPP_30x_50%T vs SPP_30x_100%N', column 'NeuSomatic SEQC-WGS-GT-50'",83.8,result
somatic-neusomatic-20261010-result-sahraeian2022-neusomatic-seqc-wgs-gt-50-titration-snv-spp-30x-75-t-spp-30x-100-n,somatic-neusomatic-20261010-source-sahraeian2022-additional-file-2,"Additional file 2 Table S3, SNVs section, row 'SPP_30x_75%T vs SPP_30x_100%N', column 'NeuSomatic SEQC-WGS-GT-50'",89.6,result
somatic-neusomatic-20261010-result-sahraeian2022-neusomatic-seqc-wgs-gt-50-titration-snv-spp-50x-10-t-spp-50x-100-n,somatic-neusomatic-20261010-source-sahraeian2022-additional-file-2,"Additional file 2 Table S3, SNVs section, row 'SPP_50x_10%T vs SPP_50x_100%N', column 'NeuSomatic SEQC-WGS-GT-50'",42.1,result
somatic-neusomatic-20261010-result-sahraeian2022-neusomatic-seqc-wgs-gt-50-titration-snv-spp-50x-100-t-spp-50x-100-n,somatic-neusomatic-20261010-source-sahraeian2022-additional-file-2,"Additional file 2 Table S3, SNVs section, row 'SPP_50x_100%T vs SPP_50x_100%N', column 'NeuSomatic SEQC-WGS-GT-50'",94.9,result
somatic-neusomatic-20261010-result-sahraeian2022-neusomatic-seqc-wgs-gt-50-titration-snv-spp-50x-20-t-spp-50x-100-n,somatic-neusomatic-20261010-source-sahraeian2022-additional-file-2,"Additional file 2 Table S3, SNVs section, row 'SPP_50x_20%T vs SPP_50x_100%N', column 'NeuSomatic SEQC-WGS-GT-50'",70.5,result
somatic-neusomatic-20261010-result-sahraeian2022-neusomatic-seqc-wgs-gt-50-titration-snv-spp-50x-5-t-spp-50x-100-n,somatic-neusomatic-20261010-source-sahraeian2022-additional-file-2,"Additional file 2 Table S3, SNVs section, row 'SPP_50x_5%T vs SPP_50x_100%N', column 'NeuSomatic SEQC-WGS-GT-50'",16.2,result
somatic-neusomatic-20261010-result-sahraeian2022-neusomatic-seqc-wgs-gt-50-titration-snv-spp-50x-50-t-spp-50x-100-n,somatic-neusomatic-20261010-source-sahraeian2022-additional-file-2,"Additional file 2 Table S3, SNVs section, row 'SPP_50x_50%T vs SPP_50x_100%N', column 'NeuSomatic SEQC-WGS-GT-50'",89.9,result
somatic-neusomatic-20261010-result-sahraeian2022-neusomatic-seqc-wgs-gt-50-titration-snv-spp-50x-75-t-spp-50x-100-n,somatic-neusomatic-20261010-source-sahraeian2022-additional-file-2,"Additional file 2 Table S3, SNVs section, row 'SPP_50x_75%T vs SPP_50x_100%N', column 'NeuSomatic SEQC-WGS-GT-50'",93.3,result
somatic-neusomatic-20261010-result-sahraeian2022-neusomatic-seqc-wgs-gt-50-titration-snv-spp-80x-10-t-spp-80x-100-n,somatic-neusomatic-20261010-source-sahraeian2022-additional-file-2,"Additional file 2 Table S3, SNVs section, row 'SPP_80x_10%T vs SPP_80x_100%N', column 'NeuSomatic SEQC-WGS-GT-50'",55.7,result
somatic-neusomatic-20261010-result-sahraeian2022-neusomatic-seqc-wgs-gt-50-titration-snv-spp-80x-10-t-spp-80x-95-n,somatic-neusomatic-20261010-source-sahraeian2022-additional-file-2,"Additional file 2 Table S3, SNVs section, row 'SPP_80x_10%T vs SPP_80x_95%N', column 'NeuSomatic SEQC-WGS-GT-50'",37.7,result
somatic-neusomatic-20261010-result-sahraeian2022-neusomatic-seqc-wgs-gt-50-titration-snv-spp-80x-100-t-spp-80x-100-n,somatic-neusomatic-20261010-source-sahraeian2022-additional-file-2,"Additional file 2 Table S3, SNVs section, row 'SPP_80x_100%T vs SPP_80x_100%N', column 'NeuSomatic SEQC-WGS-GT-50'",97.7,result
somatic-neusomatic-20261010-result-sahraeian2022-neusomatic-seqc-wgs-gt-50-titration-snv-spp-80x-100-t-spp-80x-95-n,somatic-neusomatic-20261010-source-sahraeian2022-additional-file-2,"Additional file 2 Table S3, SNVs section, row 'SPP_80x_100%T vs SPP_80x_95%N', column 'NeuSomatic SEQC-WGS-GT-50'",97.0,result
somatic-neusomatic-20261010-result-sahraeian2022-neusomatic-seqc-wgs-gt-50-titration-snv-spp-80x-20-t-spp-80x-100-n,somatic-neusomatic-20261010-source-sahraeian2022-additional-file-2,"Additional file 2 Table S3, SNVs section, row 'SPP_80x_20%T vs SPP_80x_100%N', column 'NeuSomatic SEQC-WGS-GT-50'",78.4,result
somatic-neusomatic-20261010-result-sahraeian2022-neusomatic-seqc-wgs-gt-50-titration-snv-spp-80x-20-t-spp-80x-95-n,somatic-neusomatic-20261010-source-sahraeian2022-additional-file-2,"Additional file 2 Table S3, SNVs section, row 'SPP_80x_20%T vs SPP_80x_95%N', column 'NeuSomatic SEQC-WGS-GT-50'",67.8,result
somatic-neusomatic-20261010-result-sahraeian2022-neusomatic-seqc-wgs-gt-50-titration-snv-spp-80x-5-t-spp-80x-100-n,somatic-neusomatic-20261010-source-sahraeian2022-additional-file-2,"Additional file 2 Table S3, SNVs section, row 'SPP_80x_5%T vs SPP_80x_100%N', column 'NeuSomatic SEQC-WGS-GT-50'",27.5,result
somatic-neusomatic-20261010-result-sahraeian2022-neusomatic-seqc-wgs-gt-50-titration-snv-spp-80x-50-t-spp-80x-100-n,somatic-neusomatic-20261010-source-sahraeian2022-additional-file-2,"Additional file 2 Table S3, SNVs section, row 'SPP_80x_50%T vs SPP_80x_100%N', column 'NeuSomatic SEQC-WGS-GT-50'",93.4,result
somatic-neusomatic-20261010-result-sahraeian2022-neusomatic-seqc-wgs-gt-50-titration-snv-spp-80x-50-t-spp-80x-95-n,somatic-neusomatic-20261010-source-sahraeian2022-additional-file-2,"Additional file 2 Table S3, SNVs section, row 'SPP_80x_50%T vs SPP_80x_95%N', column 'NeuSomatic SEQC-WGS-GT-50'",91.0,result
somatic-neusomatic-20261010-result-sahraeian2022-neusomatic-seqc-wgs-gt-50-titration-snv-spp-80x-75-t-spp-80x-100-n,somatic-neusomatic-20261010-source-sahraeian2022-additional-file-2,"Additional file 2 Table S3, SNVs section, row 'SPP_80x_75%T vs SPP_80x_100%N', column 'NeuSomatic SEQC-WGS-GT-50'",95.9,result
somatic-neusomatic-20261010-result-sahraeian2022-neusomatic-seqc-wgs-gt-50-titration-snv-spp-80x-75-t-spp-80x-95-n,somatic-neusomatic-20261010-source-sahraeian2022-additional-file-2,"Additional file 2 Table S3, SNVs section, row 'SPP_80x_75%T vs SPP_80x_95%N', column 'NeuSomatic SEQC-WGS-GT-50'",94.8,result
somatic-neusomatic-20261010-result-sahraeian2022-neusomatic-seqc-wgs-gt-50-wgs-indel-average,somatic-neusomatic-20261010-source-sahraeian2022-additional-file-2,"Additional file 2 Table S2, INDELs section, row 'Average', column 'NeuSomatic SEQC-WGS-GT-50'",85.2,result
somatic-neusomatic-20261010-result-sahraeian2022-neusomatic-seqc-wgs-gt-50-wgs-indel-wgs-ea-t-1-wgs-ea-n-1,somatic-neusomatic-20261010-source-sahraeian2022-additional-file-2,"Additional file 2 Table S2, INDELs section, row 'WGS_EA_T_1 vs WGS_EA_N_1', column 'NeuSomatic SEQC-WGS-GT-50'",88.0,result
somatic-neusomatic-20261010-result-sahraeian2022-neusomatic-seqc-wgs-gt-50-wgs-indel-wgs-fd-t-1-wgs-fd-n-1,somatic-neusomatic-20261010-source-sahraeian2022-additional-file-2,"Additional file 2 Table S2, INDELs section, row 'WGS_FD_T_1 vs WGS_FD_N_1', column 'NeuSomatic SEQC-WGS-GT-50'",86.7,result
somatic-neusomatic-20261010-result-sahraeian2022-neusomatic-seqc-wgs-gt-50-wgs-indel-wgs-fd-t-2-wgs-fd-n-2,somatic-neusomatic-20261010-source-sahraeian2022-additional-file-2,"Additional file 2 Table S2, INDELs section, row 'WGS_FD_T_2 vs WGS_FD_N_2', column 'NeuSomatic SEQC-WGS-GT-50'",87.7,result
somatic-neusomatic-20261010-result-sahraeian2022-neusomatic-seqc-wgs-gt-50-wgs-indel-wgs-fd-t-3-wgs-fd-n-3,somatic-neusomatic-20261010-source-sahraeian2022-additional-file-2,"Additional file 2 Table S2, INDELs section, row 'WGS_FD_T_3 vs WGS_FD_N_3', column 'NeuSomatic SEQC-WGS-GT-50'",87.5,result
somatic-neusomatic-20261010-result-sahraeian2022-neusomatic-seqc-wgs-gt-50-wgs-indel-wgs-il-t-1-wgs-il-n-1,somatic-neusomatic-20261010-source-sahraeian2022-additional-file-2,"Additional file 2 Table S2, INDELs section, row 'WGS_IL_T_1 vs WGS_IL_N_1', column 'NeuSomatic SEQC-WGS-GT-50'",86.0,result
somatic-neusomatic-20261010-result-sahraeian2022-neusomatic-seqc-wgs-gt-50-wgs-indel-wgs-il-t-2-wgs-il-n-2,somatic-neusomatic-20261010-source-sahraeian2022-additional-file-2,"Additional file 2 Table S2, INDELs section, row 'WGS_IL_T_2 vs WGS_IL_N_2', column 'NeuSomatic SEQC-WGS-GT-50'",85.0,result
somatic-neusomatic-20261010-result-sahraeian2022-neusomatic-seqc-wgs-gt-50-wgs-indel-wgs-il-t-3-wgs-il-n-3,somatic-neusomatic-20261010-source-sahraeian2022-additional-file-2,"Additional file 2 Table S2, INDELs section, row 'WGS_IL_T_3 vs WGS_IL_N_3', column 'NeuSomatic SEQC-WGS-GT-50'",83.6,result
somatic-neusomatic-20261010-result-sahraeian2022-neusomatic-seqc-wgs-gt-50-wgs-indel-wgs-ll-t-1-wgs-ll-n-1,somatic-neusomatic-20261010-source-sahraeian2022-additional-file-2,"Additional file 2 Table S2, INDELs section, row 'WGS_LL_T_1 vs WGS_LL_N_1', column 'NeuSomatic SEQC-WGS-GT-50'",77.3,result
somatic-neusomatic-20261010-result-sahraeian2022-neusomatic-seqc-wgs-gt-50-wgs-indel-wgs-nc-t-1-wgs-nc-n-1,somatic-neusomatic-20261010-source-sahraeian2022-additional-file-2,"Additional file 2 Table S2, INDELs section, row 'WGS_NC_T_1 vs WGS_NC_N_1', column 'NeuSomatic SEQC-WGS-GT-50'",84.8,result
somatic-neusomatic-20261010-result-sahraeian2022-neusomatic-seqc-wgs-gt-50-wgs-indel-wgs-ns-t-1-wgs-ns-n-1,somatic-neusomatic-20261010-source-sahraeian2022-additional-file-2,"Additional file 2 Table S2, INDELs section, row 'WGS_NS_T_1 vs WGS_NS_N_1', column 'NeuSomatic SEQC-WGS-GT-50'",86.5,result
somatic-neusomatic-20261010-result-sahraeian2022-neusomatic-seqc-wgs-gt-50-wgs-indel-wgs-ns-t-2-wgs-ns-n-2,somatic-neusomatic-20261010-source-sahraeian2022-additional-file-2,"Additional file 2 Table S2, INDELs section, row 'WGS_NS_T_2 vs WGS_NS_N_2', column 'NeuSomatic SEQC-WGS-GT-50'",82.0,result
somatic-neusomatic-20261010-result-sahraeian2022-neusomatic-seqc-wgs-gt-50-wgs-indel-wgs-ns-t-3-wgs-ns-n-3,somatic-neusomatic-20261010-source-sahraeian2022-additional-file-2,"Additional file 2 Table S2, INDELs section, row 'WGS_NS_T_3 vs WGS_NS_N_3', column 'NeuSomatic SEQC-WGS-GT-50'",83.6,result
somatic-neusomatic-20261010-result-sahraeian2022-neusomatic-seqc-wgs-gt-50-wgs-indel-wgs-ns-t-4-wgs-ns-n-4,somatic-neusomatic-20261010-source-sahraeian2022-additional-file-2,"Additional file 2 Table S2, INDELs section, row 'WGS_NS_T_4 vs WGS_NS_N_4', column 'NeuSomatic SEQC-WGS-GT-50'",86.0,result
somatic-neusomatic-20261010-result-sahraeian2022-neusomatic-seqc-wgs-gt-50-wgs-indel-wgs-ns-t-5-wgs-ns-n-5,somatic-neusomatic-20261010-source-sahraeian2022-additional-file-2,"Additional file 2 Table S2, INDELs section, row 'WGS_NS_T_5 vs WGS_NS_N_5', column 'NeuSomatic SEQC-WGS-GT-50'",83.6,result
somatic-neusomatic-20261010-result-sahraeian2022-neusomatic-seqc-wgs-gt-50-wgs-indel-wgs-ns-t-6-wgs-ns-n-6,somatic-neusomatic-20261010-source-sahraeian2022-additional-file-2,"Additional file 2 Table S2, INDELs section, row 'WGS_NS_T_6 vs WGS_NS_N_6', column 'NeuSomatic SEQC-WGS-GT-50'",87.4,result
somatic-neusomatic-20261010-result-sahraeian2022-neusomatic-seqc-wgs-gt-50-wgs-indel-wgs-ns-t-7-wgs-ns-n-7,somatic-neusomatic-20261010-source-sahraeian2022-additional-file-2,"Additional file 2 Table S2, INDELs section, row 'WGS_NS_T_7 vs WGS_NS_N_7', column 'NeuSomatic SEQC-WGS-GT-50'",86.8,result
somatic-neusomatic-20261010-result-sahraeian2022-neusomatic-seqc-wgs-gt-50-wgs-indel-wgs-ns-t-8-wgs-ns-n-8,somatic-neusomatic-20261010-source-sahraeian2022-additional-file-2,"Additional file 2 Table S2, INDELs section, row 'WGS_NS_T_8 vs WGS_NS_N_8', column 'NeuSomatic SEQC-WGS-GT-50'",80.8,result
somatic-neusomatic-20261010-result-sahraeian2022-neusomatic-seqc-wgs-gt-50-wgs-indel-wgs-ns-t-9-wgs-ns-n-9,somatic-neusomatic-20261010-source-sahraeian2022-additional-file-2,"Additional file 2 Table S2, INDELs section, row 'WGS_NS_T_9 vs WGS_NS_N_9', column 'NeuSomatic SEQC-WGS-GT-50'",81.6,result
somatic-neusomatic-20261010-result-sahraeian2022-neusomatic-seqc-wgs-gt-50-wgs-indel-wgs-nv-t-1-wgs-nv-n-1,somatic-neusomatic-20261010-source-sahraeian2022-additional-file-2,"Additional file 2 Table S2, INDELs section, row 'WGS_NV_T_1 vs WGS_NV_N_1', column 'NeuSomatic SEQC-WGS-GT-50'",88.2,result
somatic-neusomatic-20261010-result-sahraeian2022-neusomatic-seqc-wgs-gt-50-wgs-indel-wgs-nv-t-2-wgs-nv-n-2,somatic-neusomatic-20261010-source-sahraeian2022-additional-file-2,"Additional file 2 Table S2, INDELs section, row 'WGS_NV_T_2 vs WGS_NV_N_2', column 'NeuSomatic SEQC-WGS-GT-50'",88.5,result
somatic-neusomatic-20261010-result-sahraeian2022-neusomatic-seqc-wgs-gt-50-wgs-indel-wgs-nv-t-3-wgs-nv-n-3,somatic-neusomatic-20261010-source-sahraeian2022-additional-file-2,"Additional file 2 Table S2, INDELs section, row 'WGS_NV_T_3 vs WGS_NV_N_3', column 'NeuSomatic SEQC-WGS-GT-50'",87.8,result
somatic-neusomatic-20261010-result-sahraeian2022-neusomatic-seqc-wgs-gt-50-wgs-snv-average,somatic-neusomatic-20261010-source-sahraeian2022-additional-file-2,"Additional file 2 Table S2, SNVs section, row 'Average', column 'NeuSomatic SEQC-WGS-GT-50'",94.7,result
somatic-neusomatic-20261010-result-sahraeian2022-neusomatic-seqc-wgs-gt-50-wgs-snv-wgs-ea-t-1-wgs-ea-n-1,somatic-neusomatic-20261010-source-sahraeian2022-additional-file-2,"Additional file 2 Table S2, SNVs section, row 'WGS_EA_T_1 vs WGS_EA_N_1', column 'NeuSomatic SEQC-WGS-GT-50'",96.1,result
somatic-neusomatic-20261010-result-sahraeian2022-neusomatic-seqc-wgs-gt-50-wgs-snv-wgs-fd-t-1-wgs-fd-n-1,somatic-neusomatic-20261010-source-sahraeian2022-additional-file-2,"Additional file 2 Table S2, SNVs section, row 'WGS_FD_T_1 vs WGS_FD_N_1', column 'NeuSomatic SEQC-WGS-GT-50'",93.7,result
somatic-neusomatic-20261010-result-sahraeian2022-neusomatic-seqc-wgs-gt-50-wgs-snv-wgs-fd-t-2-wgs-fd-n-2,somatic-neusomatic-20261010-source-sahraeian2022-additional-file-2,"Additional file 2 Table S2, SNVs section, row 'WGS_FD_T_2 vs WGS_FD_N_2', column 'NeuSomatic SEQC-WGS-GT-50'",94.0,result
somatic-neusomatic-20261010-result-sahraeian2022-neusomatic-seqc-wgs-gt-50-wgs-snv-wgs-fd-t-3-wgs-fd-n-3,somatic-neusomatic-20261010-source-sahraeian2022-additional-file-2,"Additional file 2 Table S2, SNVs section, row 'WGS_FD_T_3 vs WGS_FD_N_3', column 'NeuSomatic SEQC-WGS-GT-50'",93.9,result
somatic-neusomatic-20261010-result-sahraeian2022-neusomatic-seqc-wgs-gt-50-wgs-snv-wgs-il-t-1-wgs-il-n-1,somatic-neusomatic-20261010-source-sahraeian2022-additional-file-2,"Additional file 2 Table S2, SNVs section, row 'WGS_IL_T_1 vs WGS_IL_N_1', column 'NeuSomatic SEQC-WGS-GT-50'",96.8,result
somatic-neusomatic-20261010-result-sahraeian2022-neusomatic-seqc-wgs-gt-50-wgs-snv-wgs-il-t-2-wgs-il-n-2,somatic-neusomatic-20261010-source-sahraeian2022-additional-file-2,"Additional file 2 Table S2, SNVs section, row 'WGS_IL_T_2 vs WGS_IL_N_2', column 'NeuSomatic SEQC-WGS-GT-50'",95.3,result
somatic-neusomatic-20261010-result-sahraeian2022-neusomatic-seqc-wgs-gt-50-wgs-snv-wgs-il-t-3-wgs-il-n-3,somatic-neusomatic-20261010-source-sahraeian2022-additional-file-2,"Additional file 2 Table S2, SNVs section, row 'WGS_IL_T_3 vs WGS_IL_N_3', column 'NeuSomatic SEQC-WGS-GT-50'",95.2,result
somatic-neusomatic-20261010-result-sahraeian2022-neusomatic-seqc-wgs-gt-50-wgs-snv-wgs-ll-t-1-wgs-ll-n-1,somatic-neusomatic-20261010-source-sahraeian2022-additional-file-2,"Additional file 2 Table S2, SNVs section, row 'WGS_LL_T_1 vs WGS_LL_N_1', column 'NeuSomatic SEQC-WGS-GT-50'",88.8,result
somatic-neusomatic-20261010-result-sahraeian2022-neusomatic-seqc-wgs-gt-50-wgs-snv-wgs-nc-t-1-wgs-nc-n-1,somatic-neusomatic-20261010-source-sahraeian2022-additional-file-2,"Additional file 2 Table S2, SNVs section, row 'WGS_NC_T_1 vs WGS_NC_N_1', column 'NeuSomatic SEQC-WGS-GT-50'",93.7,result
somatic-neusomatic-20261010-result-sahraeian2022-neusomatic-seqc-wgs-gt-50-wgs-snv-wgs-ns-t-1-wgs-ns-n-1,somatic-neusomatic-20261010-source-sahraeian2022-additional-file-2,"Additional file 2 Table S2, SNVs section, row 'WGS_NS_T_1 vs WGS_NS_N_1', column 'NeuSomatic SEQC-WGS-GT-50'",95.7,result
somatic-neusomatic-20261010-result-sahraeian2022-neusomatic-seqc-wgs-gt-50-wgs-snv-wgs-ns-t-2-wgs-ns-n-2,somatic-neusomatic-20261010-source-sahraeian2022-additional-file-2,"Additional file 2 Table S2, SNVs section, row 'WGS_NS_T_2 vs WGS_NS_N_2', column 'NeuSomatic SEQC-WGS-GT-50'",92.7,result
somatic-neusomatic-20261010-result-sahraeian2022-neusomatic-seqc-wgs-gt-50-wgs-snv-wgs-ns-t-3-wgs-ns-n-3,somatic-neusomatic-20261010-source-sahraeian2022-additional-file-2,"Additional file 2 Table S2, SNVs section, row 'WGS_NS_T_3 vs WGS_NS_N_3', column 'NeuSomatic SEQC-WGS-GT-50'",93.9,result
somatic-neusomatic-20261010-result-sahraeian2022-neusomatic-seqc-wgs-gt-50-wgs-snv-wgs-ns-t-4-wgs-ns-n-4,somatic-neusomatic-20261010-source-sahraeian2022-additional-file-2,"Additional file 2 Table S2, SNVs section, row 'WGS_NS_T_4 vs WGS_NS_N_4', column 'NeuSomatic SEQC-WGS-GT-50'",95.6,result
somatic-neusomatic-20261010-result-sahraeian2022-neusomatic-seqc-wgs-gt-50-wgs-snv-wgs-ns-t-5-wgs-ns-n-5,somatic-neusomatic-20261010-source-sahraeian2022-additional-file-2,"Additional file 2 Table S2, SNVs section, row 'WGS_NS_T_5 vs WGS_NS_N_5', column 'NeuSomatic SEQC-WGS-GT-50'",93.4,result
somatic-neusomatic-20261010-result-sahraeian2022-neusomatic-seqc-wgs-gt-50-wgs-snv-wgs-ns-t-6-wgs-ns-n-6,somatic-neusomatic-20261010-source-sahraeian2022-additional-file-2,"Additional file 2 Table S2, SNVs section, row 'WGS_NS_T_6 vs WGS_NS_N_6', column 'NeuSomatic SEQC-WGS-GT-50'",95.9,result
somatic-neusomatic-20261010-result-sahraeian2022-neusomatic-seqc-wgs-gt-50-wgs-snv-wgs-ns-t-7-wgs-ns-n-7,somatic-neusomatic-20261010-source-sahraeian2022-additional-file-2,"Additional file 2 Table S2, SNVs section, row 'WGS_NS_T_7 vs WGS_NS_N_7', column 'NeuSomatic SEQC-WGS-GT-50'",95.3,result
somatic-neusomatic-20261010-result-sahraeian2022-neusomatic-seqc-wgs-gt-50-wgs-snv-wgs-ns-t-8-wgs-ns-n-8,somatic-neusomatic-20261010-source-sahraeian2022-additional-file-2,"Additional file 2 Table S2, SNVs section, row 'WGS_NS_T_8 vs WGS_NS_N_8', column 'NeuSomatic SEQC-WGS-GT-50'",92.6,result
somatic-neusomatic-20261010-result-sahraeian2022-neusomatic-seqc-wgs-gt-50-wgs-snv-wgs-ns-t-9-wgs-ns-n-9,somatic-neusomatic-20261010-source-sahraeian2022-additional-file-2,"Additional file 2 Table S2, SNVs section, row 'WGS_NS_T_9 vs WGS_NS_N_9', column 'NeuSomatic SEQC-WGS-GT-50'",93.5,result
somatic-neusomatic-20261010-result-sahraeian2022-neusomatic-seqc-wgs-gt-50-wgs-snv-wgs-nv-t-1-wgs-nv-n-1,somatic-neusomatic-20261010-source-sahraeian2022-additional-file-2,"Additional file 2 Table S2, SNVs section, row 'WGS_NV_T_1 vs WGS_NV_N_1', column 'NeuSomatic SEQC-WGS-GT-50'",97.8,result
somatic-neusomatic-20261010-result-sahraeian2022-neusomatic-seqc-wgs-gt-50-wgs-snv-wgs-nv-t-2-wgs-nv-n-2,somatic-neusomatic-20261010-source-sahraeian2022-additional-file-2,"Additional file 2 Table S2, SNVs section, row 'WGS_NV_T_2 vs WGS_NV_N_2', column 'NeuSomatic SEQC-WGS-GT-50'",97.8,result
somatic-neusomatic-20261010-result-sahraeian2022-neusomatic-seqc-wgs-gt-50-wgs-snv-wgs-nv-t-3-wgs-nv-n-3,somatic-neusomatic-20261010-source-sahraeian2022-additional-file-2,"Additional file 2 Table S2, SNVs section, row 'WGS_NV_T_3 vs WGS_NV_N_3', column 'NeuSomatic SEQC-WGS-GT-50'",97.8,result
somatic-neusomatic-20261010-result-sahraeian2022-neusomatic-seqc-wgs-gt50-spikewgs10-library-prep-indel-average,somatic-neusomatic-20261010-source-sahraeian2022-additional-file-2,"Additional file 2 Table S4, INDELs section, row 'Average', column 'NeuSomatic SEQC-WGS-GT50-SpikeWGS10'",63.6,result
somatic-neusomatic-20261010-result-sahraeian2022-neusomatic-seqc-wgs-gt50-spikewgs10-library-prep-indel-lbp-nextera-t-100ng-lbp-nextera-n-100ng,somatic-neusomatic-20261010-source-sahraeian2022-additional-file-2,"Additional file 2 Table S4, INDELs section, row 'LBP_Nextera_T_100ng vs LBP_Nextera_N_100ng', column 'NeuSomatic SEQC-WGS-GT50-SpikeWGS10'",80.4,result
somatic-neusomatic-20261010-result-sahraeian2022-neusomatic-seqc-wgs-gt50-spikewgs10-library-prep-indel-lbp-nextera-t-10ng-lbp-nextera-n-10ng,somatic-neusomatic-20261010-source-sahraeian2022-additional-file-2,"Additional file 2 Table S4, INDELs section, row 'LBP_Nextera_T_10ng vs LBP_Nextera_N_10ng', column 'NeuSomatic SEQC-WGS-GT50-SpikeWGS10'",65.9,result
somatic-neusomatic-20261010-result-sahraeian2022-neusomatic-seqc-wgs-gt50-spikewgs10-library-prep-indel-lbp-nextera-t-1ng-lbp-nextera-n-1ng,somatic-neusomatic-20261010-source-sahraeian2022-additional-file-2,"Additional file 2 Table S4, INDELs section, row 'LBP_Nextera_T_1ng vs LBP_Nextera_N_1ng', column 'NeuSomatic SEQC-WGS-GT50-SpikeWGS10'",55.5,result
somatic-neusomatic-20261010-result-sahraeian2022-neusomatic-seqc-wgs-gt50-spikewgs10-library-prep-indel-lbp-truseq-t-100ng-lbp-truseq-n-100ng,somatic-neusomatic-20261010-source-sahraeian2022-additional-file-2,"Additional file 2 Table S4, INDELs section, row 'LBP_TruSeq_T_100ng vs LBP_TruSeq_N_100ng', column 'NeuSomatic SEQC-WGS-GT50-SpikeWGS10'",72.8,result
somatic-neusomatic-20261010-result-sahraeian2022-neusomatic-seqc-wgs-gt50-spikewgs10-library-prep-indel-lbp-truseq-t-10ng-lbp-truseq-n-10ng,somatic-neusomatic-20261010-source-sahraeian2022-additional-file-2,"Additional file 2 Table S4, INDELs section, row 'LBP_TruSeq_T_10ng vs LBP_TruSeq_N_10ng', column 'NeuSomatic SEQC-WGS-GT50-SpikeWGS10'",69.3,result
somatic-neusomatic-20261010-result-sahraeian2022-neusomatic-seqc-wgs-gt50-spikewgs10-library-prep-indel-lbp-truseq-t-1ng-lbp-truseq-n-1ng,somatic-neusomatic-20261010-source-sahraeian2022-additional-file-2,"Additional file 2 Table S4, INDELs section, row 'LBP_TruSeq_T_1ng vs LBP_TruSeq_N_1ng', column 'NeuSomatic SEQC-WGS-GT50-SpikeWGS10'",37.5,result
somatic-neusomatic-20261010-result-sahraeian2022-neusomatic-seqc-wgs-gt50-spikewgs10-library-prep-snv-average,somatic-neusomatic-20261010-source-sahraeian2022-additional-file-2,"Additional file 2 Table S4, SNVs section, row 'Average', column 'NeuSomatic SEQC-WGS-GT50-SpikeWGS10'",85.5,result
somatic-neusomatic-20261010-result-sahraeian2022-neusomatic-seqc-wgs-gt50-spikewgs10-library-prep-snv-lbp-nextera-t-100ng-lbp-nextera-n-100ng,somatic-neusomatic-20261010-source-sahraeian2022-additional-file-2,"Additional file 2 Table S4, SNVs section, row 'LBP_Nextera_T_100ng vs LBP_Nextera_N_100ng', column 'NeuSomatic SEQC-WGS-GT50-SpikeWGS10'",95.1,result
somatic-neusomatic-20261010-result-sahraeian2022-neusomatic-seqc-wgs-gt50-spikewgs10-library-prep-snv-lbp-nextera-t-10ng-lbp-nextera-n-10ng,somatic-neusomatic-20261010-source-sahraeian2022-additional-file-2,"Additional file 2 Table S4, SNVs section, row 'LBP_Nextera_T_10ng vs LBP_Nextera_N_10ng', column 'NeuSomatic SEQC-WGS-GT50-SpikeWGS10'",95.4,result
somatic-neusomatic-20261010-result-sahraeian2022-neusomatic-seqc-wgs-gt50-spikewgs10-library-prep-snv-lbp-nextera-t-1ng-lbp-nextera-n-1ng,somatic-neusomatic-20261010-source-sahraeian2022-additional-file-2,"Additional file 2 Table S4, SNVs section, row 'LBP_Nextera_T_1ng vs LBP_Nextera_N_1ng', column 'NeuSomatic SEQC-WGS-GT50-SpikeWGS10'",92.3,result
somatic-neusomatic-20261010-result-sahraeian2022-neusomatic-seqc-wgs-gt50-spikewgs10-library-prep-snv-lbp-truseq-t-100ng-lbp-truseq-n-100ng,somatic-neusomatic-20261010-source-sahraeian2022-additional-file-2,"Additional file 2 Table S4, SNVs section, row 'LBP_TruSeq_T_100ng vs LBP_TruSeq_N_100ng', column 'NeuSomatic SEQC-WGS-GT50-SpikeWGS10'",93.0,result
somatic-neusomatic-20261010-result-sahraeian2022-neusomatic-seqc-wgs-gt50-spikewgs10-library-prep-snv-lbp-truseq-t-10ng-lbp-truseq-n-10ng,somatic-neusomatic-20261010-source-sahraeian2022-additional-file-2,"Additional file 2 Table S4, SNVs section, row 'LBP_TruSeq_T_10ng vs LBP_TruSeq_N_10ng', column 'NeuSomatic SEQC-WGS-GT50-SpikeWGS10'",89.0,result
somatic-neusomatic-20261010-result-sahraeian2022-neusomatic-seqc-wgs-gt50-spikewgs10-library-prep-snv-lbp-truseq-t-1ng-lbp-truseq-n-1ng,somatic-neusomatic-20261010-source-sahraeian2022-additional-file-2,"Additional file 2 Table S4, SNVs section, row 'LBP_TruSeq_T_1ng vs LBP_TruSeq_N_1ng', column 'NeuSomatic SEQC-WGS-GT50-SpikeWGS10'",47.9,result
somatic-neusomatic-20261010-result-sahraeian2022-neusomatic-seqc-wgs-gt50-spikewgs10-titration-indel-average,somatic-neusomatic-20261010-source-sahraeian2022-additional-file-2,"Additional file 2 Table S3, INDELs section, row 'Average', column 'NeuSomatic SEQC-WGS-GT50-SpikeWGS10'",62.4,result
somatic-neusomatic-20261010-result-sahraeian2022-neusomatic-seqc-wgs-gt50-spikewgs10-titration-indel-spp-100x-10-t-spp-100x-100-n,somatic-neusomatic-20261010-source-sahraeian2022-additional-file-2,"Additional file 2 Table S3, INDELs section, row 'SPP_100x_10%T vs SPP_100x_100%N', column 'NeuSomatic SEQC-WGS-GT50-SpikeWGS10'",54.0,result
somatic-neusomatic-20261010-result-sahraeian2022-neusomatic-seqc-wgs-gt50-spikewgs10-titration-indel-spp-100x-100-t-spp-100x-100-n,somatic-neusomatic-20261010-source-sahraeian2022-additional-file-2,"Additional file 2 Table S3, INDELs section, row 'SPP_100x_100%T vs SPP_100x_100%N', column 'NeuSomatic SEQC-WGS-GT50-SpikeWGS10'",90.1,result
somatic-neusomatic-20261010-result-sahraeian2022-neusomatic-seqc-wgs-gt50-spikewgs10-titration-indel-spp-100x-20-t-spp-100x-100-n,somatic-neusomatic-20261010-source-sahraeian2022-additional-file-2,"Additional file 2 Table S3, INDELs section, row 'SPP_100x_20%T vs SPP_100x_100%N', column 'NeuSomatic SEQC-WGS-GT50-SpikeWGS10'",76.3,result
somatic-neusomatic-20261010-result-sahraeian2022-neusomatic-seqc-wgs-gt50-spikewgs10-titration-indel-spp-100x-5-t-spp-100x-100-n,somatic-neusomatic-20261010-source-sahraeian2022-additional-file-2,"Additional file 2 Table S3, INDELs section, row 'SPP_100x_5%T vs SPP_100x_100%N', column 'NeuSomatic SEQC-WGS-GT50-SpikeWGS10'",27.4,result
somatic-neusomatic-20261010-result-sahraeian2022-neusomatic-seqc-wgs-gt50-spikewgs10-titration-indel-spp-100x-50-t-spp-100x-100-n,somatic-neusomatic-20261010-source-sahraeian2022-additional-file-2,"Additional file 2 Table S3, INDELs section, row 'SPP_100x_50%T vs SPP_100x_100%N', column 'NeuSomatic SEQC-WGS-GT50-SpikeWGS10'",86.4,result
somatic-neusomatic-20261010-result-sahraeian2022-neusomatic-seqc-wgs-gt50-spikewgs10-titration-indel-spp-100x-75-t-spp-100x-100-n,somatic-neusomatic-20261010-source-sahraeian2022-additional-file-2,"Additional file 2 Table S3, INDELs section, row 'SPP_100x_75%T vs SPP_100x_100%N', column 'NeuSomatic SEQC-WGS-GT50-SpikeWGS10'",89.2,result
somatic-neusomatic-20261010-result-sahraeian2022-neusomatic-seqc-wgs-gt50-spikewgs10-titration-indel-spp-10x-10-t-spp-10x-100-n,somatic-neusomatic-20261010-source-sahraeian2022-additional-file-2,"Additional file 2 Table S3, INDELs section, row 'SPP_10x_10%T vs SPP_10x_100%N', column 'NeuSomatic SEQC-WGS-GT50-SpikeWGS10'",2.0,result
somatic-neusomatic-20261010-result-sahraeian2022-neusomatic-seqc-wgs-gt50-spikewgs10-titration-indel-spp-10x-100-t-spp-10x-100-n,somatic-neusomatic-20261010-source-sahraeian2022-additional-file-2,"Additional file 2 Table S3, INDELs section, row 'SPP_10x_100%T vs SPP_10x_100%N', column 'NeuSomatic SEQC-WGS-GT50-SpikeWGS10'",55.4,result
somatic-neusomatic-20261010-result-sahraeian2022-neusomatic-seqc-wgs-gt50-spikewgs10-titration-indel-spp-10x-20-t-spp-10x-100-n,somatic-neusomatic-20261010-source-sahraeian2022-additional-file-2,"Additional file 2 Table S3, INDELs section, row 'SPP_10x_20%T vs SPP_10x_100%N', column 'NeuSomatic SEQC-WGS-GT50-SpikeWGS10'",11.1,result
somatic-neusomatic-20261010-result-sahraeian2022-neusomatic-seqc-wgs-gt50-spikewgs10-titration-indel-spp-10x-5-t-spp-10x-100-n,somatic-neusomatic-20261010-source-sahraeian2022-additional-file-2,"Additional file 2 Table S3, INDELs section, row 'SPP_10x_5%T vs SPP_10x_100%N', column 'NeuSomatic SEQC-WGS-GT50-SpikeWGS10'",0.4,result
somatic-neusomatic-20261010-result-sahraeian2022-neusomatic-seqc-wgs-gt50-spikewgs10-titration-indel-spp-10x-50-t-spp-10x-100-n,somatic-neusomatic-20261010-source-sahraeian2022-additional-file-2,"Additional file 2 Table S3, INDELs section, row 'SPP_10x_50%T vs SPP_10x_100%N', column 'NeuSomatic SEQC-WGS-GT50-SpikeWGS10'",38.2,result
somatic-neusomatic-20261010-result-sahraeian2022-neusomatic-seqc-wgs-gt50-spikewgs10-titration-indel-spp-10x-75-t-spp-10x-100-n,somatic-neusomatic-20261010-source-sahraeian2022-additional-file-2,"Additional file 2 Table S3, INDELs section, row 'SPP_10x_75%T vs SPP_10x_100%N', column 'NeuSomatic SEQC-WGS-GT50-SpikeWGS10'",52.8,result
somatic-neusomatic-20261010-result-sahraeian2022-neusomatic-seqc-wgs-gt50-spikewgs10-titration-indel-spp-200x-10-t-spp-200x-100-n,somatic-neusomatic-20261010-source-sahraeian2022-additional-file-2,"Additional file 2 Table S3, INDELs section, row 'SPP_200x_10%T vs SPP_200x_100%N', column 'NeuSomatic SEQC-WGS-GT50-SpikeWGS10'",65.0,result
somatic-neusomatic-20261010-result-sahraeian2022-neusomatic-seqc-wgs-gt50-spikewgs10-titration-indel-spp-200x-100-t-spp-200x-100-n,somatic-neusomatic-20261010-source-sahraeian2022-additional-file-2,"Additional file 2 Table S3, INDELs section, row 'SPP_200x_100%T vs SPP_200x_100%N', column 'NeuSomatic SEQC-WGS-GT50-SpikeWGS10'",90.0,result
somatic-neusomatic-20261010-result-sahraeian2022-neusomatic-seqc-wgs-gt50-spikewgs10-titration-indel-spp-200x-20-t-spp-200x-100-n,somatic-neusomatic-20261010-source-sahraeian2022-additional-file-2,"Additional file 2 Table S3, INDELs section, row 'SPP_200x_20%T vs SPP_200x_100%N', column 'NeuSomatic SEQC-WGS-GT50-SpikeWGS10'",79.9,result
somatic-neusomatic-20261010-result-sahraeian2022-neusomatic-seqc-wgs-gt50-spikewgs10-titration-indel-spp-200x-5-t-spp-200x-100-n,somatic-neusomatic-20261010-source-sahraeian2022-additional-file-2,"Additional file 2 Table S3, INDELs section, row 'SPP_200x_5%T vs SPP_200x_100%N', column 'NeuSomatic SEQC-WGS-GT50-SpikeWGS10'",40.1,result
somatic-neusomatic-20261010-result-sahraeian2022-neusomatic-seqc-wgs-gt50-spikewgs10-titration-indel-spp-200x-50-t-spp-200x-100-n,somatic-neusomatic-20261010-source-sahraeian2022-additional-file-2,"Additional file 2 Table S3, INDELs section, row 'SPP_200x_50%T vs SPP_200x_100%N', column 'NeuSomatic SEQC-WGS-GT50-SpikeWGS10'",88.1,result
somatic-neusomatic-20261010-result-sahraeian2022-neusomatic-seqc-wgs-gt50-spikewgs10-titration-indel-spp-200x-75-t-spp-200x-100-n,somatic-neusomatic-20261010-source-sahraeian2022-additional-file-2,"Additional file 2 Table S3, INDELs section, row 'SPP_200x_75%T vs SPP_200x_100%N', column 'NeuSomatic SEQC-WGS-GT50-SpikeWGS10'",90.2,result
somatic-neusomatic-20261010-result-sahraeian2022-neusomatic-seqc-wgs-gt50-spikewgs10-titration-indel-spp-300x-10-t-spp-300x-100-n,somatic-neusomatic-20261010-source-sahraeian2022-additional-file-2,"Additional file 2 Table S3, INDELs section, row 'SPP_300x_10%T vs SPP_300x_100%N', column 'NeuSomatic SEQC-WGS-GT50-SpikeWGS10'",71.2,result
somatic-neusomatic-20261010-result-sahraeian2022-neusomatic-seqc-wgs-gt50-spikewgs10-titration-indel-spp-300x-100-t-spp-300x-100-n,somatic-neusomatic-20261010-source-sahraeian2022-additional-file-2,"Additional file 2 Table S3, INDELs section, row 'SPP_300x_100%T vs SPP_300x_100%N', column 'NeuSomatic SEQC-WGS-GT50-SpikeWGS10'",89.3,result
somatic-neusomatic-20261010-result-sahraeian2022-neusomatic-seqc-wgs-gt50-spikewgs10-titration-indel-spp-300x-20-t-spp-300x-100-n,somatic-neusomatic-20261010-source-sahraeian2022-additional-file-2,"Additional file 2 Table S3, INDELs section, row 'SPP_300x_20%T vs SPP_300x_100%N', column 'NeuSomatic SEQC-WGS-GT50-SpikeWGS10'",81.9,result
somatic-neusomatic-20261010-result-sahraeian2022-neusomatic-seqc-wgs-gt50-spikewgs10-titration-indel-spp-300x-5-t-spp-300x-100-n,somatic-neusomatic-20261010-source-sahraeian2022-additional-file-2,"Additional file 2 Table S3, INDELs section, row 'SPP_300x_5%T vs SPP_300x_100%N', column 'NeuSomatic SEQC-WGS-GT50-SpikeWGS10'",49.4,result
somatic-neusomatic-20261010-result-sahraeian2022-neusomatic-seqc-wgs-gt50-spikewgs10-titration-indel-spp-300x-50-t-spp-300x-100-n,somatic-neusomatic-20261010-source-sahraeian2022-additional-file-2,"Additional file 2 Table S3, INDELs section, row 'SPP_300x_50%T vs SPP_300x_100%N', column 'NeuSomatic SEQC-WGS-GT50-SpikeWGS10'",88.4,result
somatic-neusomatic-20261010-result-sahraeian2022-neusomatic-seqc-wgs-gt50-spikewgs10-titration-indel-spp-300x-75-t-spp-300x-100-n,somatic-neusomatic-20261010-source-sahraeian2022-additional-file-2,"Additional file 2 Table S3, INDELs section, row 'SPP_300x_75%T vs SPP_300x_100%N', column 'NeuSomatic SEQC-WGS-GT50-SpikeWGS10'",90.2,result
somatic-neusomatic-20261010-result-sahraeian2022-neusomatic-seqc-wgs-gt50-spikewgs10-titration-indel-spp-30x-10-t-spp-30x-100-n,somatic-neusomatic-20261010-source-sahraeian2022-additional-file-2,"Additional file 2 Table S3, INDELs section, row 'SPP_30x_10%T vs SPP_30x_100%N', column 'NeuSomatic SEQC-WGS-GT50-SpikeWGS10'",19.1,result
somatic-neusomatic-20261010-result-sahraeian2022-neusomatic-seqc-wgs-gt50-spikewgs10-titration-indel-spp-30x-100-t-spp-30x-100-n,somatic-neusomatic-20261010-source-sahraeian2022-additional-file-2,"Additional file 2 Table S3, INDELs section, row 'SPP_30x_100%T vs SPP_30x_100%N', column 'NeuSomatic SEQC-WGS-GT50-SpikeWGS10'",84.9,result
somatic-neusomatic-20261010-result-sahraeian2022-neusomatic-seqc-wgs-gt50-spikewgs10-titration-indel-spp-30x-20-t-spp-30x-100-n,somatic-neusomatic-20261010-source-sahraeian2022-additional-file-2,"Additional file 2 Table S3, INDELs section, row 'SPP_30x_20%T vs SPP_30x_100%N', column 'NeuSomatic SEQC-WGS-GT50-SpikeWGS10'",47.1,result
somatic-neusomatic-20261010-result-sahraeian2022-neusomatic-seqc-wgs-gt50-spikewgs10-titration-indel-spp-30x-5-t-spp-30x-100-n,somatic-neusomatic-20261010-source-sahraeian2022-additional-file-2,"Additional file 2 Table S3, INDELs section, row 'SPP_30x_5%T vs SPP_30x_100%N', column 'NeuSomatic SEQC-WGS-GT50-SpikeWGS10'",6.2,result
somatic-neusomatic-20261010-result-sahraeian2022-neusomatic-seqc-wgs-gt50-spikewgs10-titration-indel-spp-30x-50-t-spp-30x-100-n,somatic-neusomatic-20261010-source-sahraeian2022-additional-file-2,"Additional file 2 Table S3, INDELs section, row 'SPP_30x_50%T vs SPP_30x_100%N', column 'NeuSomatic SEQC-WGS-GT50-SpikeWGS10'",75.1,result
somatic-neusomatic-20261010-result-sahraeian2022-neusomatic-seqc-wgs-gt50-spikewgs10-titration-indel-spp-30x-75-t-spp-30x-100-n,somatic-neusomatic-20261010-source-sahraeian2022-additional-file-2,"Additional file 2 Table S3, INDELs section, row 'SPP_30x_75%T vs SPP_30x_100%N', column 'NeuSomatic SEQC-WGS-GT50-SpikeWGS10'",83.7,result
somatic-neusomatic-20261010-result-sahraeian2022-neusomatic-seqc-wgs-gt50-spikewgs10-titration-indel-spp-50x-10-t-spp-50x-100-n,somatic-neusomatic-20261010-source-sahraeian2022-additional-file-2,"Additional file 2 Table S3, INDELs section, row 'SPP_50x_10%T vs SPP_50x_100%N', column 'NeuSomatic SEQC-WGS-GT50-SpikeWGS10'",35.2,result
somatic-neusomatic-20261010-result-sahraeian2022-neusomatic-seqc-wgs-gt50-spikewgs10-titration-indel-spp-50x-100-t-spp-50x-100-n,somatic-neusomatic-20261010-source-sahraeian2022-additional-file-2,"Additional file 2 Table S3, INDELs section, row 'SPP_50x_100%T vs SPP_50x_100%N', column 'NeuSomatic SEQC-WGS-GT50-SpikeWGS10'",87.6,result
somatic-neusomatic-20261010-result-sahraeian2022-neusomatic-seqc-wgs-gt50-spikewgs10-titration-indel-spp-50x-20-t-spp-50x-100-n,somatic-neusomatic-20261010-source-sahraeian2022-additional-file-2,"Additional file 2 Table S3, INDELs section, row 'SPP_50x_20%T vs SPP_50x_100%N', column 'NeuSomatic SEQC-WGS-GT50-SpikeWGS10'",64.2,result
somatic-neusomatic-20261010-result-sahraeian2022-neusomatic-seqc-wgs-gt50-spikewgs10-titration-indel-spp-50x-5-t-spp-50x-100-n,somatic-neusomatic-20261010-source-sahraeian2022-additional-file-2,"Additional file 2 Table S3, INDELs section, row 'SPP_50x_5%T vs SPP_50x_100%N', column 'NeuSomatic SEQC-WGS-GT50-SpikeWGS10'",15.1,result
somatic-neusomatic-20261010-result-sahraeian2022-neusomatic-seqc-wgs-gt50-spikewgs10-titration-indel-spp-50x-50-t-spp-50x-100-n,somatic-neusomatic-20261010-source-sahraeian2022-additional-file-2,"Additional file 2 Table S3, INDELs section, row 'SPP_50x_50%T vs SPP_50x_100%N', column 'NeuSomatic SEQC-WGS-GT50-SpikeWGS10'",84.4,result
somatic-neusomatic-20261010-result-sahraeian2022-neusomatic-seqc-wgs-gt50-spikewgs10-titration-indel-spp-50x-75-t-spp-50x-100-n,somatic-neusomatic-20261010-source-sahraeian2022-additional-file-2,"Additional file 2 Table S3, INDELs section, row 'SPP_50x_75%T vs SPP_50x_100%N', column 'NeuSomatic SEQC-WGS-GT50-SpikeWGS10'",87.9,result
somatic-neusomatic-20261010-result-sahraeian2022-neusomatic-seqc-wgs-gt50-spikewgs10-titration-indel-spp-80x-10-t-spp-80x-100-n,somatic-neusomatic-20261010-source-sahraeian2022-additional-file-2,"Additional file 2 Table S3, INDELs section, row 'SPP_80x_10%T vs SPP_80x_100%N', column 'NeuSomatic SEQC-WGS-GT50-SpikeWGS10'",48.7,result
somatic-neusomatic-20261010-result-sahraeian2022-neusomatic-seqc-wgs-gt50-spikewgs10-titration-indel-spp-80x-10-t-spp-80x-95-n,somatic-neusomatic-20261010-source-sahraeian2022-additional-file-2,"Additional file 2 Table S3, INDELs section, row 'SPP_80x_10%T vs SPP_80x_95%N', column 'NeuSomatic SEQC-WGS-GT50-SpikeWGS10'",22.2,result
somatic-neusomatic-20261010-result-sahraeian2022-neusomatic-seqc-wgs-gt50-spikewgs10-titration-indel-spp-80x-100-t-spp-80x-100-n,somatic-neusomatic-20261010-source-sahraeian2022-additional-file-2,"Additional file 2 Table S3, INDELs section, row 'SPP_80x_100%T vs SPP_80x_100%N', column 'NeuSomatic SEQC-WGS-GT50-SpikeWGS10'",89.1,result
somatic-neusomatic-20261010-result-sahraeian2022-neusomatic-seqc-wgs-gt50-spikewgs10-titration-indel-spp-80x-100-t-spp-80x-95-n,somatic-neusomatic-20261010-source-sahraeian2022-additional-file-2,"Additional file 2 Table S3, INDELs section, row 'SPP_80x_100%T vs SPP_80x_95%N', column 'NeuSomatic SEQC-WGS-GT50-SpikeWGS10'",86.8,result
somatic-neusomatic-20261010-result-sahraeian2022-neusomatic-seqc-wgs-gt50-spikewgs10-titration-indel-spp-80x-20-t-spp-80x-100-n,somatic-neusomatic-20261010-source-sahraeian2022-additional-file-2,"Additional file 2 Table S3, INDELs section, row 'SPP_80x_20%T vs SPP_80x_100%N', column 'NeuSomatic SEQC-WGS-GT50-SpikeWGS10'",72.1,result
somatic-neusomatic-20261010-result-sahraeian2022-neusomatic-seqc-wgs-gt50-spikewgs10-titration-indel-spp-80x-20-t-spp-80x-95-n,somatic-neusomatic-20261010-source-sahraeian2022-additional-file-2,"Additional file 2 Table S3, INDELs section, row 'SPP_80x_20%T vs SPP_80x_95%N', column 'NeuSomatic SEQC-WGS-GT50-SpikeWGS10'",52.9,result
somatic-neusomatic-20261010-result-sahraeian2022-neusomatic-seqc-wgs-gt50-spikewgs10-titration-indel-spp-80x-5-t-spp-80x-100-n,somatic-neusomatic-20261010-source-sahraeian2022-additional-file-2,"Additional file 2 Table S3, INDELs section, row 'SPP_80x_5%T vs SPP_80x_100%N', column 'NeuSomatic SEQC-WGS-GT50-SpikeWGS10'",23.7,result
somatic-neusomatic-20261010-result-sahraeian2022-neusomatic-seqc-wgs-gt50-spikewgs10-titration-indel-spp-80x-50-t-spp-80x-100-n,somatic-neusomatic-20261010-source-sahraeian2022-additional-file-2,"Additional file 2 Table S3, INDELs section, row 'SPP_80x_50%T vs SPP_80x_100%N', column 'NeuSomatic SEQC-WGS-GT50-SpikeWGS10'",86.3,result
somatic-neusomatic-20261010-result-sahraeian2022-neusomatic-seqc-wgs-gt50-spikewgs10-titration-indel-spp-80x-50-t-spp-80x-95-n,somatic-neusomatic-20261010-source-sahraeian2022-additional-file-2,"Additional file 2 Table S3, INDELs section, row 'SPP_80x_50%T vs SPP_80x_95%N', column 'NeuSomatic SEQC-WGS-GT50-SpikeWGS10'",80.4,result
somatic-neusomatic-20261010-result-sahraeian2022-neusomatic-seqc-wgs-gt50-spikewgs10-titration-indel-spp-80x-75-t-spp-80x-100-n,somatic-neusomatic-20261010-source-sahraeian2022-additional-file-2,"Additional file 2 Table S3, INDELs section, row 'SPP_80x_75%T vs SPP_80x_100%N', column 'NeuSomatic SEQC-WGS-GT50-SpikeWGS10'",88.8,result
somatic-neusomatic-20261010-result-sahraeian2022-neusomatic-seqc-wgs-gt50-spikewgs10-titration-indel-spp-80x-75-t-spp-80x-95-n,somatic-neusomatic-20261010-source-sahraeian2022-additional-file-2,"Additional file 2 Table S3, INDELs section, row 'SPP_80x_75%T vs SPP_80x_95%N', column 'NeuSomatic SEQC-WGS-GT50-SpikeWGS10'",85.6,result
somatic-neusomatic-20261010-result-sahraeian2022-neusomatic-seqc-wgs-gt50-spikewgs10-titration-snv-average,somatic-neusomatic-20261010-source-sahraeian2022-additional-file-2,"Additional file 2 Table S3, SNVs section, row 'Average', column 'NeuSomatic SEQC-WGS-GT50-SpikeWGS10'",69.4,result
somatic-neusomatic-20261010-result-sahraeian2022-neusomatic-seqc-wgs-gt50-spikewgs10-titration-snv-spp-100x-10-t-spp-100x-100-n,somatic-neusomatic-20261010-source-sahraeian2022-additional-file-2,"Additional file 2 Table S3, SNVs section, row 'SPP_100x_10%T vs SPP_100x_100%N', column 'NeuSomatic SEQC-WGS-GT50-SpikeWGS10'",63.6,result
somatic-neusomatic-20261010-result-sahraeian2022-neusomatic-seqc-wgs-gt50-spikewgs10-titration-snv-spp-100x-100-t-spp-100x-100-n,somatic-neusomatic-20261010-source-sahraeian2022-additional-file-2,"Additional file 2 Table S3, SNVs section, row 'SPP_100x_100%T vs SPP_100x_100%N', column 'NeuSomatic SEQC-WGS-GT50-SpikeWGS10'",98.0,result
somatic-neusomatic-20261010-result-sahraeian2022-neusomatic-seqc-wgs-gt50-spikewgs10-titration-snv-spp-100x-20-t-spp-100x-100-n,somatic-neusomatic-20261010-source-sahraeian2022-additional-file-2,"Additional file 2 Table S3, SNVs section, row 'SPP_100x_20%T vs SPP_100x_100%N', column 'NeuSomatic SEQC-WGS-GT50-SpikeWGS10'",83.5,result
somatic-neusomatic-20261010-result-sahraeian2022-neusomatic-seqc-wgs-gt50-spikewgs10-titration-snv-spp-100x-5-t-spp-100x-100-n,somatic-neusomatic-20261010-source-sahraeian2022-additional-file-2,"Additional file 2 Table S3, SNVs section, row 'SPP_100x_5%T vs SPP_100x_100%N', column 'NeuSomatic SEQC-WGS-GT50-SpikeWGS10'",33.6,result
somatic-neusomatic-20261010-result-sahraeian2022-neusomatic-seqc-wgs-gt50-spikewgs10-titration-snv-spp-100x-50-t-spp-100x-100-n,somatic-neusomatic-20261010-source-sahraeian2022-additional-file-2,"Additional file 2 Table S3, SNVs section, row 'SPP_100x_50%T vs SPP_100x_100%N', column 'NeuSomatic SEQC-WGS-GT50-SpikeWGS10'",93.8,result
somatic-neusomatic-20261010-result-sahraeian2022-neusomatic-seqc-wgs-gt50-spikewgs10-titration-snv-spp-100x-75-t-spp-100x-100-n,somatic-neusomatic-20261010-source-sahraeian2022-additional-file-2,"Additional file 2 Table S3, SNVs section, row 'SPP_100x_75%T vs SPP_100x_100%N', column 'NeuSomatic SEQC-WGS-GT50-SpikeWGS10'",96.6,result
somatic-neusomatic-20261010-result-sahraeian2022-neusomatic-seqc-wgs-gt50-spikewgs10-titration-snv-spp-10x-10-t-spp-10x-100-n,somatic-neusomatic-20261010-source-sahraeian2022-additional-file-2,"Additional file 2 Table S3, SNVs section, row 'SPP_10x_10%T vs SPP_10x_100%N', column 'NeuSomatic SEQC-WGS-GT50-SpikeWGS10'",4.9,result
somatic-neusomatic-20261010-result-sahraeian2022-neusomatic-seqc-wgs-gt50-spikewgs10-titration-snv-spp-10x-100-t-spp-10x-100-n,somatic-neusomatic-20261010-source-sahraeian2022-additional-file-2,"Additional file 2 Table S3, SNVs section, row 'SPP_10x_100%T vs SPP_10x_100%N', column 'NeuSomatic SEQC-WGS-GT50-SpikeWGS10'",69.6,result
somatic-neusomatic-20261010-result-sahraeian2022-neusomatic-seqc-wgs-gt50-spikewgs10-titration-snv-spp-10x-20-t-spp-10x-100-n,somatic-neusomatic-20261010-source-sahraeian2022-additional-file-2,"Additional file 2 Table S3, SNVs section, row 'SPP_10x_20%T vs SPP_10x_100%N', column 'NeuSomatic SEQC-WGS-GT50-SpikeWGS10'",16.6,result
somatic-neusomatic-20261010-result-sahraeian2022-neusomatic-seqc-wgs-gt50-spikewgs10-titration-snv-spp-10x-5-t-spp-10x-100-n,somatic-neusomatic-20261010-source-sahraeian2022-additional-file-2,"Additional file 2 Table S3, SNVs section, row 'SPP_10x_5%T vs SPP_10x_100%N', column 'NeuSomatic SEQC-WGS-GT50-SpikeWGS10'",1.4,result
somatic-neusomatic-20261010-result-sahraeian2022-neusomatic-seqc-wgs-gt50-spikewgs10-titration-snv-spp-10x-50-t-spp-10x-100-n,somatic-neusomatic-20261010-source-sahraeian2022-additional-file-2,"Additional file 2 Table S3, SNVs section, row 'SPP_10x_50%T vs SPP_10x_100%N', column 'NeuSomatic SEQC-WGS-GT50-SpikeWGS10'",49.8,result
somatic-neusomatic-20261010-result-sahraeian2022-neusomatic-seqc-wgs-gt50-spikewgs10-titration-snv-spp-10x-75-t-spp-10x-100-n,somatic-neusomatic-20261010-source-sahraeian2022-additional-file-2,"Additional file 2 Table S3, SNVs section, row 'SPP_10x_75%T vs SPP_10x_100%N', column 'NeuSomatic SEQC-WGS-GT50-SpikeWGS10'",64.1,result
somatic-neusomatic-20261010-result-sahraeian2022-neusomatic-seqc-wgs-gt50-spikewgs10-titration-snv-spp-200x-10-t-spp-200x-100-n,somatic-neusomatic-20261010-source-sahraeian2022-additional-file-2,"Additional file 2 Table S3, SNVs section, row 'SPP_200x_10%T vs SPP_200x_100%N', column 'NeuSomatic SEQC-WGS-GT50-SpikeWGS10'",72.7,result
somatic-neusomatic-20261010-result-sahraeian2022-neusomatic-seqc-wgs-gt50-spikewgs10-titration-snv-spp-200x-100-t-spp-200x-100-n,somatic-neusomatic-20261010-source-sahraeian2022-additional-file-2,"Additional file 2 Table S3, SNVs section, row 'SPP_200x_100%T vs SPP_200x_100%N', column 'NeuSomatic SEQC-WGS-GT50-SpikeWGS10'",98.8,result
somatic-neusomatic-20261010-result-sahraeian2022-neusomatic-seqc-wgs-gt50-spikewgs10-titration-snv-spp-200x-20-t-spp-200x-100-n,somatic-neusomatic-20261010-source-sahraeian2022-additional-file-2,"Additional file 2 Table S3, SNVs section, row 'SPP_200x_20%T vs SPP_200x_100%N', column 'NeuSomatic SEQC-WGS-GT50-SpikeWGS10'",87.4,result
somatic-neusomatic-20261010-result-sahraeian2022-neusomatic-seqc-wgs-gt50-spikewgs10-titration-snv-spp-200x-5-t-spp-200x-100-n,somatic-neusomatic-20261010-source-sahraeian2022-additional-file-2,"Additional file 2 Table S3, SNVs section, row 'SPP_200x_5%T vs SPP_200x_100%N', column 'NeuSomatic SEQC-WGS-GT50-SpikeWGS10'",43.9,result
somatic-neusomatic-20261010-result-sahraeian2022-neusomatic-seqc-wgs-gt50-spikewgs10-titration-snv-spp-200x-50-t-spp-200x-100-n,somatic-neusomatic-20261010-source-sahraeian2022-additional-file-2,"Additional file 2 Table S3, SNVs section, row 'SPP_200x_50%T vs SPP_200x_100%N', column 'NeuSomatic SEQC-WGS-GT50-SpikeWGS10'",95.6,result
somatic-neusomatic-20261010-result-sahraeian2022-neusomatic-seqc-wgs-gt50-spikewgs10-titration-snv-spp-200x-75-t-spp-200x-100-n,somatic-neusomatic-20261010-source-sahraeian2022-additional-file-2,"Additional file 2 Table S3, SNVs section, row 'SPP_200x_75%T vs SPP_200x_100%N', column 'NeuSomatic SEQC-WGS-GT50-SpikeWGS10'",97.5,result
somatic-neusomatic-20261010-result-sahraeian2022-neusomatic-seqc-wgs-gt50-spikewgs10-titration-snv-spp-300x-10-t-spp-300x-100-n,somatic-neusomatic-20261010-source-sahraeian2022-additional-file-2,"Additional file 2 Table S3, SNVs section, row 'SPP_300x_10%T vs SPP_300x_100%N', column 'NeuSomatic SEQC-WGS-GT50-SpikeWGS10'",77.3,result
somatic-neusomatic-20261010-result-sahraeian2022-neusomatic-seqc-wgs-gt50-spikewgs10-titration-snv-spp-300x-100-t-spp-300x-100-n,somatic-neusomatic-20261010-source-sahraeian2022-additional-file-2,"Additional file 2 Table S3, SNVs section, row 'SPP_300x_100%T vs SPP_300x_100%N', column 'NeuSomatic SEQC-WGS-GT50-SpikeWGS10'",98.9,result
somatic-neusomatic-20261010-result-sahraeian2022-neusomatic-seqc-wgs-gt50-spikewgs10-titration-snv-spp-300x-20-t-spp-300x-100-n,somatic-neusomatic-20261010-source-sahraeian2022-additional-file-2,"Additional file 2 Table S3, SNVs section, row 'SPP_300x_20%T vs SPP_300x_100%N', column 'NeuSomatic SEQC-WGS-GT50-SpikeWGS10'",89.6,result
somatic-neusomatic-20261010-result-sahraeian2022-neusomatic-seqc-wgs-gt50-spikewgs10-titration-snv-spp-300x-5-t-spp-300x-100-n,somatic-neusomatic-20261010-source-sahraeian2022-additional-file-2,"Additional file 2 Table S3, SNVs section, row 'SPP_300x_5%T vs SPP_300x_100%N', column 'NeuSomatic SEQC-WGS-GT50-SpikeWGS10'",54.0,result
somatic-neusomatic-20261010-result-sahraeian2022-neusomatic-seqc-wgs-gt50-spikewgs10-titration-snv-spp-300x-50-t-spp-300x-100-n,somatic-neusomatic-20261010-source-sahraeian2022-additional-file-2,"Additional file 2 Table S3, SNVs section, row 'SPP_300x_50%T vs SPP_300x_100%N', column 'NeuSomatic SEQC-WGS-GT50-SpikeWGS10'",97.0,result
somatic-neusomatic-20261010-result-sahraeian2022-neusomatic-seqc-wgs-gt50-spikewgs10-titration-snv-spp-300x-75-t-spp-300x-100-n,somatic-neusomatic-20261010-source-sahraeian2022-additional-file-2,"Additional file 2 Table S3, SNVs section, row 'SPP_300x_75%T vs SPP_300x_100%N', column 'NeuSomatic SEQC-WGS-GT50-SpikeWGS10'",98.3,result
somatic-neusomatic-20261010-result-sahraeian2022-neusomatic-seqc-wgs-gt50-spikewgs10-titration-snv-spp-30x-10-t-spp-30x-100-n,somatic-neusomatic-20261010-source-sahraeian2022-additional-file-2,"Additional file 2 Table S3, SNVs section, row 'SPP_30x_10%T vs SPP_30x_100%N', column 'NeuSomatic SEQC-WGS-GT50-SpikeWGS10'",23.9,result
somatic-neusomatic-20261010-result-sahraeian2022-neusomatic-seqc-wgs-gt50-spikewgs10-titration-snv-spp-30x-100-t-spp-30x-100-n,somatic-neusomatic-20261010-source-sahraeian2022-additional-file-2,"Additional file 2 Table S3, SNVs section, row 'SPP_30x_100%T vs SPP_30x_100%N', column 'NeuSomatic SEQC-WGS-GT50-SpikeWGS10'",91.9,result
somatic-neusomatic-20261010-result-sahraeian2022-neusomatic-seqc-wgs-gt50-spikewgs10-titration-snv-spp-30x-20-t-spp-30x-100-n,somatic-neusomatic-20261010-source-sahraeian2022-additional-file-2,"Additional file 2 Table S3, SNVs section, row 'SPP_30x_20%T vs SPP_30x_100%N', column 'NeuSomatic SEQC-WGS-GT50-SpikeWGS10'",53.8,result
somatic-neusomatic-20261010-result-sahraeian2022-neusomatic-seqc-wgs-gt50-spikewgs10-titration-snv-spp-30x-5-t-spp-30x-100-n,somatic-neusomatic-20261010-source-sahraeian2022-additional-file-2,"Additional file 2 Table S3, SNVs section, row 'SPP_30x_5%T vs SPP_30x_100%N', column 'NeuSomatic SEQC-WGS-GT50-SpikeWGS10'",6.7,result
somatic-neusomatic-20261010-result-sahraeian2022-neusomatic-seqc-wgs-gt50-spikewgs10-titration-snv-spp-30x-50-t-spp-30x-100-n,somatic-neusomatic-20261010-source-sahraeian2022-additional-file-2,"Additional file 2 Table S3, SNVs section, row 'SPP_30x_50%T vs SPP_30x_100%N', column 'NeuSomatic SEQC-WGS-GT50-SpikeWGS10'",83.2,result
somatic-neusomatic-20261010-result-sahraeian2022-neusomatic-seqc-wgs-gt50-spikewgs10-titration-snv-spp-30x-75-t-spp-30x-100-n,somatic-neusomatic-20261010-source-sahraeian2022-additional-file-2,"Additional file 2 Table S3, SNVs section, row 'SPP_30x_75%T vs SPP_30x_100%N', column 'NeuSomatic SEQC-WGS-GT50-SpikeWGS10'",89.4,result
somatic-neusomatic-20261010-result-sahraeian2022-neusomatic-seqc-wgs-gt50-spikewgs10-titration-snv-spp-50x-10-t-spp-50x-100-n,somatic-neusomatic-20261010-source-sahraeian2022-additional-file-2,"Additional file 2 Table S3, SNVs section, row 'SPP_50x_10%T vs SPP_50x_100%N', column 'NeuSomatic SEQC-WGS-GT50-SpikeWGS10'",41.0,result
somatic-neusomatic-20261010-result-sahraeian2022-neusomatic-seqc-wgs-gt50-spikewgs10-titration-snv-spp-50x-100-t-spp-50x-100-n,somatic-neusomatic-20261010-source-sahraeian2022-additional-file-2,"Additional file 2 Table S3, SNVs section, row 'SPP_50x_100%T vs SPP_50x_100%N', column 'NeuSomatic SEQC-WGS-GT50-SpikeWGS10'",95.0,result
somatic-neusomatic-20261010-result-sahraeian2022-neusomatic-seqc-wgs-gt50-spikewgs10-titration-snv-spp-50x-20-t-spp-50x-100-n,somatic-neusomatic-20261010-source-sahraeian2022-additional-file-2,"Additional file 2 Table S3, SNVs section, row 'SPP_50x_20%T vs SPP_50x_100%N', column 'NeuSomatic SEQC-WGS-GT50-SpikeWGS10'",70.3,result
somatic-neusomatic-20261010-result-sahraeian2022-neusomatic-seqc-wgs-gt50-spikewgs10-titration-snv-spp-50x-5-t-spp-50x-100-n,somatic-neusomatic-20261010-source-sahraeian2022-additional-file-2,"Additional file 2 Table S3, SNVs section, row 'SPP_50x_5%T vs SPP_50x_100%N', column 'NeuSomatic SEQC-WGS-GT50-SpikeWGS10'",14.9,result
somatic-neusomatic-20261010-result-sahraeian2022-neusomatic-seqc-wgs-gt50-spikewgs10-titration-snv-spp-50x-50-t-spp-50x-100-n,somatic-neusomatic-20261010-source-sahraeian2022-additional-file-2,"Additional file 2 Table S3, SNVs section, row 'SPP_50x_50%T vs SPP_50x_100%N', column 'NeuSomatic SEQC-WGS-GT50-SpikeWGS10'",89.7,result
somatic-neusomatic-20261010-result-sahraeian2022-neusomatic-seqc-wgs-gt50-spikewgs10-titration-snv-spp-50x-75-t-spp-50x-100-n,somatic-neusomatic-20261010-source-sahraeian2022-additional-file-2,"Additional file 2 Table S3, SNVs section, row 'SPP_50x_75%T vs SPP_50x_100%N', column 'NeuSomatic SEQC-WGS-GT50-SpikeWGS10'",93.3,result
somatic-neusomatic-20261010-result-sahraeian2022-neusomatic-seqc-wgs-gt50-spikewgs10-titration-snv-spp-80x-10-t-spp-80x-100-n,somatic-neusomatic-20261010-source-sahraeian2022-additional-file-2,"Additional file 2 Table S3, SNVs section, row 'SPP_80x_10%T vs SPP_80x_100%N', column 'NeuSomatic SEQC-WGS-GT50-SpikeWGS10'",57.0,result
somatic-neusomatic-20261010-result-sahraeian2022-neusomatic-seqc-wgs-gt50-spikewgs10-titration-snv-spp-80x-10-t-spp-80x-95-n,somatic-neusomatic-20261010-source-sahraeian2022-additional-file-2,"Additional file 2 Table S3, SNVs section, row 'SPP_80x_10%T vs SPP_80x_95%N', column 'NeuSomatic SEQC-WGS-GT50-SpikeWGS10'",31.1,result
somatic-neusomatic-20261010-result-sahraeian2022-neusomatic-seqc-wgs-gt50-spikewgs10-titration-snv-spp-80x-100-t-spp-80x-100-n,somatic-neusomatic-20261010-source-sahraeian2022-additional-file-2,"Additional file 2 Table S3, SNVs section, row 'SPP_80x_100%T vs SPP_80x_100%N', column 'NeuSomatic SEQC-WGS-GT50-SpikeWGS10'",97.5,result
somatic-neusomatic-20261010-result-sahraeian2022-neusomatic-seqc-wgs-gt50-spikewgs10-titration-snv-spp-80x-100-t-spp-80x-95-n,somatic-neusomatic-20261010-source-sahraeian2022-additional-file-2,"Additional file 2 Table S3, SNVs section, row 'SPP_80x_100%T vs SPP_80x_95%N', column 'NeuSomatic SEQC-WGS-GT50-SpikeWGS10'",96.3,result
somatic-neusomatic-20261010-result-sahraeian2022-neusomatic-seqc-wgs-gt50-spikewgs10-titration-snv-spp-80x-20-t-spp-80x-100-n,somatic-neusomatic-20261010-source-sahraeian2022-additional-file-2,"Additional file 2 Table S3, SNVs section, row 'SPP_80x_20%T vs SPP_80x_100%N', column 'NeuSomatic SEQC-WGS-GT50-SpikeWGS10'",80.0,result
somatic-neusomatic-20261010-result-sahraeian2022-neusomatic-seqc-wgs-gt50-spikewgs10-titration-snv-spp-80x-20-t-spp-80x-95-n,somatic-neusomatic-20261010-source-sahraeian2022-additional-file-2,"Additional file 2 Table S3, SNVs section, row 'SPP_80x_20%T vs SPP_80x_95%N', column 'NeuSomatic SEQC-WGS-GT50-SpikeWGS10'",63.3,result
somatic-neusomatic-20261010-result-sahraeian2022-neusomatic-seqc-wgs-gt50-spikewgs10-titration-snv-spp-80x-5-t-spp-80x-100-n,somatic-neusomatic-20261010-source-sahraeian2022-additional-file-2,"Additional file 2 Table S3, SNVs section, row 'SPP_80x_5%T vs SPP_80x_100%N', column 'NeuSomatic SEQC-WGS-GT50-SpikeWGS10'",26.9,result
somatic-neusomatic-20261010-result-sahraeian2022-neusomatic-seqc-wgs-gt50-spikewgs10-titration-snv-spp-80x-50-t-spp-80x-100-n,somatic-neusomatic-20261010-source-sahraeian2022-additional-file-2,"Additional file 2 Table S3, SNVs section, row 'SPP_80x_50%T vs SPP_80x_100%N', column 'NeuSomatic SEQC-WGS-GT50-SpikeWGS10'",93.0,result
somatic-neusomatic-20261010-result-sahraeian2022-neusomatic-seqc-wgs-gt50-spikewgs10-titration-snv-spp-80x-50-t-spp-80x-95-n,somatic-neusomatic-20261010-source-sahraeian2022-additional-file-2,"Additional file 2 Table S3, SNVs section, row 'SPP_80x_50%T vs SPP_80x_95%N', column 'NeuSomatic SEQC-WGS-GT50-SpikeWGS10'",89.3,result
somatic-neusomatic-20261010-result-sahraeian2022-neusomatic-seqc-wgs-gt50-spikewgs10-titration-snv-spp-80x-75-t-spp-80x-100-n,somatic-neusomatic-20261010-source-sahraeian2022-additional-file-2,"Additional file 2 Table S3, SNVs section, row 'SPP_80x_75%T vs SPP_80x_100%N', column 'NeuSomatic SEQC-WGS-GT50-SpikeWGS10'",95.7,result
somatic-neusomatic-20261010-result-sahraeian2022-neusomatic-seqc-wgs-gt50-spikewgs10-titration-snv-spp-80x-75-t-spp-80x-95-n,somatic-neusomatic-20261010-source-sahraeian2022-additional-file-2,"Additional file 2 Table S3, SNVs section, row 'SPP_80x_75%T vs SPP_80x_95%N', column 'NeuSomatic SEQC-WGS-GT50-SpikeWGS10'",93.8,result
somatic-neusomatic-20261010-result-sahraeian2022-neusomatic-seqc-wgs-gt50-spikewgs10-wgs-indel-average,somatic-neusomatic-20261010-source-sahraeian2022-additional-file-2,"Additional file 2 Table S2, INDELs section, row 'Average', column 'NeuSomatic SEQC-WGS-GT50-SpikeWGS10'",87.9,result
somatic-neusomatic-20261010-result-sahraeian2022-neusomatic-seqc-wgs-gt50-spikewgs10-wgs-indel-wgs-ea-t-1-wgs-ea-n-1,somatic-neusomatic-20261010-source-sahraeian2022-additional-file-2,"Additional file 2 Table S2, INDELs section, row 'WGS_EA_T_1 vs WGS_EA_N_1', column 'NeuSomatic SEQC-WGS-GT50-SpikeWGS10'",89.9,result
somatic-neusomatic-20261010-result-sahraeian2022-neusomatic-seqc-wgs-gt50-spikewgs10-wgs-indel-wgs-fd-t-1-wgs-fd-n-1,somatic-neusomatic-20261010-source-sahraeian2022-additional-file-2,"Additional file 2 Table S2, INDELs section, row 'WGS_FD_T_1 vs WGS_FD_N_1', column 'NeuSomatic SEQC-WGS-GT50-SpikeWGS10'",88.4,result
somatic-neusomatic-20261010-result-sahraeian2022-neusomatic-seqc-wgs-gt50-spikewgs10-wgs-indel-wgs-fd-t-2-wgs-fd-n-2,somatic-neusomatic-20261010-source-sahraeian2022-additional-file-2,"Additional file 2 Table S2, INDELs section, row 'WGS_FD_T_2 vs WGS_FD_N_2', column 'NeuSomatic SEQC-WGS-GT50-SpikeWGS10'",88.7,result
somatic-neusomatic-20261010-result-sahraeian2022-neusomatic-seqc-wgs-gt50-spikewgs10-wgs-indel-wgs-fd-t-3-wgs-fd-n-3,somatic-neusomatic-20261010-source-sahraeian2022-additional-file-2,"Additional file 2 Table S2, INDELs section, row 'WGS_FD_T_3 vs WGS_FD_N_3', column 'NeuSomatic SEQC-WGS-GT50-SpikeWGS10'",88.5,result
somatic-neusomatic-20261010-result-sahraeian2022-neusomatic-seqc-wgs-gt50-spikewgs10-wgs-indel-wgs-il-t-1-wgs-il-n-1,somatic-neusomatic-20261010-source-sahraeian2022-additional-file-2,"Additional file 2 Table S2, INDELs section, row 'WGS_IL_T_1 vs WGS_IL_N_1', column 'NeuSomatic SEQC-WGS-GT50-SpikeWGS10'",89.0,result
somatic-neusomatic-20261010-result-sahraeian2022-neusomatic-seqc-wgs-gt50-spikewgs10-wgs-indel-wgs-il-t-2-wgs-il-n-2,somatic-neusomatic-20261010-source-sahraeian2022-additional-file-2,"Additional file 2 Table S2, INDELs section, row 'WGS_IL_T_2 vs WGS_IL_N_2', column 'NeuSomatic SEQC-WGS-GT50-SpikeWGS10'",88.3,result
somatic-neusomatic-20261010-result-sahraeian2022-neusomatic-seqc-wgs-gt50-spikewgs10-wgs-indel-wgs-il-t-3-wgs-il-n-3,somatic-neusomatic-20261010-source-sahraeian2022-additional-file-2,"Additional file 2 Table S2, INDELs section, row 'WGS_IL_T_3 vs WGS_IL_N_3', column 'NeuSomatic SEQC-WGS-GT50-SpikeWGS10'",86.4,result
somatic-neusomatic-20261010-result-sahraeian2022-neusomatic-seqc-wgs-gt50-spikewgs10-wgs-indel-wgs-ll-t-1-wgs-ll-n-1,somatic-neusomatic-20261010-source-sahraeian2022-additional-file-2,"Additional file 2 Table S2, INDELs section, row 'WGS_LL_T_1 vs WGS_LL_N_1', column 'NeuSomatic SEQC-WGS-GT50-SpikeWGS10'",81.7,result
somatic-neusomatic-20261010-result-sahraeian2022-neusomatic-seqc-wgs-gt50-spikewgs10-wgs-indel-wgs-nc-t-1-wgs-nc-n-1,somatic-neusomatic-20261010-source-sahraeian2022-additional-file-2,"Additional file 2 Table S2, INDELs section, row 'WGS_NC_T_1 vs WGS_NC_N_1', column 'NeuSomatic SEQC-WGS-GT50-SpikeWGS10'",87.6,result
somatic-neusomatic-20261010-result-sahraeian2022-neusomatic-seqc-wgs-gt50-spikewgs10-wgs-indel-wgs-ns-t-1-wgs-ns-n-1,somatic-neusomatic-20261010-source-sahraeian2022-additional-file-2,"Additional file 2 Table S2, INDELs section, row 'WGS_NS_T_1 vs WGS_NS_N_1', column 'NeuSomatic SEQC-WGS-GT50-SpikeWGS10'",88.3,result
somatic-neusomatic-20261010-result-sahraeian2022-neusomatic-seqc-wgs-gt50-spikewgs10-wgs-indel-wgs-ns-t-2-wgs-ns-n-2,somatic-neusomatic-20261010-source-sahraeian2022-additional-file-2,"Additional file 2 Table S2, INDELs section, row 'WGS_NS_T_2 vs WGS_NS_N_2', column 'NeuSomatic SEQC-WGS-GT50-SpikeWGS10'",86.0,result
somatic-neusomatic-20261010-result-sahraeian2022-neusomatic-seqc-wgs-gt50-spikewgs10-wgs-indel-wgs-ns-t-3-wgs-ns-n-3,somatic-neusomatic-20261010-source-sahraeian2022-additional-file-2,"Additional file 2 Table S2, INDELs section, row 'WGS_NS_T_3 vs WGS_NS_N_3', column 'NeuSomatic SEQC-WGS-GT50-SpikeWGS10'",86.4,result
somatic-neusomatic-20261010-result-sahraeian2022-neusomatic-seqc-wgs-gt50-spikewgs10-wgs-indel-wgs-ns-t-4-wgs-ns-n-4,somatic-neusomatic-20261010-source-sahraeian2022-additional-file-2,"Additional file 2 Table S2, INDELs section, row 'WGS_NS_T_4 vs WGS_NS_N_4', column 'NeuSomatic SEQC-WGS-GT50-SpikeWGS10'",89.3,result
somatic-neusomatic-20261010-result-sahraeian2022-neusomatic-seqc-wgs-gt50-spikewgs10-wgs-indel-wgs-ns-t-5-wgs-ns-n-5,somatic-neusomatic-20261010-source-sahraeian2022-additional-file-2,"Additional file 2 Table S2, INDELs section, row 'WGS_NS_T_5 vs WGS_NS_N_5', column 'NeuSomatic SEQC-WGS-GT50-SpikeWGS10'",87.0,result
somatic-neusomatic-20261010-result-sahraeian2022-neusomatic-seqc-wgs-gt50-spikewgs10-wgs-indel-wgs-ns-t-6-wgs-ns-n-6,somatic-neusomatic-20261010-source-sahraeian2022-additional-file-2,"Additional file 2 Table S2, INDELs section, row 'WGS_NS_T_6 vs WGS_NS_N_6', column 'NeuSomatic SEQC-WGS-GT50-SpikeWGS10'",89.7,result
somatic-neusomatic-20261010-result-sahraeian2022-neusomatic-seqc-wgs-gt50-spikewgs10-wgs-indel-wgs-ns-t-7-wgs-ns-n-7,somatic-neusomatic-20261010-source-sahraeian2022-additional-file-2,"Additional file 2 Table S2, INDELs section, row 'WGS_NS_T_7 vs WGS_NS_N_7', column 'NeuSomatic SEQC-WGS-GT50-SpikeWGS10'",89.2,result
somatic-neusomatic-20261010-result-sahraeian2022-neusomatic-seqc-wgs-gt50-spikewgs10-wgs-indel-wgs-ns-t-8-wgs-ns-n-8,somatic-neusomatic-20261010-source-sahraeian2022-additional-file-2,"Additional file 2 Table S2, INDELs section, row 'WGS_NS_T_8 vs WGS_NS_N_8', column 'NeuSomatic SEQC-WGS-GT50-SpikeWGS10'",85.2,result
somatic-neusomatic-20261010-result-sahraeian2022-neusomatic-seqc-wgs-gt50-spikewgs10-wgs-indel-wgs-ns-t-9-wgs-ns-n-9,somatic-neusomatic-20261010-source-sahraeian2022-additional-file-2,"Additional file 2 Table S2, INDELs section, row 'WGS_NS_T_9 vs WGS_NS_N_9', column 'NeuSomatic SEQC-WGS-GT50-SpikeWGS10'",85.8,result
somatic-neusomatic-20261010-result-sahraeian2022-neusomatic-seqc-wgs-gt50-spikewgs10-wgs-indel-wgs-nv-t-1-wgs-nv-n-1,somatic-neusomatic-20261010-source-sahraeian2022-additional-file-2,"Additional file 2 Table S2, INDELs section, row 'WGS_NV_T_1 vs WGS_NV_N_1', column 'NeuSomatic SEQC-WGS-GT50-SpikeWGS10'",89.9,result
somatic-neusomatic-20261010-result-sahraeian2022-neusomatic-seqc-wgs-gt50-spikewgs10-wgs-indel-wgs-nv-t-2-wgs-nv-n-2,somatic-neusomatic-20261010-source-sahraeian2022-additional-file-2,"Additional file 2 Table S2, INDELs section, row 'WGS_NV_T_2 vs WGS_NV_N_2', column 'NeuSomatic SEQC-WGS-GT50-SpikeWGS10'",90.1,result
somatic-neusomatic-20261010-result-sahraeian2022-neusomatic-seqc-wgs-gt50-spikewgs10-wgs-indel-wgs-nv-t-3-wgs-nv-n-3,somatic-neusomatic-20261010-source-sahraeian2022-additional-file-2,"Additional file 2 Table S2, INDELs section, row 'WGS_NV_T_3 vs WGS_NV_N_3', column 'NeuSomatic SEQC-WGS-GT50-SpikeWGS10'",89.8,result
somatic-neusomatic-20261010-result-sahraeian2022-neusomatic-seqc-wgs-gt50-spikewgs10-wgs-snv-average,somatic-neusomatic-20261010-source-sahraeian2022-additional-file-2,"Additional file 2 Table S2, SNVs section, row 'Average', column 'NeuSomatic SEQC-WGS-GT50-SpikeWGS10'",94.6,result
somatic-neusomatic-20261010-result-sahraeian2022-neusomatic-seqc-wgs-gt50-spikewgs10-wgs-snv-wgs-ea-t-1-wgs-ea-n-1,somatic-neusomatic-20261010-source-sahraeian2022-additional-file-2,"Additional file 2 Table S2, SNVs section, row 'WGS_EA_T_1 vs WGS_EA_N_1', column 'NeuSomatic SEQC-WGS-GT50-SpikeWGS10'",96.0,result
somatic-neusomatic-20261010-result-sahraeian2022-neusomatic-seqc-wgs-gt50-spikewgs10-wgs-snv-wgs-fd-t-1-wgs-fd-n-1,somatic-neusomatic-20261010-source-sahraeian2022-additional-file-2,"Additional file 2 Table S2, SNVs section, row 'WGS_FD_T_1 vs WGS_FD_N_1', column 'NeuSomatic SEQC-WGS-GT50-SpikeWGS10'",93.6,result
somatic-neusomatic-20261010-result-sahraeian2022-neusomatic-seqc-wgs-gt50-spikewgs10-wgs-snv-wgs-fd-t-2-wgs-fd-n-2,somatic-neusomatic-20261010-source-sahraeian2022-additional-file-2,"Additional file 2 Table S2, SNVs section, row 'WGS_FD_T_2 vs WGS_FD_N_2', column 'NeuSomatic SEQC-WGS-GT50-SpikeWGS10'",94.1,result
somatic-neusomatic-20261010-result-sahraeian2022-neusomatic-seqc-wgs-gt50-spikewgs10-wgs-snv-wgs-fd-t-3-wgs-fd-n-3,somatic-neusomatic-20261010-source-sahraeian2022-additional-file-2,"Additional file 2 Table S2, SNVs section, row 'WGS_FD_T_3 vs WGS_FD_N_3', column 'NeuSomatic SEQC-WGS-GT50-SpikeWGS10'",93.9,result
somatic-neusomatic-20261010-result-sahraeian2022-neusomatic-seqc-wgs-gt50-spikewgs10-wgs-snv-wgs-il-t-1-wgs-il-n-1,somatic-neusomatic-20261010-source-sahraeian2022-additional-file-2,"Additional file 2 Table S2, SNVs section, row 'WGS_IL_T_1 vs WGS_IL_N_1', column 'NeuSomatic SEQC-WGS-GT50-SpikeWGS10'",96.6,result
somatic-neusomatic-20261010-result-sahraeian2022-neusomatic-seqc-wgs-gt50-spikewgs10-wgs-snv-wgs-il-t-2-wgs-il-n-2,somatic-neusomatic-20261010-source-sahraeian2022-additional-file-2,"Additional file 2 Table S2, SNVs section, row 'WGS_IL_T_2 vs WGS_IL_N_2', column 'NeuSomatic SEQC-WGS-GT50-SpikeWGS10'",95.2,result
somatic-neusomatic-20261010-result-sahraeian2022-neusomatic-seqc-wgs-gt50-spikewgs10-wgs-snv-wgs-il-t-3-wgs-il-n-3,somatic-neusomatic-20261010-source-sahraeian2022-additional-file-2,"Additional file 2 Table S2, SNVs section, row 'WGS_IL_T_3 vs WGS_IL_N_3', column 'NeuSomatic SEQC-WGS-GT50-SpikeWGS10'",95.1,result
somatic-neusomatic-20261010-result-sahraeian2022-neusomatic-seqc-wgs-gt50-spikewgs10-wgs-snv-wgs-ll-t-1-wgs-ll-n-1,somatic-neusomatic-20261010-source-sahraeian2022-additional-file-2,"Additional file 2 Table S2, SNVs section, row 'WGS_LL_T_1 vs WGS_LL_N_1', column 'NeuSomatic SEQC-WGS-GT50-SpikeWGS10'",88.7,result
somatic-neusomatic-20261010-result-sahraeian2022-neusomatic-seqc-wgs-gt50-spikewgs10-wgs-snv-wgs-nc-t-1-wgs-nc-n-1,somatic-neusomatic-20261010-source-sahraeian2022-additional-file-2,"Additional file 2 Table S2, SNVs section, row 'WGS_NC_T_1 vs WGS_NC_N_1', column 'NeuSomatic SEQC-WGS-GT50-SpikeWGS10'",93.6,result
somatic-neusomatic-20261010-result-sahraeian2022-neusomatic-seqc-wgs-gt50-spikewgs10-wgs-snv-wgs-ns-t-1-wgs-ns-n-1,somatic-neusomatic-20261010-source-sahraeian2022-additional-file-2,"Additional file 2 Table S2, SNVs section, row 'WGS_NS_T_1 vs WGS_NS_N_1', column 'NeuSomatic SEQC-WGS-GT50-SpikeWGS10'",95.6,result
somatic-neusomatic-20261010-result-sahraeian2022-neusomatic-seqc-wgs-gt50-spikewgs10-wgs-snv-wgs-ns-t-2-wgs-ns-n-2,somatic-neusomatic-20261010-source-sahraeian2022-additional-file-2,"Additional file 2 Table S2, SNVs section, row 'WGS_NS_T_2 vs WGS_NS_N_2', column 'NeuSomatic SEQC-WGS-GT50-SpikeWGS10'",92.4,result
somatic-neusomatic-20261010-result-sahraeian2022-neusomatic-seqc-wgs-gt50-spikewgs10-wgs-snv-wgs-ns-t-3-wgs-ns-n-3,somatic-neusomatic-20261010-source-sahraeian2022-additional-file-2,"Additional file 2 Table S2, SNVs section, row 'WGS_NS_T_3 vs WGS_NS_N_3', column 'NeuSomatic SEQC-WGS-GT50-SpikeWGS10'",93.8,result
somatic-neusomatic-20261010-result-sahraeian2022-neusomatic-seqc-wgs-gt50-spikewgs10-wgs-snv-wgs-ns-t-4-wgs-ns-n-4,somatic-neusomatic-20261010-source-sahraeian2022-additional-file-2,"Additional file 2 Table S2, SNVs section, row 'WGS_NS_T_4 vs WGS_NS_N_4', column 'NeuSomatic SEQC-WGS-GT50-SpikeWGS10'",95.5,result
somatic-neusomatic-20261010-result-sahraeian2022-neusomatic-seqc-wgs-gt50-spikewgs10-wgs-snv-wgs-ns-t-5-wgs-ns-n-5,somatic-neusomatic-20261010-source-sahraeian2022-additional-file-2,"Additional file 2 Table S2, SNVs section, row 'WGS_NS_T_5 vs WGS_NS_N_5', column 'NeuSomatic SEQC-WGS-GT50-SpikeWGS10'",93.2,result
somatic-neusomatic-20261010-result-sahraeian2022-neusomatic-seqc-wgs-gt50-spikewgs10-wgs-snv-wgs-ns-t-6-wgs-ns-n-6,somatic-neusomatic-20261010-source-sahraeian2022-additional-file-2,"Additional file 2 Table S2, SNVs section, row 'WGS_NS_T_6 vs WGS_NS_N_6', column 'NeuSomatic SEQC-WGS-GT50-SpikeWGS10'",95.6,result
somatic-neusomatic-20261010-result-sahraeian2022-neusomatic-seqc-wgs-gt50-spikewgs10-wgs-snv-wgs-ns-t-7-wgs-ns-n-7,somatic-neusomatic-20261010-source-sahraeian2022-additional-file-2,"Additional file 2 Table S2, SNVs section, row 'WGS_NS_T_7 vs WGS_NS_N_7', column 'NeuSomatic SEQC-WGS-GT50-SpikeWGS10'",95.1,result
somatic-neusomatic-20261010-result-sahraeian2022-neusomatic-seqc-wgs-gt50-spikewgs10-wgs-snv-wgs-ns-t-8-wgs-ns-n-8,somatic-neusomatic-20261010-source-sahraeian2022-additional-file-2,"Additional file 2 Table S2, SNVs section, row 'WGS_NS_T_8 vs WGS_NS_N_8', column 'NeuSomatic SEQC-WGS-GT50-SpikeWGS10'",92.4,result
somatic-neusomatic-20261010-result-sahraeian2022-neusomatic-seqc-wgs-gt50-spikewgs10-wgs-snv-wgs-ns-t-9-wgs-ns-n-9,somatic-neusomatic-20261010-source-sahraeian2022-additional-file-2,"Additional file 2 Table S2, SNVs section, row 'WGS_NS_T_9 vs WGS_NS_N_9', column 'NeuSomatic SEQC-WGS-GT50-SpikeWGS10'",93.3,result
somatic-neusomatic-20261010-result-sahraeian2022-neusomatic-seqc-wgs-gt50-spikewgs10-wgs-snv-wgs-nv-t-1-wgs-nv-n-1,somatic-neusomatic-20261010-source-sahraeian2022-additional-file-2,"Additional file 2 Table S2, SNVs section, row 'WGS_NV_T_1 vs WGS_NV_N_1', column 'NeuSomatic SEQC-WGS-GT50-SpikeWGS10'",97.8,result
somatic-neusomatic-20261010-result-sahraeian2022-neusomatic-seqc-wgs-gt50-spikewgs10-wgs-snv-wgs-nv-t-2-wgs-nv-n-2,somatic-neusomatic-20261010-source-sahraeian2022-additional-file-2,"Additional file 2 Table S2, SNVs section, row 'WGS_NV_T_2 vs WGS_NV_N_2', column 'NeuSomatic SEQC-WGS-GT50-SpikeWGS10'",97.7,result
somatic-neusomatic-20261010-result-sahraeian2022-neusomatic-seqc-wgs-gt50-spikewgs10-wgs-snv-wgs-nv-t-3-wgs-nv-n-3,somatic-neusomatic-20261010-source-sahraeian2022-additional-file-2,"Additional file 2 Table S2, SNVs section, row 'WGS_NV_T_3 vs WGS_NV_N_3', column 'NeuSomatic SEQC-WGS-GT50-SpikeWGS10'",97.7,result
somatic-neusomatic-20261010-result-sahraeian2022-neusomatic-seqc-wgs-spike-library-prep-indel-average,somatic-neusomatic-20261010-source-sahraeian2022-additional-file-2,"Additional file 2 Table S4, INDELs section, row 'Average', column 'NeuSomatic SEQC-WGS-Spike'",60.5,result
somatic-neusomatic-20261010-result-sahraeian2022-neusomatic-seqc-wgs-spike-library-prep-indel-lbp-nextera-t-100ng-lbp-nextera-n-100ng,somatic-neusomatic-20261010-source-sahraeian2022-additional-file-2,"Additional file 2 Table S4, INDELs section, row 'LBP_Nextera_T_100ng vs LBP_Nextera_N_100ng', column 'NeuSomatic SEQC-WGS-Spike'",77.4,result
somatic-neusomatic-20261010-result-sahraeian2022-neusomatic-seqc-wgs-spike-library-prep-indel-lbp-nextera-t-10ng-lbp-nextera-n-10ng,somatic-neusomatic-20261010-source-sahraeian2022-additional-file-2,"Additional file 2 Table S4, INDELs section, row 'LBP_Nextera_T_10ng vs LBP_Nextera_N_10ng', column 'NeuSomatic SEQC-WGS-Spike'",69.3,result
somatic-neusomatic-20261010-result-sahraeian2022-neusomatic-seqc-wgs-spike-library-prep-indel-lbp-nextera-t-1ng-lbp-nextera-n-1ng,somatic-neusomatic-20261010-source-sahraeian2022-additional-file-2,"Additional file 2 Table S4, INDELs section, row 'LBP_Nextera_T_1ng vs LBP_Nextera_N_1ng', column 'NeuSomatic SEQC-WGS-Spike'",60.2,result
somatic-neusomatic-20261010-result-sahraeian2022-neusomatic-seqc-wgs-spike-library-prep-indel-lbp-truseq-t-100ng-lbp-truseq-n-100ng,somatic-neusomatic-20261010-source-sahraeian2022-additional-file-2,"Additional file 2 Table S4, INDELs section, row 'LBP_TruSeq_T_100ng vs LBP_TruSeq_N_100ng', column 'NeuSomatic SEQC-WGS-Spike'",71.2,result
somatic-neusomatic-20261010-result-sahraeian2022-neusomatic-seqc-wgs-spike-library-prep-indel-lbp-truseq-t-10ng-lbp-truseq-n-10ng,somatic-neusomatic-20261010-source-sahraeian2022-additional-file-2,"Additional file 2 Table S4, INDELs section, row 'LBP_TruSeq_T_10ng vs LBP_TruSeq_N_10ng', column 'NeuSomatic SEQC-WGS-Spike'",63.6,result
somatic-neusomatic-20261010-result-sahraeian2022-neusomatic-seqc-wgs-spike-library-prep-indel-lbp-truseq-t-1ng-lbp-truseq-n-1ng,somatic-neusomatic-20261010-source-sahraeian2022-additional-file-2,"Additional file 2 Table S4, INDELs section, row 'LBP_TruSeq_T_1ng vs LBP_TruSeq_N_1ng', column 'NeuSomatic SEQC-WGS-Spike'",21.3,result
somatic-neusomatic-20261010-result-sahraeian2022-neusomatic-seqc-wgs-spike-library-prep-snv-average,somatic-neusomatic-20261010-source-sahraeian2022-additional-file-2,"Additional file 2 Table S4, SNVs section, row 'Average', column 'NeuSomatic SEQC-WGS-Spike'",84.3,result
somatic-neusomatic-20261010-result-sahraeian2022-neusomatic-seqc-wgs-spike-library-prep-snv-lbp-nextera-t-100ng-lbp-nextera-n-100ng,somatic-neusomatic-20261010-source-sahraeian2022-additional-file-2,"Additional file 2 Table S4, SNVs section, row 'LBP_Nextera_T_100ng vs LBP_Nextera_N_100ng', column 'NeuSomatic SEQC-WGS-Spike'",93.7,result
somatic-neusomatic-20261010-result-sahraeian2022-neusomatic-seqc-wgs-spike-library-prep-snv-lbp-nextera-t-10ng-lbp-nextera-n-10ng,somatic-neusomatic-20261010-source-sahraeian2022-additional-file-2,"Additional file 2 Table S4, SNVs section, row 'LBP_Nextera_T_10ng vs LBP_Nextera_N_10ng', column 'NeuSomatic SEQC-WGS-Spike'",93.8,result
somatic-neusomatic-20261010-result-sahraeian2022-neusomatic-seqc-wgs-spike-library-prep-snv-lbp-nextera-t-1ng-lbp-nextera-n-1ng,somatic-neusomatic-20261010-source-sahraeian2022-additional-file-2,"Additional file 2 Table S4, SNVs section, row 'LBP_Nextera_T_1ng vs LBP_Nextera_N_1ng', column 'NeuSomatic SEQC-WGS-Spike'",90.3,result
somatic-neusomatic-20261010-result-sahraeian2022-neusomatic-seqc-wgs-spike-library-prep-snv-lbp-truseq-t-100ng-lbp-truseq-n-100ng,somatic-neusomatic-20261010-source-sahraeian2022-additional-file-2,"Additional file 2 Table S4, SNVs section, row 'LBP_TruSeq_T_100ng vs LBP_TruSeq_N_100ng', column 'NeuSomatic SEQC-WGS-Spike'",91.7,result
somatic-neusomatic-20261010-result-sahraeian2022-neusomatic-seqc-wgs-spike-library-prep-snv-lbp-truseq-t-10ng-lbp-truseq-n-10ng,somatic-neusomatic-20261010-source-sahraeian2022-additional-file-2,"Additional file 2 Table S4, SNVs section, row 'LBP_TruSeq_T_10ng vs LBP_TruSeq_N_10ng', column 'NeuSomatic SEQC-WGS-Spike'",84.8,result
somatic-neusomatic-20261010-result-sahraeian2022-neusomatic-seqc-wgs-spike-library-prep-snv-lbp-truseq-t-1ng-lbp-truseq-n-1ng,somatic-neusomatic-20261010-source-sahraeian2022-additional-file-2,"Additional file 2 Table S4, SNVs section, row 'LBP_TruSeq_T_1ng vs LBP_TruSeq_N_1ng', column 'NeuSomatic SEQC-WGS-Spike'",51.3,result
somatic-neusomatic-20261010-result-sahraeian2022-neusomatic-seqc-wgs-spike-titration-indel-average,somatic-neusomatic-20261010-source-sahraeian2022-additional-file-2,"Additional file 2 Table S3, INDELs section, row 'Average', column 'NeuSomatic SEQC-WGS-Spike'",61.5,result
somatic-neusomatic-20261010-result-sahraeian2022-neusomatic-seqc-wgs-spike-titration-indel-spp-100x-10-t-spp-100x-100-n,somatic-neusomatic-20261010-source-sahraeian2022-additional-file-2,"Additional file 2 Table S3, INDELs section, row 'SPP_100x_10%T vs SPP_100x_100%N', column 'NeuSomatic SEQC-WGS-Spike'",56.9,result
somatic-neusomatic-20261010-result-sahraeian2022-neusomatic-seqc-wgs-spike-titration-indel-spp-100x-100-t-spp-100x-100-n,somatic-neusomatic-20261010-source-sahraeian2022-additional-file-2,"Additional file 2 Table S3, INDELs section, row 'SPP_100x_100%T vs SPP_100x_100%N', column 'NeuSomatic SEQC-WGS-Spike'",83.9,result
somatic-neusomatic-20261010-result-sahraeian2022-neusomatic-seqc-wgs-spike-titration-indel-spp-100x-20-t-spp-100x-100-n,somatic-neusomatic-20261010-source-sahraeian2022-additional-file-2,"Additional file 2 Table S3, INDELs section, row 'SPP_100x_20%T vs SPP_100x_100%N', column 'NeuSomatic SEQC-WGS-Spike'",75.8,result
somatic-neusomatic-20261010-result-sahraeian2022-neusomatic-seqc-wgs-spike-titration-indel-spp-100x-5-t-spp-100x-100-n,somatic-neusomatic-20261010-source-sahraeian2022-additional-file-2,"Additional file 2 Table S3, INDELs section, row 'SPP_100x_5%T vs SPP_100x_100%N', column 'NeuSomatic SEQC-WGS-Spike'",29.7,result
somatic-neusomatic-20261010-result-sahraeian2022-neusomatic-seqc-wgs-spike-titration-indel-spp-100x-50-t-spp-100x-100-n,somatic-neusomatic-20261010-source-sahraeian2022-additional-file-2,"Additional file 2 Table S3, INDELs section, row 'SPP_100x_50%T vs SPP_100x_100%N', column 'NeuSomatic SEQC-WGS-Spike'",84.0,result
somatic-neusomatic-20261010-result-sahraeian2022-neusomatic-seqc-wgs-spike-titration-indel-spp-100x-75-t-spp-100x-100-n,somatic-neusomatic-20261010-source-sahraeian2022-additional-file-2,"Additional file 2 Table S3, INDELs section, row 'SPP_100x_75%T vs SPP_100x_100%N', column 'NeuSomatic SEQC-WGS-Spike'",87.0,result
somatic-neusomatic-20261010-result-sahraeian2022-neusomatic-seqc-wgs-spike-titration-indel-spp-10x-10-t-spp-10x-100-n,somatic-neusomatic-20261010-source-sahraeian2022-additional-file-2,"Additional file 2 Table S3, INDELs section, row 'SPP_10x_10%T vs SPP_10x_100%N', column 'NeuSomatic SEQC-WGS-Spike'",3.5,result
somatic-neusomatic-20261010-result-sahraeian2022-neusomatic-seqc-wgs-spike-titration-indel-spp-10x-100-t-spp-10x-100-n,somatic-neusomatic-20261010-source-sahraeian2022-additional-file-2,"Additional file 2 Table S3, INDELs section, row 'SPP_10x_100%T vs SPP_10x_100%N', column 'NeuSomatic SEQC-WGS-Spike'",42.9,result
somatic-neusomatic-20261010-result-sahraeian2022-neusomatic-seqc-wgs-spike-titration-indel-spp-10x-20-t-spp-10x-100-n,somatic-neusomatic-20261010-source-sahraeian2022-additional-file-2,"Additional file 2 Table S3, INDELs section, row 'SPP_10x_20%T vs SPP_10x_100%N', column 'NeuSomatic SEQC-WGS-Spike'",14.2,result
somatic-neusomatic-20261010-result-sahraeian2022-neusomatic-seqc-wgs-spike-titration-indel-spp-10x-5-t-spp-10x-100-n,somatic-neusomatic-20261010-source-sahraeian2022-additional-file-2,"Additional file 2 Table S3, INDELs section, row 'SPP_10x_5%T vs SPP_10x_100%N', column 'NeuSomatic SEQC-WGS-Spike'",1.5,result
somatic-neusomatic-20261010-result-sahraeian2022-neusomatic-seqc-wgs-spike-titration-indel-spp-10x-50-t-spp-10x-100-n,somatic-neusomatic-20261010-source-sahraeian2022-additional-file-2,"Additional file 2 Table S3, INDELs section, row 'SPP_10x_50%T vs SPP_10x_100%N', column 'NeuSomatic SEQC-WGS-Spike'",35.9,result
somatic-neusomatic-20261010-result-sahraeian2022-neusomatic-seqc-wgs-spike-titration-indel-spp-10x-75-t-spp-10x-100-n,somatic-neusomatic-20261010-source-sahraeian2022-additional-file-2,"Additional file 2 Table S3, INDELs section, row 'SPP_10x_75%T vs SPP_10x_100%N', column 'NeuSomatic SEQC-WGS-Spike'",45.5,result
somatic-neusomatic-20261010-result-sahraeian2022-neusomatic-seqc-wgs-spike-titration-indel-spp-200x-10-t-spp-200x-100-n,somatic-neusomatic-20261010-source-sahraeian2022-additional-file-2,"Additional file 2 Table S3, INDELs section, row 'SPP_200x_10%T vs SPP_200x_100%N', column 'NeuSomatic SEQC-WGS-Spike'",71.5,result
somatic-neusomatic-20261010-result-sahraeian2022-neusomatic-seqc-wgs-spike-titration-indel-spp-200x-100-t-spp-200x-100-n,somatic-neusomatic-20261010-source-sahraeian2022-additional-file-2,"Additional file 2 Table S3, INDELs section, row 'SPP_200x_100%T vs SPP_200x_100%N', column 'NeuSomatic SEQC-WGS-Spike'",82.4,result
somatic-neusomatic-20261010-result-sahraeian2022-neusomatic-seqc-wgs-spike-titration-indel-spp-200x-20-t-spp-200x-100-n,somatic-neusomatic-20261010-source-sahraeian2022-additional-file-2,"Additional file 2 Table S3, INDELs section, row 'SPP_200x_20%T vs SPP_200x_100%N', column 'NeuSomatic SEQC-WGS-Spike'",80.9,result
somatic-neusomatic-20261010-result-sahraeian2022-neusomatic-seqc-wgs-spike-titration-indel-spp-200x-5-t-spp-200x-100-n,somatic-neusomatic-20261010-source-sahraeian2022-additional-file-2,"Additional file 2 Table S3, INDELs section, row 'SPP_200x_5%T vs SPP_200x_100%N', column 'NeuSomatic SEQC-WGS-Spike'",50.8,result
somatic-neusomatic-20261010-result-sahraeian2022-neusomatic-seqc-wgs-spike-titration-indel-spp-200x-50-t-spp-200x-100-n,somatic-neusomatic-20261010-source-sahraeian2022-additional-file-2,"Additional file 2 Table S3, INDELs section, row 'SPP_200x_50%T vs SPP_200x_100%N', column 'NeuSomatic SEQC-WGS-Spike'",86.0,result
somatic-neusomatic-20261010-result-sahraeian2022-neusomatic-seqc-wgs-spike-titration-indel-spp-200x-75-t-spp-200x-100-n,somatic-neusomatic-20261010-source-sahraeian2022-additional-file-2,"Additional file 2 Table S3, INDELs section, row 'SPP_200x_75%T vs SPP_200x_100%N', column 'NeuSomatic SEQC-WGS-Spike'",86.8,result
somatic-neusomatic-20261010-result-sahraeian2022-neusomatic-seqc-wgs-spike-titration-indel-spp-300x-10-t-spp-300x-100-n,somatic-neusomatic-20261010-source-sahraeian2022-additional-file-2,"Additional file 2 Table S3, INDELs section, row 'SPP_300x_10%T vs SPP_300x_100%N', column 'NeuSomatic SEQC-WGS-Spike'",75.2,result
somatic-neusomatic-20261010-result-sahraeian2022-neusomatic-seqc-wgs-spike-titration-indel-spp-300x-100-t-spp-300x-100-n,somatic-neusomatic-20261010-source-sahraeian2022-additional-file-2,"Additional file 2 Table S3, INDELs section, row 'SPP_300x_100%T vs SPP_300x_100%N', column 'NeuSomatic SEQC-WGS-Spike'",82.5,result
somatic-neusomatic-20261010-result-sahraeian2022-neusomatic-seqc-wgs-spike-titration-indel-spp-300x-20-t-spp-300x-100-n,somatic-neusomatic-20261010-source-sahraeian2022-additional-file-2,"Additional file 2 Table S3, INDELs section, row 'SPP_300x_20%T vs SPP_300x_100%N', column 'NeuSomatic SEQC-WGS-Spike'",81.9,result
somatic-neusomatic-20261010-result-sahraeian2022-neusomatic-seqc-wgs-spike-titration-indel-spp-300x-5-t-spp-300x-100-n,somatic-neusomatic-20261010-source-sahraeian2022-additional-file-2,"Additional file 2 Table S3, INDELs section, row 'SPP_300x_5%T vs SPP_300x_100%N', column 'NeuSomatic SEQC-WGS-Spike'",57.1,result
somatic-neusomatic-20261010-result-sahraeian2022-neusomatic-seqc-wgs-spike-titration-indel-spp-300x-50-t-spp-300x-100-n,somatic-neusomatic-20261010-source-sahraeian2022-additional-file-2,"Additional file 2 Table S3, INDELs section, row 'SPP_300x_50%T vs SPP_300x_100%N', column 'NeuSomatic SEQC-WGS-Spike'",86.3,result
somatic-neusomatic-20261010-result-sahraeian2022-neusomatic-seqc-wgs-spike-titration-indel-spp-300x-75-t-spp-300x-100-n,somatic-neusomatic-20261010-source-sahraeian2022-additional-file-2,"Additional file 2 Table S3, INDELs section, row 'SPP_300x_75%T vs SPP_300x_100%N', column 'NeuSomatic SEQC-WGS-Spike'",86.2,result
somatic-neusomatic-20261010-result-sahraeian2022-neusomatic-seqc-wgs-spike-titration-indel-spp-30x-10-t-spp-30x-100-n,somatic-neusomatic-20261010-source-sahraeian2022-additional-file-2,"Additional file 2 Table S3, INDELs section, row 'SPP_30x_10%T vs SPP_30x_100%N', column 'NeuSomatic SEQC-WGS-Spike'",21.5,result
somatic-neusomatic-20261010-result-sahraeian2022-neusomatic-seqc-wgs-spike-titration-indel-spp-30x-100-t-spp-30x-100-n,somatic-neusomatic-20261010-source-sahraeian2022-additional-file-2,"Additional file 2 Table S3, INDELs section, row 'SPP_30x_100%T vs SPP_30x_100%N', column 'NeuSomatic SEQC-WGS-Spike'",76.5,result
somatic-neusomatic-20261010-result-sahraeian2022-neusomatic-seqc-wgs-spike-titration-indel-spp-30x-20-t-spp-30x-100-n,somatic-neusomatic-20261010-source-sahraeian2022-additional-file-2,"Additional file 2 Table S3, INDELs section, row 'SPP_30x_20%T vs SPP_30x_100%N', column 'NeuSomatic SEQC-WGS-Spike'",49.2,result
somatic-neusomatic-20261010-result-sahraeian2022-neusomatic-seqc-wgs-spike-titration-indel-spp-30x-5-t-spp-30x-100-n,somatic-neusomatic-20261010-source-sahraeian2022-additional-file-2,"Additional file 2 Table S3, INDELs section, row 'SPP_30x_5%T vs SPP_30x_100%N', column 'NeuSomatic SEQC-WGS-Spike'",6.3,result
somatic-neusomatic-20261010-result-sahraeian2022-neusomatic-seqc-wgs-spike-titration-indel-spp-30x-50-t-spp-30x-100-n,somatic-neusomatic-20261010-source-sahraeian2022-additional-file-2,"Additional file 2 Table S3, INDELs section, row 'SPP_30x_50%T vs SPP_30x_100%N', column 'NeuSomatic SEQC-WGS-Spike'",74.4,result
somatic-neusomatic-20261010-result-sahraeian2022-neusomatic-seqc-wgs-spike-titration-indel-spp-30x-75-t-spp-30x-100-n,somatic-neusomatic-20261010-source-sahraeian2022-additional-file-2,"Additional file 2 Table S3, INDELs section, row 'SPP_30x_75%T vs SPP_30x_100%N', column 'NeuSomatic SEQC-WGS-Spike'",81.1,result
somatic-neusomatic-20261010-result-sahraeian2022-neusomatic-seqc-wgs-spike-titration-indel-spp-50x-10-t-spp-50x-100-n,somatic-neusomatic-20261010-source-sahraeian2022-additional-file-2,"Additional file 2 Table S3, INDELs section, row 'SPP_50x_10%T vs SPP_50x_100%N', column 'NeuSomatic SEQC-WGS-Spike'",35.9,result
somatic-neusomatic-20261010-result-sahraeian2022-neusomatic-seqc-wgs-spike-titration-indel-spp-50x-100-t-spp-50x-100-n,somatic-neusomatic-20261010-source-sahraeian2022-additional-file-2,"Additional file 2 Table S3, INDELs section, row 'SPP_50x_100%T vs SPP_50x_100%N', column 'NeuSomatic SEQC-WGS-Spike'",82.1,result
somatic-neusomatic-20261010-result-sahraeian2022-neusomatic-seqc-wgs-spike-titration-indel-spp-50x-20-t-spp-50x-100-n,somatic-neusomatic-20261010-source-sahraeian2022-additional-file-2,"Additional file 2 Table S3, INDELs section, row 'SPP_50x_20%T vs SPP_50x_100%N', column 'NeuSomatic SEQC-WGS-Spike'",65.3,result
somatic-neusomatic-20261010-result-sahraeian2022-neusomatic-seqc-wgs-spike-titration-indel-spp-50x-5-t-spp-50x-100-n,somatic-neusomatic-20261010-source-sahraeian2022-additional-file-2,"Additional file 2 Table S3, INDELs section, row 'SPP_50x_5%T vs SPP_50x_100%N', column 'NeuSomatic SEQC-WGS-Spike'",14.6,result
somatic-neusomatic-20261010-result-sahraeian2022-neusomatic-seqc-wgs-spike-titration-indel-spp-50x-50-t-spp-50x-100-n,somatic-neusomatic-20261010-source-sahraeian2022-additional-file-2,"Additional file 2 Table S3, INDELs section, row 'SPP_50x_50%T vs SPP_50x_100%N', column 'NeuSomatic SEQC-WGS-Spike'",82.1,result
somatic-neusomatic-20261010-result-sahraeian2022-neusomatic-seqc-wgs-spike-titration-indel-spp-50x-75-t-spp-50x-100-n,somatic-neusomatic-20261010-source-sahraeian2022-additional-file-2,"Additional file 2 Table S3, INDELs section, row 'SPP_50x_75%T vs SPP_50x_100%N', column 'NeuSomatic SEQC-WGS-Spike'",85.4,result
somatic-neusomatic-20261010-result-sahraeian2022-neusomatic-seqc-wgs-spike-titration-indel-spp-80x-10-t-spp-80x-100-n,somatic-neusomatic-20261010-source-sahraeian2022-additional-file-2,"Additional file 2 Table S3, INDELs section, row 'SPP_80x_10%T vs SPP_80x_100%N', column 'NeuSomatic SEQC-WGS-Spike'",50.8,result
somatic-neusomatic-20261010-result-sahraeian2022-neusomatic-seqc-wgs-spike-titration-indel-spp-80x-10-t-spp-80x-95-n,somatic-neusomatic-20261010-source-sahraeian2022-additional-file-2,"Additional file 2 Table S3, INDELs section, row 'SPP_80x_10%T vs SPP_80x_95%N', column 'NeuSomatic SEQC-WGS-Spike'",25.5,result
somatic-neusomatic-20261010-result-sahraeian2022-neusomatic-seqc-wgs-spike-titration-indel-spp-80x-100-t-spp-80x-100-n,somatic-neusomatic-20261010-source-sahraeian2022-additional-file-2,"Additional file 2 Table S3, INDELs section, row 'SPP_80x_100%T vs SPP_80x_100%N', column 'NeuSomatic SEQC-WGS-Spike'",83.2,result
somatic-neusomatic-20261010-result-sahraeian2022-neusomatic-seqc-wgs-spike-titration-indel-spp-80x-100-t-spp-80x-95-n,somatic-neusomatic-20261010-source-sahraeian2022-additional-file-2,"Additional file 2 Table S3, INDELs section, row 'SPP_80x_100%T vs SPP_80x_95%N', column 'NeuSomatic SEQC-WGS-Spike'",82.9,result
somatic-neusomatic-20261010-result-sahraeian2022-neusomatic-seqc-wgs-spike-titration-indel-spp-80x-20-t-spp-80x-100-n,somatic-neusomatic-20261010-source-sahraeian2022-additional-file-2,"Additional file 2 Table S3, INDELs section, row 'SPP_80x_20%T vs SPP_80x_100%N', column 'NeuSomatic SEQC-WGS-Spike'",72.0,result
somatic-neusomatic-20261010-result-sahraeian2022-neusomatic-seqc-wgs-spike-titration-indel-spp-80x-20-t-spp-80x-95-n,somatic-neusomatic-20261010-source-sahraeian2022-additional-file-2,"Additional file 2 Table S3, INDELs section, row 'SPP_80x_20%T vs SPP_80x_95%N', column 'NeuSomatic SEQC-WGS-Spike'",55.2,result
somatic-neusomatic-20261010-result-sahraeian2022-neusomatic-seqc-wgs-spike-titration-indel-spp-80x-5-t-spp-80x-100-n,somatic-neusomatic-20261010-source-sahraeian2022-additional-file-2,"Additional file 2 Table S3, INDELs section, row 'SPP_80x_5%T vs SPP_80x_100%N', column 'NeuSomatic SEQC-WGS-Spike'",25.5,result
somatic-neusomatic-20261010-result-sahraeian2022-neusomatic-seqc-wgs-spike-titration-indel-spp-80x-50-t-spp-80x-100-n,somatic-neusomatic-20261010-source-sahraeian2022-additional-file-2,"Additional file 2 Table S3, INDELs section, row 'SPP_80x_50%T vs SPP_80x_100%N', column 'NeuSomatic SEQC-WGS-Spike'",83.9,result
somatic-neusomatic-20261010-result-sahraeian2022-neusomatic-seqc-wgs-spike-titration-indel-spp-80x-50-t-spp-80x-95-n,somatic-neusomatic-20261010-source-sahraeian2022-additional-file-2,"Additional file 2 Table S3, INDELs section, row 'SPP_80x_50%T vs SPP_80x_95%N', column 'NeuSomatic SEQC-WGS-Spike'",79.2,result
somatic-neusomatic-20261010-result-sahraeian2022-neusomatic-seqc-wgs-spike-titration-indel-spp-80x-75-t-spp-80x-100-n,somatic-neusomatic-20261010-source-sahraeian2022-additional-file-2,"Additional file 2 Table S3, INDELs section, row 'SPP_80x_75%T vs SPP_80x_100%N', column 'NeuSomatic SEQC-WGS-Spike'",86.1,result
somatic-neusomatic-20261010-result-sahraeian2022-neusomatic-seqc-wgs-spike-titration-indel-spp-80x-75-t-spp-80x-95-n,somatic-neusomatic-20261010-source-sahraeian2022-additional-file-2,"Additional file 2 Table S3, INDELs section, row 'SPP_80x_75%T vs SPP_80x_95%N', column 'NeuSomatic SEQC-WGS-Spike'",84.4,result
somatic-neusomatic-20261010-result-sahraeian2022-neusomatic-seqc-wgs-spike-titration-snv-average,somatic-neusomatic-20261010-source-sahraeian2022-additional-file-2,"Additional file 2 Table S3, SNVs section, row 'Average', column 'NeuSomatic SEQC-WGS-Spike'",70.2,result
somatic-neusomatic-20261010-result-sahraeian2022-neusomatic-seqc-wgs-spike-titration-snv-spp-100x-10-t-spp-100x-100-n,somatic-neusomatic-20261010-source-sahraeian2022-additional-file-2,"Additional file 2 Table S3, SNVs section, row 'SPP_100x_10%T vs SPP_100x_100%N', column 'NeuSomatic SEQC-WGS-Spike'",63.8,result
somatic-neusomatic-20261010-result-sahraeian2022-neusomatic-seqc-wgs-spike-titration-snv-spp-100x-100-t-spp-100x-100-n,somatic-neusomatic-20261010-source-sahraeian2022-additional-file-2,"Additional file 2 Table S3, SNVs section, row 'SPP_100x_100%T vs SPP_100x_100%N', column 'NeuSomatic SEQC-WGS-Spike'",95.6,result
somatic-neusomatic-20261010-result-sahraeian2022-neusomatic-seqc-wgs-spike-titration-snv-spp-100x-20-t-spp-100x-100-n,somatic-neusomatic-20261010-source-sahraeian2022-additional-file-2,"Additional file 2 Table S3, SNVs section, row 'SPP_100x_20%T vs SPP_100x_100%N', column 'NeuSomatic SEQC-WGS-Spike'",83.6,result
somatic-neusomatic-20261010-result-sahraeian2022-neusomatic-seqc-wgs-spike-titration-snv-spp-100x-5-t-spp-100x-100-n,somatic-neusomatic-20261010-source-sahraeian2022-additional-file-2,"Additional file 2 Table S3, SNVs section, row 'SPP_100x_5%T vs SPP_100x_100%N', column 'NeuSomatic SEQC-WGS-Spike'",34.0,result
somatic-neusomatic-20261010-result-sahraeian2022-neusomatic-seqc-wgs-spike-titration-snv-spp-100x-50-t-spp-100x-100-n,somatic-neusomatic-20261010-source-sahraeian2022-additional-file-2,"Additional file 2 Table S3, SNVs section, row 'SPP_100x_50%T vs SPP_100x_100%N', column 'NeuSomatic SEQC-WGS-Spike'",93.8,result
somatic-neusomatic-20261010-result-sahraeian2022-neusomatic-seqc-wgs-spike-titration-snv-spp-100x-75-t-spp-100x-100-n,somatic-neusomatic-20261010-source-sahraeian2022-additional-file-2,"Additional file 2 Table S3, SNVs section, row 'SPP_100x_75%T vs SPP_100x_100%N', column 'NeuSomatic SEQC-WGS-Spike'",96.2,result
somatic-neusomatic-20261010-result-sahraeian2022-neusomatic-seqc-wgs-spike-titration-snv-spp-10x-10-t-spp-10x-100-n,somatic-neusomatic-20261010-source-sahraeian2022-additional-file-2,"Additional file 2 Table S3, SNVs section, row 'SPP_10x_10%T vs SPP_10x_100%N', column 'NeuSomatic SEQC-WGS-Spike'",6.0,result
somatic-neusomatic-20261010-result-sahraeian2022-neusomatic-seqc-wgs-spike-titration-snv-spp-10x-100-t-spp-10x-100-n,somatic-neusomatic-20261010-source-sahraeian2022-additional-file-2,"Additional file 2 Table S3, SNVs section, row 'SPP_10x_100%T vs SPP_10x_100%N', column 'NeuSomatic SEQC-WGS-Spike'",66.3,result
somatic-neusomatic-20261010-result-sahraeian2022-neusomatic-seqc-wgs-spike-titration-snv-spp-10x-20-t-spp-10x-100-n,somatic-neusomatic-20261010-source-sahraeian2022-additional-file-2,"Additional file 2 Table S3, SNVs section, row 'SPP_10x_20%T vs SPP_10x_100%N', column 'NeuSomatic SEQC-WGS-Spike'",18.5,result
somatic-neusomatic-20261010-result-sahraeian2022-neusomatic-seqc-wgs-spike-titration-snv-spp-10x-5-t-spp-10x-100-n,somatic-neusomatic-20261010-source-sahraeian2022-additional-file-2,"Additional file 2 Table S3, SNVs section, row 'SPP_10x_5%T vs SPP_10x_100%N', column 'NeuSomatic SEQC-WGS-Spike'",1.9,result
somatic-neusomatic-20261010-result-sahraeian2022-neusomatic-seqc-wgs-spike-titration-snv-spp-10x-50-t-spp-10x-100-n,somatic-neusomatic-20261010-source-sahraeian2022-additional-file-2,"Additional file 2 Table S3, SNVs section, row 'SPP_10x_50%T vs SPP_10x_100%N', column 'NeuSomatic SEQC-WGS-Spike'",49.9,result
somatic-neusomatic-20261010-result-sahraeian2022-neusomatic-seqc-wgs-spike-titration-snv-spp-10x-75-t-spp-10x-100-n,somatic-neusomatic-20261010-source-sahraeian2022-additional-file-2,"Additional file 2 Table S3, SNVs section, row 'SPP_10x_75%T vs SPP_10x_100%N', column 'NeuSomatic SEQC-WGS-Spike'",62.1,result
somatic-neusomatic-20261010-result-sahraeian2022-neusomatic-seqc-wgs-spike-titration-snv-spp-200x-10-t-spp-200x-100-n,somatic-neusomatic-20261010-source-sahraeian2022-additional-file-2,"Additional file 2 Table S3, SNVs section, row 'SPP_200x_10%T vs SPP_200x_100%N', column 'NeuSomatic SEQC-WGS-Spike'",80.1,result
somatic-neusomatic-20261010-result-sahraeian2022-neusomatic-seqc-wgs-spike-titration-snv-spp-200x-100-t-spp-200x-100-n,somatic-neusomatic-20261010-source-sahraeian2022-additional-file-2,"Additional file 2 Table S3, SNVs section, row 'SPP_200x_100%T vs SPP_200x_100%N', column 'NeuSomatic SEQC-WGS-Spike'",94.8,result
somatic-neusomatic-20261010-result-sahraeian2022-neusomatic-seqc-wgs-spike-titration-snv-spp-200x-20-t-spp-200x-100-n,somatic-neusomatic-20261010-source-sahraeian2022-additional-file-2,"Additional file 2 Table S3, SNVs section, row 'SPP_200x_20%T vs SPP_200x_100%N', column 'NeuSomatic SEQC-WGS-Spike'",90.7,result
somatic-neusomatic-20261010-result-sahraeian2022-neusomatic-seqc-wgs-spike-titration-snv-spp-200x-5-t-spp-200x-100-n,somatic-neusomatic-20261010-source-sahraeian2022-additional-file-2,"Additional file 2 Table S3, SNVs section, row 'SPP_200x_5%T vs SPP_200x_100%N', column 'NeuSomatic SEQC-WGS-Spike'",58.8,result
somatic-neusomatic-20261010-result-sahraeian2022-neusomatic-seqc-wgs-spike-titration-snv-spp-200x-50-t-spp-200x-100-n,somatic-neusomatic-20261010-source-sahraeian2022-additional-file-2,"Additional file 2 Table S3, SNVs section, row 'SPP_200x_50%T vs SPP_200x_100%N', column 'NeuSomatic SEQC-WGS-Spike'",96.6,result
somatic-neusomatic-20261010-result-sahraeian2022-neusomatic-seqc-wgs-spike-titration-snv-spp-200x-75-t-spp-200x-100-n,somatic-neusomatic-20261010-source-sahraeian2022-additional-file-2,"Additional file 2 Table S3, SNVs section, row 'SPP_200x_75%T vs SPP_200x_100%N', column 'NeuSomatic SEQC-WGS-Spike'",97.4,result
somatic-neusomatic-20261010-result-sahraeian2022-neusomatic-seqc-wgs-spike-titration-snv-spp-300x-10-t-spp-300x-100-n,somatic-neusomatic-20261010-source-sahraeian2022-additional-file-2,"Additional file 2 Table S3, SNVs section, row 'SPP_300x_10%T vs SPP_300x_100%N', column 'NeuSomatic SEQC-WGS-Spike'",86.0,result
somatic-neusomatic-20261010-result-sahraeian2022-neusomatic-seqc-wgs-spike-titration-snv-spp-300x-100-t-spp-300x-100-n,somatic-neusomatic-20261010-source-sahraeian2022-additional-file-2,"Additional file 2 Table S3, SNVs section, row 'SPP_300x_100%T vs SPP_300x_100%N', column 'NeuSomatic SEQC-WGS-Spike'",94.5,result
somatic-neusomatic-20261010-result-sahraeian2022-neusomatic-seqc-wgs-spike-titration-snv-spp-300x-20-t-spp-300x-100-n,somatic-neusomatic-20261010-source-sahraeian2022-additional-file-2,"Additional file 2 Table S3, SNVs section, row 'SPP_300x_20%T vs SPP_300x_100%N', column 'NeuSomatic SEQC-WGS-Spike'",93.1,result
somatic-neusomatic-20261010-result-sahraeian2022-neusomatic-seqc-wgs-spike-titration-snv-spp-300x-5-t-spp-300x-100-n,somatic-neusomatic-20261010-source-sahraeian2022-additional-file-2,"Additional file 2 Table S3, SNVs section, row 'SPP_300x_5%T vs SPP_300x_100%N', column 'NeuSomatic SEQC-WGS-Spike'",72.1,result
somatic-neusomatic-20261010-result-sahraeian2022-neusomatic-seqc-wgs-spike-titration-snv-spp-300x-50-t-spp-300x-100-n,somatic-neusomatic-20261010-source-sahraeian2022-additional-file-2,"Additional file 2 Table S3, SNVs section, row 'SPP_300x_50%T vs SPP_300x_100%N', column 'NeuSomatic SEQC-WGS-Spike'",97.3,result
somatic-neusomatic-20261010-result-sahraeian2022-neusomatic-seqc-wgs-spike-titration-snv-spp-300x-75-t-spp-300x-100-n,somatic-neusomatic-20261010-source-sahraeian2022-additional-file-2,"Additional file 2 Table S3, SNVs section, row 'SPP_300x_75%T vs SPP_300x_100%N', column 'NeuSomatic SEQC-WGS-Spike'",97.6,result
somatic-neusomatic-20261010-result-sahraeian2022-neusomatic-seqc-wgs-spike-titration-snv-spp-30x-10-t-spp-30x-100-n,somatic-neusomatic-20261010-source-sahraeian2022-additional-file-2,"Additional file 2 Table S3, SNVs section, row 'SPP_30x_10%T vs SPP_30x_100%N', column 'NeuSomatic SEQC-WGS-Spike'",27.0,result
somatic-neusomatic-20261010-result-sahraeian2022-neusomatic-seqc-wgs-spike-titration-snv-spp-30x-100-t-spp-30x-100-n,somatic-neusomatic-20261010-source-sahraeian2022-additional-file-2,"Additional file 2 Table S3, SNVs section, row 'SPP_30x_100%T vs SPP_30x_100%N', column 'NeuSomatic SEQC-WGS-Spike'",89.7,result
somatic-neusomatic-20261010-result-sahraeian2022-neusomatic-seqc-wgs-spike-titration-snv-spp-30x-20-t-spp-30x-100-n,somatic-neusomatic-20261010-source-sahraeian2022-additional-file-2,"Additional file 2 Table S3, SNVs section, row 'SPP_30x_20%T vs SPP_30x_100%N', column 'NeuSomatic SEQC-WGS-Spike'",55.7,result
somatic-neusomatic-20261010-result-sahraeian2022-neusomatic-seqc-wgs-spike-titration-snv-spp-30x-5-t-spp-30x-100-n,somatic-neusomatic-20261010-source-sahraeian2022-additional-file-2,"Additional file 2 Table S3, SNVs section, row 'SPP_30x_5%T vs SPP_30x_100%N', column 'NeuSomatic SEQC-WGS-Spike'",9.2,result
somatic-neusomatic-20261010-result-sahraeian2022-neusomatic-seqc-wgs-spike-titration-snv-spp-30x-50-t-spp-30x-100-n,somatic-neusomatic-20261010-source-sahraeian2022-additional-file-2,"Additional file 2 Table S3, SNVs section, row 'SPP_30x_50%T vs SPP_30x_100%N', column 'NeuSomatic SEQC-WGS-Spike'",83.1,result
somatic-neusomatic-20261010-result-sahraeian2022-neusomatic-seqc-wgs-spike-titration-snv-spp-30x-75-t-spp-30x-100-n,somatic-neusomatic-20261010-source-sahraeian2022-additional-file-2,"Additional file 2 Table S3, SNVs section, row 'SPP_30x_75%T vs SPP_30x_100%N', column 'NeuSomatic SEQC-WGS-Spike'",88.0,result
somatic-neusomatic-20261010-result-sahraeian2022-neusomatic-seqc-wgs-spike-titration-snv-spp-50x-10-t-spp-50x-100-n,somatic-neusomatic-20261010-source-sahraeian2022-additional-file-2,"Additional file 2 Table S3, SNVs section, row 'SPP_50x_10%T vs SPP_50x_100%N', column 'NeuSomatic SEQC-WGS-Spike'",40.7,result
somatic-neusomatic-20261010-result-sahraeian2022-neusomatic-seqc-wgs-spike-titration-snv-spp-50x-100-t-spp-50x-100-n,somatic-neusomatic-20261010-source-sahraeian2022-additional-file-2,"Additional file 2 Table S3, SNVs section, row 'SPP_50x_100%T vs SPP_50x_100%N', column 'NeuSomatic SEQC-WGS-Spike'",93.8,result
somatic-neusomatic-20261010-result-sahraeian2022-neusomatic-seqc-wgs-spike-titration-snv-spp-50x-20-t-spp-50x-100-n,somatic-neusomatic-20261010-source-sahraeian2022-additional-file-2,"Additional file 2 Table S3, SNVs section, row 'SPP_50x_20%T vs SPP_50x_100%N', column 'NeuSomatic SEQC-WGS-Spike'",70.0,result
somatic-neusomatic-20261010-result-sahraeian2022-neusomatic-seqc-wgs-spike-titration-snv-spp-50x-5-t-spp-50x-100-n,somatic-neusomatic-20261010-source-sahraeian2022-additional-file-2,"Additional file 2 Table S3, SNVs section, row 'SPP_50x_5%T vs SPP_50x_100%N', column 'NeuSomatic SEQC-WGS-Spike'",14.9,result
somatic-neusomatic-20261010-result-sahraeian2022-neusomatic-seqc-wgs-spike-titration-snv-spp-50x-50-t-spp-50x-100-n,somatic-neusomatic-20261010-source-sahraeian2022-additional-file-2,"Additional file 2 Table S3, SNVs section, row 'SPP_50x_50%T vs SPP_50x_100%N', column 'NeuSomatic SEQC-WGS-Spike'",89.6,result
somatic-neusomatic-20261010-result-sahraeian2022-neusomatic-seqc-wgs-spike-titration-snv-spp-50x-75-t-spp-50x-100-n,somatic-neusomatic-20261010-source-sahraeian2022-additional-file-2,"Additional file 2 Table S3, SNVs section, row 'SPP_50x_75%T vs SPP_50x_100%N', column 'NeuSomatic SEQC-WGS-Spike'",92.9,result
somatic-neusomatic-20261010-result-sahraeian2022-neusomatic-seqc-wgs-spike-titration-snv-spp-80x-10-t-spp-80x-100-n,somatic-neusomatic-20261010-source-sahraeian2022-additional-file-2,"Additional file 2 Table S3, SNVs section, row 'SPP_80x_10%T vs SPP_80x_100%N', column 'NeuSomatic SEQC-WGS-Spike'",56.8,result
somatic-neusomatic-20261010-result-sahraeian2022-neusomatic-seqc-wgs-spike-titration-snv-spp-80x-10-t-spp-80x-95-n,somatic-neusomatic-20261010-source-sahraeian2022-additional-file-2,"Additional file 2 Table S3, SNVs section, row 'SPP_80x_10%T vs SPP_80x_95%N', column 'NeuSomatic SEQC-WGS-Spike'",29.3,result
somatic-neusomatic-20261010-result-sahraeian2022-neusomatic-seqc-wgs-spike-titration-snv-spp-80x-100-t-spp-80x-100-n,somatic-neusomatic-20261010-source-sahraeian2022-additional-file-2,"Additional file 2 Table S3, SNVs section, row 'SPP_80x_100%T vs SPP_80x_100%N', column 'NeuSomatic SEQC-WGS-Spike'",95.5,result
somatic-neusomatic-20261010-result-sahraeian2022-neusomatic-seqc-wgs-spike-titration-snv-spp-80x-100-t-spp-80x-95-n,somatic-neusomatic-20261010-source-sahraeian2022-additional-file-2,"Additional file 2 Table S3, SNVs section, row 'SPP_80x_100%T vs SPP_80x_95%N', column 'NeuSomatic SEQC-WGS-Spike'",95.0,result
somatic-neusomatic-20261010-result-sahraeian2022-neusomatic-seqc-wgs-spike-titration-snv-spp-80x-20-t-spp-80x-100-n,somatic-neusomatic-20261010-source-sahraeian2022-additional-file-2,"Additional file 2 Table S3, SNVs section, row 'SPP_80x_20%T vs SPP_80x_100%N', column 'NeuSomatic SEQC-WGS-Spike'",80.0,result
somatic-neusomatic-20261010-result-sahraeian2022-neusomatic-seqc-wgs-spike-titration-snv-spp-80x-20-t-spp-80x-95-n,somatic-neusomatic-20261010-source-sahraeian2022-additional-file-2,"Additional file 2 Table S3, SNVs section, row 'SPP_80x_20%T vs SPP_80x_95%N', column 'NeuSomatic SEQC-WGS-Spike'",61.5,result
somatic-neusomatic-20261010-result-sahraeian2022-neusomatic-seqc-wgs-spike-titration-snv-spp-80x-5-t-spp-80x-100-n,somatic-neusomatic-20261010-source-sahraeian2022-additional-file-2,"Additional file 2 Table S3, SNVs section, row 'SPP_80x_5%T vs SPP_80x_100%N', column 'NeuSomatic SEQC-WGS-Spike'",27.2,result
somatic-neusomatic-20261010-result-sahraeian2022-neusomatic-seqc-wgs-spike-titration-snv-spp-80x-50-t-spp-80x-100-n,somatic-neusomatic-20261010-source-sahraeian2022-additional-file-2,"Additional file 2 Table S3, SNVs section, row 'SPP_80x_50%T vs SPP_80x_100%N', column 'NeuSomatic SEQC-WGS-Spike'",92.8,result
somatic-neusomatic-20261010-result-sahraeian2022-neusomatic-seqc-wgs-spike-titration-snv-spp-80x-50-t-spp-80x-95-n,somatic-neusomatic-20261010-source-sahraeian2022-additional-file-2,"Additional file 2 Table S3, SNVs section, row 'SPP_80x_50%T vs SPP_80x_95%N', column 'NeuSomatic SEQC-WGS-Spike'",89.0,result
somatic-neusomatic-20261010-result-sahraeian2022-neusomatic-seqc-wgs-spike-titration-snv-spp-80x-75-t-spp-80x-100-n,somatic-neusomatic-20261010-source-sahraeian2022-additional-file-2,"Additional file 2 Table S3, SNVs section, row 'SPP_80x_75%T vs SPP_80x_100%N', column 'NeuSomatic SEQC-WGS-Spike'",95.3,result
somatic-neusomatic-20261010-result-sahraeian2022-neusomatic-seqc-wgs-spike-titration-snv-spp-80x-75-t-spp-80x-95-n,somatic-neusomatic-20261010-source-sahraeian2022-additional-file-2,"Additional file 2 Table S3, SNVs section, row 'SPP_80x_75%T vs SPP_80x_95%N', column 'NeuSomatic SEQC-WGS-Spike'",93.6,result
somatic-neusomatic-20261010-result-sahraeian2022-neusomatic-seqc-wgs-spike-wgs-indel-average,somatic-neusomatic-20261010-source-sahraeian2022-additional-file-2,"Additional file 2 Table S2, INDELs section, row 'Average', column 'NeuSomatic SEQC-WGS-Spike'",81.9,result
somatic-neusomatic-20261010-result-sahraeian2022-neusomatic-seqc-wgs-spike-wgs-indel-wgs-ea-t-1-wgs-ea-n-1,somatic-neusomatic-20261010-source-sahraeian2022-additional-file-2,"Additional file 2 Table S2, INDELs section, row 'WGS_EA_T_1 vs WGS_EA_N_1', column 'NeuSomatic SEQC-WGS-Spike'",81.2,result
somatic-neusomatic-20261010-result-sahraeian2022-neusomatic-seqc-wgs-spike-wgs-indel-wgs-fd-t-1-wgs-fd-n-1,somatic-neusomatic-20261010-source-sahraeian2022-additional-file-2,"Additional file 2 Table S2, INDELs section, row 'WGS_FD_T_1 vs WGS_FD_N_1', column 'NeuSomatic SEQC-WGS-Spike'",80.6,result
somatic-neusomatic-20261010-result-sahraeian2022-neusomatic-seqc-wgs-spike-wgs-indel-wgs-fd-t-2-wgs-fd-n-2,somatic-neusomatic-20261010-source-sahraeian2022-additional-file-2,"Additional file 2 Table S2, INDELs section, row 'WGS_FD_T_2 vs WGS_FD_N_2', column 'NeuSomatic SEQC-WGS-Spike'",81.7,result
somatic-neusomatic-20261010-result-sahraeian2022-neusomatic-seqc-wgs-spike-wgs-indel-wgs-fd-t-3-wgs-fd-n-3,somatic-neusomatic-20261010-source-sahraeian2022-additional-file-2,"Additional file 2 Table S2, INDELs section, row 'WGS_FD_T_3 vs WGS_FD_N_3', column 'NeuSomatic SEQC-WGS-Spike'",79.3,result
somatic-neusomatic-20261010-result-sahraeian2022-neusomatic-seqc-wgs-spike-wgs-indel-wgs-il-t-1-wgs-il-n-1,somatic-neusomatic-20261010-source-sahraeian2022-additional-file-2,"Additional file 2 Table S2, INDELs section, row 'WGS_IL_T_1 vs WGS_IL_N_1', column 'NeuSomatic SEQC-WGS-Spike'",84.8,result
somatic-neusomatic-20261010-result-sahraeian2022-neusomatic-seqc-wgs-spike-wgs-indel-wgs-il-t-2-wgs-il-n-2,somatic-neusomatic-20261010-source-sahraeian2022-additional-file-2,"Additional file 2 Table S2, INDELs section, row 'WGS_IL_T_2 vs WGS_IL_N_2', column 'NeuSomatic SEQC-WGS-Spike'",82.1,result
somatic-neusomatic-20261010-result-sahraeian2022-neusomatic-seqc-wgs-spike-wgs-indel-wgs-il-t-3-wgs-il-n-3,somatic-neusomatic-20261010-source-sahraeian2022-additional-file-2,"Additional file 2 Table S2, INDELs section, row 'WGS_IL_T_3 vs WGS_IL_N_3', column 'NeuSomatic SEQC-WGS-Spike'",82.7,result
somatic-neusomatic-20261010-result-sahraeian2022-neusomatic-seqc-wgs-spike-wgs-indel-wgs-ll-t-1-wgs-ll-n-1,somatic-neusomatic-20261010-source-sahraeian2022-additional-file-2,"Additional file 2 Table S2, INDELs section, row 'WGS_LL_T_1 vs WGS_LL_N_1', column 'NeuSomatic SEQC-WGS-Spike'",73.3,result
somatic-neusomatic-20261010-result-sahraeian2022-neusomatic-seqc-wgs-spike-wgs-indel-wgs-nc-t-1-wgs-nc-n-1,somatic-neusomatic-20261010-source-sahraeian2022-additional-file-2,"Additional file 2 Table S2, INDELs section, row 'WGS_NC_T_1 vs WGS_NC_N_1', column 'NeuSomatic SEQC-WGS-Spike'",81.6,result
somatic-neusomatic-20261010-result-sahraeian2022-neusomatic-seqc-wgs-spike-wgs-indel-wgs-ns-t-1-wgs-ns-n-1,somatic-neusomatic-20261010-source-sahraeian2022-additional-file-2,"Additional file 2 Table S2, INDELs section, row 'WGS_NS_T_1 vs WGS_NS_N_1', column 'NeuSomatic SEQC-WGS-Spike'",82.0,result
somatic-neusomatic-20261010-result-sahraeian2022-neusomatic-seqc-wgs-spike-wgs-indel-wgs-ns-t-2-wgs-ns-n-2,somatic-neusomatic-20261010-source-sahraeian2022-additional-file-2,"Additional file 2 Table S2, INDELs section, row 'WGS_NS_T_2 vs WGS_NS_N_2', column 'NeuSomatic SEQC-WGS-Spike'",80.9,result
somatic-neusomatic-20261010-result-sahraeian2022-neusomatic-seqc-wgs-spike-wgs-indel-wgs-ns-t-3-wgs-ns-n-3,somatic-neusomatic-20261010-source-sahraeian2022-additional-file-2,"Additional file 2 Table S2, INDELs section, row 'WGS_NS_T_3 vs WGS_NS_N_3', column 'NeuSomatic SEQC-WGS-Spike'",80.6,result
somatic-neusomatic-20261010-result-sahraeian2022-neusomatic-seqc-wgs-spike-wgs-indel-wgs-ns-t-4-wgs-ns-n-4,somatic-neusomatic-20261010-source-sahraeian2022-additional-file-2,"Additional file 2 Table S2, INDELs section, row 'WGS_NS_T_4 vs WGS_NS_N_4', column 'NeuSomatic SEQC-WGS-Spike'",82.6,result
somatic-neusomatic-20261010-result-sahraeian2022-neusomatic-seqc-wgs-spike-wgs-indel-wgs-ns-t-5-wgs-ns-n-5,somatic-neusomatic-20261010-source-sahraeian2022-additional-file-2,"Additional file 2 Table S2, INDELs section, row 'WGS_NS_T_5 vs WGS_NS_N_5', column 'NeuSomatic SEQC-WGS-Spike'",82.2,result
somatic-neusomatic-20261010-result-sahraeian2022-neusomatic-seqc-wgs-spike-wgs-indel-wgs-ns-t-6-wgs-ns-n-6,somatic-neusomatic-20261010-source-sahraeian2022-additional-file-2,"Additional file 2 Table S2, INDELs section, row 'WGS_NS_T_6 vs WGS_NS_N_6', column 'NeuSomatic SEQC-WGS-Spike'",83.7,result
somatic-neusomatic-20261010-result-sahraeian2022-neusomatic-seqc-wgs-spike-wgs-indel-wgs-ns-t-7-wgs-ns-n-7,somatic-neusomatic-20261010-source-sahraeian2022-additional-file-2,"Additional file 2 Table S2, INDELs section, row 'WGS_NS_T_7 vs WGS_NS_N_7', column 'NeuSomatic SEQC-WGS-Spike'",83.4,result
somatic-neusomatic-20261010-result-sahraeian2022-neusomatic-seqc-wgs-spike-wgs-indel-wgs-ns-t-8-wgs-ns-n-8,somatic-neusomatic-20261010-source-sahraeian2022-additional-file-2,"Additional file 2 Table S2, INDELs section, row 'WGS_NS_T_8 vs WGS_NS_N_8', column 'NeuSomatic SEQC-WGS-Spike'",81.0,result
somatic-neusomatic-20261010-result-sahraeian2022-neusomatic-seqc-wgs-spike-wgs-indel-wgs-ns-t-9-wgs-ns-n-9,somatic-neusomatic-20261010-source-sahraeian2022-additional-file-2,"Additional file 2 Table S2, INDELs section, row 'WGS_NS_T_9 vs WGS_NS_N_9', column 'NeuSomatic SEQC-WGS-Spike'",81.8,result
somatic-neusomatic-20261010-result-sahraeian2022-neusomatic-seqc-wgs-spike-wgs-indel-wgs-nv-t-1-wgs-nv-n-1,somatic-neusomatic-20261010-source-sahraeian2022-additional-file-2,"Additional file 2 Table S2, INDELs section, row 'WGS_NV_T_1 vs WGS_NV_N_1', column 'NeuSomatic SEQC-WGS-Spike'",84.9,result
somatic-neusomatic-20261010-result-sahraeian2022-neusomatic-seqc-wgs-spike-wgs-indel-wgs-nv-t-2-wgs-nv-n-2,somatic-neusomatic-20261010-source-sahraeian2022-additional-file-2,"Additional file 2 Table S2, INDELs section, row 'WGS_NV_T_2 vs WGS_NV_N_2', column 'NeuSomatic SEQC-WGS-Spike'",84.3,result
somatic-neusomatic-20261010-result-sahraeian2022-neusomatic-seqc-wgs-spike-wgs-indel-wgs-nv-t-3-wgs-nv-n-3,somatic-neusomatic-20261010-source-sahraeian2022-additional-file-2,"Additional file 2 Table S2, INDELs section, row 'WGS_NV_T_3 vs WGS_NV_N_3', column 'NeuSomatic SEQC-WGS-Spike'",85.9,result
somatic-neusomatic-20261010-result-sahraeian2022-neusomatic-seqc-wgs-spike-wgs-snv-average,somatic-neusomatic-20261010-source-sahraeian2022-additional-file-2,"Additional file 2 Table S2, SNVs section, row 'Average', column 'NeuSomatic SEQC-WGS-Spike'",93.1,result
somatic-neusomatic-20261010-result-sahraeian2022-neusomatic-seqc-wgs-spike-wgs-snv-wgs-ea-t-1-wgs-ea-n-1,somatic-neusomatic-20261010-source-sahraeian2022-additional-file-2,"Additional file 2 Table S2, SNVs section, row 'WGS_EA_T_1 vs WGS_EA_N_1', column 'NeuSomatic SEQC-WGS-Spike'",94.5,result
somatic-neusomatic-20261010-result-sahraeian2022-neusomatic-seqc-wgs-spike-wgs-snv-wgs-fd-t-1-wgs-fd-n-1,somatic-neusomatic-20261010-source-sahraeian2022-additional-file-2,"Additional file 2 Table S2, SNVs section, row 'WGS_FD_T_1 vs WGS_FD_N_1', column 'NeuSomatic SEQC-WGS-Spike'",92.6,result
somatic-neusomatic-20261010-result-sahraeian2022-neusomatic-seqc-wgs-spike-wgs-snv-wgs-fd-t-2-wgs-fd-n-2,somatic-neusomatic-20261010-source-sahraeian2022-additional-file-2,"Additional file 2 Table S2, SNVs section, row 'WGS_FD_T_2 vs WGS_FD_N_2', column 'NeuSomatic SEQC-WGS-Spike'",93.0,result
somatic-neusomatic-20261010-result-sahraeian2022-neusomatic-seqc-wgs-spike-wgs-snv-wgs-fd-t-3-wgs-fd-n-3,somatic-neusomatic-20261010-source-sahraeian2022-additional-file-2,"Additional file 2 Table S2, SNVs section, row 'WGS_FD_T_3 vs WGS_FD_N_3', column 'NeuSomatic SEQC-WGS-Spike'",92.8,result
somatic-neusomatic-20261010-result-sahraeian2022-neusomatic-seqc-wgs-spike-wgs-snv-wgs-il-t-1-wgs-il-n-1,somatic-neusomatic-20261010-source-sahraeian2022-additional-file-2,"Additional file 2 Table S2, SNVs section, row 'WGS_IL_T_1 vs WGS_IL_N_1', column 'NeuSomatic SEQC-WGS-Spike'",95.0,result
somatic-neusomatic-20261010-result-sahraeian2022-neusomatic-seqc-wgs-spike-wgs-snv-wgs-il-t-2-wgs-il-n-2,somatic-neusomatic-20261010-source-sahraeian2022-additional-file-2,"Additional file 2 Table S2, SNVs section, row 'WGS_IL_T_2 vs WGS_IL_N_2', column 'NeuSomatic SEQC-WGS-Spike'",93.6,result
somatic-neusomatic-20261010-result-sahraeian2022-neusomatic-seqc-wgs-spike-wgs-snv-wgs-il-t-3-wgs-il-n-3,somatic-neusomatic-20261010-source-sahraeian2022-additional-file-2,"Additional file 2 Table S2, SNVs section, row 'WGS_IL_T_3 vs WGS_IL_N_3', column 'NeuSomatic SEQC-WGS-Spike'",93.7,result
somatic-neusomatic-20261010-result-sahraeian2022-neusomatic-seqc-wgs-spike-wgs-snv-wgs-ll-t-1-wgs-ll-n-1,somatic-neusomatic-20261010-source-sahraeian2022-additional-file-2,"Additional file 2 Table S2, SNVs section, row 'WGS_LL_T_1 vs WGS_LL_N_1', column 'NeuSomatic SEQC-WGS-Spike'",85.5,result
somatic-neusomatic-20261010-result-sahraeian2022-neusomatic-seqc-wgs-spike-wgs-snv-wgs-nc-t-1-wgs-nc-n-1,somatic-neusomatic-20261010-source-sahraeian2022-additional-file-2,"Additional file 2 Table S2, SNVs section, row 'WGS_NC_T_1 vs WGS_NC_N_1', column 'NeuSomatic SEQC-WGS-Spike'",92.6,result
somatic-neusomatic-20261010-result-sahraeian2022-neusomatic-seqc-wgs-spike-wgs-snv-wgs-ns-t-1-wgs-ns-n-1,somatic-neusomatic-20261010-source-sahraeian2022-additional-file-2,"Additional file 2 Table S2, SNVs section, row 'WGS_NS_T_1 vs WGS_NS_N_1', column 'NeuSomatic SEQC-WGS-Spike'",94.2,result
somatic-neusomatic-20261010-result-sahraeian2022-neusomatic-seqc-wgs-spike-wgs-snv-wgs-ns-t-2-wgs-ns-n-2,somatic-neusomatic-20261010-source-sahraeian2022-additional-file-2,"Additional file 2 Table S2, SNVs section, row 'WGS_NS_T_2 vs WGS_NS_N_2', column 'NeuSomatic SEQC-WGS-Spike'",91.7,result
somatic-neusomatic-20261010-result-sahraeian2022-neusomatic-seqc-wgs-spike-wgs-snv-wgs-ns-t-3-wgs-ns-n-3,somatic-neusomatic-20261010-source-sahraeian2022-additional-file-2,"Additional file 2 Table S2, SNVs section, row 'WGS_NS_T_3 vs WGS_NS_N_3', column 'NeuSomatic SEQC-WGS-Spike'",92.6,result
somatic-neusomatic-20261010-result-sahraeian2022-neusomatic-seqc-wgs-spike-wgs-snv-wgs-ns-t-4-wgs-ns-n-4,somatic-neusomatic-20261010-source-sahraeian2022-additional-file-2,"Additional file 2 Table S2, SNVs section, row 'WGS_NS_T_4 vs WGS_NS_N_4', column 'NeuSomatic SEQC-WGS-Spike'",93.9,result
somatic-neusomatic-20261010-result-sahraeian2022-neusomatic-seqc-wgs-spike-wgs-snv-wgs-ns-t-5-wgs-ns-n-5,somatic-neusomatic-20261010-source-sahraeian2022-additional-file-2,"Additional file 2 Table S2, SNVs section, row 'WGS_NS_T_5 vs WGS_NS_N_5', column 'NeuSomatic SEQC-WGS-Spike'",92.3,result
somatic-neusomatic-20261010-result-sahraeian2022-neusomatic-seqc-wgs-spike-wgs-snv-wgs-ns-t-6-wgs-ns-n-6,somatic-neusomatic-20261010-source-sahraeian2022-additional-file-2,"Additional file 2 Table S2, SNVs section, row 'WGS_NS_T_6 vs WGS_NS_N_6', column 'NeuSomatic SEQC-WGS-Spike'",94.4,result
somatic-neusomatic-20261010-result-sahraeian2022-neusomatic-seqc-wgs-spike-wgs-snv-wgs-ns-t-7-wgs-ns-n-7,somatic-neusomatic-20261010-source-sahraeian2022-additional-file-2,"Additional file 2 Table S2, SNVs section, row 'WGS_NS_T_7 vs WGS_NS_N_7', column 'NeuSomatic SEQC-WGS-Spike'",93.6,result
somatic-neusomatic-20261010-result-sahraeian2022-neusomatic-seqc-wgs-spike-wgs-snv-wgs-ns-t-8-wgs-ns-n-8,somatic-neusomatic-20261010-source-sahraeian2022-additional-file-2,"Additional file 2 Table S2, SNVs section, row 'WGS_NS_T_8 vs WGS_NS_N_8', column 'NeuSomatic SEQC-WGS-Spike'",91.7,result
somatic-neusomatic-20261010-result-sahraeian2022-neusomatic-seqc-wgs-spike-wgs-snv-wgs-ns-t-9-wgs-ns-n-9,somatic-neusomatic-20261010-source-sahraeian2022-additional-file-2,"Additional file 2 Table S2, SNVs section, row 'WGS_NS_T_9 vs WGS_NS_N_9', column 'NeuSomatic SEQC-WGS-Spike'",92.3,result
somatic-neusomatic-20261010-result-sahraeian2022-neusomatic-seqc-wgs-spike-wgs-snv-wgs-nv-t-1-wgs-nv-n-1,somatic-neusomatic-20261010-source-sahraeian2022-additional-file-2,"Additional file 2 Table S2, SNVs section, row 'WGS_NV_T_1 vs WGS_NV_N_1', column 'NeuSomatic SEQC-WGS-Spike'",95.3,result
somatic-neusomatic-20261010-result-sahraeian2022-neusomatic-seqc-wgs-spike-wgs-snv-wgs-nv-t-2-wgs-nv-n-2,somatic-neusomatic-20261010-source-sahraeian2022-additional-file-2,"Additional file 2 Table S2, SNVs section, row 'WGS_NV_T_2 vs WGS_NV_N_2', column 'NeuSomatic SEQC-WGS-Spike'",95.3,result
somatic-neusomatic-20261010-result-sahraeian2022-neusomatic-seqc-wgs-spike-wgs-snv-wgs-nv-t-3-wgs-nv-n-3,somatic-neusomatic-20261010-source-sahraeian2022-additional-file-2,"Additional file 2 Table S2, SNVs section, row 'WGS_NV_T_3 vs WGS_NV_N_3', column 'NeuSomatic SEQC-WGS-Spike'",95.3,result
somatic-neusomatic-20261010-result-sahraeian2022-octopus-hard-library-prep-indel-average,somatic-neusomatic-20261010-source-sahraeian2022-additional-file-2,"Additional file 2 Table S4, INDELs section, row 'Average', column 'Octopus-hard'",31.1,result
somatic-neusomatic-20261010-result-sahraeian2022-octopus-hard-library-prep-indel-lbp-nextera-t-100ng-lbp-nextera-n-100ng,somatic-neusomatic-20261010-source-sahraeian2022-additional-file-2,"Additional file 2 Table S4, INDELs section, row 'LBP_Nextera_T_100ng vs LBP_Nextera_N_100ng', column 'Octopus-hard'",60.2,result
somatic-neusomatic-20261010-result-sahraeian2022-octopus-hard-library-prep-indel-lbp-nextera-t-10ng-lbp-nextera-n-10ng,somatic-neusomatic-20261010-source-sahraeian2022-additional-file-2,"Additional file 2 Table S4, INDELs section, row 'LBP_Nextera_T_10ng vs LBP_Nextera_N_10ng', column 'Octopus-hard'",41.9,result
somatic-neusomatic-20261010-result-sahraeian2022-octopus-hard-library-prep-indel-lbp-nextera-t-1ng-lbp-nextera-n-1ng,somatic-neusomatic-20261010-source-sahraeian2022-additional-file-2,"Additional file 2 Table S4, INDELs section, row 'LBP_Nextera_T_1ng vs LBP_Nextera_N_1ng', column 'Octopus-hard'",19.7,result
somatic-neusomatic-20261010-result-sahraeian2022-octopus-hard-library-prep-indel-lbp-truseq-t-100ng-lbp-truseq-n-100ng,somatic-neusomatic-20261010-source-sahraeian2022-additional-file-2,"Additional file 2 Table S4, INDELs section, row 'LBP_TruSeq_T_100ng vs LBP_TruSeq_N_100ng', column 'Octopus-hard'",47.9,result
somatic-neusomatic-20261010-result-sahraeian2022-octopus-hard-library-prep-indel-lbp-truseq-t-10ng-lbp-truseq-n-10ng,somatic-neusomatic-20261010-source-sahraeian2022-additional-file-2,"Additional file 2 Table S4, INDELs section, row 'LBP_TruSeq_T_10ng vs LBP_TruSeq_N_10ng', column 'Octopus-hard'",16.4,result
somatic-neusomatic-20261010-result-sahraeian2022-octopus-hard-library-prep-indel-lbp-truseq-t-1ng-lbp-truseq-n-1ng,somatic-neusomatic-20261010-source-sahraeian2022-additional-file-2,"Additional file 2 Table S4, INDELs section, row 'LBP_TruSeq_T_1ng vs LBP_TruSeq_N_1ng', column 'Octopus-hard'",0.2,result
somatic-neusomatic-20261010-result-sahraeian2022-octopus-hard-library-prep-snv-average,somatic-neusomatic-20261010-source-sahraeian2022-additional-file-2,"Additional file 2 Table S4, SNVs section, row 'Average', column 'Octopus-hard'",63.2,result
somatic-neusomatic-20261010-result-sahraeian2022-octopus-hard-library-prep-snv-lbp-nextera-t-100ng-lbp-nextera-n-100ng,somatic-neusomatic-20261010-source-sahraeian2022-additional-file-2,"Additional file 2 Table S4, SNVs section, row 'LBP_Nextera_T_100ng vs LBP_Nextera_N_100ng', column 'Octopus-hard'",86.6,result
somatic-neusomatic-20261010-result-sahraeian2022-octopus-hard-library-prep-snv-lbp-nextera-t-10ng-lbp-nextera-n-10ng,somatic-neusomatic-20261010-source-sahraeian2022-additional-file-2,"Additional file 2 Table S4, SNVs section, row 'LBP_Nextera_T_10ng vs LBP_Nextera_N_10ng', column 'Octopus-hard'",86.8,result
somatic-neusomatic-20261010-result-sahraeian2022-octopus-hard-library-prep-snv-lbp-nextera-t-1ng-lbp-nextera-n-1ng,somatic-neusomatic-20261010-source-sahraeian2022-additional-file-2,"Additional file 2 Table S4, SNVs section, row 'LBP_Nextera_T_1ng vs LBP_Nextera_N_1ng', column 'Octopus-hard'",72.8,result
somatic-neusomatic-20261010-result-sahraeian2022-octopus-hard-library-prep-snv-lbp-truseq-t-100ng-lbp-truseq-n-100ng,somatic-neusomatic-20261010-source-sahraeian2022-additional-file-2,"Additional file 2 Table S4, SNVs section, row 'LBP_TruSeq_T_100ng vs LBP_TruSeq_N_100ng', column 'Octopus-hard'",84.1,result
somatic-neusomatic-20261010-result-sahraeian2022-octopus-hard-library-prep-snv-lbp-truseq-t-10ng-lbp-truseq-n-10ng,somatic-neusomatic-20261010-source-sahraeian2022-additional-file-2,"Additional file 2 Table S4, SNVs section, row 'LBP_TruSeq_T_10ng vs LBP_TruSeq_N_10ng', column 'Octopus-hard'",48.6,result
somatic-neusomatic-20261010-result-sahraeian2022-octopus-hard-library-prep-snv-lbp-truseq-t-1ng-lbp-truseq-n-1ng,somatic-neusomatic-20261010-source-sahraeian2022-additional-file-2,"Additional file 2 Table S4, SNVs section, row 'LBP_TruSeq_T_1ng vs LBP_TruSeq_N_1ng', column 'Octopus-hard'",0.0,result
somatic-neusomatic-20261010-result-sahraeian2022-octopus-hard-titration-indel-average,somatic-neusomatic-20261010-source-sahraeian2022-additional-file-2,"Additional file 2 Table S3, INDELs section, row 'Average', column 'Octopus-hard'",52.5,result
somatic-neusomatic-20261010-result-sahraeian2022-octopus-hard-titration-indel-spp-100x-10-t-spp-100x-100-n,somatic-neusomatic-20261010-source-sahraeian2022-additional-file-2,"Additional file 2 Table S3, INDELs section, row 'SPP_100x_10%T vs SPP_100x_100%N', column 'Octopus-hard'",32.0,result
somatic-neusomatic-20261010-result-sahraeian2022-octopus-hard-titration-indel-spp-100x-100-t-spp-100x-100-n,somatic-neusomatic-20261010-source-sahraeian2022-additional-file-2,"Additional file 2 Table S3, INDELs section, row 'SPP_100x_100%T vs SPP_100x_100%N', column 'Octopus-hard'",71.8,result
somatic-neusomatic-20261010-result-sahraeian2022-octopus-hard-titration-indel-spp-100x-20-t-spp-100x-100-n,somatic-neusomatic-20261010-source-sahraeian2022-additional-file-2,"Additional file 2 Table S3, INDELs section, row 'SPP_100x_20%T vs SPP_100x_100%N', column 'Octopus-hard'",75.0,result
somatic-neusomatic-20261010-result-sahraeian2022-octopus-hard-titration-indel-spp-100x-5-t-spp-100x-100-n,somatic-neusomatic-20261010-source-sahraeian2022-additional-file-2,"Additional file 2 Table S3, INDELs section, row 'SPP_100x_5%T vs SPP_100x_100%N', column 'Octopus-hard'",15.6,result
somatic-neusomatic-20261010-result-sahraeian2022-octopus-hard-titration-indel-spp-100x-50-t-spp-100x-100-n,somatic-neusomatic-20261010-source-sahraeian2022-additional-file-2,"Additional file 2 Table S3, INDELs section, row 'SPP_100x_50%T vs SPP_100x_100%N', column 'Octopus-hard'",80.0,result
somatic-neusomatic-20261010-result-sahraeian2022-octopus-hard-titration-indel-spp-100x-75-t-spp-100x-100-n,somatic-neusomatic-20261010-source-sahraeian2022-additional-file-2,"Additional file 2 Table S3, INDELs section, row 'SPP_100x_75%T vs SPP_100x_100%N', column 'Octopus-hard'",81.4,result
somatic-neusomatic-20261010-result-sahraeian2022-octopus-hard-titration-indel-spp-10x-10-t-spp-10x-100-n,somatic-neusomatic-20261010-source-sahraeian2022-additional-file-2,"Additional file 2 Table S3, INDELs section, row 'SPP_10x_10%T vs SPP_10x_100%N', column 'Octopus-hard'",3.1,result
somatic-neusomatic-20261010-result-sahraeian2022-octopus-hard-titration-indel-spp-10x-100-t-spp-10x-100-n,somatic-neusomatic-20261010-source-sahraeian2022-additional-file-2,"Additional file 2 Table S3, INDELs section, row 'SPP_10x_100%T vs SPP_10x_100%N', column 'Octopus-hard'",31.5,result
somatic-neusomatic-20261010-result-sahraeian2022-octopus-hard-titration-indel-spp-10x-20-t-spp-10x-100-n,somatic-neusomatic-20261010-source-sahraeian2022-additional-file-2,"Additional file 2 Table S3, INDELs section, row 'SPP_10x_20%T vs SPP_10x_100%N', column 'Octopus-hard'",11.0,result
somatic-neusomatic-20261010-result-sahraeian2022-octopus-hard-titration-indel-spp-10x-5-t-spp-10x-100-n,somatic-neusomatic-20261010-source-sahraeian2022-additional-file-2,"Additional file 2 Table S3, INDELs section, row 'SPP_10x_5%T vs SPP_10x_100%N', column 'Octopus-hard'",0.9,result
somatic-neusomatic-20261010-result-sahraeian2022-octopus-hard-titration-indel-spp-10x-50-t-spp-10x-100-n,somatic-neusomatic-20261010-source-sahraeian2022-additional-file-2,"Additional file 2 Table S3, INDELs section, row 'SPP_10x_50%T vs SPP_10x_100%N', column 'Octopus-hard'",29.5,result
somatic-neusomatic-20261010-result-sahraeian2022-octopus-hard-titration-indel-spp-10x-75-t-spp-10x-100-n,somatic-neusomatic-20261010-source-sahraeian2022-additional-file-2,"Additional file 2 Table S3, INDELs section, row 'SPP_10x_75%T vs SPP_10x_100%N', column 'Octopus-hard'",39.0,result
somatic-neusomatic-20261010-result-sahraeian2022-octopus-hard-titration-indel-spp-200x-10-t-spp-200x-100-n,somatic-neusomatic-20261010-source-sahraeian2022-additional-file-2,"Additional file 2 Table S3, INDELs section, row 'SPP_200x_10%T vs SPP_200x_100%N', column 'Octopus-hard'",75.5,result
somatic-neusomatic-20261010-result-sahraeian2022-octopus-hard-titration-indel-spp-200x-100-t-spp-200x-100-n,somatic-neusomatic-20261010-source-sahraeian2022-additional-file-2,"Additional file 2 Table S3, INDELs section, row 'SPP_200x_100%T vs SPP_200x_100%N', column 'Octopus-hard'",74.1,result
somatic-neusomatic-20261010-result-sahraeian2022-octopus-hard-titration-indel-spp-200x-20-t-spp-200x-100-n,somatic-neusomatic-20261010-source-sahraeian2022-additional-file-2,"Additional file 2 Table S3, INDELs section, row 'SPP_200x_20%T vs SPP_200x_100%N', column 'Octopus-hard'",80.6,result
somatic-neusomatic-20261010-result-sahraeian2022-octopus-hard-titration-indel-spp-200x-5-t-spp-200x-100-n,somatic-neusomatic-20261010-source-sahraeian2022-additional-file-2,"Additional file 2 Table S3, INDELs section, row 'SPP_200x_5%T vs SPP_200x_100%N', column 'Octopus-hard'",22.0,result
somatic-neusomatic-20261010-result-sahraeian2022-octopus-hard-titration-indel-spp-200x-50-t-spp-200x-100-n,somatic-neusomatic-20261010-source-sahraeian2022-additional-file-2,"Additional file 2 Table S3, INDELs section, row 'SPP_200x_50%T vs SPP_200x_100%N', column 'Octopus-hard'",82.4,result
somatic-neusomatic-20261010-result-sahraeian2022-octopus-hard-titration-indel-spp-200x-75-t-spp-200x-100-n,somatic-neusomatic-20261010-source-sahraeian2022-additional-file-2,"Additional file 2 Table S3, INDELs section, row 'SPP_200x_75%T vs SPP_200x_100%N', column 'Octopus-hard'",81.2,result
somatic-neusomatic-20261010-result-sahraeian2022-octopus-hard-titration-indel-spp-300x-10-t-spp-300x-100-n,somatic-neusomatic-20261010-source-sahraeian2022-additional-file-2,"Additional file 2 Table S3, INDELs section, row 'SPP_300x_10%T vs SPP_300x_100%N', column 'Octopus-hard'",78.1,result
somatic-neusomatic-20261010-result-sahraeian2022-octopus-hard-titration-indel-spp-300x-100-t-spp-300x-100-n,somatic-neusomatic-20261010-source-sahraeian2022-additional-file-2,"Additional file 2 Table S3, INDELs section, row 'SPP_300x_100%T vs SPP_300x_100%N', column 'Octopus-hard'",74.1,result
somatic-neusomatic-20261010-result-sahraeian2022-octopus-hard-titration-indel-spp-300x-20-t-spp-300x-100-n,somatic-neusomatic-20261010-source-sahraeian2022-additional-file-2,"Additional file 2 Table S3, INDELs section, row 'SPP_300x_20%T vs SPP_300x_100%N', column 'Octopus-hard'",81.2,result
somatic-neusomatic-20261010-result-sahraeian2022-octopus-hard-titration-indel-spp-300x-5-t-spp-300x-100-n,somatic-neusomatic-20261010-source-sahraeian2022-additional-file-2,"Additional file 2 Table S3, INDELs section, row 'SPP_300x_5%T vs SPP_300x_100%N', column 'Octopus-hard'",17.4,result
somatic-neusomatic-20261010-result-sahraeian2022-octopus-hard-titration-indel-spp-300x-50-t-spp-300x-100-n,somatic-neusomatic-20261010-source-sahraeian2022-additional-file-2,"Additional file 2 Table S3, INDELs section, row 'SPP_300x_50%T vs SPP_300x_100%N', column 'Octopus-hard'",82.7,result
somatic-neusomatic-20261010-result-sahraeian2022-octopus-hard-titration-indel-spp-300x-75-t-spp-300x-100-n,somatic-neusomatic-20261010-source-sahraeian2022-additional-file-2,"Additional file 2 Table S3, INDELs section, row 'SPP_300x_75%T vs SPP_300x_100%N', column 'Octopus-hard'",82.4,result
somatic-neusomatic-20261010-result-sahraeian2022-octopus-hard-titration-indel-spp-30x-10-t-spp-30x-100-n,somatic-neusomatic-20261010-source-sahraeian2022-additional-file-2,"Additional file 2 Table S3, INDELs section, row 'SPP_30x_10%T vs SPP_30x_100%N', column 'Octopus-hard'",17.5,result
somatic-neusomatic-20261010-result-sahraeian2022-octopus-hard-titration-indel-spp-30x-100-t-spp-30x-100-n,somatic-neusomatic-20261010-source-sahraeian2022-additional-file-2,"Additional file 2 Table S3, INDELs section, row 'SPP_30x_100%T vs SPP_30x_100%N', column 'Octopus-hard'",67.4,result
somatic-neusomatic-20261010-result-sahraeian2022-octopus-hard-titration-indel-spp-30x-20-t-spp-30x-100-n,somatic-neusomatic-20261010-source-sahraeian2022-additional-file-2,"Additional file 2 Table S3, INDELs section, row 'SPP_30x_20%T vs SPP_30x_100%N', column 'Octopus-hard'",39.4,result
somatic-neusomatic-20261010-result-sahraeian2022-octopus-hard-titration-indel-spp-30x-5-t-spp-30x-100-n,somatic-neusomatic-20261010-source-sahraeian2022-additional-file-2,"Additional file 2 Table S3, INDELs section, row 'SPP_30x_5%T vs SPP_30x_100%N', column 'Octopus-hard'",6.2,result
somatic-neusomatic-20261010-result-sahraeian2022-octopus-hard-titration-indel-spp-30x-50-t-spp-30x-100-n,somatic-neusomatic-20261010-source-sahraeian2022-additional-file-2,"Additional file 2 Table S3, INDELs section, row 'SPP_30x_50%T vs SPP_30x_100%N', column 'Octopus-hard'",53.1,result
somatic-neusomatic-20261010-result-sahraeian2022-octopus-hard-titration-indel-spp-30x-75-t-spp-30x-100-n,somatic-neusomatic-20261010-source-sahraeian2022-additional-file-2,"Additional file 2 Table S3, INDELs section, row 'SPP_30x_75%T vs SPP_30x_100%N', column 'Octopus-hard'",77.0,result
somatic-neusomatic-20261010-result-sahraeian2022-octopus-hard-titration-indel-spp-50x-10-t-spp-50x-100-n,somatic-neusomatic-20261010-source-sahraeian2022-additional-file-2,"Additional file 2 Table S3, INDELs section, row 'SPP_50x_10%T vs SPP_50x_100%N', column 'Octopus-hard'",24.9,result
somatic-neusomatic-20261010-result-sahraeian2022-octopus-hard-titration-indel-spp-50x-100-t-spp-50x-100-n,somatic-neusomatic-20261010-source-sahraeian2022-additional-file-2,"Additional file 2 Table S3, INDELs section, row 'SPP_50x_100%T vs SPP_50x_100%N', column 'Octopus-hard'",69.2,result
somatic-neusomatic-20261010-result-sahraeian2022-octopus-hard-titration-indel-spp-50x-20-t-spp-50x-100-n,somatic-neusomatic-20261010-source-sahraeian2022-additional-file-2,"Additional file 2 Table S3, INDELs section, row 'SPP_50x_20%T vs SPP_50x_100%N', column 'Octopus-hard'",46.7,result
somatic-neusomatic-20261010-result-sahraeian2022-octopus-hard-titration-indel-spp-50x-5-t-spp-50x-100-n,somatic-neusomatic-20261010-source-sahraeian2022-additional-file-2,"Additional file 2 Table S3, INDELs section, row 'SPP_50x_5%T vs SPP_50x_100%N', column 'Octopus-hard'",10.8,result
somatic-neusomatic-20261010-result-sahraeian2022-octopus-hard-titration-indel-spp-50x-50-t-spp-50x-100-n,somatic-neusomatic-20261010-source-sahraeian2022-additional-file-2,"Additional file 2 Table S3, INDELs section, row 'SPP_50x_50%T vs SPP_50x_100%N', column 'Octopus-hard'",78.9,result
somatic-neusomatic-20261010-result-sahraeian2022-octopus-hard-titration-indel-spp-50x-75-t-spp-50x-100-n,somatic-neusomatic-20261010-source-sahraeian2022-additional-file-2,"Additional file 2 Table S3, INDELs section, row 'SPP_50x_75%T vs SPP_50x_100%N', column 'Octopus-hard'",80.4,result
somatic-neusomatic-20261010-result-sahraeian2022-octopus-hard-titration-indel-spp-80x-10-t-spp-80x-100-n,somatic-neusomatic-20261010-source-sahraeian2022-additional-file-2,"Additional file 2 Table S3, INDELs section, row 'SPP_80x_10%T vs SPP_80x_100%N', column 'Octopus-hard'",32.0,result
somatic-neusomatic-20261010-result-sahraeian2022-octopus-hard-titration-indel-spp-80x-10-t-spp-80x-95-n,somatic-neusomatic-20261010-source-sahraeian2022-additional-file-2,"Additional file 2 Table S3, INDELs section, row 'SPP_80x_10%T vs SPP_80x_95%N', column 'Octopus-hard'",22.2,result
somatic-neusomatic-20261010-result-sahraeian2022-octopus-hard-titration-indel-spp-80x-100-t-spp-80x-100-n,somatic-neusomatic-20261010-source-sahraeian2022-additional-file-2,"Additional file 2 Table S3, INDELs section, row 'SPP_80x_100%T vs SPP_80x_100%N', column 'Octopus-hard'",71.9,result
somatic-neusomatic-20261010-result-sahraeian2022-octopus-hard-titration-indel-spp-80x-100-t-spp-80x-95-n,somatic-neusomatic-20261010-source-sahraeian2022-additional-file-2,"Additional file 2 Table S3, INDELs section, row 'SPP_80x_100%T vs SPP_80x_95%N', column 'Octopus-hard'",65.1,result
somatic-neusomatic-20261010-result-sahraeian2022-octopus-hard-titration-indel-spp-80x-20-t-spp-80x-100-n,somatic-neusomatic-20261010-source-sahraeian2022-additional-file-2,"Additional file 2 Table S3, INDELs section, row 'SPP_80x_20%T vs SPP_80x_100%N', column 'Octopus-hard'",46.2,result
somatic-neusomatic-20261010-result-sahraeian2022-octopus-hard-titration-indel-spp-80x-20-t-spp-80x-95-n,somatic-neusomatic-20261010-source-sahraeian2022-additional-file-2,"Additional file 2 Table S3, INDELs section, row 'SPP_80x_20%T vs SPP_80x_95%N', column 'Octopus-hard'",35.3,result
somatic-neusomatic-20261010-result-sahraeian2022-octopus-hard-titration-indel-spp-80x-5-t-spp-80x-100-n,somatic-neusomatic-20261010-source-sahraeian2022-additional-file-2,"Additional file 2 Table S3, INDELs section, row 'SPP_80x_5%T vs SPP_80x_100%N', column 'Octopus-hard'",15.4,result
somatic-neusomatic-20261010-result-sahraeian2022-octopus-hard-titration-indel-spp-80x-50-t-spp-80x-100-n,somatic-neusomatic-20261010-source-sahraeian2022-additional-file-2,"Additional file 2 Table S3, INDELs section, row 'SPP_80x_50%T vs SPP_80x_100%N', column 'Octopus-hard'",80.9,result
somatic-neusomatic-20261010-result-sahraeian2022-octopus-hard-titration-indel-spp-80x-50-t-spp-80x-95-n,somatic-neusomatic-20261010-source-sahraeian2022-additional-file-2,"Additional file 2 Table S3, INDELs section, row 'SPP_80x_50%T vs SPP_80x_95%N', column 'Octopus-hard'",70.9,result
somatic-neusomatic-20261010-result-sahraeian2022-octopus-hard-titration-indel-spp-80x-75-t-spp-80x-100-n,somatic-neusomatic-20261010-source-sahraeian2022-additional-file-2,"Additional file 2 Table S3, INDELs section, row 'SPP_80x_75%T vs SPP_80x_100%N', column 'Octopus-hard'",80.6,result
somatic-neusomatic-20261010-result-sahraeian2022-octopus-hard-titration-indel-spp-80x-75-t-spp-80x-95-n,somatic-neusomatic-20261010-source-sahraeian2022-additional-file-2,"Additional file 2 Table S3, INDELs section, row 'SPP_80x_75%T vs SPP_80x_95%N', column 'Octopus-hard'",71.2,result
somatic-neusomatic-20261010-result-sahraeian2022-octopus-hard-titration-snv-average,somatic-neusomatic-20261010-source-sahraeian2022-additional-file-2,"Additional file 2 Table S3, SNVs section, row 'Average', column 'Octopus-hard'",67.7,result
somatic-neusomatic-20261010-result-sahraeian2022-octopus-hard-titration-snv-spp-100x-10-t-spp-100x-100-n,somatic-neusomatic-20261010-source-sahraeian2022-additional-file-2,"Additional file 2 Table S3, SNVs section, row 'SPP_100x_10%T vs SPP_100x_100%N', column 'Octopus-hard'",59.4,result
somatic-neusomatic-20261010-result-sahraeian2022-octopus-hard-titration-snv-spp-100x-100-t-spp-100x-100-n,somatic-neusomatic-20261010-source-sahraeian2022-additional-file-2,"Additional file 2 Table S3, SNVs section, row 'SPP_100x_100%T vs SPP_100x_100%N', column 'Octopus-hard'",89.8,result
somatic-neusomatic-20261010-result-sahraeian2022-octopus-hard-titration-snv-spp-100x-20-t-spp-100x-100-n,somatic-neusomatic-20261010-source-sahraeian2022-additional-file-2,"Additional file 2 Table S3, SNVs section, row 'SPP_100x_20%T vs SPP_100x_100%N', column 'Octopus-hard'",83.7,result
somatic-neusomatic-20261010-result-sahraeian2022-octopus-hard-titration-snv-spp-100x-5-t-spp-100x-100-n,somatic-neusomatic-20261010-source-sahraeian2022-additional-file-2,"Additional file 2 Table S3, SNVs section, row 'SPP_100x_5%T vs SPP_100x_100%N', column 'Octopus-hard'",33.5,result
somatic-neusomatic-20261010-result-sahraeian2022-octopus-hard-titration-snv-spp-100x-50-t-spp-100x-100-n,somatic-neusomatic-20261010-source-sahraeian2022-additional-file-2,"Additional file 2 Table S3, SNVs section, row 'SPP_100x_50%T vs SPP_100x_100%N', column 'Octopus-hard'",92.1,result
somatic-neusomatic-20261010-result-sahraeian2022-octopus-hard-titration-snv-spp-100x-75-t-spp-100x-100-n,somatic-neusomatic-20261010-source-sahraeian2022-additional-file-2,"Additional file 2 Table S3, SNVs section, row 'SPP_100x_75%T vs SPP_100x_100%N', column 'Octopus-hard'",95.1,result
somatic-neusomatic-20261010-result-sahraeian2022-octopus-hard-titration-snv-spp-10x-10-t-spp-10x-100-n,somatic-neusomatic-20261010-source-sahraeian2022-additional-file-2,"Additional file 2 Table S3, SNVs section, row 'SPP_10x_10%T vs SPP_10x_100%N', column 'Octopus-hard'",6.3,result
somatic-neusomatic-20261010-result-sahraeian2022-octopus-hard-titration-snv-spp-10x-100-t-spp-10x-100-n,somatic-neusomatic-20261010-source-sahraeian2022-additional-file-2,"Additional file 2 Table S3, SNVs section, row 'SPP_10x_100%T vs SPP_10x_100%N', column 'Octopus-hard'",46.2,result
somatic-neusomatic-20261010-result-sahraeian2022-octopus-hard-titration-snv-spp-10x-20-t-spp-10x-100-n,somatic-neusomatic-20261010-source-sahraeian2022-additional-file-2,"Additional file 2 Table S3, SNVs section, row 'SPP_10x_20%T vs SPP_10x_100%N', column 'Octopus-hard'",17.6,result
somatic-neusomatic-20261010-result-sahraeian2022-octopus-hard-titration-snv-spp-10x-5-t-spp-10x-100-n,somatic-neusomatic-20261010-source-sahraeian2022-additional-file-2,"Additional file 2 Table S3, SNVs section, row 'SPP_10x_5%T vs SPP_10x_100%N', column 'Octopus-hard'",2.1,result
somatic-neusomatic-20261010-result-sahraeian2022-octopus-hard-titration-snv-spp-10x-50-t-spp-10x-100-n,somatic-neusomatic-20261010-source-sahraeian2022-additional-file-2,"Additional file 2 Table S3, SNVs section, row 'SPP_10x_50%T vs SPP_10x_100%N', column 'Octopus-hard'",41.2,result
somatic-neusomatic-20261010-result-sahraeian2022-octopus-hard-titration-snv-spp-10x-75-t-spp-10x-100-n,somatic-neusomatic-20261010-source-sahraeian2022-additional-file-2,"Additional file 2 Table S3, SNVs section, row 'SPP_10x_75%T vs SPP_10x_100%N', column 'Octopus-hard'",49.8,result
somatic-neusomatic-20261010-result-sahraeian2022-octopus-hard-titration-snv-spp-200x-10-t-spp-200x-100-n,somatic-neusomatic-20261010-source-sahraeian2022-additional-file-2,"Additional file 2 Table S3, SNVs section, row 'SPP_200x_10%T vs SPP_200x_100%N', column 'Octopus-hard'",81.6,result
somatic-neusomatic-20261010-result-sahraeian2022-octopus-hard-titration-snv-spp-200x-100-t-spp-200x-100-n,somatic-neusomatic-20261010-source-sahraeian2022-additional-file-2,"Additional file 2 Table S3, SNVs section, row 'SPP_200x_100%T vs SPP_200x_100%N', column 'Octopus-hard'",91.4,result
somatic-neusomatic-20261010-result-sahraeian2022-octopus-hard-titration-snv-spp-200x-20-t-spp-200x-100-n,somatic-neusomatic-20261010-source-sahraeian2022-additional-file-2,"Additional file 2 Table S3, SNVs section, row 'SPP_200x_20%T vs SPP_200x_100%N', column 'Octopus-hard'",90.4,result
somatic-neusomatic-20261010-result-sahraeian2022-octopus-hard-titration-snv-spp-200x-5-t-spp-200x-100-n,somatic-neusomatic-20261010-source-sahraeian2022-additional-file-2,"Additional file 2 Table S3, SNVs section, row 'SPP_200x_5%T vs SPP_200x_100%N', column 'Octopus-hard'",55.1,result
somatic-neusomatic-20261010-result-sahraeian2022-octopus-hard-titration-snv-spp-200x-50-t-spp-200x-100-n,somatic-neusomatic-20261010-source-sahraeian2022-additional-file-2,"Additional file 2 Table S3, SNVs section, row 'SPP_200x_50%T vs SPP_200x_100%N', column 'Octopus-hard'",95.5,result
somatic-neusomatic-20261010-result-sahraeian2022-octopus-hard-titration-snv-spp-200x-75-t-spp-200x-100-n,somatic-neusomatic-20261010-source-sahraeian2022-additional-file-2,"Additional file 2 Table S3, SNVs section, row 'SPP_200x_75%T vs SPP_200x_100%N', column 'Octopus-hard'",96.9,result
somatic-neusomatic-20261010-result-sahraeian2022-octopus-hard-titration-snv-spp-300x-10-t-spp-300x-100-n,somatic-neusomatic-20261010-source-sahraeian2022-additional-file-2,"Additional file 2 Table S3, SNVs section, row 'SPP_300x_10%T vs SPP_300x_100%N', column 'Octopus-hard'",85.7,result
somatic-neusomatic-20261010-result-sahraeian2022-octopus-hard-titration-snv-spp-300x-100-t-spp-300x-100-n,somatic-neusomatic-20261010-source-sahraeian2022-additional-file-2,"Additional file 2 Table S3, SNVs section, row 'SPP_300x_100%T vs SPP_300x_100%N', column 'Octopus-hard'",91.7,result
somatic-neusomatic-20261010-result-sahraeian2022-octopus-hard-titration-snv-spp-300x-20-t-spp-300x-100-n,somatic-neusomatic-20261010-source-sahraeian2022-additional-file-2,"Additional file 2 Table S3, SNVs section, row 'SPP_300x_20%T vs SPP_300x_100%N', column 'Octopus-hard'",92.1,result
somatic-neusomatic-20261010-result-sahraeian2022-octopus-hard-titration-snv-spp-300x-5-t-spp-300x-100-n,somatic-neusomatic-20261010-source-sahraeian2022-additional-file-2,"Additional file 2 Table S3, SNVs section, row 'SPP_300x_5%T vs SPP_300x_100%N', column 'Octopus-hard'",62.7,result
somatic-neusomatic-20261010-result-sahraeian2022-octopus-hard-titration-snv-spp-300x-50-t-spp-300x-100-n,somatic-neusomatic-20261010-source-sahraeian2022-additional-file-2,"Additional file 2 Table S3, SNVs section, row 'SPP_300x_50%T vs SPP_300x_100%N', column 'Octopus-hard'",96.2,result
somatic-neusomatic-20261010-result-sahraeian2022-octopus-hard-titration-snv-spp-300x-75-t-spp-300x-100-n,somatic-neusomatic-20261010-source-sahraeian2022-additional-file-2,"Additional file 2 Table S3, SNVs section, row 'SPP_300x_75%T vs SPP_300x_100%N', column 'Octopus-hard'",97.4,result
somatic-neusomatic-20261010-result-sahraeian2022-octopus-hard-titration-snv-spp-30x-10-t-spp-30x-100-n,somatic-neusomatic-20261010-source-sahraeian2022-additional-file-2,"Additional file 2 Table S3, SNVs section, row 'SPP_30x_10%T vs SPP_30x_100%N', column 'Octopus-hard'",33.5,result
somatic-neusomatic-20261010-result-sahraeian2022-octopus-hard-titration-snv-spp-30x-100-t-spp-30x-100-n,somatic-neusomatic-20261010-source-sahraeian2022-additional-file-2,"Additional file 2 Table S3, SNVs section, row 'SPP_30x_100%T vs SPP_30x_100%N', column 'Octopus-hard'",81.2,result
somatic-neusomatic-20261010-result-sahraeian2022-octopus-hard-titration-snv-spp-30x-20-t-spp-30x-100-n,somatic-neusomatic-20261010-source-sahraeian2022-additional-file-2,"Additional file 2 Table S3, SNVs section, row 'SPP_30x_20%T vs SPP_30x_100%N', column 'Octopus-hard'",59.0,result
somatic-neusomatic-20261010-result-sahraeian2022-octopus-hard-titration-snv-spp-30x-5-t-spp-30x-100-n,somatic-neusomatic-20261010-source-sahraeian2022-additional-file-2,"Additional file 2 Table S3, SNVs section, row 'SPP_30x_5%T vs SPP_30x_100%N', column 'Octopus-hard'",14.3,result
somatic-neusomatic-20261010-result-sahraeian2022-octopus-hard-titration-snv-spp-30x-50-t-spp-30x-100-n,somatic-neusomatic-20261010-source-sahraeian2022-additional-file-2,"Additional file 2 Table S3, SNVs section, row 'SPP_30x_50%T vs SPP_30x_100%N', column 'Octopus-hard'",78.5,result
somatic-neusomatic-20261010-result-sahraeian2022-octopus-hard-titration-snv-spp-30x-75-t-spp-30x-100-n,somatic-neusomatic-20261010-source-sahraeian2022-additional-file-2,"Additional file 2 Table S3, SNVs section, row 'SPP_30x_75%T vs SPP_30x_100%N', column 'Octopus-hard'",87.3,result
somatic-neusomatic-20261010-result-sahraeian2022-octopus-hard-titration-snv-spp-50x-10-t-spp-50x-100-n,somatic-neusomatic-20261010-source-sahraeian2022-additional-file-2,"Additional file 2 Table S3, SNVs section, row 'SPP_50x_10%T vs SPP_50x_100%N', column 'Octopus-hard'",43.3,result
somatic-neusomatic-20261010-result-sahraeian2022-octopus-hard-titration-snv-spp-50x-100-t-spp-50x-100-n,somatic-neusomatic-20261010-source-sahraeian2022-additional-file-2,"Additional file 2 Table S3, SNVs section, row 'SPP_50x_100%T vs SPP_50x_100%N', column 'Octopus-hard'",86.0,result
somatic-neusomatic-20261010-result-sahraeian2022-octopus-hard-titration-snv-spp-50x-20-t-spp-50x-100-n,somatic-neusomatic-20261010-source-sahraeian2022-additional-file-2,"Additional file 2 Table S3, SNVs section, row 'SPP_50x_20%T vs SPP_50x_100%N', column 'Octopus-hard'",67.3,result
somatic-neusomatic-20261010-result-sahraeian2022-octopus-hard-titration-snv-spp-50x-5-t-spp-50x-100-n,somatic-neusomatic-20261010-source-sahraeian2022-additional-file-2,"Additional file 2 Table S3, SNVs section, row 'SPP_50x_5%T vs SPP_50x_100%N', column 'Octopus-hard'",20.1,result
somatic-neusomatic-20261010-result-sahraeian2022-octopus-hard-titration-snv-spp-50x-50-t-spp-50x-100-n,somatic-neusomatic-20261010-source-sahraeian2022-additional-file-2,"Additional file 2 Table S3, SNVs section, row 'SPP_50x_50%T vs SPP_50x_100%N', column 'Octopus-hard'",88.5,result
somatic-neusomatic-20261010-result-sahraeian2022-octopus-hard-titration-snv-spp-50x-75-t-spp-50x-100-n,somatic-neusomatic-20261010-source-sahraeian2022-additional-file-2,"Additional file 2 Table S3, SNVs section, row 'SPP_50x_75%T vs SPP_50x_100%N', column 'Octopus-hard'",91.9,result
somatic-neusomatic-20261010-result-sahraeian2022-octopus-hard-titration-snv-spp-80x-10-t-spp-80x-100-n,somatic-neusomatic-20261010-source-sahraeian2022-additional-file-2,"Additional file 2 Table S3, SNVs section, row 'SPP_80x_10%T vs SPP_80x_100%N', column 'Octopus-hard'",54.3,result
somatic-neusomatic-20261010-result-sahraeian2022-octopus-hard-titration-snv-spp-80x-10-t-spp-80x-95-n,somatic-neusomatic-20261010-source-sahraeian2022-additional-file-2,"Additional file 2 Table S3, SNVs section, row 'SPP_80x_10%T vs SPP_80x_95%N', column 'Octopus-hard'",40.0,result
somatic-neusomatic-20261010-result-sahraeian2022-octopus-hard-titration-snv-spp-80x-100-t-spp-80x-100-n,somatic-neusomatic-20261010-source-sahraeian2022-additional-file-2,"Additional file 2 Table S3, SNVs section, row 'SPP_80x_100%T vs SPP_80x_100%N', column 'Octopus-hard'",89.1,result
somatic-neusomatic-20261010-result-sahraeian2022-octopus-hard-titration-snv-spp-80x-100-t-spp-80x-95-n,somatic-neusomatic-20261010-source-sahraeian2022-additional-file-2,"Additional file 2 Table S3, SNVs section, row 'SPP_80x_100%T vs SPP_80x_95%N', column 'Octopus-hard'",80.7,result
somatic-neusomatic-20261010-result-sahraeian2022-octopus-hard-titration-snv-spp-80x-20-t-spp-80x-100-n,somatic-neusomatic-20261010-source-sahraeian2022-additional-file-2,"Additional file 2 Table S3, SNVs section, row 'SPP_80x_20%T vs SPP_80x_100%N', column 'Octopus-hard'",73.4,result
somatic-neusomatic-20261010-result-sahraeian2022-octopus-hard-titration-snv-spp-80x-20-t-spp-80x-95-n,somatic-neusomatic-20261010-source-sahraeian2022-additional-file-2,"Additional file 2 Table S3, SNVs section, row 'SPP_80x_20%T vs SPP_80x_95%N', column 'Octopus-hard'",60.2,result
somatic-neusomatic-20261010-result-sahraeian2022-octopus-hard-titration-snv-spp-80x-5-t-spp-80x-100-n,somatic-neusomatic-20261010-source-sahraeian2022-additional-file-2,"Additional file 2 Table S3, SNVs section, row 'SPP_80x_5%T vs SPP_80x_100%N', column 'Octopus-hard'",28.1,result
somatic-neusomatic-20261010-result-sahraeian2022-octopus-hard-titration-snv-spp-80x-50-t-spp-80x-100-n,somatic-neusomatic-20261010-source-sahraeian2022-additional-file-2,"Additional file 2 Table S3, SNVs section, row 'SPP_80x_50%T vs SPP_80x_100%N', column 'Octopus-hard'",91.7,result
somatic-neusomatic-20261010-result-sahraeian2022-octopus-hard-titration-snv-spp-80x-50-t-spp-80x-95-n,somatic-neusomatic-20261010-source-sahraeian2022-additional-file-2,"Additional file 2 Table S3, SNVs section, row 'SPP_80x_50%T vs SPP_80x_95%N', column 'Octopus-hard'",80.3,result
somatic-neusomatic-20261010-result-sahraeian2022-octopus-hard-titration-snv-spp-80x-75-t-spp-80x-100-n,somatic-neusomatic-20261010-source-sahraeian2022-additional-file-2,"Additional file 2 Table S3, SNVs section, row 'SPP_80x_75%T vs SPP_80x_100%N', column 'Octopus-hard'",94.1,result
somatic-neusomatic-20261010-result-sahraeian2022-octopus-hard-titration-snv-spp-80x-75-t-spp-80x-95-n,somatic-neusomatic-20261010-source-sahraeian2022-additional-file-2,"Additional file 2 Table S3, SNVs section, row 'SPP_80x_75%T vs SPP_80x_95%N', column 'Octopus-hard'",83.3,result
somatic-neusomatic-20261010-result-sahraeian2022-octopus-hard-wgs-indel-average,somatic-neusomatic-20261010-source-sahraeian2022-additional-file-2,"Additional file 2 Table S2, INDELs section, row 'Average', column 'Octopus-hard'",70.0,result
somatic-neusomatic-20261010-result-sahraeian2022-octopus-hard-wgs-indel-wgs-ea-t-1-wgs-ea-n-1,somatic-neusomatic-20261010-source-sahraeian2022-additional-file-2,"Additional file 2 Table S2, INDELs section, row 'WGS_EA_T_1 vs WGS_EA_N_1', column 'Octopus-hard'",68.0,result
somatic-neusomatic-20261010-result-sahraeian2022-octopus-hard-wgs-indel-wgs-fd-t-1-wgs-fd-n-1,somatic-neusomatic-20261010-source-sahraeian2022-additional-file-2,"Additional file 2 Table S2, INDELs section, row 'WGS_FD_T_1 vs WGS_FD_N_1', column 'Octopus-hard'",66.6,result
somatic-neusomatic-20261010-result-sahraeian2022-octopus-hard-wgs-indel-wgs-fd-t-2-wgs-fd-n-2,somatic-neusomatic-20261010-source-sahraeian2022-additional-file-2,"Additional file 2 Table S2, INDELs section, row 'WGS_FD_T_2 vs WGS_FD_N_2', column 'Octopus-hard'",65.7,result
somatic-neusomatic-20261010-result-sahraeian2022-octopus-hard-wgs-indel-wgs-fd-t-3-wgs-fd-n-3,somatic-neusomatic-20261010-source-sahraeian2022-additional-file-2,"Additional file 2 Table S2, INDELs section, row 'WGS_FD_T_3 vs WGS_FD_N_3', column 'Octopus-hard'",65.8,result
somatic-neusomatic-20261010-result-sahraeian2022-octopus-hard-wgs-indel-wgs-il-t-1-wgs-il-n-1,somatic-neusomatic-20261010-source-sahraeian2022-additional-file-2,"Additional file 2 Table S2, INDELs section, row 'WGS_IL_T_1 vs WGS_IL_N_1', column 'Octopus-hard'",74.2,result
somatic-neusomatic-20261010-result-sahraeian2022-octopus-hard-wgs-indel-wgs-il-t-2-wgs-il-n-2,somatic-neusomatic-20261010-source-sahraeian2022-additional-file-2,"Additional file 2 Table S2, INDELs section, row 'WGS_IL_T_2 vs WGS_IL_N_2', column 'Octopus-hard'",71.7,result
somatic-neusomatic-20261010-result-sahraeian2022-octopus-hard-wgs-indel-wgs-il-t-3-wgs-il-n-3,somatic-neusomatic-20261010-source-sahraeian2022-additional-file-2,"Additional file 2 Table S2, INDELs section, row 'WGS_IL_T_3 vs WGS_IL_N_3', column 'Octopus-hard'",71.4,result
somatic-neusomatic-20261010-result-sahraeian2022-octopus-hard-wgs-indel-wgs-ll-t-1-wgs-ll-n-1,somatic-neusomatic-20261010-source-sahraeian2022-additional-file-2,"Additional file 2 Table S2, INDELs section, row 'WGS_LL_T_1 vs WGS_LL_N_1', column 'Octopus-hard'",64.0,result
somatic-neusomatic-20261010-result-sahraeian2022-octopus-hard-wgs-indel-wgs-nc-t-1-wgs-nc-n-1,somatic-neusomatic-20261010-source-sahraeian2022-additional-file-2,"Additional file 2 Table S2, INDELs section, row 'WGS_NC_T_1 vs WGS_NC_N_1', column 'Octopus-hard'",70.3,result
somatic-neusomatic-20261010-result-sahraeian2022-octopus-hard-wgs-indel-wgs-ns-t-1-wgs-ns-n-1,somatic-neusomatic-20261010-source-sahraeian2022-additional-file-2,"Additional file 2 Table S2, INDELs section, row 'WGS_NS_T_1 vs WGS_NS_N_1', column 'Octopus-hard'",71.2,result
somatic-neusomatic-20261010-result-sahraeian2022-octopus-hard-wgs-indel-wgs-ns-t-2-wgs-ns-n-2,somatic-neusomatic-20261010-source-sahraeian2022-additional-file-2,"Additional file 2 Table S2, INDELs section, row 'WGS_NS_T_2 vs WGS_NS_N_2', column 'Octopus-hard'",69.6,result
somatic-neusomatic-20261010-result-sahraeian2022-octopus-hard-wgs-indel-wgs-ns-t-3-wgs-ns-n-3,somatic-neusomatic-20261010-source-sahraeian2022-additional-file-2,"Additional file 2 Table S2, INDELs section, row 'WGS_NS_T_3 vs WGS_NS_N_3', column 'Octopus-hard'",68.7,result
somatic-neusomatic-20261010-result-sahraeian2022-octopus-hard-wgs-indel-wgs-ns-t-4-wgs-ns-n-4,somatic-neusomatic-20261010-source-sahraeian2022-additional-file-2,"Additional file 2 Table S2, INDELs section, row 'WGS_NS_T_4 vs WGS_NS_N_4', column 'Octopus-hard'",71.2,result
somatic-neusomatic-20261010-result-sahraeian2022-octopus-hard-wgs-indel-wgs-ns-t-5-wgs-ns-n-5,somatic-neusomatic-20261010-source-sahraeian2022-additional-file-2,"Additional file 2 Table S2, INDELs section, row 'WGS_NS_T_5 vs WGS_NS_N_5', column 'Octopus-hard'",69.6,result
somatic-neusomatic-20261010-result-sahraeian2022-octopus-hard-wgs-indel-wgs-ns-t-6-wgs-ns-n-6,somatic-neusomatic-20261010-source-sahraeian2022-additional-file-2,"Additional file 2 Table S2, INDELs section, row 'WGS_NS_T_6 vs WGS_NS_N_6', column 'Octopus-hard'",71.1,result
somatic-neusomatic-20261010-result-sahraeian2022-octopus-hard-wgs-indel-wgs-ns-t-7-wgs-ns-n-7,somatic-neusomatic-20261010-source-sahraeian2022-additional-file-2,"Additional file 2 Table S2, INDELs section, row 'WGS_NS_T_7 vs WGS_NS_N_7', column 'Octopus-hard'",71.7,result
somatic-neusomatic-20261010-result-sahraeian2022-octopus-hard-wgs-indel-wgs-ns-t-8-wgs-ns-n-8,somatic-neusomatic-20261010-source-sahraeian2022-additional-file-2,"Additional file 2 Table S2, INDELs section, row 'WGS_NS_T_8 vs WGS_NS_N_8', column 'Octopus-hard'",69.7,result
somatic-neusomatic-20261010-result-sahraeian2022-octopus-hard-wgs-indel-wgs-ns-t-9-wgs-ns-n-9,somatic-neusomatic-20261010-source-sahraeian2022-additional-file-2,"Additional file 2 Table S2, INDELs section, row 'WGS_NS_T_9 vs WGS_NS_N_9', column 'Octopus-hard'",71.6,result
somatic-neusomatic-20261010-result-sahraeian2022-octopus-hard-wgs-indel-wgs-nv-t-1-wgs-nv-n-1,somatic-neusomatic-20261010-source-sahraeian2022-additional-file-2,"Additional file 2 Table S2, INDELs section, row 'WGS_NV_T_1 vs WGS_NV_N_1', column 'Octopus-hard'",73.3,result
somatic-neusomatic-20261010-result-sahraeian2022-octopus-hard-wgs-indel-wgs-nv-t-2-wgs-nv-n-2,somatic-neusomatic-20261010-source-sahraeian2022-additional-file-2,"Additional file 2 Table S2, INDELs section, row 'WGS_NV_T_2 vs WGS_NV_N_2', column 'Octopus-hard'",73.0,result
somatic-neusomatic-20261010-result-sahraeian2022-octopus-hard-wgs-indel-wgs-nv-t-3-wgs-nv-n-3,somatic-neusomatic-20261010-source-sahraeian2022-additional-file-2,"Additional file 2 Table S2, INDELs section, row 'WGS_NV_T_3 vs WGS_NV_N_3', column 'Octopus-hard'",72.6,result
somatic-neusomatic-20261010-result-sahraeian2022-octopus-hard-wgs-snv-average,somatic-neusomatic-20261010-source-sahraeian2022-additional-file-2,"Additional file 2 Table S2, SNVs section, row 'Average', column 'Octopus-hard'",86.1,result
somatic-neusomatic-20261010-result-sahraeian2022-octopus-hard-wgs-snv-wgs-ea-t-1-wgs-ea-n-1,somatic-neusomatic-20261010-source-sahraeian2022-additional-file-2,"Additional file 2 Table S2, SNVs section, row 'WGS_EA_T_1 vs WGS_EA_N_1', column 'Octopus-hard'",87.3,result
somatic-neusomatic-20261010-result-sahraeian2022-octopus-hard-wgs-snv-wgs-fd-t-1-wgs-fd-n-1,somatic-neusomatic-20261010-source-sahraeian2022-additional-file-2,"Additional file 2 Table S2, SNVs section, row 'WGS_FD_T_1 vs WGS_FD_N_1', column 'Octopus-hard'",85.8,result
somatic-neusomatic-20261010-result-sahraeian2022-octopus-hard-wgs-snv-wgs-fd-t-2-wgs-fd-n-2,somatic-neusomatic-20261010-source-sahraeian2022-additional-file-2,"Additional file 2 Table S2, SNVs section, row 'WGS_FD_T_2 vs WGS_FD_N_2', column 'Octopus-hard'",85.8,result
somatic-neusomatic-20261010-result-sahraeian2022-octopus-hard-wgs-snv-wgs-fd-t-3-wgs-fd-n-3,somatic-neusomatic-20261010-source-sahraeian2022-additional-file-2,"Additional file 2 Table S2, SNVs section, row 'WGS_FD_T_3 vs WGS_FD_N_3', column 'Octopus-hard'",85.5,result
somatic-neusomatic-20261010-result-sahraeian2022-octopus-hard-wgs-snv-wgs-il-t-1-wgs-il-n-1,somatic-neusomatic-20261010-source-sahraeian2022-additional-file-2,"Additional file 2 Table S2, SNVs section, row 'WGS_IL_T_1 vs WGS_IL_N_1', column 'Octopus-hard'",88.3,result
somatic-neusomatic-20261010-result-sahraeian2022-octopus-hard-wgs-snv-wgs-il-t-2-wgs-il-n-2,somatic-neusomatic-20261010-source-sahraeian2022-additional-file-2,"Additional file 2 Table S2, SNVs section, row 'WGS_IL_T_2 vs WGS_IL_N_2', column 'Octopus-hard'",86.3,result
somatic-neusomatic-20261010-result-sahraeian2022-octopus-hard-wgs-snv-wgs-il-t-3-wgs-il-n-3,somatic-neusomatic-20261010-source-sahraeian2022-additional-file-2,"Additional file 2 Table S2, SNVs section, row 'WGS_IL_T_3 vs WGS_IL_N_3', column 'Octopus-hard'",86.6,result
somatic-neusomatic-20261010-result-sahraeian2022-octopus-hard-wgs-snv-wgs-ll-t-1-wgs-ll-n-1,somatic-neusomatic-20261010-source-sahraeian2022-additional-file-2,"Additional file 2 Table S2, SNVs section, row 'WGS_LL_T_1 vs WGS_LL_N_1', column 'Octopus-hard'",78.6,result
somatic-neusomatic-20261010-result-sahraeian2022-octopus-hard-wgs-snv-wgs-nc-t-1-wgs-nc-n-1,somatic-neusomatic-20261010-source-sahraeian2022-additional-file-2,"Additional file 2 Table S2, SNVs section, row 'WGS_NC_T_1 vs WGS_NC_N_1', column 'Octopus-hard'",85.3,result
somatic-neusomatic-20261010-result-sahraeian2022-octopus-hard-wgs-snv-wgs-ns-t-1-wgs-ns-n-1,somatic-neusomatic-20261010-source-sahraeian2022-additional-file-2,"Additional file 2 Table S2, SNVs section, row 'WGS_NS_T_1 vs WGS_NS_N_1', column 'Octopus-hard'",86.9,result
somatic-neusomatic-20261010-result-sahraeian2022-octopus-hard-wgs-snv-wgs-ns-t-2-wgs-ns-n-2,somatic-neusomatic-20261010-source-sahraeian2022-additional-file-2,"Additional file 2 Table S2, SNVs section, row 'WGS_NS_T_2 vs WGS_NS_N_2', column 'Octopus-hard'",84.4,result
somatic-neusomatic-20261010-result-sahraeian2022-octopus-hard-wgs-snv-wgs-ns-t-3-wgs-ns-n-3,somatic-neusomatic-20261010-source-sahraeian2022-additional-file-2,"Additional file 2 Table S2, SNVs section, row 'WGS_NS_T_3 vs WGS_NS_N_3', column 'Octopus-hard'",84.0,result
somatic-neusomatic-20261010-result-sahraeian2022-octopus-hard-wgs-snv-wgs-ns-t-4-wgs-ns-n-4,somatic-neusomatic-20261010-source-sahraeian2022-additional-file-2,"Additional file 2 Table S2, SNVs section, row 'WGS_NS_T_4 vs WGS_NS_N_4', column 'Octopus-hard'",86.7,result
somatic-neusomatic-20261010-result-sahraeian2022-octopus-hard-wgs-snv-wgs-ns-t-5-wgs-ns-n-5,somatic-neusomatic-20261010-source-sahraeian2022-additional-file-2,"Additional file 2 Table S2, SNVs section, row 'WGS_NS_T_5 vs WGS_NS_N_5', column 'Octopus-hard'",84.8,result
somatic-neusomatic-20261010-result-sahraeian2022-octopus-hard-wgs-snv-wgs-ns-t-6-wgs-ns-n-6,somatic-neusomatic-20261010-source-sahraeian2022-additional-file-2,"Additional file 2 Table S2, SNVs section, row 'WGS_NS_T_6 vs WGS_NS_N_6', column 'Octopus-hard'",88.1,result
somatic-neusomatic-20261010-result-sahraeian2022-octopus-hard-wgs-snv-wgs-ns-t-7-wgs-ns-n-7,somatic-neusomatic-20261010-source-sahraeian2022-additional-file-2,"Additional file 2 Table S2, SNVs section, row 'WGS_NS_T_7 vs WGS_NS_N_7', column 'Octopus-hard'",86.1,result
somatic-neusomatic-20261010-result-sahraeian2022-octopus-hard-wgs-snv-wgs-ns-t-8-wgs-ns-n-8,somatic-neusomatic-20261010-source-sahraeian2022-additional-file-2,"Additional file 2 Table S2, SNVs section, row 'WGS_NS_T_8 vs WGS_NS_N_8', column 'Octopus-hard'",84.5,result
somatic-neusomatic-20261010-result-sahraeian2022-octopus-hard-wgs-snv-wgs-ns-t-9-wgs-ns-n-9,somatic-neusomatic-20261010-source-sahraeian2022-additional-file-2,"Additional file 2 Table S2, SNVs section, row 'WGS_NS_T_9 vs WGS_NS_N_9', column 'Octopus-hard'",85.7,result
somatic-neusomatic-20261010-result-sahraeian2022-octopus-hard-wgs-snv-wgs-nv-t-1-wgs-nv-n-1,somatic-neusomatic-20261010-source-sahraeian2022-additional-file-2,"Additional file 2 Table S2, SNVs section, row 'WGS_NV_T_1 vs WGS_NV_N_1', column 'Octopus-hard'",89.3,result
somatic-neusomatic-20261010-result-sahraeian2022-octopus-hard-wgs-snv-wgs-nv-t-2-wgs-nv-n-2,somatic-neusomatic-20261010-source-sahraeian2022-additional-file-2,"Additional file 2 Table S2, SNVs section, row 'WGS_NV_T_2 vs WGS_NV_N_2', column 'Octopus-hard'",89.3,result
somatic-neusomatic-20261010-result-sahraeian2022-octopus-hard-wgs-snv-wgs-nv-t-3-wgs-nv-n-3,somatic-neusomatic-20261010-source-sahraeian2022-additional-file-2,"Additional file 2 Table S2, SNVs section, row 'WGS_NV_T_3 vs WGS_NV_N_3', column 'Octopus-hard'",89.7,result
somatic-neusomatic-20261010-result-sahraeian2022-octopus-rf-library-prep-indel-average,somatic-neusomatic-20261010-source-sahraeian2022-additional-file-2,"Additional file 2 Table S4, INDELs section, row 'Average', column 'Octopus-RF'",66.3,result
somatic-neusomatic-20261010-result-sahraeian2022-octopus-rf-library-prep-indel-lbp-nextera-t-100ng-lbp-nextera-n-100ng,somatic-neusomatic-20261010-source-sahraeian2022-additional-file-2,"Additional file 2 Table S4, INDELs section, row 'LBP_Nextera_T_100ng vs LBP_Nextera_N_100ng', column 'Octopus-RF'",80.1,result
somatic-neusomatic-20261010-result-sahraeian2022-octopus-rf-library-prep-indel-lbp-nextera-t-10ng-lbp-nextera-n-10ng,somatic-neusomatic-20261010-source-sahraeian2022-additional-file-2,"Additional file 2 Table S4, INDELs section, row 'LBP_Nextera_T_10ng vs LBP_Nextera_N_10ng', column 'Octopus-RF'",74.2,result
somatic-neusomatic-20261010-result-sahraeian2022-octopus-rf-library-prep-indel-lbp-nextera-t-1ng-lbp-nextera-n-1ng,somatic-neusomatic-20261010-source-sahraeian2022-additional-file-2,"Additional file 2 Table S4, INDELs section, row 'LBP_Nextera_T_1ng vs LBP_Nextera_N_1ng', column 'Octopus-RF'",63.1,result
somatic-neusomatic-20261010-result-sahraeian2022-octopus-rf-library-prep-indel-lbp-truseq-t-100ng-lbp-truseq-n-100ng,somatic-neusomatic-20261010-source-sahraeian2022-additional-file-2,"Additional file 2 Table S4, INDELs section, row 'LBP_TruSeq_T_100ng vs LBP_TruSeq_N_100ng', column 'Octopus-RF'",75.0,result
somatic-neusomatic-20261010-result-sahraeian2022-octopus-rf-library-prep-indel-lbp-truseq-t-10ng-lbp-truseq-n-10ng,somatic-neusomatic-20261010-source-sahraeian2022-additional-file-2,"Additional file 2 Table S4, INDELs section, row 'LBP_TruSeq_T_10ng vs LBP_TruSeq_N_10ng', column 'Octopus-RF'",68.0,result
somatic-neusomatic-20261010-result-sahraeian2022-octopus-rf-library-prep-indel-lbp-truseq-t-1ng-lbp-truseq-n-1ng,somatic-neusomatic-20261010-source-sahraeian2022-additional-file-2,"Additional file 2 Table S4, INDELs section, row 'LBP_TruSeq_T_1ng vs LBP_TruSeq_N_1ng', column 'Octopus-RF'",37.2,result
somatic-neusomatic-20261010-result-sahraeian2022-octopus-rf-library-prep-snv-average,somatic-neusomatic-20261010-source-sahraeian2022-additional-file-2,"Additional file 2 Table S4, SNVs section, row 'Average', column 'Octopus-RF'",84.9,result
somatic-neusomatic-20261010-result-sahraeian2022-octopus-rf-library-prep-snv-lbp-nextera-t-100ng-lbp-nextera-n-100ng,somatic-neusomatic-20261010-source-sahraeian2022-additional-file-2,"Additional file 2 Table S4, SNVs section, row 'LBP_Nextera_T_100ng vs LBP_Nextera_N_100ng', column 'Octopus-RF'",94.8,result
somatic-neusomatic-20261010-result-sahraeian2022-octopus-rf-library-prep-snv-lbp-nextera-t-10ng-lbp-nextera-n-10ng,somatic-neusomatic-20261010-source-sahraeian2022-additional-file-2,"Additional file 2 Table S4, SNVs section, row 'LBP_Nextera_T_10ng vs LBP_Nextera_N_10ng', column 'Octopus-RF'",94.9,result
somatic-neusomatic-20261010-result-sahraeian2022-octopus-rf-library-prep-snv-lbp-nextera-t-1ng-lbp-nextera-n-1ng,somatic-neusomatic-20261010-source-sahraeian2022-additional-file-2,"Additional file 2 Table S4, SNVs section, row 'LBP_Nextera_T_1ng vs LBP_Nextera_N_1ng', column 'Octopus-RF'",91.8,result
somatic-neusomatic-20261010-result-sahraeian2022-octopus-rf-library-prep-snv-lbp-truseq-t-100ng-lbp-truseq-n-100ng,somatic-neusomatic-20261010-source-sahraeian2022-additional-file-2,"Additional file 2 Table S4, SNVs section, row 'LBP_TruSeq_T_100ng vs LBP_TruSeq_N_100ng', column 'Octopus-RF'",92.8,result
somatic-neusomatic-20261010-result-sahraeian2022-octopus-rf-library-prep-snv-lbp-truseq-t-10ng-lbp-truseq-n-10ng,somatic-neusomatic-20261010-source-sahraeian2022-additional-file-2,"Additional file 2 Table S4, SNVs section, row 'LBP_TruSeq_T_10ng vs LBP_TruSeq_N_10ng', column 'Octopus-RF'",84.6,result
somatic-neusomatic-20261010-result-sahraeian2022-octopus-rf-library-prep-snv-lbp-truseq-t-1ng-lbp-truseq-n-1ng,somatic-neusomatic-20261010-source-sahraeian2022-additional-file-2,"Additional file 2 Table S4, SNVs section, row 'LBP_TruSeq_T_1ng vs LBP_TruSeq_N_1ng', column 'Octopus-RF'",50.5,result
somatic-neusomatic-20261010-result-sahraeian2022-octopus-rf-titration-indel-average,somatic-neusomatic-20261010-source-sahraeian2022-additional-file-2,"Additional file 2 Table S3, INDELs section, row 'Average', column 'Octopus-RF'",59.2,result
somatic-neusomatic-20261010-result-sahraeian2022-octopus-rf-titration-indel-spp-100x-10-t-spp-100x-100-n,somatic-neusomatic-20261010-source-sahraeian2022-additional-file-2,"Additional file 2 Table S3, INDELs section, row 'SPP_100x_10%T vs SPP_100x_100%N', column 'Octopus-RF'",49.9,result
somatic-neusomatic-20261010-result-sahraeian2022-octopus-rf-titration-indel-spp-100x-100-t-spp-100x-100-n,somatic-neusomatic-20261010-source-sahraeian2022-additional-file-2,"Additional file 2 Table S3, INDELs section, row 'SPP_100x_100%T vs SPP_100x_100%N', column 'Octopus-RF'",85.6,result
somatic-neusomatic-20261010-result-sahraeian2022-octopus-rf-titration-indel-spp-100x-20-t-spp-100x-100-n,somatic-neusomatic-20261010-source-sahraeian2022-additional-file-2,"Additional file 2 Table S3, INDELs section, row 'SPP_100x_20%T vs SPP_100x_100%N', column 'Octopus-RF'",72.4,result
somatic-neusomatic-20261010-result-sahraeian2022-octopus-rf-titration-indel-spp-100x-5-t-spp-100x-100-n,somatic-neusomatic-20261010-source-sahraeian2022-additional-file-2,"Additional file 2 Table S3, INDELs section, row 'SPP_100x_5%T vs SPP_100x_100%N', column 'Octopus-RF'",26.3,result
somatic-neusomatic-20261010-result-sahraeian2022-octopus-rf-titration-indel-spp-100x-50-t-spp-100x-100-n,somatic-neusomatic-20261010-source-sahraeian2022-additional-file-2,"Additional file 2 Table S3, INDELs section, row 'SPP_100x_50%T vs SPP_100x_100%N', column 'Octopus-RF'",83.0,result
somatic-neusomatic-20261010-result-sahraeian2022-octopus-rf-titration-indel-spp-100x-75-t-spp-100x-100-n,somatic-neusomatic-20261010-source-sahraeian2022-additional-file-2,"Additional file 2 Table S3, INDELs section, row 'SPP_100x_75%T vs SPP_100x_100%N', column 'Octopus-RF'",84.8,result
somatic-neusomatic-20261010-result-sahraeian2022-octopus-rf-titration-indel-spp-10x-10-t-spp-10x-100-n,somatic-neusomatic-20261010-source-sahraeian2022-additional-file-2,"Additional file 2 Table S3, INDELs section, row 'SPP_10x_10%T vs SPP_10x_100%N', column 'Octopus-RF'",3.6,result
somatic-neusomatic-20261010-result-sahraeian2022-octopus-rf-titration-indel-spp-10x-100-t-spp-10x-100-n,somatic-neusomatic-20261010-source-sahraeian2022-additional-file-2,"Additional file 2 Table S3, INDELs section, row 'SPP_10x_100%T vs SPP_10x_100%N', column 'Octopus-RF'",58.8,result
somatic-neusomatic-20261010-result-sahraeian2022-octopus-rf-titration-indel-spp-10x-20-t-spp-10x-100-n,somatic-neusomatic-20261010-source-sahraeian2022-additional-file-2,"Additional file 2 Table S3, INDELs section, row 'SPP_10x_20%T vs SPP_10x_100%N', column 'Octopus-RF'",13.8,result
somatic-neusomatic-20261010-result-sahraeian2022-octopus-rf-titration-indel-spp-10x-5-t-spp-10x-100-n,somatic-neusomatic-20261010-source-sahraeian2022-additional-file-2,"Additional file 2 Table S3, INDELs section, row 'SPP_10x_5%T vs SPP_10x_100%N', column 'Octopus-RF'",1.2,result
somatic-neusomatic-20261010-result-sahraeian2022-octopus-rf-titration-indel-spp-10x-50-t-spp-10x-100-n,somatic-neusomatic-20261010-source-sahraeian2022-additional-file-2,"Additional file 2 Table S3, INDELs section, row 'SPP_10x_50%T vs SPP_10x_100%N', column 'Octopus-RF'",41.3,result
somatic-neusomatic-20261010-result-sahraeian2022-octopus-rf-titration-indel-spp-10x-75-t-spp-10x-100-n,somatic-neusomatic-20261010-source-sahraeian2022-additional-file-2,"Additional file 2 Table S3, INDELs section, row 'SPP_10x_75%T vs SPP_10x_100%N', column 'Octopus-RF'",53.6,result
somatic-neusomatic-20261010-result-sahraeian2022-octopus-rf-titration-indel-spp-200x-10-t-spp-200x-100-n,somatic-neusomatic-20261010-source-sahraeian2022-additional-file-2,"Additional file 2 Table S3, INDELs section, row 'SPP_200x_10%T vs SPP_200x_100%N', column 'Octopus-RF'",63.2,result
somatic-neusomatic-20261010-result-sahraeian2022-octopus-rf-titration-indel-spp-200x-100-t-spp-200x-100-n,somatic-neusomatic-20261010-source-sahraeian2022-additional-file-2,"Additional file 2 Table S3, INDELs section, row 'SPP_200x_100%T vs SPP_200x_100%N', column 'Octopus-RF'",85.2,result
somatic-neusomatic-20261010-result-sahraeian2022-octopus-rf-titration-indel-spp-200x-20-t-spp-200x-100-n,somatic-neusomatic-20261010-source-sahraeian2022-additional-file-2,"Additional file 2 Table S3, INDELs section, row 'SPP_200x_20%T vs SPP_200x_100%N', column 'Octopus-RF'",76.7,result
somatic-neusomatic-20261010-result-sahraeian2022-octopus-rf-titration-indel-spp-200x-5-t-spp-200x-100-n,somatic-neusomatic-20261010-source-sahraeian2022-additional-file-2,"Additional file 2 Table S3, INDELs section, row 'SPP_200x_5%T vs SPP_200x_100%N', column 'Octopus-RF'",38.9,result
somatic-neusomatic-20261010-result-sahraeian2022-octopus-rf-titration-indel-spp-200x-50-t-spp-200x-100-n,somatic-neusomatic-20261010-source-sahraeian2022-additional-file-2,"Additional file 2 Table S3, INDELs section, row 'SPP_200x_50%T vs SPP_200x_100%N', column 'Octopus-RF'",83.1,result
somatic-neusomatic-20261010-result-sahraeian2022-octopus-rf-titration-indel-spp-200x-75-t-spp-200x-100-n,somatic-neusomatic-20261010-source-sahraeian2022-additional-file-2,"Additional file 2 Table S3, INDELs section, row 'SPP_200x_75%T vs SPP_200x_100%N', column 'Octopus-RF'",84.5,result
somatic-neusomatic-20261010-result-sahraeian2022-octopus-rf-titration-indel-spp-300x-10-t-spp-300x-100-n,somatic-neusomatic-20261010-source-sahraeian2022-additional-file-2,"Additional file 2 Table S3, INDELs section, row 'SPP_300x_10%T vs SPP_300x_100%N', column 'Octopus-RF'",63.8,result
somatic-neusomatic-20261010-result-sahraeian2022-octopus-rf-titration-indel-spp-300x-100-t-spp-300x-100-n,somatic-neusomatic-20261010-source-sahraeian2022-additional-file-2,"Additional file 2 Table S3, INDELs section, row 'SPP_300x_100%T vs SPP_300x_100%N', column 'Octopus-RF'",84.4,result
somatic-neusomatic-20261010-result-sahraeian2022-octopus-rf-titration-indel-spp-300x-20-t-spp-300x-100-n,somatic-neusomatic-20261010-source-sahraeian2022-additional-file-2,"Additional file 2 Table S3, INDELs section, row 'SPP_300x_20%T vs SPP_300x_100%N', column 'Octopus-RF'",75.0,result
somatic-neusomatic-20261010-result-sahraeian2022-octopus-rf-titration-indel-spp-300x-5-t-spp-300x-100-n,somatic-neusomatic-20261010-source-sahraeian2022-additional-file-2,"Additional file 2 Table S3, INDELs section, row 'SPP_300x_5%T vs SPP_300x_100%N', column 'Octopus-RF'",44.1,result
somatic-neusomatic-20261010-result-sahraeian2022-octopus-rf-titration-indel-spp-300x-50-t-spp-300x-100-n,somatic-neusomatic-20261010-source-sahraeian2022-additional-file-2,"Additional file 2 Table S3, INDELs section, row 'SPP_300x_50%T vs SPP_300x_100%N', column 'Octopus-RF'",82.9,result
somatic-neusomatic-20261010-result-sahraeian2022-octopus-rf-titration-indel-spp-300x-75-t-spp-300x-100-n,somatic-neusomatic-20261010-source-sahraeian2022-additional-file-2,"Additional file 2 Table S3, INDELs section, row 'SPP_300x_75%T vs SPP_300x_100%N', column 'Octopus-RF'",83.5,result
somatic-neusomatic-20261010-result-sahraeian2022-octopus-rf-titration-indel-spp-30x-10-t-spp-30x-100-n,somatic-neusomatic-20261010-source-sahraeian2022-additional-file-2,"Additional file 2 Table S3, INDELs section, row 'SPP_30x_10%T vs SPP_30x_100%N', column 'Octopus-RF'",21.2,result
somatic-neusomatic-20261010-result-sahraeian2022-octopus-rf-titration-indel-spp-30x-100-t-spp-30x-100-n,somatic-neusomatic-20261010-source-sahraeian2022-additional-file-2,"Additional file 2 Table S3, INDELs section, row 'SPP_30x_100%T vs SPP_30x_100%N', column 'Octopus-RF'",80.7,result
somatic-neusomatic-20261010-result-sahraeian2022-octopus-rf-titration-indel-spp-30x-20-t-spp-30x-100-n,somatic-neusomatic-20261010-source-sahraeian2022-additional-file-2,"Additional file 2 Table S3, INDELs section, row 'SPP_30x_20%T vs SPP_30x_100%N', column 'Octopus-RF'",48.6,result
somatic-neusomatic-20261010-result-sahraeian2022-octopus-rf-titration-indel-spp-30x-5-t-spp-30x-100-n,somatic-neusomatic-20261010-source-sahraeian2022-additional-file-2,"Additional file 2 Table S3, INDELs section, row 'SPP_30x_5%T vs SPP_30x_100%N', column 'Octopus-RF'",7.1,result
somatic-neusomatic-20261010-result-sahraeian2022-octopus-rf-titration-indel-spp-30x-50-t-spp-30x-100-n,somatic-neusomatic-20261010-source-sahraeian2022-additional-file-2,"Additional file 2 Table S3, INDELs section, row 'SPP_30x_50%T vs SPP_30x_100%N', column 'Octopus-RF'",74.0,result
somatic-neusomatic-20261010-result-sahraeian2022-octopus-rf-titration-indel-spp-30x-75-t-spp-30x-100-n,somatic-neusomatic-20261010-source-sahraeian2022-additional-file-2,"Additional file 2 Table S3, INDELs section, row 'SPP_30x_75%T vs SPP_30x_100%N', column 'Octopus-RF'",80.0,result
somatic-neusomatic-20261010-result-sahraeian2022-octopus-rf-titration-indel-spp-50x-10-t-spp-50x-100-n,somatic-neusomatic-20261010-source-sahraeian2022-additional-file-2,"Additional file 2 Table S3, INDELs section, row 'SPP_50x_10%T vs SPP_50x_100%N', column 'Octopus-RF'",34.0,result
somatic-neusomatic-20261010-result-sahraeian2022-octopus-rf-titration-indel-spp-50x-100-t-spp-50x-100-n,somatic-neusomatic-20261010-source-sahraeian2022-additional-file-2,"Additional file 2 Table S3, INDELs section, row 'SPP_50x_100%T vs SPP_50x_100%N', column 'Octopus-RF'",83.7,result
somatic-neusomatic-20261010-result-sahraeian2022-octopus-rf-titration-indel-spp-50x-20-t-spp-50x-100-n,somatic-neusomatic-20261010-source-sahraeian2022-additional-file-2,"Additional file 2 Table S3, INDELs section, row 'SPP_50x_20%T vs SPP_50x_100%N', column 'Octopus-RF'",61.3,result
somatic-neusomatic-20261010-result-sahraeian2022-octopus-rf-titration-indel-spp-50x-5-t-spp-50x-100-n,somatic-neusomatic-20261010-source-sahraeian2022-additional-file-2,"Additional file 2 Table S3, INDELs section, row 'SPP_50x_5%T vs SPP_50x_100%N', column 'Octopus-RF'",14.5,result
somatic-neusomatic-20261010-result-sahraeian2022-octopus-rf-titration-indel-spp-50x-50-t-spp-50x-100-n,somatic-neusomatic-20261010-source-sahraeian2022-additional-file-2,"Additional file 2 Table S3, INDELs section, row 'SPP_50x_50%T vs SPP_50x_100%N', column 'Octopus-RF'",80.4,result
somatic-neusomatic-20261010-result-sahraeian2022-octopus-rf-titration-indel-spp-50x-75-t-spp-50x-100-n,somatic-neusomatic-20261010-source-sahraeian2022-additional-file-2,"Additional file 2 Table S3, INDELs section, row 'SPP_50x_75%T vs SPP_50x_100%N', column 'Octopus-RF'",83.1,result
somatic-neusomatic-20261010-result-sahraeian2022-octopus-rf-titration-indel-spp-80x-10-t-spp-80x-100-n,somatic-neusomatic-20261010-source-sahraeian2022-additional-file-2,"Additional file 2 Table S3, INDELs section, row 'SPP_80x_10%T vs SPP_80x_100%N', column 'Octopus-RF'",46.3,result
somatic-neusomatic-20261010-result-sahraeian2022-octopus-rf-titration-indel-spp-80x-10-t-spp-80x-95-n,somatic-neusomatic-20261010-source-sahraeian2022-additional-file-2,"Additional file 2 Table S3, INDELs section, row 'SPP_80x_10%T vs SPP_80x_95%N', column 'Octopus-RF'",25.1,result
somatic-neusomatic-20261010-result-sahraeian2022-octopus-rf-titration-indel-spp-80x-100-t-spp-80x-100-n,somatic-neusomatic-20261010-source-sahraeian2022-additional-file-2,"Additional file 2 Table S3, INDELs section, row 'SPP_80x_100%T vs SPP_80x_100%N', column 'Octopus-RF'",85.6,result
somatic-neusomatic-20261010-result-sahraeian2022-octopus-rf-titration-indel-spp-80x-100-t-spp-80x-95-n,somatic-neusomatic-20261010-source-sahraeian2022-additional-file-2,"Additional file 2 Table S3, INDELs section, row 'SPP_80x_100%T vs SPP_80x_95%N', column 'Octopus-RF'",72.7,result
somatic-neusomatic-20261010-result-sahraeian2022-octopus-rf-titration-indel-spp-80x-20-t-spp-80x-100-n,somatic-neusomatic-20261010-source-sahraeian2022-additional-file-2,"Additional file 2 Table S3, INDELs section, row 'SPP_80x_20%T vs SPP_80x_100%N', column 'Octopus-RF'",68.0,result
somatic-neusomatic-20261010-result-sahraeian2022-octopus-rf-titration-indel-spp-80x-20-t-spp-80x-95-n,somatic-neusomatic-20261010-source-sahraeian2022-additional-file-2,"Additional file 2 Table S3, INDELs section, row 'SPP_80x_20%T vs SPP_80x_95%N', column 'Octopus-RF'",49.4,result
somatic-neusomatic-20261010-result-sahraeian2022-octopus-rf-titration-indel-spp-80x-5-t-spp-80x-100-n,somatic-neusomatic-20261010-source-sahraeian2022-additional-file-2,"Additional file 2 Table S3, INDELs section, row 'SPP_80x_5%T vs SPP_80x_100%N', column 'Octopus-RF'",22.1,result
somatic-neusomatic-20261010-result-sahraeian2022-octopus-rf-titration-indel-spp-80x-50-t-spp-80x-100-n,somatic-neusomatic-20261010-source-sahraeian2022-additional-file-2,"Additional file 2 Table S3, INDELs section, row 'SPP_80x_50%T vs SPP_80x_100%N', column 'Octopus-RF'",82.7,result
somatic-neusomatic-20261010-result-sahraeian2022-octopus-rf-titration-indel-spp-80x-50-t-spp-80x-95-n,somatic-neusomatic-20261010-source-sahraeian2022-additional-file-2,"Additional file 2 Table S3, INDELs section, row 'SPP_80x_50%T vs SPP_80x_95%N', column 'Octopus-RF'",68.6,result
somatic-neusomatic-20261010-result-sahraeian2022-octopus-rf-titration-indel-spp-80x-75-t-spp-80x-100-n,somatic-neusomatic-20261010-source-sahraeian2022-additional-file-2,"Additional file 2 Table S3, INDELs section, row 'SPP_80x_75%T vs SPP_80x_100%N', column 'Octopus-RF'",84.2,result
somatic-neusomatic-20261010-result-sahraeian2022-octopus-rf-titration-indel-spp-80x-75-t-spp-80x-95-n,somatic-neusomatic-20261010-source-sahraeian2022-additional-file-2,"Additional file 2 Table S3, INDELs section, row 'SPP_80x_75%T vs SPP_80x_95%N', column 'Octopus-RF'",71.4,result
somatic-neusomatic-20261010-result-sahraeian2022-octopus-rf-titration-snv-average,somatic-neusomatic-20261010-source-sahraeian2022-additional-file-2,"Additional file 2 Table S3, SNVs section, row 'Average', column 'Octopus-RF'",71.0,result
somatic-neusomatic-20261010-result-sahraeian2022-octopus-rf-titration-snv-spp-100x-10-t-spp-100x-100-n,somatic-neusomatic-20261010-source-sahraeian2022-additional-file-2,"Additional file 2 Table S3, SNVs section, row 'SPP_100x_10%T vs SPP_100x_100%N', column 'Octopus-RF'",65.9,result
somatic-neusomatic-20261010-result-sahraeian2022-octopus-rf-titration-snv-spp-100x-100-t-spp-100x-100-n,somatic-neusomatic-20261010-source-sahraeian2022-additional-file-2,"Additional file 2 Table S3, SNVs section, row 'SPP_100x_100%T vs SPP_100x_100%N', column 'Octopus-RF'",97.3,result
somatic-neusomatic-20261010-result-sahraeian2022-octopus-rf-titration-snv-spp-100x-20-t-spp-100x-100-n,somatic-neusomatic-20261010-source-sahraeian2022-additional-file-2,"Additional file 2 Table S3, SNVs section, row 'SPP_100x_20%T vs SPP_100x_100%N', column 'Octopus-RF'",83.9,result
somatic-neusomatic-20261010-result-sahraeian2022-octopus-rf-titration-snv-spp-100x-5-t-spp-100x-100-n,somatic-neusomatic-20261010-source-sahraeian2022-additional-file-2,"Additional file 2 Table S3, SNVs section, row 'SPP_100x_5%T vs SPP_100x_100%N', column 'Octopus-RF'",36.3,result
somatic-neusomatic-20261010-result-sahraeian2022-octopus-rf-titration-snv-spp-100x-50-t-spp-100x-100-n,somatic-neusomatic-20261010-source-sahraeian2022-additional-file-2,"Additional file 2 Table S3, SNVs section, row 'SPP_100x_50%T vs SPP_100x_100%N', column 'Octopus-RF'",93.2,result
somatic-neusomatic-20261010-result-sahraeian2022-octopus-rf-titration-snv-spp-100x-75-t-spp-100x-100-n,somatic-neusomatic-20261010-source-sahraeian2022-additional-file-2,"Additional file 2 Table S3, SNVs section, row 'SPP_100x_75%T vs SPP_100x_100%N', column 'Octopus-RF'",96.1,result
somatic-neusomatic-20261010-result-sahraeian2022-octopus-rf-titration-snv-spp-10x-10-t-spp-10x-100-n,somatic-neusomatic-20261010-source-sahraeian2022-additional-file-2,"Additional file 2 Table S3, SNVs section, row 'SPP_10x_10%T vs SPP_10x_100%N', column 'Octopus-RF'",9.3,result
somatic-neusomatic-20261010-result-sahraeian2022-octopus-rf-titration-snv-spp-10x-100-t-spp-10x-100-n,somatic-neusomatic-20261010-source-sahraeian2022-additional-file-2,"Additional file 2 Table S3, SNVs section, row 'SPP_10x_100%T vs SPP_10x_100%N', column 'Octopus-RF'",74.8,result
somatic-neusomatic-20261010-result-sahraeian2022-octopus-rf-titration-snv-spp-10x-20-t-spp-10x-100-n,somatic-neusomatic-20261010-source-sahraeian2022-additional-file-2,"Additional file 2 Table S3, SNVs section, row 'SPP_10x_20%T vs SPP_10x_100%N', column 'Octopus-RF'",25.7,result
somatic-neusomatic-20261010-result-sahraeian2022-octopus-rf-titration-snv-spp-10x-5-t-spp-10x-100-n,somatic-neusomatic-20261010-source-sahraeian2022-additional-file-2,"Additional file 2 Table S3, SNVs section, row 'SPP_10x_5%T vs SPP_10x_100%N', column 'Octopus-RF'",3.0,result
somatic-neusomatic-20261010-result-sahraeian2022-octopus-rf-titration-snv-spp-10x-50-t-spp-10x-100-n,somatic-neusomatic-20261010-source-sahraeian2022-additional-file-2,"Additional file 2 Table S3, SNVs section, row 'SPP_10x_50%T vs SPP_10x_100%N', column 'Octopus-RF'",58.0,result
somatic-neusomatic-20261010-result-sahraeian2022-octopus-rf-titration-snv-spp-10x-75-t-spp-10x-100-n,somatic-neusomatic-20261010-source-sahraeian2022-additional-file-2,"Additional file 2 Table S3, SNVs section, row 'SPP_10x_75%T vs SPP_10x_100%N', column 'Octopus-RF'",69.3,result
somatic-neusomatic-20261010-result-sahraeian2022-octopus-rf-titration-snv-spp-200x-10-t-spp-200x-100-n,somatic-neusomatic-20261010-source-sahraeian2022-additional-file-2,"Additional file 2 Table S3, SNVs section, row 'SPP_200x_10%T vs SPP_200x_100%N', column 'Octopus-RF'",78.7,result
somatic-neusomatic-20261010-result-sahraeian2022-octopus-rf-titration-snv-spp-200x-100-t-spp-200x-100-n,somatic-neusomatic-20261010-source-sahraeian2022-additional-file-2,"Additional file 2 Table S3, SNVs section, row 'SPP_200x_100%T vs SPP_200x_100%N', column 'Octopus-RF'",98.0,result
somatic-neusomatic-20261010-result-sahraeian2022-octopus-rf-titration-snv-spp-200x-20-t-spp-200x-100-n,somatic-neusomatic-20261010-source-sahraeian2022-additional-file-2,"Additional file 2 Table S3, SNVs section, row 'SPP_200x_20%T vs SPP_200x_100%N', column 'Octopus-RF'",89.5,result
somatic-neusomatic-20261010-result-sahraeian2022-octopus-rf-titration-snv-spp-200x-5-t-spp-200x-100-n,somatic-neusomatic-20261010-source-sahraeian2022-additional-file-2,"Additional file 2 Table S3, SNVs section, row 'SPP_200x_5%T vs SPP_200x_100%N', column 'Octopus-RF'",56.1,result
somatic-neusomatic-20261010-result-sahraeian2022-octopus-rf-titration-snv-spp-200x-50-t-spp-200x-100-n,somatic-neusomatic-20261010-source-sahraeian2022-additional-file-2,"Additional file 2 Table S3, SNVs section, row 'SPP_200x_50%T vs SPP_200x_100%N', column 'Octopus-RF'",95.9,result
somatic-neusomatic-20261010-result-sahraeian2022-octopus-rf-titration-snv-spp-200x-75-t-spp-200x-100-n,somatic-neusomatic-20261010-source-sahraeian2022-additional-file-2,"Additional file 2 Table S3, SNVs section, row 'SPP_200x_75%T vs SPP_200x_100%N', column 'Octopus-RF'",97.2,result
somatic-neusomatic-20261010-result-sahraeian2022-octopus-rf-titration-snv-spp-300x-10-t-spp-300x-100-n,somatic-neusomatic-20261010-source-sahraeian2022-additional-file-2,"Additional file 2 Table S3, SNVs section, row 'SPP_300x_10%T vs SPP_300x_100%N', column 'Octopus-RF'",81.2,result
somatic-neusomatic-20261010-result-sahraeian2022-octopus-rf-titration-snv-spp-300x-100-t-spp-300x-100-n,somatic-neusomatic-20261010-source-sahraeian2022-additional-file-2,"Additional file 2 Table S3, SNVs section, row 'SPP_300x_100%T vs SPP_300x_100%N', column 'Octopus-RF'",97.9,result
somatic-neusomatic-20261010-result-sahraeian2022-octopus-rf-titration-snv-spp-300x-20-t-spp-300x-100-n,somatic-neusomatic-20261010-source-sahraeian2022-additional-file-2,"Additional file 2 Table S3, SNVs section, row 'SPP_300x_20%T vs SPP_300x_100%N', column 'Octopus-RF'",90.3,result
somatic-neusomatic-20261010-result-sahraeian2022-octopus-rf-titration-snv-spp-300x-5-t-spp-300x-100-n,somatic-neusomatic-20261010-source-sahraeian2022-additional-file-2,"Additional file 2 Table S3, SNVs section, row 'SPP_300x_5%T vs SPP_300x_100%N', column 'Octopus-RF'",63.4,result
somatic-neusomatic-20261010-result-sahraeian2022-octopus-rf-titration-snv-spp-300x-50-t-spp-300x-100-n,somatic-neusomatic-20261010-source-sahraeian2022-additional-file-2,"Additional file 2 Table S3, SNVs section, row 'SPP_300x_50%T vs SPP_300x_100%N', column 'Octopus-RF'",96.4,result
somatic-neusomatic-20261010-result-sahraeian2022-octopus-rf-titration-snv-spp-300x-75-t-spp-300x-100-n,somatic-neusomatic-20261010-source-sahraeian2022-additional-file-2,"Additional file 2 Table S3, SNVs section, row 'SPP_300x_75%T vs SPP_300x_100%N', column 'Octopus-RF'",97.5,result
somatic-neusomatic-20261010-result-sahraeian2022-octopus-rf-titration-snv-spp-30x-10-t-spp-30x-100-n,somatic-neusomatic-20261010-source-sahraeian2022-additional-file-2,"Additional file 2 Table S3, SNVs section, row 'SPP_30x_10%T vs SPP_30x_100%N', column 'Octopus-RF'",33.4,result
somatic-neusomatic-20261010-result-sahraeian2022-octopus-rf-titration-snv-spp-30x-100-t-spp-30x-100-n,somatic-neusomatic-20261010-source-sahraeian2022-additional-file-2,"Additional file 2 Table S3, SNVs section, row 'SPP_30x_100%T vs SPP_30x_100%N', column 'Octopus-RF'",90.9,result
somatic-neusomatic-20261010-result-sahraeian2022-octopus-rf-titration-snv-spp-30x-20-t-spp-30x-100-n,somatic-neusomatic-20261010-source-sahraeian2022-additional-file-2,"Additional file 2 Table S3, SNVs section, row 'SPP_30x_20%T vs SPP_30x_100%N', column 'Octopus-RF'",61.0,result
somatic-neusomatic-20261010-result-sahraeian2022-octopus-rf-titration-snv-spp-30x-5-t-spp-30x-100-n,somatic-neusomatic-20261010-source-sahraeian2022-additional-file-2,"Additional file 2 Table S3, SNVs section, row 'SPP_30x_5%T vs SPP_30x_100%N', column 'Octopus-RF'",13.5,result
somatic-neusomatic-20261010-result-sahraeian2022-octopus-rf-titration-snv-spp-30x-50-t-spp-30x-100-n,somatic-neusomatic-20261010-source-sahraeian2022-additional-file-2,"Additional file 2 Table S3, SNVs section, row 'SPP_30x_50%T vs SPP_30x_100%N', column 'Octopus-RF'",84.5,result
somatic-neusomatic-20261010-result-sahraeian2022-octopus-rf-titration-snv-spp-30x-75-t-spp-30x-100-n,somatic-neusomatic-20261010-source-sahraeian2022-additional-file-2,"Additional file 2 Table S3, SNVs section, row 'SPP_30x_75%T vs SPP_30x_100%N', column 'Octopus-RF'",88.8,result
somatic-neusomatic-20261010-result-sahraeian2022-octopus-rf-titration-snv-spp-50x-10-t-spp-50x-100-n,somatic-neusomatic-20261010-source-sahraeian2022-additional-file-2,"Additional file 2 Table S3, SNVs section, row 'SPP_50x_10%T vs SPP_50x_100%N', column 'Octopus-RF'",43.9,result
somatic-neusomatic-20261010-result-sahraeian2022-octopus-rf-titration-snv-spp-50x-100-t-spp-50x-100-n,somatic-neusomatic-20261010-source-sahraeian2022-additional-file-2,"Additional file 2 Table S3, SNVs section, row 'SPP_50x_100%T vs SPP_50x_100%N', column 'Octopus-RF'",94.4,result
somatic-neusomatic-20261010-result-sahraeian2022-octopus-rf-titration-snv-spp-50x-20-t-spp-50x-100-n,somatic-neusomatic-20261010-source-sahraeian2022-additional-file-2,"Additional file 2 Table S3, SNVs section, row 'SPP_50x_20%T vs SPP_50x_100%N', column 'Octopus-RF'",71.5,result
somatic-neusomatic-20261010-result-sahraeian2022-octopus-rf-titration-snv-spp-50x-5-t-spp-50x-100-n,somatic-neusomatic-20261010-source-sahraeian2022-additional-file-2,"Additional file 2 Table S3, SNVs section, row 'SPP_50x_5%T vs SPP_50x_100%N', column 'Octopus-RF'",17.9,result
somatic-neusomatic-20261010-result-sahraeian2022-octopus-rf-titration-snv-spp-50x-50-t-spp-50x-100-n,somatic-neusomatic-20261010-source-sahraeian2022-additional-file-2,"Additional file 2 Table S3, SNVs section, row 'SPP_50x_50%T vs SPP_50x_100%N', column 'Octopus-RF'",89.1,result
somatic-neusomatic-20261010-result-sahraeian2022-octopus-rf-titration-snv-spp-50x-75-t-spp-50x-100-n,somatic-neusomatic-20261010-source-sahraeian2022-additional-file-2,"Additional file 2 Table S3, SNVs section, row 'SPP_50x_75%T vs SPP_50x_100%N', column 'Octopus-RF'",93.0,result
somatic-neusomatic-20261010-result-sahraeian2022-octopus-rf-titration-snv-spp-80x-10-t-spp-80x-100-n,somatic-neusomatic-20261010-source-sahraeian2022-additional-file-2,"Additional file 2 Table S3, SNVs section, row 'SPP_80x_10%T vs SPP_80x_100%N', column 'Octopus-RF'",58.9,result
somatic-neusomatic-20261010-result-sahraeian2022-octopus-rf-titration-snv-spp-80x-10-t-spp-80x-95-n,somatic-neusomatic-20261010-source-sahraeian2022-additional-file-2,"Additional file 2 Table S3, SNVs section, row 'SPP_80x_10%T vs SPP_80x_95%N', column 'Octopus-RF'",35.9,result
somatic-neusomatic-20261010-result-sahraeian2022-octopus-rf-titration-snv-spp-80x-100-t-spp-80x-100-n,somatic-neusomatic-20261010-source-sahraeian2022-additional-file-2,"Additional file 2 Table S3, SNVs section, row 'SPP_80x_100%T vs SPP_80x_100%N', column 'Octopus-RF'",96.9,result
somatic-neusomatic-20261010-result-sahraeian2022-octopus-rf-titration-snv-spp-80x-100-t-spp-80x-95-n,somatic-neusomatic-20261010-source-sahraeian2022-additional-file-2,"Additional file 2 Table S3, SNVs section, row 'SPP_80x_100%T vs SPP_80x_95%N', column 'Octopus-RF'",85.6,result
somatic-neusomatic-20261010-result-sahraeian2022-octopus-rf-titration-snv-spp-80x-20-t-spp-80x-100-n,somatic-neusomatic-20261010-source-sahraeian2022-additional-file-2,"Additional file 2 Table S3, SNVs section, row 'SPP_80x_20%T vs SPP_80x_100%N', column 'Octopus-RF'",80.7,result
somatic-neusomatic-20261010-result-sahraeian2022-octopus-rf-titration-snv-spp-80x-20-t-spp-80x-95-n,somatic-neusomatic-20261010-source-sahraeian2022-additional-file-2,"Additional file 2 Table S3, SNVs section, row 'SPP_80x_20%T vs SPP_80x_95%N', column 'Octopus-RF'",62.0,result
somatic-neusomatic-20261010-result-sahraeian2022-octopus-rf-titration-snv-spp-80x-5-t-spp-80x-100-n,somatic-neusomatic-20261010-source-sahraeian2022-additional-file-2,"Additional file 2 Table S3, SNVs section, row 'SPP_80x_5%T vs SPP_80x_100%N', column 'Octopus-RF'",29.2,result
somatic-neusomatic-20261010-result-sahraeian2022-octopus-rf-titration-snv-spp-80x-50-t-spp-80x-100-n,somatic-neusomatic-20261010-source-sahraeian2022-additional-file-2,"Additional file 2 Table S3, SNVs section, row 'SPP_80x_50%T vs SPP_80x_100%N', column 'Octopus-RF'",92.6,result
somatic-neusomatic-20261010-result-sahraeian2022-octopus-rf-titration-snv-spp-80x-50-t-spp-80x-95-n,somatic-neusomatic-20261010-source-sahraeian2022-additional-file-2,"Additional file 2 Table S3, SNVs section, row 'SPP_80x_50%T vs SPP_80x_95%N', column 'Octopus-RF'",79.8,result
somatic-neusomatic-20261010-result-sahraeian2022-octopus-rf-titration-snv-spp-80x-75-t-spp-80x-100-n,somatic-neusomatic-20261010-source-sahraeian2022-additional-file-2,"Additional file 2 Table S3, SNVs section, row 'SPP_80x_75%T vs SPP_80x_100%N', column 'Octopus-RF'",95.2,result
somatic-neusomatic-20261010-result-sahraeian2022-octopus-rf-titration-snv-spp-80x-75-t-spp-80x-95-n,somatic-neusomatic-20261010-source-sahraeian2022-additional-file-2,"Additional file 2 Table S3, SNVs section, row 'SPP_80x_75%T vs SPP_80x_95%N', column 'Octopus-RF'",83.6,result
somatic-neusomatic-20261010-result-sahraeian2022-octopus-rf-wgs-indel-average,somatic-neusomatic-20261010-source-sahraeian2022-additional-file-2,"Additional file 2 Table S2, INDELs section, row 'Average', column 'Octopus-RF'",84.2,result
somatic-neusomatic-20261010-result-sahraeian2022-octopus-rf-wgs-indel-wgs-ea-t-1-wgs-ea-n-1,somatic-neusomatic-20261010-source-sahraeian2022-additional-file-2,"Additional file 2 Table S2, INDELs section, row 'WGS_EA_T_1 vs WGS_EA_N_1', column 'Octopus-RF'",83.2,result
somatic-neusomatic-20261010-result-sahraeian2022-octopus-rf-wgs-indel-wgs-fd-t-1-wgs-fd-n-1,somatic-neusomatic-20261010-source-sahraeian2022-additional-file-2,"Additional file 2 Table S2, INDELs section, row 'WGS_FD_T_1 vs WGS_FD_N_1', column 'Octopus-RF'",83.0,result
somatic-neusomatic-20261010-result-sahraeian2022-octopus-rf-wgs-indel-wgs-fd-t-2-wgs-fd-n-2,somatic-neusomatic-20261010-source-sahraeian2022-additional-file-2,"Additional file 2 Table S2, INDELs section, row 'WGS_FD_T_2 vs WGS_FD_N_2', column 'Octopus-RF'",82.5,result
somatic-neusomatic-20261010-result-sahraeian2022-octopus-rf-wgs-indel-wgs-fd-t-3-wgs-fd-n-3,somatic-neusomatic-20261010-source-sahraeian2022-additional-file-2,"Additional file 2 Table S2, INDELs section, row 'WGS_FD_T_3 vs WGS_FD_N_3', column 'Octopus-RF'",82.1,result
somatic-neusomatic-20261010-result-sahraeian2022-octopus-rf-wgs-indel-wgs-il-t-1-wgs-il-n-1,somatic-neusomatic-20261010-source-sahraeian2022-additional-file-2,"Additional file 2 Table S2, INDELs section, row 'WGS_IL_T_1 vs WGS_IL_N_1', column 'Octopus-RF'",87.9,result
somatic-neusomatic-20261010-result-sahraeian2022-octopus-rf-wgs-indel-wgs-il-t-2-wgs-il-n-2,somatic-neusomatic-20261010-source-sahraeian2022-additional-file-2,"Additional file 2 Table S2, INDELs section, row 'WGS_IL_T_2 vs WGS_IL_N_2', column 'Octopus-RF'",85.5,result
somatic-neusomatic-20261010-result-sahraeian2022-octopus-rf-wgs-indel-wgs-il-t-3-wgs-il-n-3,somatic-neusomatic-20261010-source-sahraeian2022-additional-file-2,"Additional file 2 Table S2, INDELs section, row 'WGS_IL_T_3 vs WGS_IL_N_3', column 'Octopus-RF'",85.1,result
somatic-neusomatic-20261010-result-sahraeian2022-octopus-rf-wgs-indel-wgs-ll-t-1-wgs-ll-n-1,somatic-neusomatic-20261010-source-sahraeian2022-additional-file-2,"Additional file 2 Table S2, INDELs section, row 'WGS_LL_T_1 vs WGS_LL_N_1', column 'Octopus-RF'",79.4,result
somatic-neusomatic-20261010-result-sahraeian2022-octopus-rf-wgs-indel-wgs-nc-t-1-wgs-nc-n-1,somatic-neusomatic-20261010-source-sahraeian2022-additional-file-2,"Additional file 2 Table S2, INDELs section, row 'WGS_NC_T_1 vs WGS_NC_N_1', column 'Octopus-RF'",84.8,result
somatic-neusomatic-20261010-result-sahraeian2022-octopus-rf-wgs-indel-wgs-ns-t-1-wgs-ns-n-1,somatic-neusomatic-20261010-source-sahraeian2022-additional-file-2,"Additional file 2 Table S2, INDELs section, row 'WGS_NS_T_1 vs WGS_NS_N_1', column 'Octopus-RF'",83.9,result
somatic-neusomatic-20261010-result-sahraeian2022-octopus-rf-wgs-indel-wgs-ns-t-2-wgs-ns-n-2,somatic-neusomatic-20261010-source-sahraeian2022-additional-file-2,"Additional file 2 Table S2, INDELs section, row 'WGS_NS_T_2 vs WGS_NS_N_2', column 'Octopus-RF'",83.2,result
somatic-neusomatic-20261010-result-sahraeian2022-octopus-rf-wgs-indel-wgs-ns-t-3-wgs-ns-n-3,somatic-neusomatic-20261010-source-sahraeian2022-additional-file-2,"Additional file 2 Table S2, INDELs section, row 'WGS_NS_T_3 vs WGS_NS_N_3', column 'Octopus-RF'",83.7,result
somatic-neusomatic-20261010-result-sahraeian2022-octopus-rf-wgs-indel-wgs-ns-t-4-wgs-ns-n-4,somatic-neusomatic-20261010-source-sahraeian2022-additional-file-2,"Additional file 2 Table S2, INDELs section, row 'WGS_NS_T_4 vs WGS_NS_N_4', column 'Octopus-RF'",84.0,result
somatic-neusomatic-20261010-result-sahraeian2022-octopus-rf-wgs-indel-wgs-ns-t-5-wgs-ns-n-5,somatic-neusomatic-20261010-source-sahraeian2022-additional-file-2,"Additional file 2 Table S2, INDELs section, row 'WGS_NS_T_5 vs WGS_NS_N_5', column 'Octopus-RF'",82.8,result
somatic-neusomatic-20261010-result-sahraeian2022-octopus-rf-wgs-indel-wgs-ns-t-6-wgs-ns-n-6,somatic-neusomatic-20261010-source-sahraeian2022-additional-file-2,"Additional file 2 Table S2, INDELs section, row 'WGS_NS_T_6 vs WGS_NS_N_6', column 'Octopus-RF'",84.0,result
somatic-neusomatic-20261010-result-sahraeian2022-octopus-rf-wgs-indel-wgs-ns-t-7-wgs-ns-n-7,somatic-neusomatic-20261010-source-sahraeian2022-additional-file-2,"Additional file 2 Table S2, INDELs section, row 'WGS_NS_T_7 vs WGS_NS_N_7', column 'Octopus-RF'",84.2,result
somatic-neusomatic-20261010-result-sahraeian2022-octopus-rf-wgs-indel-wgs-ns-t-8-wgs-ns-n-8,somatic-neusomatic-20261010-source-sahraeian2022-additional-file-2,"Additional file 2 Table S2, INDELs section, row 'WGS_NS_T_8 vs WGS_NS_N_8', column 'Octopus-RF'",83.5,result
somatic-neusomatic-20261010-result-sahraeian2022-octopus-rf-wgs-indel-wgs-ns-t-9-wgs-ns-n-9,somatic-neusomatic-20261010-source-sahraeian2022-additional-file-2,"Additional file 2 Table S2, INDELs section, row 'WGS_NS_T_9 vs WGS_NS_N_9', column 'Octopus-RF'",84.8,result
somatic-neusomatic-20261010-result-sahraeian2022-octopus-rf-wgs-indel-wgs-nv-t-1-wgs-nv-n-1,somatic-neusomatic-20261010-source-sahraeian2022-additional-file-2,"Additional file 2 Table S2, INDELs section, row 'WGS_NV_T_1 vs WGS_NV_N_1', column 'Octopus-RF'",86.5,result
somatic-neusomatic-20261010-result-sahraeian2022-octopus-rf-wgs-indel-wgs-nv-t-2-wgs-nv-n-2,somatic-neusomatic-20261010-source-sahraeian2022-additional-file-2,"Additional file 2 Table S2, INDELs section, row 'WGS_NV_T_2 vs WGS_NV_N_2', column 'Octopus-RF'",86.9,result
somatic-neusomatic-20261010-result-sahraeian2022-octopus-rf-wgs-indel-wgs-nv-t-3-wgs-nv-n-3,somatic-neusomatic-20261010-source-sahraeian2022-additional-file-2,"Additional file 2 Table S2, INDELs section, row 'WGS_NV_T_3 vs WGS_NV_N_3', column 'Octopus-RF'",86.5,result
somatic-neusomatic-20261010-result-sahraeian2022-octopus-rf-wgs-snv-average,somatic-neusomatic-20261010-source-sahraeian2022-additional-file-2,"Additional file 2 Table S2, SNVs section, row 'Average', column 'Octopus-RF'",94.1,result
somatic-neusomatic-20261010-result-sahraeian2022-octopus-rf-wgs-snv-wgs-ea-t-1-wgs-ea-n-1,somatic-neusomatic-20261010-source-sahraeian2022-additional-file-2,"Additional file 2 Table S2, SNVs section, row 'WGS_EA_T_1 vs WGS_EA_N_1', column 'Octopus-RF'",95.4,result
somatic-neusomatic-20261010-result-sahraeian2022-octopus-rf-wgs-snv-wgs-fd-t-1-wgs-fd-n-1,somatic-neusomatic-20261010-source-sahraeian2022-additional-file-2,"Additional file 2 Table S2, SNVs section, row 'WGS_FD_T_1 vs WGS_FD_N_1', column 'Octopus-RF'",93.7,result
somatic-neusomatic-20261010-result-sahraeian2022-octopus-rf-wgs-snv-wgs-fd-t-2-wgs-fd-n-2,somatic-neusomatic-20261010-source-sahraeian2022-additional-file-2,"Additional file 2 Table S2, SNVs section, row 'WGS_FD_T_2 vs WGS_FD_N_2', column 'Octopus-RF'",93.8,result
somatic-neusomatic-20261010-result-sahraeian2022-octopus-rf-wgs-snv-wgs-fd-t-3-wgs-fd-n-3,somatic-neusomatic-20261010-source-sahraeian2022-additional-file-2,"Additional file 2 Table S2, SNVs section, row 'WGS_FD_T_3 vs WGS_FD_N_3', column 'Octopus-RF'",93.7,result
somatic-neusomatic-20261010-result-sahraeian2022-octopus-rf-wgs-snv-wgs-il-t-1-wgs-il-n-1,somatic-neusomatic-20261010-source-sahraeian2022-additional-file-2,"Additional file 2 Table S2, SNVs section, row 'WGS_IL_T_1 vs WGS_IL_N_1', column 'Octopus-RF'",96.2,result
somatic-neusomatic-20261010-result-sahraeian2022-octopus-rf-wgs-snv-wgs-il-t-2-wgs-il-n-2,somatic-neusomatic-20261010-source-sahraeian2022-additional-file-2,"Additional file 2 Table S2, SNVs section, row 'WGS_IL_T_2 vs WGS_IL_N_2', column 'Octopus-RF'",94.9,result
somatic-neusomatic-20261010-result-sahraeian2022-octopus-rf-wgs-snv-wgs-il-t-3-wgs-il-n-3,somatic-neusomatic-20261010-source-sahraeian2022-additional-file-2,"Additional file 2 Table S2, SNVs section, row 'WGS_IL_T_3 vs WGS_IL_N_3', column 'Octopus-RF'",94.8,result
somatic-neusomatic-20261010-result-sahraeian2022-octopus-rf-wgs-snv-wgs-ll-t-1-wgs-ll-n-1,somatic-neusomatic-20261010-source-sahraeian2022-additional-file-2,"Additional file 2 Table S2, SNVs section, row 'WGS_LL_T_1 vs WGS_LL_N_1', column 'Octopus-RF'",88.4,result
somatic-neusomatic-20261010-result-sahraeian2022-octopus-rf-wgs-snv-wgs-nc-t-1-wgs-nc-n-1,somatic-neusomatic-20261010-source-sahraeian2022-additional-file-2,"Additional file 2 Table S2, SNVs section, row 'WGS_NC_T_1 vs WGS_NC_N_1', column 'Octopus-RF'",93.5,result
somatic-neusomatic-20261010-result-sahraeian2022-octopus-rf-wgs-snv-wgs-ns-t-1-wgs-ns-n-1,somatic-neusomatic-20261010-source-sahraeian2022-additional-file-2,"Additional file 2 Table S2, SNVs section, row 'WGS_NS_T_1 vs WGS_NS_N_1', column 'Octopus-RF'",94.6,result
somatic-neusomatic-20261010-result-sahraeian2022-octopus-rf-wgs-snv-wgs-ns-t-2-wgs-ns-n-2,somatic-neusomatic-20261010-source-sahraeian2022-additional-file-2,"Additional file 2 Table S2, SNVs section, row 'WGS_NS_T_2 vs WGS_NS_N_2', column 'Octopus-RF'",92.1,result
somatic-neusomatic-20261010-result-sahraeian2022-octopus-rf-wgs-snv-wgs-ns-t-3-wgs-ns-n-3,somatic-neusomatic-20261010-source-sahraeian2022-additional-file-2,"Additional file 2 Table S2, SNVs section, row 'WGS_NS_T_3 vs WGS_NS_N_3', column 'Octopus-RF'",93.1,result
somatic-neusomatic-20261010-result-sahraeian2022-octopus-rf-wgs-snv-wgs-ns-t-4-wgs-ns-n-4,somatic-neusomatic-20261010-source-sahraeian2022-additional-file-2,"Additional file 2 Table S2, SNVs section, row 'WGS_NS_T_4 vs WGS_NS_N_4', column 'Octopus-RF'",94.1,result
somatic-neusomatic-20261010-result-sahraeian2022-octopus-rf-wgs-snv-wgs-ns-t-5-wgs-ns-n-5,somatic-neusomatic-20261010-source-sahraeian2022-additional-file-2,"Additional file 2 Table S2, SNVs section, row 'WGS_NS_T_5 vs WGS_NS_N_5', column 'Octopus-RF'",92.7,result
somatic-neusomatic-20261010-result-sahraeian2022-octopus-rf-wgs-snv-wgs-ns-t-6-wgs-ns-n-6,somatic-neusomatic-20261010-source-sahraeian2022-additional-file-2,"Additional file 2 Table S2, SNVs section, row 'WGS_NS_T_6 vs WGS_NS_N_6', column 'Octopus-RF'",95.0,result
somatic-neusomatic-20261010-result-sahraeian2022-octopus-rf-wgs-snv-wgs-ns-t-7-wgs-ns-n-7,somatic-neusomatic-20261010-source-sahraeian2022-additional-file-2,"Additional file 2 Table S2, SNVs section, row 'WGS_NS_T_7 vs WGS_NS_N_7', column 'Octopus-RF'",93.6,result
somatic-neusomatic-20261010-result-sahraeian2022-octopus-rf-wgs-snv-wgs-ns-t-8-wgs-ns-n-8,somatic-neusomatic-20261010-source-sahraeian2022-additional-file-2,"Additional file 2 Table S2, SNVs section, row 'WGS_NS_T_8 vs WGS_NS_N_8', column 'Octopus-RF'",92.1,result
somatic-neusomatic-20261010-result-sahraeian2022-octopus-rf-wgs-snv-wgs-ns-t-9-wgs-ns-n-9,somatic-neusomatic-20261010-source-sahraeian2022-additional-file-2,"Additional file 2 Table S2, SNVs section, row 'WGS_NS_T_9 vs WGS_NS_N_9', column 'Octopus-RF'",92.7,result
somatic-neusomatic-20261010-result-sahraeian2022-octopus-rf-wgs-snv-wgs-nv-t-1-wgs-nv-n-1,somatic-neusomatic-20261010-source-sahraeian2022-additional-file-2,"Additional file 2 Table S2, SNVs section, row 'WGS_NV_T_1 vs WGS_NV_N_1', column 'Octopus-RF'",97.0,result
somatic-neusomatic-20261010-result-sahraeian2022-octopus-rf-wgs-snv-wgs-nv-t-2-wgs-nv-n-2,somatic-neusomatic-20261010-source-sahraeian2022-additional-file-2,"Additional file 2 Table S2, SNVs section, row 'WGS_NV_T_2 vs WGS_NV_N_2', column 'Octopus-RF'",97.0,result
somatic-neusomatic-20261010-result-sahraeian2022-octopus-rf-wgs-snv-wgs-nv-t-3-wgs-nv-n-3,somatic-neusomatic-20261010-source-sahraeian2022-additional-file-2,"Additional file 2 Table S2, SNVs section, row 'WGS_NV_T_3 vs WGS_NV_N_3', column 'Octopus-RF'",97.0,result
somatic-neusomatic-20261010-result-sahraeian2022-somaticsniper-library-prep-snv-average,somatic-neusomatic-20261010-source-sahraeian2022-additional-file-2,"Additional file 2 Table S4, SNVs section, row 'Average', column 'SomaticSniper'",58.0,result
somatic-neusomatic-20261010-result-sahraeian2022-somaticsniper-library-prep-snv-lbp-nextera-t-100ng-lbp-nextera-n-100ng,somatic-neusomatic-20261010-source-sahraeian2022-additional-file-2,"Additional file 2 Table S4, SNVs section, row 'LBP_Nextera_T_100ng vs LBP_Nextera_N_100ng', column 'SomaticSniper'",66.3,result
somatic-neusomatic-20261010-result-sahraeian2022-somaticsniper-library-prep-snv-lbp-nextera-t-10ng-lbp-nextera-n-10ng,somatic-neusomatic-20261010-source-sahraeian2022-additional-file-2,"Additional file 2 Table S4, SNVs section, row 'LBP_Nextera_T_10ng vs LBP_Nextera_N_10ng', column 'SomaticSniper'",62.5,result
somatic-neusomatic-20261010-result-sahraeian2022-somaticsniper-library-prep-snv-lbp-nextera-t-1ng-lbp-nextera-n-1ng,somatic-neusomatic-20261010-source-sahraeian2022-additional-file-2,"Additional file 2 Table S4, SNVs section, row 'LBP_Nextera_T_1ng vs LBP_Nextera_N_1ng', column 'SomaticSniper'",63.1,result
somatic-neusomatic-20261010-result-sahraeian2022-somaticsniper-library-prep-snv-lbp-truseq-t-100ng-lbp-truseq-n-100ng,somatic-neusomatic-20261010-source-sahraeian2022-additional-file-2,"Additional file 2 Table S4, SNVs section, row 'LBP_TruSeq_T_100ng vs LBP_TruSeq_N_100ng', column 'SomaticSniper'",67.5,result
somatic-neusomatic-20261010-result-sahraeian2022-somaticsniper-library-prep-snv-lbp-truseq-t-10ng-lbp-truseq-n-10ng,somatic-neusomatic-20261010-source-sahraeian2022-additional-file-2,"Additional file 2 Table S4, SNVs section, row 'LBP_TruSeq_T_10ng vs LBP_TruSeq_N_10ng', column 'SomaticSniper'",68.6,result
somatic-neusomatic-20261010-result-sahraeian2022-somaticsniper-library-prep-snv-lbp-truseq-t-1ng-lbp-truseq-n-1ng,somatic-neusomatic-20261010-source-sahraeian2022-additional-file-2,"Additional file 2 Table S4, SNVs section, row 'LBP_TruSeq_T_1ng vs LBP_TruSeq_N_1ng', column 'SomaticSniper'",20.2,result
somatic-neusomatic-20261010-result-sahraeian2022-somaticsniper-titration-snv-average,somatic-neusomatic-20261010-source-sahraeian2022-additional-file-2,"Additional file 2 Table S3, SNVs section, row 'Average', column 'SomaticSniper'",33.7,result
somatic-neusomatic-20261010-result-sahraeian2022-somaticsniper-titration-snv-spp-100x-10-t-spp-100x-100-n,somatic-neusomatic-20261010-source-sahraeian2022-additional-file-2,"Additional file 2 Table S3, SNVs section, row 'SPP_100x_10%T vs SPP_100x_100%N', column 'SomaticSniper'",5.9,result
somatic-neusomatic-20261010-result-sahraeian2022-somaticsniper-titration-snv-spp-100x-100-t-spp-100x-100-n,somatic-neusomatic-20261010-source-sahraeian2022-additional-file-2,"Additional file 2 Table S3, SNVs section, row 'SPP_100x_100%T vs SPP_100x_100%N', column 'SomaticSniper'",60.8,result
somatic-neusomatic-20261010-result-sahraeian2022-somaticsniper-titration-snv-spp-100x-20-t-spp-100x-100-n,somatic-neusomatic-20261010-source-sahraeian2022-additional-file-2,"Additional file 2 Table S3, SNVs section, row 'SPP_100x_20%T vs SPP_100x_100%N', column 'SomaticSniper'",30.0,result
somatic-neusomatic-20261010-result-sahraeian2022-somaticsniper-titration-snv-spp-100x-5-t-spp-100x-100-n,somatic-neusomatic-20261010-source-sahraeian2022-additional-file-2,"Additional file 2 Table S3, SNVs section, row 'SPP_100x_5%T vs SPP_100x_100%N', column 'SomaticSniper'",0.5,result
somatic-neusomatic-20261010-result-sahraeian2022-somaticsniper-titration-snv-spp-100x-50-t-spp-100x-100-n,somatic-neusomatic-20261010-source-sahraeian2022-additional-file-2,"Additional file 2 Table S3, SNVs section, row 'SPP_100x_50%T vs SPP_100x_100%N', column 'SomaticSniper'",60.5,result
somatic-neusomatic-20261010-result-sahraeian2022-somaticsniper-titration-snv-spp-100x-75-t-spp-100x-100-n,somatic-neusomatic-20261010-source-sahraeian2022-additional-file-2,"Additional file 2 Table S3, SNVs section, row 'SPP_100x_75%T vs SPP_100x_100%N', column 'SomaticSniper'",61.3,result
somatic-neusomatic-20261010-result-sahraeian2022-somaticsniper-titration-snv-spp-10x-10-t-spp-10x-100-n,somatic-neusomatic-20261010-source-sahraeian2022-additional-file-2,"Additional file 2 Table S3, SNVs section, row 'SPP_10x_10%T vs SPP_10x_100%N', column 'SomaticSniper'",1.0,result
somatic-neusomatic-20261010-result-sahraeian2022-somaticsniper-titration-snv-spp-10x-100-t-spp-10x-100-n,somatic-neusomatic-20261010-source-sahraeian2022-additional-file-2,"Additional file 2 Table S3, SNVs section, row 'SPP_10x_100%T vs SPP_10x_100%N', column 'SomaticSniper'",32.5,result
somatic-neusomatic-20261010-result-sahraeian2022-somaticsniper-titration-snv-spp-10x-20-t-spp-10x-100-n,somatic-neusomatic-20261010-source-sahraeian2022-additional-file-2,"Additional file 2 Table S3, SNVs section, row 'SPP_10x_20%T vs SPP_10x_100%N', column 'SomaticSniper'",4.5,result
somatic-neusomatic-20261010-result-sahraeian2022-somaticsniper-titration-snv-spp-10x-5-t-spp-10x-100-n,somatic-neusomatic-20261010-source-sahraeian2022-additional-file-2,"Additional file 2 Table S3, SNVs section, row 'SPP_10x_5%T vs SPP_10x_100%N', column 'SomaticSniper'",0.2,result
somatic-neusomatic-20261010-result-sahraeian2022-somaticsniper-titration-snv-spp-10x-50-t-spp-10x-100-n,somatic-neusomatic-20261010-source-sahraeian2022-additional-file-2,"Additional file 2 Table S3, SNVs section, row 'SPP_10x_50%T vs SPP_10x_100%N', column 'SomaticSniper'",18.9,result
somatic-neusomatic-20261010-result-sahraeian2022-somaticsniper-titration-snv-spp-10x-75-t-spp-10x-100-n,somatic-neusomatic-20261010-source-sahraeian2022-additional-file-2,"Additional file 2 Table S3, SNVs section, row 'SPP_10x_75%T vs SPP_10x_100%N', column 'SomaticSniper'",27.7,result
somatic-neusomatic-20261010-result-sahraeian2022-somaticsniper-titration-snv-spp-200x-10-t-spp-200x-100-n,somatic-neusomatic-20261010-source-sahraeian2022-additional-file-2,"Additional file 2 Table S3, SNVs section, row 'SPP_200x_10%T vs SPP_200x_100%N', column 'SomaticSniper'",2.4,result
somatic-neusomatic-20261010-result-sahraeian2022-somaticsniper-titration-snv-spp-200x-100-t-spp-200x-100-n,somatic-neusomatic-20261010-source-sahraeian2022-additional-file-2,"Additional file 2 Table S3, SNVs section, row 'SPP_200x_100%T vs SPP_200x_100%N', column 'SomaticSniper'",57.5,result
somatic-neusomatic-20261010-result-sahraeian2022-somaticsniper-titration-snv-spp-200x-20-t-spp-200x-100-n,somatic-neusomatic-20261010-source-sahraeian2022-additional-file-2,"Additional file 2 Table S3, SNVs section, row 'SPP_200x_20%T vs SPP_200x_100%N', column 'SomaticSniper'",22.9,result
somatic-neusomatic-20261010-result-sahraeian2022-somaticsniper-titration-snv-spp-200x-5-t-spp-200x-100-n,somatic-neusomatic-20261010-source-sahraeian2022-additional-file-2,"Additional file 2 Table S3, SNVs section, row 'SPP_200x_5%T vs SPP_200x_100%N', column 'SomaticSniper'",0.1,result
somatic-neusomatic-20261010-result-sahraeian2022-somaticsniper-titration-snv-spp-200x-50-t-spp-200x-100-n,somatic-neusomatic-20261010-source-sahraeian2022-additional-file-2,"Additional file 2 Table S3, SNVs section, row 'SPP_200x_50%T vs SPP_200x_100%N', column 'SomaticSniper'",55.8,result
somatic-neusomatic-20261010-result-sahraeian2022-somaticsniper-titration-snv-spp-200x-75-t-spp-200x-100-n,somatic-neusomatic-20261010-source-sahraeian2022-additional-file-2,"Additional file 2 Table S3, SNVs section, row 'SPP_200x_75%T vs SPP_200x_100%N', column 'SomaticSniper'",57.1,result
somatic-neusomatic-20261010-result-sahraeian2022-somaticsniper-titration-snv-spp-300x-10-t-spp-300x-100-n,somatic-neusomatic-20261010-source-sahraeian2022-additional-file-2,"Additional file 2 Table S3, SNVs section, row 'SPP_300x_10%T vs SPP_300x_100%N', column 'SomaticSniper'",1.3,result
somatic-neusomatic-20261010-result-sahraeian2022-somaticsniper-titration-snv-spp-300x-100-t-spp-300x-100-n,somatic-neusomatic-20261010-source-sahraeian2022-additional-file-2,"Additional file 2 Table S3, SNVs section, row 'SPP_300x_100%T vs SPP_300x_100%N', column 'SomaticSniper'",56.4,result
somatic-neusomatic-20261010-result-sahraeian2022-somaticsniper-titration-snv-spp-300x-20-t-spp-300x-100-n,somatic-neusomatic-20261010-source-sahraeian2022-additional-file-2,"Additional file 2 Table S3, SNVs section, row 'SPP_300x_20%T vs SPP_300x_100%N', column 'SomaticSniper'",18.4,result
somatic-neusomatic-20261010-result-sahraeian2022-somaticsniper-titration-snv-spp-300x-5-t-spp-300x-100-n,somatic-neusomatic-20261010-source-sahraeian2022-additional-file-2,"Additional file 2 Table S3, SNVs section, row 'SPP_300x_5%T vs SPP_300x_100%N', column 'SomaticSniper'",0.0,result
somatic-neusomatic-20261010-result-sahraeian2022-somaticsniper-titration-snv-spp-300x-50-t-spp-300x-100-n,somatic-neusomatic-20261010-source-sahraeian2022-additional-file-2,"Additional file 2 Table S3, SNVs section, row 'SPP_300x_50%T vs SPP_300x_100%N', column 'SomaticSniper'",55.5,result
somatic-neusomatic-20261010-result-sahraeian2022-somaticsniper-titration-snv-spp-300x-75-t-spp-300x-100-n,somatic-neusomatic-20261010-source-sahraeian2022-additional-file-2,"Additional file 2 Table S3, SNVs section, row 'SPP_300x_75%T vs SPP_300x_100%N', column 'SomaticSniper'",57.6,result
somatic-neusomatic-20261010-result-sahraeian2022-somaticsniper-titration-snv-spp-30x-10-t-spp-30x-100-n,somatic-neusomatic-20261010-source-sahraeian2022-additional-file-2,"Additional file 2 Table S3, SNVs section, row 'SPP_30x_10%T vs SPP_30x_100%N', column 'SomaticSniper'",5.9,result
somatic-neusomatic-20261010-result-sahraeian2022-somaticsniper-titration-snv-spp-30x-100-t-spp-30x-100-n,somatic-neusomatic-20261010-source-sahraeian2022-additional-file-2,"Additional file 2 Table S3, SNVs section, row 'SPP_30x_100%T vs SPP_30x_100%N', column 'SomaticSniper'",69.8,result
somatic-neusomatic-20261010-result-sahraeian2022-somaticsniper-titration-snv-spp-30x-20-t-spp-30x-100-n,somatic-neusomatic-20261010-source-sahraeian2022-additional-file-2,"Additional file 2 Table S3, SNVs section, row 'SPP_30x_20%T vs SPP_30x_100%N', column 'SomaticSniper'",24.8,result
somatic-neusomatic-20261010-result-sahraeian2022-somaticsniper-titration-snv-spp-30x-5-t-spp-30x-100-n,somatic-neusomatic-20261010-source-sahraeian2022-additional-file-2,"Additional file 2 Table S3, SNVs section, row 'SPP_30x_5%T vs SPP_30x_100%N', column 'SomaticSniper'",0.8,result
somatic-neusomatic-20261010-result-sahraeian2022-somaticsniper-titration-snv-spp-30x-50-t-spp-30x-100-n,somatic-neusomatic-20261010-source-sahraeian2022-additional-file-2,"Additional file 2 Table S3, SNVs section, row 'SPP_30x_50%T vs SPP_30x_100%N', column 'SomaticSniper'",60.1,result
somatic-neusomatic-20261010-result-sahraeian2022-somaticsniper-titration-snv-spp-30x-75-t-spp-30x-100-n,somatic-neusomatic-20261010-source-sahraeian2022-additional-file-2,"Additional file 2 Table S3, SNVs section, row 'SPP_30x_75%T vs SPP_30x_100%N', column 'SomaticSniper'",68.3,result
somatic-neusomatic-20261010-result-sahraeian2022-somaticsniper-titration-snv-spp-50x-10-t-spp-50x-100-n,somatic-neusomatic-20261010-source-sahraeian2022-additional-file-2,"Additional file 2 Table S3, SNVs section, row 'SPP_50x_10%T vs SPP_50x_100%N', column 'SomaticSniper'",6.5,result
somatic-neusomatic-20261010-result-sahraeian2022-somaticsniper-titration-snv-spp-50x-100-t-spp-50x-100-n,somatic-neusomatic-20261010-source-sahraeian2022-additional-file-2,"Additional file 2 Table S3, SNVs section, row 'SPP_50x_100%T vs SPP_50x_100%N', column 'SomaticSniper'",65.3,result
somatic-neusomatic-20261010-result-sahraeian2022-somaticsniper-titration-snv-spp-50x-20-t-spp-50x-100-n,somatic-neusomatic-20261010-source-sahraeian2022-additional-file-2,"Additional file 2 Table S3, SNVs section, row 'SPP_50x_20%T vs SPP_50x_100%N', column 'SomaticSniper'",28.9,result
somatic-neusomatic-20261010-result-sahraeian2022-somaticsniper-titration-snv-spp-50x-5-t-spp-50x-100-n,somatic-neusomatic-20261010-source-sahraeian2022-additional-file-2,"Additional file 2 Table S3, SNVs section, row 'SPP_50x_5%T vs SPP_50x_100%N', column 'SomaticSniper'",0.9,result
somatic-neusomatic-20261010-result-sahraeian2022-somaticsniper-titration-snv-spp-50x-50-t-spp-50x-100-n,somatic-neusomatic-20261010-source-sahraeian2022-additional-file-2,"Additional file 2 Table S3, SNVs section, row 'SPP_50x_50%T vs SPP_50x_100%N', column 'SomaticSniper'",61.6,result
somatic-neusomatic-20261010-result-sahraeian2022-somaticsniper-titration-snv-spp-50x-75-t-spp-50x-100-n,somatic-neusomatic-20261010-source-sahraeian2022-additional-file-2,"Additional file 2 Table S3, SNVs section, row 'SPP_50x_75%T vs SPP_50x_100%N', column 'SomaticSniper'",65.2,result
somatic-neusomatic-20261010-result-sahraeian2022-somaticsniper-titration-snv-spp-80x-10-t-spp-80x-100-n,somatic-neusomatic-20261010-source-sahraeian2022-additional-file-2,"Additional file 2 Table S3, SNVs section, row 'SPP_80x_10%T vs SPP_80x_100%N', column 'SomaticSniper'",6.5,result
somatic-neusomatic-20261010-result-sahraeian2022-somaticsniper-titration-snv-spp-80x-10-t-spp-80x-95-n,somatic-neusomatic-20261010-source-sahraeian2022-additional-file-2,"Additional file 2 Table S3, SNVs section, row 'SPP_80x_10%T vs SPP_80x_95%N', column 'SomaticSniper'",4.7,result
somatic-neusomatic-20261010-result-sahraeian2022-somaticsniper-titration-snv-spp-80x-100-t-spp-80x-100-n,somatic-neusomatic-20261010-source-sahraeian2022-additional-file-2,"Additional file 2 Table S3, SNVs section, row 'SPP_80x_100%T vs SPP_80x_100%N', column 'SomaticSniper'",62.4,result
somatic-neusomatic-20261010-result-sahraeian2022-somaticsniper-titration-snv-spp-80x-100-t-spp-80x-95-n,somatic-neusomatic-20261010-source-sahraeian2022-additional-file-2,"Additional file 2 Table S3, SNVs section, row 'SPP_80x_100%T vs SPP_80x_95%N', column 'SomaticSniper'",62.8,result
somatic-neusomatic-20261010-result-sahraeian2022-somaticsniper-titration-snv-spp-80x-20-t-spp-80x-100-n,somatic-neusomatic-20261010-source-sahraeian2022-additional-file-2,"Additional file 2 Table S3, SNVs section, row 'SPP_80x_20%T vs SPP_80x_100%N', column 'SomaticSniper'",30.0,result
somatic-neusomatic-20261010-result-sahraeian2022-somaticsniper-titration-snv-spp-80x-20-t-spp-80x-95-n,somatic-neusomatic-20261010-source-sahraeian2022-additional-file-2,"Additional file 2 Table S3, SNVs section, row 'SPP_80x_20%T vs SPP_80x_95%N', column 'SomaticSniper'",25.7,result
somatic-neusomatic-20261010-result-sahraeian2022-somaticsniper-titration-snv-spp-80x-5-t-spp-80x-100-n,somatic-neusomatic-20261010-source-sahraeian2022-additional-file-2,"Additional file 2 Table S3, SNVs section, row 'SPP_80x_5%T vs SPP_80x_100%N', column 'SomaticSniper'",0.6,result
somatic-neusomatic-20261010-result-sahraeian2022-somaticsniper-titration-snv-spp-80x-50-t-spp-80x-100-n,somatic-neusomatic-20261010-source-sahraeian2022-additional-file-2,"Additional file 2 Table S3, SNVs section, row 'SPP_80x_50%T vs SPP_80x_100%N', column 'SomaticSniper'",61.0,result
somatic-neusomatic-20261010-result-sahraeian2022-somaticsniper-titration-snv-spp-80x-50-t-spp-80x-95-n,somatic-neusomatic-20261010-source-sahraeian2022-additional-file-2,"Additional file 2 Table S3, SNVs section, row 'SPP_80x_50%T vs SPP_80x_95%N', column 'SomaticSniper'",58.6,result
somatic-neusomatic-20261010-result-sahraeian2022-somaticsniper-titration-snv-spp-80x-75-t-spp-80x-100-n,somatic-neusomatic-20261010-source-sahraeian2022-additional-file-2,"Additional file 2 Table S3, SNVs section, row 'SPP_80x_75%T vs SPP_80x_100%N', column 'SomaticSniper'",62.4,result
somatic-neusomatic-20261010-result-sahraeian2022-somaticsniper-titration-snv-spp-80x-75-t-spp-80x-95-n,somatic-neusomatic-20261010-source-sahraeian2022-additional-file-2,"Additional file 2 Table S3, SNVs section, row 'SPP_80x_75%T vs SPP_80x_95%N', column 'SomaticSniper'",61.3,result
somatic-neusomatic-20261010-result-sahraeian2022-somaticsniper-wgs-snv-average,somatic-neusomatic-20261010-source-sahraeian2022-additional-file-2,"Additional file 2 Table S2, SNVs section, row 'Average', column 'SomaticSniper'",67.3,result
somatic-neusomatic-20261010-result-sahraeian2022-somaticsniper-wgs-snv-wgs-ea-t-1-wgs-ea-n-1,somatic-neusomatic-20261010-source-sahraeian2022-additional-file-2,"Additional file 2 Table S2, SNVs section, row 'WGS_EA_T_1 vs WGS_EA_N_1', column 'SomaticSniper'",65.1,result
somatic-neusomatic-20261010-result-sahraeian2022-somaticsniper-wgs-snv-wgs-fd-t-1-wgs-fd-n-1,somatic-neusomatic-20261010-source-sahraeian2022-additional-file-2,"Additional file 2 Table S2, SNVs section, row 'WGS_FD_T_1 vs WGS_FD_N_1', column 'SomaticSniper'",68.4,result
somatic-neusomatic-20261010-result-sahraeian2022-somaticsniper-wgs-snv-wgs-fd-t-2-wgs-fd-n-2,somatic-neusomatic-20261010-source-sahraeian2022-additional-file-2,"Additional file 2 Table S2, SNVs section, row 'WGS_FD_T_2 vs WGS_FD_N_2', column 'SomaticSniper'",67.5,result
somatic-neusomatic-20261010-result-sahraeian2022-somaticsniper-wgs-snv-wgs-fd-t-3-wgs-fd-n-3,somatic-neusomatic-20261010-source-sahraeian2022-additional-file-2,"Additional file 2 Table S2, SNVs section, row 'WGS_FD_T_3 vs WGS_FD_N_3', column 'SomaticSniper'",66.8,result
somatic-neusomatic-20261010-result-sahraeian2022-somaticsniper-wgs-snv-wgs-il-t-1-wgs-il-n-1,somatic-neusomatic-20261010-source-sahraeian2022-additional-file-2,"Additional file 2 Table S2, SNVs section, row 'WGS_IL_T_1 vs WGS_IL_N_1', column 'SomaticSniper'",67.5,result
somatic-neusomatic-20261010-result-sahraeian2022-somaticsniper-wgs-snv-wgs-il-t-2-wgs-il-n-2,somatic-neusomatic-20261010-source-sahraeian2022-additional-file-2,"Additional file 2 Table S2, SNVs section, row 'WGS_IL_T_2 vs WGS_IL_N_2', column 'SomaticSniper'",68.5,result
somatic-neusomatic-20261010-result-sahraeian2022-somaticsniper-wgs-snv-wgs-il-t-3-wgs-il-n-3,somatic-neusomatic-20261010-source-sahraeian2022-additional-file-2,"Additional file 2 Table S2, SNVs section, row 'WGS_IL_T_3 vs WGS_IL_N_3', column 'SomaticSniper'",68.6,result
somatic-neusomatic-20261010-result-sahraeian2022-somaticsniper-wgs-snv-wgs-ll-t-1-wgs-ll-n-1,somatic-neusomatic-20261010-source-sahraeian2022-additional-file-2,"Additional file 2 Table S2, SNVs section, row 'WGS_LL_T_1 vs WGS_LL_N_1', column 'SomaticSniper'",69.7,result
somatic-neusomatic-20261010-result-sahraeian2022-somaticsniper-wgs-snv-wgs-nc-t-1-wgs-nc-n-1,somatic-neusomatic-20261010-source-sahraeian2022-additional-file-2,"Additional file 2 Table S2, SNVs section, row 'WGS_NC_T_1 vs WGS_NC_N_1', column 'SomaticSniper'",68.2,result
somatic-neusomatic-20261010-result-sahraeian2022-somaticsniper-wgs-snv-wgs-ns-t-1-wgs-ns-n-1,somatic-neusomatic-20261010-source-sahraeian2022-additional-file-2,"Additional file 2 Table S2, SNVs section, row 'WGS_NS_T_1 vs WGS_NS_N_1', column 'SomaticSniper'",67.4,result
somatic-neusomatic-20261010-result-sahraeian2022-somaticsniper-wgs-snv-wgs-ns-t-2-wgs-ns-n-2,somatic-neusomatic-20261010-source-sahraeian2022-additional-file-2,"Additional file 2 Table S2, SNVs section, row 'WGS_NS_T_2 vs WGS_NS_N_2', column 'SomaticSniper'",69.1,result
somatic-neusomatic-20261010-result-sahraeian2022-somaticsniper-wgs-snv-wgs-ns-t-3-wgs-ns-n-3,somatic-neusomatic-20261010-source-sahraeian2022-additional-file-2,"Additional file 2 Table S2, SNVs section, row 'WGS_NS_T_3 vs WGS_NS_N_3', column 'SomaticSniper'",68.1,result
somatic-neusomatic-20261010-result-sahraeian2022-somaticsniper-wgs-snv-wgs-ns-t-4-wgs-ns-n-4,somatic-neusomatic-20261010-source-sahraeian2022-additional-file-2,"Additional file 2 Table S2, SNVs section, row 'WGS_NS_T_4 vs WGS_NS_N_4', column 'SomaticSniper'",68.2,result
somatic-neusomatic-20261010-result-sahraeian2022-somaticsniper-wgs-snv-wgs-ns-t-5-wgs-ns-n-5,somatic-neusomatic-20261010-source-sahraeian2022-additional-file-2,"Additional file 2 Table S2, SNVs section, row 'WGS_NS_T_5 vs WGS_NS_N_5', column 'SomaticSniper'",67.3,result
somatic-neusomatic-20261010-result-sahraeian2022-somaticsniper-wgs-snv-wgs-ns-t-6-wgs-ns-n-6,somatic-neusomatic-20261010-source-sahraeian2022-additional-file-2,"Additional file 2 Table S2, SNVs section, row 'WGS_NS_T_6 vs WGS_NS_N_6', column 'SomaticSniper'",67.3,result
somatic-neusomatic-20261010-result-sahraeian2022-somaticsniper-wgs-snv-wgs-ns-t-7-wgs-ns-n-7,somatic-neusomatic-20261010-source-sahraeian2022-additional-file-2,"Additional file 2 Table S2, SNVs section, row 'WGS_NS_T_7 vs WGS_NS_N_7', column 'SomaticSniper'",68.3,result
somatic-neusomatic-20261010-result-sahraeian2022-somaticsniper-wgs-snv-wgs-ns-t-8-wgs-ns-n-8,somatic-neusomatic-20261010-source-sahraeian2022-additional-file-2,"Additional file 2 Table S2, SNVs section, row 'WGS_NS_T_8 vs WGS_NS_N_8', column 'SomaticSniper'",69.3,result
somatic-neusomatic-20261010-result-sahraeian2022-somaticsniper-wgs-snv-wgs-ns-t-9-wgs-ns-n-9,somatic-neusomatic-20261010-source-sahraeian2022-additional-file-2,"Additional file 2 Table S2, SNVs section, row 'WGS_NS_T_9 vs WGS_NS_N_9', column 'SomaticSniper'",68.8,result
somatic-neusomatic-20261010-result-sahraeian2022-somaticsniper-wgs-snv-wgs-nv-t-1-wgs-nv-n-1,somatic-neusomatic-20261010-source-sahraeian2022-additional-file-2,"Additional file 2 Table S2, SNVs section, row 'WGS_NV_T_1 vs WGS_NV_N_1', column 'SomaticSniper'",62.7,result
somatic-neusomatic-20261010-result-sahraeian2022-somaticsniper-wgs-snv-wgs-nv-t-2-wgs-nv-n-2,somatic-neusomatic-20261010-source-sahraeian2022-additional-file-2,"Additional file 2 Table S2, SNVs section, row 'WGS_NV_T_2 vs WGS_NV_N_2', column 'SomaticSniper'",62.7,result
somatic-neusomatic-20261010-result-sahraeian2022-somaticsniper-wgs-snv-wgs-nv-t-3-wgs-nv-n-3,somatic-neusomatic-20261010-source-sahraeian2022-additional-file-2,"Additional file 2 Table S2, SNVs section, row 'WGS_NV_T_3 vs WGS_NV_N_3', column 'SomaticSniper'",63.4,result
somatic-neusomatic-20261010-result-sahraeian2022-strelka2-library-prep-indel-average,somatic-neusomatic-20261010-source-sahraeian2022-additional-file-2,"Additional file 2 Table S4, INDELs section, row 'Average', column 'Strelka2'",54.3,result
somatic-neusomatic-20261010-result-sahraeian2022-strelka2-library-prep-indel-lbp-nextera-t-100ng-lbp-nextera-n-100ng,somatic-neusomatic-20261010-source-sahraeian2022-additional-file-2,"Additional file 2 Table S4, INDELs section, row 'LBP_Nextera_T_100ng vs LBP_Nextera_N_100ng', column 'Strelka2'",69.7,result
somatic-neusomatic-20261010-result-sahraeian2022-strelka2-library-prep-indel-lbp-nextera-t-10ng-lbp-nextera-n-10ng,somatic-neusomatic-20261010-source-sahraeian2022-additional-file-2,"Additional file 2 Table S4, INDELs section, row 'LBP_Nextera_T_10ng vs LBP_Nextera_N_10ng', column 'Strelka2'",69.6,result
somatic-neusomatic-20261010-result-sahraeian2022-strelka2-library-prep-indel-lbp-nextera-t-1ng-lbp-nextera-n-1ng,somatic-neusomatic-20261010-source-sahraeian2022-additional-file-2,"Additional file 2 Table S4, INDELs section, row 'LBP_Nextera_T_1ng vs LBP_Nextera_N_1ng', column 'Strelka2'",48.0,result
somatic-neusomatic-20261010-result-sahraeian2022-strelka2-library-prep-indel-lbp-truseq-t-100ng-lbp-truseq-n-100ng,somatic-neusomatic-20261010-source-sahraeian2022-additional-file-2,"Additional file 2 Table S4, INDELs section, row 'LBP_TruSeq_T_100ng vs LBP_TruSeq_N_100ng', column 'Strelka2'",65.1,result
somatic-neusomatic-20261010-result-sahraeian2022-strelka2-library-prep-indel-lbp-truseq-t-10ng-lbp-truseq-n-10ng,somatic-neusomatic-20261010-source-sahraeian2022-additional-file-2,"Additional file 2 Table S4, INDELs section, row 'LBP_TruSeq_T_10ng vs LBP_TruSeq_N_10ng', column 'Strelka2'",52.7,result
somatic-neusomatic-20261010-result-sahraeian2022-strelka2-library-prep-indel-lbp-truseq-t-1ng-lbp-truseq-n-1ng,somatic-neusomatic-20261010-source-sahraeian2022-additional-file-2,"Additional file 2 Table S4, INDELs section, row 'LBP_TruSeq_T_1ng vs LBP_TruSeq_N_1ng', column 'Strelka2'",20.8,result
somatic-neusomatic-20261010-result-sahraeian2022-strelka2-library-prep-snv-average,somatic-neusomatic-20261010-source-sahraeian2022-additional-file-2,"Additional file 2 Table S4, SNVs section, row 'Average', column 'Strelka2'",76.7,result
somatic-neusomatic-20261010-result-sahraeian2022-strelka2-library-prep-snv-lbp-nextera-t-100ng-lbp-nextera-n-100ng,somatic-neusomatic-20261010-source-sahraeian2022-additional-file-2,"Additional file 2 Table S4, SNVs section, row 'LBP_Nextera_T_100ng vs LBP_Nextera_N_100ng', column 'Strelka2'",88.9,result
somatic-neusomatic-20261010-result-sahraeian2022-strelka2-library-prep-snv-lbp-nextera-t-10ng-lbp-nextera-n-10ng,somatic-neusomatic-20261010-source-sahraeian2022-additional-file-2,"Additional file 2 Table S4, SNVs section, row 'LBP_Nextera_T_10ng vs LBP_Nextera_N_10ng', column 'Strelka2'",89.2,result
somatic-neusomatic-20261010-result-sahraeian2022-strelka2-library-prep-snv-lbp-nextera-t-1ng-lbp-nextera-n-1ng,somatic-neusomatic-20261010-source-sahraeian2022-additional-file-2,"Additional file 2 Table S4, SNVs section, row 'LBP_Nextera_T_1ng vs LBP_Nextera_N_1ng', column 'Strelka2'",82.4,result
somatic-neusomatic-20261010-result-sahraeian2022-strelka2-library-prep-snv-lbp-truseq-t-100ng-lbp-truseq-n-100ng,somatic-neusomatic-20261010-source-sahraeian2022-additional-file-2,"Additional file 2 Table S4, SNVs section, row 'LBP_TruSeq_T_100ng vs LBP_TruSeq_N_100ng', column 'Strelka2'",85.9,result
somatic-neusomatic-20261010-result-sahraeian2022-strelka2-library-prep-snv-lbp-truseq-t-10ng-lbp-truseq-n-10ng,somatic-neusomatic-20261010-source-sahraeian2022-additional-file-2,"Additional file 2 Table S4, SNVs section, row 'LBP_TruSeq_T_10ng vs LBP_TruSeq_N_10ng', column 'Strelka2'",79.7,result
somatic-neusomatic-20261010-result-sahraeian2022-strelka2-library-prep-snv-lbp-truseq-t-1ng-lbp-truseq-n-1ng,somatic-neusomatic-20261010-source-sahraeian2022-additional-file-2,"Additional file 2 Table S4, SNVs section, row 'LBP_TruSeq_T_1ng vs LBP_TruSeq_N_1ng', column 'Strelka2'",34.0,result
somatic-neusomatic-20261010-result-sahraeian2022-strelka2-titration-indel-average,somatic-neusomatic-20261010-source-sahraeian2022-additional-file-2,"Additional file 2 Table S3, INDELs section, row 'Average', column 'Strelka2'",48.1,result
somatic-neusomatic-20261010-result-sahraeian2022-strelka2-titration-indel-spp-100x-10-t-spp-100x-100-n,somatic-neusomatic-20261010-source-sahraeian2022-additional-file-2,"Additional file 2 Table S3, INDELs section, row 'SPP_100x_10%T vs SPP_100x_100%N', column 'Strelka2'",31.0,result
somatic-neusomatic-20261010-result-sahraeian2022-strelka2-titration-indel-spp-100x-100-t-spp-100x-100-n,somatic-neusomatic-20261010-source-sahraeian2022-additional-file-2,"Additional file 2 Table S3, INDELs section, row 'SPP_100x_100%T vs SPP_100x_100%N', column 'Strelka2'",78.4,result
somatic-neusomatic-20261010-result-sahraeian2022-strelka2-titration-indel-spp-100x-20-t-spp-100x-100-n,somatic-neusomatic-20261010-source-sahraeian2022-additional-file-2,"Additional file 2 Table S3, INDELs section, row 'SPP_100x_20%T vs SPP_100x_100%N', column 'Strelka2'",60.7,result
somatic-neusomatic-20261010-result-sahraeian2022-strelka2-titration-indel-spp-100x-5-t-spp-100x-100-n,somatic-neusomatic-20261010-source-sahraeian2022-additional-file-2,"Additional file 2 Table S3, INDELs section, row 'SPP_100x_5%T vs SPP_100x_100%N', column 'Strelka2'",10.5,result
somatic-neusomatic-20261010-result-sahraeian2022-strelka2-titration-indel-spp-100x-50-t-spp-100x-100-n,somatic-neusomatic-20261010-source-sahraeian2022-additional-file-2,"Additional file 2 Table S3, INDELs section, row 'SPP_100x_50%T vs SPP_100x_100%N', column 'Strelka2'",77.5,result
somatic-neusomatic-20261010-result-sahraeian2022-strelka2-titration-indel-spp-100x-75-t-spp-100x-100-n,somatic-neusomatic-20261010-source-sahraeian2022-additional-file-2,"Additional file 2 Table S3, INDELs section, row 'SPP_100x_75%T vs SPP_100x_100%N', column 'Strelka2'",80.4,result
somatic-neusomatic-20261010-result-sahraeian2022-strelka2-titration-indel-spp-10x-10-t-spp-10x-100-n,somatic-neusomatic-20261010-source-sahraeian2022-additional-file-2,"Additional file 2 Table S3, INDELs section, row 'SPP_10x_10%T vs SPP_10x_100%N', column 'Strelka2'",0.5,result
somatic-neusomatic-20261010-result-sahraeian2022-strelka2-titration-indel-spp-10x-100-t-spp-10x-100-n,somatic-neusomatic-20261010-source-sahraeian2022-additional-file-2,"Additional file 2 Table S3, INDELs section, row 'SPP_10x_100%T vs SPP_10x_100%N', column 'Strelka2'",35.4,result
somatic-neusomatic-20261010-result-sahraeian2022-strelka2-titration-indel-spp-10x-20-t-spp-10x-100-n,somatic-neusomatic-20261010-source-sahraeian2022-additional-file-2,"Additional file 2 Table S3, INDELs section, row 'SPP_10x_20%T vs SPP_10x_100%N', column 'Strelka2'",3.3,result
somatic-neusomatic-20261010-result-sahraeian2022-strelka2-titration-indel-spp-10x-5-t-spp-10x-100-n,somatic-neusomatic-20261010-source-sahraeian2022-additional-file-2,"Additional file 2 Table S3, INDELs section, row 'SPP_10x_5%T vs SPP_10x_100%N', column 'Strelka2'",0.1,result
somatic-neusomatic-20261010-result-sahraeian2022-strelka2-titration-indel-spp-10x-50-t-spp-10x-100-n,somatic-neusomatic-20261010-source-sahraeian2022-additional-file-2,"Additional file 2 Table S3, INDELs section, row 'SPP_10x_50%T vs SPP_10x_100%N', column 'Strelka2'",21.9,result
somatic-neusomatic-20261010-result-sahraeian2022-strelka2-titration-indel-spp-10x-75-t-spp-10x-100-n,somatic-neusomatic-20261010-source-sahraeian2022-additional-file-2,"Additional file 2 Table S3, INDELs section, row 'SPP_10x_75%T vs SPP_10x_100%N', column 'Strelka2'",31.6,result
somatic-neusomatic-20261010-result-sahraeian2022-strelka2-titration-indel-spp-200x-10-t-spp-200x-100-n,somatic-neusomatic-20261010-source-sahraeian2022-additional-file-2,"Additional file 2 Table S3, INDELs section, row 'SPP_200x_10%T vs SPP_200x_100%N', column 'Strelka2'",44.7,result
somatic-neusomatic-20261010-result-sahraeian2022-strelka2-titration-indel-spp-200x-100-t-spp-200x-100-n,somatic-neusomatic-20261010-source-sahraeian2022-additional-file-2,"Additional file 2 Table S3, INDELs section, row 'SPP_200x_100%T vs SPP_200x_100%N', column 'Strelka2'",80.3,result
somatic-neusomatic-20261010-result-sahraeian2022-strelka2-titration-indel-spp-200x-20-t-spp-200x-100-n,somatic-neusomatic-20261010-source-sahraeian2022-additional-file-2,"Additional file 2 Table S3, INDELs section, row 'SPP_200x_20%T vs SPP_200x_100%N', column 'Strelka2'",69.6,result
somatic-neusomatic-20261010-result-sahraeian2022-strelka2-titration-indel-spp-200x-5-t-spp-200x-100-n,somatic-neusomatic-20261010-source-sahraeian2022-additional-file-2,"Additional file 2 Table S3, INDELs section, row 'SPP_200x_5%T vs SPP_200x_100%N', column 'Strelka2'",18.1,result
somatic-neusomatic-20261010-result-sahraeian2022-strelka2-titration-indel-spp-200x-50-t-spp-200x-100-n,somatic-neusomatic-20261010-source-sahraeian2022-additional-file-2,"Additional file 2 Table S3, INDELs section, row 'SPP_200x_50%T vs SPP_200x_100%N', column 'Strelka2'",80.2,result
somatic-neusomatic-20261010-result-sahraeian2022-strelka2-titration-indel-spp-200x-75-t-spp-200x-100-n,somatic-neusomatic-20261010-source-sahraeian2022-additional-file-2,"Additional file 2 Table S3, INDELs section, row 'SPP_200x_75%T vs SPP_200x_100%N', column 'Strelka2'",81.9,result
somatic-neusomatic-20261010-result-sahraeian2022-strelka2-titration-indel-spp-300x-10-t-spp-300x-100-n,somatic-neusomatic-20261010-source-sahraeian2022-additional-file-2,"Additional file 2 Table S3, INDELs section, row 'SPP_300x_10%T vs SPP_300x_100%N', column 'Strelka2'",47.2,result
somatic-neusomatic-20261010-result-sahraeian2022-strelka2-titration-indel-spp-300x-100-t-spp-300x-100-n,somatic-neusomatic-20261010-source-sahraeian2022-additional-file-2,"Additional file 2 Table S3, INDELs section, row 'SPP_300x_100%T vs SPP_300x_100%N', column 'Strelka2'",81.0,result
somatic-neusomatic-20261010-result-sahraeian2022-strelka2-titration-indel-spp-300x-20-t-spp-300x-100-n,somatic-neusomatic-20261010-source-sahraeian2022-additional-file-2,"Additional file 2 Table S3, INDELs section, row 'SPP_300x_20%T vs SPP_300x_100%N', column 'Strelka2'",70.3,result
somatic-neusomatic-20261010-result-sahraeian2022-strelka2-titration-indel-spp-300x-5-t-spp-300x-100-n,somatic-neusomatic-20261010-source-sahraeian2022-additional-file-2,"Additional file 2 Table S3, INDELs section, row 'SPP_300x_5%T vs SPP_300x_100%N', column 'Strelka2'",15.2,result
somatic-neusomatic-20261010-result-sahraeian2022-strelka2-titration-indel-spp-300x-50-t-spp-300x-100-n,somatic-neusomatic-20261010-source-sahraeian2022-additional-file-2,"Additional file 2 Table S3, INDELs section, row 'SPP_300x_50%T vs SPP_300x_100%N', column 'Strelka2'",80.0,result
somatic-neusomatic-20261010-result-sahraeian2022-strelka2-titration-indel-spp-300x-75-t-spp-300x-100-n,somatic-neusomatic-20261010-source-sahraeian2022-additional-file-2,"Additional file 2 Table S3, INDELs section, row 'SPP_300x_75%T vs SPP_300x_100%N', column 'Strelka2'",82.6,result
somatic-neusomatic-20261010-result-sahraeian2022-strelka2-titration-indel-spp-30x-10-t-spp-30x-100-n,somatic-neusomatic-20261010-source-sahraeian2022-additional-file-2,"Additional file 2 Table S3, INDELs section, row 'SPP_30x_10%T vs SPP_30x_100%N', column 'Strelka2'",7.6,result
somatic-neusomatic-20261010-result-sahraeian2022-strelka2-titration-indel-spp-30x-100-t-spp-30x-100-n,somatic-neusomatic-20261010-source-sahraeian2022-additional-file-2,"Additional file 2 Table S3, INDELs section, row 'SPP_30x_100%T vs SPP_30x_100%N', column 'Strelka2'",68.0,result
somatic-neusomatic-20261010-result-sahraeian2022-strelka2-titration-indel-spp-30x-20-t-spp-30x-100-n,somatic-neusomatic-20261010-source-sahraeian2022-additional-file-2,"Additional file 2 Table S3, INDELs section, row 'SPP_30x_20%T vs SPP_30x_100%N', column 'Strelka2'",26.2,result
somatic-neusomatic-20261010-result-sahraeian2022-strelka2-titration-indel-spp-30x-5-t-spp-30x-100-n,somatic-neusomatic-20261010-source-sahraeian2022-additional-file-2,"Additional file 2 Table S3, INDELs section, row 'SPP_30x_5%T vs SPP_30x_100%N', column 'Strelka2'",1.5,result
somatic-neusomatic-20261010-result-sahraeian2022-strelka2-titration-indel-spp-30x-50-t-spp-30x-100-n,somatic-neusomatic-20261010-source-sahraeian2022-additional-file-2,"Additional file 2 Table S3, INDELs section, row 'SPP_30x_50%T vs SPP_30x_100%N', column 'Strelka2'",60.1,result
somatic-neusomatic-20261010-result-sahraeian2022-strelka2-titration-indel-spp-30x-75-t-spp-30x-100-n,somatic-neusomatic-20261010-source-sahraeian2022-additional-file-2,"Additional file 2 Table S3, INDELs section, row 'SPP_30x_75%T vs SPP_30x_100%N', column 'Strelka2'",68.2,result
somatic-neusomatic-20261010-result-sahraeian2022-strelka2-titration-indel-spp-50x-10-t-spp-50x-100-n,somatic-neusomatic-20261010-source-sahraeian2022-additional-file-2,"Additional file 2 Table S3, INDELs section, row 'SPP_50x_10%T vs SPP_50x_100%N', column 'Strelka2'",13.3,result
somatic-neusomatic-20261010-result-sahraeian2022-strelka2-titration-indel-spp-50x-100-t-spp-50x-100-n,somatic-neusomatic-20261010-source-sahraeian2022-additional-file-2,"Additional file 2 Table S3, INDELs section, row 'SPP_50x_100%T vs SPP_50x_100%N', column 'Strelka2'",74.7,result
somatic-neusomatic-20261010-result-sahraeian2022-strelka2-titration-indel-spp-50x-20-t-spp-50x-100-n,somatic-neusomatic-20261010-source-sahraeian2022-additional-file-2,"Additional file 2 Table S3, INDELs section, row 'SPP_50x_20%T vs SPP_50x_100%N', column 'Strelka2'",42.5,result
somatic-neusomatic-20261010-result-sahraeian2022-strelka2-titration-indel-spp-50x-5-t-spp-50x-100-n,somatic-neusomatic-20261010-source-sahraeian2022-additional-file-2,"Additional file 2 Table S3, INDELs section, row 'SPP_50x_5%T vs SPP_50x_100%N', column 'Strelka2'",3.2,result
somatic-neusomatic-20261010-result-sahraeian2022-strelka2-titration-indel-spp-50x-50-t-spp-50x-100-n,somatic-neusomatic-20261010-source-sahraeian2022-additional-file-2,"Additional file 2 Table S3, INDELs section, row 'SPP_50x_50%T vs SPP_50x_100%N', column 'Strelka2'",69.9,result
somatic-neusomatic-20261010-result-sahraeian2022-strelka2-titration-indel-spp-50x-75-t-spp-50x-100-n,somatic-neusomatic-20261010-source-sahraeian2022-additional-file-2,"Additional file 2 Table S3, INDELs section, row 'SPP_50x_75%T vs SPP_50x_100%N', column 'Strelka2'",75.0,result
somatic-neusomatic-20261010-result-sahraeian2022-strelka2-titration-indel-spp-80x-10-t-spp-80x-100-n,somatic-neusomatic-20261010-source-sahraeian2022-additional-file-2,"Additional file 2 Table S3, INDELs section, row 'SPP_80x_10%T vs SPP_80x_100%N', column 'Strelka2'",26.4,result
somatic-neusomatic-20261010-result-sahraeian2022-strelka2-titration-indel-spp-80x-10-t-spp-80x-95-n,somatic-neusomatic-20261010-source-sahraeian2022-additional-file-2,"Additional file 2 Table S3, INDELs section, row 'SPP_80x_10%T vs SPP_80x_95%N', column 'Strelka2'",3.6,result
somatic-neusomatic-20261010-result-sahraeian2022-strelka2-titration-indel-spp-80x-100-t-spp-80x-100-n,somatic-neusomatic-20261010-source-sahraeian2022-additional-file-2,"Additional file 2 Table S3, INDELs section, row 'SPP_80x_100%T vs SPP_80x_100%N', column 'Strelka2'",77.8,result
somatic-neusomatic-20261010-result-sahraeian2022-strelka2-titration-indel-spp-80x-100-t-spp-80x-95-n,somatic-neusomatic-20261010-source-sahraeian2022-additional-file-2,"Additional file 2 Table S3, INDELs section, row 'SPP_80x_100%T vs SPP_80x_95%N', column 'Strelka2'",76.9,result
somatic-neusomatic-20261010-result-sahraeian2022-strelka2-titration-indel-spp-80x-20-t-spp-80x-100-n,somatic-neusomatic-20261010-source-sahraeian2022-additional-file-2,"Additional file 2 Table S3, INDELs section, row 'SPP_80x_20%T vs SPP_80x_100%N', column 'Strelka2'",55.7,result
somatic-neusomatic-20261010-result-sahraeian2022-strelka2-titration-indel-spp-80x-20-t-spp-80x-95-n,somatic-neusomatic-20261010-source-sahraeian2022-additional-file-2,"Additional file 2 Table S3, INDELs section, row 'SPP_80x_20%T vs SPP_80x_95%N', column 'Strelka2'",22.2,result
somatic-neusomatic-20261010-result-sahraeian2022-strelka2-titration-indel-spp-80x-5-t-spp-80x-100-n,somatic-neusomatic-20261010-source-sahraeian2022-additional-file-2,"Additional file 2 Table S3, INDELs section, row 'SPP_80x_5%T vs SPP_80x_100%N', column 'Strelka2'",7.7,result
somatic-neusomatic-20261010-result-sahraeian2022-strelka2-titration-indel-spp-80x-50-t-spp-80x-100-n,somatic-neusomatic-20261010-source-sahraeian2022-additional-file-2,"Additional file 2 Table S3, INDELs section, row 'SPP_80x_50%T vs SPP_80x_100%N', column 'Strelka2'",76.1,result
somatic-neusomatic-20261010-result-sahraeian2022-strelka2-titration-indel-spp-80x-50-t-spp-80x-95-n,somatic-neusomatic-20261010-source-sahraeian2022-additional-file-2,"Additional file 2 Table S3, INDELs section, row 'SPP_80x_50%T vs SPP_80x_95%N', column 'Strelka2'",66.3,result
somatic-neusomatic-20261010-result-sahraeian2022-strelka2-titration-indel-spp-80x-75-t-spp-80x-100-n,somatic-neusomatic-20261010-source-sahraeian2022-additional-file-2,"Additional file 2 Table S3, INDELs section, row 'SPP_80x_75%T vs SPP_80x_100%N', column 'Strelka2'",78.7,result
somatic-neusomatic-20261010-result-sahraeian2022-strelka2-titration-indel-spp-80x-75-t-spp-80x-95-n,somatic-neusomatic-20261010-source-sahraeian2022-additional-file-2,"Additional file 2 Table S3, INDELs section, row 'SPP_80x_75%T vs SPP_80x_95%N', column 'Strelka2'",75.3,result
somatic-neusomatic-20261010-result-sahraeian2022-strelka2-titration-snv-average,somatic-neusomatic-20261010-source-sahraeian2022-additional-file-2,"Additional file 2 Table S3, SNVs section, row 'Average', column 'Strelka2'",63.9,result
somatic-neusomatic-20261010-result-sahraeian2022-strelka2-titration-snv-spp-100x-10-t-spp-100x-100-n,somatic-neusomatic-20261010-source-sahraeian2022-additional-file-2,"Additional file 2 Table S3, SNVs section, row 'SPP_100x_10%T vs SPP_100x_100%N', column 'Strelka2'",54.3,result
somatic-neusomatic-20261010-result-sahraeian2022-strelka2-titration-snv-spp-100x-100-t-spp-100x-100-n,somatic-neusomatic-20261010-source-sahraeian2022-additional-file-2,"Additional file 2 Table S3, SNVs section, row 'SPP_100x_100%T vs SPP_100x_100%N', column 'Strelka2'",93.3,result
somatic-neusomatic-20261010-result-sahraeian2022-strelka2-titration-snv-spp-100x-20-t-spp-100x-100-n,somatic-neusomatic-20261010-source-sahraeian2022-additional-file-2,"Additional file 2 Table S3, SNVs section, row 'SPP_100x_20%T vs SPP_100x_100%N', column 'Strelka2'",77.4,result
somatic-neusomatic-20261010-result-sahraeian2022-strelka2-titration-snv-spp-100x-5-t-spp-100x-100-n,somatic-neusomatic-20261010-source-sahraeian2022-additional-file-2,"Additional file 2 Table S3, SNVs section, row 'SPP_100x_5%T vs SPP_100x_100%N', column 'Strelka2'",24.6,result
somatic-neusomatic-20261010-result-sahraeian2022-strelka2-titration-snv-spp-100x-50-t-spp-100x-100-n,somatic-neusomatic-20261010-source-sahraeian2022-additional-file-2,"Additional file 2 Table S3, SNVs section, row 'SPP_100x_50%T vs SPP_100x_100%N', column 'Strelka2'",91.3,result
somatic-neusomatic-20261010-result-sahraeian2022-strelka2-titration-snv-spp-100x-75-t-spp-100x-100-n,somatic-neusomatic-20261010-source-sahraeian2022-additional-file-2,"Additional file 2 Table S3, SNVs section, row 'SPP_100x_75%T vs SPP_100x_100%N', column 'Strelka2'",93.8,result
somatic-neusomatic-20261010-result-sahraeian2022-strelka2-titration-snv-spp-10x-10-t-spp-10x-100-n,somatic-neusomatic-20261010-source-sahraeian2022-additional-file-2,"Additional file 2 Table S3, SNVs section, row 'SPP_10x_10%T vs SPP_10x_100%N', column 'Strelka2'",1.9,result
somatic-neusomatic-20261010-result-sahraeian2022-strelka2-titration-snv-spp-10x-100-t-spp-10x-100-n,somatic-neusomatic-20261010-source-sahraeian2022-additional-file-2,"Additional file 2 Table S3, SNVs section, row 'SPP_10x_100%T vs SPP_10x_100%N', column 'Strelka2'",47.9,result
somatic-neusomatic-20261010-result-sahraeian2022-strelka2-titration-snv-spp-10x-20-t-spp-10x-100-n,somatic-neusomatic-20261010-source-sahraeian2022-additional-file-2,"Additional file 2 Table S3, SNVs section, row 'SPP_10x_20%T vs SPP_10x_100%N', column 'Strelka2'",7.3,result
somatic-neusomatic-20261010-result-sahraeian2022-strelka2-titration-snv-spp-10x-5-t-spp-10x-100-n,somatic-neusomatic-20261010-source-sahraeian2022-additional-file-2,"Additional file 2 Table S3, SNVs section, row 'SPP_10x_5%T vs SPP_10x_100%N', column 'Strelka2'",0.7,result
somatic-neusomatic-20261010-result-sahraeian2022-strelka2-titration-snv-spp-10x-50-t-spp-10x-100-n,somatic-neusomatic-20261010-source-sahraeian2022-additional-file-2,"Additional file 2 Table S3, SNVs section, row 'SPP_10x_50%T vs SPP_10x_100%N', column 'Strelka2'",29.2,result
somatic-neusomatic-20261010-result-sahraeian2022-strelka2-titration-snv-spp-10x-75-t-spp-10x-100-n,somatic-neusomatic-20261010-source-sahraeian2022-additional-file-2,"Additional file 2 Table S3, SNVs section, row 'SPP_10x_75%T vs SPP_10x_100%N', column 'Strelka2'",41.7,result
somatic-neusomatic-20261010-result-sahraeian2022-strelka2-titration-snv-spp-200x-10-t-spp-200x-100-n,somatic-neusomatic-20261010-source-sahraeian2022-additional-file-2,"Additional file 2 Table S3, SNVs section, row 'SPP_200x_10%T vs SPP_200x_100%N', column 'Strelka2'",73.4,result
somatic-neusomatic-20261010-result-sahraeian2022-strelka2-titration-snv-spp-200x-100-t-spp-200x-100-n,somatic-neusomatic-20261010-source-sahraeian2022-additional-file-2,"Additional file 2 Table S3, SNVs section, row 'SPP_200x_100%T vs SPP_200x_100%N', column 'Strelka2'",94.9,result
somatic-neusomatic-20261010-result-sahraeian2022-strelka2-titration-snv-spp-200x-20-t-spp-200x-100-n,somatic-neusomatic-20261010-source-sahraeian2022-additional-file-2,"Additional file 2 Table S3, SNVs section, row 'SPP_200x_20%T vs SPP_200x_100%N', column 'Strelka2'",85.6,result
somatic-neusomatic-20261010-result-sahraeian2022-strelka2-titration-snv-spp-200x-5-t-spp-200x-100-n,somatic-neusomatic-20261010-source-sahraeian2022-additional-file-2,"Additional file 2 Table S3, SNVs section, row 'SPP_200x_5%T vs SPP_200x_100%N', column 'Strelka2'",50.5,result
somatic-neusomatic-20261010-result-sahraeian2022-strelka2-titration-snv-spp-200x-50-t-spp-200x-100-n,somatic-neusomatic-20261010-source-sahraeian2022-additional-file-2,"Additional file 2 Table S3, SNVs section, row 'SPP_200x_50%T vs SPP_200x_100%N', column 'Strelka2'",94.7,result
somatic-neusomatic-20261010-result-sahraeian2022-strelka2-titration-snv-spp-200x-75-t-spp-200x-100-n,somatic-neusomatic-20261010-source-sahraeian2022-additional-file-2,"Additional file 2 Table S3, SNVs section, row 'SPP_200x_75%T vs SPP_200x_100%N', column 'Strelka2'",96.2,result
somatic-neusomatic-20261010-result-sahraeian2022-strelka2-titration-snv-spp-300x-10-t-spp-300x-100-n,somatic-neusomatic-20261010-source-sahraeian2022-additional-file-2,"Additional file 2 Table S3, SNVs section, row 'SPP_300x_10%T vs SPP_300x_100%N', column 'Strelka2'",77.7,result
somatic-neusomatic-20261010-result-sahraeian2022-strelka2-titration-snv-spp-300x-100-t-spp-300x-100-n,somatic-neusomatic-20261010-source-sahraeian2022-additional-file-2,"Additional file 2 Table S3, SNVs section, row 'SPP_300x_100%T vs SPP_300x_100%N', column 'Strelka2'",95.1,result
somatic-neusomatic-20261010-result-sahraeian2022-strelka2-titration-snv-spp-300x-20-t-spp-300x-100-n,somatic-neusomatic-20261010-source-sahraeian2022-additional-file-2,"Additional file 2 Table S3, SNVs section, row 'SPP_300x_20%T vs SPP_300x_100%N', column 'Strelka2'",87.8,result
somatic-neusomatic-20261010-result-sahraeian2022-strelka2-titration-snv-spp-300x-5-t-spp-300x-100-n,somatic-neusomatic-20261010-source-sahraeian2022-additional-file-2,"Additional file 2 Table S3, SNVs section, row 'SPP_300x_5%T vs SPP_300x_100%N', column 'Strelka2'",60.6,result
somatic-neusomatic-20261010-result-sahraeian2022-strelka2-titration-snv-spp-300x-50-t-spp-300x-100-n,somatic-neusomatic-20261010-source-sahraeian2022-additional-file-2,"Additional file 2 Table S3, SNVs section, row 'SPP_300x_50%T vs SPP_300x_100%N', column 'Strelka2'",95.9,result
somatic-neusomatic-20261010-result-sahraeian2022-strelka2-titration-snv-spp-300x-75-t-spp-300x-100-n,somatic-neusomatic-20261010-source-sahraeian2022-additional-file-2,"Additional file 2 Table S3, SNVs section, row 'SPP_300x_75%T vs SPP_300x_100%N', column 'Strelka2'",96.9,result
somatic-neusomatic-20261010-result-sahraeian2022-strelka2-titration-snv-spp-30x-10-t-spp-30x-100-n,somatic-neusomatic-20261010-source-sahraeian2022-additional-file-2,"Additional file 2 Table S3, SNVs section, row 'SPP_30x_10%T vs SPP_30x_100%N', column 'Strelka2'",17.8,result
somatic-neusomatic-20261010-result-sahraeian2022-strelka2-titration-snv-spp-30x-100-t-spp-30x-100-n,somatic-neusomatic-20261010-source-sahraeian2022-additional-file-2,"Additional file 2 Table S3, SNVs section, row 'SPP_30x_100%T vs SPP_30x_100%N', column 'Strelka2'",84.4,result
somatic-neusomatic-20261010-result-sahraeian2022-strelka2-titration-snv-spp-30x-20-t-spp-30x-100-n,somatic-neusomatic-20261010-source-sahraeian2022-additional-file-2,"Additional file 2 Table S3, SNVs section, row 'SPP_30x_20%T vs SPP_30x_100%N', column 'Strelka2'",45.8,result
somatic-neusomatic-20261010-result-sahraeian2022-strelka2-titration-snv-spp-30x-5-t-spp-30x-100-n,somatic-neusomatic-20261010-source-sahraeian2022-additional-file-2,"Additional file 2 Table S3, SNVs section, row 'SPP_30x_5%T vs SPP_30x_100%N', column 'Strelka2'",4.2,result
somatic-neusomatic-20261010-result-sahraeian2022-strelka2-titration-snv-spp-30x-50-t-spp-30x-100-n,somatic-neusomatic-20261010-source-sahraeian2022-additional-file-2,"Additional file 2 Table S3, SNVs section, row 'SPP_30x_50%T vs SPP_30x_100%N', column 'Strelka2'",77.6,result
somatic-neusomatic-20261010-result-sahraeian2022-strelka2-titration-snv-spp-30x-75-t-spp-30x-100-n,somatic-neusomatic-20261010-source-sahraeian2022-additional-file-2,"Additional file 2 Table S3, SNVs section, row 'SPP_30x_75%T vs SPP_30x_100%N', column 'Strelka2'",82.8,result
somatic-neusomatic-20261010-result-sahraeian2022-strelka2-titration-snv-spp-50x-10-t-spp-50x-100-n,somatic-neusomatic-20261010-source-sahraeian2022-additional-file-2,"Additional file 2 Table S3, SNVs section, row 'SPP_50x_10%T vs SPP_50x_100%N', column 'Strelka2'",33.8,result
somatic-neusomatic-20261010-result-sahraeian2022-strelka2-titration-snv-spp-50x-100-t-spp-50x-100-n,somatic-neusomatic-20261010-source-sahraeian2022-additional-file-2,"Additional file 2 Table S3, SNVs section, row 'SPP_50x_100%T vs SPP_50x_100%N', column 'Strelka2'",89.4,result
somatic-neusomatic-20261010-result-sahraeian2022-strelka2-titration-snv-spp-50x-20-t-spp-50x-100-n,somatic-neusomatic-20261010-source-sahraeian2022-additional-file-2,"Additional file 2 Table S3, SNVs section, row 'SPP_50x_20%T vs SPP_50x_100%N', column 'Strelka2'",63.6,result
somatic-neusomatic-20261010-result-sahraeian2022-strelka2-titration-snv-spp-50x-5-t-spp-50x-100-n,somatic-neusomatic-20261010-source-sahraeian2022-additional-file-2,"Additional file 2 Table S3, SNVs section, row 'SPP_50x_5%T vs SPP_50x_100%N', column 'Strelka2'",11.2,result
somatic-neusomatic-20261010-result-sahraeian2022-strelka2-titration-snv-spp-50x-50-t-spp-50x-100-n,somatic-neusomatic-20261010-source-sahraeian2022-additional-file-2,"Additional file 2 Table S3, SNVs section, row 'SPP_50x_50%T vs SPP_50x_100%N', column 'Strelka2'",85.8,result
somatic-neusomatic-20261010-result-sahraeian2022-strelka2-titration-snv-spp-50x-75-t-spp-50x-100-n,somatic-neusomatic-20261010-source-sahraeian2022-additional-file-2,"Additional file 2 Table S3, SNVs section, row 'SPP_50x_75%T vs SPP_50x_100%N', column 'Strelka2'",89.0,result
somatic-neusomatic-20261010-result-sahraeian2022-strelka2-titration-snv-spp-80x-10-t-spp-80x-100-n,somatic-neusomatic-20261010-source-sahraeian2022-additional-file-2,"Additional file 2 Table S3, SNVs section, row 'SPP_80x_10%T vs SPP_80x_100%N', column 'Strelka2'",49.1,result
somatic-neusomatic-20261010-result-sahraeian2022-strelka2-titration-snv-spp-80x-10-t-spp-80x-95-n,somatic-neusomatic-20261010-source-sahraeian2022-additional-file-2,"Additional file 2 Table S3, SNVs section, row 'SPP_80x_10%T vs SPP_80x_95%N', column 'Strelka2'",17.9,result
somatic-neusomatic-20261010-result-sahraeian2022-strelka2-titration-snv-spp-80x-100-t-spp-80x-100-n,somatic-neusomatic-20261010-source-sahraeian2022-additional-file-2,"Additional file 2 Table S3, SNVs section, row 'SPP_80x_100%T vs SPP_80x_100%N', column 'Strelka2'",92.4,result
somatic-neusomatic-20261010-result-sahraeian2022-strelka2-titration-snv-spp-80x-100-t-spp-80x-95-n,somatic-neusomatic-20261010-source-sahraeian2022-additional-file-2,"Additional file 2 Table S3, SNVs section, row 'SPP_80x_100%T vs SPP_80x_95%N', column 'Strelka2'",90.9,result
somatic-neusomatic-20261010-result-sahraeian2022-strelka2-titration-snv-spp-80x-20-t-spp-80x-100-n,somatic-neusomatic-20261010-source-sahraeian2022-additional-file-2,"Additional file 2 Table S3, SNVs section, row 'SPP_80x_20%T vs SPP_80x_100%N', column 'Strelka2'",74.0,result
somatic-neusomatic-20261010-result-sahraeian2022-strelka2-titration-snv-spp-80x-20-t-spp-80x-95-n,somatic-neusomatic-20261010-source-sahraeian2022-additional-file-2,"Additional file 2 Table S3, SNVs section, row 'SPP_80x_20%T vs SPP_80x_95%N', column 'Strelka2'",45.2,result
somatic-neusomatic-20261010-result-sahraeian2022-strelka2-titration-snv-spp-80x-5-t-spp-80x-100-n,somatic-neusomatic-20261010-source-sahraeian2022-additional-file-2,"Additional file 2 Table S3, SNVs section, row 'SPP_80x_5%T vs SPP_80x_100%N', column 'Strelka2'",20.6,result
somatic-neusomatic-20261010-result-sahraeian2022-strelka2-titration-snv-spp-80x-50-t-spp-80x-100-n,somatic-neusomatic-20261010-source-sahraeian2022-additional-file-2,"Additional file 2 Table S3, SNVs section, row 'SPP_80x_50%T vs SPP_80x_100%N', column 'Strelka2'",90.0,result
somatic-neusomatic-20261010-result-sahraeian2022-strelka2-titration-snv-spp-80x-50-t-spp-80x-95-n,somatic-neusomatic-20261010-source-sahraeian2022-additional-file-2,"Additional file 2 Table S3, SNVs section, row 'SPP_80x_50%T vs SPP_80x_95%N', column 'Strelka2'",82.8,result
somatic-neusomatic-20261010-result-sahraeian2022-strelka2-titration-snv-spp-80x-75-t-spp-80x-100-n,somatic-neusomatic-20261010-source-sahraeian2022-additional-file-2,"Additional file 2 Table S3, SNVs section, row 'SPP_80x_75%T vs SPP_80x_100%N', column 'Strelka2'",92.3,result
somatic-neusomatic-20261010-result-sahraeian2022-strelka2-titration-snv-spp-80x-75-t-spp-80x-95-n,somatic-neusomatic-20261010-source-sahraeian2022-additional-file-2,"Additional file 2 Table S3, SNVs section, row 'SPP_80x_75%T vs SPP_80x_95%N', column 'Strelka2'",89.1,result
somatic-neusomatic-20261010-result-sahraeian2022-strelka2-wgs-indel-average,somatic-neusomatic-20261010-source-sahraeian2022-additional-file-2,"Additional file 2 Table S2, INDELs section, row 'Average', column 'Strelka2'",72.8,result
somatic-neusomatic-20261010-result-sahraeian2022-strelka2-wgs-indel-wgs-ea-t-1-wgs-ea-n-1,somatic-neusomatic-20261010-source-sahraeian2022-additional-file-2,"Additional file 2 Table S2, INDELs section, row 'WGS_EA_T_1 vs WGS_EA_N_1', column 'Strelka2'",75.1,result
somatic-neusomatic-20261010-result-sahraeian2022-strelka2-wgs-indel-wgs-fd-t-1-wgs-fd-n-1,somatic-neusomatic-20261010-source-sahraeian2022-additional-file-2,"Additional file 2 Table S2, INDELs section, row 'WGS_FD_T_1 vs WGS_FD_N_1', column 'Strelka2'",72.1,result
somatic-neusomatic-20261010-result-sahraeian2022-strelka2-wgs-indel-wgs-fd-t-2-wgs-fd-n-2,somatic-neusomatic-20261010-source-sahraeian2022-additional-file-2,"Additional file 2 Table S2, INDELs section, row 'WGS_FD_T_2 vs WGS_FD_N_2', column 'Strelka2'",72.4,result
somatic-neusomatic-20261010-result-sahraeian2022-strelka2-wgs-indel-wgs-fd-t-3-wgs-fd-n-3,somatic-neusomatic-20261010-source-sahraeian2022-additional-file-2,"Additional file 2 Table S2, INDELs section, row 'WGS_FD_T_3 vs WGS_FD_N_3', column 'Strelka2'",71.8,result
somatic-neusomatic-20261010-result-sahraeian2022-strelka2-wgs-indel-wgs-il-t-1-wgs-il-n-1,somatic-neusomatic-20261010-source-sahraeian2022-additional-file-2,"Additional file 2 Table S2, INDELs section, row 'WGS_IL_T_1 vs WGS_IL_N_1', column 'Strelka2'",77.3,result
somatic-neusomatic-20261010-result-sahraeian2022-strelka2-wgs-indel-wgs-il-t-2-wgs-il-n-2,somatic-neusomatic-20261010-source-sahraeian2022-additional-file-2,"Additional file 2 Table S2, INDELs section, row 'WGS_IL_T_2 vs WGS_IL_N_2', column 'Strelka2'",73.6,result
somatic-neusomatic-20261010-result-sahraeian2022-strelka2-wgs-indel-wgs-il-t-3-wgs-il-n-3,somatic-neusomatic-20261010-source-sahraeian2022-additional-file-2,"Additional file 2 Table S2, INDELs section, row 'WGS_IL_T_3 vs WGS_IL_N_3', column 'Strelka2'",73.7,result
somatic-neusomatic-20261010-result-sahraeian2022-strelka2-wgs-indel-wgs-ll-t-1-wgs-ll-n-1,somatic-neusomatic-20261010-source-sahraeian2022-additional-file-2,"Additional file 2 Table S2, INDELs section, row 'WGS_LL_T_1 vs WGS_LL_N_1', column 'Strelka2'",64.6,result
somatic-neusomatic-20261010-result-sahraeian2022-strelka2-wgs-indel-wgs-nc-t-1-wgs-nc-n-1,somatic-neusomatic-20261010-source-sahraeian2022-additional-file-2,"Additional file 2 Table S2, INDELs section, row 'WGS_NC_T_1 vs WGS_NC_N_1', column 'Strelka2'",71.7,result
somatic-neusomatic-20261010-result-sahraeian2022-strelka2-wgs-indel-wgs-ns-t-1-wgs-ns-n-1,somatic-neusomatic-20261010-source-sahraeian2022-additional-file-2,"Additional file 2 Table S2, INDELs section, row 'WGS_NS_T_1 vs WGS_NS_N_1', column 'Strelka2'",73.3,result
somatic-neusomatic-20261010-result-sahraeian2022-strelka2-wgs-indel-wgs-ns-t-2-wgs-ns-n-2,somatic-neusomatic-20261010-source-sahraeian2022-additional-file-2,"Additional file 2 Table S2, INDELs section, row 'WGS_NS_T_2 vs WGS_NS_N_2', column 'Strelka2'",69.7,result
somatic-neusomatic-20261010-result-sahraeian2022-strelka2-wgs-indel-wgs-ns-t-3-wgs-ns-n-3,somatic-neusomatic-20261010-source-sahraeian2022-additional-file-2,"Additional file 2 Table S2, INDELs section, row 'WGS_NS_T_3 vs WGS_NS_N_3', column 'Strelka2'",69.0,result
somatic-neusomatic-20261010-result-sahraeian2022-strelka2-wgs-indel-wgs-ns-t-4-wgs-ns-n-4,somatic-neusomatic-20261010-source-sahraeian2022-additional-file-2,"Additional file 2 Table S2, INDELs section, row 'WGS_NS_T_4 vs WGS_NS_N_4', column 'Strelka2'",71.2,result
somatic-neusomatic-20261010-result-sahraeian2022-strelka2-wgs-indel-wgs-ns-t-5-wgs-ns-n-5,somatic-neusomatic-20261010-source-sahraeian2022-additional-file-2,"Additional file 2 Table S2, INDELs section, row 'WGS_NS_T_5 vs WGS_NS_N_5', column 'Strelka2'",71.1,result
somatic-neusomatic-20261010-result-sahraeian2022-strelka2-wgs-indel-wgs-ns-t-6-wgs-ns-n-6,somatic-neusomatic-20261010-source-sahraeian2022-additional-file-2,"Additional file 2 Table S2, INDELs section, row 'WGS_NS_T_6 vs WGS_NS_N_6', column 'Strelka2'",73.9,result
somatic-neusomatic-20261010-result-sahraeian2022-strelka2-wgs-indel-wgs-ns-t-7-wgs-ns-n-7,somatic-neusomatic-20261010-source-sahraeian2022-additional-file-2,"Additional file 2 Table S2, INDELs section, row 'WGS_NS_T_7 vs WGS_NS_N_7', column 'Strelka2'",72.0,result
somatic-neusomatic-20261010-result-sahraeian2022-strelka2-wgs-indel-wgs-ns-t-8-wgs-ns-n-8,somatic-neusomatic-20261010-source-sahraeian2022-additional-file-2,"Additional file 2 Table S2, INDELs section, row 'WGS_NS_T_8 vs WGS_NS_N_8', column 'Strelka2'",68.7,result
somatic-neusomatic-20261010-result-sahraeian2022-strelka2-wgs-indel-wgs-ns-t-9-wgs-ns-n-9,somatic-neusomatic-20261010-source-sahraeian2022-additional-file-2,"Additional file 2 Table S2, INDELs section, row 'WGS_NS_T_9 vs WGS_NS_N_9', column 'Strelka2'",67.9,result
somatic-neusomatic-20261010-result-sahraeian2022-strelka2-wgs-indel-wgs-nv-t-1-wgs-nv-n-1,somatic-neusomatic-20261010-source-sahraeian2022-additional-file-2,"Additional file 2 Table S2, INDELs section, row 'WGS_NV_T_1 vs WGS_NV_N_1', column 'Strelka2'",79.2,result
somatic-neusomatic-20261010-result-sahraeian2022-strelka2-wgs-indel-wgs-nv-t-2-wgs-nv-n-2,somatic-neusomatic-20261010-source-sahraeian2022-additional-file-2,"Additional file 2 Table S2, INDELs section, row 'WGS_NV_T_2 vs WGS_NV_N_2', column 'Strelka2'",80.4,result
somatic-neusomatic-20261010-result-sahraeian2022-strelka2-wgs-indel-wgs-nv-t-3-wgs-nv-n-3,somatic-neusomatic-20261010-source-sahraeian2022-additional-file-2,"Additional file 2 Table S2, INDELs section, row 'WGS_NV_T_3 vs WGS_NV_N_3', column 'Strelka2'",79.6,result
somatic-neusomatic-20261010-result-sahraeian2022-strelka2-wgs-snv-average,somatic-neusomatic-20261010-source-sahraeian2022-additional-file-2,"Additional file 2 Table S2, SNVs section, row 'Average', column 'Strelka2'",89.0,result
somatic-neusomatic-20261010-result-sahraeian2022-strelka2-wgs-snv-wgs-ea-t-1-wgs-ea-n-1,somatic-neusomatic-20261010-source-sahraeian2022-additional-file-2,"Additional file 2 Table S2, SNVs section, row 'WGS_EA_T_1 vs WGS_EA_N_1', column 'Strelka2'",91.1,result
somatic-neusomatic-20261010-result-sahraeian2022-strelka2-wgs-snv-wgs-fd-t-1-wgs-fd-n-1,somatic-neusomatic-20261010-source-sahraeian2022-additional-file-2,"Additional file 2 Table S2, SNVs section, row 'WGS_FD_T_1 vs WGS_FD_N_1', column 'Strelka2'",88.6,result
somatic-neusomatic-20261010-result-sahraeian2022-strelka2-wgs-snv-wgs-fd-t-2-wgs-fd-n-2,somatic-neusomatic-20261010-source-sahraeian2022-additional-file-2,"Additional file 2 Table S2, SNVs section, row 'WGS_FD_T_2 vs WGS_FD_N_2', column 'Strelka2'",88.8,result
somatic-neusomatic-20261010-result-sahraeian2022-strelka2-wgs-snv-wgs-fd-t-3-wgs-fd-n-3,somatic-neusomatic-20261010-source-sahraeian2022-additional-file-2,"Additional file 2 Table S2, SNVs section, row 'WGS_FD_T_3 vs WGS_FD_N_3', column 'Strelka2'",88.7,result
somatic-neusomatic-20261010-result-sahraeian2022-strelka2-wgs-snv-wgs-il-t-1-wgs-il-n-1,somatic-neusomatic-20261010-source-sahraeian2022-additional-file-2,"Additional file 2 Table S2, SNVs section, row 'WGS_IL_T_1 vs WGS_IL_N_1', column 'Strelka2'",91.3,result
somatic-neusomatic-20261010-result-sahraeian2022-strelka2-wgs-snv-wgs-il-t-2-wgs-il-n-2,somatic-neusomatic-20261010-source-sahraeian2022-additional-file-2,"Additional file 2 Table S2, SNVs section, row 'WGS_IL_T_2 vs WGS_IL_N_2', column 'Strelka2'",89.4,result
somatic-neusomatic-20261010-result-sahraeian2022-strelka2-wgs-snv-wgs-il-t-3-wgs-il-n-3,somatic-neusomatic-20261010-source-sahraeian2022-additional-file-2,"Additional file 2 Table S2, SNVs section, row 'WGS_IL_T_3 vs WGS_IL_N_3', column 'Strelka2'",89.4,result
somatic-neusomatic-20261010-result-sahraeian2022-strelka2-wgs-snv-wgs-ll-t-1-wgs-ll-n-1,somatic-neusomatic-20261010-source-sahraeian2022-additional-file-2,"Additional file 2 Table S2, SNVs section, row 'WGS_LL_T_1 vs WGS_LL_N_1', column 'Strelka2'",79.7,result
somatic-neusomatic-20261010-result-sahraeian2022-strelka2-wgs-snv-wgs-nc-t-1-wgs-nc-n-1,somatic-neusomatic-20261010-source-sahraeian2022-additional-file-2,"Additional file 2 Table S2, SNVs section, row 'WGS_NC_T_1 vs WGS_NC_N_1', column 'Strelka2'",88.3,result
somatic-neusomatic-20261010-result-sahraeian2022-strelka2-wgs-snv-wgs-ns-t-1-wgs-ns-n-1,somatic-neusomatic-20261010-source-sahraeian2022-additional-file-2,"Additional file 2 Table S2, SNVs section, row 'WGS_NS_T_1 vs WGS_NS_N_1', column 'Strelka2'",89.6,result
somatic-neusomatic-20261010-result-sahraeian2022-strelka2-wgs-snv-wgs-ns-t-2-wgs-ns-n-2,somatic-neusomatic-20261010-source-sahraeian2022-additional-file-2,"Additional file 2 Table S2, SNVs section, row 'WGS_NS_T_2 vs WGS_NS_N_2', column 'Strelka2'",87.3,result
somatic-neusomatic-20261010-result-sahraeian2022-strelka2-wgs-snv-wgs-ns-t-3-wgs-ns-n-3,somatic-neusomatic-20261010-source-sahraeian2022-additional-file-2,"Additional file 2 Table S2, SNVs section, row 'WGS_NS_T_3 vs WGS_NS_N_3', column 'Strelka2'",87.9,result
somatic-neusomatic-20261010-result-sahraeian2022-strelka2-wgs-snv-wgs-ns-t-4-wgs-ns-n-4,somatic-neusomatic-20261010-source-sahraeian2022-additional-file-2,"Additional file 2 Table S2, SNVs section, row 'WGS_NS_T_4 vs WGS_NS_N_4', column 'Strelka2'",89.4,result
somatic-neusomatic-20261010-result-sahraeian2022-strelka2-wgs-snv-wgs-ns-t-5-wgs-ns-n-5,somatic-neusomatic-20261010-source-sahraeian2022-additional-file-2,"Additional file 2 Table S2, SNVs section, row 'WGS_NS_T_5 vs WGS_NS_N_5', column 'Strelka2'",87.8,result
somatic-neusomatic-20261010-result-sahraeian2022-strelka2-wgs-snv-wgs-ns-t-6-wgs-ns-n-6,somatic-neusomatic-20261010-source-sahraeian2022-additional-file-2,"Additional file 2 Table S2, SNVs section, row 'WGS_NS_T_6 vs WGS_NS_N_6', column 'Strelka2'",89.9,result
somatic-neusomatic-20261010-result-sahraeian2022-strelka2-wgs-snv-wgs-ns-t-7-wgs-ns-n-7,somatic-neusomatic-20261010-source-sahraeian2022-additional-file-2,"Additional file 2 Table S2, SNVs section, row 'WGS_NS_T_7 vs WGS_NS_N_7', column 'Strelka2'",88.8,result
somatic-neusomatic-20261010-result-sahraeian2022-strelka2-wgs-snv-wgs-ns-t-8-wgs-ns-n-8,somatic-neusomatic-20261010-source-sahraeian2022-additional-file-2,"Additional file 2 Table S2, SNVs section, row 'WGS_NS_T_8 vs WGS_NS_N_8', column 'Strelka2'",87.2,result
somatic-neusomatic-20261010-result-sahraeian2022-strelka2-wgs-snv-wgs-ns-t-9-wgs-ns-n-9,somatic-neusomatic-20261010-source-sahraeian2022-additional-file-2,"Additional file 2 Table S2, SNVs section, row 'WGS_NS_T_9 vs WGS_NS_N_9', column 'Strelka2'",87.8,result
somatic-neusomatic-20261010-result-sahraeian2022-strelka2-wgs-snv-wgs-nv-t-1-wgs-nv-n-1,somatic-neusomatic-20261010-source-sahraeian2022-additional-file-2,"Additional file 2 Table S2, SNVs section, row 'WGS_NV_T_1 vs WGS_NV_N_1', column 'Strelka2'",92.9,result
somatic-neusomatic-20261010-result-sahraeian2022-strelka2-wgs-snv-wgs-nv-t-2-wgs-nv-n-2,somatic-neusomatic-20261010-source-sahraeian2022-additional-file-2,"Additional file 2 Table S2, SNVs section, row 'WGS_NV_T_2 vs WGS_NV_N_2', column 'Strelka2'",93.1,result
somatic-neusomatic-20261010-result-sahraeian2022-strelka2-wgs-snv-wgs-nv-t-3-wgs-nv-n-3,somatic-neusomatic-20261010-source-sahraeian2022-additional-file-2,"Additional file 2 Table S2, SNVs section, row 'WGS_NV_T_3 vs WGS_NV_N_3', column 'Strelka2'",93.0,result
somatic-neusomatic-20261010-result-sahraeian2022-vardict-library-prep-indel-average,somatic-neusomatic-20261010-source-sahraeian2022-additional-file-2,"Additional file 2 Table S4, INDELs section, row 'Average', column 'VarDict'",15.4,result
somatic-neusomatic-20261010-result-sahraeian2022-vardict-library-prep-indel-lbp-nextera-t-100ng-lbp-nextera-n-100ng,somatic-neusomatic-20261010-source-sahraeian2022-additional-file-2,"Additional file 2 Table S4, INDELs section, row 'LBP_Nextera_T_100ng vs LBP_Nextera_N_100ng', column 'VarDict'",26.8,result
somatic-neusomatic-20261010-result-sahraeian2022-vardict-library-prep-indel-lbp-nextera-t-10ng-lbp-nextera-n-10ng,somatic-neusomatic-20261010-source-sahraeian2022-additional-file-2,"Additional file 2 Table S4, INDELs section, row 'LBP_Nextera_T_10ng vs LBP_Nextera_N_10ng', column 'VarDict'",18.0,result
somatic-neusomatic-20261010-result-sahraeian2022-vardict-library-prep-indel-lbp-nextera-t-1ng-lbp-nextera-n-1ng,somatic-neusomatic-20261010-source-sahraeian2022-additional-file-2,"Additional file 2 Table S4, INDELs section, row 'LBP_Nextera_T_1ng vs LBP_Nextera_N_1ng', column 'VarDict'",9.9,result
somatic-neusomatic-20261010-result-sahraeian2022-vardict-library-prep-indel-lbp-truseq-t-100ng-lbp-truseq-n-100ng,somatic-neusomatic-20261010-source-sahraeian2022-additional-file-2,"Additional file 2 Table S4, INDELs section, row 'LBP_TruSeq_T_100ng vs LBP_TruSeq_N_100ng', column 'VarDict'",15.6,result
somatic-neusomatic-20261010-result-sahraeian2022-vardict-library-prep-indel-lbp-truseq-t-10ng-lbp-truseq-n-10ng,somatic-neusomatic-20261010-source-sahraeian2022-additional-file-2,"Additional file 2 Table S4, INDELs section, row 'LBP_TruSeq_T_10ng vs LBP_TruSeq_N_10ng', column 'VarDict'",12.7,result
somatic-neusomatic-20261010-result-sahraeian2022-vardict-library-prep-indel-lbp-truseq-t-1ng-lbp-truseq-n-1ng,somatic-neusomatic-20261010-source-sahraeian2022-additional-file-2,"Additional file 2 Table S4, INDELs section, row 'LBP_TruSeq_T_1ng vs LBP_TruSeq_N_1ng', column 'VarDict'",9.5,result
somatic-neusomatic-20261010-result-sahraeian2022-vardict-library-prep-snv-average,somatic-neusomatic-20261010-source-sahraeian2022-additional-file-2,"Additional file 2 Table S4, SNVs section, row 'Average', column 'VarDict'",40.2,result
somatic-neusomatic-20261010-result-sahraeian2022-vardict-library-prep-snv-lbp-nextera-t-100ng-lbp-nextera-n-100ng,somatic-neusomatic-20261010-source-sahraeian2022-additional-file-2,"Additional file 2 Table S4, SNVs section, row 'LBP_Nextera_T_100ng vs LBP_Nextera_N_100ng', column 'VarDict'",47.4,result
somatic-neusomatic-20261010-result-sahraeian2022-vardict-library-prep-snv-lbp-nextera-t-10ng-lbp-nextera-n-10ng,somatic-neusomatic-20261010-source-sahraeian2022-additional-file-2,"Additional file 2 Table S4, SNVs section, row 'LBP_Nextera_T_10ng vs LBP_Nextera_N_10ng', column 'VarDict'",46.8,result
somatic-neusomatic-20261010-result-sahraeian2022-vardict-library-prep-snv-lbp-nextera-t-1ng-lbp-nextera-n-1ng,somatic-neusomatic-20261010-source-sahraeian2022-additional-file-2,"Additional file 2 Table S4, SNVs section, row 'LBP_Nextera_T_1ng vs LBP_Nextera_N_1ng', column 'VarDict'",37.1,result
somatic-neusomatic-20261010-result-sahraeian2022-vardict-library-prep-snv-lbp-truseq-t-100ng-lbp-truseq-n-100ng,somatic-neusomatic-20261010-source-sahraeian2022-additional-file-2,"Additional file 2 Table S4, SNVs section, row 'LBP_TruSeq_T_100ng vs LBP_TruSeq_N_100ng', column 'VarDict'",39.5,result
somatic-neusomatic-20261010-result-sahraeian2022-vardict-library-prep-snv-lbp-truseq-t-10ng-lbp-truseq-n-10ng,somatic-neusomatic-20261010-source-sahraeian2022-additional-file-2,"Additional file 2 Table S4, SNVs section, row 'LBP_TruSeq_T_10ng vs LBP_TruSeq_N_10ng', column 'VarDict'",40.1,result
somatic-neusomatic-20261010-result-sahraeian2022-vardict-library-prep-snv-lbp-truseq-t-1ng-lbp-truseq-n-1ng,somatic-neusomatic-20261010-source-sahraeian2022-additional-file-2,"Additional file 2 Table S4, SNVs section, row 'LBP_TruSeq_T_1ng vs LBP_TruSeq_N_1ng', column 'VarDict'",30.2,result
somatic-neusomatic-20261010-result-sahraeian2022-vardict-titration-indel-average,somatic-neusomatic-20261010-source-sahraeian2022-additional-file-2,"Additional file 2 Table S3, INDELs section, row 'Average', column 'VarDict'",19.2,result
somatic-neusomatic-20261010-result-sahraeian2022-vardict-titration-indel-spp-100x-10-t-spp-100x-100-n,somatic-neusomatic-20261010-source-sahraeian2022-additional-file-2,"Additional file 2 Table S3, INDELs section, row 'SPP_100x_10%T vs SPP_100x_100%N', column 'VarDict'",7.0,result
somatic-neusomatic-20261010-result-sahraeian2022-vardict-titration-indel-spp-100x-100-t-spp-100x-100-n,somatic-neusomatic-20261010-source-sahraeian2022-additional-file-2,"Additional file 2 Table S3, INDELs section, row 'SPP_100x_100%T vs SPP_100x_100%N', column 'VarDict'",39.1,result
somatic-neusomatic-20261010-result-sahraeian2022-vardict-titration-indel-spp-100x-20-t-spp-100x-100-n,somatic-neusomatic-20261010-source-sahraeian2022-additional-file-2,"Additional file 2 Table S3, INDELs section, row 'SPP_100x_20%T vs SPP_100x_100%N', column 'VarDict'",17.2,result
somatic-neusomatic-20261010-result-sahraeian2022-vardict-titration-indel-spp-100x-5-t-spp-100x-100-n,somatic-neusomatic-20261010-source-sahraeian2022-additional-file-2,"Additional file 2 Table S3, INDELs section, row 'SPP_100x_5%T vs SPP_100x_100%N', column 'VarDict'",2.6,result
somatic-neusomatic-20261010-result-sahraeian2022-vardict-titration-indel-spp-100x-50-t-spp-100x-100-n,somatic-neusomatic-20261010-source-sahraeian2022-additional-file-2,"Additional file 2 Table S3, INDELs section, row 'SPP_100x_50%T vs SPP_100x_100%N', column 'VarDict'",23.9,result
somatic-neusomatic-20261010-result-sahraeian2022-vardict-titration-indel-spp-100x-75-t-spp-100x-100-n,somatic-neusomatic-20261010-source-sahraeian2022-additional-file-2,"Additional file 2 Table S3, INDELs section, row 'SPP_100x_75%T vs SPP_100x_100%N', column 'VarDict'",35.1,result
somatic-neusomatic-20261010-result-sahraeian2022-vardict-titration-indel-spp-10x-10-t-spp-10x-100-n,somatic-neusomatic-20261010-source-sahraeian2022-additional-file-2,"Additional file 2 Table S3, INDELs section, row 'SPP_10x_10%T vs SPP_10x_100%N', column 'VarDict'",0.5,result
somatic-neusomatic-20261010-result-sahraeian2022-vardict-titration-indel-spp-10x-100-t-spp-10x-100-n,somatic-neusomatic-20261010-source-sahraeian2022-additional-file-2,"Additional file 2 Table S3, INDELs section, row 'SPP_10x_100%T vs SPP_10x_100%N', column 'VarDict'",15.0,result
somatic-neusomatic-20261010-result-sahraeian2022-vardict-titration-indel-spp-10x-20-t-spp-10x-100-n,somatic-neusomatic-20261010-source-sahraeian2022-additional-file-2,"Additional file 2 Table S3, INDELs section, row 'SPP_10x_20%T vs SPP_10x_100%N', column 'VarDict'",2.8,result
somatic-neusomatic-20261010-result-sahraeian2022-vardict-titration-indel-spp-10x-5-t-spp-10x-100-n,somatic-neusomatic-20261010-source-sahraeian2022-additional-file-2,"Additional file 2 Table S3, INDELs section, row 'SPP_10x_5%T vs SPP_10x_100%N', column 'VarDict'",0.1,result
somatic-neusomatic-20261010-result-sahraeian2022-vardict-titration-indel-spp-10x-50-t-spp-10x-100-n,somatic-neusomatic-20261010-source-sahraeian2022-additional-file-2,"Additional file 2 Table S3, INDELs section, row 'SPP_10x_50%T vs SPP_10x_100%N', column 'VarDict'",9.7,result
somatic-neusomatic-20261010-result-sahraeian2022-vardict-titration-indel-spp-10x-75-t-spp-10x-100-n,somatic-neusomatic-20261010-source-sahraeian2022-additional-file-2,"Additional file 2 Table S3, INDELs section, row 'SPP_10x_75%T vs SPP_10x_100%N', column 'VarDict'",13.8,result
somatic-neusomatic-20261010-result-sahraeian2022-vardict-titration-indel-spp-200x-10-t-spp-200x-100-n,somatic-neusomatic-20261010-source-sahraeian2022-additional-file-2,"Additional file 2 Table S3, INDELs section, row 'SPP_200x_10%T vs SPP_200x_100%N', column 'VarDict'",12.2,result
somatic-neusomatic-20261010-result-sahraeian2022-vardict-titration-indel-spp-200x-100-t-spp-200x-100-n,somatic-neusomatic-20261010-source-sahraeian2022-additional-file-2,"Additional file 2 Table S3, INDELs section, row 'SPP_200x_100%T vs SPP_200x_100%N', column 'VarDict'",47.4,result
somatic-neusomatic-20261010-result-sahraeian2022-vardict-titration-indel-spp-200x-20-t-spp-200x-100-n,somatic-neusomatic-20261010-source-sahraeian2022-additional-file-2,"Additional file 2 Table S3, INDELs section, row 'SPP_200x_20%T vs SPP_200x_100%N', column 'VarDict'",22.5,result
somatic-neusomatic-20261010-result-sahraeian2022-vardict-titration-indel-spp-200x-5-t-spp-200x-100-n,somatic-neusomatic-20261010-source-sahraeian2022-additional-file-2,"Additional file 2 Table S3, INDELs section, row 'SPP_200x_5%T vs SPP_200x_100%N', column 'VarDict'",2.6,result
somatic-neusomatic-20261010-result-sahraeian2022-vardict-titration-indel-spp-200x-50-t-spp-200x-100-n,somatic-neusomatic-20261010-source-sahraeian2022-additional-file-2,"Additional file 2 Table S3, INDELs section, row 'SPP_200x_50%T vs SPP_200x_100%N', column 'VarDict'",35.7,result
somatic-neusomatic-20261010-result-sahraeian2022-vardict-titration-indel-spp-200x-75-t-spp-200x-100-n,somatic-neusomatic-20261010-source-sahraeian2022-additional-file-2,"Additional file 2 Table S3, INDELs section, row 'SPP_200x_75%T vs SPP_200x_100%N', column 'VarDict'",43.7,result
somatic-neusomatic-20261010-result-sahraeian2022-vardict-titration-indel-spp-300x-10-t-spp-300x-100-n,somatic-neusomatic-20261010-source-sahraeian2022-additional-file-2,"Additional file 2 Table S3, INDELs section, row 'SPP_300x_10%T vs SPP_300x_100%N', column 'VarDict'",12.6,result
somatic-neusomatic-20261010-result-sahraeian2022-vardict-titration-indel-spp-300x-100-t-spp-300x-100-n,somatic-neusomatic-20261010-source-sahraeian2022-additional-file-2,"Additional file 2 Table S3, INDELs section, row 'SPP_300x_100%T vs SPP_300x_100%N', column 'VarDict'",50.8,result
somatic-neusomatic-20261010-result-sahraeian2022-vardict-titration-indel-spp-300x-20-t-spp-300x-100-n,somatic-neusomatic-20261010-source-sahraeian2022-additional-file-2,"Additional file 2 Table S3, INDELs section, row 'SPP_300x_20%T vs SPP_300x_100%N', column 'VarDict'",24.6,result
somatic-neusomatic-20261010-result-sahraeian2022-vardict-titration-indel-spp-300x-5-t-spp-300x-100-n,somatic-neusomatic-20261010-source-sahraeian2022-additional-file-2,"Additional file 2 Table S3, INDELs section, row 'SPP_300x_5%T vs SPP_300x_100%N', column 'VarDict'",2.1,result
somatic-neusomatic-20261010-result-sahraeian2022-vardict-titration-indel-spp-300x-50-t-spp-300x-100-n,somatic-neusomatic-20261010-source-sahraeian2022-additional-file-2,"Additional file 2 Table S3, INDELs section, row 'SPP_300x_50%T vs SPP_300x_100%N', column 'VarDict'",39.1,result
somatic-neusomatic-20261010-result-sahraeian2022-vardict-titration-indel-spp-300x-75-t-spp-300x-100-n,somatic-neusomatic-20261010-source-sahraeian2022-additional-file-2,"Additional file 2 Table S3, INDELs section, row 'SPP_300x_75%T vs SPP_300x_100%N', column 'VarDict'",48.5,result
somatic-neusomatic-20261010-result-sahraeian2022-vardict-titration-indel-spp-30x-10-t-spp-30x-100-n,somatic-neusomatic-20261010-source-sahraeian2022-additional-file-2,"Additional file 2 Table S3, INDELs section, row 'SPP_30x_10%T vs SPP_30x_100%N', column 'VarDict'",3.7,result
somatic-neusomatic-20261010-result-sahraeian2022-vardict-titration-indel-spp-30x-100-t-spp-30x-100-n,somatic-neusomatic-20261010-source-sahraeian2022-additional-file-2,"Additional file 2 Table S3, INDELs section, row 'SPP_30x_100%T vs SPP_30x_100%N', column 'VarDict'",26.0,result
somatic-neusomatic-20261010-result-sahraeian2022-vardict-titration-indel-spp-30x-20-t-spp-30x-100-n,somatic-neusomatic-20261010-source-sahraeian2022-additional-file-2,"Additional file 2 Table S3, INDELs section, row 'SPP_30x_20%T vs SPP_30x_100%N', column 'VarDict'",10.5,result
somatic-neusomatic-20261010-result-sahraeian2022-vardict-titration-indel-spp-30x-5-t-spp-30x-100-n,somatic-neusomatic-20261010-source-sahraeian2022-additional-file-2,"Additional file 2 Table S3, INDELs section, row 'SPP_30x_5%T vs SPP_30x_100%N', column 'VarDict'",1.2,result
somatic-neusomatic-20261010-result-sahraeian2022-vardict-titration-indel-spp-30x-50-t-spp-30x-100-n,somatic-neusomatic-20261010-source-sahraeian2022-additional-file-2,"Additional file 2 Table S3, INDELs section, row 'SPP_30x_50%T vs SPP_30x_100%N', column 'VarDict'",17.8,result
somatic-neusomatic-20261010-result-sahraeian2022-vardict-titration-indel-spp-30x-75-t-spp-30x-100-n,somatic-neusomatic-20261010-source-sahraeian2022-additional-file-2,"Additional file 2 Table S3, INDELs section, row 'SPP_30x_75%T vs SPP_30x_100%N', column 'VarDict'",26.5,result
somatic-neusomatic-20261010-result-sahraeian2022-vardict-titration-indel-spp-50x-10-t-spp-50x-100-n,somatic-neusomatic-20261010-source-sahraeian2022-additional-file-2,"Additional file 2 Table S3, INDELs section, row 'SPP_50x_10%T vs SPP_50x_100%N', column 'VarDict'",6.4,result
somatic-neusomatic-20261010-result-sahraeian2022-vardict-titration-indel-spp-50x-100-t-spp-50x-100-n,somatic-neusomatic-20261010-source-sahraeian2022-additional-file-2,"Additional file 2 Table S3, INDELs section, row 'SPP_50x_100%T vs SPP_50x_100%N', column 'VarDict'",27.0,result
somatic-neusomatic-20261010-result-sahraeian2022-vardict-titration-indel-spp-50x-20-t-spp-50x-100-n,somatic-neusomatic-20261010-source-sahraeian2022-additional-file-2,"Additional file 2 Table S3, INDELs section, row 'SPP_50x_20%T vs SPP_50x_100%N', column 'VarDict'",12.7,result
somatic-neusomatic-20261010-result-sahraeian2022-vardict-titration-indel-spp-50x-5-t-spp-50x-100-n,somatic-neusomatic-20261010-source-sahraeian2022-additional-file-2,"Additional file 2 Table S3, INDELs section, row 'SPP_50x_5%T vs SPP_50x_100%N', column 'VarDict'",2.4,result
somatic-neusomatic-20261010-result-sahraeian2022-vardict-titration-indel-spp-50x-50-t-spp-50x-100-n,somatic-neusomatic-20261010-source-sahraeian2022-additional-file-2,"Additional file 2 Table S3, INDELs section, row 'SPP_50x_50%T vs SPP_50x_100%N', column 'VarDict'",23.8,result
somatic-neusomatic-20261010-result-sahraeian2022-vardict-titration-indel-spp-50x-75-t-spp-50x-100-n,somatic-neusomatic-20261010-source-sahraeian2022-additional-file-2,"Additional file 2 Table S3, INDELs section, row 'SPP_50x_75%T vs SPP_50x_100%N', column 'VarDict'",28.0,result
somatic-neusomatic-20261010-result-sahraeian2022-vardict-titration-indel-spp-80x-10-t-spp-80x-100-n,somatic-neusomatic-20261010-source-sahraeian2022-additional-file-2,"Additional file 2 Table S3, INDELs section, row 'SPP_80x_10%T vs SPP_80x_100%N', column 'VarDict'",7.3,result
somatic-neusomatic-20261010-result-sahraeian2022-vardict-titration-indel-spp-80x-10-t-spp-80x-95-n,somatic-neusomatic-20261010-source-sahraeian2022-additional-file-2,"Additional file 2 Table S3, INDELs section, row 'SPP_80x_10%T vs SPP_80x_95%N', column 'VarDict'",4.9,result
somatic-neusomatic-20261010-result-sahraeian2022-vardict-titration-indel-spp-80x-100-t-spp-80x-100-n,somatic-neusomatic-20261010-source-sahraeian2022-additional-file-2,"Additional file 2 Table S3, INDELs section, row 'SPP_80x_100%T vs SPP_80x_100%N', column 'VarDict'",36.6,result
somatic-neusomatic-20261010-result-sahraeian2022-vardict-titration-indel-spp-80x-100-t-spp-80x-95-n,somatic-neusomatic-20261010-source-sahraeian2022-additional-file-2,"Additional file 2 Table S3, INDELs section, row 'SPP_80x_100%T vs SPP_80x_95%N', column 'VarDict'",31.3,result
somatic-neusomatic-20261010-result-sahraeian2022-vardict-titration-indel-spp-80x-20-t-spp-80x-100-n,somatic-neusomatic-20261010-source-sahraeian2022-additional-file-2,"Additional file 2 Table S3, INDELs section, row 'SPP_80x_20%T vs SPP_80x_100%N', column 'VarDict'",12.1,result
somatic-neusomatic-20261010-result-sahraeian2022-vardict-titration-indel-spp-80x-20-t-spp-80x-95-n,somatic-neusomatic-20261010-source-sahraeian2022-additional-file-2,"Additional file 2 Table S3, INDELs section, row 'SPP_80x_20%T vs SPP_80x_95%N', column 'VarDict'",9.2,result
somatic-neusomatic-20261010-result-sahraeian2022-vardict-titration-indel-spp-80x-5-t-spp-80x-100-n,somatic-neusomatic-20261010-source-sahraeian2022-additional-file-2,"Additional file 2 Table S3, INDELs section, row 'SPP_80x_5%T vs SPP_80x_100%N', column 'VarDict'",2.9,result
somatic-neusomatic-20261010-result-sahraeian2022-vardict-titration-indel-spp-80x-50-t-spp-80x-100-n,somatic-neusomatic-20261010-source-sahraeian2022-additional-file-2,"Additional file 2 Table S3, INDELs section, row 'SPP_80x_50%T vs SPP_80x_100%N', column 'VarDict'",24.5,result
somatic-neusomatic-20261010-result-sahraeian2022-vardict-titration-indel-spp-80x-50-t-spp-80x-95-n,somatic-neusomatic-20261010-source-sahraeian2022-additional-file-2,"Additional file 2 Table S3, INDELs section, row 'SPP_80x_50%T vs SPP_80x_95%N', column 'VarDict'",20.0,result
somatic-neusomatic-20261010-result-sahraeian2022-vardict-titration-indel-spp-80x-75-t-spp-80x-100-n,somatic-neusomatic-20261010-source-sahraeian2022-additional-file-2,"Additional file 2 Table S3, INDELs section, row 'SPP_80x_75%T vs SPP_80x_100%N', column 'VarDict'",31.3,result
somatic-neusomatic-20261010-result-sahraeian2022-vardict-titration-indel-spp-80x-75-t-spp-80x-95-n,somatic-neusomatic-20261010-source-sahraeian2022-additional-file-2,"Additional file 2 Table S3, INDELs section, row 'SPP_80x_75%T vs SPP_80x_95%N', column 'VarDict'",26.6,result
somatic-neusomatic-20261010-result-sahraeian2022-vardict-titration-snv-average,somatic-neusomatic-20261010-source-sahraeian2022-additional-file-2,"Additional file 2 Table S3, SNVs section, row 'Average', column 'VarDict'",31.0,result
somatic-neusomatic-20261010-result-sahraeian2022-vardict-titration-snv-spp-100x-10-t-spp-100x-100-n,somatic-neusomatic-20261010-source-sahraeian2022-additional-file-2,"Additional file 2 Table S3, SNVs section, row 'SPP_100x_10%T vs SPP_100x_100%N', column 'VarDict'",15.3,result
somatic-neusomatic-20261010-result-sahraeian2022-vardict-titration-snv-spp-100x-100-t-spp-100x-100-n,somatic-neusomatic-20261010-source-sahraeian2022-additional-file-2,"Additional file 2 Table S3, SNVs section, row 'SPP_100x_100%T vs SPP_100x_100%N', column 'VarDict'",55.8,result
somatic-neusomatic-20261010-result-sahraeian2022-vardict-titration-snv-spp-100x-20-t-spp-100x-100-n,somatic-neusomatic-20261010-source-sahraeian2022-additional-file-2,"Additional file 2 Table S3, SNVs section, row 'SPP_100x_20%T vs SPP_100x_100%N', column 'VarDict'",29.8,result
somatic-neusomatic-20261010-result-sahraeian2022-vardict-titration-snv-spp-100x-5-t-spp-100x-100-n,somatic-neusomatic-20261010-source-sahraeian2022-additional-file-2,"Additional file 2 Table S3, SNVs section, row 'SPP_100x_5%T vs SPP_100x_100%N', column 'VarDict'",5.2,result
somatic-neusomatic-20261010-result-sahraeian2022-vardict-titration-snv-spp-100x-50-t-spp-100x-100-n,somatic-neusomatic-20261010-source-sahraeian2022-additional-file-2,"Additional file 2 Table S3, SNVs section, row 'SPP_100x_50%T vs SPP_100x_100%N', column 'VarDict'",37.3,result
somatic-neusomatic-20261010-result-sahraeian2022-vardict-titration-snv-spp-100x-75-t-spp-100x-100-n,somatic-neusomatic-20261010-source-sahraeian2022-additional-file-2,"Additional file 2 Table S3, SNVs section, row 'SPP_100x_75%T vs SPP_100x_100%N', column 'VarDict'",48.9,result
somatic-neusomatic-20261010-result-sahraeian2022-vardict-titration-snv-spp-10x-10-t-spp-10x-100-n,somatic-neusomatic-20261010-source-sahraeian2022-additional-file-2,"Additional file 2 Table S3, SNVs section, row 'SPP_10x_10%T vs SPP_10x_100%N', column 'VarDict'",1.8,result
somatic-neusomatic-20261010-result-sahraeian2022-vardict-titration-snv-spp-10x-100-t-spp-10x-100-n,somatic-neusomatic-20261010-source-sahraeian2022-additional-file-2,"Additional file 2 Table S3, SNVs section, row 'SPP_10x_100%T vs SPP_10x_100%N', column 'VarDict'",40.1,result
somatic-neusomatic-20261010-result-sahraeian2022-vardict-titration-snv-spp-10x-20-t-spp-10x-100-n,somatic-neusomatic-20261010-source-sahraeian2022-additional-file-2,"Additional file 2 Table S3, SNVs section, row 'SPP_10x_20%T vs SPP_10x_100%N', column 'VarDict'",6.8,result
somatic-neusomatic-20261010-result-sahraeian2022-vardict-titration-snv-spp-10x-5-t-spp-10x-100-n,somatic-neusomatic-20261010-source-sahraeian2022-additional-file-2,"Additional file 2 Table S3, SNVs section, row 'SPP_10x_5%T vs SPP_10x_100%N', column 'VarDict'",0.5,result
somatic-neusomatic-20261010-result-sahraeian2022-vardict-titration-snv-spp-10x-50-t-spp-10x-100-n,somatic-neusomatic-20261010-source-sahraeian2022-additional-file-2,"Additional file 2 Table S3, SNVs section, row 'SPP_10x_50%T vs SPP_10x_100%N', column 'VarDict'",25.4,result
somatic-neusomatic-20261010-result-sahraeian2022-vardict-titration-snv-spp-10x-75-t-spp-10x-100-n,somatic-neusomatic-20261010-source-sahraeian2022-additional-file-2,"Additional file 2 Table S3, SNVs section, row 'SPP_10x_75%T vs SPP_10x_100%N', column 'VarDict'",34.9,result
somatic-neusomatic-20261010-result-sahraeian2022-vardict-titration-snv-spp-200x-10-t-spp-200x-100-n,somatic-neusomatic-20261010-source-sahraeian2022-additional-file-2,"Additional file 2 Table S3, SNVs section, row 'SPP_200x_10%T vs SPP_200x_100%N', column 'VarDict'",20.4,result
somatic-neusomatic-20261010-result-sahraeian2022-vardict-titration-snv-spp-200x-100-t-spp-200x-100-n,somatic-neusomatic-20261010-source-sahraeian2022-additional-file-2,"Additional file 2 Table S3, SNVs section, row 'SPP_200x_100%T vs SPP_200x_100%N', column 'VarDict'",67.3,result
somatic-neusomatic-20261010-result-sahraeian2022-vardict-titration-snv-spp-200x-20-t-spp-200x-100-n,somatic-neusomatic-20261010-source-sahraeian2022-additional-file-2,"Additional file 2 Table S3, SNVs section, row 'SPP_200x_20%T vs SPP_200x_100%N', column 'VarDict'",36.1,result
somatic-neusomatic-20261010-result-sahraeian2022-vardict-titration-snv-spp-200x-5-t-spp-200x-100-n,somatic-neusomatic-20261010-source-sahraeian2022-additional-file-2,"Additional file 2 Table S3, SNVs section, row 'SPP_200x_5%T vs SPP_200x_100%N', column 'VarDict'",5.6,result
somatic-neusomatic-20261010-result-sahraeian2022-vardict-titration-snv-spp-200x-50-t-spp-200x-100-n,somatic-neusomatic-20261010-source-sahraeian2022-additional-file-2,"Additional file 2 Table S3, SNVs section, row 'SPP_200x_50%T vs SPP_200x_100%N', column 'VarDict'",50.9,result
somatic-neusomatic-20261010-result-sahraeian2022-vardict-titration-snv-spp-200x-75-t-spp-200x-100-n,somatic-neusomatic-20261010-source-sahraeian2022-additional-file-2,"Additional file 2 Table S3, SNVs section, row 'SPP_200x_75%T vs SPP_200x_100%N', column 'VarDict'",60.0,result
somatic-neusomatic-20261010-result-sahraeian2022-vardict-titration-snv-spp-300x-10-t-spp-300x-100-n,somatic-neusomatic-20261010-source-sahraeian2022-additional-file-2,"Additional file 2 Table S3, SNVs section, row 'SPP_300x_10%T vs SPP_300x_100%N', column 'VarDict'",20.7,result
somatic-neusomatic-20261010-result-sahraeian2022-vardict-titration-snv-spp-300x-100-t-spp-300x-100-n,somatic-neusomatic-20261010-source-sahraeian2022-additional-file-2,"Additional file 2 Table S3, SNVs section, row 'SPP_300x_100%T vs SPP_300x_100%N', column 'VarDict'",73.1,result
somatic-neusomatic-20261010-result-sahraeian2022-vardict-titration-snv-spp-300x-20-t-spp-300x-100-n,somatic-neusomatic-20261010-source-sahraeian2022-additional-file-2,"Additional file 2 Table S3, SNVs section, row 'SPP_300x_20%T vs SPP_300x_100%N', column 'VarDict'",39.5,result
somatic-neusomatic-20261010-result-sahraeian2022-vardict-titration-snv-spp-300x-5-t-spp-300x-100-n,somatic-neusomatic-20261010-source-sahraeian2022-additional-file-2,"Additional file 2 Table S3, SNVs section, row 'SPP_300x_5%T vs SPP_300x_100%N', column 'VarDict'",5.1,result
somatic-neusomatic-20261010-result-sahraeian2022-vardict-titration-snv-spp-300x-50-t-spp-300x-100-n,somatic-neusomatic-20261010-source-sahraeian2022-additional-file-2,"Additional file 2 Table S3, SNVs section, row 'SPP_300x_50%T vs SPP_300x_100%N', column 'VarDict'",55.8,result
somatic-neusomatic-20261010-result-sahraeian2022-vardict-titration-snv-spp-300x-75-t-spp-300x-100-n,somatic-neusomatic-20261010-source-sahraeian2022-additional-file-2,"Additional file 2 Table S3, SNVs section, row 'SPP_300x_75%T vs SPP_300x_100%N', column 'VarDict'",68.7,result
somatic-neusomatic-20261010-result-sahraeian2022-vardict-titration-snv-spp-30x-10-t-spp-30x-100-n,somatic-neusomatic-20261010-source-sahraeian2022-additional-file-2,"Additional file 2 Table S3, SNVs section, row 'SPP_30x_10%T vs SPP_30x_100%N', column 'VarDict'",8.9,result
somatic-neusomatic-20261010-result-sahraeian2022-vardict-titration-snv-spp-30x-100-t-spp-30x-100-n,somatic-neusomatic-20261010-source-sahraeian2022-additional-file-2,"Additional file 2 Table S3, SNVs section, row 'SPP_30x_100%T vs SPP_30x_100%N', column 'VarDict'",43.2,result
somatic-neusomatic-20261010-result-sahraeian2022-vardict-titration-snv-spp-30x-20-t-spp-30x-100-n,somatic-neusomatic-20261010-source-sahraeian2022-additional-file-2,"Additional file 2 Table S3, SNVs section, row 'SPP_30x_20%T vs SPP_30x_100%N', column 'VarDict'",23.8,result
somatic-neusomatic-20261010-result-sahraeian2022-vardict-titration-snv-spp-30x-5-t-spp-30x-100-n,somatic-neusomatic-20261010-source-sahraeian2022-additional-file-2,"Additional file 2 Table S3, SNVs section, row 'SPP_30x_5%T vs SPP_30x_100%N', column 'VarDict'",2.2,result
somatic-neusomatic-20261010-result-sahraeian2022-vardict-titration-snv-spp-30x-50-t-spp-30x-100-n,somatic-neusomatic-20261010-source-sahraeian2022-additional-file-2,"Additional file 2 Table S3, SNVs section, row 'SPP_30x_50%T vs SPP_30x_100%N', column 'VarDict'",39.5,result
somatic-neusomatic-20261010-result-sahraeian2022-vardict-titration-snv-spp-30x-75-t-spp-30x-100-n,somatic-neusomatic-20261010-source-sahraeian2022-additional-file-2,"Additional file 2 Table S3, SNVs section, row 'SPP_30x_75%T vs SPP_30x_100%N', column 'VarDict'",42.0,result
somatic-neusomatic-20261010-result-sahraeian2022-vardict-titration-snv-spp-50x-10-t-spp-50x-100-n,somatic-neusomatic-20261010-source-sahraeian2022-additional-file-2,"Additional file 2 Table S3, SNVs section, row 'SPP_50x_10%T vs SPP_50x_100%N', column 'VarDict'",13.4,result
somatic-neusomatic-20261010-result-sahraeian2022-vardict-titration-snv-spp-50x-100-t-spp-50x-100-n,somatic-neusomatic-20261010-source-sahraeian2022-additional-file-2,"Additional file 2 Table S3, SNVs section, row 'SPP_50x_100%T vs SPP_50x_100%N', column 'VarDict'",39.6,result
somatic-neusomatic-20261010-result-sahraeian2022-vardict-titration-snv-spp-50x-20-t-spp-50x-100-n,somatic-neusomatic-20261010-source-sahraeian2022-additional-file-2,"Additional file 2 Table S3, SNVs section, row 'SPP_50x_20%T vs SPP_50x_100%N', column 'VarDict'",28.4,result
somatic-neusomatic-20261010-result-sahraeian2022-vardict-titration-snv-spp-50x-5-t-spp-50x-100-n,somatic-neusomatic-20261010-source-sahraeian2022-additional-file-2,"Additional file 2 Table S3, SNVs section, row 'SPP_50x_5%T vs SPP_50x_100%N', column 'VarDict'",4.5,result
somatic-neusomatic-20261010-result-sahraeian2022-vardict-titration-snv-spp-50x-50-t-spp-50x-100-n,somatic-neusomatic-20261010-source-sahraeian2022-additional-file-2,"Additional file 2 Table S3, SNVs section, row 'SPP_50x_50%T vs SPP_50x_100%N', column 'VarDict'",37.0,result
somatic-neusomatic-20261010-result-sahraeian2022-vardict-titration-snv-spp-50x-75-t-spp-50x-100-n,somatic-neusomatic-20261010-source-sahraeian2022-additional-file-2,"Additional file 2 Table S3, SNVs section, row 'SPP_50x_75%T vs SPP_50x_100%N', column 'VarDict'",38.6,result
somatic-neusomatic-20261010-result-sahraeian2022-vardict-titration-snv-spp-80x-10-t-spp-80x-100-n,somatic-neusomatic-20261010-source-sahraeian2022-additional-file-2,"Additional file 2 Table S3, SNVs section, row 'SPP_80x_10%T vs SPP_80x_100%N', column 'VarDict'",14.5,result
somatic-neusomatic-20261010-result-sahraeian2022-vardict-titration-snv-spp-80x-10-t-spp-80x-95-n,somatic-neusomatic-20261010-source-sahraeian2022-additional-file-2,"Additional file 2 Table S3, SNVs section, row 'SPP_80x_10%T vs SPP_80x_95%N', column 'VarDict'",10.7,result
somatic-neusomatic-20261010-result-sahraeian2022-vardict-titration-snv-spp-80x-100-t-spp-80x-100-n,somatic-neusomatic-20261010-source-sahraeian2022-additional-file-2,"Additional file 2 Table S3, SNVs section, row 'SPP_80x_100%T vs SPP_80x_100%N', column 'VarDict'",51.7,result
somatic-neusomatic-20261010-result-sahraeian2022-vardict-titration-snv-spp-80x-100-t-spp-80x-95-n,somatic-neusomatic-20261010-source-sahraeian2022-additional-file-2,"Additional file 2 Table S3, SNVs section, row 'SPP_80x_100%T vs SPP_80x_95%N', column 'VarDict'",46.0,result
somatic-neusomatic-20261010-result-sahraeian2022-vardict-titration-snv-spp-80x-20-t-spp-80x-100-n,somatic-neusomatic-20261010-source-sahraeian2022-additional-file-2,"Additional file 2 Table S3, SNVs section, row 'SPP_80x_20%T vs SPP_80x_100%N', column 'VarDict'",28.7,result
somatic-neusomatic-20261010-result-sahraeian2022-vardict-titration-snv-spp-80x-20-t-spp-80x-95-n,somatic-neusomatic-20261010-source-sahraeian2022-additional-file-2,"Additional file 2 Table S3, SNVs section, row 'SPP_80x_20%T vs SPP_80x_95%N', column 'VarDict'",23.1,result
somatic-neusomatic-20261010-result-sahraeian2022-vardict-titration-snv-spp-80x-5-t-spp-80x-100-n,somatic-neusomatic-20261010-source-sahraeian2022-additional-file-2,"Additional file 2 Table S3, SNVs section, row 'SPP_80x_5%T vs SPP_80x_100%N', column 'VarDict'",5.2,result
somatic-neusomatic-20261010-result-sahraeian2022-vardict-titration-snv-spp-80x-50-t-spp-80x-100-n,somatic-neusomatic-20261010-source-sahraeian2022-additional-file-2,"Additional file 2 Table S3, SNVs section, row 'SPP_80x_50%T vs SPP_80x_100%N', column 'VarDict'",36.2,result
somatic-neusomatic-20261010-result-sahraeian2022-vardict-titration-snv-spp-80x-50-t-spp-80x-95-n,somatic-neusomatic-20261010-source-sahraeian2022-additional-file-2,"Additional file 2 Table S3, SNVs section, row 'SPP_80x_50%T vs SPP_80x_95%N', column 'VarDict'",30.9,result
somatic-neusomatic-20261010-result-sahraeian2022-vardict-titration-snv-spp-80x-75-t-spp-80x-100-n,somatic-neusomatic-20261010-source-sahraeian2022-additional-file-2,"Additional file 2 Table S3, SNVs section, row 'SPP_80x_75%T vs SPP_80x_100%N', column 'VarDict'",44.3,result
somatic-neusomatic-20261010-result-sahraeian2022-vardict-titration-snv-spp-80x-75-t-spp-80x-95-n,somatic-neusomatic-20261010-source-sahraeian2022-additional-file-2,"Additional file 2 Table S3, SNVs section, row 'SPP_80x_75%T vs SPP_80x_95%N', column 'VarDict'",38.6,result
somatic-neusomatic-20261010-result-sahraeian2022-vardict-wgs-indel-average,somatic-neusomatic-20261010-source-sahraeian2022-additional-file-2,"Additional file 2 Table S2, INDELs section, row 'Average', column 'VarDict'",31.5,result
somatic-neusomatic-20261010-result-sahraeian2022-vardict-wgs-indel-wgs-ea-t-1-wgs-ea-n-1,somatic-neusomatic-20261010-source-sahraeian2022-additional-file-2,"Additional file 2 Table S2, INDELs section, row 'WGS_EA_T_1 vs WGS_EA_N_1', column 'VarDict'",31.7,result
somatic-neusomatic-20261010-result-sahraeian2022-vardict-wgs-indel-wgs-fd-t-1-wgs-fd-n-1,somatic-neusomatic-20261010-source-sahraeian2022-additional-file-2,"Additional file 2 Table S2, INDELs section, row 'WGS_FD_T_1 vs WGS_FD_N_1', column 'VarDict'",28.6,result
somatic-neusomatic-20261010-result-sahraeian2022-vardict-wgs-indel-wgs-fd-t-2-wgs-fd-n-2,somatic-neusomatic-20261010-source-sahraeian2022-additional-file-2,"Additional file 2 Table S2, INDELs section, row 'WGS_FD_T_2 vs WGS_FD_N_2', column 'VarDict'",29.6,result
somatic-neusomatic-20261010-result-sahraeian2022-vardict-wgs-indel-wgs-fd-t-3-wgs-fd-n-3,somatic-neusomatic-20261010-source-sahraeian2022-additional-file-2,"Additional file 2 Table S2, INDELs section, row 'WGS_FD_T_3 vs WGS_FD_N_3', column 'VarDict'",28.7,result
somatic-neusomatic-20261010-result-sahraeian2022-vardict-wgs-indel-wgs-il-t-1-wgs-il-n-1,somatic-neusomatic-20261010-source-sahraeian2022-additional-file-2,"Additional file 2 Table S2, INDELs section, row 'WGS_IL_T_1 vs WGS_IL_N_1', column 'VarDict'",37.5,result
somatic-neusomatic-20261010-result-sahraeian2022-vardict-wgs-indel-wgs-il-t-2-wgs-il-n-2,somatic-neusomatic-20261010-source-sahraeian2022-additional-file-2,"Additional file 2 Table S2, INDELs section, row 'WGS_IL_T_2 vs WGS_IL_N_2', column 'VarDict'",33.2,result
somatic-neusomatic-20261010-result-sahraeian2022-vardict-wgs-indel-wgs-il-t-3-wgs-il-n-3,somatic-neusomatic-20261010-source-sahraeian2022-additional-file-2,"Additional file 2 Table S2, INDELs section, row 'WGS_IL_T_3 vs WGS_IL_N_3', column 'VarDict'",32.6,result
somatic-neusomatic-20261010-result-sahraeian2022-vardict-wgs-indel-wgs-ll-t-1-wgs-ll-n-1,somatic-neusomatic-20261010-source-sahraeian2022-additional-file-2,"Additional file 2 Table S2, INDELs section, row 'WGS_LL_T_1 vs WGS_LL_N_1', column 'VarDict'",27.2,result
somatic-neusomatic-20261010-result-sahraeian2022-vardict-wgs-indel-wgs-nc-t-1-wgs-nc-n-1,somatic-neusomatic-20261010-source-sahraeian2022-additional-file-2,"Additional file 2 Table S2, INDELs section, row 'WGS_NC_T_1 vs WGS_NC_N_1', column 'VarDict'",29.6,result
somatic-neusomatic-20261010-result-sahraeian2022-vardict-wgs-indel-wgs-ns-t-1-wgs-ns-n-1,somatic-neusomatic-20261010-source-sahraeian2022-additional-file-2,"Additional file 2 Table S2, INDELs section, row 'WGS_NS_T_1 vs WGS_NS_N_1', column 'VarDict'",29.9,result
somatic-neusomatic-20261010-result-sahraeian2022-vardict-wgs-indel-wgs-ns-t-2-wgs-ns-n-2,somatic-neusomatic-20261010-source-sahraeian2022-additional-file-2,"Additional file 2 Table S2, INDELs section, row 'WGS_NS_T_2 vs WGS_NS_N_2', column 'VarDict'",29.6,result
somatic-neusomatic-20261010-result-sahraeian2022-vardict-wgs-indel-wgs-ns-t-3-wgs-ns-n-3,somatic-neusomatic-20261010-source-sahraeian2022-additional-file-2,"Additional file 2 Table S2, INDELs section, row 'WGS_NS_T_3 vs WGS_NS_N_3', column 'VarDict'",26.6,result
somatic-neusomatic-20261010-result-sahraeian2022-vardict-wgs-indel-wgs-ns-t-4-wgs-ns-n-4,somatic-neusomatic-20261010-source-sahraeian2022-additional-file-2,"Additional file 2 Table S2, INDELs section, row 'WGS_NS_T_4 vs WGS_NS_N_4', column 'VarDict'",28.7,result
somatic-neusomatic-20261010-result-sahraeian2022-vardict-wgs-indel-wgs-ns-t-5-wgs-ns-n-5,somatic-neusomatic-20261010-source-sahraeian2022-additional-file-2,"Additional file 2 Table S2, INDELs section, row 'WGS_NS_T_5 vs WGS_NS_N_5', column 'VarDict'",29.3,result
somatic-neusomatic-20261010-result-sahraeian2022-vardict-wgs-indel-wgs-ns-t-6-wgs-ns-n-6,somatic-neusomatic-20261010-source-sahraeian2022-additional-file-2,"Additional file 2 Table S2, INDELs section, row 'WGS_NS_T_6 vs WGS_NS_N_6', column 'VarDict'",30.8,result
somatic-neusomatic-20261010-result-sahraeian2022-vardict-wgs-indel-wgs-ns-t-7-wgs-ns-n-7,somatic-neusomatic-20261010-source-sahraeian2022-additional-file-2,"Additional file 2 Table S2, INDELs section, row 'WGS_NS_T_7 vs WGS_NS_N_7', column 'VarDict'",30.1,result
somatic-neusomatic-20261010-result-sahraeian2022-vardict-wgs-indel-wgs-ns-t-8-wgs-ns-n-8,somatic-neusomatic-20261010-source-sahraeian2022-additional-file-2,"Additional file 2 Table S2, INDELs section, row 'WGS_NS_T_8 vs WGS_NS_N_8', column 'VarDict'",30.3,result
somatic-neusomatic-20261010-result-sahraeian2022-vardict-wgs-indel-wgs-ns-t-9-wgs-ns-n-9,somatic-neusomatic-20261010-source-sahraeian2022-additional-file-2,"Additional file 2 Table S2, INDELs section, row 'WGS_NS_T_9 vs WGS_NS_N_9', column 'VarDict'",28.6,result
somatic-neusomatic-20261010-result-sahraeian2022-vardict-wgs-indel-wgs-nv-t-1-wgs-nv-n-1,somatic-neusomatic-20261010-source-sahraeian2022-additional-file-2,"Additional file 2 Table S2, INDELs section, row 'WGS_NV_T_1 vs WGS_NV_N_1', column 'VarDict'",39.7,result
somatic-neusomatic-20261010-result-sahraeian2022-vardict-wgs-indel-wgs-nv-t-2-wgs-nv-n-2,somatic-neusomatic-20261010-source-sahraeian2022-additional-file-2,"Additional file 2 Table S2, INDELs section, row 'WGS_NV_T_2 vs WGS_NV_N_2', column 'VarDict'",39.4,result
somatic-neusomatic-20261010-result-sahraeian2022-vardict-wgs-indel-wgs-nv-t-3-wgs-nv-n-3,somatic-neusomatic-20261010-source-sahraeian2022-additional-file-2,"Additional file 2 Table S2, INDELs section, row 'WGS_NV_T_3 vs WGS_NV_N_3', column 'VarDict'",40.0,result
somatic-neusomatic-20261010-result-sahraeian2022-vardict-wgs-snv-average,somatic-neusomatic-20261010-source-sahraeian2022-additional-file-2,"Additional file 2 Table S2, SNVs section, row 'Average', column 'VarDict'",49.0,result
somatic-neusomatic-20261010-result-sahraeian2022-vardict-wgs-snv-wgs-ea-t-1-wgs-ea-n-1,somatic-neusomatic-20261010-source-sahraeian2022-additional-file-2,"Additional file 2 Table S2, SNVs section, row 'WGS_EA_T_1 vs WGS_EA_N_1', column 'VarDict'",48.1,result
somatic-neusomatic-20261010-result-sahraeian2022-vardict-wgs-snv-wgs-fd-t-1-wgs-fd-n-1,somatic-neusomatic-20261010-source-sahraeian2022-additional-file-2,"Additional file 2 Table S2, SNVs section, row 'WGS_FD_T_1 vs WGS_FD_N_1', column 'VarDict'",46.8,result
somatic-neusomatic-20261010-result-sahraeian2022-vardict-wgs-snv-wgs-fd-t-2-wgs-fd-n-2,somatic-neusomatic-20261010-source-sahraeian2022-additional-file-2,"Additional file 2 Table S2, SNVs section, row 'WGS_FD_T_2 vs WGS_FD_N_2', column 'VarDict'",46.6,result
somatic-neusomatic-20261010-result-sahraeian2022-vardict-wgs-snv-wgs-fd-t-3-wgs-fd-n-3,somatic-neusomatic-20261010-source-sahraeian2022-additional-file-2,"Additional file 2 Table S2, SNVs section, row 'WGS_FD_T_3 vs WGS_FD_N_3', column 'VarDict'",46.7,result
somatic-neusomatic-20261010-result-sahraeian2022-vardict-wgs-snv-wgs-il-t-1-wgs-il-n-1,somatic-neusomatic-20261010-source-sahraeian2022-additional-file-2,"Additional file 2 Table S2, SNVs section, row 'WGS_IL_T_1 vs WGS_IL_N_1', column 'VarDict'",53.5,result
somatic-neusomatic-20261010-result-sahraeian2022-vardict-wgs-snv-wgs-il-t-2-wgs-il-n-2,somatic-neusomatic-20261010-source-sahraeian2022-additional-file-2,"Additional file 2 Table S2, SNVs section, row 'WGS_IL_T_2 vs WGS_IL_N_2', column 'VarDict'",47.8,result
somatic-neusomatic-20261010-result-sahraeian2022-vardict-wgs-snv-wgs-il-t-3-wgs-il-n-3,somatic-neusomatic-20261010-source-sahraeian2022-additional-file-2,"Additional file 2 Table S2, SNVs section, row 'WGS_IL_T_3 vs WGS_IL_N_3', column 'VarDict'",49.1,result
somatic-neusomatic-20261010-result-sahraeian2022-vardict-wgs-snv-wgs-ll-t-1-wgs-ll-n-1,somatic-neusomatic-20261010-source-sahraeian2022-additional-file-2,"Additional file 2 Table S2, SNVs section, row 'WGS_LL_T_1 vs WGS_LL_N_1', column 'VarDict'",43.6,result
somatic-neusomatic-20261010-result-sahraeian2022-vardict-wgs-snv-wgs-nc-t-1-wgs-nc-n-1,somatic-neusomatic-20261010-source-sahraeian2022-additional-file-2,"Additional file 2 Table S2, SNVs section, row 'WGS_NC_T_1 vs WGS_NC_N_1', column 'VarDict'",42.3,result
somatic-neusomatic-20261010-result-sahraeian2022-vardict-wgs-snv-wgs-ns-t-1-wgs-ns-n-1,somatic-neusomatic-20261010-source-sahraeian2022-additional-file-2,"Additional file 2 Table S2, SNVs section, row 'WGS_NS_T_1 vs WGS_NS_N_1', column 'VarDict'",49.8,result
somatic-neusomatic-20261010-result-sahraeian2022-vardict-wgs-snv-wgs-ns-t-2-wgs-ns-n-2,somatic-neusomatic-20261010-source-sahraeian2022-additional-file-2,"Additional file 2 Table S2, SNVs section, row 'WGS_NS_T_2 vs WGS_NS_N_2', column 'VarDict'",48.4,result
somatic-neusomatic-20261010-result-sahraeian2022-vardict-wgs-snv-wgs-ns-t-3-wgs-ns-n-3,somatic-neusomatic-20261010-source-sahraeian2022-additional-file-2,"Additional file 2 Table S2, SNVs section, row 'WGS_NS_T_3 vs WGS_NS_N_3', column 'VarDict'",44.6,result
somatic-neusomatic-20261010-result-sahraeian2022-vardict-wgs-snv-wgs-ns-t-4-wgs-ns-n-4,somatic-neusomatic-20261010-source-sahraeian2022-additional-file-2,"Additional file 2 Table S2, SNVs section, row 'WGS_NS_T_4 vs WGS_NS_N_4', column 'VarDict'",49.4,result
somatic-neusomatic-20261010-result-sahraeian2022-vardict-wgs-snv-wgs-ns-t-5-wgs-ns-n-5,somatic-neusomatic-20261010-source-sahraeian2022-additional-file-2,"Additional file 2 Table S2, SNVs section, row 'WGS_NS_T_5 vs WGS_NS_N_5', column 'VarDict'",47.4,result
somatic-neusomatic-20261010-result-sahraeian2022-vardict-wgs-snv-wgs-ns-t-6-wgs-ns-n-6,somatic-neusomatic-20261010-source-sahraeian2022-additional-file-2,"Additional file 2 Table S2, SNVs section, row 'WGS_NS_T_6 vs WGS_NS_N_6', column 'VarDict'",50.6,result
somatic-neusomatic-20261010-result-sahraeian2022-vardict-wgs-snv-wgs-ns-t-7-wgs-ns-n-7,somatic-neusomatic-20261010-source-sahraeian2022-additional-file-2,"Additional file 2 Table S2, SNVs section, row 'WGS_NS_T_7 vs WGS_NS_N_7', column 'VarDict'",50.3,result
somatic-neusomatic-20261010-result-sahraeian2022-vardict-wgs-snv-wgs-ns-t-8-wgs-ns-n-8,somatic-neusomatic-20261010-source-sahraeian2022-additional-file-2,"Additional file 2 Table S2, SNVs section, row 'WGS_NS_T_8 vs WGS_NS_N_8', column 'VarDict'",49.0,result
somatic-neusomatic-20261010-result-sahraeian2022-vardict-wgs-snv-wgs-ns-t-9-wgs-ns-n-9,somatic-neusomatic-20261010-source-sahraeian2022-additional-file-2,"Additional file 2 Table S2, SNVs section, row 'WGS_NS_T_9 vs WGS_NS_N_9', column 'VarDict'",47.6,result
somatic-neusomatic-20261010-result-sahraeian2022-vardict-wgs-snv-wgs-nv-t-1-wgs-nv-n-1,somatic-neusomatic-20261010-source-sahraeian2022-additional-file-2,"Additional file 2 Table S2, SNVs section, row 'WGS_NV_T_1 vs WGS_NV_N_1', column 'VarDict'",55.5,result
somatic-neusomatic-20261010-result-sahraeian2022-vardict-wgs-snv-wgs-nv-t-2-wgs-nv-n-2,somatic-neusomatic-20261010-source-sahraeian2022-additional-file-2,"Additional file 2 Table S2, SNVs section, row 'WGS_NV_T_2 vs WGS_NV_N_2', column 'VarDict'",55.6,result
somatic-neusomatic-20261010-result-sahraeian2022-vardict-wgs-snv-wgs-nv-t-3-wgs-nv-n-3,somatic-neusomatic-20261010-source-sahraeian2022-additional-file-2,"Additional file 2 Table S2, SNVs section, row 'WGS_NV_T_3 vs WGS_NV_N_3', column 'VarDict'",57.3,result
