record_id,source_id,locator,printed_value,review_scope
somatic-oncogenicity-20261009-eval-lee2026-alphamissense-all,somatic-oncogenicity-20261009-source-lee2026-oncocal-tool-performance,"tool_performance.tsv row ('AlphaMissense', 'all'), columns 'n' and 'pos'",22791; 4123,evaluation
somatic-oncogenicity-20261009-eval-lee2026-alphamissense-oncogene,somatic-oncogenicity-20261009-source-lee2026-oncocal-tool-performance,"tool_performance.tsv row ('AlphaMissense', 'oncogene'), columns 'n' and 'pos'",5761; 1490,evaluation
somatic-oncogenicity-20261009-eval-lee2026-alphamissense-tsg,somatic-oncogenicity-20261009-source-lee2026-oncocal-tool-performance,"tool_performance.tsv row ('AlphaMissense', 'TSG'), columns 'n' and 'pos'",9881; 1231,evaluation
somatic-oncogenicity-20261009-eval-lee2026-bayesdel-addaf-all,somatic-oncogenicity-20261009-source-lee2026-oncocal-tool-performance,"tool_performance.tsv row ('BayesDel_addAF', 'all'), columns 'n' and 'pos'",23222; 4140,evaluation
somatic-oncogenicity-20261009-eval-lee2026-bayesdel-addaf-oncogene,somatic-oncogenicity-20261009-source-lee2026-oncocal-tool-performance,"tool_performance.tsv row ('BayesDel_addAF', 'oncogene'), columns 'n' and 'pos'",5745; 1492,evaluation
somatic-oncogenicity-20261009-eval-lee2026-bayesdel-addaf-tsg,somatic-oncogenicity-20261009-source-lee2026-oncocal-tool-performance,"tool_performance.tsv row ('BayesDel_addAF', 'TSG'), columns 'n' and 'pos'",10352; 1270,evaluation
somatic-oncogenicity-20261009-eval-lee2026-bayesdel-noaf-all,somatic-oncogenicity-20261009-source-lee2026-oncocal-tool-performance,"tool_performance.tsv row ('BayesDel_noAF', 'all'), columns 'n' and 'pos'",23222; 4140,evaluation
somatic-oncogenicity-20261009-eval-lee2026-bayesdel-noaf-oncogene,somatic-oncogenicity-20261009-source-lee2026-oncocal-tool-performance,"tool_performance.tsv row ('BayesDel_noAF', 'oncogene'), columns 'n' and 'pos'",5745; 1492,evaluation
somatic-oncogenicity-20261009-eval-lee2026-bayesdel-noaf-tsg,somatic-oncogenicity-20261009-source-lee2026-oncocal-tool-performance,"tool_performance.tsv row ('BayesDel_noAF', 'TSG'), columns 'n' and 'pos'",10352; 1270,evaluation
somatic-oncogenicity-20261009-eval-lee2026-bstatistic-all,somatic-oncogenicity-20261009-source-lee2026-oncocal-tool-performance,"tool_performance.tsv row ('bStatistic', 'all'), columns 'n' and 'pos'",23251; 4146,evaluation
somatic-oncogenicity-20261009-eval-lee2026-bstatistic-oncogene,somatic-oncogenicity-20261009-source-lee2026-oncocal-tool-performance,"tool_performance.tsv row ('bStatistic', 'oncogene'), columns 'n' and 'pos'",5767; 1492,evaluation
somatic-oncogenicity-20261009-eval-lee2026-bstatistic-tsg,somatic-oncogenicity-20261009-source-lee2026-oncocal-tool-performance,"tool_performance.tsv row ('bStatistic', 'TSG'), columns 'n' and 'pos'",10364; 1262,evaluation
somatic-oncogenicity-20261009-eval-lee2026-cadd-raw-all,somatic-oncogenicity-20261009-source-lee2026-oncocal-tool-performance,"tool_performance.tsv row ('CADD_raw', 'all'), columns 'n' and 'pos'",23334; 4168,evaluation
somatic-oncogenicity-20261009-eval-lee2026-cadd-raw-oncogene,somatic-oncogenicity-20261009-source-lee2026-oncocal-tool-performance,"tool_performance.tsv row ('CADD_raw', 'oncogene'), columns 'n' and 'pos'",5773; 1492,evaluation
somatic-oncogenicity-20261009-eval-lee2026-cadd-raw-tsg,somatic-oncogenicity-20261009-source-lee2026-oncocal-tool-performance,"tool_performance.tsv row ('CADD_raw', 'TSG'), columns 'n' and 'pos'",10381; 1270,evaluation
somatic-oncogenicity-20261009-eval-lee2026-clinpred-all,somatic-oncogenicity-20261009-source-lee2026-oncocal-tool-performance,"tool_performance.tsv row ('ClinPred', 'all'), columns 'n' and 'pos'",23151; 4137,evaluation
somatic-oncogenicity-20261009-eval-lee2026-clinpred-oncogene,somatic-oncogenicity-20261009-source-lee2026-oncocal-tool-performance,"tool_performance.tsv row ('ClinPred', 'oncogene'), columns 'n' and 'pos'",5745; 1492,evaluation
somatic-oncogenicity-20261009-eval-lee2026-clinpred-tsg,somatic-oncogenicity-20261009-source-lee2026-oncocal-tool-performance,"tool_performance.tsv row ('ClinPred', 'TSG'), columns 'n' and 'pos'",10350; 1270,evaluation
somatic-oncogenicity-20261009-eval-lee2026-dann-all,somatic-oncogenicity-20261009-source-lee2026-oncocal-tool-performance,"tool_performance.tsv row ('DANN', 'all'), columns 'n' and 'pos'",23234; 4140,evaluation
somatic-oncogenicity-20261009-eval-lee2026-dann-oncogene,somatic-oncogenicity-20261009-source-lee2026-oncocal-tool-performance,"tool_performance.tsv row ('DANN', 'oncogene'), columns 'n' and 'pos'",5746; 1492,evaluation
somatic-oncogenicity-20261009-eval-lee2026-dann-tsg,somatic-oncogenicity-20261009-source-lee2026-oncocal-tool-performance,"tool_performance.tsv row ('DANN', 'TSG'), columns 'n' and 'pos'",10362; 1270,evaluation
somatic-oncogenicity-20261009-eval-lee2026-deogen2-all,somatic-oncogenicity-20261009-source-lee2026-oncocal-tool-performance,"tool_performance.tsv row ('DEOGEN2', 'all'), columns 'n' and 'pos'",22599; 4008,evaluation
somatic-oncogenicity-20261009-eval-lee2026-deogen2-oncogene,somatic-oncogenicity-20261009-source-lee2026-oncocal-tool-performance,"tool_performance.tsv row ('DEOGEN2', 'oncogene'), columns 'n' and 'pos'",5400; 1362,evaluation
somatic-oncogenicity-20261009-eval-lee2026-deogen2-tsg,somatic-oncogenicity-20261009-source-lee2026-oncocal-tool-performance,"tool_performance.tsv row ('DEOGEN2', 'TSG'), columns 'n' and 'pos'",10224; 1246,evaluation
somatic-oncogenicity-20261009-eval-lee2026-eigen-pc-raw-coding-all,somatic-oncogenicity-20261009-source-lee2026-oncocal-tool-performance,"tool_performance.tsv row ('Eigen-PC-raw_coding', 'all'), columns 'n' and 'pos'",21619; 4033,evaluation
somatic-oncogenicity-20261009-eval-lee2026-eigen-pc-raw-coding-oncogene,somatic-oncogenicity-20261009-source-lee2026-oncocal-tool-performance,"tool_performance.tsv row ('Eigen-PC-raw_coding', 'oncogene'), columns 'n' and 'pos'",5623; 1471,evaluation
somatic-oncogenicity-20261009-eval-lee2026-eigen-pc-raw-coding-tsg,somatic-oncogenicity-20261009-source-lee2026-oncocal-tool-performance,"tool_performance.tsv row ('Eigen-PC-raw_coding', 'TSG'), columns 'n' and 'pos'",9499; 1236,evaluation
somatic-oncogenicity-20261009-eval-lee2026-eigen-raw-coding-all,somatic-oncogenicity-20261009-source-lee2026-oncocal-tool-performance,"tool_performance.tsv row ('Eigen-raw_coding', 'all'), columns 'n' and 'pos'",21619; 4033,evaluation
somatic-oncogenicity-20261009-eval-lee2026-eigen-raw-coding-oncogene,somatic-oncogenicity-20261009-source-lee2026-oncocal-tool-performance,"tool_performance.tsv row ('Eigen-raw_coding', 'oncogene'), columns 'n' and 'pos'",5623; 1471,evaluation
somatic-oncogenicity-20261009-eval-lee2026-eigen-raw-coding-tsg,somatic-oncogenicity-20261009-source-lee2026-oncocal-tool-performance,"tool_performance.tsv row ('Eigen-raw_coding', 'TSG'), columns 'n' and 'pos'",9499; 1236,evaluation
somatic-oncogenicity-20261009-eval-lee2026-esm1b-all,somatic-oncogenicity-20261009-source-lee2026-oncocal-tool-performance,"tool_performance.tsv row ('ESM1b', 'all'), columns 'n' and 'pos'",23322; 4164,evaluation
somatic-oncogenicity-20261009-eval-lee2026-esm1b-oncogene,somatic-oncogenicity-20261009-source-lee2026-oncocal-tool-performance,"tool_performance.tsv row ('ESM1b', 'oncogene'), columns 'n' and 'pos'",5765; 1491,evaluation
somatic-oncogenicity-20261009-eval-lee2026-esm1b-tsg,somatic-oncogenicity-20261009-source-lee2026-oncocal-tool-performance,"tool_performance.tsv row ('ESM1b', 'TSG'), columns 'n' and 'pos'",10381; 1270,evaluation
somatic-oncogenicity-20261009-eval-lee2026-fathmm-xf-coding-all,somatic-oncogenicity-20261009-source-lee2026-oncocal-tool-performance,"tool_performance.tsv row ('fathmm-XF_coding', 'all'), columns 'n' and 'pos'",21608; 4041,evaluation
somatic-oncogenicity-20261009-eval-lee2026-fathmm-xf-coding-oncogene,somatic-oncogenicity-20261009-source-lee2026-oncocal-tool-performance,"tool_performance.tsv row ('fathmm-XF_coding', 'oncogene'), columns 'n' and 'pos'",5617; 1461,evaluation
somatic-oncogenicity-20261009-eval-lee2026-fathmm-xf-coding-tsg,somatic-oncogenicity-20261009-source-lee2026-oncocal-tool-performance,"tool_performance.tsv row ('fathmm-XF_coding', 'TSG'), columns 'n' and 'pos'",9429; 1228,evaluation
somatic-oncogenicity-20261009-eval-lee2026-gerp-92-mammals-all,somatic-oncogenicity-20261009-source-lee2026-oncocal-tool-performance,"tool_performance.tsv row ('GERP_92_mammals', 'all'), columns 'n' and 'pos'",17600; 2591,evaluation
somatic-oncogenicity-20261009-eval-lee2026-gerp-92-mammals-oncogene,somatic-oncogenicity-20261009-source-lee2026-oncocal-tool-performance,"tool_performance.tsv row ('GERP_92_mammals', 'oncogene'), columns 'n' and 'pos'",4198; 901,evaluation
somatic-oncogenicity-20261009-eval-lee2026-gerp-92-mammals-tsg,somatic-oncogenicity-20261009-source-lee2026-oncocal-tool-performance,"tool_performance.tsv row ('GERP_92_mammals', 'TSG'), columns 'n' and 'pos'",7902; 736,evaluation
somatic-oncogenicity-20261009-eval-lee2026-gerppp-rs-all,somatic-oncogenicity-20261009-source-lee2026-oncocal-tool-performance,"tool_performance.tsv row ('GERPpp_RS', 'all'), columns 'n' and 'pos'",23223; 4136,evaluation
somatic-oncogenicity-20261009-eval-lee2026-gerppp-rs-oncogene,somatic-oncogenicity-20261009-source-lee2026-oncocal-tool-performance,"tool_performance.tsv row ('GERPpp_RS', 'oncogene'), columns 'n' and 'pos'",5740; 1489,evaluation
somatic-oncogenicity-20261009-eval-lee2026-gerppp-rs-tsg,somatic-oncogenicity-20261009-source-lee2026-oncocal-tool-performance,"tool_performance.tsv row ('GERPpp_RS', 'TSG'), columns 'n' and 'pos'",10358; 1270,evaluation
somatic-oncogenicity-20261009-eval-lee2026-gmvp-all,somatic-oncogenicity-20261009-source-lee2026-oncocal-tool-performance,"tool_performance.tsv row ('gMVP', 'all'), columns 'n' and 'pos'",22370; 4034,evaluation
somatic-oncogenicity-20261009-eval-lee2026-gmvp-oncogene,somatic-oncogenicity-20261009-source-lee2026-oncocal-tool-performance,"tool_performance.tsv row ('gMVP', 'oncogene'), columns 'n' and 'pos'",5449; 1434,evaluation
somatic-oncogenicity-20261009-eval-lee2026-gmvp-tsg,somatic-oncogenicity-20261009-source-lee2026-oncocal-tool-performance,"tool_performance.tsv row ('gMVP', 'TSG'), columns 'n' and 'pos'",10060; 1209,evaluation
somatic-oncogenicity-20261009-eval-lee2026-list-s2-all,somatic-oncogenicity-20261009-source-lee2026-oncocal-tool-performance,"tool_performance.tsv row ('LIST-S2', 'all'), columns 'n' and 'pos'",22377; 4148,evaluation
somatic-oncogenicity-20261009-eval-lee2026-list-s2-oncogene,somatic-oncogenicity-20261009-source-lee2026-oncocal-tool-performance,"tool_performance.tsv row ('LIST-S2', 'oncogene'), columns 'n' and 'pos'",5704; 1488,evaluation
somatic-oncogenicity-20261009-eval-lee2026-list-s2-tsg,somatic-oncogenicity-20261009-source-lee2026-oncocal-tool-performance,"tool_performance.tsv row ('LIST-S2', 'TSG'), columns 'n' and 'pos'",9633; 1259,evaluation
somatic-oncogenicity-20261009-eval-lee2026-m-cap-all,somatic-oncogenicity-20261009-source-lee2026-oncocal-tool-performance,"tool_performance.tsv row ('M-CAP', 'all'), columns 'n' and 'pos'",20708; 3876,evaluation
somatic-oncogenicity-20261009-eval-lee2026-m-cap-oncogene,somatic-oncogenicity-20261009-source-lee2026-oncocal-tool-performance,"tool_performance.tsv row ('M-CAP', 'oncogene'), columns 'n' and 'pos'",5096; 1453,evaluation
somatic-oncogenicity-20261009-eval-lee2026-m-cap-tsg,somatic-oncogenicity-20261009-source-lee2026-oncocal-tool-performance,"tool_performance.tsv row ('M-CAP', 'TSG'), columns 'n' and 'pos'",9463; 1223,evaluation
somatic-oncogenicity-20261009-eval-lee2026-metalr-all,somatic-oncogenicity-20261009-source-lee2026-oncocal-tool-performance,"tool_performance.tsv row ('MetaLR', 'all'), columns 'n' and 'pos'",23098; 4125,evaluation
somatic-oncogenicity-20261009-eval-lee2026-metalr-oncogene,somatic-oncogenicity-20261009-source-lee2026-oncocal-tool-performance,"tool_performance.tsv row ('MetaLR', 'oncogene'), columns 'n' and 'pos'",5733; 1490,evaluation
somatic-oncogenicity-20261009-eval-lee2026-metalr-tsg,somatic-oncogenicity-20261009-source-lee2026-oncocal-tool-performance,"tool_performance.tsv row ('MetaLR', 'TSG'), columns 'n' and 'pos'",10321; 1263,evaluation
somatic-oncogenicity-20261009-eval-lee2026-metarnn-all,somatic-oncogenicity-20261009-source-lee2026-oncocal-tool-performance,"tool_performance.tsv row ('MetaRNN', 'all'), columns 'n' and 'pos'",22922; 4097,evaluation
somatic-oncogenicity-20261009-eval-lee2026-metarnn-oncogene,somatic-oncogenicity-20261009-source-lee2026-oncocal-tool-performance,"tool_performance.tsv row ('MetaRNN', 'oncogene'), columns 'n' and 'pos'",5751; 1485,evaluation
somatic-oncogenicity-20261009-eval-lee2026-metarnn-tsg,somatic-oncogenicity-20261009-source-lee2026-oncocal-tool-performance,"tool_performance.tsv row ('MetaRNN', 'TSG'), columns 'n' and 'pos'",10344; 1261,evaluation
somatic-oncogenicity-20261009-eval-lee2026-metasvm-all,somatic-oncogenicity-20261009-source-lee2026-oncocal-tool-performance,"tool_performance.tsv row ('MetaSVM', 'all'), columns 'n' and 'pos'",23098; 4125,evaluation
somatic-oncogenicity-20261009-eval-lee2026-metasvm-oncogene,somatic-oncogenicity-20261009-source-lee2026-oncocal-tool-performance,"tool_performance.tsv row ('MetaSVM', 'oncogene'), columns 'n' and 'pos'",5733; 1490,evaluation
somatic-oncogenicity-20261009-eval-lee2026-metasvm-tsg,somatic-oncogenicity-20261009-source-lee2026-oncocal-tool-performance,"tool_performance.tsv row ('MetaSVM', 'TSG'), columns 'n' and 'pos'",10321; 1263,evaluation
somatic-oncogenicity-20261009-eval-lee2026-misfit-d-all,somatic-oncogenicity-20261009-source-lee2026-oncocal-tool-performance,"tool_performance.tsv row ('MisFit_D', 'all'), columns 'n' and 'pos'",22831; 4058,evaluation
somatic-oncogenicity-20261009-eval-lee2026-misfit-d-oncogene,somatic-oncogenicity-20261009-source-lee2026-oncocal-tool-performance,"tool_performance.tsv row ('MisFit_D', 'oncogene'), columns 'n' and 'pos'",5748; 1482,evaluation
somatic-oncogenicity-20261009-eval-lee2026-misfit-d-tsg,somatic-oncogenicity-20261009-source-lee2026-oncocal-tool-performance,"tool_performance.tsv row ('MisFit_D', 'TSG'), columns 'n' and 'pos'",10129; 1189,evaluation
somatic-oncogenicity-20261009-eval-lee2026-misfit-s-all,somatic-oncogenicity-20261009-source-lee2026-oncocal-tool-performance,"tool_performance.tsv row ('MisFit_S', 'all'), columns 'n' and 'pos'",22831; 4058,evaluation
somatic-oncogenicity-20261009-eval-lee2026-misfit-s-oncogene,somatic-oncogenicity-20261009-source-lee2026-oncocal-tool-performance,"tool_performance.tsv row ('MisFit_S', 'oncogene'), columns 'n' and 'pos'",5748; 1482,evaluation
somatic-oncogenicity-20261009-eval-lee2026-misfit-s-tsg,somatic-oncogenicity-20261009-source-lee2026-oncocal-tool-performance,"tool_performance.tsv row ('MisFit_S', 'TSG'), columns 'n' and 'pos'",10129; 1189,evaluation
somatic-oncogenicity-20261009-eval-lee2026-mpc-all,somatic-oncogenicity-20261009-source-lee2026-oncocal-tool-performance,"tool_performance.tsv row ('MPC', 'all'), columns 'n' and 'pos'",20062; 3737,evaluation
somatic-oncogenicity-20261009-eval-lee2026-mpc-oncogene,somatic-oncogenicity-20261009-source-lee2026-oncocal-tool-performance,"tool_performance.tsv row ('MPC', 'oncogene'), columns 'n' and 'pos'",4778; 1347,evaluation
somatic-oncogenicity-20261009-eval-lee2026-mpc-tsg,somatic-oncogenicity-20261009-source-lee2026-oncocal-tool-performance,"tool_performance.tsv row ('MPC', 'TSG'), columns 'n' and 'pos'",9044; 1123,evaluation
somatic-oncogenicity-20261009-eval-lee2026-mutationassessor-all,somatic-oncogenicity-20261009-source-lee2026-oncocal-tool-performance,"tool_performance.tsv row ('MutationAssessor', 'all'), columns 'n' and 'pos'",22099; 3890,evaluation
somatic-oncogenicity-20261009-eval-lee2026-mutationassessor-oncogene,somatic-oncogenicity-20261009-source-lee2026-oncocal-tool-performance,"tool_performance.tsv row ('MutationAssessor', 'oncogene'), columns 'n' and 'pos'",5429; 1382,evaluation
somatic-oncogenicity-20261009-eval-lee2026-mutationassessor-tsg,somatic-oncogenicity-20261009-source-lee2026-oncocal-tool-performance,"tool_performance.tsv row ('MutationAssessor', 'TSG'), columns 'n' and 'pos'",10047; 1181,evaluation
somatic-oncogenicity-20261009-eval-lee2026-mutationtaster-all,somatic-oncogenicity-20261009-source-lee2026-oncocal-tool-performance,"tool_performance.tsv row ('MutationTaster', 'all'), columns 'n' and 'pos'",21066; 3653,evaluation
somatic-oncogenicity-20261009-eval-lee2026-mutationtaster-oncogene,somatic-oncogenicity-20261009-source-lee2026-oncocal-tool-performance,"tool_performance.tsv row ('MutationTaster', 'oncogene'), columns 'n' and 'pos'",5278; 1425,evaluation
somatic-oncogenicity-20261009-eval-lee2026-mutationtaster-tsg,somatic-oncogenicity-20261009-source-lee2026-oncocal-tool-performance,"tool_performance.tsv row ('MutationTaster', 'TSG'), columns 'n' and 'pos'",9509; 1179,evaluation
somatic-oncogenicity-20261009-eval-lee2026-mutformer-all,somatic-oncogenicity-20261009-source-lee2026-oncocal-tool-performance,"tool_performance.tsv row ('MutFormer', 'all'), columns 'n' and 'pos'",23188; 4128,evaluation
somatic-oncogenicity-20261009-eval-lee2026-mutformer-oncogene,somatic-oncogenicity-20261009-source-lee2026-oncocal-tool-performance,"tool_performance.tsv row ('MutFormer', 'oncogene'), columns 'n' and 'pos'",5740; 1491,evaluation
somatic-oncogenicity-20261009-eval-lee2026-mutformer-tsg,somatic-oncogenicity-20261009-source-lee2026-oncocal-tool-performance,"tool_performance.tsv row ('MutFormer', 'TSG'), columns 'n' and 'pos'",10334; 1261,evaluation
somatic-oncogenicity-20261009-eval-lee2026-mutpred2-all,somatic-oncogenicity-20261009-source-lee2026-oncocal-tool-performance,"tool_performance.tsv row ('MutPred2', 'all'), columns 'n' and 'pos'",22978; 4096,evaluation
somatic-oncogenicity-20261009-eval-lee2026-mutpred2-oncogene,somatic-oncogenicity-20261009-source-lee2026-oncocal-tool-performance,"tool_performance.tsv row ('MutPred2', 'oncogene'), columns 'n' and 'pos'",5530; 1437,evaluation
somatic-oncogenicity-20261009-eval-lee2026-mutpred2-tsg,somatic-oncogenicity-20261009-source-lee2026-oncocal-tool-performance,"tool_performance.tsv row ('MutPred2', 'TSG'), columns 'n' and 'pos'",10325; 1260,evaluation
somatic-oncogenicity-20261009-eval-lee2026-mutscore-all,somatic-oncogenicity-20261009-source-lee2026-oncocal-tool-performance,"tool_performance.tsv row ('MutScore', 'all'), columns 'n' and 'pos'",23197; 4128,evaluation
somatic-oncogenicity-20261009-eval-lee2026-mutscore-oncogene,somatic-oncogenicity-20261009-source-lee2026-oncocal-tool-performance,"tool_performance.tsv row ('MutScore', 'oncogene'), columns 'n' and 'pos'",5768; 1491,evaluation
somatic-oncogenicity-20261009-eval-lee2026-mutscore-tsg,somatic-oncogenicity-20261009-source-lee2026-oncocal-tool-performance,"tool_performance.tsv row ('MutScore', 'TSG'), columns 'n' and 'pos'",10331; 1263,evaluation
somatic-oncogenicity-20261009-eval-lee2026-mvp-all,somatic-oncogenicity-20261009-source-lee2026-oncocal-tool-performance,"tool_performance.tsv row ('MVP', 'all'), columns 'n' and 'pos'",21531; 3828,evaluation
somatic-oncogenicity-20261009-eval-lee2026-mvp-oncogene,somatic-oncogenicity-20261009-source-lee2026-oncocal-tool-performance,"tool_performance.tsv row ('MVP', 'oncogene'), columns 'n' and 'pos'",5180; 1450,evaluation
somatic-oncogenicity-20261009-eval-lee2026-mvp-tsg,somatic-oncogenicity-20261009-source-lee2026-oncocal-tool-performance,"tool_performance.tsv row ('MVP', 'TSG'), columns 'n' and 'pos'",10000; 1219,evaluation
somatic-oncogenicity-20261009-eval-lee2026-phactboost-all,somatic-oncogenicity-20261009-source-lee2026-oncocal-tool-performance,"tool_performance.tsv row ('PHACTboost', 'all'), columns 'n' and 'pos'",21505; 4090,evaluation
somatic-oncogenicity-20261009-eval-lee2026-phactboost-oncogene,somatic-oncogenicity-20261009-source-lee2026-oncocal-tool-performance,"tool_performance.tsv row ('PHACTboost', 'oncogene'), columns 'n' and 'pos'",5719; 1479,evaluation
somatic-oncogenicity-20261009-eval-lee2026-phactboost-tsg,somatic-oncogenicity-20261009-source-lee2026-oncocal-tool-performance,"tool_performance.tsv row ('PHACTboost', 'TSG'), columns 'n' and 'pos'",9045; 1228,evaluation
somatic-oncogenicity-20261009-eval-lee2026-phastcons100way-vertebrate-all,somatic-oncogenicity-20261009-source-lee2026-oncocal-tool-performance,"tool_performance.tsv row ('phastCons100way_vertebrate', 'all'), columns 'n' and 'pos'",23334; 4168,evaluation
somatic-oncogenicity-20261009-eval-lee2026-phastcons100way-vertebrate-oncogene,somatic-oncogenicity-20261009-source-lee2026-oncocal-tool-performance,"tool_performance.tsv row ('phastCons100way_vertebrate', 'oncogene'), columns 'n' and 'pos'",5773; 1492,evaluation
somatic-oncogenicity-20261009-eval-lee2026-phastcons100way-vertebrate-tsg,somatic-oncogenicity-20261009-source-lee2026-oncocal-tool-performance,"tool_performance.tsv row ('phastCons100way_vertebrate', 'TSG'), columns 'n' and 'pos'",10381; 1270,evaluation
somatic-oncogenicity-20261009-eval-lee2026-phastcons17way-primate-all,somatic-oncogenicity-20261009-source-lee2026-oncocal-tool-performance,"tool_performance.tsv row ('phastCons17way_primate', 'all'), columns 'n' and 'pos'",23334; 4168,evaluation
somatic-oncogenicity-20261009-eval-lee2026-phastcons17way-primate-oncogene,somatic-oncogenicity-20261009-source-lee2026-oncocal-tool-performance,"tool_performance.tsv row ('phastCons17way_primate', 'oncogene'), columns 'n' and 'pos'",5773; 1492,evaluation
somatic-oncogenicity-20261009-eval-lee2026-phastcons17way-primate-tsg,somatic-oncogenicity-20261009-source-lee2026-oncocal-tool-performance,"tool_performance.tsv row ('phastCons17way_primate', 'TSG'), columns 'n' and 'pos'",10381; 1270,evaluation
somatic-oncogenicity-20261009-eval-lee2026-phastcons470way-mammalian-all,somatic-oncogenicity-20261009-source-lee2026-oncocal-tool-performance,"tool_performance.tsv row ('phastCons470way_mammalian', 'all'), columns 'n' and 'pos'",23294; 4152,evaluation
somatic-oncogenicity-20261009-eval-lee2026-phastcons470way-mammalian-oncogene,somatic-oncogenicity-20261009-source-lee2026-oncocal-tool-performance,"tool_performance.tsv row ('phastCons470way_mammalian', 'oncogene'), columns 'n' and 'pos'",5759; 1488,evaluation
somatic-oncogenicity-20261009-eval-lee2026-phastcons470way-mammalian-tsg,somatic-oncogenicity-20261009-source-lee2026-oncocal-tool-performance,"tool_performance.tsv row ('phastCons470way_mammalian', 'TSG'), columns 'n' and 'pos'",10377; 1270,evaluation
somatic-oncogenicity-20261009-eval-lee2026-phylop100way-vertebrate-all,somatic-oncogenicity-20261009-source-lee2026-oncocal-tool-performance,"tool_performance.tsv row ('phyloP100way_vertebrate', 'all'), columns 'n' and 'pos'",23334; 4168,evaluation
somatic-oncogenicity-20261009-eval-lee2026-phylop100way-vertebrate-oncogene,somatic-oncogenicity-20261009-source-lee2026-oncocal-tool-performance,"tool_performance.tsv row ('phyloP100way_vertebrate', 'oncogene'), columns 'n' and 'pos'",5773; 1492,evaluation
somatic-oncogenicity-20261009-eval-lee2026-phylop100way-vertebrate-tsg,somatic-oncogenicity-20261009-source-lee2026-oncocal-tool-performance,"tool_performance.tsv row ('phyloP100way_vertebrate', 'TSG'), columns 'n' and 'pos'",10381; 1270,evaluation
somatic-oncogenicity-20261009-eval-lee2026-phylop17way-primate-all,somatic-oncogenicity-20261009-source-lee2026-oncocal-tool-performance,"tool_performance.tsv row ('phyloP17way_primate', 'all'), columns 'n' and 'pos'",23334; 4168,evaluation
somatic-oncogenicity-20261009-eval-lee2026-phylop17way-primate-oncogene,somatic-oncogenicity-20261009-source-lee2026-oncocal-tool-performance,"tool_performance.tsv row ('phyloP17way_primate', 'oncogene'), columns 'n' and 'pos'",5773; 1492,evaluation
somatic-oncogenicity-20261009-eval-lee2026-phylop17way-primate-tsg,somatic-oncogenicity-20261009-source-lee2026-oncocal-tool-performance,"tool_performance.tsv row ('phyloP17way_primate', 'TSG'), columns 'n' and 'pos'",10381; 1270,evaluation
somatic-oncogenicity-20261009-eval-lee2026-phylop470way-mammalian-all,somatic-oncogenicity-20261009-source-lee2026-oncocal-tool-performance,"tool_performance.tsv row ('phyloP470way_mammalian', 'all'), columns 'n' and 'pos'",22163; 3857,evaluation
somatic-oncogenicity-20261009-eval-lee2026-phylop470way-mammalian-oncogene,somatic-oncogenicity-20261009-source-lee2026-oncocal-tool-performance,"tool_performance.tsv row ('phyloP470way_mammalian', 'oncogene'), columns 'n' and 'pos'",5425; 1408,evaluation
somatic-oncogenicity-20261009-eval-lee2026-phylop470way-mammalian-tsg,somatic-oncogenicity-20261009-source-lee2026-oncocal-tool-performance,"tool_performance.tsv row ('phyloP470way_mammalian', 'TSG'), columns 'n' and 'pos'",10076; 1178,evaluation
somatic-oncogenicity-20261009-eval-lee2026-polyphen2-hdiv-all,somatic-oncogenicity-20261009-source-lee2026-oncocal-tool-performance,"tool_performance.tsv row ('Polyphen2_HDIV', 'all'), columns 'n' and 'pos'",22281; 3926,evaluation
somatic-oncogenicity-20261009-eval-lee2026-polyphen2-hdiv-oncogene,somatic-oncogenicity-20261009-source-lee2026-oncocal-tool-performance,"tool_performance.tsv row ('Polyphen2_HDIV', 'oncogene'), columns 'n' and 'pos'",5347; 1343,evaluation
somatic-oncogenicity-20261009-eval-lee2026-polyphen2-hdiv-tsg,somatic-oncogenicity-20261009-source-lee2026-oncocal-tool-performance,"tool_performance.tsv row ('Polyphen2_HDIV', 'TSG'), columns 'n' and 'pos'",10121; 1248,evaluation
somatic-oncogenicity-20261009-eval-lee2026-polyphen2-hvar-all,somatic-oncogenicity-20261009-source-lee2026-oncocal-tool-performance,"tool_performance.tsv row ('Polyphen2_HVAR', 'all'), columns 'n' and 'pos'",22281; 3926,evaluation
somatic-oncogenicity-20261009-eval-lee2026-polyphen2-hvar-oncogene,somatic-oncogenicity-20261009-source-lee2026-oncocal-tool-performance,"tool_performance.tsv row ('Polyphen2_HVAR', 'oncogene'), columns 'n' and 'pos'",5347; 1343,evaluation
somatic-oncogenicity-20261009-eval-lee2026-polyphen2-hvar-tsg,somatic-oncogenicity-20261009-source-lee2026-oncocal-tool-performance,"tool_performance.tsv row ('Polyphen2_HVAR', 'TSG'), columns 'n' and 'pos'",10121; 1248,evaluation
somatic-oncogenicity-20261009-eval-lee2026-popeve-all,somatic-oncogenicity-20261009-source-lee2026-oncocal-tool-performance,"tool_performance.tsv row ('popEVE', 'all'), columns 'n' and 'pos'",15355; 3272,evaluation
somatic-oncogenicity-20261009-eval-lee2026-popeve-oncogene,somatic-oncogenicity-20261009-source-lee2026-oncocal-tool-performance,"tool_performance.tsv row ('popEVE', 'oncogene'), columns 'n' and 'pos'",4895; 1334,evaluation
somatic-oncogenicity-20261009-eval-lee2026-popeve-tsg,somatic-oncogenicity-20261009-source-lee2026-oncocal-tool-performance,"tool_performance.tsv row ('popEVE', 'TSG'), columns 'n' and 'pos'",6875; 888,evaluation
somatic-oncogenicity-20261009-eval-lee2026-primateai-all,somatic-oncogenicity-20261009-source-lee2026-oncocal-tool-performance,"tool_performance.tsv row ('PrimateAI', 'all'), columns 'n' and 'pos'",23027; 4105,evaluation
somatic-oncogenicity-20261009-eval-lee2026-primateai-oncogene,somatic-oncogenicity-20261009-source-lee2026-oncocal-tool-performance,"tool_performance.tsv row ('PrimateAI', 'oncogene'), columns 'n' and 'pos'",5709; 1481,evaluation
somatic-oncogenicity-20261009-eval-lee2026-primateai-tsg,somatic-oncogenicity-20261009-source-lee2026-oncocal-tool-performance,"tool_performance.tsv row ('PrimateAI', 'TSG'), columns 'n' and 'pos'",10259; 1254,evaluation
somatic-oncogenicity-20261009-eval-lee2026-provean-all,somatic-oncogenicity-20261009-source-lee2026-oncocal-tool-performance,"tool_performance.tsv row ('PROVEAN', 'all'), columns 'n' and 'pos'",22230; 4021,evaluation
somatic-oncogenicity-20261009-eval-lee2026-provean-oncogene,somatic-oncogenicity-20261009-source-lee2026-oncocal-tool-performance,"tool_performance.tsv row ('PROVEAN', 'oncogene'), columns 'n' and 'pos'",5338; 1435,evaluation
somatic-oncogenicity-20261009-eval-lee2026-provean-tsg,somatic-oncogenicity-20261009-source-lee2026-oncocal-tool-performance,"tool_performance.tsv row ('PROVEAN', 'TSG'), columns 'n' and 'pos'",10182; 1252,evaluation
somatic-oncogenicity-20261009-eval-lee2026-revel-all,somatic-oncogenicity-20261009-source-lee2026-oncocal-tool-performance,"tool_performance.tsv row ('REVEL', 'all'), columns 'n' and 'pos'",22298; 4047,evaluation
somatic-oncogenicity-20261009-eval-lee2026-revel-oncogene,somatic-oncogenicity-20261009-source-lee2026-oncocal-tool-performance,"tool_performance.tsv row ('REVEL', 'oncogene'), columns 'n' and 'pos'",5393; 1483,evaluation
somatic-oncogenicity-20261009-eval-lee2026-revel-tsg,somatic-oncogenicity-20261009-source-lee2026-oncocal-tool-performance,"tool_performance.tsv row ('REVEL', 'TSG'), columns 'n' and 'pos'",10226; 1252,evaluation
somatic-oncogenicity-20261009-eval-lee2026-sift-all,somatic-oncogenicity-20261009-source-lee2026-oncocal-tool-performance,"tool_performance.tsv row ('SIFT', 'all'), columns 'n' and 'pos'",22203; 4003,evaluation
somatic-oncogenicity-20261009-eval-lee2026-sift-oncogene,somatic-oncogenicity-20261009-source-lee2026-oncocal-tool-performance,"tool_performance.tsv row ('SIFT', 'oncogene'), columns 'n' and 'pos'",5337; 1434,evaluation
somatic-oncogenicity-20261009-eval-lee2026-sift-tsg,somatic-oncogenicity-20261009-source-lee2026-oncocal-tool-performance,"tool_performance.tsv row ('SIFT', 'TSG'), columns 'n' and 'pos'",10158; 1236,evaluation
somatic-oncogenicity-20261009-eval-lee2026-sift4g-all,somatic-oncogenicity-20261009-source-lee2026-oncocal-tool-performance,"tool_performance.tsv row ('SIFT4G', 'all'), columns 'n' and 'pos'",20519; 3977,evaluation
somatic-oncogenicity-20261009-eval-lee2026-sift4g-oncogene,somatic-oncogenicity-20261009-source-lee2026-oncocal-tool-performance,"tool_performance.tsv row ('SIFT4G', 'oncogene'), columns 'n' and 'pos'",5362; 1426,evaluation
somatic-oncogenicity-20261009-eval-lee2026-sift4g-tsg,somatic-oncogenicity-20261009-source-lee2026-oncocal-tool-performance,"tool_performance.tsv row ('SIFT4G', 'TSG'), columns 'n' and 'pos'",9765; 1221,evaluation
somatic-oncogenicity-20261009-eval-lee2026-varity-er-all,somatic-oncogenicity-20261009-source-lee2026-oncocal-tool-performance,"tool_performance.tsv row ('VARITY_ER', 'all'), columns 'n' and 'pos'",21164; 3955,evaluation
somatic-oncogenicity-20261009-eval-lee2026-varity-er-loo-all,somatic-oncogenicity-20261009-source-lee2026-oncocal-tool-performance,"tool_performance.tsv row ('VARITY_ER_LOO', 'all'), columns 'n' and 'pos'",21164; 3955,evaluation
somatic-oncogenicity-20261009-eval-lee2026-varity-er-loo-oncogene,somatic-oncogenicity-20261009-source-lee2026-oncocal-tool-performance,"tool_performance.tsv row ('VARITY_ER_LOO', 'oncogene'), columns 'n' and 'pos'",5425; 1391,evaluation
somatic-oncogenicity-20261009-eval-lee2026-varity-er-loo-tsg,somatic-oncogenicity-20261009-source-lee2026-oncocal-tool-performance,"tool_performance.tsv row ('VARITY_ER_LOO', 'TSG'), columns 'n' and 'pos'",9051; 1227,evaluation
somatic-oncogenicity-20261009-eval-lee2026-varity-er-oncogene,somatic-oncogenicity-20261009-source-lee2026-oncocal-tool-performance,"tool_performance.tsv row ('VARITY_ER', 'oncogene'), columns 'n' and 'pos'",5425; 1391,evaluation
somatic-oncogenicity-20261009-eval-lee2026-varity-er-tsg,somatic-oncogenicity-20261009-source-lee2026-oncocal-tool-performance,"tool_performance.tsv row ('VARITY_ER', 'TSG'), columns 'n' and 'pos'",9051; 1227,evaluation
somatic-oncogenicity-20261009-eval-lee2026-varity-r-all,somatic-oncogenicity-20261009-source-lee2026-oncocal-tool-performance,"tool_performance.tsv row ('VARITY_R', 'all'), columns 'n' and 'pos'",21164; 3955,evaluation
somatic-oncogenicity-20261009-eval-lee2026-varity-r-loo-all,somatic-oncogenicity-20261009-source-lee2026-oncocal-tool-performance,"tool_performance.tsv row ('VARITY_R_LOO', 'all'), columns 'n' and 'pos'",21164; 3955,evaluation
somatic-oncogenicity-20261009-eval-lee2026-varity-r-loo-oncogene,somatic-oncogenicity-20261009-source-lee2026-oncocal-tool-performance,"tool_performance.tsv row ('VARITY_R_LOO', 'oncogene'), columns 'n' and 'pos'",5425; 1391,evaluation
somatic-oncogenicity-20261009-eval-lee2026-varity-r-loo-tsg,somatic-oncogenicity-20261009-source-lee2026-oncocal-tool-performance,"tool_performance.tsv row ('VARITY_R_LOO', 'TSG'), columns 'n' and 'pos'",9051; 1227,evaluation
somatic-oncogenicity-20261009-eval-lee2026-varity-r-oncogene,somatic-oncogenicity-20261009-source-lee2026-oncocal-tool-performance,"tool_performance.tsv row ('VARITY_R', 'oncogene'), columns 'n' and 'pos'",5425; 1391,evaluation
somatic-oncogenicity-20261009-eval-lee2026-varity-r-tsg,somatic-oncogenicity-20261009-source-lee2026-oncocal-tool-performance,"tool_performance.tsv row ('VARITY_R', 'TSG'), columns 'n' and 'pos'",9051; 1227,evaluation
somatic-oncogenicity-20261009-eval-lee2026-vest4-all,somatic-oncogenicity-20261009-source-lee2026-oncocal-tool-performance,"tool_performance.tsv row ('VEST4', 'all'), columns 'n' and 'pos'",22427; 4027,evaluation
somatic-oncogenicity-20261009-eval-lee2026-vest4-oncogene,somatic-oncogenicity-20261009-source-lee2026-oncocal-tool-performance,"tool_performance.tsv row ('VEST4', 'oncogene'), columns 'n' and 'pos'",5365; 1430,evaluation
somatic-oncogenicity-20261009-eval-lee2026-vest4-tsg,somatic-oncogenicity-20261009-source-lee2026-oncocal-tool-performance,"tool_performance.tsv row ('VEST4', 'TSG'), columns 'n' and 'pos'",10245; 1251,evaluation
somatic-oncogenicity-20261009-result-chen2020-cadd-oncokb-median-accuracy,somatic-oncogenicity-20261009-source-chen2020-additional-file-9,"Additional file 9 (sheet 'Additional_file_9'), B16; Algorithm 'CADD'; column 'Accuracy (±2σ)'",0.64,result
somatic-oncogenicity-20261009-result-chen2020-cadd-oncokb-median-negative-predictive-value,somatic-oncogenicity-20261009-source-chen2020-additional-file-9,"Additional file 9 (sheet 'Additional_file_9'), F16; Algorithm 'CADD'; column 'NPV (±2σ)'",0.64,result
somatic-oncogenicity-20261009-result-chen2020-cadd-oncokb-median-precision,somatic-oncogenicity-20261009-source-chen2020-additional-file-9,"Additional file 9 (sheet 'Additional_file_9'), E16; Algorithm 'CADD'; column 'PPV (±2σ)'",0.64,result
somatic-oncogenicity-20261009-result-chen2020-cadd-oncokb-median-recall,somatic-oncogenicity-20261009-source-chen2020-additional-file-9,"Additional file 9 (sheet 'Additional_file_9'), C16; Algorithm 'CADD'; column 'Sensitivity (±2σ)'",0.64,result
somatic-oncogenicity-20261009-result-chen2020-cadd-oncokb-median-specificity,somatic-oncogenicity-20261009-source-chen2020-additional-file-9,"Additional file 9 (sheet 'Additional_file_9'), D16; Algorithm 'CADD'; column 'Specificity (±2σ)'",0.64,result
somatic-oncogenicity-20261009-result-chen2020-cadd-viability-median-accuracy,somatic-oncogenicity-20261009-source-chen2020-additional-file-21,"Additional file 21 (sheet 'Additional_file_21'), B23; Algorithm 'CADD'; column 'Accuracy (±2σ)'",0.59,result
somatic-oncogenicity-20261009-result-chen2020-cadd-viability-median-negative-predictive-value,somatic-oncogenicity-20261009-source-chen2020-additional-file-21,"Additional file 21 (sheet 'Additional_file_21'), F23; Algorithm 'CADD'; column 'NPV (±2σ)'",0.59,result
somatic-oncogenicity-20261009-result-chen2020-cadd-viability-median-precision,somatic-oncogenicity-20261009-source-chen2020-additional-file-21,"Additional file 21 (sheet 'Additional_file_21'), E23; Algorithm 'CADD'; column 'PPV (±2σ)'",0.59,result
somatic-oncogenicity-20261009-result-chen2020-cadd-viability-median-recall,somatic-oncogenicity-20261009-source-chen2020-additional-file-21,"Additional file 21 (sheet 'Additional_file_21'), C23; Algorithm 'CADD'; column 'Sensitivity (±2σ)'",0.59,result
somatic-oncogenicity-20261009-result-chen2020-cadd-viability-median-specificity,somatic-oncogenicity-20261009-source-chen2020-additional-file-21,"Additional file 21 (sheet 'Additional_file_21'), D23; Algorithm 'CADD'; column 'Specificity (±2σ)'",0.59,result
somatic-oncogenicity-20261009-result-chen2020-candra-oncokb-default-accuracy,somatic-oncogenicity-20261009-source-chen2020-additional-file-10,"Additional file 10 (sheet 'Additional_file_10'), B18; Algorithm 'CanDrA'; column 'Accuracy (±2σ)'",0.49,result
somatic-oncogenicity-20261009-result-chen2020-candra-oncokb-default-negative-predictive-value,somatic-oncogenicity-20261009-source-chen2020-additional-file-10,"Additional file 10 (sheet 'Additional_file_10'), F18; Algorithm 'CanDrA'; column 'NPV (±2σ)'",0.46,result
somatic-oncogenicity-20261009-result-chen2020-candra-oncokb-default-precision,somatic-oncogenicity-20261009-source-chen2020-additional-file-10,"Additional file 10 (sheet 'Additional_file_10'), E18; Algorithm 'CanDrA'; column 'PPV (±2σ)'",0.49,result
somatic-oncogenicity-20261009-result-chen2020-candra-oncokb-default-recall,somatic-oncogenicity-20261009-source-chen2020-additional-file-10,"Additional file 10 (sheet 'Additional_file_10'), C18; Algorithm 'CanDrA'; column 'Sensitivity (±2σ)'",0.80,result
somatic-oncogenicity-20261009-result-chen2020-candra-oncokb-default-specificity,somatic-oncogenicity-20261009-source-chen2020-additional-file-10,"Additional file 10 (sheet 'Additional_file_10'), D18; Algorithm 'CanDrA'; column 'Specificity (±2σ)'",0.17,result
somatic-oncogenicity-20261009-result-chen2020-candra-oncokb-median-accuracy,somatic-oncogenicity-20261009-source-chen2020-additional-file-9,"Additional file 9 (sheet 'Additional_file_9'), B26; Algorithm 'CanDrA'; column 'Accuracy (±2σ)'",0.59,result
somatic-oncogenicity-20261009-result-chen2020-candra-oncokb-median-negative-predictive-value,somatic-oncogenicity-20261009-source-chen2020-additional-file-9,"Additional file 9 (sheet 'Additional_file_9'), F26; Algorithm 'CanDrA'; column 'NPV (±2σ)'",0.59,result
somatic-oncogenicity-20261009-result-chen2020-candra-oncokb-median-precision,somatic-oncogenicity-20261009-source-chen2020-additional-file-9,"Additional file 9 (sheet 'Additional_file_9'), E26; Algorithm 'CanDrA'; column 'PPV (±2σ)'",0.59,result
somatic-oncogenicity-20261009-result-chen2020-candra-oncokb-median-recall,somatic-oncogenicity-20261009-source-chen2020-additional-file-9,"Additional file 9 (sheet 'Additional_file_9'), C26; Algorithm 'CanDrA'; column 'Sensitivity (±2σ)'",0.59,result
somatic-oncogenicity-20261009-result-chen2020-candra-oncokb-median-specificity,somatic-oncogenicity-20261009-source-chen2020-additional-file-9,"Additional file 9 (sheet 'Additional_file_9'), D26; Algorithm 'CanDrA'; column 'Specificity (±2σ)'",0.59,result
somatic-oncogenicity-20261009-result-chen2020-candra-viability-default-accuracy,somatic-oncogenicity-20261009-source-chen2020-additional-file-22,"Additional file 22 (sheet 'Additional_file_22'), B7; Algorithm 'CanDrA'; column 'Accuracy (±2σ)'",0.59,result
somatic-oncogenicity-20261009-result-chen2020-candra-viability-default-negative-predictive-value,somatic-oncogenicity-20261009-source-chen2020-additional-file-22,"Additional file 22 (sheet 'Additional_file_22'), F7; Algorithm 'CanDrA'; column 'NPV (±2σ)'",0.69,result
somatic-oncogenicity-20261009-result-chen2020-candra-viability-default-precision,somatic-oncogenicity-20261009-source-chen2020-additional-file-22,"Additional file 22 (sheet 'Additional_file_22'), E7; Algorithm 'CanDrA'; column 'PPV (±2σ)'",0.56,result
somatic-oncogenicity-20261009-result-chen2020-candra-viability-default-recall,somatic-oncogenicity-20261009-source-chen2020-additional-file-22,"Additional file 22 (sheet 'Additional_file_22'), C7; Algorithm 'CanDrA'; column 'Sensitivity (±2σ)'",0.87,result
somatic-oncogenicity-20261009-result-chen2020-candra-viability-default-specificity,somatic-oncogenicity-20261009-source-chen2020-additional-file-22,"Additional file 22 (sheet 'Additional_file_22'), D7; Algorithm 'CanDrA'; column 'Specificity (±2σ)'",0.30,result
somatic-oncogenicity-20261009-result-chen2020-candra-viability-median-accuracy,somatic-oncogenicity-20261009-source-chen2020-additional-file-21,"Additional file 21 (sheet 'Additional_file_21'), B5; Algorithm 'CanDrA'; column 'Accuracy (±2σ)'",0.67,result
somatic-oncogenicity-20261009-result-chen2020-candra-viability-median-negative-predictive-value,somatic-oncogenicity-20261009-source-chen2020-additional-file-21,"Additional file 21 (sheet 'Additional_file_21'), F5; Algorithm 'CanDrA'; column 'NPV (±2σ)'",0.67,result
somatic-oncogenicity-20261009-result-chen2020-candra-viability-median-precision,somatic-oncogenicity-20261009-source-chen2020-additional-file-21,"Additional file 21 (sheet 'Additional_file_21'), E5; Algorithm 'CanDrA'; column 'PPV (±2σ)'",0.67,result
somatic-oncogenicity-20261009-result-chen2020-candra-viability-median-recall,somatic-oncogenicity-20261009-source-chen2020-additional-file-21,"Additional file 21 (sheet 'Additional_file_21'), C5; Algorithm 'CanDrA'; column 'Sensitivity (±2σ)'",0.67,result
somatic-oncogenicity-20261009-result-chen2020-candra-viability-median-specificity,somatic-oncogenicity-20261009-source-chen2020-additional-file-21,"Additional file 21 (sheet 'Additional_file_21'), D5; Algorithm 'CanDrA'; column 'Specificity (±2σ)'",0.67,result
somatic-oncogenicity-20261009-result-chen2020-chasm-oncokb-median-accuracy,somatic-oncogenicity-20261009-source-chen2020-additional-file-9,"Additional file 9 (sheet 'Additional_file_9'), B15; Algorithm 'CHASM'; column 'Accuracy (±2σ)'",0.65,result
somatic-oncogenicity-20261009-result-chen2020-chasm-oncokb-median-negative-predictive-value,somatic-oncogenicity-20261009-source-chen2020-additional-file-9,"Additional file 9 (sheet 'Additional_file_9'), F15; Algorithm 'CHASM'; column 'NPV (±2σ)'",0.65,result
somatic-oncogenicity-20261009-result-chen2020-chasm-oncokb-median-precision,somatic-oncogenicity-20261009-source-chen2020-additional-file-9,"Additional file 9 (sheet 'Additional_file_9'), E15; Algorithm 'CHASM'; column 'PPV (±2σ)'",0.65,result
somatic-oncogenicity-20261009-result-chen2020-chasm-oncokb-median-recall,somatic-oncogenicity-20261009-source-chen2020-additional-file-9,"Additional file 9 (sheet 'Additional_file_9'), C15; Algorithm 'CHASM'; column 'Sensitivity (±2σ)'",0.65,result
somatic-oncogenicity-20261009-result-chen2020-chasm-oncokb-median-specificity,somatic-oncogenicity-20261009-source-chen2020-additional-file-9,"Additional file 9 (sheet 'Additional_file_9'), D15; Algorithm 'CHASM'; column 'Specificity (±2σ)'",0.64,result
somatic-oncogenicity-20261009-result-chen2020-chasm-viability-median-accuracy,somatic-oncogenicity-20261009-source-chen2020-additional-file-21,"Additional file 21 (sheet 'Additional_file_21'), B4; Algorithm 'CHASM'; column 'Accuracy (±2σ)'",0.69,result
somatic-oncogenicity-20261009-result-chen2020-chasm-viability-median-negative-predictive-value,somatic-oncogenicity-20261009-source-chen2020-additional-file-21,"Additional file 21 (sheet 'Additional_file_21'), F4; Algorithm 'CHASM'; column 'NPV (±2σ)'",0.69,result
somatic-oncogenicity-20261009-result-chen2020-chasm-viability-median-precision,somatic-oncogenicity-20261009-source-chen2020-additional-file-21,"Additional file 21 (sheet 'Additional_file_21'), E4; Algorithm 'CHASM'; column 'PPV (±2σ)'",0.69,result
somatic-oncogenicity-20261009-result-chen2020-chasm-viability-median-recall,somatic-oncogenicity-20261009-source-chen2020-additional-file-21,"Additional file 21 (sheet 'Additional_file_21'), C4; Algorithm 'CHASM'; column 'Sensitivity (±2σ)'",0.69,result
somatic-oncogenicity-20261009-result-chen2020-chasm-viability-median-specificity,somatic-oncogenicity-20261009-source-chen2020-additional-file-21,"Additional file 21 (sheet 'Additional_file_21'), D4; Algorithm 'CHASM'; column 'Specificity (±2σ)'",0.69,result
somatic-oncogenicity-20261009-result-chen2020-ctat-cancer-oncokb-median-accuracy,somatic-oncogenicity-20261009-source-chen2020-additional-file-9,"Additional file 9 (sheet 'Additional_file_9'), B18; Algorithm 'CTAT-cancer'; column 'Accuracy (±2σ)'",0.63,result
somatic-oncogenicity-20261009-result-chen2020-ctat-cancer-oncokb-median-negative-predictive-value,somatic-oncogenicity-20261009-source-chen2020-additional-file-9,"Additional file 9 (sheet 'Additional_file_9'), F18; Algorithm 'CTAT-cancer'; column 'NPV (±2σ)'",0.63,result
somatic-oncogenicity-20261009-result-chen2020-ctat-cancer-oncokb-median-precision,somatic-oncogenicity-20261009-source-chen2020-additional-file-9,"Additional file 9 (sheet 'Additional_file_9'), E18; Algorithm 'CTAT-cancer'; column 'PPV (±2σ)'",0.63,result
somatic-oncogenicity-20261009-result-chen2020-ctat-cancer-oncokb-median-recall,somatic-oncogenicity-20261009-source-chen2020-additional-file-9,"Additional file 9 (sheet 'Additional_file_9'), C18; Algorithm 'CTAT-cancer'; column 'Sensitivity (±2σ)'",0.63,result
somatic-oncogenicity-20261009-result-chen2020-ctat-cancer-oncokb-median-specificity,somatic-oncogenicity-20261009-source-chen2020-additional-file-9,"Additional file 9 (sheet 'Additional_file_9'), D18; Algorithm 'CTAT-cancer'; column 'Specificity (±2σ)'",0.63,result
somatic-oncogenicity-20261009-result-chen2020-ctat-cancer-viability-median-accuracy,somatic-oncogenicity-20261009-source-chen2020-additional-file-21,"Additional file 21 (sheet 'Additional_file_21'), B2; Algorithm 'CTAT-cancer'; column 'Accuracy (±2σ)'",0.70,result
somatic-oncogenicity-20261009-result-chen2020-ctat-cancer-viability-median-negative-predictive-value,somatic-oncogenicity-20261009-source-chen2020-additional-file-21,"Additional file 21 (sheet 'Additional_file_21'), F2; Algorithm 'CTAT-cancer'; column 'NPV (±2σ)'",0.70,result
somatic-oncogenicity-20261009-result-chen2020-ctat-cancer-viability-median-precision,somatic-oncogenicity-20261009-source-chen2020-additional-file-21,"Additional file 21 (sheet 'Additional_file_21'), E2; Algorithm 'CTAT-cancer'; column 'PPV (±2σ)'",0.70,result
somatic-oncogenicity-20261009-result-chen2020-ctat-cancer-viability-median-recall,somatic-oncogenicity-20261009-source-chen2020-additional-file-21,"Additional file 21 (sheet 'Additional_file_21'), C2; Algorithm 'CTAT-cancer'; column 'Sensitivity (±2σ)'",0.70,result
somatic-oncogenicity-20261009-result-chen2020-ctat-cancer-viability-median-specificity,somatic-oncogenicity-20261009-source-chen2020-additional-file-21,"Additional file 21 (sheet 'Additional_file_21'), D2; Algorithm 'CTAT-cancer'; column 'Specificity (±2σ)'",0.70,result
somatic-oncogenicity-20261009-result-chen2020-ctat-population-oncokb-median-accuracy,somatic-oncogenicity-20261009-source-chen2020-additional-file-9,"Additional file 9 (sheet 'Additional_file_9'), B7; Algorithm 'CTAT-population'; column 'Accuracy (±2σ)'",0.66,result
somatic-oncogenicity-20261009-result-chen2020-ctat-population-oncokb-median-negative-predictive-value,somatic-oncogenicity-20261009-source-chen2020-additional-file-9,"Additional file 9 (sheet 'Additional_file_9'), F7; Algorithm 'CTAT-population'; column 'NPV (±2σ)'",0.66,result
somatic-oncogenicity-20261009-result-chen2020-ctat-population-oncokb-median-precision,somatic-oncogenicity-20261009-source-chen2020-additional-file-9,"Additional file 9 (sheet 'Additional_file_9'), E7; Algorithm 'CTAT-population'; column 'PPV (±2σ)'",0.66,result
somatic-oncogenicity-20261009-result-chen2020-ctat-population-oncokb-median-recall,somatic-oncogenicity-20261009-source-chen2020-additional-file-9,"Additional file 9 (sheet 'Additional_file_9'), C7; Algorithm 'CTAT-population'; column 'Sensitivity (±2σ)'",0.66,result
somatic-oncogenicity-20261009-result-chen2020-ctat-population-oncokb-median-specificity,somatic-oncogenicity-20261009-source-chen2020-additional-file-9,"Additional file 9 (sheet 'Additional_file_9'), D7; Algorithm 'CTAT-population'; column 'Specificity (±2σ)'",0.66,result
somatic-oncogenicity-20261009-result-chen2020-ctat-population-viability-median-accuracy,somatic-oncogenicity-20261009-source-chen2020-additional-file-21,"Additional file 21 (sheet 'Additional_file_21'), B11; Algorithm 'CTAT-population'; column 'Accuracy (±2σ)'",0.64,result
somatic-oncogenicity-20261009-result-chen2020-ctat-population-viability-median-negative-predictive-value,somatic-oncogenicity-20261009-source-chen2020-additional-file-21,"Additional file 21 (sheet 'Additional_file_21'), F11; Algorithm 'CTAT-population'; column 'NPV (±2σ)'",0.64,result
somatic-oncogenicity-20261009-result-chen2020-ctat-population-viability-median-precision,somatic-oncogenicity-20261009-source-chen2020-additional-file-21,"Additional file 21 (sheet 'Additional_file_21'), E11; Algorithm 'CTAT-population'; column 'PPV (±2σ)'",0.64,result
somatic-oncogenicity-20261009-result-chen2020-ctat-population-viability-median-recall,somatic-oncogenicity-20261009-source-chen2020-additional-file-21,"Additional file 21 (sheet 'Additional_file_21'), C11; Algorithm 'CTAT-population'; column 'Sensitivity (±2σ)'",0.64,result
somatic-oncogenicity-20261009-result-chen2020-ctat-population-viability-median-specificity,somatic-oncogenicity-20261009-source-chen2020-additional-file-21,"Additional file 21 (sheet 'Additional_file_21'), D11; Algorithm 'CTAT-population'; column 'Specificity (±2σ)'",0.64,result
somatic-oncogenicity-20261009-result-chen2020-dann-oncokb-median-accuracy,somatic-oncogenicity-20261009-source-chen2020-additional-file-9,"Additional file 9 (sheet 'Additional_file_9'), B27; Algorithm 'DANN'; column 'Accuracy (±2σ)'",0.59,result
somatic-oncogenicity-20261009-result-chen2020-dann-oncokb-median-negative-predictive-value,somatic-oncogenicity-20261009-source-chen2020-additional-file-9,"Additional file 9 (sheet 'Additional_file_9'), F27; Algorithm 'DANN'; column 'NPV (±2σ)'",0.59,result
somatic-oncogenicity-20261009-result-chen2020-dann-oncokb-median-precision,somatic-oncogenicity-20261009-source-chen2020-additional-file-9,"Additional file 9 (sheet 'Additional_file_9'), E27; Algorithm 'DANN'; column 'PPV (±2σ)'",0.59,result
somatic-oncogenicity-20261009-result-chen2020-dann-oncokb-median-recall,somatic-oncogenicity-20261009-source-chen2020-additional-file-9,"Additional file 9 (sheet 'Additional_file_9'), C27; Algorithm 'DANN'; column 'Sensitivity (±2σ)'",0.59,result
somatic-oncogenicity-20261009-result-chen2020-dann-oncokb-median-specificity,somatic-oncogenicity-20261009-source-chen2020-additional-file-9,"Additional file 9 (sheet 'Additional_file_9'), D27; Algorithm 'DANN'; column 'Specificity (±2σ)'",0.59,result
somatic-oncogenicity-20261009-result-chen2020-dann-viability-median-accuracy,somatic-oncogenicity-20261009-source-chen2020-additional-file-21,"Additional file 21 (sheet 'Additional_file_21'), B27; Algorithm 'DANN'; column 'Accuracy (±2σ)'",0.58,result
somatic-oncogenicity-20261009-result-chen2020-dann-viability-median-negative-predictive-value,somatic-oncogenicity-20261009-source-chen2020-additional-file-21,"Additional file 21 (sheet 'Additional_file_21'), F27; Algorithm 'DANN'; column 'NPV (±2σ)'",0.58,result
somatic-oncogenicity-20261009-result-chen2020-dann-viability-median-precision,somatic-oncogenicity-20261009-source-chen2020-additional-file-21,"Additional file 21 (sheet 'Additional_file_21'), E27; Algorithm 'DANN'; column 'PPV (±2σ)'",0.58,result
somatic-oncogenicity-20261009-result-chen2020-dann-viability-median-recall,somatic-oncogenicity-20261009-source-chen2020-additional-file-21,"Additional file 21 (sheet 'Additional_file_21'), C27; Algorithm 'DANN'; column 'Sensitivity (±2σ)'",0.58,result
somatic-oncogenicity-20261009-result-chen2020-dann-viability-median-specificity,somatic-oncogenicity-20261009-source-chen2020-additional-file-21,"Additional file 21 (sheet 'Additional_file_21'), D27; Algorithm 'DANN'; column 'Specificity (±2σ)'",0.58,result
somatic-oncogenicity-20261009-result-chen2020-deogen2-oncokb-default-accuracy,somatic-oncogenicity-20261009-source-chen2020-additional-file-10,"Additional file 10 (sheet 'Additional_file_10'), B2; Algorithm 'DEOGEN2'; column 'Accuracy (±2σ)'",0.70,result
somatic-oncogenicity-20261009-result-chen2020-deogen2-oncokb-default-negative-predictive-value,somatic-oncogenicity-20261009-source-chen2020-additional-file-10,"Additional file 10 (sheet 'Additional_file_10'), F2; Algorithm 'DEOGEN2'; column 'NPV (±2σ)'",0.79,result
somatic-oncogenicity-20261009-result-chen2020-deogen2-oncokb-default-precision,somatic-oncogenicity-20261009-source-chen2020-additional-file-10,"Additional file 10 (sheet 'Additional_file_10'), E2; Algorithm 'DEOGEN2'; column 'PPV (±2σ)'",0.65,result
somatic-oncogenicity-20261009-result-chen2020-deogen2-oncokb-default-recall,somatic-oncogenicity-20261009-source-chen2020-additional-file-10,"Additional file 10 (sheet 'Additional_file_10'), C2; Algorithm 'DEOGEN2'; column 'Sensitivity (±2σ)'",0.87,result
somatic-oncogenicity-20261009-result-chen2020-deogen2-oncokb-default-specificity,somatic-oncogenicity-20261009-source-chen2020-additional-file-10,"Additional file 10 (sheet 'Additional_file_10'), D2; Algorithm 'DEOGEN2'; column 'Specificity (±2σ)'",0.51,result
somatic-oncogenicity-20261009-result-chen2020-deogen2-oncokb-median-accuracy,somatic-oncogenicity-20261009-source-chen2020-additional-file-9,"Additional file 9 (sheet 'Additional_file_9'), B8; Algorithm 'DEOGEN2'; column 'Accuracy (±2σ)'",0.66,result
somatic-oncogenicity-20261009-result-chen2020-deogen2-oncokb-median-negative-predictive-value,somatic-oncogenicity-20261009-source-chen2020-additional-file-9,"Additional file 9 (sheet 'Additional_file_9'), F8; Algorithm 'DEOGEN2'; column 'NPV (±2σ)'",0.66,result
somatic-oncogenicity-20261009-result-chen2020-deogen2-oncokb-median-precision,somatic-oncogenicity-20261009-source-chen2020-additional-file-9,"Additional file 9 (sheet 'Additional_file_9'), E8; Algorithm 'DEOGEN2'; column 'PPV (±2σ)'",0.66,result
somatic-oncogenicity-20261009-result-chen2020-deogen2-oncokb-median-recall,somatic-oncogenicity-20261009-source-chen2020-additional-file-9,"Additional file 9 (sheet 'Additional_file_9'), C8; Algorithm 'DEOGEN2'; column 'Sensitivity (±2σ)'",0.66,result
somatic-oncogenicity-20261009-result-chen2020-deogen2-oncokb-median-specificity,somatic-oncogenicity-20261009-source-chen2020-additional-file-9,"Additional file 9 (sheet 'Additional_file_9'), D8; Algorithm 'DEOGEN2'; column 'Specificity (±2σ)'",0.66,result
somatic-oncogenicity-20261009-result-chen2020-deogen2-viability-default-accuracy,somatic-oncogenicity-20261009-source-chen2020-additional-file-22,"Additional file 22 (sheet 'Additional_file_22'), B4; Algorithm 'DEOGEN2'; column 'Accuracy (±2σ)'",0.62,result
somatic-oncogenicity-20261009-result-chen2020-deogen2-viability-default-negative-predictive-value,somatic-oncogenicity-20261009-source-chen2020-additional-file-22,"Additional file 22 (sheet 'Additional_file_22'), F4; Algorithm 'DEOGEN2'; column 'NPV (±2σ)'",0.72,result
somatic-oncogenicity-20261009-result-chen2020-deogen2-viability-default-precision,somatic-oncogenicity-20261009-source-chen2020-additional-file-22,"Additional file 22 (sheet 'Additional_file_22'), E4; Algorithm 'DEOGEN2'; column 'PPV (±2σ)'",0.58,result
somatic-oncogenicity-20261009-result-chen2020-deogen2-viability-default-recall,somatic-oncogenicity-20261009-source-chen2020-additional-file-22,"Additional file 22 (sheet 'Additional_file_22'), C4; Algorithm 'DEOGEN2'; column 'Sensitivity (±2σ)'",0.85,result
somatic-oncogenicity-20261009-result-chen2020-deogen2-viability-default-specificity,somatic-oncogenicity-20261009-source-chen2020-additional-file-22,"Additional file 22 (sheet 'Additional_file_22'), D4; Algorithm 'DEOGEN2'; column 'Specificity (±2σ)'",0.38,result
somatic-oncogenicity-20261009-result-chen2020-deogen2-viability-median-accuracy,somatic-oncogenicity-20261009-source-chen2020-additional-file-21,"Additional file 21 (sheet 'Additional_file_21'), B12; Algorithm 'DEOGEN2'; column 'Accuracy (±2σ)'",0.64,result
somatic-oncogenicity-20261009-result-chen2020-deogen2-viability-median-negative-predictive-value,somatic-oncogenicity-20261009-source-chen2020-additional-file-21,"Additional file 21 (sheet 'Additional_file_21'), F12; Algorithm 'DEOGEN2'; column 'NPV (±2σ)'",0.64,result
somatic-oncogenicity-20261009-result-chen2020-deogen2-viability-median-precision,somatic-oncogenicity-20261009-source-chen2020-additional-file-21,"Additional file 21 (sheet 'Additional_file_21'), E12; Algorithm 'DEOGEN2'; column 'PPV (±2σ)'",0.64,result
somatic-oncogenicity-20261009-result-chen2020-deogen2-viability-median-recall,somatic-oncogenicity-20261009-source-chen2020-additional-file-21,"Additional file 21 (sheet 'Additional_file_21'), C12; Algorithm 'DEOGEN2'; column 'Sensitivity (±2σ)'",0.64,result
somatic-oncogenicity-20261009-result-chen2020-deogen2-viability-median-specificity,somatic-oncogenicity-20261009-source-chen2020-additional-file-21,"Additional file 21 (sheet 'Additional_file_21'), D12; Algorithm 'DEOGEN2'; column 'Specificity (±2σ)'",0.64,result
somatic-oncogenicity-20261009-result-chen2020-eigen-oncokb-median-accuracy,somatic-oncogenicity-20261009-source-chen2020-additional-file-9,"Additional file 9 (sheet 'Additional_file_9'), B11; Algorithm 'Eigen'; column 'Accuracy (±2σ)'",0.66,result
somatic-oncogenicity-20261009-result-chen2020-eigen-oncokb-median-negative-predictive-value,somatic-oncogenicity-20261009-source-chen2020-additional-file-9,"Additional file 9 (sheet 'Additional_file_9'), F11; Algorithm 'Eigen'; column 'NPV (±2σ)'",0.66,result
somatic-oncogenicity-20261009-result-chen2020-eigen-oncokb-median-precision,somatic-oncogenicity-20261009-source-chen2020-additional-file-9,"Additional file 9 (sheet 'Additional_file_9'), E11; Algorithm 'Eigen'; column 'PPV (±2σ)'",0.66,result
somatic-oncogenicity-20261009-result-chen2020-eigen-oncokb-median-recall,somatic-oncogenicity-20261009-source-chen2020-additional-file-9,"Additional file 9 (sheet 'Additional_file_9'), C11; Algorithm 'Eigen'; column 'Sensitivity (±2σ)'",0.66,result
somatic-oncogenicity-20261009-result-chen2020-eigen-oncokb-median-specificity,somatic-oncogenicity-20261009-source-chen2020-additional-file-9,"Additional file 9 (sheet 'Additional_file_9'), D11; Algorithm 'Eigen'; column 'Specificity (±2σ)'",0.66,result
somatic-oncogenicity-20261009-result-chen2020-eigen-pc-oncokb-median-accuracy,somatic-oncogenicity-20261009-source-chen2020-additional-file-9,"Additional file 9 (sheet 'Additional_file_9'), B9; Algorithm 'Eigen-PC'; column 'Accuracy (±2σ)'",0.66,result
somatic-oncogenicity-20261009-result-chen2020-eigen-pc-oncokb-median-negative-predictive-value,somatic-oncogenicity-20261009-source-chen2020-additional-file-9,"Additional file 9 (sheet 'Additional_file_9'), F9; Algorithm 'Eigen-PC'; column 'NPV (±2σ)'",0.66,result
somatic-oncogenicity-20261009-result-chen2020-eigen-pc-oncokb-median-precision,somatic-oncogenicity-20261009-source-chen2020-additional-file-9,"Additional file 9 (sheet 'Additional_file_9'), E9; Algorithm 'Eigen-PC'; column 'PPV (±2σ)'",0.66,result
somatic-oncogenicity-20261009-result-chen2020-eigen-pc-oncokb-median-recall,somatic-oncogenicity-20261009-source-chen2020-additional-file-9,"Additional file 9 (sheet 'Additional_file_9'), C9; Algorithm 'Eigen-PC'; column 'Sensitivity (±2σ)'",0.66,result
somatic-oncogenicity-20261009-result-chen2020-eigen-pc-oncokb-median-specificity,somatic-oncogenicity-20261009-source-chen2020-additional-file-9,"Additional file 9 (sheet 'Additional_file_9'), D9; Algorithm 'Eigen-PC'; column 'Specificity (±2σ)'",0.66,result
somatic-oncogenicity-20261009-result-chen2020-eigen-pc-viability-median-accuracy,somatic-oncogenicity-20261009-source-chen2020-additional-file-21,"Additional file 21 (sheet 'Additional_file_21'), B15; Algorithm 'Eigen-PC'; column 'Accuracy (±2σ)'",0.63,result
somatic-oncogenicity-20261009-result-chen2020-eigen-pc-viability-median-negative-predictive-value,somatic-oncogenicity-20261009-source-chen2020-additional-file-21,"Additional file 21 (sheet 'Additional_file_21'), F15; Algorithm 'Eigen-PC'; column 'NPV (±2σ)'",0.63,result
somatic-oncogenicity-20261009-result-chen2020-eigen-pc-viability-median-precision,somatic-oncogenicity-20261009-source-chen2020-additional-file-21,"Additional file 21 (sheet 'Additional_file_21'), E15; Algorithm 'Eigen-PC'; column 'PPV (±2σ)'",0.63,result
somatic-oncogenicity-20261009-result-chen2020-eigen-pc-viability-median-recall,somatic-oncogenicity-20261009-source-chen2020-additional-file-21,"Additional file 21 (sheet 'Additional_file_21'), C15; Algorithm 'Eigen-PC'; column 'Sensitivity (±2σ)'",0.63,result
somatic-oncogenicity-20261009-result-chen2020-eigen-pc-viability-median-specificity,somatic-oncogenicity-20261009-source-chen2020-additional-file-21,"Additional file 21 (sheet 'Additional_file_21'), D15; Algorithm 'Eigen-PC'; column 'Specificity (±2σ)'",0.63,result
somatic-oncogenicity-20261009-result-chen2020-eigen-viability-median-accuracy,somatic-oncogenicity-20261009-source-chen2020-additional-file-21,"Additional file 21 (sheet 'Additional_file_21'), B16; Algorithm 'Eigen'; column 'Accuracy (±2σ)'",0.62,result
somatic-oncogenicity-20261009-result-chen2020-eigen-viability-median-negative-predictive-value,somatic-oncogenicity-20261009-source-chen2020-additional-file-21,"Additional file 21 (sheet 'Additional_file_21'), F16; Algorithm 'Eigen'; column 'NPV (±2σ)'",0.62,result
somatic-oncogenicity-20261009-result-chen2020-eigen-viability-median-precision,somatic-oncogenicity-20261009-source-chen2020-additional-file-21,"Additional file 21 (sheet 'Additional_file_21'), E16; Algorithm 'Eigen'; column 'PPV (±2σ)'",0.62,result
somatic-oncogenicity-20261009-result-chen2020-eigen-viability-median-recall,somatic-oncogenicity-20261009-source-chen2020-additional-file-21,"Additional file 21 (sheet 'Additional_file_21'), C16; Algorithm 'Eigen'; column 'Sensitivity (±2σ)'",0.62,result
somatic-oncogenicity-20261009-result-chen2020-eigen-viability-median-specificity,somatic-oncogenicity-20261009-source-chen2020-additional-file-21,"Additional file 21 (sheet 'Additional_file_21'), D16; Algorithm 'Eigen'; column 'Specificity (±2σ)'",0.62,result
somatic-oncogenicity-20261009-result-chen2020-fathmm-cancer-oncokb-median-accuracy,somatic-oncogenicity-20261009-source-chen2020-additional-file-9,"Additional file 9 (sheet 'Additional_file_9'), B6; Algorithm 'FATHMM-cancer'; column 'Accuracy (±2σ)'",0.67,result
somatic-oncogenicity-20261009-result-chen2020-fathmm-cancer-oncokb-median-negative-predictive-value,somatic-oncogenicity-20261009-source-chen2020-additional-file-9,"Additional file 9 (sheet 'Additional_file_9'), F6; Algorithm 'FATHMM-cancer'; column 'NPV (±2σ)'",0.67,result
somatic-oncogenicity-20261009-result-chen2020-fathmm-cancer-oncokb-median-precision,somatic-oncogenicity-20261009-source-chen2020-additional-file-9,"Additional file 9 (sheet 'Additional_file_9'), E6; Algorithm 'FATHMM-cancer'; column 'PPV (±2σ)'",0.67,result
somatic-oncogenicity-20261009-result-chen2020-fathmm-cancer-oncokb-median-recall,somatic-oncogenicity-20261009-source-chen2020-additional-file-9,"Additional file 9 (sheet 'Additional_file_9'), C6; Algorithm 'FATHMM-cancer'; column 'Sensitivity (±2σ)'",0.67,result
somatic-oncogenicity-20261009-result-chen2020-fathmm-cancer-oncokb-median-specificity,somatic-oncogenicity-20261009-source-chen2020-additional-file-9,"Additional file 9 (sheet 'Additional_file_9'), D6; Algorithm 'FATHMM-cancer'; column 'Specificity (±2σ)'",0.67,result
somatic-oncogenicity-20261009-result-chen2020-fathmm-cancer-viability-median-accuracy,somatic-oncogenicity-20261009-source-chen2020-additional-file-21,"Additional file 21 (sheet 'Additional_file_21'), B8; Algorithm 'FATHMM-cancer'; column 'Accuracy (±2σ)'",0.66,result
somatic-oncogenicity-20261009-result-chen2020-fathmm-cancer-viability-median-negative-predictive-value,somatic-oncogenicity-20261009-source-chen2020-additional-file-21,"Additional file 21 (sheet 'Additional_file_21'), F8; Algorithm 'FATHMM-cancer'; column 'NPV (±2σ)'",0.66,result
somatic-oncogenicity-20261009-result-chen2020-fathmm-cancer-viability-median-precision,somatic-oncogenicity-20261009-source-chen2020-additional-file-21,"Additional file 21 (sheet 'Additional_file_21'), E8; Algorithm 'FATHMM-cancer'; column 'PPV (±2σ)'",0.65,result
somatic-oncogenicity-20261009-result-chen2020-fathmm-cancer-viability-median-recall,somatic-oncogenicity-20261009-source-chen2020-additional-file-21,"Additional file 21 (sheet 'Additional_file_21'), C8; Algorithm 'FATHMM-cancer'; column 'Sensitivity (±2σ)'",0.66,result
somatic-oncogenicity-20261009-result-chen2020-fathmm-cancer-viability-median-specificity,somatic-oncogenicity-20261009-source-chen2020-additional-file-21,"Additional file 21 (sheet 'Additional_file_21'), D8; Algorithm 'FATHMM-cancer'; column 'Specificity (±2σ)'",0.65,result
somatic-oncogenicity-20261009-result-chen2020-fathmm-disease-oncokb-default-accuracy,somatic-oncogenicity-20261009-source-chen2020-additional-file-10,"Additional file 10 (sheet 'Additional_file_10'), B17; Algorithm 'FATHMM-disease'; column 'Accuracy (±2σ)'",0.52,result
somatic-oncogenicity-20261009-result-chen2020-fathmm-disease-oncokb-default-negative-predictive-value,somatic-oncogenicity-20261009-source-chen2020-additional-file-10,"Additional file 10 (sheet 'Additional_file_10'), F17; Algorithm 'FATHMM-disease'; column 'NPV (±2σ)'",0.53,result
somatic-oncogenicity-20261009-result-chen2020-fathmm-disease-oncokb-default-precision,somatic-oncogenicity-20261009-source-chen2020-additional-file-10,"Additional file 10 (sheet 'Additional_file_10'), E17; Algorithm 'FATHMM-disease'; column 'PPV (±2σ)'",0.51,result
somatic-oncogenicity-20261009-result-chen2020-fathmm-disease-oncokb-default-recall,somatic-oncogenicity-20261009-source-chen2020-additional-file-10,"Additional file 10 (sheet 'Additional_file_10'), C17; Algorithm 'FATHMM-disease'; column 'Sensitivity (±2σ)'",0.63,result
somatic-oncogenicity-20261009-result-chen2020-fathmm-disease-oncokb-default-specificity,somatic-oncogenicity-20261009-source-chen2020-additional-file-10,"Additional file 10 (sheet 'Additional_file_10'), D17; Algorithm 'FATHMM-disease'; column 'Specificity (±2σ)'",0.42,result
somatic-oncogenicity-20261009-result-chen2020-fathmm-disease-oncokb-median-accuracy,somatic-oncogenicity-20261009-source-chen2020-additional-file-9,"Additional file 9 (sheet 'Additional_file_9'), B34; Algorithm 'FATHMM-disease'; column 'Accuracy (±2σ)'",0.50,result
somatic-oncogenicity-20261009-result-chen2020-fathmm-disease-oncokb-median-negative-predictive-value,somatic-oncogenicity-20261009-source-chen2020-additional-file-9,"Additional file 9 (sheet 'Additional_file_9'), F34; Algorithm 'FATHMM-disease'; column 'NPV (±2σ)'",0.50,result
somatic-oncogenicity-20261009-result-chen2020-fathmm-disease-oncokb-median-precision,somatic-oncogenicity-20261009-source-chen2020-additional-file-9,"Additional file 9 (sheet 'Additional_file_9'), E34; Algorithm 'FATHMM-disease'; column 'PPV (±2σ)'",0.50,result
somatic-oncogenicity-20261009-result-chen2020-fathmm-disease-oncokb-median-recall,somatic-oncogenicity-20261009-source-chen2020-additional-file-9,"Additional file 9 (sheet 'Additional_file_9'), C34; Algorithm 'FATHMM-disease'; column 'Sensitivity (±2σ)'",0.50,result
somatic-oncogenicity-20261009-result-chen2020-fathmm-disease-oncokb-median-specificity,somatic-oncogenicity-20261009-source-chen2020-additional-file-9,"Additional file 9 (sheet 'Additional_file_9'), D34; Algorithm 'FATHMM-disease'; column 'Specificity (±2σ)'",0.50,result
somatic-oncogenicity-20261009-result-chen2020-fathmm-disease-viability-default-accuracy,somatic-oncogenicity-20261009-source-chen2020-additional-file-22,"Additional file 22 (sheet 'Additional_file_22'), B18; Algorithm 'FATHMM-disease'; column 'Accuracy (±2σ)'",0.50,result
somatic-oncogenicity-20261009-result-chen2020-fathmm-disease-viability-default-negative-predictive-value,somatic-oncogenicity-20261009-source-chen2020-additional-file-22,"Additional file 22 (sheet 'Additional_file_22'), F18; Algorithm 'FATHMM-disease'; column 'NPV (±2σ)'",0.52,result
somatic-oncogenicity-20261009-result-chen2020-fathmm-disease-viability-default-precision,somatic-oncogenicity-20261009-source-chen2020-additional-file-22,"Additional file 22 (sheet 'Additional_file_22'), E18; Algorithm 'FATHMM-disease'; column 'PPV (±2σ)'",0.47,result
somatic-oncogenicity-20261009-result-chen2020-fathmm-disease-viability-default-recall,somatic-oncogenicity-20261009-source-chen2020-additional-file-22,"Additional file 22 (sheet 'Additional_file_22'), C18; Algorithm 'FATHMM-disease'; column 'Sensitivity (±2σ)'",0.37,result
somatic-oncogenicity-20261009-result-chen2020-fathmm-disease-viability-default-specificity,somatic-oncogenicity-20261009-source-chen2020-additional-file-22,"Additional file 22 (sheet 'Additional_file_22'), D18; Algorithm 'FATHMM-disease'; column 'Specificity (±2σ)'",0.62,result
somatic-oncogenicity-20261009-result-chen2020-fathmm-disease-viability-median-accuracy,somatic-oncogenicity-20261009-source-chen2020-additional-file-21,"Additional file 21 (sheet 'Additional_file_21'), B34; Algorithm 'FATHMM-disease'; column 'Accuracy (±2σ)'",0.46,result
somatic-oncogenicity-20261009-result-chen2020-fathmm-disease-viability-median-negative-predictive-value,somatic-oncogenicity-20261009-source-chen2020-additional-file-21,"Additional file 21 (sheet 'Additional_file_21'), F34; Algorithm 'FATHMM-disease'; column 'NPV (±2σ)'",0.46,result
somatic-oncogenicity-20261009-result-chen2020-fathmm-disease-viability-median-precision,somatic-oncogenicity-20261009-source-chen2020-additional-file-21,"Additional file 21 (sheet 'Additional_file_21'), E34; Algorithm 'FATHMM-disease'; column 'PPV (±2σ)'",0.46,result
somatic-oncogenicity-20261009-result-chen2020-fathmm-disease-viability-median-recall,somatic-oncogenicity-20261009-source-chen2020-additional-file-21,"Additional file 21 (sheet 'Additional_file_21'), C34; Algorithm 'FATHMM-disease'; column 'Sensitivity (±2σ)'",0.46,result
somatic-oncogenicity-20261009-result-chen2020-fathmm-disease-viability-median-specificity,somatic-oncogenicity-20261009-source-chen2020-additional-file-21,"Additional file 21 (sheet 'Additional_file_21'), D34; Algorithm 'FATHMM-disease'; column 'Specificity (±2σ)'",0.46,result
somatic-oncogenicity-20261009-result-chen2020-fathmm-mkl-oncokb-default-accuracy,somatic-oncogenicity-20261009-source-chen2020-additional-file-10,"Additional file 10 (sheet 'Additional_file_10'), B11; Algorithm 'FATHMM-MKL'; column 'Accuracy (±2σ)'",0.60,result
somatic-oncogenicity-20261009-result-chen2020-fathmm-mkl-oncokb-default-negative-predictive-value,somatic-oncogenicity-20261009-source-chen2020-additional-file-10,"Additional file 10 (sheet 'Additional_file_10'), F11; Algorithm 'FATHMM-MKL'; column 'NPV (±2σ)'",0.93,result
somatic-oncogenicity-20261009-result-chen2020-fathmm-mkl-oncokb-default-precision,somatic-oncogenicity-20261009-source-chen2020-additional-file-10,"Additional file 10 (sheet 'Additional_file_10'), E11; Algorithm 'FATHMM-MKL'; column 'PPV (±2σ)'",0.56,result
somatic-oncogenicity-20261009-result-chen2020-fathmm-mkl-oncokb-default-recall,somatic-oncogenicity-20261009-source-chen2020-additional-file-10,"Additional file 10 (sheet 'Additional_file_10'), C11; Algorithm 'FATHMM-MKL'; column 'Sensitivity (±2σ)'",0.98,result
somatic-oncogenicity-20261009-result-chen2020-fathmm-mkl-oncokb-default-specificity,somatic-oncogenicity-20261009-source-chen2020-additional-file-10,"Additional file 10 (sheet 'Additional_file_10'), D11; Algorithm 'FATHMM-MKL'; column 'Specificity (±2σ)'",0.21,result
somatic-oncogenicity-20261009-result-chen2020-fathmm-mkl-oncokb-median-accuracy,somatic-oncogenicity-20261009-source-chen2020-additional-file-9,"Additional file 9 (sheet 'Additional_file_9'), B19; Algorithm 'FATHMM-MKL'; column 'Accuracy (±2σ)'",0.63,result
somatic-oncogenicity-20261009-result-chen2020-fathmm-mkl-oncokb-median-negative-predictive-value,somatic-oncogenicity-20261009-source-chen2020-additional-file-9,"Additional file 9 (sheet 'Additional_file_9'), F19; Algorithm 'FATHMM-MKL'; column 'NPV (±2σ)'",0.63,result
somatic-oncogenicity-20261009-result-chen2020-fathmm-mkl-oncokb-median-precision,somatic-oncogenicity-20261009-source-chen2020-additional-file-9,"Additional file 9 (sheet 'Additional_file_9'), E19; Algorithm 'FATHMM-MKL'; column 'PPV (±2σ)'",0.63,result
somatic-oncogenicity-20261009-result-chen2020-fathmm-mkl-oncokb-median-recall,somatic-oncogenicity-20261009-source-chen2020-additional-file-9,"Additional file 9 (sheet 'Additional_file_9'), C19; Algorithm 'FATHMM-MKL'; column 'Sensitivity (±2σ)'",0.63,result
somatic-oncogenicity-20261009-result-chen2020-fathmm-mkl-oncokb-median-specificity,somatic-oncogenicity-20261009-source-chen2020-additional-file-9,"Additional file 9 (sheet 'Additional_file_9'), D19; Algorithm 'FATHMM-MKL'; column 'Specificity (±2σ)'",0.63,result
somatic-oncogenicity-20261009-result-chen2020-fathmm-mkl-viability-default-accuracy,somatic-oncogenicity-20261009-source-chen2020-additional-file-22,"Additional file 22 (sheet 'Additional_file_22'), B17; Algorithm 'FATHMM-MKL'; column 'Accuracy (±2σ)'",0.53,result
somatic-oncogenicity-20261009-result-chen2020-fathmm-mkl-viability-default-negative-predictive-value,somatic-oncogenicity-20261009-source-chen2020-additional-file-22,"Additional file 22 (sheet 'Additional_file_22'), F17; Algorithm 'FATHMM-MKL'; column 'NPV (±2σ)'",0.71,result
somatic-oncogenicity-20261009-result-chen2020-fathmm-mkl-viability-default-precision,somatic-oncogenicity-20261009-source-chen2020-additional-file-22,"Additional file 22 (sheet 'Additional_file_22'), E17; Algorithm 'FATHMM-MKL'; column 'PPV (±2σ)'",0.52,result
somatic-oncogenicity-20261009-result-chen2020-fathmm-mkl-viability-default-recall,somatic-oncogenicity-20261009-source-chen2020-additional-file-22,"Additional file 22 (sheet 'Additional_file_22'), C17; Algorithm 'FATHMM-MKL'; column 'Sensitivity (±2σ)'",0.97,result
somatic-oncogenicity-20261009-result-chen2020-fathmm-mkl-viability-default-specificity,somatic-oncogenicity-20261009-source-chen2020-additional-file-22,"Additional file 22 (sheet 'Additional_file_22'), D17; Algorithm 'FATHMM-MKL'; column 'Specificity (±2σ)'",0.08,result
somatic-oncogenicity-20261009-result-chen2020-fathmm-mkl-viability-median-accuracy,somatic-oncogenicity-20261009-source-chen2020-additional-file-21,"Additional file 21 (sheet 'Additional_file_21'), B18; Algorithm 'FATHMM-MKL'; column 'Accuracy (±2σ)'",0.62,result
somatic-oncogenicity-20261009-result-chen2020-fathmm-mkl-viability-median-negative-predictive-value,somatic-oncogenicity-20261009-source-chen2020-additional-file-21,"Additional file 21 (sheet 'Additional_file_21'), F18; Algorithm 'FATHMM-MKL'; column 'NPV (±2σ)'",0.62,result
somatic-oncogenicity-20261009-result-chen2020-fathmm-mkl-viability-median-precision,somatic-oncogenicity-20261009-source-chen2020-additional-file-21,"Additional file 21 (sheet 'Additional_file_21'), E18; Algorithm 'FATHMM-MKL'; column 'PPV (±2σ)'",0.62,result
somatic-oncogenicity-20261009-result-chen2020-fathmm-mkl-viability-median-recall,somatic-oncogenicity-20261009-source-chen2020-additional-file-21,"Additional file 21 (sheet 'Additional_file_21'), C18; Algorithm 'FATHMM-MKL'; column 'Sensitivity (±2σ)'",0.62,result
somatic-oncogenicity-20261009-result-chen2020-fathmm-mkl-viability-median-specificity,somatic-oncogenicity-20261009-source-chen2020-additional-file-21,"Additional file 21 (sheet 'Additional_file_21'), D18; Algorithm 'FATHMM-MKL'; column 'Specificity (±2σ)'",0.62,result
somatic-oncogenicity-20261009-result-chen2020-fathmm-xf-oncokb-default-accuracy,somatic-oncogenicity-20261009-source-chen2020-additional-file-10,"Additional file 10 (sheet 'Additional_file_10'), B4; Algorithm 'FATHMM-XF'; column 'Accuracy (±2σ)'",0.66,result
somatic-oncogenicity-20261009-result-chen2020-fathmm-xf-oncokb-default-negative-predictive-value,somatic-oncogenicity-20261009-source-chen2020-additional-file-10,"Additional file 10 (sheet 'Additional_file_10'), F4; Algorithm 'FATHMM-XF'; column 'NPV (±2σ)'",0.85,result
somatic-oncogenicity-20261009-result-chen2020-fathmm-xf-oncokb-default-precision,somatic-oncogenicity-20261009-source-chen2020-additional-file-10,"Additional file 10 (sheet 'Additional_file_10'), E4; Algorithm 'FATHMM-XF'; column 'PPV (±2σ)'",0.60,result
somatic-oncogenicity-20261009-result-chen2020-fathmm-xf-oncokb-default-recall,somatic-oncogenicity-20261009-source-chen2020-additional-file-10,"Additional file 10 (sheet 'Additional_file_10'), C4; Algorithm 'FATHMM-XF'; column 'Sensitivity (±2σ)'",0.93,result
somatic-oncogenicity-20261009-result-chen2020-fathmm-xf-oncokb-default-specificity,somatic-oncogenicity-20261009-source-chen2020-additional-file-10,"Additional file 10 (sheet 'Additional_file_10'), D4; Algorithm 'FATHMM-XF'; column 'Specificity (±2σ)'",0.39,result
somatic-oncogenicity-20261009-result-chen2020-fathmm-xf-oncokb-median-accuracy,somatic-oncogenicity-20261009-source-chen2020-additional-file-9,"Additional file 9 (sheet 'Additional_file_9'), B12; Algorithm 'FATHMM-XF'; column 'Accuracy (±2σ)'",0.65,result
somatic-oncogenicity-20261009-result-chen2020-fathmm-xf-oncokb-median-negative-predictive-value,somatic-oncogenicity-20261009-source-chen2020-additional-file-9,"Additional file 9 (sheet 'Additional_file_9'), F12; Algorithm 'FATHMM-XF'; column 'NPV (±2σ)'",0.65,result
somatic-oncogenicity-20261009-result-chen2020-fathmm-xf-oncokb-median-precision,somatic-oncogenicity-20261009-source-chen2020-additional-file-9,"Additional file 9 (sheet 'Additional_file_9'), E12; Algorithm 'FATHMM-XF'; column 'PPV (±2σ)'",0.65,result
somatic-oncogenicity-20261009-result-chen2020-fathmm-xf-oncokb-median-recall,somatic-oncogenicity-20261009-source-chen2020-additional-file-9,"Additional file 9 (sheet 'Additional_file_9'), C12; Algorithm 'FATHMM-XF'; column 'Sensitivity (±2σ)'",0.65,result
somatic-oncogenicity-20261009-result-chen2020-fathmm-xf-oncokb-median-specificity,somatic-oncogenicity-20261009-source-chen2020-additional-file-9,"Additional file 9 (sheet 'Additional_file_9'), D12; Algorithm 'FATHMM-XF'; column 'Specificity (±2σ)'",0.65,result
somatic-oncogenicity-20261009-result-chen2020-fathmm-xf-viability-default-accuracy,somatic-oncogenicity-20261009-source-chen2020-additional-file-22,"Additional file 22 (sheet 'Additional_file_22'), B8; Algorithm 'FATHMM-XF'; column 'Accuracy (±2σ)'",0.59,result
somatic-oncogenicity-20261009-result-chen2020-fathmm-xf-viability-default-negative-predictive-value,somatic-oncogenicity-20261009-source-chen2020-additional-file-22,"Additional file 22 (sheet 'Additional_file_22'), F8; Algorithm 'FATHMM-XF'; column 'NPV (±2σ)'",0.72,result
somatic-oncogenicity-20261009-result-chen2020-fathmm-xf-viability-default-precision,somatic-oncogenicity-20261009-source-chen2020-additional-file-22,"Additional file 22 (sheet 'Additional_file_22'), E8; Algorithm 'FATHMM-XF'; column 'PPV (±2σ)'",0.56,result
somatic-oncogenicity-20261009-result-chen2020-fathmm-xf-viability-default-recall,somatic-oncogenicity-20261009-source-chen2020-additional-file-22,"Additional file 22 (sheet 'Additional_file_22'), C8; Algorithm 'FATHMM-XF'; column 'Sensitivity (±2σ)'",0.89,result
somatic-oncogenicity-20261009-result-chen2020-fathmm-xf-viability-default-specificity,somatic-oncogenicity-20261009-source-chen2020-additional-file-22,"Additional file 22 (sheet 'Additional_file_22'), D8; Algorithm 'FATHMM-XF'; column 'Specificity (±2σ)'",0.28,result
somatic-oncogenicity-20261009-result-chen2020-fathmm-xf-viability-median-accuracy,somatic-oncogenicity-20261009-source-chen2020-additional-file-21,"Additional file 21 (sheet 'Additional_file_21'), B14; Algorithm 'FATHMM-XF'; column 'Accuracy (±2σ)'",0.63,result
somatic-oncogenicity-20261009-result-chen2020-fathmm-xf-viability-median-negative-predictive-value,somatic-oncogenicity-20261009-source-chen2020-additional-file-21,"Additional file 21 (sheet 'Additional_file_21'), F14; Algorithm 'FATHMM-XF'; column 'NPV (±2σ)'",0.63,result
somatic-oncogenicity-20261009-result-chen2020-fathmm-xf-viability-median-precision,somatic-oncogenicity-20261009-source-chen2020-additional-file-21,"Additional file 21 (sheet 'Additional_file_21'), E14; Algorithm 'FATHMM-XF'; column 'PPV (±2σ)'",0.63,result
somatic-oncogenicity-20261009-result-chen2020-fathmm-xf-viability-median-recall,somatic-oncogenicity-20261009-source-chen2020-additional-file-21,"Additional file 21 (sheet 'Additional_file_21'), C14; Algorithm 'FATHMM-XF'; column 'Sensitivity (±2σ)'",0.63,result
somatic-oncogenicity-20261009-result-chen2020-fathmm-xf-viability-median-specificity,somatic-oncogenicity-20261009-source-chen2020-additional-file-21,"Additional file 21 (sheet 'Additional_file_21'), D14; Algorithm 'FATHMM-XF'; column 'Specificity (±2σ)'",0.63,result
somatic-oncogenicity-20261009-result-chen2020-genocanyon-oncokb-median-accuracy,somatic-oncogenicity-20261009-source-chen2020-additional-file-9,"Additional file 9 (sheet 'Additional_file_9'), B17; Algorithm 'GenoCanyon'; column 'Accuracy (±2σ)'",0.64,result
somatic-oncogenicity-20261009-result-chen2020-genocanyon-oncokb-median-negative-predictive-value,somatic-oncogenicity-20261009-source-chen2020-additional-file-9,"Additional file 9 (sheet 'Additional_file_9'), F17; Algorithm 'GenoCanyon'; column 'NPV (±2σ)'",0.72,result
somatic-oncogenicity-20261009-result-chen2020-genocanyon-oncokb-median-precision,somatic-oncogenicity-20261009-source-chen2020-additional-file-9,"Additional file 9 (sheet 'Additional_file_9'), E17; Algorithm 'GenoCanyon'; column 'PPV (±2σ)'",0.60,result
somatic-oncogenicity-20261009-result-chen2020-genocanyon-oncokb-median-recall,somatic-oncogenicity-20261009-source-chen2020-additional-file-9,"Additional file 9 (sheet 'Additional_file_9'), C17; Algorithm 'GenoCanyon'; column 'Sensitivity (±2σ)'",0.82,result
somatic-oncogenicity-20261009-result-chen2020-genocanyon-oncokb-median-specificity,somatic-oncogenicity-20261009-source-chen2020-additional-file-9,"Additional file 9 (sheet 'Additional_file_9'), D17; Algorithm 'GenoCanyon'; column 'Specificity (±2σ)'",0.47,result
somatic-oncogenicity-20261009-result-chen2020-genocanyon-viability-median-accuracy,somatic-oncogenicity-20261009-source-chen2020-additional-file-21,"Additional file 21 (sheet 'Additional_file_21'), B28; Algorithm 'GenoCanyon'; column 'Accuracy (±2σ)'",0.58,result
somatic-oncogenicity-20261009-result-chen2020-genocanyon-viability-median-negative-predictive-value,somatic-oncogenicity-20261009-source-chen2020-additional-file-21,"Additional file 21 (sheet 'Additional_file_21'), F28; Algorithm 'GenoCanyon'; column 'NPV (±2σ)'",0.66,result
somatic-oncogenicity-20261009-result-chen2020-genocanyon-viability-median-precision,somatic-oncogenicity-20261009-source-chen2020-additional-file-21,"Additional file 21 (sheet 'Additional_file_21'), E28; Algorithm 'GenoCanyon'; column 'PPV (±2σ)'",0.55,result
somatic-oncogenicity-20261009-result-chen2020-genocanyon-viability-median-recall,somatic-oncogenicity-20261009-source-chen2020-additional-file-21,"Additional file 21 (sheet 'Additional_file_21'), C28; Algorithm 'GenoCanyon'; column 'Sensitivity (±2σ)'",0.84,result
somatic-oncogenicity-20261009-result-chen2020-genocanyon-viability-median-specificity,somatic-oncogenicity-20261009-source-chen2020-additional-file-21,"Additional file 21 (sheet 'Additional_file_21'), D28; Algorithm 'GenoCanyon'; column 'Specificity (±2σ)'",0.31,result
somatic-oncogenicity-20261009-result-chen2020-integrated-fitcons-oncokb-median-accuracy,somatic-oncogenicity-20261009-source-chen2020-additional-file-9,"Additional file 9 (sheet 'Additional_file_9'), B33; Algorithm 'Integrated_fitCons'; column 'Accuracy (±2σ)'",0.51,result
somatic-oncogenicity-20261009-result-chen2020-integrated-fitcons-oncokb-median-negative-predictive-value,somatic-oncogenicity-20261009-source-chen2020-additional-file-9,"Additional file 9 (sheet 'Additional_file_9'), F33; Algorithm 'Integrated_fitCons'; column 'NPV (±2σ)'",0.51,result
somatic-oncogenicity-20261009-result-chen2020-integrated-fitcons-oncokb-median-precision,somatic-oncogenicity-20261009-source-chen2020-additional-file-9,"Additional file 9 (sheet 'Additional_file_9'), E33; Algorithm 'Integrated_fitCons'; column 'PPV (±2σ)'",0.51,result
somatic-oncogenicity-20261009-result-chen2020-integrated-fitcons-oncokb-median-recall,somatic-oncogenicity-20261009-source-chen2020-additional-file-9,"Additional file 9 (sheet 'Additional_file_9'), C33; Algorithm 'Integrated_fitCons'; column 'Sensitivity (±2σ)'",0.56,result
somatic-oncogenicity-20261009-result-chen2020-integrated-fitcons-oncokb-median-specificity,somatic-oncogenicity-20261009-source-chen2020-additional-file-9,"Additional file 9 (sheet 'Additional_file_9'), D33; Algorithm 'Integrated_fitCons'; column 'Specificity (±2σ)'",0.46,result
somatic-oncogenicity-20261009-result-chen2020-integrated-fitcons-viability-median-accuracy,somatic-oncogenicity-20261009-source-chen2020-additional-file-21,"Additional file 21 (sheet 'Additional_file_21'), B33; Algorithm 'Integrated_fitCons'; column 'Accuracy (±2σ)'",0.49,result
somatic-oncogenicity-20261009-result-chen2020-integrated-fitcons-viability-median-negative-predictive-value,somatic-oncogenicity-20261009-source-chen2020-additional-file-21,"Additional file 21 (sheet 'Additional_file_21'), F33; Algorithm 'Integrated_fitCons'; column 'NPV (±2σ)'",0.49,result
somatic-oncogenicity-20261009-result-chen2020-integrated-fitcons-viability-median-precision,somatic-oncogenicity-20261009-source-chen2020-additional-file-21,"Additional file 21 (sheet 'Additional_file_21'), E33; Algorithm 'Integrated_fitCons'; column 'PPV (±2σ)'",0.49,result
somatic-oncogenicity-20261009-result-chen2020-integrated-fitcons-viability-median-recall,somatic-oncogenicity-20261009-source-chen2020-additional-file-21,"Additional file 21 (sheet 'Additional_file_21'), C33; Algorithm 'Integrated_fitCons'; column 'Sensitivity (±2σ)'",0.53,result
somatic-oncogenicity-20261009-result-chen2020-integrated-fitcons-viability-median-specificity,somatic-oncogenicity-20261009-source-chen2020-additional-file-21,"Additional file 21 (sheet 'Additional_file_21'), D33; Algorithm 'Integrated_fitCons'; column 'Specificity (±2σ)'",0.46,result
somatic-oncogenicity-20261009-result-chen2020-lrt-oncokb-default-accuracy,somatic-oncogenicity-20261009-source-chen2020-additional-file-10,"Additional file 10 (sheet 'Additional_file_10'), B6; Algorithm 'LRT'; column 'Accuracy (±2σ)'",0.66,result
somatic-oncogenicity-20261009-result-chen2020-lrt-oncokb-default-negative-predictive-value,somatic-oncogenicity-20261009-source-chen2020-additional-file-10,"Additional file 10 (sheet 'Additional_file_10'), F6; Algorithm 'LRT'; column 'NPV (±2σ)'",0.86,result
somatic-oncogenicity-20261009-result-chen2020-lrt-oncokb-default-precision,somatic-oncogenicity-20261009-source-chen2020-additional-file-10,"Additional file 10 (sheet 'Additional_file_10'), E6; Algorithm 'LRT'; column 'PPV (±2σ)'",0.60,result
somatic-oncogenicity-20261009-result-chen2020-lrt-oncokb-default-recall,somatic-oncogenicity-20261009-source-chen2020-additional-file-10,"Additional file 10 (sheet 'Additional_file_10'), C6; Algorithm 'LRT'; column 'Sensitivity (±2σ)'",0.93,result
somatic-oncogenicity-20261009-result-chen2020-lrt-oncokb-default-specificity,somatic-oncogenicity-20261009-source-chen2020-additional-file-10,"Additional file 10 (sheet 'Additional_file_10'), D6; Algorithm 'LRT'; column 'Specificity (±2σ)'",0.38,result
somatic-oncogenicity-20261009-result-chen2020-lrt-oncokb-median-accuracy,somatic-oncogenicity-20261009-source-chen2020-additional-file-9,"Additional file 9 (sheet 'Additional_file_9'), B13; Algorithm 'LRT'; column 'Accuracy (±2σ)'",0.65,result
somatic-oncogenicity-20261009-result-chen2020-lrt-oncokb-median-negative-predictive-value,somatic-oncogenicity-20261009-source-chen2020-additional-file-9,"Additional file 9 (sheet 'Additional_file_9'), F13; Algorithm 'LRT'; column 'NPV (±2σ)'",0.67,result
somatic-oncogenicity-20261009-result-chen2020-lrt-oncokb-median-precision,somatic-oncogenicity-20261009-source-chen2020-additional-file-9,"Additional file 9 (sheet 'Additional_file_9'), E13; Algorithm 'LRT'; column 'PPV (±2σ)'",0.63,result
somatic-oncogenicity-20261009-result-chen2020-lrt-oncokb-median-recall,somatic-oncogenicity-20261009-source-chen2020-additional-file-9,"Additional file 9 (sheet 'Additional_file_9'), C13; Algorithm 'LRT'; column 'Sensitivity (±2σ)'",0.73,result
somatic-oncogenicity-20261009-result-chen2020-lrt-oncokb-median-specificity,somatic-oncogenicity-20261009-source-chen2020-additional-file-9,"Additional file 9 (sheet 'Additional_file_9'), D13; Algorithm 'LRT'; column 'Specificity (±2σ)'",0.57,result
somatic-oncogenicity-20261009-result-chen2020-lrt-viability-default-accuracy,somatic-oncogenicity-20261009-source-chen2020-additional-file-22,"Additional file 22 (sheet 'Additional_file_22'), B10; Algorithm 'LRT'; column 'Accuracy (±2σ)'",0.58,result
somatic-oncogenicity-20261009-result-chen2020-lrt-viability-default-negative-predictive-value,somatic-oncogenicity-20261009-source-chen2020-additional-file-22,"Additional file 22 (sheet 'Additional_file_22'), F10; Algorithm 'LRT'; column 'NPV (±2σ)'",0.71,result
somatic-oncogenicity-20261009-result-chen2020-lrt-viability-default-precision,somatic-oncogenicity-20261009-source-chen2020-additional-file-22,"Additional file 22 (sheet 'Additional_file_22'), E10; Algorithm 'LRT'; column 'PPV (±2σ)'",0.56,result
somatic-oncogenicity-20261009-result-chen2020-lrt-viability-default-recall,somatic-oncogenicity-20261009-source-chen2020-additional-file-22,"Additional file 22 (sheet 'Additional_file_22'), C10; Algorithm 'LRT'; column 'Sensitivity (±2σ)'",0.93,result
somatic-oncogenicity-20261009-result-chen2020-lrt-viability-default-specificity,somatic-oncogenicity-20261009-source-chen2020-additional-file-22,"Additional file 22 (sheet 'Additional_file_22'), D10; Algorithm 'LRT'; column 'Specificity (±2σ)'",0.20,result
somatic-oncogenicity-20261009-result-chen2020-lrt-viability-median-accuracy,somatic-oncogenicity-20261009-source-chen2020-additional-file-21,"Additional file 21 (sheet 'Additional_file_21'), B9; Algorithm 'LRT'; column 'Accuracy (±2σ)'",0.65,result
somatic-oncogenicity-20261009-result-chen2020-lrt-viability-median-negative-predictive-value,somatic-oncogenicity-20261009-source-chen2020-additional-file-21,"Additional file 21 (sheet 'Additional_file_21'), F9; Algorithm 'LRT'; column 'NPV (±2σ)'",0.68,result
somatic-oncogenicity-20261009-result-chen2020-lrt-viability-median-precision,somatic-oncogenicity-20261009-source-chen2020-additional-file-21,"Additional file 21 (sheet 'Additional_file_21'), E9; Algorithm 'LRT'; column 'PPV (±2σ)'",0.63,result
somatic-oncogenicity-20261009-result-chen2020-lrt-viability-median-recall,somatic-oncogenicity-20261009-source-chen2020-additional-file-21,"Additional file 21 (sheet 'Additional_file_21'), C9; Algorithm 'LRT'; column 'Sensitivity (±2σ)'",0.74,result
somatic-oncogenicity-20261009-result-chen2020-lrt-viability-median-specificity,somatic-oncogenicity-20261009-source-chen2020-additional-file-21,"Additional file 21 (sheet 'Additional_file_21'), D9; Algorithm 'LRT'; column 'Specificity (±2σ)'",0.56,result
somatic-oncogenicity-20261009-result-chen2020-m-cap-oncokb-default-accuracy,somatic-oncogenicity-20261009-source-chen2020-additional-file-10,"Additional file 10 (sheet 'Additional_file_10'), B16; Algorithm 'M-CAP'; column 'Accuracy (±2σ)'",0.55,result
somatic-oncogenicity-20261009-result-chen2020-m-cap-oncokb-default-negative-predictive-value,somatic-oncogenicity-20261009-source-chen2020-additional-file-10,"Additional file 10 (sheet 'Additional_file_10'), F16; Algorithm 'M-CAP'; column 'NPV (±2σ)'",0.79,result
somatic-oncogenicity-20261009-result-chen2020-m-cap-oncokb-default-precision,somatic-oncogenicity-20261009-source-chen2020-additional-file-10,"Additional file 10 (sheet 'Additional_file_10'), E16; Algorithm 'M-CAP'; column 'PPV (±2σ)'",0.53,result
somatic-oncogenicity-20261009-result-chen2020-m-cap-oncokb-default-recall,somatic-oncogenicity-20261009-source-chen2020-additional-file-10,"Additional file 10 (sheet 'Additional_file_10'), C16; Algorithm 'M-CAP'; column 'Sensitivity (±2σ)'",0.97,result
somatic-oncogenicity-20261009-result-chen2020-m-cap-oncokb-default-specificity,somatic-oncogenicity-20261009-source-chen2020-additional-file-10,"Additional file 10 (sheet 'Additional_file_10'), D16; Algorithm 'M-CAP'; column 'Specificity (±2σ)'",0.11,result
somatic-oncogenicity-20261009-result-chen2020-m-cap-oncokb-median-accuracy,somatic-oncogenicity-20261009-source-chen2020-additional-file-9,"Additional file 9 (sheet 'Additional_file_9'), B31; Algorithm 'M-CAP'; column 'Accuracy (±2σ)'",0.56,result
somatic-oncogenicity-20261009-result-chen2020-m-cap-oncokb-median-negative-predictive-value,somatic-oncogenicity-20261009-source-chen2020-additional-file-9,"Additional file 9 (sheet 'Additional_file_9'), F31; Algorithm 'M-CAP'; column 'NPV (±2σ)'",0.56,result
somatic-oncogenicity-20261009-result-chen2020-m-cap-oncokb-median-precision,somatic-oncogenicity-20261009-source-chen2020-additional-file-9,"Additional file 9 (sheet 'Additional_file_9'), E31; Algorithm 'M-CAP'; column 'PPV (±2σ)'",0.56,result
somatic-oncogenicity-20261009-result-chen2020-m-cap-oncokb-median-recall,somatic-oncogenicity-20261009-source-chen2020-additional-file-9,"Additional file 9 (sheet 'Additional_file_9'), C31; Algorithm 'M-CAP'; column 'Sensitivity (±2σ)'",0.56,result
somatic-oncogenicity-20261009-result-chen2020-m-cap-oncokb-median-specificity,somatic-oncogenicity-20261009-source-chen2020-additional-file-9,"Additional file 9 (sheet 'Additional_file_9'), D31; Algorithm 'M-CAP'; column 'Specificity (±2σ)'",0.56,result
somatic-oncogenicity-20261009-result-chen2020-m-cap-viability-default-accuracy,somatic-oncogenicity-20261009-source-chen2020-additional-file-22,"Additional file 22 (sheet 'Additional_file_22'), B12; Algorithm 'M-CAP'; column 'Accuracy (±2σ)'",0.57,result
somatic-oncogenicity-20261009-result-chen2020-m-cap-viability-default-negative-predictive-value,somatic-oncogenicity-20261009-source-chen2020-additional-file-22,"Additional file 22 (sheet 'Additional_file_22'), F12; Algorithm 'M-CAP'; column 'NPV (±2σ)'",0.80,result
somatic-oncogenicity-20261009-result-chen2020-m-cap-viability-default-precision,somatic-oncogenicity-20261009-source-chen2020-additional-file-22,"Additional file 22 (sheet 'Additional_file_22'), E12; Algorithm 'M-CAP'; column 'PPV (±2σ)'",0.55,result
somatic-oncogenicity-20261009-result-chen2020-m-cap-viability-default-recall,somatic-oncogenicity-20261009-source-chen2020-additional-file-22,"Additional file 22 (sheet 'Additional_file_22'), C12; Algorithm 'M-CAP'; column 'Sensitivity (±2σ)'",0.96,result
somatic-oncogenicity-20261009-result-chen2020-m-cap-viability-default-specificity,somatic-oncogenicity-20261009-source-chen2020-additional-file-22,"Additional file 22 (sheet 'Additional_file_22'), D12; Algorithm 'M-CAP'; column 'Specificity (±2σ)'",0.18,result
somatic-oncogenicity-20261009-result-chen2020-m-cap-viability-median-accuracy,somatic-oncogenicity-20261009-source-chen2020-additional-file-21,"Additional file 21 (sheet 'Additional_file_21'), B26; Algorithm 'M-CAP'; column 'Accuracy (±2σ)'",0.58,result
somatic-oncogenicity-20261009-result-chen2020-m-cap-viability-median-negative-predictive-value,somatic-oncogenicity-20261009-source-chen2020-additional-file-21,"Additional file 21 (sheet 'Additional_file_21'), F26; Algorithm 'M-CAP'; column 'NPV (±2σ)'",0.58,result
somatic-oncogenicity-20261009-result-chen2020-m-cap-viability-median-precision,somatic-oncogenicity-20261009-source-chen2020-additional-file-21,"Additional file 21 (sheet 'Additional_file_21'), E26; Algorithm 'M-CAP'; column 'PPV (±2σ)'",0.58,result
somatic-oncogenicity-20261009-result-chen2020-m-cap-viability-median-recall,somatic-oncogenicity-20261009-source-chen2020-additional-file-21,"Additional file 21 (sheet 'Additional_file_21'), C26; Algorithm 'M-CAP'; column 'Sensitivity (±2σ)'",0.58,result
somatic-oncogenicity-20261009-result-chen2020-m-cap-viability-median-specificity,somatic-oncogenicity-20261009-source-chen2020-additional-file-21,"Additional file 21 (sheet 'Additional_file_21'), D26; Algorithm 'M-CAP'; column 'Specificity (±2σ)'",0.58,result
somatic-oncogenicity-20261009-result-chen2020-metalr-oncokb-default-accuracy,somatic-oncogenicity-20261009-source-chen2020-additional-file-10,"Additional file 10 (sheet 'Additional_file_10'), B15; Algorithm 'MetaLR'; column 'Accuracy (±2σ)'",0.57,result
somatic-oncogenicity-20261009-result-chen2020-metalr-oncokb-default-negative-predictive-value,somatic-oncogenicity-20261009-source-chen2020-additional-file-10,"Additional file 10 (sheet 'Additional_file_10'), F15; Algorithm 'MetaLR'; column 'NPV (±2σ)'",0.59,result
somatic-oncogenicity-20261009-result-chen2020-metalr-oncokb-default-precision,somatic-oncogenicity-20261009-source-chen2020-additional-file-10,"Additional file 10 (sheet 'Additional_file_10'), E15; Algorithm 'MetaLR'; column 'PPV (±2σ)'",0.56,result
somatic-oncogenicity-20261009-result-chen2020-metalr-oncokb-default-recall,somatic-oncogenicity-20261009-source-chen2020-additional-file-10,"Additional file 10 (sheet 'Additional_file_10'), C15; Algorithm 'MetaLR'; column 'Sensitivity (±2σ)'",0.67,result
somatic-oncogenicity-20261009-result-chen2020-metalr-oncokb-default-specificity,somatic-oncogenicity-20261009-source-chen2020-additional-file-10,"Additional file 10 (sheet 'Additional_file_10'), D15; Algorithm 'MetaLR'; column 'Specificity (±2σ)'",0.47,result
somatic-oncogenicity-20261009-result-chen2020-metalr-oncokb-median-accuracy,somatic-oncogenicity-20261009-source-chen2020-additional-file-9,"Additional file 9 (sheet 'Additional_file_9'), B30; Algorithm 'MetaLR'; column 'Accuracy (±2σ)'",0.57,result
somatic-oncogenicity-20261009-result-chen2020-metalr-oncokb-median-negative-predictive-value,somatic-oncogenicity-20261009-source-chen2020-additional-file-9,"Additional file 9 (sheet 'Additional_file_9'), F30; Algorithm 'MetaLR'; column 'NPV (±2σ)'",0.57,result
somatic-oncogenicity-20261009-result-chen2020-metalr-oncokb-median-precision,somatic-oncogenicity-20261009-source-chen2020-additional-file-9,"Additional file 9 (sheet 'Additional_file_9'), E30; Algorithm 'MetaLR'; column 'PPV (±2σ)'",0.57,result
somatic-oncogenicity-20261009-result-chen2020-metalr-oncokb-median-recall,somatic-oncogenicity-20261009-source-chen2020-additional-file-9,"Additional file 9 (sheet 'Additional_file_9'), C30; Algorithm 'MetaLR'; column 'Sensitivity (±2σ)'",0.57,result
somatic-oncogenicity-20261009-result-chen2020-metalr-oncokb-median-specificity,somatic-oncogenicity-20261009-source-chen2020-additional-file-9,"Additional file 9 (sheet 'Additional_file_9'), D30; Algorithm 'MetaLR'; column 'Specificity (±2σ)'",0.57,result
somatic-oncogenicity-20261009-result-chen2020-metalr-viability-default-accuracy,somatic-oncogenicity-20261009-source-chen2020-additional-file-22,"Additional file 22 (sheet 'Additional_file_22'), B14; Algorithm 'MetaLR'; column 'Accuracy (±2σ)'",0.56,result
somatic-oncogenicity-20261009-result-chen2020-metalr-viability-default-negative-predictive-value,somatic-oncogenicity-20261009-source-chen2020-additional-file-22,"Additional file 22 (sheet 'Additional_file_22'), F14; Algorithm 'MetaLR'; column 'NPV (±2σ)'",0.55,result
somatic-oncogenicity-20261009-result-chen2020-metalr-viability-default-precision,somatic-oncogenicity-20261009-source-chen2020-additional-file-22,"Additional file 22 (sheet 'Additional_file_22'), E14; Algorithm 'MetaLR'; column 'PPV (±2σ)'",0.56,result
somatic-oncogenicity-20261009-result-chen2020-metalr-viability-default-recall,somatic-oncogenicity-20261009-source-chen2020-additional-file-22,"Additional file 22 (sheet 'Additional_file_22'), C14; Algorithm 'MetaLR'; column 'Sensitivity (±2σ)'",0.53,result
somatic-oncogenicity-20261009-result-chen2020-metalr-viability-default-specificity,somatic-oncogenicity-20261009-source-chen2020-additional-file-22,"Additional file 22 (sheet 'Additional_file_22'), D14; Algorithm 'MetaLR'; column 'Specificity (±2σ)'",0.59,result
somatic-oncogenicity-20261009-result-chen2020-metalr-viability-median-accuracy,somatic-oncogenicity-20261009-source-chen2020-additional-file-21,"Additional file 21 (sheet 'Additional_file_21'), B30; Algorithm 'MetaLR'; column 'Accuracy (±2σ)'",0.56,result
somatic-oncogenicity-20261009-result-chen2020-metalr-viability-median-negative-predictive-value,somatic-oncogenicity-20261009-source-chen2020-additional-file-21,"Additional file 21 (sheet 'Additional_file_21'), F30; Algorithm 'MetaLR'; column 'NPV (±2σ)'",0.56,result
somatic-oncogenicity-20261009-result-chen2020-metalr-viability-median-precision,somatic-oncogenicity-20261009-source-chen2020-additional-file-21,"Additional file 21 (sheet 'Additional_file_21'), E30; Algorithm 'MetaLR'; column 'PPV (±2σ)'",0.56,result
somatic-oncogenicity-20261009-result-chen2020-metalr-viability-median-recall,somatic-oncogenicity-20261009-source-chen2020-additional-file-21,"Additional file 21 (sheet 'Additional_file_21'), C30; Algorithm 'MetaLR'; column 'Sensitivity (±2σ)'",0.56,result
somatic-oncogenicity-20261009-result-chen2020-metalr-viability-median-specificity,somatic-oncogenicity-20261009-source-chen2020-additional-file-21,"Additional file 21 (sheet 'Additional_file_21'), D30; Algorithm 'MetaLR'; column 'Specificity (±2σ)'",0.56,result
somatic-oncogenicity-20261009-result-chen2020-metasvm-oncokb-default-accuracy,somatic-oncogenicity-20261009-source-chen2020-additional-file-10,"Additional file 10 (sheet 'Additional_file_10'), B13; Algorithm 'MetaSVM'; column 'Accuracy (±2σ)'",0.60,result
somatic-oncogenicity-20261009-result-chen2020-metasvm-oncokb-default-negative-predictive-value,somatic-oncogenicity-20261009-source-chen2020-additional-file-10,"Additional file 10 (sheet 'Additional_file_10'), F13; Algorithm 'MetaSVM'; column 'NPV (±2σ)'",0.62,result
somatic-oncogenicity-20261009-result-chen2020-metasvm-oncokb-default-precision,somatic-oncogenicity-20261009-source-chen2020-additional-file-10,"Additional file 10 (sheet 'Additional_file_10'), E13; Algorithm 'MetaSVM'; column 'PPV (±2σ)'",0.59,result
somatic-oncogenicity-20261009-result-chen2020-metasvm-oncokb-default-recall,somatic-oncogenicity-20261009-source-chen2020-additional-file-10,"Additional file 10 (sheet 'Additional_file_10'), C13; Algorithm 'MetaSVM'; column 'Sensitivity (±2σ)'",0.68,result
somatic-oncogenicity-20261009-result-chen2020-metasvm-oncokb-default-specificity,somatic-oncogenicity-20261009-source-chen2020-additional-file-10,"Additional file 10 (sheet 'Additional_file_10'), D13; Algorithm 'MetaSVM'; column 'Specificity (±2σ)'",0.52,result
somatic-oncogenicity-20261009-result-chen2020-metasvm-oncokb-median-accuracy,somatic-oncogenicity-20261009-source-chen2020-additional-file-9,"Additional file 9 (sheet 'Additional_file_9'), B25; Algorithm 'MetaSVM'; column 'Accuracy (±2σ)'",0.60,result
somatic-oncogenicity-20261009-result-chen2020-metasvm-oncokb-median-negative-predictive-value,somatic-oncogenicity-20261009-source-chen2020-additional-file-9,"Additional file 9 (sheet 'Additional_file_9'), F25; Algorithm 'MetaSVM'; column 'NPV (±2σ)'",0.60,result
somatic-oncogenicity-20261009-result-chen2020-metasvm-oncokb-median-precision,somatic-oncogenicity-20261009-source-chen2020-additional-file-9,"Additional file 9 (sheet 'Additional_file_9'), E25; Algorithm 'MetaSVM'; column 'PPV (±2σ)'",0.60,result
somatic-oncogenicity-20261009-result-chen2020-metasvm-oncokb-median-recall,somatic-oncogenicity-20261009-source-chen2020-additional-file-9,"Additional file 9 (sheet 'Additional_file_9'), C25; Algorithm 'MetaSVM'; column 'Sensitivity (±2σ)'",0.60,result
somatic-oncogenicity-20261009-result-chen2020-metasvm-oncokb-median-specificity,somatic-oncogenicity-20261009-source-chen2020-additional-file-9,"Additional file 9 (sheet 'Additional_file_9'), D25; Algorithm 'MetaSVM'; column 'Specificity (±2σ)'",0.60,result
somatic-oncogenicity-20261009-result-chen2020-metasvm-viability-default-accuracy,somatic-oncogenicity-20261009-source-chen2020-additional-file-22,"Additional file 22 (sheet 'Additional_file_22'), B15; Algorithm 'MetaSVM'; column 'Accuracy (±2σ)'",0.56,result
somatic-oncogenicity-20261009-result-chen2020-metasvm-viability-default-negative-predictive-value,somatic-oncogenicity-20261009-source-chen2020-additional-file-22,"Additional file 22 (sheet 'Additional_file_22'), F15; Algorithm 'MetaSVM'; column 'NPV (±2σ)'",0.55,result
somatic-oncogenicity-20261009-result-chen2020-metasvm-viability-default-precision,somatic-oncogenicity-20261009-source-chen2020-additional-file-22,"Additional file 22 (sheet 'Additional_file_22'), E15; Algorithm 'MetaSVM'; column 'PPV (±2σ)'",0.57,result
somatic-oncogenicity-20261009-result-chen2020-metasvm-viability-default-recall,somatic-oncogenicity-20261009-source-chen2020-additional-file-22,"Additional file 22 (sheet 'Additional_file_22'), C15; Algorithm 'MetaSVM'; column 'Sensitivity (±2σ)'",0.51,result
somatic-oncogenicity-20261009-result-chen2020-metasvm-viability-default-specificity,somatic-oncogenicity-20261009-source-chen2020-additional-file-22,"Additional file 22 (sheet 'Additional_file_22'), D15; Algorithm 'MetaSVM'; column 'Specificity (±2σ)'",0.61,result
somatic-oncogenicity-20261009-result-chen2020-metasvm-viability-median-accuracy,somatic-oncogenicity-20261009-source-chen2020-additional-file-21,"Additional file 21 (sheet 'Additional_file_21'), B32; Algorithm 'MetaSVM'; column 'Accuracy (±2σ)'",0.55,result
somatic-oncogenicity-20261009-result-chen2020-metasvm-viability-median-negative-predictive-value,somatic-oncogenicity-20261009-source-chen2020-additional-file-21,"Additional file 21 (sheet 'Additional_file_21'), F32; Algorithm 'MetaSVM'; column 'NPV (±2σ)'",0.55,result
somatic-oncogenicity-20261009-result-chen2020-metasvm-viability-median-precision,somatic-oncogenicity-20261009-source-chen2020-additional-file-21,"Additional file 21 (sheet 'Additional_file_21'), E32; Algorithm 'MetaSVM'; column 'PPV (±2σ)'",0.55,result
somatic-oncogenicity-20261009-result-chen2020-metasvm-viability-median-recall,somatic-oncogenicity-20261009-source-chen2020-additional-file-21,"Additional file 21 (sheet 'Additional_file_21'), C32; Algorithm 'MetaSVM'; column 'Sensitivity (±2σ)'",0.55,result
somatic-oncogenicity-20261009-result-chen2020-metasvm-viability-median-specificity,somatic-oncogenicity-20261009-source-chen2020-additional-file-21,"Additional file 21 (sheet 'Additional_file_21'), D32; Algorithm 'MetaSVM'; column 'Specificity (±2σ)'",0.55,result
somatic-oncogenicity-20261009-result-chen2020-mpc-oncokb-median-accuracy,somatic-oncogenicity-20261009-source-chen2020-additional-file-9,"Additional file 9 (sheet 'Additional_file_9'), B4; Algorithm 'MPC'; column 'Accuracy (±2σ)'",0.68,result
somatic-oncogenicity-20261009-result-chen2020-mpc-oncokb-median-negative-predictive-value,somatic-oncogenicity-20261009-source-chen2020-additional-file-9,"Additional file 9 (sheet 'Additional_file_9'), F4; Algorithm 'MPC'; column 'NPV (±2σ)'",0.68,result
somatic-oncogenicity-20261009-result-chen2020-mpc-oncokb-median-precision,somatic-oncogenicity-20261009-source-chen2020-additional-file-9,"Additional file 9 (sheet 'Additional_file_9'), E4; Algorithm 'MPC'; column 'PPV (±2σ)'",0.68,result
somatic-oncogenicity-20261009-result-chen2020-mpc-oncokb-median-recall,somatic-oncogenicity-20261009-source-chen2020-additional-file-9,"Additional file 9 (sheet 'Additional_file_9'), C4; Algorithm 'MPC'; column 'Sensitivity (±2σ)'",0.68,result
somatic-oncogenicity-20261009-result-chen2020-mpc-oncokb-median-specificity,somatic-oncogenicity-20261009-source-chen2020-additional-file-9,"Additional file 9 (sheet 'Additional_file_9'), D4; Algorithm 'MPC'; column 'Specificity (±2σ)'",0.68,result
somatic-oncogenicity-20261009-result-chen2020-mpc-viability-median-accuracy,somatic-oncogenicity-20261009-source-chen2020-additional-file-21,"Additional file 21 (sheet 'Additional_file_21'), B7; Algorithm 'MPC'; column 'Accuracy (±2σ)'",0.66,result
somatic-oncogenicity-20261009-result-chen2020-mpc-viability-median-negative-predictive-value,somatic-oncogenicity-20261009-source-chen2020-additional-file-21,"Additional file 21 (sheet 'Additional_file_21'), F7; Algorithm 'MPC'; column 'NPV (±2σ)'",0.66,result
somatic-oncogenicity-20261009-result-chen2020-mpc-viability-median-precision,somatic-oncogenicity-20261009-source-chen2020-additional-file-21,"Additional file 21 (sheet 'Additional_file_21'), E7; Algorithm 'MPC'; column 'PPV (±2σ)'",0.66,result
somatic-oncogenicity-20261009-result-chen2020-mpc-viability-median-recall,somatic-oncogenicity-20261009-source-chen2020-additional-file-21,"Additional file 21 (sheet 'Additional_file_21'), C7; Algorithm 'MPC'; column 'Sensitivity (±2σ)'",0.66,result
somatic-oncogenicity-20261009-result-chen2020-mpc-viability-median-specificity,somatic-oncogenicity-20261009-source-chen2020-additional-file-21,"Additional file 21 (sheet 'Additional_file_21'), D7; Algorithm 'MPC'; column 'Specificity (±2σ)'",0.66,result
somatic-oncogenicity-20261009-result-chen2020-mutationassessor-oncokb-default-accuracy,somatic-oncogenicity-20261009-source-chen2020-additional-file-10,"Additional file 10 (sheet 'Additional_file_10'), B14; Algorithm 'MutationAssessor'; column 'Accuracy (±2σ)'",0.58,result
somatic-oncogenicity-20261009-result-chen2020-mutationassessor-oncokb-default-negative-predictive-value,somatic-oncogenicity-20261009-source-chen2020-additional-file-10,"Additional file 10 (sheet 'Additional_file_10'), F14; Algorithm 'MutationAssessor'; column 'NPV (±2σ)'",0.59,result
somatic-oncogenicity-20261009-result-chen2020-mutationassessor-oncokb-default-precision,somatic-oncogenicity-20261009-source-chen2020-additional-file-10,"Additional file 10 (sheet 'Additional_file_10'), E14; Algorithm 'MutationAssessor'; column 'PPV (±2σ)'",0.57,result
somatic-oncogenicity-20261009-result-chen2020-mutationassessor-oncokb-default-recall,somatic-oncogenicity-20261009-source-chen2020-additional-file-10,"Additional file 10 (sheet 'Additional_file_10'), C14; Algorithm 'MutationAssessor'; column 'Sensitivity (±2σ)'",0.66,result
somatic-oncogenicity-20261009-result-chen2020-mutationassessor-oncokb-default-specificity,somatic-oncogenicity-20261009-source-chen2020-additional-file-10,"Additional file 10 (sheet 'Additional_file_10'), D14; Algorithm 'MutationAssessor'; column 'Specificity (±2σ)'",0.50,result
somatic-oncogenicity-20261009-result-chen2020-mutationassessor-oncokb-median-accuracy,somatic-oncogenicity-20261009-source-chen2020-additional-file-9,"Additional file 9 (sheet 'Additional_file_9'), B28; Algorithm 'MutationAssessor'; column 'Accuracy (±2σ)'",0.59,result
somatic-oncogenicity-20261009-result-chen2020-mutationassessor-oncokb-median-negative-predictive-value,somatic-oncogenicity-20261009-source-chen2020-additional-file-9,"Additional file 9 (sheet 'Additional_file_9'), F28; Algorithm 'MutationAssessor'; column 'NPV (±2σ)'",0.59,result
somatic-oncogenicity-20261009-result-chen2020-mutationassessor-oncokb-median-precision,somatic-oncogenicity-20261009-source-chen2020-additional-file-9,"Additional file 9 (sheet 'Additional_file_9'), E28; Algorithm 'MutationAssessor'; column 'PPV (±2σ)'",0.59,result
somatic-oncogenicity-20261009-result-chen2020-mutationassessor-oncokb-median-recall,somatic-oncogenicity-20261009-source-chen2020-additional-file-9,"Additional file 9 (sheet 'Additional_file_9'), C28; Algorithm 'MutationAssessor'; column 'Sensitivity (±2σ)'",0.61,result
somatic-oncogenicity-20261009-result-chen2020-mutationassessor-oncokb-median-specificity,somatic-oncogenicity-20261009-source-chen2020-additional-file-9,"Additional file 9 (sheet 'Additional_file_9'), D28; Algorithm 'MutationAssessor'; column 'Specificity (±2σ)'",0.57,result
somatic-oncogenicity-20261009-result-chen2020-mutationassessor-viability-default-accuracy,somatic-oncogenicity-20261009-source-chen2020-additional-file-22,"Additional file 22 (sheet 'Additional_file_22'), B5; Algorithm 'MutationAssessor'; column 'Accuracy (±2σ)'",0.60,result
somatic-oncogenicity-20261009-result-chen2020-mutationassessor-viability-default-negative-predictive-value,somatic-oncogenicity-20261009-source-chen2020-additional-file-22,"Additional file 22 (sheet 'Additional_file_22'), F5; Algorithm 'MutationAssessor'; column 'NPV (±2σ)'",0.59,result
somatic-oncogenicity-20261009-result-chen2020-mutationassessor-viability-default-precision,somatic-oncogenicity-20261009-source-chen2020-additional-file-22,"Additional file 22 (sheet 'Additional_file_22'), E5; Algorithm 'MutationAssessor'; column 'PPV (±2σ)'",0.60,result
somatic-oncogenicity-20261009-result-chen2020-mutationassessor-viability-default-recall,somatic-oncogenicity-20261009-source-chen2020-additional-file-22,"Additional file 22 (sheet 'Additional_file_22'), C5; Algorithm 'MutationAssessor'; column 'Sensitivity (±2σ)'",0.60,result
somatic-oncogenicity-20261009-result-chen2020-mutationassessor-viability-default-specificity,somatic-oncogenicity-20261009-source-chen2020-additional-file-22,"Additional file 22 (sheet 'Additional_file_22'), D5; Algorithm 'MutationAssessor'; column 'Specificity (±2σ)'",0.60,result
somatic-oncogenicity-20261009-result-chen2020-mutationassessor-viability-median-accuracy,somatic-oncogenicity-20261009-source-chen2020-additional-file-21,"Additional file 21 (sheet 'Additional_file_21'), B21; Algorithm 'MutationAssessor'; column 'Accuracy (±2σ)'",0.60,result
somatic-oncogenicity-20261009-result-chen2020-mutationassessor-viability-median-negative-predictive-value,somatic-oncogenicity-20261009-source-chen2020-additional-file-21,"Additional file 21 (sheet 'Additional_file_21'), F21; Algorithm 'MutationAssessor'; column 'NPV (±2σ)'",0.60,result
somatic-oncogenicity-20261009-result-chen2020-mutationassessor-viability-median-precision,somatic-oncogenicity-20261009-source-chen2020-additional-file-21,"Additional file 21 (sheet 'Additional_file_21'), E21; Algorithm 'MutationAssessor'; column 'PPV (±2σ)'",0.60,result
somatic-oncogenicity-20261009-result-chen2020-mutationassessor-viability-median-recall,somatic-oncogenicity-20261009-source-chen2020-additional-file-21,"Additional file 21 (sheet 'Additional_file_21'), C21; Algorithm 'MutationAssessor'; column 'Sensitivity (±2σ)'",0.60,result
somatic-oncogenicity-20261009-result-chen2020-mutationassessor-viability-median-specificity,somatic-oncogenicity-20261009-source-chen2020-additional-file-21,"Additional file 21 (sheet 'Additional_file_21'), D21; Algorithm 'MutationAssessor'; column 'Specificity (±2σ)'",0.60,result
somatic-oncogenicity-20261009-result-chen2020-mutationtaster2-oncokb-default-accuracy,somatic-oncogenicity-20261009-source-chen2020-additional-file-10,"Additional file 10 (sheet 'Additional_file_10'), B12; Algorithm 'MutationTaster2'; column 'Accuracy (±2σ)'",0.60,result
somatic-oncogenicity-20261009-result-chen2020-mutationtaster2-oncokb-default-negative-predictive-value,somatic-oncogenicity-20261009-source-chen2020-additional-file-10,"Additional file 10 (sheet 'Additional_file_10'), F12; Algorithm 'MutationTaster2'; column 'NPV (±2σ)'",0.93,result
somatic-oncogenicity-20261009-result-chen2020-mutationtaster2-oncokb-default-precision,somatic-oncogenicity-20261009-source-chen2020-additional-file-10,"Additional file 10 (sheet 'Additional_file_10'), E12; Algorithm 'MutationTaster2'; column 'PPV (±2σ)'",0.56,result
somatic-oncogenicity-20261009-result-chen2020-mutationtaster2-oncokb-default-recall,somatic-oncogenicity-20261009-source-chen2020-additional-file-10,"Additional file 10 (sheet 'Additional_file_10'), C12; Algorithm 'MutationTaster2'; column 'Sensitivity (±2σ)'",0.98,result
somatic-oncogenicity-20261009-result-chen2020-mutationtaster2-oncokb-default-specificity,somatic-oncogenicity-20261009-source-chen2020-additional-file-10,"Additional file 10 (sheet 'Additional_file_10'), D12; Algorithm 'MutationTaster2'; column 'Specificity (±2σ)'",0.22,result
somatic-oncogenicity-20261009-result-chen2020-mutationtaster2-oncokb-median-accuracy,somatic-oncogenicity-20261009-source-chen2020-additional-file-9,"Additional file 9 (sheet 'Additional_file_9'), B20; Algorithm 'MutationTaster2'; column 'Accuracy (±2σ)'",0.63,result
somatic-oncogenicity-20261009-result-chen2020-mutationtaster2-oncokb-median-negative-predictive-value,somatic-oncogenicity-20261009-source-chen2020-additional-file-9,"Additional file 9 (sheet 'Additional_file_9'), F20; Algorithm 'MutationTaster2'; column 'NPV (±2σ)'",0.73,result
somatic-oncogenicity-20261009-result-chen2020-mutationtaster2-oncokb-median-precision,somatic-oncogenicity-20261009-source-chen2020-additional-file-9,"Additional file 9 (sheet 'Additional_file_9'), E20; Algorithm 'MutationTaster2'; column 'PPV (±2σ)'",0.59,result
somatic-oncogenicity-20261009-result-chen2020-mutationtaster2-oncokb-median-recall,somatic-oncogenicity-20261009-source-chen2020-additional-file-9,"Additional file 9 (sheet 'Additional_file_9'), C20; Algorithm 'MutationTaster2'; column 'Sensitivity (±2σ)'",0.85,result
somatic-oncogenicity-20261009-result-chen2020-mutationtaster2-oncokb-median-specificity,somatic-oncogenicity-20261009-source-chen2020-additional-file-9,"Additional file 9 (sheet 'Additional_file_9'), D20; Algorithm 'MutationTaster2'; column 'Specificity (±2σ)'",0.41,result
somatic-oncogenicity-20261009-result-chen2020-mutationtaster2-viability-default-accuracy,somatic-oncogenicity-20261009-source-chen2020-additional-file-22,"Additional file 22 (sheet 'Additional_file_22'), B16; Algorithm 'MutationTaster2'; column 'Accuracy (±2σ)'",0.55,result
somatic-oncogenicity-20261009-result-chen2020-mutationtaster2-viability-default-negative-predictive-value,somatic-oncogenicity-20261009-source-chen2020-additional-file-22,"Additional file 22 (sheet 'Additional_file_22'), F16; Algorithm 'MutationTaster2'; column 'NPV (±2σ)'",0.79,result
somatic-oncogenicity-20261009-result-chen2020-mutationtaster2-viability-default-precision,somatic-oncogenicity-20261009-source-chen2020-additional-file-22,"Additional file 22 (sheet 'Additional_file_22'), E16; Algorithm 'MutationTaster2'; column 'PPV (±2σ)'",0.53,result
somatic-oncogenicity-20261009-result-chen2020-mutationtaster2-viability-default-recall,somatic-oncogenicity-20261009-source-chen2020-additional-file-22,"Additional file 22 (sheet 'Additional_file_22'), C16; Algorithm 'MutationTaster2'; column 'Sensitivity (±2σ)'",0.97,result
somatic-oncogenicity-20261009-result-chen2020-mutationtaster2-viability-default-specificity,somatic-oncogenicity-20261009-source-chen2020-additional-file-22,"Additional file 22 (sheet 'Additional_file_22'), D16; Algorithm 'MutationTaster2'; column 'Specificity (±2σ)'",0.12,result
somatic-oncogenicity-20261009-result-chen2020-mutationtaster2-viability-median-accuracy,somatic-oncogenicity-20261009-source-chen2020-additional-file-21,"Additional file 21 (sheet 'Additional_file_21'), B19; Algorithm 'MutationTaster2'; column 'Accuracy (±2σ)'",0.61,result
somatic-oncogenicity-20261009-result-chen2020-mutationtaster2-viability-median-negative-predictive-value,somatic-oncogenicity-20261009-source-chen2020-additional-file-21,"Additional file 21 (sheet 'Additional_file_21'), F19; Algorithm 'MutationTaster2'; column 'NPV (±2σ)'",0.74,result
somatic-oncogenicity-20261009-result-chen2020-mutationtaster2-viability-median-precision,somatic-oncogenicity-20261009-source-chen2020-additional-file-21,"Additional file 21 (sheet 'Additional_file_21'), E19; Algorithm 'MutationTaster2'; column 'PPV (±2σ)'",0.57,result
somatic-oncogenicity-20261009-result-chen2020-mutationtaster2-viability-median-recall,somatic-oncogenicity-20261009-source-chen2020-additional-file-21,"Additional file 21 (sheet 'Additional_file_21'), C19; Algorithm 'MutationTaster2'; column 'Sensitivity (±2σ)'",0.87,result
somatic-oncogenicity-20261009-result-chen2020-mutationtaster2-viability-median-specificity,somatic-oncogenicity-20261009-source-chen2020-additional-file-21,"Additional file 21 (sheet 'Additional_file_21'), D19; Algorithm 'MutationTaster2'; column 'Specificity (±2σ)'",0.36,result
somatic-oncogenicity-20261009-result-chen2020-mutpred-oncokb-median-accuracy,somatic-oncogenicity-20261009-source-chen2020-additional-file-9,"Additional file 9 (sheet 'Additional_file_9'), B32; Algorithm 'MutPred'; column 'Accuracy (±2σ)'",0.53,result
somatic-oncogenicity-20261009-result-chen2020-mutpred-oncokb-median-negative-predictive-value,somatic-oncogenicity-20261009-source-chen2020-additional-file-9,"Additional file 9 (sheet 'Additional_file_9'), F32; Algorithm 'MutPred'; column 'NPV (±2σ)'",0.54,result
somatic-oncogenicity-20261009-result-chen2020-mutpred-oncokb-median-precision,somatic-oncogenicity-20261009-source-chen2020-additional-file-9,"Additional file 9 (sheet 'Additional_file_9'), E32; Algorithm 'MutPred'; column 'PPV (±2σ)'",0.52,result
somatic-oncogenicity-20261009-result-chen2020-mutpred-oncokb-median-recall,somatic-oncogenicity-20261009-source-chen2020-additional-file-9,"Additional file 9 (sheet 'Additional_file_9'), C32; Algorithm 'MutPred'; column 'Sensitivity (±2σ)'",0.69,result
somatic-oncogenicity-20261009-result-chen2020-mutpred-oncokb-median-specificity,somatic-oncogenicity-20261009-source-chen2020-additional-file-9,"Additional file 9 (sheet 'Additional_file_9'), D32; Algorithm 'MutPred'; column 'Specificity (±2σ)'",0.36,result
somatic-oncogenicity-20261009-result-chen2020-mutpred-viability-median-accuracy,somatic-oncogenicity-20261009-source-chen2020-additional-file-21,"Additional file 21 (sheet 'Additional_file_21'), B6; Algorithm 'MutPred'; column 'Accuracy (±2σ)'",0.66,result
somatic-oncogenicity-20261009-result-chen2020-mutpred-viability-median-negative-predictive-value,somatic-oncogenicity-20261009-source-chen2020-additional-file-21,"Additional file 21 (sheet 'Additional_file_21'), F6; Algorithm 'MutPred'; column 'NPV (±2σ)'",0.66,result
somatic-oncogenicity-20261009-result-chen2020-mutpred-viability-median-precision,somatic-oncogenicity-20261009-source-chen2020-additional-file-21,"Additional file 21 (sheet 'Additional_file_21'), E6; Algorithm 'MutPred'; column 'PPV (±2σ)'",0.66,result
somatic-oncogenicity-20261009-result-chen2020-mutpred-viability-median-recall,somatic-oncogenicity-20261009-source-chen2020-additional-file-21,"Additional file 21 (sheet 'Additional_file_21'), C6; Algorithm 'MutPred'; column 'Sensitivity (±2σ)'",0.66,result
somatic-oncogenicity-20261009-result-chen2020-mutpred-viability-median-specificity,somatic-oncogenicity-20261009-source-chen2020-additional-file-21,"Additional file 21 (sheet 'Additional_file_21'), D6; Algorithm 'MutPred'; column 'Specificity (±2σ)'",0.66,result
somatic-oncogenicity-20261009-result-chen2020-mvp-oncokb-median-accuracy,somatic-oncogenicity-20261009-source-chen2020-additional-file-9,"Additional file 9 (sheet 'Additional_file_9'), B14; Algorithm 'MVP'; column 'Accuracy (±2σ)'",0.65,result
somatic-oncogenicity-20261009-result-chen2020-mvp-oncokb-median-negative-predictive-value,somatic-oncogenicity-20261009-source-chen2020-additional-file-9,"Additional file 9 (sheet 'Additional_file_9'), F14; Algorithm 'MVP'; column 'NPV (±2σ)'",0.65,result
somatic-oncogenicity-20261009-result-chen2020-mvp-oncokb-median-precision,somatic-oncogenicity-20261009-source-chen2020-additional-file-9,"Additional file 9 (sheet 'Additional_file_9'), E14; Algorithm 'MVP'; column 'PPV (±2σ)'",0.65,result
somatic-oncogenicity-20261009-result-chen2020-mvp-oncokb-median-recall,somatic-oncogenicity-20261009-source-chen2020-additional-file-9,"Additional file 9 (sheet 'Additional_file_9'), C14; Algorithm 'MVP'; column 'Sensitivity (±2σ)'",0.65,result
somatic-oncogenicity-20261009-result-chen2020-mvp-oncokb-median-specificity,somatic-oncogenicity-20261009-source-chen2020-additional-file-9,"Additional file 9 (sheet 'Additional_file_9'), D14; Algorithm 'MVP'; column 'Specificity (±2σ)'",0.65,result
somatic-oncogenicity-20261009-result-chen2020-mvp-viability-median-accuracy,somatic-oncogenicity-20261009-source-chen2020-additional-file-21,"Additional file 21 (sheet 'Additional_file_21'), B13; Algorithm 'MVP'; column 'Accuracy (±2σ)'",0.64,result
somatic-oncogenicity-20261009-result-chen2020-mvp-viability-median-negative-predictive-value,somatic-oncogenicity-20261009-source-chen2020-additional-file-21,"Additional file 21 (sheet 'Additional_file_21'), F13; Algorithm 'MVP'; column 'NPV (±2σ)'",0.64,result
somatic-oncogenicity-20261009-result-chen2020-mvp-viability-median-precision,somatic-oncogenicity-20261009-source-chen2020-additional-file-21,"Additional file 21 (sheet 'Additional_file_21'), E13; Algorithm 'MVP'; column 'PPV (±2σ)'",0.64,result
somatic-oncogenicity-20261009-result-chen2020-mvp-viability-median-recall,somatic-oncogenicity-20261009-source-chen2020-additional-file-21,"Additional file 21 (sheet 'Additional_file_21'), C13; Algorithm 'MVP'; column 'Sensitivity (±2σ)'",0.64,result
somatic-oncogenicity-20261009-result-chen2020-mvp-viability-median-specificity,somatic-oncogenicity-20261009-source-chen2020-additional-file-21,"Additional file 21 (sheet 'Additional_file_21'), D13; Algorithm 'MVP'; column 'Specificity (±2σ)'",0.64,result
somatic-oncogenicity-20261009-result-chen2020-polyphen2-hdiv-oncokb-default-accuracy,somatic-oncogenicity-20261009-source-chen2020-additional-file-10,"Additional file 10 (sheet 'Additional_file_10'), B8; Algorithm 'Polyphen2_HDIV'; column 'Accuracy (±2σ)'",0.62,result
somatic-oncogenicity-20261009-result-chen2020-polyphen2-hdiv-oncokb-default-negative-predictive-value,somatic-oncogenicity-20261009-source-chen2020-additional-file-10,"Additional file 10 (sheet 'Additional_file_10'), F8; Algorithm 'Polyphen2_HDIV'; column 'NPV (±2σ)'",0.79,result
somatic-oncogenicity-20261009-result-chen2020-polyphen2-hdiv-oncokb-default-precision,somatic-oncogenicity-20261009-source-chen2020-additional-file-10,"Additional file 10 (sheet 'Additional_file_10'), E8; Algorithm 'Polyphen2_HDIV'; column 'PPV (±2σ)'",0.58,result
somatic-oncogenicity-20261009-result-chen2020-polyphen2-hdiv-oncokb-default-recall,somatic-oncogenicity-20261009-source-chen2020-additional-file-10,"Additional file 10 (sheet 'Additional_file_10'), C8; Algorithm 'Polyphen2_HDIV'; column 'Sensitivity (±2σ)'",0.93,result
somatic-oncogenicity-20261009-result-chen2020-polyphen2-hdiv-oncokb-default-specificity,somatic-oncogenicity-20261009-source-chen2020-additional-file-10,"Additional file 10 (sheet 'Additional_file_10'), D8; Algorithm 'Polyphen2_HDIV'; column 'Specificity (±2σ)'",0.29,result
somatic-oncogenicity-20261009-result-chen2020-polyphen2-hdiv-oncokb-median-accuracy,somatic-oncogenicity-20261009-source-chen2020-additional-file-9,"Additional file 9 (sheet 'Additional_file_9'), B21; Algorithm 'Polyphen2_HDIV'; column 'Accuracy (±2σ)'",0.63,result
somatic-oncogenicity-20261009-result-chen2020-polyphen2-hdiv-oncokb-median-negative-predictive-value,somatic-oncogenicity-20261009-source-chen2020-additional-file-9,"Additional file 9 (sheet 'Additional_file_9'), F21; Algorithm 'Polyphen2_HDIV'; column 'NPV (±2σ)'",0.63,result
somatic-oncogenicity-20261009-result-chen2020-polyphen2-hdiv-oncokb-median-precision,somatic-oncogenicity-20261009-source-chen2020-additional-file-9,"Additional file 9 (sheet 'Additional_file_9'), E21; Algorithm 'Polyphen2_HDIV'; column 'PPV (±2σ)'",0.62,result
somatic-oncogenicity-20261009-result-chen2020-polyphen2-hdiv-oncokb-median-recall,somatic-oncogenicity-20261009-source-chen2020-additional-file-9,"Additional file 9 (sheet 'Additional_file_9'), C21; Algorithm 'Polyphen2_HDIV'; column 'Sensitivity (±2σ)'",0.64,result
somatic-oncogenicity-20261009-result-chen2020-polyphen2-hdiv-oncokb-median-specificity,somatic-oncogenicity-20261009-source-chen2020-additional-file-9,"Additional file 9 (sheet 'Additional_file_9'), D21; Algorithm 'Polyphen2_HDIV'; column 'Specificity (±2σ)'",0.62,result
somatic-oncogenicity-20261009-result-chen2020-polyphen2-hdiv-viability-default-accuracy,somatic-oncogenicity-20261009-source-chen2020-additional-file-22,"Additional file 22 (sheet 'Additional_file_22'), B9; Algorithm 'Polyphen2_HDIV'; column 'Accuracy (±2σ)'",0.59,result
somatic-oncogenicity-20261009-result-chen2020-polyphen2-hdiv-viability-default-negative-predictive-value,somatic-oncogenicity-20261009-source-chen2020-additional-file-22,"Additional file 22 (sheet 'Additional_file_22'), F9; Algorithm 'Polyphen2_HDIV'; column 'NPV (±2σ)'",0.70,result
somatic-oncogenicity-20261009-result-chen2020-polyphen2-hdiv-viability-default-precision,somatic-oncogenicity-20261009-source-chen2020-additional-file-22,"Additional file 22 (sheet 'Additional_file_22'), E9; Algorithm 'Polyphen2_HDIV'; column 'PPV (±2σ)'",0.56,result
somatic-oncogenicity-20261009-result-chen2020-polyphen2-hdiv-viability-default-recall,somatic-oncogenicity-20261009-source-chen2020-additional-file-22,"Additional file 22 (sheet 'Additional_file_22'), C9; Algorithm 'Polyphen2_HDIV'; column 'Sensitivity (±2σ)'",0.88,result
somatic-oncogenicity-20261009-result-chen2020-polyphen2-hdiv-viability-default-specificity,somatic-oncogenicity-20261009-source-chen2020-additional-file-22,"Additional file 22 (sheet 'Additional_file_22'), D9; Algorithm 'Polyphen2_HDIV'; column 'Specificity (±2σ)'",0.29,result
somatic-oncogenicity-20261009-result-chen2020-polyphen2-hdiv-viability-median-accuracy,somatic-oncogenicity-20261009-source-chen2020-additional-file-21,"Additional file 21 (sheet 'Additional_file_21'), B29; Algorithm 'Polyphen2_HDIV'; column 'Accuracy (±2σ)'",0.58,result
somatic-oncogenicity-20261009-result-chen2020-polyphen2-hdiv-viability-median-negative-predictive-value,somatic-oncogenicity-20261009-source-chen2020-additional-file-21,"Additional file 21 (sheet 'Additional_file_21'), F29; Algorithm 'Polyphen2_HDIV'; column 'NPV (±2σ)'",0.58,result
somatic-oncogenicity-20261009-result-chen2020-polyphen2-hdiv-viability-median-precision,somatic-oncogenicity-20261009-source-chen2020-additional-file-21,"Additional file 21 (sheet 'Additional_file_21'), E29; Algorithm 'Polyphen2_HDIV'; column 'PPV (±2σ)'",0.58,result
somatic-oncogenicity-20261009-result-chen2020-polyphen2-hdiv-viability-median-recall,somatic-oncogenicity-20261009-source-chen2020-additional-file-21,"Additional file 21 (sheet 'Additional_file_21'), C29; Algorithm 'Polyphen2_HDIV'; column 'Sensitivity (±2σ)'",0.58,result
somatic-oncogenicity-20261009-result-chen2020-polyphen2-hdiv-viability-median-specificity,somatic-oncogenicity-20261009-source-chen2020-additional-file-21,"Additional file 21 (sheet 'Additional_file_21'), D29; Algorithm 'Polyphen2_HDIV'; column 'Specificity (±2σ)'",0.57,result
somatic-oncogenicity-20261009-result-chen2020-polyphen2-hvar-oncokb-default-accuracy,somatic-oncogenicity-20261009-source-chen2020-additional-file-10,"Additional file 10 (sheet 'Additional_file_10'), B7; Algorithm 'Polyphen2_HVAR'; column 'Accuracy (±2σ)'",0.64,result
somatic-oncogenicity-20261009-result-chen2020-polyphen2-hvar-oncokb-default-negative-predictive-value,somatic-oncogenicity-20261009-source-chen2020-additional-file-10,"Additional file 10 (sheet 'Additional_file_10'), F7; Algorithm 'Polyphen2_HVAR'; column 'NPV (±2σ)'",0.76,result
somatic-oncogenicity-20261009-result-chen2020-polyphen2-hvar-oncokb-default-precision,somatic-oncogenicity-20261009-source-chen2020-additional-file-10,"Additional file 10 (sheet 'Additional_file_10'), E7; Algorithm 'Polyphen2_HVAR'; column 'PPV (±2σ)'",0.60,result
somatic-oncogenicity-20261009-result-chen2020-polyphen2-hvar-oncokb-default-recall,somatic-oncogenicity-20261009-source-chen2020-additional-file-10,"Additional file 10 (sheet 'Additional_file_10'), C7; Algorithm 'Polyphen2_HVAR'; column 'Sensitivity (±2σ)'",0.88,result
somatic-oncogenicity-20261009-result-chen2020-polyphen2-hvar-oncokb-default-specificity,somatic-oncogenicity-20261009-source-chen2020-additional-file-10,"Additional file 10 (sheet 'Additional_file_10'), D7; Algorithm 'Polyphen2_HVAR'; column 'Specificity (±2σ)'",0.39,result
somatic-oncogenicity-20261009-result-chen2020-polyphen2-hvar-oncokb-median-accuracy,somatic-oncogenicity-20261009-source-chen2020-additional-file-9,"Additional file 9 (sheet 'Additional_file_9'), B22; Algorithm 'Polyphen2_HVAR'; column 'Accuracy (±2σ)'",0.62,result
somatic-oncogenicity-20261009-result-chen2020-polyphen2-hvar-oncokb-median-negative-predictive-value,somatic-oncogenicity-20261009-source-chen2020-additional-file-9,"Additional file 9 (sheet 'Additional_file_9'), F22; Algorithm 'Polyphen2_HVAR'; column 'NPV (±2σ)'",0.62,result
somatic-oncogenicity-20261009-result-chen2020-polyphen2-hvar-oncokb-median-precision,somatic-oncogenicity-20261009-source-chen2020-additional-file-9,"Additional file 9 (sheet 'Additional_file_9'), E22; Algorithm 'Polyphen2_HVAR'; column 'PPV (±2σ)'",0.62,result
somatic-oncogenicity-20261009-result-chen2020-polyphen2-hvar-oncokb-median-recall,somatic-oncogenicity-20261009-source-chen2020-additional-file-9,"Additional file 9 (sheet 'Additional_file_9'), C22; Algorithm 'Polyphen2_HVAR'; column 'Sensitivity (±2σ)'",0.63,result
somatic-oncogenicity-20261009-result-chen2020-polyphen2-hvar-oncokb-median-specificity,somatic-oncogenicity-20261009-source-chen2020-additional-file-9,"Additional file 9 (sheet 'Additional_file_9'), D22; Algorithm 'Polyphen2_HVAR'; column 'Specificity (±2σ)'",0.61,result
somatic-oncogenicity-20261009-result-chen2020-polyphen2-hvar-viability-default-accuracy,somatic-oncogenicity-20261009-source-chen2020-additional-file-22,"Additional file 22 (sheet 'Additional_file_22'), B6; Algorithm 'Polyphen2_HVAR'; column 'Accuracy (±2σ)'",0.59,result
somatic-oncogenicity-20261009-result-chen2020-polyphen2-hvar-viability-default-negative-predictive-value,somatic-oncogenicity-20261009-source-chen2020-additional-file-22,"Additional file 22 (sheet 'Additional_file_22'), F6; Algorithm 'Polyphen2_HVAR'; column 'NPV (±2σ)'",0.65,result
somatic-oncogenicity-20261009-result-chen2020-polyphen2-hvar-viability-default-precision,somatic-oncogenicity-20261009-source-chen2020-additional-file-22,"Additional file 22 (sheet 'Additional_file_22'), E6; Algorithm 'Polyphen2_HVAR'; column 'PPV (±2σ)'",0.57,result
somatic-oncogenicity-20261009-result-chen2020-polyphen2-hvar-viability-default-recall,somatic-oncogenicity-20261009-source-chen2020-additional-file-22,"Additional file 22 (sheet 'Additional_file_22'), C6; Algorithm 'Polyphen2_HVAR'; column 'Sensitivity (±2σ)'",0.80,result
somatic-oncogenicity-20261009-result-chen2020-polyphen2-hvar-viability-default-specificity,somatic-oncogenicity-20261009-source-chen2020-additional-file-22,"Additional file 22 (sheet 'Additional_file_22'), D6; Algorithm 'Polyphen2_HVAR'; column 'Specificity (±2σ)'",0.38,result
somatic-oncogenicity-20261009-result-chen2020-polyphen2-hvar-viability-median-accuracy,somatic-oncogenicity-20261009-source-chen2020-additional-file-21,"Additional file 21 (sheet 'Additional_file_21'), B24; Algorithm 'Polyphen2_HVAR'; column 'Accuracy (±2σ)'",0.59,result
somatic-oncogenicity-20261009-result-chen2020-polyphen2-hvar-viability-median-negative-predictive-value,somatic-oncogenicity-20261009-source-chen2020-additional-file-21,"Additional file 21 (sheet 'Additional_file_21'), F24; Algorithm 'Polyphen2_HVAR'; column 'NPV (±2σ)'",0.59,result
somatic-oncogenicity-20261009-result-chen2020-polyphen2-hvar-viability-median-precision,somatic-oncogenicity-20261009-source-chen2020-additional-file-21,"Additional file 21 (sheet 'Additional_file_21'), E24; Algorithm 'Polyphen2_HVAR'; column 'PPV (±2σ)'",0.59,result
somatic-oncogenicity-20261009-result-chen2020-polyphen2-hvar-viability-median-recall,somatic-oncogenicity-20261009-source-chen2020-additional-file-21,"Additional file 21 (sheet 'Additional_file_21'), C24; Algorithm 'Polyphen2_HVAR'; column 'Sensitivity (±2σ)'",0.59,result
somatic-oncogenicity-20261009-result-chen2020-polyphen2-hvar-viability-median-specificity,somatic-oncogenicity-20261009-source-chen2020-additional-file-21,"Additional file 21 (sheet 'Additional_file_21'), D24; Algorithm 'Polyphen2_HVAR'; column 'Specificity (±2σ)'",0.59,result
somatic-oncogenicity-20261009-result-chen2020-primateai-oncokb-default-accuracy,somatic-oncogenicity-20261009-source-chen2020-additional-file-10,"Additional file 10 (sheet 'Additional_file_10'), B5; Algorithm 'PrimateAI'; column 'Accuracy (±2σ)'",0.66,result
somatic-oncogenicity-20261009-result-chen2020-primateai-oncokb-default-negative-predictive-value,somatic-oncogenicity-20261009-source-chen2020-additional-file-10,"Additional file 10 (sheet 'Additional_file_10'), F5; Algorithm 'PrimateAI'; column 'NPV (±2σ)'",0.71,result
somatic-oncogenicity-20261009-result-chen2020-primateai-oncokb-default-precision,somatic-oncogenicity-20261009-source-chen2020-additional-file-10,"Additional file 10 (sheet 'Additional_file_10'), E5; Algorithm 'PrimateAI'; column 'PPV (±2σ)'",0.63,result
somatic-oncogenicity-20261009-result-chen2020-primateai-oncokb-default-recall,somatic-oncogenicity-20261009-source-chen2020-additional-file-10,"Additional file 10 (sheet 'Additional_file_10'), C5; Algorithm 'PrimateAI'; column 'Sensitivity (±2σ)'",0.77,result
somatic-oncogenicity-20261009-result-chen2020-primateai-oncokb-default-specificity,somatic-oncogenicity-20261009-source-chen2020-additional-file-10,"Additional file 10 (sheet 'Additional_file_10'), D5; Algorithm 'PrimateAI'; column 'Specificity (±2σ)'",0.55,result
somatic-oncogenicity-20261009-result-chen2020-primateai-oncokb-median-accuracy,somatic-oncogenicity-20261009-source-chen2020-additional-file-9,"Additional file 9 (sheet 'Additional_file_9'), B10; Algorithm 'PrimateAI'; column 'Accuracy (±2σ)'",0.66,result
somatic-oncogenicity-20261009-result-chen2020-primateai-oncokb-median-negative-predictive-value,somatic-oncogenicity-20261009-source-chen2020-additional-file-9,"Additional file 9 (sheet 'Additional_file_9'), F10; Algorithm 'PrimateAI'; column 'NPV (±2σ)'",0.66,result
somatic-oncogenicity-20261009-result-chen2020-primateai-oncokb-median-precision,somatic-oncogenicity-20261009-source-chen2020-additional-file-9,"Additional file 9 (sheet 'Additional_file_9'), E10; Algorithm 'PrimateAI'; column 'PPV (±2σ)'",0.66,result
somatic-oncogenicity-20261009-result-chen2020-primateai-oncokb-median-recall,somatic-oncogenicity-20261009-source-chen2020-additional-file-9,"Additional file 9 (sheet 'Additional_file_9'), C10; Algorithm 'PrimateAI'; column 'Sensitivity (±2σ)'",0.66,result
somatic-oncogenicity-20261009-result-chen2020-primateai-oncokb-median-specificity,somatic-oncogenicity-20261009-source-chen2020-additional-file-9,"Additional file 9 (sheet 'Additional_file_9'), D10; Algorithm 'PrimateAI'; column 'Specificity (±2σ)'",0.66,result
somatic-oncogenicity-20261009-result-chen2020-primateai-viability-default-accuracy,somatic-oncogenicity-20261009-source-chen2020-additional-file-22,"Additional file 22 (sheet 'Additional_file_22'), B2; Algorithm 'PrimateAI'; column 'Accuracy (±2σ)'",0.65,result
somatic-oncogenicity-20261009-result-chen2020-primateai-viability-default-negative-predictive-value,somatic-oncogenicity-20261009-source-chen2020-additional-file-22,"Additional file 22 (sheet 'Additional_file_22'), F2; Algorithm 'PrimateAI'; column 'NPV (±2σ)'",0.70,result
somatic-oncogenicity-20261009-result-chen2020-primateai-viability-default-precision,somatic-oncogenicity-20261009-source-chen2020-additional-file-22,"Additional file 22 (sheet 'Additional_file_22'), E2; Algorithm 'PrimateAI'; column 'PPV (±2σ)'",0.63,result
somatic-oncogenicity-20261009-result-chen2020-primateai-viability-default-recall,somatic-oncogenicity-20261009-source-chen2020-additional-file-22,"Additional file 22 (sheet 'Additional_file_22'), C2; Algorithm 'PrimateAI'; column 'Sensitivity (±2σ)'",0.79,result
somatic-oncogenicity-20261009-result-chen2020-primateai-viability-default-specificity,somatic-oncogenicity-20261009-source-chen2020-additional-file-22,"Additional file 22 (sheet 'Additional_file_22'), D2; Algorithm 'PrimateAI'; column 'Specificity (±2σ)'",0.52,result
somatic-oncogenicity-20261009-result-chen2020-primateai-viability-median-accuracy,somatic-oncogenicity-20261009-source-chen2020-additional-file-21,"Additional file 21 (sheet 'Additional_file_21'), B3; Algorithm 'PrimateAI'; column 'Accuracy (±2σ)'",0.70,result
somatic-oncogenicity-20261009-result-chen2020-primateai-viability-median-negative-predictive-value,somatic-oncogenicity-20261009-source-chen2020-additional-file-21,"Additional file 21 (sheet 'Additional_file_21'), F3; Algorithm 'PrimateAI'; column 'NPV (±2σ)'",0.70,result
somatic-oncogenicity-20261009-result-chen2020-primateai-viability-median-precision,somatic-oncogenicity-20261009-source-chen2020-additional-file-21,"Additional file 21 (sheet 'Additional_file_21'), E3; Algorithm 'PrimateAI'; column 'PPV (±2σ)'",0.70,result
somatic-oncogenicity-20261009-result-chen2020-primateai-viability-median-recall,somatic-oncogenicity-20261009-source-chen2020-additional-file-21,"Additional file 21 (sheet 'Additional_file_21'), C3; Algorithm 'PrimateAI'; column 'Sensitivity (±2σ)'",0.70,result
somatic-oncogenicity-20261009-result-chen2020-primateai-viability-median-specificity,somatic-oncogenicity-20261009-source-chen2020-additional-file-21,"Additional file 21 (sheet 'Additional_file_21'), D3; Algorithm 'PrimateAI'; column 'Specificity (±2σ)'",0.70,result
somatic-oncogenicity-20261009-result-chen2020-provean-oncokb-default-accuracy,somatic-oncogenicity-20261009-source-chen2020-additional-file-10,"Additional file 10 (sheet 'Additional_file_10'), B3; Algorithm 'PROVEAN'; column 'Accuracy (±2σ)'",0.67,result
somatic-oncogenicity-20261009-result-chen2020-provean-oncokb-default-negative-predictive-value,somatic-oncogenicity-20261009-source-chen2020-additional-file-10,"Additional file 10 (sheet 'Additional_file_10'), F3; Algorithm 'PROVEAN'; column 'NPV (±2σ)'",0.80,result
somatic-oncogenicity-20261009-result-chen2020-provean-oncokb-default-precision,somatic-oncogenicity-20261009-source-chen2020-additional-file-10,"Additional file 10 (sheet 'Additional_file_10'), E3; Algorithm 'PROVEAN'; column 'PPV (±2σ)'",0.61,result
somatic-oncogenicity-20261009-result-chen2020-provean-oncokb-default-recall,somatic-oncogenicity-20261009-source-chen2020-additional-file-10,"Additional file 10 (sheet 'Additional_file_10'), C3; Algorithm 'PROVEAN'; column 'Sensitivity (±2σ)'",0.89,result
somatic-oncogenicity-20261009-result-chen2020-provean-oncokb-default-specificity,somatic-oncogenicity-20261009-source-chen2020-additional-file-10,"Additional file 10 (sheet 'Additional_file_10'), D3; Algorithm 'PROVEAN'; column 'Specificity (±2σ)'",0.45,result
somatic-oncogenicity-20261009-result-chen2020-provean-oncokb-median-accuracy,somatic-oncogenicity-20261009-source-chen2020-additional-file-9,"Additional file 9 (sheet 'Additional_file_9'), B2; Algorithm 'PROVEAN'; column 'Accuracy (±2σ)'",0.69,result
somatic-oncogenicity-20261009-result-chen2020-provean-oncokb-median-negative-predictive-value,somatic-oncogenicity-20261009-source-chen2020-additional-file-9,"Additional file 9 (sheet 'Additional_file_9'), F2; Algorithm 'PROVEAN'; column 'NPV (±2σ)'",0.70,result
somatic-oncogenicity-20261009-result-chen2020-provean-oncokb-median-precision,somatic-oncogenicity-20261009-source-chen2020-additional-file-9,"Additional file 9 (sheet 'Additional_file_9'), E2; Algorithm 'PROVEAN'; column 'PPV (±2σ)'",0.69,result
somatic-oncogenicity-20261009-result-chen2020-provean-oncokb-median-recall,somatic-oncogenicity-20261009-source-chen2020-additional-file-9,"Additional file 9 (sheet 'Additional_file_9'), C2; Algorithm 'PROVEAN'; column 'Sensitivity (±2σ)'",0.70,result
somatic-oncogenicity-20261009-result-chen2020-provean-oncokb-median-specificity,somatic-oncogenicity-20261009-source-chen2020-additional-file-9,"Additional file 9 (sheet 'Additional_file_9'), D2; Algorithm 'PROVEAN'; column 'Specificity (±2σ)'",0.68,result
somatic-oncogenicity-20261009-result-chen2020-provean-viability-default-accuracy,somatic-oncogenicity-20261009-source-chen2020-additional-file-22,"Additional file 22 (sheet 'Additional_file_22'), B3; Algorithm 'PROVEAN'; column 'Accuracy (±2σ)'",0.62,result
somatic-oncogenicity-20261009-result-chen2020-provean-viability-default-negative-predictive-value,somatic-oncogenicity-20261009-source-chen2020-additional-file-22,"Additional file 22 (sheet 'Additional_file_22'), F3; Algorithm 'PROVEAN'; column 'NPV (±2σ)'",0.70,result
somatic-oncogenicity-20261009-result-chen2020-provean-viability-default-precision,somatic-oncogenicity-20261009-source-chen2020-additional-file-22,"Additional file 22 (sheet 'Additional_file_22'), E3; Algorithm 'PROVEAN'; column 'PPV (±2σ)'",0.57,result
somatic-oncogenicity-20261009-result-chen2020-provean-viability-default-recall,somatic-oncogenicity-20261009-source-chen2020-additional-file-22,"Additional file 22 (sheet 'Additional_file_22'), C3; Algorithm 'PROVEAN'; column 'Sensitivity (±2σ)'",0.78,result
somatic-oncogenicity-20261009-result-chen2020-provean-viability-default-specificity,somatic-oncogenicity-20261009-source-chen2020-additional-file-22,"Additional file 22 (sheet 'Additional_file_22'), D3; Algorithm 'PROVEAN'; column 'Specificity (±2σ)'",0.48,result
somatic-oncogenicity-20261009-result-chen2020-provean-viability-median-accuracy,somatic-oncogenicity-20261009-source-chen2020-additional-file-21,"Additional file 21 (sheet 'Additional_file_21'), B25; Algorithm 'PROVEAN'; column 'Accuracy (±2σ)'",0.59,result
somatic-oncogenicity-20261009-result-chen2020-provean-viability-median-negative-predictive-value,somatic-oncogenicity-20261009-source-chen2020-additional-file-21,"Additional file 21 (sheet 'Additional_file_21'), F25; Algorithm 'PROVEAN'; column 'NPV (±2σ)'",0.59,result
somatic-oncogenicity-20261009-result-chen2020-provean-viability-median-precision,somatic-oncogenicity-20261009-source-chen2020-additional-file-21,"Additional file 21 (sheet 'Additional_file_21'), E25; Algorithm 'PROVEAN'; column 'PPV (±2σ)'",0.58,result
somatic-oncogenicity-20261009-result-chen2020-provean-viability-median-recall,somatic-oncogenicity-20261009-source-chen2020-additional-file-21,"Additional file 21 (sheet 'Additional_file_21'), C25; Algorithm 'PROVEAN'; column 'Sensitivity (±2σ)'",0.59,result
somatic-oncogenicity-20261009-result-chen2020-provean-viability-median-specificity,somatic-oncogenicity-20261009-source-chen2020-additional-file-21,"Additional file 21 (sheet 'Additional_file_21'), D25; Algorithm 'PROVEAN'; column 'Specificity (±2σ)'",0.58,result
somatic-oncogenicity-20261009-result-chen2020-revel-oncokb-median-accuracy,somatic-oncogenicity-20261009-source-chen2020-additional-file-9,"Additional file 9 (sheet 'Additional_file_9'), B5; Algorithm 'REVEL'; column 'Accuracy (±2σ)'",0.67,result
somatic-oncogenicity-20261009-result-chen2020-revel-oncokb-median-negative-predictive-value,somatic-oncogenicity-20261009-source-chen2020-additional-file-9,"Additional file 9 (sheet 'Additional_file_9'), F5; Algorithm 'REVEL'; column 'NPV (±2σ)'",0.67,result
somatic-oncogenicity-20261009-result-chen2020-revel-oncokb-median-precision,somatic-oncogenicity-20261009-source-chen2020-additional-file-9,"Additional file 9 (sheet 'Additional_file_9'), E5; Algorithm 'REVEL'; column 'PPV (±2σ)'",0.67,result
somatic-oncogenicity-20261009-result-chen2020-revel-oncokb-median-recall,somatic-oncogenicity-20261009-source-chen2020-additional-file-9,"Additional file 9 (sheet 'Additional_file_9'), C5; Algorithm 'REVEL'; column 'Sensitivity (±2σ)'",0.67,result
somatic-oncogenicity-20261009-result-chen2020-revel-oncokb-median-specificity,somatic-oncogenicity-20261009-source-chen2020-additional-file-9,"Additional file 9 (sheet 'Additional_file_9'), D5; Algorithm 'REVEL'; column 'Specificity (±2σ)'",0.67,result
somatic-oncogenicity-20261009-result-chen2020-revel-viability-median-accuracy,somatic-oncogenicity-20261009-source-chen2020-additional-file-21,"Additional file 21 (sheet 'Additional_file_21'), B10; Algorithm 'REVEL'; column 'Accuracy (±2σ)'",0.64,result
somatic-oncogenicity-20261009-result-chen2020-revel-viability-median-negative-predictive-value,somatic-oncogenicity-20261009-source-chen2020-additional-file-21,"Additional file 21 (sheet 'Additional_file_21'), F10; Algorithm 'REVEL'; column 'NPV (±2σ)'",0.64,result
somatic-oncogenicity-20261009-result-chen2020-revel-viability-median-precision,somatic-oncogenicity-20261009-source-chen2020-additional-file-21,"Additional file 21 (sheet 'Additional_file_21'), E10; Algorithm 'REVEL'; column 'PPV (±2σ)'",0.64,result
somatic-oncogenicity-20261009-result-chen2020-revel-viability-median-recall,somatic-oncogenicity-20261009-source-chen2020-additional-file-21,"Additional file 21 (sheet 'Additional_file_21'), C10; Algorithm 'REVEL'; column 'Sensitivity (±2σ)'",0.65,result
somatic-oncogenicity-20261009-result-chen2020-revel-viability-median-specificity,somatic-oncogenicity-20261009-source-chen2020-additional-file-21,"Additional file 21 (sheet 'Additional_file_21'), D10; Algorithm 'REVEL'; column 'Specificity (±2σ)'",0.64,result
somatic-oncogenicity-20261009-result-chen2020-sift-oncokb-default-accuracy,somatic-oncogenicity-20261009-source-chen2020-additional-file-10,"Additional file 10 (sheet 'Additional_file_10'), B10; Algorithm 'SIFT'; column 'Accuracy (±2σ)'",0.61,result
somatic-oncogenicity-20261009-result-chen2020-sift-oncokb-default-negative-predictive-value,somatic-oncogenicity-20261009-source-chen2020-additional-file-10,"Additional file 10 (sheet 'Additional_file_10'), F10; Algorithm 'SIFT'; column 'NPV (±2σ)'",0.75,result
somatic-oncogenicity-20261009-result-chen2020-sift-oncokb-default-precision,somatic-oncogenicity-20261009-source-chen2020-additional-file-10,"Additional file 10 (sheet 'Additional_file_10'), E10; Algorithm 'SIFT'; column 'PPV (±2σ)'",0.57,result
somatic-oncogenicity-20261009-result-chen2020-sift-oncokb-default-recall,somatic-oncogenicity-20261009-source-chen2020-additional-file-10,"Additional file 10 (sheet 'Additional_file_10'), C10; Algorithm 'SIFT'; column 'Sensitivity (±2σ)'",0.89,result
somatic-oncogenicity-20261009-result-chen2020-sift-oncokb-default-specificity,somatic-oncogenicity-20261009-source-chen2020-additional-file-10,"Additional file 10 (sheet 'Additional_file_10'), D10; Algorithm 'SIFT'; column 'Specificity (±2σ)'",0.33,result
somatic-oncogenicity-20261009-result-chen2020-sift-oncokb-median-accuracy,somatic-oncogenicity-20261009-source-chen2020-additional-file-9,"Additional file 9 (sheet 'Additional_file_9'), B23; Algorithm 'SIFT'; column 'Accuracy (±2σ)'",0.61,result
somatic-oncogenicity-20261009-result-chen2020-sift-oncokb-median-negative-predictive-value,somatic-oncogenicity-20261009-source-chen2020-additional-file-9,"Additional file 9 (sheet 'Additional_file_9'), F23; Algorithm 'SIFT'; column 'NPV (±2σ)'",0.61,result
somatic-oncogenicity-20261009-result-chen2020-sift-oncokb-median-precision,somatic-oncogenicity-20261009-source-chen2020-additional-file-9,"Additional file 9 (sheet 'Additional_file_9'), E23; Algorithm 'SIFT'; column 'PPV (±2σ)'",0.60,result
somatic-oncogenicity-20261009-result-chen2020-sift-oncokb-median-recall,somatic-oncogenicity-20261009-source-chen2020-additional-file-9,"Additional file 9 (sheet 'Additional_file_9'), C23; Algorithm 'SIFT'; column 'Sensitivity (±2σ)'",0.63,result
somatic-oncogenicity-20261009-result-chen2020-sift-oncokb-median-specificity,somatic-oncogenicity-20261009-source-chen2020-additional-file-9,"Additional file 9 (sheet 'Additional_file_9'), D23; Algorithm 'SIFT'; column 'Specificity (±2σ)'",0.58,result
somatic-oncogenicity-20261009-result-chen2020-sift-viability-default-accuracy,somatic-oncogenicity-20261009-source-chen2020-additional-file-22,"Additional file 22 (sheet 'Additional_file_22'), B13; Algorithm 'SIFT'; column 'Accuracy (±2σ)'",0.56,result
somatic-oncogenicity-20261009-result-chen2020-sift-viability-default-negative-predictive-value,somatic-oncogenicity-20261009-source-chen2020-additional-file-22,"Additional file 22 (sheet 'Additional_file_22'), F13; Algorithm 'SIFT'; column 'NPV (±2σ)'",0.66,result
somatic-oncogenicity-20261009-result-chen2020-sift-viability-default-precision,somatic-oncogenicity-20261009-source-chen2020-additional-file-22,"Additional file 22 (sheet 'Additional_file_22'), E13; Algorithm 'SIFT'; column 'PPV (±2σ)'",0.53,result
somatic-oncogenicity-20261009-result-chen2020-sift-viability-default-recall,somatic-oncogenicity-20261009-source-chen2020-additional-file-22,"Additional file 22 (sheet 'Additional_file_22'), C13; Algorithm 'SIFT'; column 'Sensitivity (±2σ)'",0.80,result
somatic-oncogenicity-20261009-result-chen2020-sift-viability-default-specificity,somatic-oncogenicity-20261009-source-chen2020-additional-file-22,"Additional file 22 (sheet 'Additional_file_22'), D13; Algorithm 'SIFT'; column 'Specificity (±2σ)'",0.35,result
somatic-oncogenicity-20261009-result-chen2020-sift-viability-median-accuracy,somatic-oncogenicity-20261009-source-chen2020-additional-file-21,"Additional file 21 (sheet 'Additional_file_21'), B31; Algorithm 'SIFT'; column 'Accuracy (±2σ)'",0.56,result
somatic-oncogenicity-20261009-result-chen2020-sift-viability-median-negative-predictive-value,somatic-oncogenicity-20261009-source-chen2020-additional-file-21,"Additional file 21 (sheet 'Additional_file_21'), F31; Algorithm 'SIFT'; column 'NPV (±2σ)'",0.56,result
somatic-oncogenicity-20261009-result-chen2020-sift-viability-median-precision,somatic-oncogenicity-20261009-source-chen2020-additional-file-21,"Additional file 21 (sheet 'Additional_file_21'), E31; Algorithm 'SIFT'; column 'PPV (±2σ)'",0.55,result
somatic-oncogenicity-20261009-result-chen2020-sift-viability-median-recall,somatic-oncogenicity-20261009-source-chen2020-additional-file-21,"Additional file 21 (sheet 'Additional_file_21'), C31; Algorithm 'SIFT'; column 'Sensitivity (±2σ)'",0.59,result
somatic-oncogenicity-20261009-result-chen2020-sift-viability-median-specificity,somatic-oncogenicity-20261009-source-chen2020-additional-file-21,"Additional file 21 (sheet 'Additional_file_21'), D31; Algorithm 'SIFT'; column 'Specificity (±2σ)'",0.53,result
somatic-oncogenicity-20261009-result-chen2020-sift4g-oncokb-default-accuracy,somatic-oncogenicity-20261009-source-chen2020-additional-file-10,"Additional file 10 (sheet 'Additional_file_10'), B9; Algorithm 'SIFT4G'; column 'Accuracy (±2σ)'",0.61,result
somatic-oncogenicity-20261009-result-chen2020-sift4g-oncokb-default-negative-predictive-value,somatic-oncogenicity-20261009-source-chen2020-additional-file-10,"Additional file 10 (sheet 'Additional_file_10'), F9; Algorithm 'SIFT4G'; column 'NPV (±2σ)'",0.71,result
somatic-oncogenicity-20261009-result-chen2020-sift4g-oncokb-default-precision,somatic-oncogenicity-20261009-source-chen2020-additional-file-10,"Additional file 10 (sheet 'Additional_file_10'), E9; Algorithm 'SIFT4G'; column 'PPV (±2σ)'",0.58,result
somatic-oncogenicity-20261009-result-chen2020-sift4g-oncokb-default-recall,somatic-oncogenicity-20261009-source-chen2020-additional-file-10,"Additional file 10 (sheet 'Additional_file_10'), C9; Algorithm 'SIFT4G'; column 'Sensitivity (±2σ)'",0.83,result
somatic-oncogenicity-20261009-result-chen2020-sift4g-oncokb-default-specificity,somatic-oncogenicity-20261009-source-chen2020-additional-file-10,"Additional file 10 (sheet 'Additional_file_10'), D9; Algorithm 'SIFT4G'; column 'Specificity (±2σ)'",0.41,result
somatic-oncogenicity-20261009-result-chen2020-sift4g-oncokb-median-accuracy,somatic-oncogenicity-20261009-source-chen2020-additional-file-9,"Additional file 9 (sheet 'Additional_file_9'), B24; Algorithm 'SIFT4G'; column 'Accuracy (±2σ)'",0.61,result
somatic-oncogenicity-20261009-result-chen2020-sift4g-oncokb-median-negative-predictive-value,somatic-oncogenicity-20261009-source-chen2020-additional-file-9,"Additional file 9 (sheet 'Additional_file_9'), F24; Algorithm 'SIFT4G'; column 'NPV (±2σ)'",0.61,result
somatic-oncogenicity-20261009-result-chen2020-sift4g-oncokb-median-precision,somatic-oncogenicity-20261009-source-chen2020-additional-file-9,"Additional file 9 (sheet 'Additional_file_9'), E24; Algorithm 'SIFT4G'; column 'PPV (±2σ)'",0.61,result
somatic-oncogenicity-20261009-result-chen2020-sift4g-oncokb-median-recall,somatic-oncogenicity-20261009-source-chen2020-additional-file-9,"Additional file 9 (sheet 'Additional_file_9'), C24; Algorithm 'SIFT4G'; column 'Sensitivity (±2σ)'",0.62,result
somatic-oncogenicity-20261009-result-chen2020-sift4g-oncokb-median-specificity,somatic-oncogenicity-20261009-source-chen2020-additional-file-9,"Additional file 9 (sheet 'Additional_file_9'), D24; Algorithm 'SIFT4G'; column 'Specificity (±2σ)'",0.60,result
somatic-oncogenicity-20261009-result-chen2020-sift4g-viability-default-accuracy,somatic-oncogenicity-20261009-source-chen2020-additional-file-22,"Additional file 22 (sheet 'Additional_file_22'), B11; Algorithm 'SIFT4G'; column 'Accuracy (±2σ)'",0.58,result
somatic-oncogenicity-20261009-result-chen2020-sift4g-viability-default-negative-predictive-value,somatic-oncogenicity-20261009-source-chen2020-additional-file-22,"Additional file 22 (sheet 'Additional_file_22'), F11; Algorithm 'SIFT4G'; column 'NPV (±2σ)'",0.63,result
somatic-oncogenicity-20261009-result-chen2020-sift4g-viability-default-precision,somatic-oncogenicity-20261009-source-chen2020-additional-file-22,"Additional file 22 (sheet 'Additional_file_22'), E11; Algorithm 'SIFT4G'; column 'PPV (±2σ)'",0.54,result
somatic-oncogenicity-20261009-result-chen2020-sift4g-viability-default-recall,somatic-oncogenicity-20261009-source-chen2020-additional-file-22,"Additional file 22 (sheet 'Additional_file_22'), C11; Algorithm 'SIFT4G'; column 'Sensitivity (±2σ)'",0.69,result
somatic-oncogenicity-20261009-result-chen2020-sift4g-viability-default-specificity,somatic-oncogenicity-20261009-source-chen2020-additional-file-22,"Additional file 22 (sheet 'Additional_file_22'), D11; Algorithm 'SIFT4G'; column 'Specificity (±2σ)'",0.48,result
somatic-oncogenicity-20261009-result-chen2020-sift4g-viability-median-accuracy,somatic-oncogenicity-20261009-source-chen2020-additional-file-21,"Additional file 21 (sheet 'Additional_file_21'), B22; Algorithm 'SIFT4G'; column 'Accuracy (±2σ)'",0.60,result
somatic-oncogenicity-20261009-result-chen2020-sift4g-viability-median-negative-predictive-value,somatic-oncogenicity-20261009-source-chen2020-additional-file-21,"Additional file 21 (sheet 'Additional_file_21'), F22; Algorithm 'SIFT4G'; column 'NPV (±2σ)'",0.61,result
somatic-oncogenicity-20261009-result-chen2020-sift4g-viability-median-precision,somatic-oncogenicity-20261009-source-chen2020-additional-file-21,"Additional file 21 (sheet 'Additional_file_21'), E22; Algorithm 'SIFT4G'; column 'PPV (±2σ)'",0.58,result
somatic-oncogenicity-20261009-result-chen2020-sift4g-viability-median-recall,somatic-oncogenicity-20261009-source-chen2020-additional-file-21,"Additional file 21 (sheet 'Additional_file_21'), C22; Algorithm 'SIFT4G'; column 'Sensitivity (±2σ)'",0.67,result
somatic-oncogenicity-20261009-result-chen2020-sift4g-viability-median-specificity,somatic-oncogenicity-20261009-source-chen2020-additional-file-21,"Additional file 21 (sheet 'Additional_file_21'), D22; Algorithm 'SIFT4G'; column 'Specificity (±2σ)'",0.52,result
somatic-oncogenicity-20261009-result-chen2020-transfic-oncokb-median-accuracy,somatic-oncogenicity-20261009-source-chen2020-additional-file-9,"Additional file 9 (sheet 'Additional_file_9'), B29; Algorithm 'TransFIC'; column 'Accuracy (±2σ)'",0.59,result
somatic-oncogenicity-20261009-result-chen2020-transfic-oncokb-median-negative-predictive-value,somatic-oncogenicity-20261009-source-chen2020-additional-file-9,"Additional file 9 (sheet 'Additional_file_9'), F29; Algorithm 'TransFIC'; column 'NPV (±2σ)'",0.59,result
somatic-oncogenicity-20261009-result-chen2020-transfic-oncokb-median-precision,somatic-oncogenicity-20261009-source-chen2020-additional-file-9,"Additional file 9 (sheet 'Additional_file_9'), E29; Algorithm 'TransFIC'; column 'PPV (±2σ)'",0.59,result
somatic-oncogenicity-20261009-result-chen2020-transfic-oncokb-median-recall,somatic-oncogenicity-20261009-source-chen2020-additional-file-9,"Additional file 9 (sheet 'Additional_file_9'), C29; Algorithm 'TransFIC'; column 'Sensitivity (±2σ)'",0.59,result
somatic-oncogenicity-20261009-result-chen2020-transfic-oncokb-median-specificity,somatic-oncogenicity-20261009-source-chen2020-additional-file-9,"Additional file 9 (sheet 'Additional_file_9'), D29; Algorithm 'TransFIC'; column 'Specificity (±2σ)'",0.59,result
somatic-oncogenicity-20261009-result-chen2020-transfic-viability-median-accuracy,somatic-oncogenicity-20261009-source-chen2020-additional-file-21,"Additional file 21 (sheet 'Additional_file_21'), B20; Algorithm 'TransFIC'; column 'Accuracy (±2σ)'",0.61,result
somatic-oncogenicity-20261009-result-chen2020-transfic-viability-median-negative-predictive-value,somatic-oncogenicity-20261009-source-chen2020-additional-file-21,"Additional file 21 (sheet 'Additional_file_21'), F20; Algorithm 'TransFIC'; column 'NPV (±2σ)'",0.61,result
somatic-oncogenicity-20261009-result-chen2020-transfic-viability-median-precision,somatic-oncogenicity-20261009-source-chen2020-additional-file-21,"Additional file 21 (sheet 'Additional_file_21'), E20; Algorithm 'TransFIC'; column 'PPV (±2σ)'",0.61,result
somatic-oncogenicity-20261009-result-chen2020-transfic-viability-median-recall,somatic-oncogenicity-20261009-source-chen2020-additional-file-21,"Additional file 21 (sheet 'Additional_file_21'), C20; Algorithm 'TransFIC'; column 'Sensitivity (±2σ)'",0.61,result
somatic-oncogenicity-20261009-result-chen2020-transfic-viability-median-specificity,somatic-oncogenicity-20261009-source-chen2020-additional-file-21,"Additional file 21 (sheet 'Additional_file_21'), D20; Algorithm 'TransFIC'; column 'Specificity (±2σ)'",0.61,result
somatic-oncogenicity-20261009-result-chen2020-vest4-oncokb-median-accuracy,somatic-oncogenicity-20261009-source-chen2020-additional-file-9,"Additional file 9 (sheet 'Additional_file_9'), B3; Algorithm 'VEST4'; column 'Accuracy (±2σ)'",0.69,result
somatic-oncogenicity-20261009-result-chen2020-vest4-oncokb-median-negative-predictive-value,somatic-oncogenicity-20261009-source-chen2020-additional-file-9,"Additional file 9 (sheet 'Additional_file_9'), F3; Algorithm 'VEST4'; column 'NPV (±2σ)'",0.69,result
somatic-oncogenicity-20261009-result-chen2020-vest4-oncokb-median-precision,somatic-oncogenicity-20261009-source-chen2020-additional-file-9,"Additional file 9 (sheet 'Additional_file_9'), E3; Algorithm 'VEST4'; column 'PPV (±2σ)'",0.69,result
somatic-oncogenicity-20261009-result-chen2020-vest4-oncokb-median-recall,somatic-oncogenicity-20261009-source-chen2020-additional-file-9,"Additional file 9 (sheet 'Additional_file_9'), C3; Algorithm 'VEST4'; column 'Sensitivity (±2σ)'",0.69,result
somatic-oncogenicity-20261009-result-chen2020-vest4-oncokb-median-specificity,somatic-oncogenicity-20261009-source-chen2020-additional-file-9,"Additional file 9 (sheet 'Additional_file_9'), D3; Algorithm 'VEST4'; column 'Specificity (±2σ)'",0.69,result
somatic-oncogenicity-20261009-result-chen2020-vest4-viability-median-accuracy,somatic-oncogenicity-20261009-source-chen2020-additional-file-21,"Additional file 21 (sheet 'Additional_file_21'), B17; Algorithm 'VEST4'; column 'Accuracy (±2σ)'",0.62,result
somatic-oncogenicity-20261009-result-chen2020-vest4-viability-median-negative-predictive-value,somatic-oncogenicity-20261009-source-chen2020-additional-file-21,"Additional file 21 (sheet 'Additional_file_21'), F17; Algorithm 'VEST4'; column 'NPV (±2σ)'",0.62,result
somatic-oncogenicity-20261009-result-chen2020-vest4-viability-median-precision,somatic-oncogenicity-20261009-source-chen2020-additional-file-21,"Additional file 21 (sheet 'Additional_file_21'), E17; Algorithm 'VEST4'; column 'PPV (±2σ)'",0.62,result
somatic-oncogenicity-20261009-result-chen2020-vest4-viability-median-recall,somatic-oncogenicity-20261009-source-chen2020-additional-file-21,"Additional file 21 (sheet 'Additional_file_21'), C17; Algorithm 'VEST4'; column 'Sensitivity (±2σ)'",0.62,result
somatic-oncogenicity-20261009-result-chen2020-vest4-viability-median-specificity,somatic-oncogenicity-20261009-source-chen2020-additional-file-21,"Additional file 21 (sheet 'Additional_file_21'), D17; Algorithm 'VEST4'; column 'Specificity (±2σ)'",0.62,result
somatic-oncogenicity-20261009-result-lee2026-alphamissense-all-auprc,somatic-oncogenicity-20261009-source-lee2026-oncocal-tool-performance,"OncoCal tables/tool_performance.tsv at commit 40b7770f2a76, row tool 'AlphaMissense', group 'all', column 'AUPRC'",0.7500001035220522,result
somatic-oncogenicity-20261009-result-lee2026-alphamissense-all-auroc,somatic-oncogenicity-20261009-source-lee2026-oncocal-tool-performance,"OncoCal tables/tool_performance.tsv at commit 40b7770f2a76, row tool 'AlphaMissense', group 'all', column 'AUROC'",0.8679010779054052,result
somatic-oncogenicity-20261009-result-lee2026-alphamissense-oncogene-auprc,somatic-oncogenicity-20261009-source-lee2026-oncocal-tool-performance,"OncoCal tables/tool_performance.tsv at commit 40b7770f2a76, row tool 'AlphaMissense', group 'oncogene', column 'AUPRC'",0.8044227911560782,result
somatic-oncogenicity-20261009-result-lee2026-alphamissense-oncogene-auroc,somatic-oncogenicity-20261009-source-lee2026-oncocal-tool-performance,"OncoCal tables/tool_performance.tsv at commit 40b7770f2a76, row tool 'AlphaMissense', group 'oncogene', column 'AUROC'",0.884840558849365,result
somatic-oncogenicity-20261009-result-lee2026-alphamissense-tsg-auprc,somatic-oncogenicity-20261009-source-lee2026-oncocal-tool-performance,"OncoCal tables/tool_performance.tsv at commit 40b7770f2a76, row tool 'AlphaMissense', group 'TSG', column 'AUPRC'",0.7494612410218056,result
somatic-oncogenicity-20261009-result-lee2026-alphamissense-tsg-auroc,somatic-oncogenicity-20261009-source-lee2026-oncocal-tool-performance,"OncoCal tables/tool_performance.tsv at commit 40b7770f2a76, row tool 'AlphaMissense', group 'TSG', column 'AUROC'",0.8997205148312148,result
somatic-oncogenicity-20261009-result-lee2026-bayesdel-addaf-all-auprc,somatic-oncogenicity-20261009-source-lee2026-oncocal-tool-performance,"OncoCal tables/tool_performance.tsv at commit 40b7770f2a76, row tool 'BayesDel_addAF', group 'all', column 'AUPRC'",0.7119491027797276,result
somatic-oncogenicity-20261009-result-lee2026-bayesdel-addaf-all-auroc,somatic-oncogenicity-20261009-source-lee2026-oncocal-tool-performance,"OncoCal tables/tool_performance.tsv at commit 40b7770f2a76, row tool 'BayesDel_addAF', group 'all', column 'AUROC'",0.864093415551596,result
somatic-oncogenicity-20261009-result-lee2026-bayesdel-addaf-oncogene-auprc,somatic-oncogenicity-20261009-source-lee2026-oncocal-tool-performance,"OncoCal tables/tool_performance.tsv at commit 40b7770f2a76, row tool 'BayesDel_addAF', group 'oncogene', column 'AUPRC'",0.7639734336826562,result
somatic-oncogenicity-20261009-result-lee2026-bayesdel-addaf-oncogene-auroc,somatic-oncogenicity-20261009-source-lee2026-oncocal-tool-performance,"OncoCal tables/tool_performance.tsv at commit 40b7770f2a76, row tool 'BayesDel_addAF', group 'oncogene', column 'AUROC'",0.8777503058872179,result
somatic-oncogenicity-20261009-result-lee2026-bayesdel-addaf-tsg-auprc,somatic-oncogenicity-20261009-source-lee2026-oncocal-tool-performance,"OncoCal tables/tool_performance.tsv at commit 40b7770f2a76, row tool 'BayesDel_addAF', group 'TSG', column 'AUPRC'",0.684070582783628,result
somatic-oncogenicity-20261009-result-lee2026-bayesdel-addaf-tsg-auroc,somatic-oncogenicity-20261009-source-lee2026-oncocal-tool-performance,"OncoCal tables/tool_performance.tsv at commit 40b7770f2a76, row tool 'BayesDel_addAF', group 'TSG', column 'AUROC'",0.8915122410513484,result
somatic-oncogenicity-20261009-result-lee2026-bayesdel-noaf-all-auprc,somatic-oncogenicity-20261009-source-lee2026-oncocal-tool-performance,"OncoCal tables/tool_performance.tsv at commit 40b7770f2a76, row tool 'BayesDel_noAF', group 'all', column 'AUPRC'",0.6486577862427525,result
somatic-oncogenicity-20261009-result-lee2026-bayesdel-noaf-all-auroc,somatic-oncogenicity-20261009-source-lee2026-oncocal-tool-performance,"OncoCal tables/tool_performance.tsv at commit 40b7770f2a76, row tool 'BayesDel_noAF', group 'all', column 'AUROC'",0.824848321786422,result
somatic-oncogenicity-20261009-result-lee2026-bayesdel-noaf-oncogene-auprc,somatic-oncogenicity-20261009-source-lee2026-oncocal-tool-performance,"OncoCal tables/tool_performance.tsv at commit 40b7770f2a76, row tool 'BayesDel_noAF', group 'oncogene', column 'AUPRC'",0.6879365414884534,result
somatic-oncogenicity-20261009-result-lee2026-bayesdel-noaf-oncogene-auroc,somatic-oncogenicity-20261009-source-lee2026-oncocal-tool-performance,"OncoCal tables/tool_performance.tsv at commit 40b7770f2a76, row tool 'BayesDel_noAF', group 'oncogene', column 'AUROC'",0.8272694593754668,result
somatic-oncogenicity-20261009-result-lee2026-bayesdel-noaf-tsg-auprc,somatic-oncogenicity-20261009-source-lee2026-oncocal-tool-performance,"OncoCal tables/tool_performance.tsv at commit 40b7770f2a76, row tool 'BayesDel_noAF', group 'TSG', column 'AUPRC'",0.6296691540766449,result
somatic-oncogenicity-20261009-result-lee2026-bayesdel-noaf-tsg-auroc,somatic-oncogenicity-20261009-source-lee2026-oncocal-tool-performance,"OncoCal tables/tool_performance.tsv at commit 40b7770f2a76, row tool 'BayesDel_noAF', group 'TSG', column 'AUROC'",0.8668235776572852,result
somatic-oncogenicity-20261009-result-lee2026-bstatistic-all-auprc,somatic-oncogenicity-20261009-source-lee2026-oncocal-tool-performance,"OncoCal tables/tool_performance.tsv at commit 40b7770f2a76, row tool 'bStatistic', group 'all', column 'AUPRC'",0.16037149318550525,result
somatic-oncogenicity-20261009-result-lee2026-bstatistic-all-auroc,somatic-oncogenicity-20261009-source-lee2026-oncocal-tool-performance,"OncoCal tables/tool_performance.tsv at commit 40b7770f2a76, row tool 'bStatistic', group 'all', column 'AUROC'",0.4378469367181871,result
somatic-oncogenicity-20261009-result-lee2026-bstatistic-oncogene-auprc,somatic-oncogenicity-20261009-source-lee2026-oncocal-tool-performance,"OncoCal tables/tool_performance.tsv at commit 40b7770f2a76, row tool 'bStatistic', group 'oncogene', column 'AUPRC'",0.24472174455718448,result
somatic-oncogenicity-20261009-result-lee2026-bstatistic-oncogene-auroc,somatic-oncogenicity-20261009-source-lee2026-oncocal-tool-performance,"OncoCal tables/tool_performance.tsv at commit 40b7770f2a76, row tool 'bStatistic', group 'oncogene', column 'AUROC'",0.42543538246868295,result
somatic-oncogenicity-20261009-result-lee2026-bstatistic-tsg-auprc,somatic-oncogenicity-20261009-source-lee2026-oncocal-tool-performance,"OncoCal tables/tool_performance.tsv at commit 40b7770f2a76, row tool 'bStatistic', group 'TSG', column 'AUPRC'",0.09508701323181368,result
somatic-oncogenicity-20261009-result-lee2026-bstatistic-tsg-auroc,somatic-oncogenicity-20261009-source-lee2026-oncocal-tool-performance,"OncoCal tables/tool_performance.tsv at commit 40b7770f2a76, row tool 'bStatistic', group 'TSG', column 'AUROC'",0.3835016842051746,result
somatic-oncogenicity-20261009-result-lee2026-cadd-raw-all-auprc,somatic-oncogenicity-20261009-source-lee2026-oncocal-tool-performance,"OncoCal tables/tool_performance.tsv at commit 40b7770f2a76, row tool 'CADD_raw', group 'all', column 'AUPRC'",0.5959170138514386,result
somatic-oncogenicity-20261009-result-lee2026-cadd-raw-all-auroc,somatic-oncogenicity-20261009-source-lee2026-oncocal-tool-performance,"OncoCal tables/tool_performance.tsv at commit 40b7770f2a76, row tool 'CADD_raw', group 'all', column 'AUROC'",0.8259580079527427,result
somatic-oncogenicity-20261009-result-lee2026-cadd-raw-oncogene-auprc,somatic-oncogenicity-20261009-source-lee2026-oncocal-tool-performance,"OncoCal tables/tool_performance.tsv at commit 40b7770f2a76, row tool 'CADD_raw', group 'oncogene', column 'AUPRC'",0.6423340222041513,result
somatic-oncogenicity-20261009-result-lee2026-cadd-raw-oncogene-auroc,somatic-oncogenicity-20261009-source-lee2026-oncocal-tool-performance,"OncoCal tables/tool_performance.tsv at commit 40b7770f2a76, row tool 'CADD_raw', group 'oncogene', column 'AUROC'",0.8209680782909458,result
somatic-oncogenicity-20261009-result-lee2026-cadd-raw-tsg-auprc,somatic-oncogenicity-20261009-source-lee2026-oncocal-tool-performance,"OncoCal tables/tool_performance.tsv at commit 40b7770f2a76, row tool 'CADD_raw', group 'TSG', column 'AUPRC'",0.6463232505448057,result
somatic-oncogenicity-20261009-result-lee2026-cadd-raw-tsg-auroc,somatic-oncogenicity-20261009-source-lee2026-oncocal-tool-performance,"OncoCal tables/tool_performance.tsv at commit 40b7770f2a76, row tool 'CADD_raw', group 'TSG', column 'AUROC'",0.8936755950451863,result
somatic-oncogenicity-20261009-result-lee2026-clinpred-all-auprc,somatic-oncogenicity-20261009-source-lee2026-oncocal-tool-performance,"OncoCal tables/tool_performance.tsv at commit 40b7770f2a76, row tool 'ClinPred', group 'all', column 'AUPRC'",0.7410433121046296,result
somatic-oncogenicity-20261009-result-lee2026-clinpred-all-auroc,somatic-oncogenicity-20261009-source-lee2026-oncocal-tool-performance,"OncoCal tables/tool_performance.tsv at commit 40b7770f2a76, row tool 'ClinPred', group 'all', column 'AUROC'",0.8694856256317781,result
somatic-oncogenicity-20261009-result-lee2026-clinpred-oncogene-auprc,somatic-oncogenicity-20261009-source-lee2026-oncocal-tool-performance,"OncoCal tables/tool_performance.tsv at commit 40b7770f2a76, row tool 'ClinPred', group 'oncogene', column 'AUPRC'",0.7893833336686696,result
somatic-oncogenicity-20261009-result-lee2026-clinpred-oncogene-auroc,somatic-oncogenicity-20261009-source-lee2026-oncocal-tool-performance,"OncoCal tables/tool_performance.tsv at commit 40b7770f2a76, row tool 'ClinPred', group 'oncogene', column 'AUROC'",0.8880481937052478,result
somatic-oncogenicity-20261009-result-lee2026-clinpred-tsg-auprc,somatic-oncogenicity-20261009-source-lee2026-oncocal-tool-performance,"OncoCal tables/tool_performance.tsv at commit 40b7770f2a76, row tool 'ClinPred', group 'TSG', column 'AUPRC'",0.7169656571837322,result
somatic-oncogenicity-20261009-result-lee2026-clinpred-tsg-auroc,somatic-oncogenicity-20261009-source-lee2026-oncocal-tool-performance,"OncoCal tables/tool_performance.tsv at commit 40b7770f2a76, row tool 'ClinPred', group 'TSG', column 'AUROC'",0.8983122029900448,result
somatic-oncogenicity-20261009-result-lee2026-dann-all-auprc,somatic-oncogenicity-20261009-source-lee2026-oncocal-tool-performance,"OncoCal tables/tool_performance.tsv at commit 40b7770f2a76, row tool 'DANN', group 'all', column 'AUPRC'",0.3885769960135695,result
somatic-oncogenicity-20261009-result-lee2026-dann-all-auroc,somatic-oncogenicity-20261009-source-lee2026-oncocal-tool-performance,"OncoCal tables/tool_performance.tsv at commit 40b7770f2a76, row tool 'DANN', group 'all', column 'AUROC'",0.7622384918448216,result
somatic-oncogenicity-20261009-result-lee2026-dann-oncogene-auprc,somatic-oncogenicity-20261009-source-lee2026-oncocal-tool-performance,"OncoCal tables/tool_performance.tsv at commit 40b7770f2a76, row tool 'DANN', group 'oncogene', column 'AUPRC'",0.46753429341064845,result
somatic-oncogenicity-20261009-result-lee2026-dann-oncogene-auroc,somatic-oncogenicity-20261009-source-lee2026-oncocal-tool-performance,"OncoCal tables/tool_performance.tsv at commit 40b7770f2a76, row tool 'DANN', group 'oncogene', column 'AUROC'",0.7485341032127466,result
somatic-oncogenicity-20261009-result-lee2026-dann-tsg-auprc,somatic-oncogenicity-20261009-source-lee2026-oncocal-tool-performance,"OncoCal tables/tool_performance.tsv at commit 40b7770f2a76, row tool 'DANN', group 'TSG', column 'AUPRC'",0.37753209565528345,result
somatic-oncogenicity-20261009-result-lee2026-dann-tsg-auroc,somatic-oncogenicity-20261009-source-lee2026-oncocal-tool-performance,"OncoCal tables/tool_performance.tsv at commit 40b7770f2a76, row tool 'DANN', group 'TSG', column 'AUROC'",0.8232404709860014,result
somatic-oncogenicity-20261009-result-lee2026-deogen2-all-auprc,somatic-oncogenicity-20261009-source-lee2026-oncocal-tool-performance,"OncoCal tables/tool_performance.tsv at commit 40b7770f2a76, row tool 'DEOGEN2', group 'all', column 'AUPRC'",0.6529912040591326,result
somatic-oncogenicity-20261009-result-lee2026-deogen2-all-auroc,somatic-oncogenicity-20261009-source-lee2026-oncocal-tool-performance,"OncoCal tables/tool_performance.tsv at commit 40b7770f2a76, row tool 'DEOGEN2', group 'all', column 'AUROC'",0.8146056201297582,result
somatic-oncogenicity-20261009-result-lee2026-deogen2-oncogene-auprc,somatic-oncogenicity-20261009-source-lee2026-oncocal-tool-performance,"OncoCal tables/tool_performance.tsv at commit 40b7770f2a76, row tool 'DEOGEN2', group 'oncogene', column 'AUPRC'",0.7320030879023922,result
somatic-oncogenicity-20261009-result-lee2026-deogen2-oncogene-auroc,somatic-oncogenicity-20261009-source-lee2026-oncocal-tool-performance,"OncoCal tables/tool_performance.tsv at commit 40b7770f2a76, row tool 'DEOGEN2', group 'oncogene', column 'AUROC'",0.8577175969261182,result
somatic-oncogenicity-20261009-result-lee2026-deogen2-tsg-auprc,somatic-oncogenicity-20261009-source-lee2026-oncocal-tool-performance,"OncoCal tables/tool_performance.tsv at commit 40b7770f2a76, row tool 'DEOGEN2', group 'TSG', column 'AUPRC'",0.5961924949293914,result
somatic-oncogenicity-20261009-result-lee2026-deogen2-tsg-auroc,somatic-oncogenicity-20261009-source-lee2026-oncocal-tool-performance,"OncoCal tables/tool_performance.tsv at commit 40b7770f2a76, row tool 'DEOGEN2', group 'TSG', column 'AUROC'",0.8412275038644491,result
somatic-oncogenicity-20261009-result-lee2026-eigen-pc-raw-coding-all-auprc,somatic-oncogenicity-20261009-source-lee2026-oncocal-tool-performance,"OncoCal tables/tool_performance.tsv at commit 40b7770f2a76, row tool 'Eigen-PC-raw_coding', group 'all', column 'AUPRC'",0.557396689384153,result
somatic-oncogenicity-20261009-result-lee2026-eigen-pc-raw-coding-all-auroc,somatic-oncogenicity-20261009-source-lee2026-oncocal-tool-performance,"OncoCal tables/tool_performance.tsv at commit 40b7770f2a76, row tool 'Eigen-PC-raw_coding', group 'all', column 'AUROC'",0.7994948222146253,result
somatic-oncogenicity-20261009-result-lee2026-eigen-pc-raw-coding-oncogene-auprc,somatic-oncogenicity-20261009-source-lee2026-oncocal-tool-performance,"OncoCal tables/tool_performance.tsv at commit 40b7770f2a76, row tool 'Eigen-PC-raw_coding', group 'oncogene', column 'AUPRC'",0.6073177013089203,result
somatic-oncogenicity-20261009-result-lee2026-eigen-pc-raw-coding-oncogene-auroc,somatic-oncogenicity-20261009-source-lee2026-oncocal-tool-performance,"OncoCal tables/tool_performance.tsv at commit 40b7770f2a76, row tool 'Eigen-PC-raw_coding', group 'oncogene', column 'AUROC'",0.7950104558392244,result
somatic-oncogenicity-20261009-result-lee2026-eigen-pc-raw-coding-tsg-auprc,somatic-oncogenicity-20261009-source-lee2026-oncocal-tool-performance,"OncoCal tables/tool_performance.tsv at commit 40b7770f2a76, row tool 'Eigen-PC-raw_coding', group 'TSG', column 'AUPRC'",0.57364521255889,result
somatic-oncogenicity-20261009-result-lee2026-eigen-pc-raw-coding-tsg-auroc,somatic-oncogenicity-20261009-source-lee2026-oncocal-tool-performance,"OncoCal tables/tool_performance.tsv at commit 40b7770f2a76, row tool 'Eigen-PC-raw_coding', group 'TSG', column 'AUROC'",0.8651272076128348,result
somatic-oncogenicity-20261009-result-lee2026-eigen-raw-coding-all-auprc,somatic-oncogenicity-20261009-source-lee2026-oncocal-tool-performance,"OncoCal tables/tool_performance.tsv at commit 40b7770f2a76, row tool 'Eigen-raw_coding', group 'all', column 'AUPRC'",0.5888586820426918,result
somatic-oncogenicity-20261009-result-lee2026-eigen-raw-coding-all-auroc,somatic-oncogenicity-20261009-source-lee2026-oncocal-tool-performance,"OncoCal tables/tool_performance.tsv at commit 40b7770f2a76, row tool 'Eigen-raw_coding', group 'all', column 'AUROC'",0.8142221433212391,result
somatic-oncogenicity-20261009-result-lee2026-eigen-raw-coding-oncogene-auprc,somatic-oncogenicity-20261009-source-lee2026-oncocal-tool-performance,"OncoCal tables/tool_performance.tsv at commit 40b7770f2a76, row tool 'Eigen-raw_coding', group 'oncogene', column 'AUPRC'",0.6330456968510026,result
somatic-oncogenicity-20261009-result-lee2026-eigen-raw-coding-oncogene-auroc,somatic-oncogenicity-20261009-source-lee2026-oncocal-tool-performance,"OncoCal tables/tool_performance.tsv at commit 40b7770f2a76, row tool 'Eigen-raw_coding', group 'oncogene', column 'AUROC'",0.808526584617964,result
somatic-oncogenicity-20261009-result-lee2026-eigen-raw-coding-tsg-auprc,somatic-oncogenicity-20261009-source-lee2026-oncocal-tool-performance,"OncoCal tables/tool_performance.tsv at commit 40b7770f2a76, row tool 'Eigen-raw_coding', group 'TSG', column 'AUPRC'",0.6059938914751739,result
somatic-oncogenicity-20261009-result-lee2026-eigen-raw-coding-tsg-auroc,somatic-oncogenicity-20261009-source-lee2026-oncocal-tool-performance,"OncoCal tables/tool_performance.tsv at commit 40b7770f2a76, row tool 'Eigen-raw_coding', group 'TSG', column 'AUROC'",0.8740366753653261,result
somatic-oncogenicity-20261009-result-lee2026-esm1b-all-auprc,somatic-oncogenicity-20261009-source-lee2026-oncocal-tool-performance,"OncoCal tables/tool_performance.tsv at commit 40b7770f2a76, row tool 'ESM1b', group 'all', column 'AUPRC'",0.6406439413138619,result
somatic-oncogenicity-20261009-result-lee2026-esm1b-all-auroc,somatic-oncogenicity-20261009-source-lee2026-oncocal-tool-performance,"OncoCal tables/tool_performance.tsv at commit 40b7770f2a76, row tool 'ESM1b', group 'all', column 'AUROC'",0.841866981526492,result
somatic-oncogenicity-20261009-result-lee2026-esm1b-oncogene-auprc,somatic-oncogenicity-20261009-source-lee2026-oncocal-tool-performance,"OncoCal tables/tool_performance.tsv at commit 40b7770f2a76, row tool 'ESM1b', group 'oncogene', column 'AUPRC'",0.7190904263343948,result
somatic-oncogenicity-20261009-result-lee2026-esm1b-oncogene-auroc,somatic-oncogenicity-20261009-source-lee2026-oncocal-tool-performance,"OncoCal tables/tool_performance.tsv at commit 40b7770f2a76, row tool 'ESM1b', group 'oncogene', column 'AUROC'",0.8413507091527483,result
somatic-oncogenicity-20261009-result-lee2026-esm1b-tsg-auprc,somatic-oncogenicity-20261009-source-lee2026-oncocal-tool-performance,"OncoCal tables/tool_performance.tsv at commit 40b7770f2a76, row tool 'ESM1b', group 'TSG', column 'AUPRC'",0.5943824345298883,result
somatic-oncogenicity-20261009-result-lee2026-esm1b-tsg-auroc,somatic-oncogenicity-20261009-source-lee2026-oncocal-tool-performance,"OncoCal tables/tool_performance.tsv at commit 40b7770f2a76, row tool 'ESM1b', group 'TSG', column 'AUROC'",0.8580774559090552,result
somatic-oncogenicity-20261009-result-lee2026-fathmm-xf-coding-all-auprc,somatic-oncogenicity-20261009-source-lee2026-oncocal-tool-performance,"OncoCal tables/tool_performance.tsv at commit 40b7770f2a76, row tool 'fathmm-XF_coding', group 'all', column 'AUPRC'",0.5678748883418329,result
somatic-oncogenicity-20261009-result-lee2026-fathmm-xf-coding-all-auroc,somatic-oncogenicity-20261009-source-lee2026-oncocal-tool-performance,"OncoCal tables/tool_performance.tsv at commit 40b7770f2a76, row tool 'fathmm-XF_coding', group 'all', column 'AUROC'",0.8129438313922586,result
somatic-oncogenicity-20261009-result-lee2026-fathmm-xf-coding-oncogene-auprc,somatic-oncogenicity-20261009-source-lee2026-oncocal-tool-performance,"OncoCal tables/tool_performance.tsv at commit 40b7770f2a76, row tool 'fathmm-XF_coding', group 'oncogene', column 'AUPRC'",0.6437656640975354,result
somatic-oncogenicity-20261009-result-lee2026-fathmm-xf-coding-oncogene-auroc,somatic-oncogenicity-20261009-source-lee2026-oncocal-tool-performance,"OncoCal tables/tool_performance.tsv at commit 40b7770f2a76, row tool 'fathmm-XF_coding', group 'oncogene', column 'AUROC'",0.8099943246909213,result
somatic-oncogenicity-20261009-result-lee2026-fathmm-xf-coding-tsg-auprc,somatic-oncogenicity-20261009-source-lee2026-oncocal-tool-performance,"OncoCal tables/tool_performance.tsv at commit 40b7770f2a76, row tool 'fathmm-XF_coding', group 'TSG', column 'AUPRC'",0.47619901018286553,result
somatic-oncogenicity-20261009-result-lee2026-fathmm-xf-coding-tsg-auroc,somatic-oncogenicity-20261009-source-lee2026-oncocal-tool-performance,"OncoCal tables/tool_performance.tsv at commit 40b7770f2a76, row tool 'fathmm-XF_coding', group 'TSG', column 'AUROC'",0.8568864446895528,result
somatic-oncogenicity-20261009-result-lee2026-gerp-92-mammals-all-auprc,somatic-oncogenicity-20261009-source-lee2026-oncocal-tool-performance,"OncoCal tables/tool_performance.tsv at commit 40b7770f2a76, row tool 'GERP_92_mammals', group 'all', column 'AUPRC'",0.2599236866657227,result
somatic-oncogenicity-20261009-result-lee2026-gerp-92-mammals-all-auroc,somatic-oncogenicity-20261009-source-lee2026-oncocal-tool-performance,"OncoCal tables/tool_performance.tsv at commit 40b7770f2a76, row tool 'GERP_92_mammals', group 'all', column 'AUROC'",0.6908502139164205,result
somatic-oncogenicity-20261009-result-lee2026-gerp-92-mammals-oncogene-auprc,somatic-oncogenicity-20261009-source-lee2026-oncocal-tool-performance,"OncoCal tables/tool_performance.tsv at commit 40b7770f2a76, row tool 'GERP_92_mammals', group 'oncogene', column 'AUPRC'",0.33281837857009766,result
somatic-oncogenicity-20261009-result-lee2026-gerp-92-mammals-oncogene-auroc,somatic-oncogenicity-20261009-source-lee2026-oncocal-tool-performance,"OncoCal tables/tool_performance.tsv at commit 40b7770f2a76, row tool 'GERP_92_mammals', group 'oncogene', column 'AUROC'",0.6623825109902151,result
somatic-oncogenicity-20261009-result-lee2026-gerp-92-mammals-tsg-auprc,somatic-oncogenicity-20261009-source-lee2026-oncocal-tool-performance,"OncoCal tables/tool_performance.tsv at commit 40b7770f2a76, row tool 'GERP_92_mammals', group 'TSG', column 'AUPRC'",0.198318541967072,result
somatic-oncogenicity-20261009-result-lee2026-gerp-92-mammals-tsg-auroc,somatic-oncogenicity-20261009-source-lee2026-oncocal-tool-performance,"OncoCal tables/tool_performance.tsv at commit 40b7770f2a76, row tool 'GERP_92_mammals', group 'TSG', column 'AUROC'",0.7415431339416811,result
somatic-oncogenicity-20261009-result-lee2026-gerppp-rs-all-auprc,somatic-oncogenicity-20261009-source-lee2026-oncocal-tool-performance,"OncoCal tables/tool_performance.tsv at commit 40b7770f2a76, row tool 'GERPpp_RS', group 'all', column 'AUPRC'",0.284989439672233,result
somatic-oncogenicity-20261009-result-lee2026-gerppp-rs-all-auroc,somatic-oncogenicity-20261009-source-lee2026-oncocal-tool-performance,"OncoCal tables/tool_performance.tsv at commit 40b7770f2a76, row tool 'GERPpp_RS', group 'all', column 'AUROC'",0.687297469927733,result
somatic-oncogenicity-20261009-result-lee2026-gerppp-rs-oncogene-auprc,somatic-oncogenicity-20261009-source-lee2026-oncocal-tool-performance,"OncoCal tables/tool_performance.tsv at commit 40b7770f2a76, row tool 'GERPpp_RS', group 'oncogene', column 'AUPRC'",0.34928039719465676,result
somatic-oncogenicity-20261009-result-lee2026-gerppp-rs-oncogene-auroc,somatic-oncogenicity-20261009-source-lee2026-oncocal-tool-performance,"OncoCal tables/tool_performance.tsv at commit 40b7770f2a76, row tool 'GERPpp_RS', group 'oncogene', column 'AUROC'",0.6580135452662425,result
somatic-oncogenicity-20261009-result-lee2026-gerppp-rs-tsg-auprc,somatic-oncogenicity-20261009-source-lee2026-oncocal-tool-performance,"OncoCal tables/tool_performance.tsv at commit 40b7770f2a76, row tool 'GERPpp_RS', group 'TSG', column 'AUPRC'",0.25294478519058894,result
somatic-oncogenicity-20261009-result-lee2026-gerppp-rs-tsg-auroc,somatic-oncogenicity-20261009-source-lee2026-oncocal-tool-performance,"OncoCal tables/tool_performance.tsv at commit 40b7770f2a76, row tool 'GERPpp_RS', group 'TSG', column 'AUROC'",0.7572010248003771,result
somatic-oncogenicity-20261009-result-lee2026-gmvp-all-auprc,somatic-oncogenicity-20261009-source-lee2026-oncocal-tool-performance,"OncoCal tables/tool_performance.tsv at commit 40b7770f2a76, row tool 'gMVP', group 'all', column 'AUPRC'",0.6754428158729421,result
somatic-oncogenicity-20261009-result-lee2026-gmvp-all-auroc,somatic-oncogenicity-20261009-source-lee2026-oncocal-tool-performance,"OncoCal tables/tool_performance.tsv at commit 40b7770f2a76, row tool 'gMVP', group 'all', column 'AUROC'",0.8502867830032854,result
somatic-oncogenicity-20261009-result-lee2026-gmvp-oncogene-auprc,somatic-oncogenicity-20261009-source-lee2026-oncocal-tool-performance,"OncoCal tables/tool_performance.tsv at commit 40b7770f2a76, row tool 'gMVP', group 'oncogene', column 'AUPRC'",0.739268250013035,result
somatic-oncogenicity-20261009-result-lee2026-gmvp-oncogene-auroc,somatic-oncogenicity-20261009-source-lee2026-oncocal-tool-performance,"OncoCal tables/tool_performance.tsv at commit 40b7770f2a76, row tool 'gMVP', group 'oncogene', column 'AUROC'",0.8601853058005978,result
somatic-oncogenicity-20261009-result-lee2026-gmvp-tsg-auprc,somatic-oncogenicity-20261009-source-lee2026-oncocal-tool-performance,"OncoCal tables/tool_performance.tsv at commit 40b7770f2a76, row tool 'gMVP', group 'TSG', column 'AUPRC'",0.7311718625827013,result
somatic-oncogenicity-20261009-result-lee2026-gmvp-tsg-auroc,somatic-oncogenicity-20261009-source-lee2026-oncocal-tool-performance,"OncoCal tables/tool_performance.tsv at commit 40b7770f2a76, row tool 'gMVP', group 'TSG', column 'AUROC'",0.9129092346698522,result
somatic-oncogenicity-20261009-result-lee2026-list-s2-all-auprc,somatic-oncogenicity-20261009-source-lee2026-oncocal-tool-performance,"OncoCal tables/tool_performance.tsv at commit 40b7770f2a76, row tool 'LIST-S2', group 'all', column 'AUPRC'",0.5211718736439552,result
somatic-oncogenicity-20261009-result-lee2026-list-s2-all-auroc,somatic-oncogenicity-20261009-source-lee2026-oncocal-tool-performance,"OncoCal tables/tool_performance.tsv at commit 40b7770f2a76, row tool 'LIST-S2', group 'all', column 'AUROC'",0.7675663487868076,result
somatic-oncogenicity-20261009-result-lee2026-list-s2-oncogene-auprc,somatic-oncogenicity-20261009-source-lee2026-oncocal-tool-performance,"OncoCal tables/tool_performance.tsv at commit 40b7770f2a76, row tool 'LIST-S2', group 'oncogene', column 'AUPRC'",0.5622483370817621,result
somatic-oncogenicity-20261009-result-lee2026-list-s2-oncogene-auroc,somatic-oncogenicity-20261009-source-lee2026-oncocal-tool-performance,"OncoCal tables/tool_performance.tsv at commit 40b7770f2a76, row tool 'LIST-S2', group 'oncogene', column 'AUROC'",0.7556515533502682,result
somatic-oncogenicity-20261009-result-lee2026-list-s2-tsg-auprc,somatic-oncogenicity-20261009-source-lee2026-oncocal-tool-performance,"OncoCal tables/tool_performance.tsv at commit 40b7770f2a76, row tool 'LIST-S2', group 'TSG', column 'AUPRC'",0.5360137941107234,result
somatic-oncogenicity-20261009-result-lee2026-list-s2-tsg-auroc,somatic-oncogenicity-20261009-source-lee2026-oncocal-tool-performance,"OncoCal tables/tool_performance.tsv at commit 40b7770f2a76, row tool 'LIST-S2', group 'TSG', column 'AUROC'",0.8324354592005628,result
somatic-oncogenicity-20261009-result-lee2026-m-cap-all-auprc,somatic-oncogenicity-20261009-source-lee2026-oncocal-tool-performance,"OncoCal tables/tool_performance.tsv at commit 40b7770f2a76, row tool 'M-CAP', group 'all', column 'AUPRC'",0.48092474901926285,result
somatic-oncogenicity-20261009-result-lee2026-m-cap-all-auroc,somatic-oncogenicity-20261009-source-lee2026-oncocal-tool-performance,"OncoCal tables/tool_performance.tsv at commit 40b7770f2a76, row tool 'M-CAP', group 'all', column 'AUROC'",0.7577946737405188,result
somatic-oncogenicity-20261009-result-lee2026-m-cap-oncogene-auprc,somatic-oncogenicity-20261009-source-lee2026-oncocal-tool-performance,"OncoCal tables/tool_performance.tsv at commit 40b7770f2a76, row tool 'M-CAP', group 'oncogene', column 'AUPRC'",0.5441770148736746,result
somatic-oncogenicity-20261009-result-lee2026-m-cap-oncogene-auroc,somatic-oncogenicity-20261009-source-lee2026-oncocal-tool-performance,"OncoCal tables/tool_performance.tsv at commit 40b7770f2a76, row tool 'M-CAP', group 'oncogene', column 'AUROC'",0.7746635875418622,result
somatic-oncogenicity-20261009-result-lee2026-m-cap-tsg-auprc,somatic-oncogenicity-20261009-source-lee2026-oncocal-tool-performance,"OncoCal tables/tool_performance.tsv at commit 40b7770f2a76, row tool 'M-CAP', group 'TSG', column 'AUPRC'",0.4783423690604408,result
somatic-oncogenicity-20261009-result-lee2026-m-cap-tsg-auroc,somatic-oncogenicity-20261009-source-lee2026-oncocal-tool-performance,"OncoCal tables/tool_performance.tsv at commit 40b7770f2a76, row tool 'M-CAP', group 'TSG', column 'AUROC'",0.8028293171335805,result
somatic-oncogenicity-20261009-result-lee2026-metalr-all-auprc,somatic-oncogenicity-20261009-source-lee2026-oncocal-tool-performance,"OncoCal tables/tool_performance.tsv at commit 40b7770f2a76, row tool 'MetaLR', group 'all', column 'AUPRC'",0.5442937194474687,result
somatic-oncogenicity-20261009-result-lee2026-metalr-all-auroc,somatic-oncogenicity-20261009-source-lee2026-oncocal-tool-performance,"OncoCal tables/tool_performance.tsv at commit 40b7770f2a76, row tool 'MetaLR', group 'all', column 'AUROC'",0.7477352984863659,result
somatic-oncogenicity-20261009-result-lee2026-metalr-oncogene-auprc,somatic-oncogenicity-20261009-source-lee2026-oncocal-tool-performance,"OncoCal tables/tool_performance.tsv at commit 40b7770f2a76, row tool 'MetaLR', group 'oncogene', column 'AUPRC'",0.5426882927795919,result
somatic-oncogenicity-20261009-result-lee2026-metalr-oncogene-auroc,somatic-oncogenicity-20261009-source-lee2026-oncocal-tool-performance,"OncoCal tables/tool_performance.tsv at commit 40b7770f2a76, row tool 'MetaLR', group 'oncogene', column 'AUROC'",0.7501042380106516,result
somatic-oncogenicity-20261009-result-lee2026-metalr-tsg-auprc,somatic-oncogenicity-20261009-source-lee2026-oncocal-tool-performance,"OncoCal tables/tool_performance.tsv at commit 40b7770f2a76, row tool 'MetaLR', group 'TSG', column 'AUPRC'",0.5219568613427403,result
somatic-oncogenicity-20261009-result-lee2026-metalr-tsg-auroc,somatic-oncogenicity-20261009-source-lee2026-oncocal-tool-performance,"OncoCal tables/tool_performance.tsv at commit 40b7770f2a76, row tool 'MetaLR', group 'TSG', column 'AUROC'",0.7878182599791927,result
somatic-oncogenicity-20261009-result-lee2026-metarnn-all-auprc,somatic-oncogenicity-20261009-source-lee2026-oncocal-tool-performance,"OncoCal tables/tool_performance.tsv at commit 40b7770f2a76, row tool 'MetaRNN', group 'all', column 'AUPRC'",0.7333156100520049,result
somatic-oncogenicity-20261009-result-lee2026-metarnn-all-auroc,somatic-oncogenicity-20261009-source-lee2026-oncocal-tool-performance,"OncoCal tables/tool_performance.tsv at commit 40b7770f2a76, row tool 'MetaRNN', group 'all', column 'AUROC'",0.8526020367314405,result
somatic-oncogenicity-20261009-result-lee2026-metarnn-oncogene-auprc,somatic-oncogenicity-20261009-source-lee2026-oncocal-tool-performance,"OncoCal tables/tool_performance.tsv at commit 40b7770f2a76, row tool 'MetaRNN', group 'oncogene', column 'AUPRC'",0.7927172481253376,result
somatic-oncogenicity-20261009-result-lee2026-metarnn-oncogene-auroc,somatic-oncogenicity-20261009-source-lee2026-oncocal-tool-performance,"OncoCal tables/tool_performance.tsv at commit 40b7770f2a76, row tool 'MetaRNN', group 'oncogene', column 'AUROC'",0.8870795784063482,result
somatic-oncogenicity-20261009-result-lee2026-metarnn-tsg-auprc,somatic-oncogenicity-20261009-source-lee2026-oncocal-tool-performance,"OncoCal tables/tool_performance.tsv at commit 40b7770f2a76, row tool 'MetaRNN', group 'TSG', column 'AUPRC'",0.714934228837229,result
somatic-oncogenicity-20261009-result-lee2026-metarnn-tsg-auroc,somatic-oncogenicity-20261009-source-lee2026-oncocal-tool-performance,"OncoCal tables/tool_performance.tsv at commit 40b7770f2a76, row tool 'MetaRNN', group 'TSG', column 'AUROC'",0.8893939868843705,result
somatic-oncogenicity-20261009-result-lee2026-metasvm-all-auprc,somatic-oncogenicity-20261009-source-lee2026-oncocal-tool-performance,"OncoCal tables/tool_performance.tsv at commit 40b7770f2a76, row tool 'MetaSVM', group 'all', column 'AUPRC'",0.5069701247532967,result
somatic-oncogenicity-20261009-result-lee2026-metasvm-all-auroc,somatic-oncogenicity-20261009-source-lee2026-oncocal-tool-performance,"OncoCal tables/tool_performance.tsv at commit 40b7770f2a76, row tool 'MetaSVM', group 'all', column 'AUROC'",0.7620637876152555,result
somatic-oncogenicity-20261009-result-lee2026-metasvm-oncogene-auprc,somatic-oncogenicity-20261009-source-lee2026-oncocal-tool-performance,"OncoCal tables/tool_performance.tsv at commit 40b7770f2a76, row tool 'MetaSVM', group 'oncogene', column 'AUPRC'",0.5627618425827581,result
somatic-oncogenicity-20261009-result-lee2026-metasvm-oncogene-auroc,somatic-oncogenicity-20261009-source-lee2026-oncocal-tool-performance,"OncoCal tables/tool_performance.tsv at commit 40b7770f2a76, row tool 'MetaSVM', group 'oncogene', column 'AUROC'",0.7656660713975012,result
somatic-oncogenicity-20261009-result-lee2026-metasvm-tsg-auprc,somatic-oncogenicity-20261009-source-lee2026-oncocal-tool-performance,"OncoCal tables/tool_performance.tsv at commit 40b7770f2a76, row tool 'MetaSVM', group 'TSG', column 'AUPRC'",0.4996560806989369,result
somatic-oncogenicity-20261009-result-lee2026-metasvm-tsg-auroc,somatic-oncogenicity-20261009-source-lee2026-oncocal-tool-performance,"OncoCal tables/tool_performance.tsv at commit 40b7770f2a76, row tool 'MetaSVM', group 'TSG', column 'AUROC'",0.7940255522298718,result
somatic-oncogenicity-20261009-result-lee2026-misfit-d-all-auprc,somatic-oncogenicity-20261009-source-lee2026-oncocal-tool-performance,"OncoCal tables/tool_performance.tsv at commit 40b7770f2a76, row tool 'MisFit_D', group 'all', column 'AUPRC'",0.657302059374361,result
somatic-oncogenicity-20261009-result-lee2026-misfit-d-all-auroc,somatic-oncogenicity-20261009-source-lee2026-oncocal-tool-performance,"OncoCal tables/tool_performance.tsv at commit 40b7770f2a76, row tool 'MisFit_D', group 'all', column 'AUROC'",0.8386548446030402,result
somatic-oncogenicity-20261009-result-lee2026-misfit-d-oncogene-auprc,somatic-oncogenicity-20261009-source-lee2026-oncocal-tool-performance,"OncoCal tables/tool_performance.tsv at commit 40b7770f2a76, row tool 'MisFit_D', group 'oncogene', column 'AUPRC'",0.7228429339809482,result
somatic-oncogenicity-20261009-result-lee2026-misfit-d-oncogene-auroc,somatic-oncogenicity-20261009-source-lee2026-oncocal-tool-performance,"OncoCal tables/tool_performance.tsv at commit 40b7770f2a76, row tool 'MisFit_D', group 'oncogene', column 'AUROC'",0.8456157433505866,result
somatic-oncogenicity-20261009-result-lee2026-misfit-d-tsg-auprc,somatic-oncogenicity-20261009-source-lee2026-oncocal-tool-performance,"OncoCal tables/tool_performance.tsv at commit 40b7770f2a76, row tool 'MisFit_D', group 'TSG', column 'AUPRC'",0.6622022015914757,result
somatic-oncogenicity-20261009-result-lee2026-misfit-d-tsg-auroc,somatic-oncogenicity-20261009-source-lee2026-oncocal-tool-performance,"OncoCal tables/tool_performance.tsv at commit 40b7770f2a76, row tool 'MisFit_D', group 'TSG', column 'AUROC'",0.8828922561963412,result
somatic-oncogenicity-20261009-result-lee2026-misfit-s-all-auprc,somatic-oncogenicity-20261009-source-lee2026-oncocal-tool-performance,"OncoCal tables/tool_performance.tsv at commit 40b7770f2a76, row tool 'MisFit_S', group 'all', column 'AUPRC'",0.5488806110745832,result
somatic-oncogenicity-20261009-result-lee2026-misfit-s-all-auroc,somatic-oncogenicity-20261009-source-lee2026-oncocal-tool-performance,"OncoCal tables/tool_performance.tsv at commit 40b7770f2a76, row tool 'MisFit_S', group 'all', column 'AUROC'",0.728768137403169,result
somatic-oncogenicity-20261009-result-lee2026-misfit-s-oncogene-auprc,somatic-oncogenicity-20261009-source-lee2026-oncocal-tool-performance,"OncoCal tables/tool_performance.tsv at commit 40b7770f2a76, row tool 'MisFit_S', group 'oncogene', column 'AUPRC'",0.6945944490167513,result
somatic-oncogenicity-20261009-result-lee2026-misfit-s-oncogene-auroc,somatic-oncogenicity-20261009-source-lee2026-oncocal-tool-performance,"OncoCal tables/tool_performance.tsv at commit 40b7770f2a76, row tool 'MisFit_S', group 'oncogene', column 'AUROC'",0.8029436532656609,result
somatic-oncogenicity-20261009-result-lee2026-misfit-s-tsg-auprc,somatic-oncogenicity-20261009-source-lee2026-oncocal-tool-performance,"OncoCal tables/tool_performance.tsv at commit 40b7770f2a76, row tool 'MisFit_S', group 'TSG', column 'AUPRC'",0.634572610013892,result
somatic-oncogenicity-20261009-result-lee2026-misfit-s-tsg-auroc,somatic-oncogenicity-20261009-source-lee2026-oncocal-tool-performance,"OncoCal tables/tool_performance.tsv at commit 40b7770f2a76, row tool 'MisFit_S', group 'TSG', column 'AUROC'",0.8459311962941429,result
somatic-oncogenicity-20261009-result-lee2026-mpc-all-auprc,somatic-oncogenicity-20261009-source-lee2026-oncocal-tool-performance,"OncoCal tables/tool_performance.tsv at commit 40b7770f2a76, row tool 'MPC', group 'all', column 'AUPRC'",0.6129276589432756,result
somatic-oncogenicity-20261009-result-lee2026-mpc-all-auroc,somatic-oncogenicity-20261009-source-lee2026-oncocal-tool-performance,"OncoCal tables/tool_performance.tsv at commit 40b7770f2a76, row tool 'MPC', group 'all', column 'AUROC'",0.8225925587467898,result
somatic-oncogenicity-20261009-result-lee2026-mpc-oncogene-auprc,somatic-oncogenicity-20261009-source-lee2026-oncocal-tool-performance,"OncoCal tables/tool_performance.tsv at commit 40b7770f2a76, row tool 'MPC', group 'oncogene', column 'AUPRC'",0.7164388726678919,result
somatic-oncogenicity-20261009-result-lee2026-mpc-oncogene-auroc,somatic-oncogenicity-20261009-source-lee2026-oncocal-tool-performance,"OncoCal tables/tool_performance.tsv at commit 40b7770f2a76, row tool 'MPC', group 'oncogene', column 'AUROC'",0.8419588896123104,result
somatic-oncogenicity-20261009-result-lee2026-mpc-tsg-auprc,somatic-oncogenicity-20261009-source-lee2026-oncocal-tool-performance,"OncoCal tables/tool_performance.tsv at commit 40b7770f2a76, row tool 'MPC', group 'TSG', column 'AUPRC'",0.6255977843773552,result
somatic-oncogenicity-20261009-result-lee2026-mpc-tsg-auroc,somatic-oncogenicity-20261009-source-lee2026-oncocal-tool-performance,"OncoCal tables/tool_performance.tsv at commit 40b7770f2a76, row tool 'MPC', group 'TSG', column 'AUROC'",0.8731222491740849,result
somatic-oncogenicity-20261009-result-lee2026-mutationassessor-all-auprc,somatic-oncogenicity-20261009-source-lee2026-oncocal-tool-performance,"OncoCal tables/tool_performance.tsv at commit 40b7770f2a76, row tool 'MutationAssessor', group 'all', column 'AUPRC'",0.5542967724320108,result
somatic-oncogenicity-20261009-result-lee2026-mutationassessor-all-auroc,somatic-oncogenicity-20261009-source-lee2026-oncocal-tool-performance,"OncoCal tables/tool_performance.tsv at commit 40b7770f2a76, row tool 'MutationAssessor', group 'all', column 'AUROC'",0.7937255807708863,result
somatic-oncogenicity-20261009-result-lee2026-mutationassessor-oncogene-auprc,somatic-oncogenicity-20261009-source-lee2026-oncocal-tool-performance,"OncoCal tables/tool_performance.tsv at commit 40b7770f2a76, row tool 'MutationAssessor', group 'oncogene', column 'AUPRC'",0.6041014175632554,result
somatic-oncogenicity-20261009-result-lee2026-mutationassessor-oncogene-auroc,somatic-oncogenicity-20261009-source-lee2026-oncocal-tool-performance,"OncoCal tables/tool_performance.tsv at commit 40b7770f2a76, row tool 'MutationAssessor', group 'oncogene', column 'AUROC'",0.7686979009661085,result
somatic-oncogenicity-20261009-result-lee2026-mutationassessor-tsg-auprc,somatic-oncogenicity-20261009-source-lee2026-oncocal-tool-performance,"OncoCal tables/tool_performance.tsv at commit 40b7770f2a76, row tool 'MutationAssessor', group 'TSG', column 'AUPRC'",0.5351708984826172,result
somatic-oncogenicity-20261009-result-lee2026-mutationassessor-tsg-auroc,somatic-oncogenicity-20261009-source-lee2026-oncocal-tool-performance,"OncoCal tables/tool_performance.tsv at commit 40b7770f2a76, row tool 'MutationAssessor', group 'TSG', column 'AUROC'",0.8239823599961262,result
somatic-oncogenicity-20261009-result-lee2026-mutationtaster-all-auprc,somatic-oncogenicity-20261009-source-lee2026-oncocal-tool-performance,"OncoCal tables/tool_performance.tsv at commit 40b7770f2a76, row tool 'MutationTaster', group 'all', column 'AUPRC'",0.6762030293336887,result
somatic-oncogenicity-20261009-result-lee2026-mutationtaster-all-auroc,somatic-oncogenicity-20261009-source-lee2026-oncocal-tool-performance,"OncoCal tables/tool_performance.tsv at commit 40b7770f2a76, row tool 'MutationTaster', group 'all', column 'AUROC'",0.846536633750874,result
somatic-oncogenicity-20261009-result-lee2026-mutationtaster-oncogene-auprc,somatic-oncogenicity-20261009-source-lee2026-oncocal-tool-performance,"OncoCal tables/tool_performance.tsv at commit 40b7770f2a76, row tool 'MutationTaster', group 'oncogene', column 'AUPRC'",0.7785208910707159,result
somatic-oncogenicity-20261009-result-lee2026-mutationtaster-oncogene-auroc,somatic-oncogenicity-20261009-source-lee2026-oncocal-tool-performance,"OncoCal tables/tool_performance.tsv at commit 40b7770f2a76, row tool 'MutationTaster', group 'oncogene', column 'AUROC'",0.8681042341124026,result
somatic-oncogenicity-20261009-result-lee2026-mutationtaster-tsg-auprc,somatic-oncogenicity-20261009-source-lee2026-oncocal-tool-performance,"OncoCal tables/tool_performance.tsv at commit 40b7770f2a76, row tool 'MutationTaster', group 'TSG', column 'AUPRC'",0.6161387669236007,result
somatic-oncogenicity-20261009-result-lee2026-mutationtaster-tsg-auroc,somatic-oncogenicity-20261009-source-lee2026-oncocal-tool-performance,"OncoCal tables/tool_performance.tsv at commit 40b7770f2a76, row tool 'MutationTaster', group 'TSG', column 'AUROC'",0.8969553724797807,result
somatic-oncogenicity-20261009-result-lee2026-mutformer-all-auprc,somatic-oncogenicity-20261009-source-lee2026-oncocal-tool-performance,"OncoCal tables/tool_performance.tsv at commit 40b7770f2a76, row tool 'MutFormer', group 'all', column 'AUPRC'",0.44552743227542635,result
somatic-oncogenicity-20261009-result-lee2026-mutformer-all-auroc,somatic-oncogenicity-20261009-source-lee2026-oncocal-tool-performance,"OncoCal tables/tool_performance.tsv at commit 40b7770f2a76, row tool 'MutFormer', group 'all', column 'AUROC'",0.6926088603817403,result
somatic-oncogenicity-20261009-result-lee2026-mutformer-oncogene-auprc,somatic-oncogenicity-20261009-source-lee2026-oncocal-tool-performance,"OncoCal tables/tool_performance.tsv at commit 40b7770f2a76, row tool 'MutFormer', group 'oncogene', column 'AUPRC'",0.5817048463593634,result
somatic-oncogenicity-20261009-result-lee2026-mutformer-oncogene-auroc,somatic-oncogenicity-20261009-source-lee2026-oncocal-tool-performance,"OncoCal tables/tool_performance.tsv at commit 40b7770f2a76, row tool 'MutFormer', group 'oncogene', column 'AUROC'",0.7680322935494823,result
somatic-oncogenicity-20261009-result-lee2026-mutformer-tsg-auprc,somatic-oncogenicity-20261009-source-lee2026-oncocal-tool-performance,"OncoCal tables/tool_performance.tsv at commit 40b7770f2a76, row tool 'MutFormer', group 'TSG', column 'AUPRC'",0.28620013611571454,result
somatic-oncogenicity-20261009-result-lee2026-mutformer-tsg-auroc,somatic-oncogenicity-20261009-source-lee2026-oncocal-tool-performance,"OncoCal tables/tool_performance.tsv at commit 40b7770f2a76, row tool 'MutFormer', group 'TSG', column 'AUROC'",0.6550444264177432,result
somatic-oncogenicity-20261009-result-lee2026-mutpred2-all-auprc,somatic-oncogenicity-20261009-source-lee2026-oncocal-tool-performance,"OncoCal tables/tool_performance.tsv at commit 40b7770f2a76, row tool 'MutPred2', group 'all', column 'AUPRC'",0.6641621179212789,result
somatic-oncogenicity-20261009-result-lee2026-mutpred2-all-auroc,somatic-oncogenicity-20261009-source-lee2026-oncocal-tool-performance,"OncoCal tables/tool_performance.tsv at commit 40b7770f2a76, row tool 'MutPred2', group 'all', column 'AUROC'",0.8456199863378483,result
somatic-oncogenicity-20261009-result-lee2026-mutpred2-oncogene-auprc,somatic-oncogenicity-20261009-source-lee2026-oncocal-tool-performance,"OncoCal tables/tool_performance.tsv at commit 40b7770f2a76, row tool 'MutPred2', group 'oncogene', column 'AUPRC'",0.7726822439393,result
somatic-oncogenicity-20261009-result-lee2026-mutpred2-oncogene-auroc,somatic-oncogenicity-20261009-source-lee2026-oncocal-tool-performance,"OncoCal tables/tool_performance.tsv at commit 40b7770f2a76, row tool 'MutPred2', group 'oncogene', column 'AUROC'",0.8759344543470096,result
somatic-oncogenicity-20261009-result-lee2026-mutpred2-tsg-auprc,somatic-oncogenicity-20261009-source-lee2026-oncocal-tool-performance,"OncoCal tables/tool_performance.tsv at commit 40b7770f2a76, row tool 'MutPred2', group 'TSG', column 'AUPRC'",0.6609761942567666,result
somatic-oncogenicity-20261009-result-lee2026-mutpred2-tsg-auroc,somatic-oncogenicity-20261009-source-lee2026-oncocal-tool-performance,"OncoCal tables/tool_performance.tsv at commit 40b7770f2a76, row tool 'MutPred2', group 'TSG', column 'AUROC'",0.8956129453068229,result
somatic-oncogenicity-20261009-result-lee2026-mutscore-all-auprc,somatic-oncogenicity-20261009-source-lee2026-oncocal-tool-performance,"OncoCal tables/tool_performance.tsv at commit 40b7770f2a76, row tool 'MutScore', group 'all', column 'AUPRC'",0.753892191624398,result
somatic-oncogenicity-20261009-result-lee2026-mutscore-all-auroc,somatic-oncogenicity-20261009-source-lee2026-oncocal-tool-performance,"OncoCal tables/tool_performance.tsv at commit 40b7770f2a76, row tool 'MutScore', group 'all', column 'AUROC'",0.8760066144430202,result
somatic-oncogenicity-20261009-result-lee2026-mutscore-oncogene-auprc,somatic-oncogenicity-20261009-source-lee2026-oncocal-tool-performance,"OncoCal tables/tool_performance.tsv at commit 40b7770f2a76, row tool 'MutScore', group 'oncogene', column 'AUPRC'",0.8087676992660259,result
somatic-oncogenicity-20261009-result-lee2026-mutscore-oncogene-auroc,somatic-oncogenicity-20261009-source-lee2026-oncocal-tool-performance,"OncoCal tables/tool_performance.tsv at commit 40b7770f2a76, row tool 'MutScore', group 'oncogene', column 'AUROC'",0.877287338715482,result
somatic-oncogenicity-20261009-result-lee2026-mutscore-tsg-auprc,somatic-oncogenicity-20261009-source-lee2026-oncocal-tool-performance,"OncoCal tables/tool_performance.tsv at commit 40b7770f2a76, row tool 'MutScore', group 'TSG', column 'AUPRC'",0.7204570590583838,result
somatic-oncogenicity-20261009-result-lee2026-mutscore-tsg-auroc,somatic-oncogenicity-20261009-source-lee2026-oncocal-tool-performance,"OncoCal tables/tool_performance.tsv at commit 40b7770f2a76, row tool 'MutScore', group 'TSG', column 'AUROC'",0.8976676529684575,result
somatic-oncogenicity-20261009-result-lee2026-mvp-all-auprc,somatic-oncogenicity-20261009-source-lee2026-oncocal-tool-performance,"OncoCal tables/tool_performance.tsv at commit 40b7770f2a76, row tool 'MVP', group 'all', column 'AUPRC'",0.5702986433439902,result
somatic-oncogenicity-20261009-result-lee2026-mvp-all-auroc,somatic-oncogenicity-20261009-source-lee2026-oncocal-tool-performance,"OncoCal tables/tool_performance.tsv at commit 40b7770f2a76, row tool 'MVP', group 'all', column 'AUROC'",0.8066745944092858,result
somatic-oncogenicity-20261009-result-lee2026-mvp-oncogene-auprc,somatic-oncogenicity-20261009-source-lee2026-oncocal-tool-performance,"OncoCal tables/tool_performance.tsv at commit 40b7770f2a76, row tool 'MVP', group 'oncogene', column 'AUPRC'",0.6574538039818139,result
somatic-oncogenicity-20261009-result-lee2026-mvp-oncogene-auroc,somatic-oncogenicity-20261009-source-lee2026-oncocal-tool-performance,"OncoCal tables/tool_performance.tsv at commit 40b7770f2a76, row tool 'MVP', group 'oncogene', column 'AUROC'",0.8154185079042249,result
somatic-oncogenicity-20261009-result-lee2026-mvp-tsg-auprc,somatic-oncogenicity-20261009-source-lee2026-oncocal-tool-performance,"OncoCal tables/tool_performance.tsv at commit 40b7770f2a76, row tool 'MVP', group 'TSG', column 'AUPRC'",0.5018908706365559,result
somatic-oncogenicity-20261009-result-lee2026-mvp-tsg-auroc,somatic-oncogenicity-20261009-source-lee2026-oncocal-tool-performance,"OncoCal tables/tool_performance.tsv at commit 40b7770f2a76, row tool 'MVP', group 'TSG', column 'AUROC'",0.8029502695197579,result
somatic-oncogenicity-20261009-result-lee2026-phactboost-all-auprc,somatic-oncogenicity-20261009-source-lee2026-oncocal-tool-performance,"OncoCal tables/tool_performance.tsv at commit 40b7770f2a76, row tool 'PHACTboost', group 'all', column 'AUPRC'",0.6929943333540144,result
somatic-oncogenicity-20261009-result-lee2026-phactboost-all-auroc,somatic-oncogenicity-20261009-source-lee2026-oncocal-tool-performance,"OncoCal tables/tool_performance.tsv at commit 40b7770f2a76, row tool 'PHACTboost', group 'all', column 'AUROC'",0.8325595996481688,result
somatic-oncogenicity-20261009-result-lee2026-phactboost-oncogene-auprc,somatic-oncogenicity-20261009-source-lee2026-oncocal-tool-performance,"OncoCal tables/tool_performance.tsv at commit 40b7770f2a76, row tool 'PHACTboost', group 'oncogene', column 'AUPRC'",0.7452352665450609,result
somatic-oncogenicity-20261009-result-lee2026-phactboost-oncogene-auroc,somatic-oncogenicity-20261009-source-lee2026-oncocal-tool-performance,"OncoCal tables/tool_performance.tsv at commit 40b7770f2a76, row tool 'PHACTboost', group 'oncogene', column 'AUROC'",0.8502081021087681,result
somatic-oncogenicity-20261009-result-lee2026-phactboost-tsg-auprc,somatic-oncogenicity-20261009-source-lee2026-oncocal-tool-performance,"OncoCal tables/tool_performance.tsv at commit 40b7770f2a76, row tool 'PHACTboost', group 'TSG', column 'AUPRC'",0.706923582927811,result
somatic-oncogenicity-20261009-result-lee2026-phactboost-tsg-auroc,somatic-oncogenicity-20261009-source-lee2026-oncocal-tool-performance,"OncoCal tables/tool_performance.tsv at commit 40b7770f2a76, row tool 'PHACTboost', group 'TSG', column 'AUROC'",0.8889987119861955,result
somatic-oncogenicity-20261009-result-lee2026-phastcons100way-vertebrate-all-auprc,somatic-oncogenicity-20261009-source-lee2026-oncocal-tool-performance,"OncoCal tables/tool_performance.tsv at commit 40b7770f2a76, row tool 'phastCons100way_vertebrate', group 'all', column 'AUPRC'",0.26781166317225436,result
somatic-oncogenicity-20261009-result-lee2026-phastcons100way-vertebrate-all-auroc,somatic-oncogenicity-20261009-source-lee2026-oncocal-tool-performance,"OncoCal tables/tool_performance.tsv at commit 40b7770f2a76, row tool 'phastCons100way_vertebrate', group 'all', column 'AUROC'",0.6784616254531828,result
somatic-oncogenicity-20261009-result-lee2026-phastcons100way-vertebrate-oncogene-auprc,somatic-oncogenicity-20261009-source-lee2026-oncocal-tool-performance,"OncoCal tables/tool_performance.tsv at commit 40b7770f2a76, row tool 'phastCons100way_vertebrate', group 'oncogene', column 'AUPRC'",0.3571065116586228,result
somatic-oncogenicity-20261009-result-lee2026-phastcons100way-vertebrate-oncogene-auroc,somatic-oncogenicity-20261009-source-lee2026-oncocal-tool-performance,"OncoCal tables/tool_performance.tsv at commit 40b7770f2a76, row tool 'phastCons100way_vertebrate', group 'oncogene', column 'AUROC'",0.6713305659460438,result
somatic-oncogenicity-20261009-result-lee2026-phastcons100way-vertebrate-tsg-auprc,somatic-oncogenicity-20261009-source-lee2026-oncocal-tool-performance,"OncoCal tables/tool_performance.tsv at commit 40b7770f2a76, row tool 'phastCons100way_vertebrate', group 'TSG', column 'AUPRC'",0.2064406795637382,result
somatic-oncogenicity-20261009-result-lee2026-phastcons100way-vertebrate-tsg-auroc,somatic-oncogenicity-20261009-source-lee2026-oncocal-tool-performance,"OncoCal tables/tool_performance.tsv at commit 40b7770f2a76, row tool 'phastCons100way_vertebrate', group 'TSG', column 'AUROC'",0.7201765279833929,result
somatic-oncogenicity-20261009-result-lee2026-phastcons17way-primate-all-auprc,somatic-oncogenicity-20261009-source-lee2026-oncocal-tool-performance,"OncoCal tables/tool_performance.tsv at commit 40b7770f2a76, row tool 'phastCons17way_primate', group 'all', column 'AUPRC'",0.26486153246725913,result
somatic-oncogenicity-20261009-result-lee2026-phastcons17way-primate-all-auroc,somatic-oncogenicity-20261009-source-lee2026-oncocal-tool-performance,"OncoCal tables/tool_performance.tsv at commit 40b7770f2a76, row tool 'phastCons17way_primate', group 'all', column 'AUROC'",0.6301163133171486,result
somatic-oncogenicity-20261009-result-lee2026-phastcons17way-primate-oncogene-auprc,somatic-oncogenicity-20261009-source-lee2026-oncocal-tool-performance,"OncoCal tables/tool_performance.tsv at commit 40b7770f2a76, row tool 'phastCons17way_primate', group 'oncogene', column 'AUPRC'",0.40483265016993203,result
somatic-oncogenicity-20261009-result-lee2026-phastcons17way-primate-oncogene-auroc,somatic-oncogenicity-20261009-source-lee2026-oncocal-tool-performance,"OncoCal tables/tool_performance.tsv at commit 40b7770f2a76, row tool 'phastCons17way_primate', group 'oncogene', column 'AUROC'",0.6801456244406827,result
somatic-oncogenicity-20261009-result-lee2026-phastcons17way-primate-tsg-auprc,somatic-oncogenicity-20261009-source-lee2026-oncocal-tool-performance,"OncoCal tables/tool_performance.tsv at commit 40b7770f2a76, row tool 'phastCons17way_primate', group 'TSG', column 'AUPRC'",0.20379574984514928,result
somatic-oncogenicity-20261009-result-lee2026-phastcons17way-primate-tsg-auroc,somatic-oncogenicity-20261009-source-lee2026-oncocal-tool-performance,"OncoCal tables/tool_performance.tsv at commit 40b7770f2a76, row tool 'phastCons17way_primate', group 'TSG', column 'AUROC'",0.6671367655434246,result
somatic-oncogenicity-20261009-result-lee2026-phastcons470way-mammalian-all-auprc,somatic-oncogenicity-20261009-source-lee2026-oncocal-tool-performance,"OncoCal tables/tool_performance.tsv at commit 40b7770f2a76, row tool 'phastCons470way_mammalian', group 'all', column 'AUPRC'",0.24360168440304572,result
somatic-oncogenicity-20261009-result-lee2026-phastcons470way-mammalian-all-auroc,somatic-oncogenicity-20261009-source-lee2026-oncocal-tool-performance,"OncoCal tables/tool_performance.tsv at commit 40b7770f2a76, row tool 'phastCons470way_mammalian', group 'all', column 'AUROC'",0.6475137505438011,result
somatic-oncogenicity-20261009-result-lee2026-phastcons470way-mammalian-oncogene-auprc,somatic-oncogenicity-20261009-source-lee2026-oncocal-tool-performance,"OncoCal tables/tool_performance.tsv at commit 40b7770f2a76, row tool 'phastCons470way_mammalian', group 'oncogene', column 'AUPRC'",0.3298899851812772,result
somatic-oncogenicity-20261009-result-lee2026-phastcons470way-mammalian-oncogene-auroc,somatic-oncogenicity-20261009-source-lee2026-oncocal-tool-performance,"OncoCal tables/tool_performance.tsv at commit 40b7770f2a76, row tool 'phastCons470way_mammalian', group 'oncogene', column 'AUROC'",0.6363829546856393,result
somatic-oncogenicity-20261009-result-lee2026-phastcons470way-mammalian-tsg-auprc,somatic-oncogenicity-20261009-source-lee2026-oncocal-tool-performance,"OncoCal tables/tool_performance.tsv at commit 40b7770f2a76, row tool 'phastCons470way_mammalian', group 'TSG', column 'AUPRC'",0.18980019756989905,result
somatic-oncogenicity-20261009-result-lee2026-phastcons470way-mammalian-tsg-auroc,somatic-oncogenicity-20261009-source-lee2026-oncocal-tool-performance,"OncoCal tables/tool_performance.tsv at commit 40b7770f2a76, row tool 'phastCons470way_mammalian', group 'TSG', column 'AUROC'",0.69280072696524,result
somatic-oncogenicity-20261009-result-lee2026-phylop100way-vertebrate-all-auprc,somatic-oncogenicity-20261009-source-lee2026-oncocal-tool-performance,"OncoCal tables/tool_performance.tsv at commit 40b7770f2a76, row tool 'phyloP100way_vertebrate', group 'all', column 'AUPRC'",0.4698223007096842,result
somatic-oncogenicity-20261009-result-lee2026-phylop100way-vertebrate-all-auroc,somatic-oncogenicity-20261009-source-lee2026-oncocal-tool-performance,"OncoCal tables/tool_performance.tsv at commit 40b7770f2a76, row tool 'phyloP100way_vertebrate', group 'all', column 'AUROC'",0.7638993735507716,result
somatic-oncogenicity-20261009-result-lee2026-phylop100way-vertebrate-oncogene-auprc,somatic-oncogenicity-20261009-source-lee2026-oncocal-tool-performance,"OncoCal tables/tool_performance.tsv at commit 40b7770f2a76, row tool 'phyloP100way_vertebrate', group 'oncogene', column 'AUPRC'",0.566764449737914,result
somatic-oncogenicity-20261009-result-lee2026-phylop100way-vertebrate-oncogene-auroc,somatic-oncogenicity-20261009-source-lee2026-oncocal-tool-performance,"OncoCal tables/tool_performance.tsv at commit 40b7770f2a76, row tool 'phyloP100way_vertebrate', group 'oncogene', column 'AUROC'",0.7656781821039784,result
somatic-oncogenicity-20261009-result-lee2026-phylop100way-vertebrate-tsg-auprc,somatic-oncogenicity-20261009-source-lee2026-oncocal-tool-performance,"OncoCal tables/tool_performance.tsv at commit 40b7770f2a76, row tool 'phyloP100way_vertebrate', group 'TSG', column 'AUPRC'",0.4215203925739223,result
somatic-oncogenicity-20261009-result-lee2026-phylop100way-vertebrate-tsg-auroc,somatic-oncogenicity-20261009-source-lee2026-oncocal-tool-performance,"OncoCal tables/tool_performance.tsv at commit 40b7770f2a76, row tool 'phyloP100way_vertebrate', group 'TSG', column 'AUROC'",0.8176818365271019,result
somatic-oncogenicity-20261009-result-lee2026-phylop17way-primate-all-auprc,somatic-oncogenicity-20261009-source-lee2026-oncocal-tool-performance,"OncoCal tables/tool_performance.tsv at commit 40b7770f2a76, row tool 'phyloP17way_primate', group 'all', column 'AUPRC'",0.21126862193323534,result
somatic-oncogenicity-20261009-result-lee2026-phylop17way-primate-all-auroc,somatic-oncogenicity-20261009-source-lee2026-oncocal-tool-performance,"OncoCal tables/tool_performance.tsv at commit 40b7770f2a76, row tool 'phyloP17way_primate', group 'all', column 'AUROC'",0.5884074395577742,result
somatic-oncogenicity-20261009-result-lee2026-phylop17way-primate-oncogene-auprc,somatic-oncogenicity-20261009-source-lee2026-oncocal-tool-performance,"OncoCal tables/tool_performance.tsv at commit 40b7770f2a76, row tool 'phyloP17way_primate', group 'oncogene', column 'AUPRC'",0.2942190446344985,result
somatic-oncogenicity-20261009-result-lee2026-phylop17way-primate-oncogene-auroc,somatic-oncogenicity-20261009-source-lee2026-oncocal-tool-performance,"OncoCal tables/tool_performance.tsv at commit 40b7770f2a76, row tool 'phyloP17way_primate', group 'oncogene', column 'AUROC'",0.591961613538968,result
somatic-oncogenicity-20261009-result-lee2026-phylop17way-primate-tsg-auprc,somatic-oncogenicity-20261009-source-lee2026-oncocal-tool-performance,"OncoCal tables/tool_performance.tsv at commit 40b7770f2a76, row tool 'phyloP17way_primate', group 'TSG', column 'AUPRC'",0.15232158256855885,result
somatic-oncogenicity-20261009-result-lee2026-phylop17way-primate-tsg-auroc,somatic-oncogenicity-20261009-source-lee2026-oncocal-tool-performance,"OncoCal tables/tool_performance.tsv at commit 40b7770f2a76, row tool 'phyloP17way_primate', group 'TSG', column 'AUROC'",0.610183891238159,result
somatic-oncogenicity-20261009-result-lee2026-phylop470way-mammalian-all-auprc,somatic-oncogenicity-20261009-source-lee2026-oncocal-tool-performance,"OncoCal tables/tool_performance.tsv at commit 40b7770f2a76, row tool 'phyloP470way_mammalian', group 'all', column 'AUPRC'",0.34738185055014675,result
somatic-oncogenicity-20261009-result-lee2026-phylop470way-mammalian-all-auroc,somatic-oncogenicity-20261009-source-lee2026-oncocal-tool-performance,"OncoCal tables/tool_performance.tsv at commit 40b7770f2a76, row tool 'phyloP470way_mammalian', group 'all', column 'AUROC'",0.7294678847232798,result
somatic-oncogenicity-20261009-result-lee2026-phylop470way-mammalian-oncogene-auprc,somatic-oncogenicity-20261009-source-lee2026-oncocal-tool-performance,"OncoCal tables/tool_performance.tsv at commit 40b7770f2a76, row tool 'phyloP470way_mammalian', group 'oncogene', column 'AUPRC'",0.43734318617860685,result
somatic-oncogenicity-20261009-result-lee2026-phylop470way-mammalian-oncogene-auroc,somatic-oncogenicity-20261009-source-lee2026-oncocal-tool-performance,"OncoCal tables/tool_performance.tsv at commit 40b7770f2a76, row tool 'phyloP470way_mammalian', group 'oncogene', column 'AUROC'",0.7143206712381469,result
somatic-oncogenicity-20261009-result-lee2026-phylop470way-mammalian-tsg-auprc,somatic-oncogenicity-20261009-source-lee2026-oncocal-tool-performance,"OncoCal tables/tool_performance.tsv at commit 40b7770f2a76, row tool 'phyloP470way_mammalian', group 'TSG', column 'AUPRC'",0.31020847827708287,result
somatic-oncogenicity-20261009-result-lee2026-phylop470way-mammalian-tsg-auroc,somatic-oncogenicity-20261009-source-lee2026-oncocal-tool-performance,"OncoCal tables/tool_performance.tsv at commit 40b7770f2a76, row tool 'phyloP470way_mammalian', group 'TSG', column 'AUROC'",0.7856152982242437,result
somatic-oncogenicity-20261009-result-lee2026-polyphen2-hdiv-all-auprc,somatic-oncogenicity-20261009-source-lee2026-oncocal-tool-performance,"OncoCal tables/tool_performance.tsv at commit 40b7770f2a76, row tool 'Polyphen2_HDIV', group 'all', column 'AUPRC'",0.4698929726174499,result
somatic-oncogenicity-20261009-result-lee2026-polyphen2-hdiv-all-auroc,somatic-oncogenicity-20261009-source-lee2026-oncocal-tool-performance,"OncoCal tables/tool_performance.tsv at commit 40b7770f2a76, row tool 'Polyphen2_HDIV', group 'all', column 'AUROC'",0.8135184445335965,result
somatic-oncogenicity-20261009-result-lee2026-polyphen2-hdiv-oncogene-auprc,somatic-oncogenicity-20261009-source-lee2026-oncocal-tool-performance,"OncoCal tables/tool_performance.tsv at commit 40b7770f2a76, row tool 'Polyphen2_HDIV', group 'oncogene', column 'AUPRC'",0.5411908587378504,result
somatic-oncogenicity-20261009-result-lee2026-polyphen2-hdiv-oncogene-auroc,somatic-oncogenicity-20261009-source-lee2026-oncocal-tool-performance,"OncoCal tables/tool_performance.tsv at commit 40b7770f2a76, row tool 'Polyphen2_HDIV', group 'oncogene', column 'AUROC'",0.8052620313417037,result
somatic-oncogenicity-20261009-result-lee2026-polyphen2-hdiv-tsg-auprc,somatic-oncogenicity-20261009-source-lee2026-oncocal-tool-performance,"OncoCal tables/tool_performance.tsv at commit 40b7770f2a76, row tool 'Polyphen2_HDIV', group 'TSG', column 'AUPRC'",0.40930704437280485,result
somatic-oncogenicity-20261009-result-lee2026-polyphen2-hdiv-tsg-auroc,somatic-oncogenicity-20261009-source-lee2026-oncocal-tool-performance,"OncoCal tables/tool_performance.tsv at commit 40b7770f2a76, row tool 'Polyphen2_HDIV', group 'TSG', column 'AUROC'",0.8465252281481994,result
somatic-oncogenicity-20261009-result-lee2026-polyphen2-hvar-all-auprc,somatic-oncogenicity-20261009-source-lee2026-oncocal-tool-performance,"OncoCal tables/tool_performance.tsv at commit 40b7770f2a76, row tool 'Polyphen2_HVAR', group 'all', column 'AUPRC'",0.5501114457446966,result
somatic-oncogenicity-20261009-result-lee2026-polyphen2-hvar-all-auroc,somatic-oncogenicity-20261009-source-lee2026-oncocal-tool-performance,"OncoCal tables/tool_performance.tsv at commit 40b7770f2a76, row tool 'Polyphen2_HVAR', group 'all', column 'AUROC'",0.8260854200974637,result
somatic-oncogenicity-20261009-result-lee2026-polyphen2-hvar-oncogene-auprc,somatic-oncogenicity-20261009-source-lee2026-oncocal-tool-performance,"OncoCal tables/tool_performance.tsv at commit 40b7770f2a76, row tool 'Polyphen2_HVAR', group 'oncogene', column 'AUPRC'",0.6024320707462961,result
somatic-oncogenicity-20261009-result-lee2026-polyphen2-hvar-oncogene-auroc,somatic-oncogenicity-20261009-source-lee2026-oncocal-tool-performance,"OncoCal tables/tool_performance.tsv at commit 40b7770f2a76, row tool 'Polyphen2_HVAR', group 'oncogene', column 'AUROC'",0.8200104995525697,result
somatic-oncogenicity-20261009-result-lee2026-polyphen2-hvar-tsg-auprc,somatic-oncogenicity-20261009-source-lee2026-oncocal-tool-performance,"OncoCal tables/tool_performance.tsv at commit 40b7770f2a76, row tool 'Polyphen2_HVAR', group 'TSG', column 'AUPRC'",0.4815117820408987,result
somatic-oncogenicity-20261009-result-lee2026-polyphen2-hvar-tsg-auroc,somatic-oncogenicity-20261009-source-lee2026-oncocal-tool-performance,"OncoCal tables/tool_performance.tsv at commit 40b7770f2a76, row tool 'Polyphen2_HVAR', group 'TSG', column 'AUROC'",0.8521619263423755,result
somatic-oncogenicity-20261009-result-lee2026-popeve-all-auprc,somatic-oncogenicity-20261009-source-lee2026-oncocal-tool-performance,"OncoCal tables/tool_performance.tsv at commit 40b7770f2a76, row tool 'popEVE', group 'all', column 'AUPRC'",0.7168078638020816,result
somatic-oncogenicity-20261009-result-lee2026-popeve-all-auroc,somatic-oncogenicity-20261009-source-lee2026-oncocal-tool-performance,"OncoCal tables/tool_performance.tsv at commit 40b7770f2a76, row tool 'popEVE', group 'all', column 'AUROC'",0.8597571589699364,result
somatic-oncogenicity-20261009-result-lee2026-popeve-oncogene-auprc,somatic-oncogenicity-20261009-source-lee2026-oncocal-tool-performance,"OncoCal tables/tool_performance.tsv at commit 40b7770f2a76, row tool 'popEVE', group 'oncogene', column 'AUPRC'",0.8338873815884817,result
somatic-oncogenicity-20261009-result-lee2026-popeve-oncogene-auroc,somatic-oncogenicity-20261009-source-lee2026-oncocal-tool-performance,"OncoCal tables/tool_performance.tsv at commit 40b7770f2a76, row tool 'popEVE', group 'oncogene', column 'AUROC'",0.9003207957941839,result
somatic-oncogenicity-20261009-result-lee2026-popeve-tsg-auprc,somatic-oncogenicity-20261009-source-lee2026-oncocal-tool-performance,"OncoCal tables/tool_performance.tsv at commit 40b7770f2a76, row tool 'popEVE', group 'TSG', column 'AUPRC'",0.6135357998799162,result
somatic-oncogenicity-20261009-result-lee2026-popeve-tsg-auroc,somatic-oncogenicity-20261009-source-lee2026-oncocal-tool-performance,"OncoCal tables/tool_performance.tsv at commit 40b7770f2a76, row tool 'popEVE', group 'TSG', column 'AUROC'",0.8419454614126403,result
somatic-oncogenicity-20261009-result-lee2026-primateai-all-auprc,somatic-oncogenicity-20261009-source-lee2026-oncocal-tool-performance,"OncoCal tables/tool_performance.tsv at commit 40b7770f2a76, row tool 'PrimateAI', group 'all', column 'AUPRC'",0.5080723156946669,result
somatic-oncogenicity-20261009-result-lee2026-primateai-all-auroc,somatic-oncogenicity-20261009-source-lee2026-oncocal-tool-performance,"OncoCal tables/tool_performance.tsv at commit 40b7770f2a76, row tool 'PrimateAI', group 'all', column 'AUROC'",0.7968600116305401,result
somatic-oncogenicity-20261009-result-lee2026-primateai-oncogene-auprc,somatic-oncogenicity-20261009-source-lee2026-oncocal-tool-performance,"OncoCal tables/tool_performance.tsv at commit 40b7770f2a76, row tool 'PrimateAI', group 'oncogene', column 'AUPRC'",0.617598395817322,result
somatic-oncogenicity-20261009-result-lee2026-primateai-oncogene-auroc,somatic-oncogenicity-20261009-source-lee2026-oncocal-tool-performance,"OncoCal tables/tool_performance.tsv at commit 40b7770f2a76, row tool 'PrimateAI', group 'oncogene', column 'AUROC'",0.8167279070049707,result
somatic-oncogenicity-20261009-result-lee2026-primateai-tsg-auprc,somatic-oncogenicity-20261009-source-lee2026-oncocal-tool-performance,"OncoCal tables/tool_performance.tsv at commit 40b7770f2a76, row tool 'PrimateAI', group 'TSG', column 'AUPRC'",0.504628016594528,result
somatic-oncogenicity-20261009-result-lee2026-primateai-tsg-auroc,somatic-oncogenicity-20261009-source-lee2026-oncocal-tool-performance,"OncoCal tables/tool_performance.tsv at commit 40b7770f2a76, row tool 'PrimateAI', group 'TSG', column 'AUROC'",0.8715339785534707,result
somatic-oncogenicity-20261009-result-lee2026-provean-all-auprc,somatic-oncogenicity-20261009-source-lee2026-oncocal-tool-performance,"OncoCal tables/tool_performance.tsv at commit 40b7770f2a76, row tool 'PROVEAN', group 'all', column 'AUPRC'",0.5876658555631475,result
somatic-oncogenicity-20261009-result-lee2026-provean-all-auroc,somatic-oncogenicity-20261009-source-lee2026-oncocal-tool-performance,"OncoCal tables/tool_performance.tsv at commit 40b7770f2a76, row tool 'PROVEAN', group 'all', column 'AUROC'",0.8185524745702887,result
somatic-oncogenicity-20261009-result-lee2026-provean-oncogene-auprc,somatic-oncogenicity-20261009-source-lee2026-oncocal-tool-performance,"OncoCal tables/tool_performance.tsv at commit 40b7770f2a76, row tool 'PROVEAN', group 'oncogene', column 'AUPRC'",0.6457049369408885,result
somatic-oncogenicity-20261009-result-lee2026-provean-oncogene-auroc,somatic-oncogenicity-20261009-source-lee2026-oncocal-tool-performance,"OncoCal tables/tool_performance.tsv at commit 40b7770f2a76, row tool 'PROVEAN', group 'oncogene', column 'AUROC'",0.8128212819407211,result
somatic-oncogenicity-20261009-result-lee2026-provean-tsg-auprc,somatic-oncogenicity-20261009-source-lee2026-oncocal-tool-performance,"OncoCal tables/tool_performance.tsv at commit 40b7770f2a76, row tool 'PROVEAN', group 'TSG', column 'AUPRC'",0.5478132768916758,result
somatic-oncogenicity-20261009-result-lee2026-provean-tsg-auroc,somatic-oncogenicity-20261009-source-lee2026-oncocal-tool-performance,"OncoCal tables/tool_performance.tsv at commit 40b7770f2a76, row tool 'PROVEAN', group 'TSG', column 'AUROC'",0.8589171100036134,result
somatic-oncogenicity-20261009-result-lee2026-revel-all-auprc,somatic-oncogenicity-20261009-source-lee2026-oncocal-tool-performance,"OncoCal tables/tool_performance.tsv at commit 40b7770f2a76, row tool 'REVEL', group 'all', column 'AUPRC'",0.6521567785065284,result
somatic-oncogenicity-20261009-result-lee2026-revel-all-auroc,somatic-oncogenicity-20261009-source-lee2026-oncocal-tool-performance,"OncoCal tables/tool_performance.tsv at commit 40b7770f2a76, row tool 'REVEL', group 'all', column 'AUROC'",0.8161422000063172,result
somatic-oncogenicity-20261009-result-lee2026-revel-oncogene-auprc,somatic-oncogenicity-20261009-source-lee2026-oncocal-tool-performance,"OncoCal tables/tool_performance.tsv at commit 40b7770f2a76, row tool 'REVEL', group 'oncogene', column 'AUPRC'",0.7386205041710758,result
somatic-oncogenicity-20261009-result-lee2026-revel-oncogene-auroc,somatic-oncogenicity-20261009-source-lee2026-oncocal-tool-performance,"OncoCal tables/tool_performance.tsv at commit 40b7770f2a76, row tool 'REVEL', group 'oncogene', column 'AUROC'",0.8426920271172177,result
somatic-oncogenicity-20261009-result-lee2026-revel-tsg-auprc,somatic-oncogenicity-20261009-source-lee2026-oncocal-tool-performance,"OncoCal tables/tool_performance.tsv at commit 40b7770f2a76, row tool 'REVEL', group 'TSG', column 'AUPRC'",0.6179991989092155,result
somatic-oncogenicity-20261009-result-lee2026-revel-tsg-auroc,somatic-oncogenicity-20261009-source-lee2026-oncocal-tool-performance,"OncoCal tables/tool_performance.tsv at commit 40b7770f2a76, row tool 'REVEL', group 'TSG', column 'AUROC'",0.8593672455250561,result
somatic-oncogenicity-20261009-result-lee2026-sift-all-auprc,somatic-oncogenicity-20261009-source-lee2026-oncocal-tool-performance,"OncoCal tables/tool_performance.tsv at commit 40b7770f2a76, row tool 'SIFT', group 'all', column 'AUPRC'",0.4421438544842223,result
somatic-oncogenicity-20261009-result-lee2026-sift-all-auroc,somatic-oncogenicity-20261009-source-lee2026-oncocal-tool-performance,"OncoCal tables/tool_performance.tsv at commit 40b7770f2a76, row tool 'SIFT', group 'all', column 'AUROC'",0.7783889349471413,result
somatic-oncogenicity-20261009-result-lee2026-sift-oncogene-auprc,somatic-oncogenicity-20261009-source-lee2026-oncocal-tool-performance,"OncoCal tables/tool_performance.tsv at commit 40b7770f2a76, row tool 'SIFT', group 'oncogene', column 'AUPRC'",0.5199893513025153,result
somatic-oncogenicity-20261009-result-lee2026-sift-oncogene-auroc,somatic-oncogenicity-20261009-source-lee2026-oncocal-tool-performance,"OncoCal tables/tool_performance.tsv at commit 40b7770f2a76, row tool 'SIFT', group 'oncogene', column 'AUROC'",0.7640829694713254,result
somatic-oncogenicity-20261009-result-lee2026-sift-tsg-auprc,somatic-oncogenicity-20261009-source-lee2026-oncocal-tool-performance,"OncoCal tables/tool_performance.tsv at commit 40b7770f2a76, row tool 'SIFT', group 'TSG', column 'AUPRC'",0.38339650145213555,result
somatic-oncogenicity-20261009-result-lee2026-sift-tsg-auroc,somatic-oncogenicity-20261009-source-lee2026-oncocal-tool-performance,"OncoCal tables/tool_performance.tsv at commit 40b7770f2a76, row tool 'SIFT', group 'TSG', column 'AUROC'",0.8166938439507011,result
somatic-oncogenicity-20261009-result-lee2026-sift4g-all-auprc,somatic-oncogenicity-20261009-source-lee2026-oncocal-tool-performance,"OncoCal tables/tool_performance.tsv at commit 40b7770f2a76, row tool 'SIFT4G', group 'all', column 'AUPRC'",0.540524687630165,result
somatic-oncogenicity-20261009-result-lee2026-sift4g-all-auroc,somatic-oncogenicity-20261009-source-lee2026-oncocal-tool-performance,"OncoCal tables/tool_performance.tsv at commit 40b7770f2a76, row tool 'SIFT4G', group 'all', column 'AUROC'",0.8082608781171217,result
somatic-oncogenicity-20261009-result-lee2026-sift4g-oncogene-auprc,somatic-oncogenicity-20261009-source-lee2026-oncocal-tool-performance,"OncoCal tables/tool_performance.tsv at commit 40b7770f2a76, row tool 'SIFT4G', group 'oncogene', column 'AUPRC'",0.5715910282592398,result
somatic-oncogenicity-20261009-result-lee2026-sift4g-oncogene-auroc,somatic-oncogenicity-20261009-source-lee2026-oncocal-tool-performance,"OncoCal tables/tool_performance.tsv at commit 40b7770f2a76, row tool 'SIFT4G', group 'oncogene', column 'AUROC'",0.7859545683246103,result
somatic-oncogenicity-20261009-result-lee2026-sift4g-tsg-auprc,somatic-oncogenicity-20261009-source-lee2026-oncocal-tool-performance,"OncoCal tables/tool_performance.tsv at commit 40b7770f2a76, row tool 'SIFT4G', group 'TSG', column 'AUPRC'",0.4706199108767246,result
somatic-oncogenicity-20261009-result-lee2026-sift4g-tsg-auroc,somatic-oncogenicity-20261009-source-lee2026-oncocal-tool-performance,"OncoCal tables/tool_performance.tsv at commit 40b7770f2a76, row tool 'SIFT4G', group 'TSG', column 'AUROC'",0.8474785434055098,result
somatic-oncogenicity-20261009-result-lee2026-varity-er-all-auprc,somatic-oncogenicity-20261009-source-lee2026-oncocal-tool-performance,"OncoCal tables/tool_performance.tsv at commit 40b7770f2a76, row tool 'VARITY_ER', group 'all', column 'AUPRC'",0.717007464480502,result
somatic-oncogenicity-20261009-result-lee2026-varity-er-all-auroc,somatic-oncogenicity-20261009-source-lee2026-oncocal-tool-performance,"OncoCal tables/tool_performance.tsv at commit 40b7770f2a76, row tool 'VARITY_ER', group 'all', column 'AUROC'",0.8673560985457365,result
somatic-oncogenicity-20261009-result-lee2026-varity-er-loo-all-auprc,somatic-oncogenicity-20261009-source-lee2026-oncocal-tool-performance,"OncoCal tables/tool_performance.tsv at commit 40b7770f2a76, row tool 'VARITY_ER_LOO', group 'all', column 'AUPRC'",0.7138131047325103,result
somatic-oncogenicity-20261009-result-lee2026-varity-er-loo-all-auroc,somatic-oncogenicity-20261009-source-lee2026-oncocal-tool-performance,"OncoCal tables/tool_performance.tsv at commit 40b7770f2a76, row tool 'VARITY_ER_LOO', group 'all', column 'AUROC'",0.866364673058279,result
somatic-oncogenicity-20261009-result-lee2026-varity-er-loo-oncogene-auprc,somatic-oncogenicity-20261009-source-lee2026-oncocal-tool-performance,"OncoCal tables/tool_performance.tsv at commit 40b7770f2a76, row tool 'VARITY_ER_LOO', group 'oncogene', column 'AUPRC'",0.7747239226079738,result
somatic-oncogenicity-20261009-result-lee2026-varity-er-loo-oncogene-auroc,somatic-oncogenicity-20261009-source-lee2026-oncocal-tool-performance,"OncoCal tables/tool_performance.tsv at commit 40b7770f2a76, row tool 'VARITY_ER_LOO', group 'oncogene', column 'AUROC'",0.8840328986504716,result
somatic-oncogenicity-20261009-result-lee2026-varity-er-loo-tsg-auprc,somatic-oncogenicity-20261009-source-lee2026-oncocal-tool-performance,"OncoCal tables/tool_performance.tsv at commit 40b7770f2a76, row tool 'VARITY_ER_LOO', group 'TSG', column 'AUPRC'",0.6564703792222433,result
somatic-oncogenicity-20261009-result-lee2026-varity-er-loo-tsg-auroc,somatic-oncogenicity-20261009-source-lee2026-oncocal-tool-performance,"OncoCal tables/tool_performance.tsv at commit 40b7770f2a76, row tool 'VARITY_ER_LOO', group 'TSG', column 'AUROC'",0.8855329160854195,result
somatic-oncogenicity-20261009-result-lee2026-varity-er-oncogene-auprc,somatic-oncogenicity-20261009-source-lee2026-oncocal-tool-performance,"OncoCal tables/tool_performance.tsv at commit 40b7770f2a76, row tool 'VARITY_ER', group 'oncogene', column 'AUPRC'",0.7795532970686465,result
somatic-oncogenicity-20261009-result-lee2026-varity-er-oncogene-auroc,somatic-oncogenicity-20261009-source-lee2026-oncocal-tool-performance,"OncoCal tables/tool_performance.tsv at commit 40b7770f2a76, row tool 'VARITY_ER', group 'oncogene', column 'AUROC'",0.88590875830067,result
somatic-oncogenicity-20261009-result-lee2026-varity-er-tsg-auprc,somatic-oncogenicity-20261009-source-lee2026-oncocal-tool-performance,"OncoCal tables/tool_performance.tsv at commit 40b7770f2a76, row tool 'VARITY_ER', group 'TSG', column 'AUPRC'",0.657946703361872,result
somatic-oncogenicity-20261009-result-lee2026-varity-er-tsg-auroc,somatic-oncogenicity-20261009-source-lee2026-oncocal-tool-performance,"OncoCal tables/tool_performance.tsv at commit 40b7770f2a76, row tool 'VARITY_ER', group 'TSG', column 'AUROC'",0.8858758831205844,result
somatic-oncogenicity-20261009-result-lee2026-varity-r-all-auprc,somatic-oncogenicity-20261009-source-lee2026-oncocal-tool-performance,"OncoCal tables/tool_performance.tsv at commit 40b7770f2a76, row tool 'VARITY_R', group 'all', column 'AUPRC'",0.7449776457367305,result
somatic-oncogenicity-20261009-result-lee2026-varity-r-all-auroc,somatic-oncogenicity-20261009-source-lee2026-oncocal-tool-performance,"OncoCal tables/tool_performance.tsv at commit 40b7770f2a76, row tool 'VARITY_R', group 'all', column 'AUROC'",0.8743660209549894,result
somatic-oncogenicity-20261009-result-lee2026-varity-r-loo-all-auprc,somatic-oncogenicity-20261009-source-lee2026-oncocal-tool-performance,"OncoCal tables/tool_performance.tsv at commit 40b7770f2a76, row tool 'VARITY_R_LOO', group 'all', column 'AUPRC'",0.7392871030862354,result
somatic-oncogenicity-20261009-result-lee2026-varity-r-loo-all-auroc,somatic-oncogenicity-20261009-source-lee2026-oncocal-tool-performance,"OncoCal tables/tool_performance.tsv at commit 40b7770f2a76, row tool 'VARITY_R_LOO', group 'all', column 'AUROC'",0.8725674515855821,result
somatic-oncogenicity-20261009-result-lee2026-varity-r-loo-oncogene-auprc,somatic-oncogenicity-20261009-source-lee2026-oncocal-tool-performance,"OncoCal tables/tool_performance.tsv at commit 40b7770f2a76, row tool 'VARITY_R_LOO', group 'oncogene', column 'AUPRC'",0.7984612499278266,result
somatic-oncogenicity-20261009-result-lee2026-varity-r-loo-oncogene-auroc,somatic-oncogenicity-20261009-source-lee2026-oncocal-tool-performance,"OncoCal tables/tool_performance.tsv at commit 40b7770f2a76, row tool 'VARITY_R_LOO', group 'oncogene', column 'AUROC'",0.8912921867932779,result
somatic-oncogenicity-20261009-result-lee2026-varity-r-loo-tsg-auprc,somatic-oncogenicity-20261009-source-lee2026-oncocal-tool-performance,"OncoCal tables/tool_performance.tsv at commit 40b7770f2a76, row tool 'VARITY_R_LOO', group 'TSG', column 'AUPRC'",0.6833106087688268,result
somatic-oncogenicity-20261009-result-lee2026-varity-r-loo-tsg-auroc,somatic-oncogenicity-20261009-source-lee2026-oncocal-tool-performance,"OncoCal tables/tool_performance.tsv at commit 40b7770f2a76, row tool 'VARITY_R_LOO', group 'TSG', column 'AUROC'",0.8927209530619014,result
somatic-oncogenicity-20261009-result-lee2026-varity-r-oncogene-auprc,somatic-oncogenicity-20261009-source-lee2026-oncocal-tool-performance,"OncoCal tables/tool_performance.tsv at commit 40b7770f2a76, row tool 'VARITY_R', group 'oncogene', column 'AUPRC'",0.8044391758734507,result
somatic-oncogenicity-20261009-result-lee2026-varity-r-oncogene-auroc,somatic-oncogenicity-20261009-source-lee2026-oncocal-tool-performance,"OncoCal tables/tool_performance.tsv at commit 40b7770f2a76, row tool 'VARITY_R', group 'oncogene', column 'AUROC'",0.8940679280037723,result
somatic-oncogenicity-20261009-result-lee2026-varity-r-tsg-auprc,somatic-oncogenicity-20261009-source-lee2026-oncocal-tool-performance,"OncoCal tables/tool_performance.tsv at commit 40b7770f2a76, row tool 'VARITY_R', group 'TSG', column 'AUPRC'",0.6898944434862687,result
somatic-oncogenicity-20261009-result-lee2026-varity-r-tsg-auroc,somatic-oncogenicity-20261009-source-lee2026-oncocal-tool-performance,"OncoCal tables/tool_performance.tsv at commit 40b7770f2a76, row tool 'VARITY_R', group 'TSG', column 'AUROC'",0.8942277163614183,result
somatic-oncogenicity-20261009-result-lee2026-vest4-all-auprc,somatic-oncogenicity-20261009-source-lee2026-oncocal-tool-performance,"OncoCal tables/tool_performance.tsv at commit 40b7770f2a76, row tool 'VEST4', group 'all', column 'AUPRC'",0.6479563246143231,result
somatic-oncogenicity-20261009-result-lee2026-vest4-all-auroc,somatic-oncogenicity-20261009-source-lee2026-oncocal-tool-performance,"OncoCal tables/tool_performance.tsv at commit 40b7770f2a76, row tool 'VEST4', group 'all', column 'AUROC'",0.8327820094794917,result
somatic-oncogenicity-20261009-result-lee2026-vest4-oncogene-auprc,somatic-oncogenicity-20261009-source-lee2026-oncocal-tool-performance,"OncoCal tables/tool_performance.tsv at commit 40b7770f2a76, row tool 'VEST4', group 'oncogene', column 'AUPRC'",0.7129254014371775,result
somatic-oncogenicity-20261009-result-lee2026-vest4-oncogene-auroc,somatic-oncogenicity-20261009-source-lee2026-oncocal-tool-performance,"OncoCal tables/tool_performance.tsv at commit 40b7770f2a76, row tool 'VEST4', group 'oncogene', column 'AUROC'",0.839665099830284,result
somatic-oncogenicity-20261009-result-lee2026-vest4-tsg-auprc,somatic-oncogenicity-20261009-source-lee2026-oncocal-tool-performance,"OncoCal tables/tool_performance.tsv at commit 40b7770f2a76, row tool 'VEST4', group 'TSG', column 'AUPRC'",0.626329790455385,result
somatic-oncogenicity-20261009-result-lee2026-vest4-tsg-auroc,somatic-oncogenicity-20261009-source-lee2026-oncocal-tool-performance,"OncoCal tables/tool_performance.tsv at commit 40b7770f2a76, row tool 'VEST4', group 'TSG', column 'AUROC'",0.8845263126834535,result
