record_id,source_id,locator,printed_value,review_scope
rare-reanalysis-20261009-claim-demidov2024-per-caller-detection,rare-reanalysis-20261009-source-demidov2024,Results 'Diagnostic results' paragraph 2; Abstract,"Of 77 confirmed pathogenic CNVs, 40 were initially identified by all three callers; for ten of these the Conifer call was later discarded below the SV-RPKM threshold, and one of those ten was also discarded by the ExomeDepth workflow for a low Bayes factor. Of the remaining 37, ClinCNV identified 36 (two later failed ClinCNV quality thresholds), ExomeDepth 25 (five later discarded for a low Bayes factor), and one was identified by Conifer alone. A diagnosis was provided to 51 families.",claim
rare-reanalysis-20261009-claim-demidov2024-pooled-calls,rare-reanalysis-20261009-source-demidov2024,Table 1 rows 'Total' and '% of Events'; Supplementary Table 4 row 'Total',"Table 1 'Total' row: Long 1276 (113); 0 506 (238); 1 2610 (154); 2 157 (157); 3 2970 (98); 4 279 (5); >4 51 (11); Total 7849 (776). '% of Events' row: Long 16.26; 0 6.45; 1 33.25; 2 2.00; 3 37.84; 4 3.55; >4 0.65; Total 100. Supplementary Table 4 'Total' row: deletions 3.487, duplications 4.362, all 7.849, proportions 1 and 0,56.",claim
rare-reanalysis-20261009-claim-demidov2024-workload,rare-reanalysis-20261009-source-demidov2024,Results 'Technical results' paragraph 2,"7849 calls in 3436 affected individuals from 3300 families were returned for interpretation, a mean of 1.3 CNVs per proband or 2.4 per proband with at least one call; a further 393 CNV-SNV compound heterozygous pairs in 226 individuals were also returned.",claim
rare-reanalysis-20261009-claim-vestito2024-database-pair,rare-reanalysis-20261009-source-vestito2024,"Results paragraph 6; Supplementary Table 1 row 'Diff human score 0.2, Var score 0.8'","Results paragraph 6 reports that, comparing Exomiser results based on the February 2019 and February 2022 databases, a variant score above 0.8 with a human phenotype score increase of 0.2 highlights 54 new candidates in the 37 cases, 31 of them correct (recall 84%, precision 57%). Supplementary Table 1 prints TP 31 and FP 23 (31 + 23 = 54) for that setting, so the table is read as that comparison; the table itself does not name the releases.",claim
rare-reanalysis-20261009-claim-vestito2024-review-reduction,rare-reanalysis-20261009-source-vestito2024,Results paragraph 6,"In the families investigated, the recommended setting reduces the number of candidates to review per case from a median of 30 (range 11-214) to one or two.",claim
rare-reanalysis-20261009-config-vestito2024-exomiser-13-1-0-dh1-vs1,rare-reanalysis-20261009-source-vestito2024-supp,"Supplementary Table 1 line 54, columns 'Diff human score' and 'Var score'",0.1; 0.1,configuration_attribute
rare-reanalysis-20261009-config-vestito2024-exomiser-13-1-0-dh1-vs2,rare-reanalysis-20261009-source-vestito2024-supp,"Supplementary Table 1 line 47, columns 'Diff human score' and 'Var score'",0.1; 0.2,configuration_attribute
rare-reanalysis-20261009-config-vestito2024-exomiser-13-1-0-dh1-vs3,rare-reanalysis-20261009-source-vestito2024-supp,"Supplementary Table 1 line 41, columns 'Diff human score' and 'Var score'",0.1; 0.3,configuration_attribute
rare-reanalysis-20261009-config-vestito2024-exomiser-13-1-0-dh1-vs4,rare-reanalysis-20261009-source-vestito2024-supp,"Supplementary Table 1 line 35, columns 'Diff human score' and 'Var score'",0.1; 0.4,configuration_attribute
rare-reanalysis-20261009-config-vestito2024-exomiser-13-1-0-dh1-vs5,rare-reanalysis-20261009-source-vestito2024-supp,"Supplementary Table 1 line 31, columns 'Diff human score' and 'Var score'",0.1; 0.5,configuration_attribute
rare-reanalysis-20261009-config-vestito2024-exomiser-13-1-0-dh1-vs6,rare-reanalysis-20261009-source-vestito2024-supp,"Supplementary Table 1 line 20, columns 'Diff human score' and 'Var score'",0.1; 0.6,configuration_attribute
rare-reanalysis-20261009-config-vestito2024-exomiser-13-1-0-dh1-vs7,rare-reanalysis-20261009-source-vestito2024-supp,"Supplementary Table 1 line 22, columns 'Diff human score' and 'Var score'",0.1; 0.7,configuration_attribute
rare-reanalysis-20261009-config-vestito2024-exomiser-13-1-0-dh1-vs8,rare-reanalysis-20261009-source-vestito2024-supp,"Supplementary Table 1 line 4, columns 'Diff human score' and 'Var score'",0.1; 0.8,configuration_attribute
rare-reanalysis-20261009-config-vestito2024-exomiser-13-1-0-dh1-vs9,rare-reanalysis-20261009-source-vestito2024-supp,"Supplementary Table 1 line 7, columns 'Diff human score' and 'Var score'",0.1; 0.9,configuration_attribute
rare-reanalysis-20261009-config-vestito2024-exomiser-13-1-0-dh2-vs1,rare-reanalysis-20261009-source-vestito2024-supp,"Supplementary Table 1 line 52, columns 'Diff human score' and 'Var score'",0.2; 0.1,configuration_attribute
rare-reanalysis-20261009-config-vestito2024-exomiser-13-1-0-dh2-vs2,rare-reanalysis-20261009-source-vestito2024-supp,"Supplementary Table 1 line 43, columns 'Diff human score' and 'Var score'",0.2; 0.2,configuration_attribute
rare-reanalysis-20261009-config-vestito2024-exomiser-13-1-0-dh2-vs3,rare-reanalysis-20261009-source-vestito2024-supp,"Supplementary Table 1 line 38, columns 'Diff human score' and 'Var score'",0.2; 0.3,configuration_attribute
rare-reanalysis-20261009-config-vestito2024-exomiser-13-1-0-dh2-vs4,rare-reanalysis-20261009-source-vestito2024-supp,"Supplementary Table 1 line 32, columns 'Diff human score' and 'Var score'",0.2; 0.4,configuration_attribute
rare-reanalysis-20261009-config-vestito2024-exomiser-13-1-0-dh2-vs5,rare-reanalysis-20261009-source-vestito2024-supp,"Supplementary Table 1 line 27, columns 'Diff human score' and 'Var score'",0.2; 0.5,configuration_attribute
rare-reanalysis-20261009-config-vestito2024-exomiser-13-1-0-dh2-vs6,rare-reanalysis-20261009-source-vestito2024-supp,"Supplementary Table 1 line 15, columns 'Diff human score' and 'Var score'",0.2; 0.6,configuration_attribute
rare-reanalysis-20261009-config-vestito2024-exomiser-13-1-0-dh2-vs7,rare-reanalysis-20261009-source-vestito2024-supp,"Supplementary Table 1 line 16, columns 'Diff human score' and 'Var score'",0.2; 0.7,configuration_attribute
rare-reanalysis-20261009-config-vestito2024-exomiser-13-1-0-dh2-vs8,rare-reanalysis-20261009-source-vestito2024-supp,"Supplementary Table 1 line 2, columns 'Diff human score' and 'Var score'",0.2; 0.8,configuration_attribute
rare-reanalysis-20261009-config-vestito2024-exomiser-13-1-0-dh2-vs9,rare-reanalysis-20261009-source-vestito2024-supp,"Supplementary Table 1 line 6, columns 'Diff human score' and 'Var score'",0.2; 0.9,configuration_attribute
rare-reanalysis-20261009-config-vestito2024-exomiser-13-1-0-dh3-vs1,rare-reanalysis-20261009-source-vestito2024-supp,"Supplementary Table 1 line 45, columns 'Diff human score' and 'Var score'",0.3; 0.1,configuration_attribute
rare-reanalysis-20261009-config-vestito2024-exomiser-13-1-0-dh3-vs2,rare-reanalysis-20261009-source-vestito2024-supp,"Supplementary Table 1 line 39, columns 'Diff human score' and 'Var score'",0.3; 0.2,configuration_attribute
rare-reanalysis-20261009-config-vestito2024-exomiser-13-1-0-dh3-vs3,rare-reanalysis-20261009-source-vestito2024-supp,"Supplementary Table 1 line 33, columns 'Diff human score' and 'Var score'",0.3; 0.3,configuration_attribute
rare-reanalysis-20261009-config-vestito2024-exomiser-13-1-0-dh3-vs4,rare-reanalysis-20261009-source-vestito2024-supp,"Supplementary Table 1 line 25, columns 'Diff human score' and 'Var score'",0.3; 0.4,configuration_attribute
rare-reanalysis-20261009-config-vestito2024-exomiser-13-1-0-dh3-vs5,rare-reanalysis-20261009-source-vestito2024-supp,"Supplementary Table 1 line 23, columns 'Diff human score' and 'Var score'",0.3; 0.5,configuration_attribute
rare-reanalysis-20261009-config-vestito2024-exomiser-13-1-0-dh3-vs6,rare-reanalysis-20261009-source-vestito2024-supp,"Supplementary Table 1 line 9, columns 'Diff human score' and 'Var score'",0.3; 0.6,configuration_attribute
rare-reanalysis-20261009-config-vestito2024-exomiser-13-1-0-dh3-vs7,rare-reanalysis-20261009-source-vestito2024-supp,"Supplementary Table 1 line 8, columns 'Diff human score' and 'Var score'",0.3; 0.7,configuration_attribute
rare-reanalysis-20261009-config-vestito2024-exomiser-13-1-0-dh3-vs8,rare-reanalysis-20261009-source-vestito2024-supp,"Supplementary Table 1 line 3, columns 'Diff human score' and 'Var score'",0.3; 0.8,configuration_attribute
rare-reanalysis-20261009-config-vestito2024-exomiser-13-1-0-dh3-vs9,rare-reanalysis-20261009-source-vestito2024-supp,"Supplementary Table 1 line 12, columns 'Diff human score' and 'Var score'",0.3; 0.9,configuration_attribute
rare-reanalysis-20261009-config-vestito2024-exomiser-13-1-0-dh4-vs1,rare-reanalysis-20261009-source-vestito2024-supp,"Supplementary Table 1 line 40, columns 'Diff human score' and 'Var score'",0.4; 0.1,configuration_attribute
rare-reanalysis-20261009-config-vestito2024-exomiser-13-1-0-dh4-vs2,rare-reanalysis-20261009-source-vestito2024-supp,"Supplementary Table 1 line 37, columns 'Diff human score' and 'Var score'",0.4; 0.2,configuration_attribute
rare-reanalysis-20261009-config-vestito2024-exomiser-13-1-0-dh4-vs3,rare-reanalysis-20261009-source-vestito2024-supp,"Supplementary Table 1 line 30, columns 'Diff human score' and 'Var score'",0.4; 0.3,configuration_attribute
rare-reanalysis-20261009-config-vestito2024-exomiser-13-1-0-dh4-vs4,rare-reanalysis-20261009-source-vestito2024-supp,"Supplementary Table 1 line 21, columns 'Diff human score' and 'Var score'",0.4; 0.4,configuration_attribute
rare-reanalysis-20261009-config-vestito2024-exomiser-13-1-0-dh4-vs5,rare-reanalysis-20261009-source-vestito2024-supp,"Supplementary Table 1 line 18, columns 'Diff human score' and 'Var score'",0.4; 0.5,configuration_attribute
rare-reanalysis-20261009-config-vestito2024-exomiser-13-1-0-dh4-vs6,rare-reanalysis-20261009-source-vestito2024-supp,"Supplementary Table 1 line 11, columns 'Diff human score' and 'Var score'",0.4; 0.6,configuration_attribute
rare-reanalysis-20261009-config-vestito2024-exomiser-13-1-0-dh4-vs7,rare-reanalysis-20261009-source-vestito2024-supp,"Supplementary Table 1 line 13, columns 'Diff human score' and 'Var score'",0.4; 0.7,configuration_attribute
rare-reanalysis-20261009-config-vestito2024-exomiser-13-1-0-dh4-vs8,rare-reanalysis-20261009-source-vestito2024-supp,"Supplementary Table 1 line 5, columns 'Diff human score' and 'Var score'",0.4; 0.8,configuration_attribute
rare-reanalysis-20261009-config-vestito2024-exomiser-13-1-0-dh4-vs9,rare-reanalysis-20261009-source-vestito2024-supp,"Supplementary Table 1 line 28, columns 'Diff human score' and 'Var score'",0.4; 0.9,configuration_attribute
rare-reanalysis-20261009-config-vestito2024-exomiser-13-1-0-dh5-vs1,rare-reanalysis-20261009-source-vestito2024-supp,"Supplementary Table 1 line 36, columns 'Diff human score' and 'Var score'",0.5; 0.1,configuration_attribute
rare-reanalysis-20261009-config-vestito2024-exomiser-13-1-0-dh5-vs2,rare-reanalysis-20261009-source-vestito2024-supp,"Supplementary Table 1 line 29, columns 'Diff human score' and 'Var score'",0.5; 0.2,configuration_attribute
rare-reanalysis-20261009-config-vestito2024-exomiser-13-1-0-dh5-vs3,rare-reanalysis-20261009-source-vestito2024-supp,"Supplementary Table 1 line 26, columns 'Diff human score' and 'Var score'",0.5; 0.3,configuration_attribute
rare-reanalysis-20261009-config-vestito2024-exomiser-13-1-0-dh5-vs4,rare-reanalysis-20261009-source-vestito2024-supp,"Supplementary Table 1 line 17, columns 'Diff human score' and 'Var score'",0.5; 0.4,configuration_attribute
rare-reanalysis-20261009-config-vestito2024-exomiser-13-1-0-dh5-vs5,rare-reanalysis-20261009-source-vestito2024-supp,"Supplementary Table 1 line 14, columns 'Diff human score' and 'Var score'",0.5; 0.5,configuration_attribute
rare-reanalysis-20261009-config-vestito2024-exomiser-13-1-0-dh5-vs6,rare-reanalysis-20261009-source-vestito2024-supp,"Supplementary Table 1 line 10, columns 'Diff human score' and 'Var score'",0.5; 0.6,configuration_attribute
rare-reanalysis-20261009-config-vestito2024-exomiser-13-1-0-dh5-vs7,rare-reanalysis-20261009-source-vestito2024-supp,"Supplementary Table 1 line 24, columns 'Diff human score' and 'Var score'",0.5; 0.7,configuration_attribute
rare-reanalysis-20261009-config-vestito2024-exomiser-13-1-0-dh5-vs8,rare-reanalysis-20261009-source-vestito2024-supp,"Supplementary Table 1 line 19, columns 'Diff human score' and 'Var score'",0.5; 0.8,configuration_attribute
rare-reanalysis-20261009-config-vestito2024-exomiser-13-1-0-dh5-vs9,rare-reanalysis-20261009-source-vestito2024-supp,"Supplementary Table 1 line 34, columns 'Diff human score' and 'Var score'",0.5; 0.9,configuration_attribute
rare-reanalysis-20261009-config-vestito2024-exomiser-13-1-0-dh6-vs1,rare-reanalysis-20261009-source-vestito2024-supp,"Supplementary Table 1 line 53, columns 'Diff human score' and 'Var score'",0.6; 0.1,configuration_attribute
rare-reanalysis-20261009-config-vestito2024-exomiser-13-1-0-dh6-vs2,rare-reanalysis-20261009-source-vestito2024-supp,"Supplementary Table 1 line 49, columns 'Diff human score' and 'Var score'",0.6; 0.2,configuration_attribute
rare-reanalysis-20261009-config-vestito2024-exomiser-13-1-0-dh6-vs3,rare-reanalysis-20261009-source-vestito2024-supp,"Supplementary Table 1 line 48, columns 'Diff human score' and 'Var score'",0.6; 0.3,configuration_attribute
rare-reanalysis-20261009-config-vestito2024-exomiser-13-1-0-dh6-vs4,rare-reanalysis-20261009-source-vestito2024-supp,"Supplementary Table 1 line 46, columns 'Diff human score' and 'Var score'",0.6; 0.4,configuration_attribute
rare-reanalysis-20261009-config-vestito2024-exomiser-13-1-0-dh6-vs5,rare-reanalysis-20261009-source-vestito2024-supp,"Supplementary Table 1 line 44, columns 'Diff human score' and 'Var score'",0.6; 0.5,configuration_attribute
rare-reanalysis-20261009-config-vestito2024-exomiser-13-1-0-dh6-vs6,rare-reanalysis-20261009-source-vestito2024-supp,"Supplementary Table 1 line 42, columns 'Diff human score' and 'Var score'",0.6; 0.6,configuration_attribute
rare-reanalysis-20261009-config-vestito2024-exomiser-13-1-0-dh6-vs7,rare-reanalysis-20261009-source-vestito2024-supp,"Supplementary Table 1 line 50, columns 'Diff human score' and 'Var score'",0.6; 0.7,configuration_attribute
rare-reanalysis-20261009-config-vestito2024-exomiser-13-1-0-dh6-vs8,rare-reanalysis-20261009-source-vestito2024-supp,"Supplementary Table 1 line 51, columns 'Diff human score' and 'Var score'",0.6; 0.8,configuration_attribute
rare-reanalysis-20261009-config-vestito2024-exomiser-13-1-0-dh6-vs9,rare-reanalysis-20261009-source-vestito2024-supp,"Supplementary Table 1 line 55, columns 'Diff human score' and 'Var score'",0.6; 0.9,configuration_attribute
rare-reanalysis-20261009-config-vestito2024-exomiser-13-1-0-dh7-vs1,rare-reanalysis-20261009-source-vestito2024-supp,"Supplementary Table 1 line 61, columns 'Diff human score' and 'Var score'",0.7; 0.1,configuration_attribute
rare-reanalysis-20261009-config-vestito2024-exomiser-13-1-0-dh7-vs2,rare-reanalysis-20261009-source-vestito2024-supp,"Supplementary Table 1 line 60, columns 'Diff human score' and 'Var score'",0.7; 0.2,configuration_attribute
rare-reanalysis-20261009-config-vestito2024-exomiser-13-1-0-dh7-vs3,rare-reanalysis-20261009-source-vestito2024-supp,"Supplementary Table 1 line 59, columns 'Diff human score' and 'Var score'",0.7; 0.3,configuration_attribute
rare-reanalysis-20261009-config-vestito2024-exomiser-13-1-0-dh7-vs4,rare-reanalysis-20261009-source-vestito2024-supp,"Supplementary Table 1 line 58, columns 'Diff human score' and 'Var score'",0.7; 0.4,configuration_attribute
rare-reanalysis-20261009-config-vestito2024-exomiser-13-1-0-dh7-vs5,rare-reanalysis-20261009-source-vestito2024-supp,"Supplementary Table 1 line 57, columns 'Diff human score' and 'Var score'",0.7; 0.5,configuration_attribute
rare-reanalysis-20261009-config-vestito2024-exomiser-13-1-0-dh7-vs6,rare-reanalysis-20261009-source-vestito2024-supp,"Supplementary Table 1 line 56, columns 'Diff human score' and 'Var score'",0.7; 0.6,configuration_attribute
rare-reanalysis-20261009-config-vestito2024-exomiser-13-1-0-dh7-vs7,rare-reanalysis-20261009-source-vestito2024-supp,"Supplementary Table 1 line 62, columns 'Diff human score' and 'Var score'",0.7; 0.7,configuration_attribute
rare-reanalysis-20261009-config-vestito2024-exomiser-13-1-0-dh7-vs8,rare-reanalysis-20261009-source-vestito2024-supp,"Supplementary Table 1 line 64, columns 'Diff human score' and 'Var score'",0.7; 0.8,configuration_attribute
rare-reanalysis-20261009-config-vestito2024-exomiser-13-1-0-dh7-vs9,rare-reanalysis-20261009-source-vestito2024-supp,"Supplementary Table 1 line 63, columns 'Diff human score' and 'Var score'",0.7; 0.9,configuration_attribute
rare-reanalysis-20261009-config-vestito2024-exomiser-13-1-0-dh8-vs1,rare-reanalysis-20261009-source-vestito2024-supp,"Supplementary Table 1 line 73, columns 'Diff human score' and 'Var score'",0.8; 0.1,configuration_attribute
rare-reanalysis-20261009-config-vestito2024-exomiser-13-1-0-dh8-vs2,rare-reanalysis-20261009-source-vestito2024-supp,"Supplementary Table 1 line 71, columns 'Diff human score' and 'Var score'",0.8; 0.2,configuration_attribute
rare-reanalysis-20261009-config-vestito2024-exomiser-13-1-0-dh8-vs3,rare-reanalysis-20261009-source-vestito2024-supp,"Supplementary Table 1 line 72, columns 'Diff human score' and 'Var score'",0.8; 0.3,configuration_attribute
rare-reanalysis-20261009-config-vestito2024-exomiser-13-1-0-dh8-vs4,rare-reanalysis-20261009-source-vestito2024-supp,"Supplementary Table 1 line 70, columns 'Diff human score' and 'Var score'",0.8; 0.4,configuration_attribute
rare-reanalysis-20261009-config-vestito2024-exomiser-13-1-0-dh8-vs5,rare-reanalysis-20261009-source-vestito2024-supp,"Supplementary Table 1 line 69, columns 'Diff human score' and 'Var score'",0.8; 0.5,configuration_attribute
rare-reanalysis-20261009-config-vestito2024-exomiser-13-1-0-dh8-vs6,rare-reanalysis-20261009-source-vestito2024-supp,"Supplementary Table 1 line 67, columns 'Diff human score' and 'Var score'",0.8; 0.6,configuration_attribute
rare-reanalysis-20261009-config-vestito2024-exomiser-13-1-0-dh8-vs7,rare-reanalysis-20261009-source-vestito2024-supp,"Supplementary Table 1 line 68, columns 'Diff human score' and 'Var score'",0.8; 0.7,configuration_attribute
rare-reanalysis-20261009-config-vestito2024-exomiser-13-1-0-dh8-vs8,rare-reanalysis-20261009-source-vestito2024-supp,"Supplementary Table 1 line 66, columns 'Diff human score' and 'Var score'",0.8; 0.8,configuration_attribute
rare-reanalysis-20261009-config-vestito2024-exomiser-13-1-0-dh8-vs9,rare-reanalysis-20261009-source-vestito2024-supp,"Supplementary Table 1 line 65, columns 'Diff human score' and 'Var score'",0.8; 0.9,configuration_attribute
rare-reanalysis-20261009-config-vestito2024-exomiser-13-1-0-dh9-vs1,rare-reanalysis-20261009-source-vestito2024-supp,"Supplementary Table 1 line 82, columns 'Diff human score' and 'Var score'",0.9; 0.1,configuration_attribute
rare-reanalysis-20261009-config-vestito2024-exomiser-13-1-0-dh9-vs2,rare-reanalysis-20261009-source-vestito2024-supp,"Supplementary Table 1 line 80, columns 'Diff human score' and 'Var score'",0.9; 0.2,configuration_attribute
rare-reanalysis-20261009-config-vestito2024-exomiser-13-1-0-dh9-vs3,rare-reanalysis-20261009-source-vestito2024-supp,"Supplementary Table 1 line 81, columns 'Diff human score' and 'Var score'",0.9; 0.3,configuration_attribute
rare-reanalysis-20261009-config-vestito2024-exomiser-13-1-0-dh9-vs4,rare-reanalysis-20261009-source-vestito2024-supp,"Supplementary Table 1 line 78, columns 'Diff human score' and 'Var score'",0.9; 0.4,configuration_attribute
rare-reanalysis-20261009-config-vestito2024-exomiser-13-1-0-dh9-vs5,rare-reanalysis-20261009-source-vestito2024-supp,"Supplementary Table 1 line 79, columns 'Diff human score' and 'Var score'",0.9; 0.5,configuration_attribute
rare-reanalysis-20261009-config-vestito2024-exomiser-13-1-0-dh9-vs6,rare-reanalysis-20261009-source-vestito2024-supp,"Supplementary Table 1 line 76, columns 'Diff human score' and 'Var score'",0.9; 0.6,configuration_attribute
rare-reanalysis-20261009-config-vestito2024-exomiser-13-1-0-dh9-vs7,rare-reanalysis-20261009-source-vestito2024-supp,"Supplementary Table 1 line 77, columns 'Diff human score' and 'Var score'",0.9; 0.7,configuration_attribute
rare-reanalysis-20261009-config-vestito2024-exomiser-13-1-0-dh9-vs8,rare-reanalysis-20261009-source-vestito2024-supp,"Supplementary Table 1 line 75, columns 'Diff human score' and 'Var score'",0.9; 0.8,configuration_attribute
rare-reanalysis-20261009-config-vestito2024-exomiser-13-1-0-dh9-vs9,rare-reanalysis-20261009-source-vestito2024-supp,"Supplementary Table 1 line 74, columns 'Diff human score' and 'Var score'",0.9; 0.9,configuration_attribute
rare-reanalysis-20261009-result-demidov2024-clincnv-cn-gt4,rare-reanalysis-20261009-source-demidov2024,"Table 1, row 'ClinCNV', column '>4' (value outside brackets)",28 (2),result
rare-reanalysis-20261009-result-demidov2024-clincnv-cn-gt4-sex-chromosomes,rare-reanalysis-20261009-source-demidov2024,"Table 1, row 'ClinCNV', column '>4' (value in brackets)",28 (2),result
rare-reanalysis-20261009-result-demidov2024-clincnv-cn0,rare-reanalysis-20261009-source-demidov2024,"Table 1, row 'ClinCNV', column '0' (value outside brackets)",283 (206),result
rare-reanalysis-20261009-result-demidov2024-clincnv-cn0-sex-chromosomes,rare-reanalysis-20261009-source-demidov2024,"Table 1, row 'ClinCNV', column '0' (value in brackets)",283 (206),result
rare-reanalysis-20261009-result-demidov2024-clincnv-cn1,rare-reanalysis-20261009-source-demidov2024,"Table 1, row 'ClinCNV', column '1' (value outside brackets)","1,203 (64)",result
rare-reanalysis-20261009-result-demidov2024-clincnv-cn1-sex-chromosomes,rare-reanalysis-20261009-source-demidov2024,"Table 1, row 'ClinCNV', column '1' (value in brackets)","1,203 (64)",result
rare-reanalysis-20261009-result-demidov2024-clincnv-cn2,rare-reanalysis-20261009-source-demidov2024,"Table 1, row 'ClinCNV', column '2' (value outside brackets)",99 (99),result
rare-reanalysis-20261009-result-demidov2024-clincnv-cn2-sex-chromosomes,rare-reanalysis-20261009-source-demidov2024,"Table 1, row 'ClinCNV', column '2' (value in brackets)",99 (99),result
rare-reanalysis-20261009-result-demidov2024-clincnv-cn3,rare-reanalysis-20261009-source-demidov2024,"Table 1, row 'ClinCNV', column '3' (value outside brackets)",776 (29),result
rare-reanalysis-20261009-result-demidov2024-clincnv-cn3-sex-chromosomes,rare-reanalysis-20261009-source-demidov2024,"Table 1, row 'ClinCNV', column '3' (value in brackets)",776 (29),result
rare-reanalysis-20261009-result-demidov2024-clincnv-cn4,rare-reanalysis-20261009-source-demidov2024,"Table 1, row 'ClinCNV', column '4' (value outside brackets)",145 (1),result
rare-reanalysis-20261009-result-demidov2024-clincnv-cn4-sex-chromosomes,rare-reanalysis-20261009-source-demidov2024,"Table 1, row 'ClinCNV', column '4' (value in brackets)",145 (1),result
rare-reanalysis-20261009-result-demidov2024-clincnv-long,rare-reanalysis-20261009-source-demidov2024,"Table 1, row 'ClinCNV', column 'Long' (value outside brackets)",248 (68),result
rare-reanalysis-20261009-result-demidov2024-clincnv-long-sex-chromosomes,rare-reanalysis-20261009-source-demidov2024,"Table 1, row 'ClinCNV', column 'Long' (value in brackets)",248 (68),result
rare-reanalysis-20261009-result-demidov2024-clincnv-s4-all,rare-reanalysis-20261009-source-demidov2024-supp,"Supplementary Table 4 (page with heading 'Supplementary Table 4'), row 'ClinCNV', column 'all CNVs returned for interpretation'",2.782,result
rare-reanalysis-20261009-result-demidov2024-clincnv-s4-deletions,rare-reanalysis-20261009-source-demidov2024-supp,"Supplementary Table 4 (page with heading 'Supplementary Table 4'), row 'ClinCNV', column 'deletions returned for interpretation'",1.561,result
rare-reanalysis-20261009-result-demidov2024-clincnv-s4-duplications,rare-reanalysis-20261009-source-demidov2024-supp,"Supplementary Table 4 (page with heading 'Supplementary Table 4'), row 'ClinCNV', column 'duplications returned for interpretation'",1.221,result
rare-reanalysis-20261009-result-demidov2024-clincnv-s4-share-duplications,rare-reanalysis-20261009-source-demidov2024-supp,"Supplementary Table 4 (page with heading 'Supplementary Table 4'), row 'ClinCNV', column 'share of this caller's calls that are duplications'","0,44",result
rare-reanalysis-20261009-result-demidov2024-clincnv-s4-share-of-all,rare-reanalysis-20261009-source-demidov2024-supp,"Supplementary Table 4 (page with heading 'Supplementary Table 4'), row 'ClinCNV', column 'share of all CNV calls contributed by this caller'","0,35",result
rare-reanalysis-20261009-result-demidov2024-clincnv-total,rare-reanalysis-20261009-source-demidov2024,"Table 1, row 'ClinCNV', column 'Total' (value outside brackets)","2,782 (469)",result
rare-reanalysis-20261009-result-demidov2024-clincnv-total-sex-chromosomes,rare-reanalysis-20261009-source-demidov2024,"Table 1, row 'ClinCNV', column 'Total' (value in brackets)","2,782 (469)",result
rare-reanalysis-20261009-result-demidov2024-conifer-cn-gt4,rare-reanalysis-20261009-source-demidov2024,"Table 1, row 'Conifer', column '>4' (value outside brackets)",0 (0),result
rare-reanalysis-20261009-result-demidov2024-conifer-cn-gt4-sex-chromosomes,rare-reanalysis-20261009-source-demidov2024,"Table 1, row 'Conifer', column '>4' (value in brackets)",0 (0),result
rare-reanalysis-20261009-result-demidov2024-conifer-cn0,rare-reanalysis-20261009-source-demidov2024,"Table 1, row 'Conifer', column '0' (value outside brackets)",5 (4),result
rare-reanalysis-20261009-result-demidov2024-conifer-cn0-sex-chromosomes,rare-reanalysis-20261009-source-demidov2024,"Table 1, row 'Conifer', column '0' (value in brackets)",5 (4),result
rare-reanalysis-20261009-result-demidov2024-conifer-cn1,rare-reanalysis-20261009-source-demidov2024,"Table 1, row 'Conifer', column '1' (value outside brackets)",65 (0),result
rare-reanalysis-20261009-result-demidov2024-conifer-cn1-sex-chromosomes,rare-reanalysis-20261009-source-demidov2024,"Table 1, row 'Conifer', column '1' (value in brackets)",65 (0),result
rare-reanalysis-20261009-result-demidov2024-conifer-cn2,rare-reanalysis-20261009-source-demidov2024,"Table 1, row 'Conifer', column '2' (value outside brackets)",20 (20),result
rare-reanalysis-20261009-result-demidov2024-conifer-cn2-sex-chromosomes,rare-reanalysis-20261009-source-demidov2024,"Table 1, row 'Conifer', column '2' (value in brackets)",20 (20),result
rare-reanalysis-20261009-result-demidov2024-conifer-cn3,rare-reanalysis-20261009-source-demidov2024,"Table 1, row 'Conifer', column '3' (value outside brackets)",246 (5),result
rare-reanalysis-20261009-result-demidov2024-conifer-cn3-sex-chromosomes,rare-reanalysis-20261009-source-demidov2024,"Table 1, row 'Conifer', column '3' (value in brackets)",246 (5),result
rare-reanalysis-20261009-result-demidov2024-conifer-cn4,rare-reanalysis-20261009-source-demidov2024,"Table 1, row 'Conifer', column '4' (value outside brackets)",0 (0),result
rare-reanalysis-20261009-result-demidov2024-conifer-cn4-sex-chromosomes,rare-reanalysis-20261009-source-demidov2024,"Table 1, row 'Conifer', column '4' (value in brackets)",0 (0),result
rare-reanalysis-20261009-result-demidov2024-conifer-long,rare-reanalysis-20261009-source-demidov2024,"Table 1, row 'Conifer', column 'Long' (value outside brackets)",526 (14),result
rare-reanalysis-20261009-result-demidov2024-conifer-long-sex-chromosomes,rare-reanalysis-20261009-source-demidov2024,"Table 1, row 'Conifer', column 'Long' (value in brackets)",526 (14),result
rare-reanalysis-20261009-result-demidov2024-conifer-s4-all,rare-reanalysis-20261009-source-demidov2024-supp,"Supplementary Table 4 (page with heading 'Supplementary Table 4'), row 'Conifer', column 'all CNVs returned for interpretation'",862,result
rare-reanalysis-20261009-result-demidov2024-conifer-s4-deletions,rare-reanalysis-20261009-source-demidov2024-supp,"Supplementary Table 4 (page with heading 'Supplementary Table 4'), row 'Conifer', column 'deletions returned for interpretation'",233,result
rare-reanalysis-20261009-result-demidov2024-conifer-s4-duplications,rare-reanalysis-20261009-source-demidov2024-supp,"Supplementary Table 4 (page with heading 'Supplementary Table 4'), row 'Conifer', column 'duplications returned for interpretation'",629,result
rare-reanalysis-20261009-result-demidov2024-conifer-s4-share-duplications,rare-reanalysis-20261009-source-demidov2024-supp,"Supplementary Table 4 (page with heading 'Supplementary Table 4'), row 'Conifer', column 'share of this caller's calls that are duplications'","0,73",result
rare-reanalysis-20261009-result-demidov2024-conifer-s4-share-of-all,rare-reanalysis-20261009-source-demidov2024-supp,"Supplementary Table 4 (page with heading 'Supplementary Table 4'), row 'Conifer', column 'share of all CNV calls contributed by this caller'","0,11",result
rare-reanalysis-20261009-result-demidov2024-conifer-total,rare-reanalysis-20261009-source-demidov2024,"Table 1, row 'Conifer', column 'Total' (value outside brackets)",862 (43),result
rare-reanalysis-20261009-result-demidov2024-conifer-total-sex-chromosomes,rare-reanalysis-20261009-source-demidov2024,"Table 1, row 'Conifer', column 'Total' (value in brackets)",862 (43),result
rare-reanalysis-20261009-result-demidov2024-exomedepth-cn-gt4,rare-reanalysis-20261009-source-demidov2024,"Table 1, row 'ExomeDepth', column '>4' (value outside brackets)",23 (9),result
rare-reanalysis-20261009-result-demidov2024-exomedepth-cn-gt4-sex-chromosomes,rare-reanalysis-20261009-source-demidov2024,"Table 1, row 'ExomeDepth', column '>4' (value in brackets)",23 (9),result
rare-reanalysis-20261009-result-demidov2024-exomedepth-cn0,rare-reanalysis-20261009-source-demidov2024,"Table 1, row 'ExomeDepth', column '0' (value outside brackets)",218 (28),result
rare-reanalysis-20261009-result-demidov2024-exomedepth-cn0-sex-chromosomes,rare-reanalysis-20261009-source-demidov2024,"Table 1, row 'ExomeDepth', column '0' (value in brackets)",218 (28),result
rare-reanalysis-20261009-result-demidov2024-exomedepth-cn1,rare-reanalysis-20261009-source-demidov2024,"Table 1, row 'ExomeDepth', column '1' (value outside brackets)",1342 (90),result
rare-reanalysis-20261009-result-demidov2024-exomedepth-cn1-sex-chromosomes,rare-reanalysis-20261009-source-demidov2024,"Table 1, row 'ExomeDepth', column '1' (value in brackets)",1342 (90),result
rare-reanalysis-20261009-result-demidov2024-exomedepth-cn2,rare-reanalysis-20261009-source-demidov2024,"Table 1, row 'ExomeDepth', column '2' (value outside brackets)",38 (38),result
rare-reanalysis-20261009-result-demidov2024-exomedepth-cn2-sex-chromosomes,rare-reanalysis-20261009-source-demidov2024,"Table 1, row 'ExomeDepth', column '2' (value in brackets)",38 (38),result
rare-reanalysis-20261009-result-demidov2024-exomedepth-cn3,rare-reanalysis-20261009-source-demidov2024,"Table 1, row 'ExomeDepth', column '3' (value outside brackets)",1948 (64),result
rare-reanalysis-20261009-result-demidov2024-exomedepth-cn3-sex-chromosomes,rare-reanalysis-20261009-source-demidov2024,"Table 1, row 'ExomeDepth', column '3' (value in brackets)",1948 (64),result
rare-reanalysis-20261009-result-demidov2024-exomedepth-cn4,rare-reanalysis-20261009-source-demidov2024,"Table 1, row 'ExomeDepth', column '4' (value outside brackets)",134 (4),result
rare-reanalysis-20261009-result-demidov2024-exomedepth-cn4-sex-chromosomes,rare-reanalysis-20261009-source-demidov2024,"Table 1, row 'ExomeDepth', column '4' (value in brackets)",134 (4),result
rare-reanalysis-20261009-result-demidov2024-exomedepth-long,rare-reanalysis-20261009-source-demidov2024,"Table 1, row 'ExomeDepth', column 'Long' (value outside brackets)",502 (31),result
rare-reanalysis-20261009-result-demidov2024-exomedepth-long-sex-chromosomes,rare-reanalysis-20261009-source-demidov2024,"Table 1, row 'ExomeDepth', column 'Long' (value in brackets)",502 (31),result
rare-reanalysis-20261009-result-demidov2024-exomedepth-s4-all,rare-reanalysis-20261009-source-demidov2024-supp,"Supplementary Table 4 (page with heading 'Supplementary Table 4'), row 'ExomeDepth', column 'all CNVs returned for interpretation'",4.205,result
rare-reanalysis-20261009-result-demidov2024-exomedepth-s4-deletions,rare-reanalysis-20261009-source-demidov2024-supp,"Supplementary Table 4 (page with heading 'Supplementary Table 4'), row 'ExomeDepth', column 'deletions returned for interpretation'",1.693,result
rare-reanalysis-20261009-result-demidov2024-exomedepth-s4-duplications,rare-reanalysis-20261009-source-demidov2024-supp,"Supplementary Table 4 (page with heading 'Supplementary Table 4'), row 'ExomeDepth', column 'duplications returned for interpretation'",2.512,result
rare-reanalysis-20261009-result-demidov2024-exomedepth-s4-share-duplications,rare-reanalysis-20261009-source-demidov2024-supp,"Supplementary Table 4 (page with heading 'Supplementary Table 4'), row 'ExomeDepth', column 'share of this caller's calls that are duplications'","0,60",result
rare-reanalysis-20261009-result-demidov2024-exomedepth-s4-share-of-all,rare-reanalysis-20261009-source-demidov2024-supp,"Supplementary Table 4 (page with heading 'Supplementary Table 4'), row 'ExomeDepth', column 'share of all CNV calls contributed by this caller'","0,54",result
rare-reanalysis-20261009-result-demidov2024-exomedepth-total,rare-reanalysis-20261009-source-demidov2024,"Table 1, row 'ExomeDepth', column 'Total' (value outside brackets)","4,205 (264)",result
rare-reanalysis-20261009-result-demidov2024-exomedepth-total-sex-chromosomes,rare-reanalysis-20261009-source-demidov2024,"Table 1, row 'ExomeDepth', column 'Total' (value in brackets)","4,205 (264)",result
rare-reanalysis-20261009-result-vestito2024-dh1-vs1-f1,rare-reanalysis-20261009-source-vestito2024-supp,"Supplementary Table 1 line 54 (Diff human score 0.1, Var score 0.1), column 'Fscore'",0.2890625,result
rare-reanalysis-20261009-result-vestito2024-dh1-vs1-f2,rare-reanalysis-20261009-source-vestito2024-supp,"Supplementary Table 1 line 54 (Diff human score 0.1, Var score 0.1), column 'F2score'",0.504087193,result
rare-reanalysis-20261009-result-vestito2024-dh1-vs1-fn,rare-reanalysis-20261009-source-vestito2024-supp,"Supplementary Table 1 line 54 (Diff human score 0.1, Var score 0.1), column 'FN'",0,result
rare-reanalysis-20261009-result-vestito2024-dh1-vs1-fp,rare-reanalysis-20261009-source-vestito2024-supp,"Supplementary Table 1 line 54 (Diff human score 0.1, Var score 0.1), column 'FP'",182,result
rare-reanalysis-20261009-result-vestito2024-dh1-vs1-precision,rare-reanalysis-20261009-source-vestito2024-supp,"Supplementary Table 1 line 54 (Diff human score 0.1, Var score 0.1), column 'precision'",0.168949772,result
rare-reanalysis-20261009-result-vestito2024-dh1-vs1-recall,rare-reanalysis-20261009-source-vestito2024-supp,"Supplementary Table 1 line 54 (Diff human score 0.1, Var score 0.1), column 'recall'",1,result
rare-reanalysis-20261009-result-vestito2024-dh1-vs1-tn,rare-reanalysis-20261009-source-vestito2024-supp,"Supplementary Table 1 line 54 (Diff human score 0.1, Var score 0.1), column 'TN'",1627,result
rare-reanalysis-20261009-result-vestito2024-dh1-vs1-tp,rare-reanalysis-20261009-source-vestito2024-supp,"Supplementary Table 1 line 54 (Diff human score 0.1, Var score 0.1), column 'TP'",37,result
rare-reanalysis-20261009-result-vestito2024-dh1-vs2-f1,rare-reanalysis-20261009-source-vestito2024-supp,"Supplementary Table 1 line 47 (Diff human score 0.1, Var score 0.2), column 'Fscore'",0.333333333,result
rare-reanalysis-20261009-result-vestito2024-dh1-vs2-f2,rare-reanalysis-20261009-source-vestito2024-supp,"Supplementary Table 1 line 47 (Diff human score 0.1, Var score 0.2), column 'F2score'",0.555555556,result
rare-reanalysis-20261009-result-vestito2024-dh1-vs2-fn,rare-reanalysis-20261009-source-vestito2024-supp,"Supplementary Table 1 line 47 (Diff human score 0.1, Var score 0.2), column 'FN'",0,result
rare-reanalysis-20261009-result-vestito2024-dh1-vs2-fp,rare-reanalysis-20261009-source-vestito2024-supp,"Supplementary Table 1 line 47 (Diff human score 0.1, Var score 0.2), column 'FP'",148,result
rare-reanalysis-20261009-result-vestito2024-dh1-vs2-precision,rare-reanalysis-20261009-source-vestito2024-supp,"Supplementary Table 1 line 47 (Diff human score 0.1, Var score 0.2), column 'precision'",0.2,result
rare-reanalysis-20261009-result-vestito2024-dh1-vs2-recall,rare-reanalysis-20261009-source-vestito2024-supp,"Supplementary Table 1 line 47 (Diff human score 0.1, Var score 0.2), column 'recall'",1,result
rare-reanalysis-20261009-result-vestito2024-dh1-vs2-tn,rare-reanalysis-20261009-source-vestito2024-supp,"Supplementary Table 1 line 47 (Diff human score 0.1, Var score 0.2), column 'TN'",1661,result
rare-reanalysis-20261009-result-vestito2024-dh1-vs2-tp,rare-reanalysis-20261009-source-vestito2024-supp,"Supplementary Table 1 line 47 (Diff human score 0.1, Var score 0.2), column 'TP'",37,result
rare-reanalysis-20261009-result-vestito2024-dh1-vs3-f1,rare-reanalysis-20261009-source-vestito2024-supp,"Supplementary Table 1 line 41 (Diff human score 0.1, Var score 0.3), column 'Fscore'",0.368159204,result
rare-reanalysis-20261009-result-vestito2024-dh1-vs3-f2,rare-reanalysis-20261009-source-vestito2024-supp,"Supplementary Table 1 line 41 (Diff human score 0.1, Var score 0.3), column 'F2score'",0.592948718,result
rare-reanalysis-20261009-result-vestito2024-dh1-vs3-fn,rare-reanalysis-20261009-source-vestito2024-supp,"Supplementary Table 1 line 41 (Diff human score 0.1, Var score 0.3), column 'FN'",0,result
rare-reanalysis-20261009-result-vestito2024-dh1-vs3-fp,rare-reanalysis-20261009-source-vestito2024-supp,"Supplementary Table 1 line 41 (Diff human score 0.1, Var score 0.3), column 'FP'",127,result
rare-reanalysis-20261009-result-vestito2024-dh1-vs3-precision,rare-reanalysis-20261009-source-vestito2024-supp,"Supplementary Table 1 line 41 (Diff human score 0.1, Var score 0.3), column 'precision'",0.225609756,result
rare-reanalysis-20261009-result-vestito2024-dh1-vs3-recall,rare-reanalysis-20261009-source-vestito2024-supp,"Supplementary Table 1 line 41 (Diff human score 0.1, Var score 0.3), column 'recall'",1,result
rare-reanalysis-20261009-result-vestito2024-dh1-vs3-tn,rare-reanalysis-20261009-source-vestito2024-supp,"Supplementary Table 1 line 41 (Diff human score 0.1, Var score 0.3), column 'TN'",1682,result
rare-reanalysis-20261009-result-vestito2024-dh1-vs3-tp,rare-reanalysis-20261009-source-vestito2024-supp,"Supplementary Table 1 line 41 (Diff human score 0.1, Var score 0.3), column 'TP'",37,result
rare-reanalysis-20261009-result-vestito2024-dh1-vs4-f1,rare-reanalysis-20261009-source-vestito2024-supp,"Supplementary Table 1 line 35 (Diff human score 0.1, Var score 0.4), column 'Fscore'",0.411111111,result
rare-reanalysis-20261009-result-vestito2024-dh1-vs4-f2,rare-reanalysis-20261009-source-vestito2024-supp,"Supplementary Table 1 line 35 (Diff human score 0.1, Var score 0.4), column 'F2score'",0.635738832,result
rare-reanalysis-20261009-result-vestito2024-dh1-vs4-fn,rare-reanalysis-20261009-source-vestito2024-supp,"Supplementary Table 1 line 35 (Diff human score 0.1, Var score 0.4), column 'FN'",0,result
rare-reanalysis-20261009-result-vestito2024-dh1-vs4-fp,rare-reanalysis-20261009-source-vestito2024-supp,"Supplementary Table 1 line 35 (Diff human score 0.1, Var score 0.4), column 'FP'",106,result
rare-reanalysis-20261009-result-vestito2024-dh1-vs4-precision,rare-reanalysis-20261009-source-vestito2024-supp,"Supplementary Table 1 line 35 (Diff human score 0.1, Var score 0.4), column 'precision'",0.258741259,result
rare-reanalysis-20261009-result-vestito2024-dh1-vs4-recall,rare-reanalysis-20261009-source-vestito2024-supp,"Supplementary Table 1 line 35 (Diff human score 0.1, Var score 0.4), column 'recall'",1,result
rare-reanalysis-20261009-result-vestito2024-dh1-vs4-tn,rare-reanalysis-20261009-source-vestito2024-supp,"Supplementary Table 1 line 35 (Diff human score 0.1, Var score 0.4), column 'TN'",1703,result
rare-reanalysis-20261009-result-vestito2024-dh1-vs4-tp,rare-reanalysis-20261009-source-vestito2024-supp,"Supplementary Table 1 line 35 (Diff human score 0.1, Var score 0.4), column 'TP'",37,result
rare-reanalysis-20261009-result-vestito2024-dh1-vs5-f1,rare-reanalysis-20261009-source-vestito2024-supp,"Supplementary Table 1 line 31 (Diff human score 0.1, Var score 0.5), column 'Fscore'",0.451612903,result
rare-reanalysis-20261009-result-vestito2024-dh1-vs5-f2,rare-reanalysis-20261009-source-vestito2024-supp,"Supplementary Table 1 line 31 (Diff human score 0.1, Var score 0.5), column 'F2score'",0.657894737,result
rare-reanalysis-20261009-result-vestito2024-dh1-vs5-fn,rare-reanalysis-20261009-source-vestito2024-supp,"Supplementary Table 1 line 31 (Diff human score 0.1, Var score 0.5), column 'FN'",2,result
rare-reanalysis-20261009-result-vestito2024-dh1-vs5-fp,rare-reanalysis-20261009-source-vestito2024-supp,"Supplementary Table 1 line 31 (Diff human score 0.1, Var score 0.5), column 'FP'",83,result
rare-reanalysis-20261009-result-vestito2024-dh1-vs5-precision,rare-reanalysis-20261009-source-vestito2024-supp,"Supplementary Table 1 line 31 (Diff human score 0.1, Var score 0.5), column 'precision'",0.296610169,result
rare-reanalysis-20261009-result-vestito2024-dh1-vs5-recall,rare-reanalysis-20261009-source-vestito2024-supp,"Supplementary Table 1 line 31 (Diff human score 0.1, Var score 0.5), column 'recall'",0.945945946,result
rare-reanalysis-20261009-result-vestito2024-dh1-vs5-tn,rare-reanalysis-20261009-source-vestito2024-supp,"Supplementary Table 1 line 31 (Diff human score 0.1, Var score 0.5), column 'TN'",1726,result
rare-reanalysis-20261009-result-vestito2024-dh1-vs5-tp,rare-reanalysis-20261009-source-vestito2024-supp,"Supplementary Table 1 line 31 (Diff human score 0.1, Var score 0.5), column 'TP'",35,result
rare-reanalysis-20261009-result-vestito2024-dh1-vs6-f1,rare-reanalysis-20261009-source-vestito2024-supp,"Supplementary Table 1 line 20 (Diff human score 0.1, Var score 0.6), column 'Fscore'",0.507462687,result
rare-reanalysis-20261009-result-vestito2024-dh1-vs6-f2,rare-reanalysis-20261009-source-vestito2024-supp,"Supplementary Table 1 line 20 (Diff human score 0.1, Var score 0.6), column 'F2score'",0.693877551,result
rare-reanalysis-20261009-result-vestito2024-dh1-vs6-fn,rare-reanalysis-20261009-source-vestito2024-supp,"Supplementary Table 1 line 20 (Diff human score 0.1, Var score 0.6), column 'FN'",3,result
rare-reanalysis-20261009-result-vestito2024-dh1-vs6-fp,rare-reanalysis-20261009-source-vestito2024-supp,"Supplementary Table 1 line 20 (Diff human score 0.1, Var score 0.6), column 'FP'",63,result
rare-reanalysis-20261009-result-vestito2024-dh1-vs6-precision,rare-reanalysis-20261009-source-vestito2024-supp,"Supplementary Table 1 line 20 (Diff human score 0.1, Var score 0.6), column 'precision'",0.350515464,result
rare-reanalysis-20261009-result-vestito2024-dh1-vs6-recall,rare-reanalysis-20261009-source-vestito2024-supp,"Supplementary Table 1 line 20 (Diff human score 0.1, Var score 0.6), column 'recall'",0.918918919,result
rare-reanalysis-20261009-result-vestito2024-dh1-vs6-tn,rare-reanalysis-20261009-source-vestito2024-supp,"Supplementary Table 1 line 20 (Diff human score 0.1, Var score 0.6), column 'TN'",1746,result
rare-reanalysis-20261009-result-vestito2024-dh1-vs6-tp,rare-reanalysis-20261009-source-vestito2024-supp,"Supplementary Table 1 line 20 (Diff human score 0.1, Var score 0.6), column 'TP'",34,result
rare-reanalysis-20261009-result-vestito2024-dh1-vs7-f1,rare-reanalysis-20261009-source-vestito2024-supp,"Supplementary Table 1 line 22 (Diff human score 0.1, Var score 0.7), column 'Fscore'",0.533333333,result
rare-reanalysis-20261009-result-vestito2024-dh1-vs7-f2,rare-reanalysis-20261009-source-vestito2024-supp,"Supplementary Table 1 line 22 (Diff human score 0.1, Var score 0.7), column 'F2score'",0.692640693,result
rare-reanalysis-20261009-result-vestito2024-dh1-vs7-fn,rare-reanalysis-20261009-source-vestito2024-supp,"Supplementary Table 1 line 22 (Diff human score 0.1, Var score 0.7), column 'FN'",5,result
rare-reanalysis-20261009-result-vestito2024-dh1-vs7-fp,rare-reanalysis-20261009-source-vestito2024-supp,"Supplementary Table 1 line 22 (Diff human score 0.1, Var score 0.7), column 'FP'",51,result
rare-reanalysis-20261009-result-vestito2024-dh1-vs7-precision,rare-reanalysis-20261009-source-vestito2024-supp,"Supplementary Table 1 line 22 (Diff human score 0.1, Var score 0.7), column 'precision'",0.385542169,result
rare-reanalysis-20261009-result-vestito2024-dh1-vs7-recall,rare-reanalysis-20261009-source-vestito2024-supp,"Supplementary Table 1 line 22 (Diff human score 0.1, Var score 0.7), column 'recall'",0.864864865,result
rare-reanalysis-20261009-result-vestito2024-dh1-vs7-tn,rare-reanalysis-20261009-source-vestito2024-supp,"Supplementary Table 1 line 22 (Diff human score 0.1, Var score 0.7), column 'TN'",1758,result
rare-reanalysis-20261009-result-vestito2024-dh1-vs7-tp,rare-reanalysis-20261009-source-vestito2024-supp,"Supplementary Table 1 line 22 (Diff human score 0.1, Var score 0.7), column 'TP'",32,result
rare-reanalysis-20261009-result-vestito2024-dh1-vs8-f1,rare-reanalysis-20261009-source-vestito2024-supp,"Supplementary Table 1 line 4 (Diff human score 0.1, Var score 0.8), column 'Fscore'",0.652631579,result
rare-reanalysis-20261009-result-vestito2024-dh1-vs8-f2,rare-reanalysis-20261009-source-vestito2024-supp,"Supplementary Table 1 line 4 (Diff human score 0.1, Var score 0.8), column 'F2score'",0.752427184,result
rare-reanalysis-20261009-result-vestito2024-dh1-vs8-fn,rare-reanalysis-20261009-source-vestito2024-supp,"Supplementary Table 1 line 4 (Diff human score 0.1, Var score 0.8), column 'FN'",6,result
rare-reanalysis-20261009-result-vestito2024-dh1-vs8-fp,rare-reanalysis-20261009-source-vestito2024-supp,"Supplementary Table 1 line 4 (Diff human score 0.1, Var score 0.8), column 'FP'",27,result
rare-reanalysis-20261009-result-vestito2024-dh1-vs8-precision,rare-reanalysis-20261009-source-vestito2024-supp,"Supplementary Table 1 line 4 (Diff human score 0.1, Var score 0.8), column 'precision'",0.534482759,result
rare-reanalysis-20261009-result-vestito2024-dh1-vs8-recall,rare-reanalysis-20261009-source-vestito2024-supp,"Supplementary Table 1 line 4 (Diff human score 0.1, Var score 0.8), column 'recall'",0.837837838,result
rare-reanalysis-20261009-result-vestito2024-dh1-vs8-tn,rare-reanalysis-20261009-source-vestito2024-supp,"Supplementary Table 1 line 4 (Diff human score 0.1, Var score 0.8), column 'TN'",1782,result
rare-reanalysis-20261009-result-vestito2024-dh1-vs8-tp,rare-reanalysis-20261009-source-vestito2024-supp,"Supplementary Table 1 line 4 (Diff human score 0.1, Var score 0.8), column 'TP'",31,result
rare-reanalysis-20261009-result-vestito2024-dh1-vs9-f1,rare-reanalysis-20261009-source-vestito2024-supp,"Supplementary Table 1 line 7 (Diff human score 0.1, Var score 0.9), column 'Fscore'",0.72,result
rare-reanalysis-20261009-result-vestito2024-dh1-vs9-f2,rare-reanalysis-20261009-source-vestito2024-supp,"Supplementary Table 1 line 7 (Diff human score 0.1, Var score 0.9), column 'F2score'",0.725806452,result
rare-reanalysis-20261009-result-vestito2024-dh1-vs9-fn,rare-reanalysis-20261009-source-vestito2024-supp,"Supplementary Table 1 line 7 (Diff human score 0.1, Var score 0.9), column 'FN'",10,result
rare-reanalysis-20261009-result-vestito2024-dh1-vs9-fp,rare-reanalysis-20261009-source-vestito2024-supp,"Supplementary Table 1 line 7 (Diff human score 0.1, Var score 0.9), column 'FP'",11,result
rare-reanalysis-20261009-result-vestito2024-dh1-vs9-precision,rare-reanalysis-20261009-source-vestito2024-supp,"Supplementary Table 1 line 7 (Diff human score 0.1, Var score 0.9), column 'precision'",0.710526316,result
rare-reanalysis-20261009-result-vestito2024-dh1-vs9-recall,rare-reanalysis-20261009-source-vestito2024-supp,"Supplementary Table 1 line 7 (Diff human score 0.1, Var score 0.9), column 'recall'",0.72972973,result
rare-reanalysis-20261009-result-vestito2024-dh1-vs9-tn,rare-reanalysis-20261009-source-vestito2024-supp,"Supplementary Table 1 line 7 (Diff human score 0.1, Var score 0.9), column 'TN'",1798,result
rare-reanalysis-20261009-result-vestito2024-dh1-vs9-tp,rare-reanalysis-20261009-source-vestito2024-supp,"Supplementary Table 1 line 7 (Diff human score 0.1, Var score 0.9), column 'TP'",27,result
rare-reanalysis-20261009-result-vestito2024-dh2-vs1-f1,rare-reanalysis-20261009-source-vestito2024-supp,"Supplementary Table 1 line 52 (Diff human score 0.2, Var score 0.1), column 'Fscore'",0.309623431,result
rare-reanalysis-20261009-result-vestito2024-dh2-vs1-f2,rare-reanalysis-20261009-source-vestito2024-supp,"Supplementary Table 1 line 52 (Diff human score 0.2, Var score 0.1), column 'F2score'",0.528571429,result
rare-reanalysis-20261009-result-vestito2024-dh2-vs1-fn,rare-reanalysis-20261009-source-vestito2024-supp,"Supplementary Table 1 line 52 (Diff human score 0.2, Var score 0.1), column 'FN'",0,result
rare-reanalysis-20261009-result-vestito2024-dh2-vs1-fp,rare-reanalysis-20261009-source-vestito2024-supp,"Supplementary Table 1 line 52 (Diff human score 0.2, Var score 0.1), column 'FP'",165,result
rare-reanalysis-20261009-result-vestito2024-dh2-vs1-precision,rare-reanalysis-20261009-source-vestito2024-supp,"Supplementary Table 1 line 52 (Diff human score 0.2, Var score 0.1), column 'precision'",0.183168317,result
rare-reanalysis-20261009-result-vestito2024-dh2-vs1-recall,rare-reanalysis-20261009-source-vestito2024-supp,"Supplementary Table 1 line 52 (Diff human score 0.2, Var score 0.1), column 'recall'",1,result
rare-reanalysis-20261009-result-vestito2024-dh2-vs1-tn,rare-reanalysis-20261009-source-vestito2024-supp,"Supplementary Table 1 line 52 (Diff human score 0.2, Var score 0.1), column 'TN'",1644,result
rare-reanalysis-20261009-result-vestito2024-dh2-vs1-tp,rare-reanalysis-20261009-source-vestito2024-supp,"Supplementary Table 1 line 52 (Diff human score 0.2, Var score 0.1), column 'TP'",37,result
rare-reanalysis-20261009-result-vestito2024-dh2-vs2-f1,rare-reanalysis-20261009-source-vestito2024-supp,"Supplementary Table 1 line 43 (Diff human score 0.2, Var score 0.2), column 'Fscore'",0.3507109,result
rare-reanalysis-20261009-result-vestito2024-dh2-vs2-f2,rare-reanalysis-20261009-source-vestito2024-supp,"Supplementary Table 1 line 43 (Diff human score 0.2, Var score 0.2), column 'F2score'",0.574534161,result
rare-reanalysis-20261009-result-vestito2024-dh2-vs2-fn,rare-reanalysis-20261009-source-vestito2024-supp,"Supplementary Table 1 line 43 (Diff human score 0.2, Var score 0.2), column 'FN'",0,result
rare-reanalysis-20261009-result-vestito2024-dh2-vs2-fp,rare-reanalysis-20261009-source-vestito2024-supp,"Supplementary Table 1 line 43 (Diff human score 0.2, Var score 0.2), column 'FP'",137,result
rare-reanalysis-20261009-result-vestito2024-dh2-vs2-precision,rare-reanalysis-20261009-source-vestito2024-supp,"Supplementary Table 1 line 43 (Diff human score 0.2, Var score 0.2), column 'precision'",0.212643678,result
rare-reanalysis-20261009-result-vestito2024-dh2-vs2-recall,rare-reanalysis-20261009-source-vestito2024-supp,"Supplementary Table 1 line 43 (Diff human score 0.2, Var score 0.2), column 'recall'",1,result
rare-reanalysis-20261009-result-vestito2024-dh2-vs2-tn,rare-reanalysis-20261009-source-vestito2024-supp,"Supplementary Table 1 line 43 (Diff human score 0.2, Var score 0.2), column 'TN'",1672,result
rare-reanalysis-20261009-result-vestito2024-dh2-vs2-tp,rare-reanalysis-20261009-source-vestito2024-supp,"Supplementary Table 1 line 43 (Diff human score 0.2, Var score 0.2), column 'TP'",37,result
rare-reanalysis-20261009-result-vestito2024-dh2-vs3-f1,rare-reanalysis-20261009-source-vestito2024-supp,"Supplementary Table 1 line 38 (Diff human score 0.2, Var score 0.3), column 'Fscore'",0.385416667,result
rare-reanalysis-20261009-result-vestito2024-dh2-vs3-f2,rare-reanalysis-20261009-source-vestito2024-supp,"Supplementary Table 1 line 38 (Diff human score 0.2, Var score 0.3), column 'F2score'",0.610561056,result
rare-reanalysis-20261009-result-vestito2024-dh2-vs3-fn,rare-reanalysis-20261009-source-vestito2024-supp,"Supplementary Table 1 line 38 (Diff human score 0.2, Var score 0.3), column 'FN'",0,result
rare-reanalysis-20261009-result-vestito2024-dh2-vs3-fp,rare-reanalysis-20261009-source-vestito2024-supp,"Supplementary Table 1 line 38 (Diff human score 0.2, Var score 0.3), column 'FP'",118,result
rare-reanalysis-20261009-result-vestito2024-dh2-vs3-precision,rare-reanalysis-20261009-source-vestito2024-supp,"Supplementary Table 1 line 38 (Diff human score 0.2, Var score 0.3), column 'precision'",0.238709677,result
rare-reanalysis-20261009-result-vestito2024-dh2-vs3-recall,rare-reanalysis-20261009-source-vestito2024-supp,"Supplementary Table 1 line 38 (Diff human score 0.2, Var score 0.3), column 'recall'",1,result
rare-reanalysis-20261009-result-vestito2024-dh2-vs3-tn,rare-reanalysis-20261009-source-vestito2024-supp,"Supplementary Table 1 line 38 (Diff human score 0.2, Var score 0.3), column 'TN'",1691,result
rare-reanalysis-20261009-result-vestito2024-dh2-vs3-tp,rare-reanalysis-20261009-source-vestito2024-supp,"Supplementary Table 1 line 38 (Diff human score 0.2, Var score 0.3), column 'TP'",37,result
rare-reanalysis-20261009-result-vestito2024-dh2-vs4-f1,rare-reanalysis-20261009-source-vestito2024-supp,"Supplementary Table 1 line 32 (Diff human score 0.2, Var score 0.4), column 'Fscore'",0.430232558,result
rare-reanalysis-20261009-result-vestito2024-dh2-vs4-f2,rare-reanalysis-20261009-source-vestito2024-supp,"Supplementary Table 1 line 32 (Diff human score 0.2, Var score 0.4), column 'F2score'",0.653710247,result
rare-reanalysis-20261009-result-vestito2024-dh2-vs4-fn,rare-reanalysis-20261009-source-vestito2024-supp,"Supplementary Table 1 line 32 (Diff human score 0.2, Var score 0.4), column 'FN'",0,result
rare-reanalysis-20261009-result-vestito2024-dh2-vs4-fp,rare-reanalysis-20261009-source-vestito2024-supp,"Supplementary Table 1 line 32 (Diff human score 0.2, Var score 0.4), column 'FP'",98,result
rare-reanalysis-20261009-result-vestito2024-dh2-vs4-precision,rare-reanalysis-20261009-source-vestito2024-supp,"Supplementary Table 1 line 32 (Diff human score 0.2, Var score 0.4), column 'precision'",0.274074074,result
rare-reanalysis-20261009-result-vestito2024-dh2-vs4-recall,rare-reanalysis-20261009-source-vestito2024-supp,"Supplementary Table 1 line 32 (Diff human score 0.2, Var score 0.4), column 'recall'",1,result
rare-reanalysis-20261009-result-vestito2024-dh2-vs4-tn,rare-reanalysis-20261009-source-vestito2024-supp,"Supplementary Table 1 line 32 (Diff human score 0.2, Var score 0.4), column 'TN'",1711,result
rare-reanalysis-20261009-result-vestito2024-dh2-vs4-tp,rare-reanalysis-20261009-source-vestito2024-supp,"Supplementary Table 1 line 32 (Diff human score 0.2, Var score 0.4), column 'TP'",37,result
rare-reanalysis-20261009-result-vestito2024-dh2-vs5-f1,rare-reanalysis-20261009-source-vestito2024-supp,"Supplementary Table 1 line 27 (Diff human score 0.2, Var score 0.5), column 'Fscore'",0.472972973,result
rare-reanalysis-20261009-result-vestito2024-dh2-vs5-f2,rare-reanalysis-20261009-source-vestito2024-supp,"Supplementary Table 1 line 27 (Diff human score 0.2, Var score 0.5), column 'F2score'",0.675675676,result
rare-reanalysis-20261009-result-vestito2024-dh2-vs5-fn,rare-reanalysis-20261009-source-vestito2024-supp,"Supplementary Table 1 line 27 (Diff human score 0.2, Var score 0.5), column 'FN'",2,result
rare-reanalysis-20261009-result-vestito2024-dh2-vs5-fp,rare-reanalysis-20261009-source-vestito2024-supp,"Supplementary Table 1 line 27 (Diff human score 0.2, Var score 0.5), column 'FP'",76,result
rare-reanalysis-20261009-result-vestito2024-dh2-vs5-precision,rare-reanalysis-20261009-source-vestito2024-supp,"Supplementary Table 1 line 27 (Diff human score 0.2, Var score 0.5), column 'precision'",0.315315315,result
rare-reanalysis-20261009-result-vestito2024-dh2-vs5-recall,rare-reanalysis-20261009-source-vestito2024-supp,"Supplementary Table 1 line 27 (Diff human score 0.2, Var score 0.5), column 'recall'",0.945945946,result
rare-reanalysis-20261009-result-vestito2024-dh2-vs5-tn,rare-reanalysis-20261009-source-vestito2024-supp,"Supplementary Table 1 line 27 (Diff human score 0.2, Var score 0.5), column 'TN'",1733,result
rare-reanalysis-20261009-result-vestito2024-dh2-vs5-tp,rare-reanalysis-20261009-source-vestito2024-supp,"Supplementary Table 1 line 27 (Diff human score 0.2, Var score 0.5), column 'TP'",35,result
rare-reanalysis-20261009-result-vestito2024-dh2-vs6-f1,rare-reanalysis-20261009-source-vestito2024-supp,"Supplementary Table 1 line 15 (Diff human score 0.2, Var score 0.6), column 'Fscore'",0.53125,result
rare-reanalysis-20261009-result-vestito2024-dh2-vs6-f2,rare-reanalysis-20261009-source-vestito2024-supp,"Supplementary Table 1 line 15 (Diff human score 0.2, Var score 0.6), column 'F2score'",0.711297071,result
rare-reanalysis-20261009-result-vestito2024-dh2-vs6-fn,rare-reanalysis-20261009-source-vestito2024-supp,"Supplementary Table 1 line 15 (Diff human score 0.2, Var score 0.6), column 'FN'",3,result
rare-reanalysis-20261009-result-vestito2024-dh2-vs6-fp,rare-reanalysis-20261009-source-vestito2024-supp,"Supplementary Table 1 line 15 (Diff human score 0.2, Var score 0.6), column 'FP'",57,result
rare-reanalysis-20261009-result-vestito2024-dh2-vs6-precision,rare-reanalysis-20261009-source-vestito2024-supp,"Supplementary Table 1 line 15 (Diff human score 0.2, Var score 0.6), column 'precision'",0.373626374,result
rare-reanalysis-20261009-result-vestito2024-dh2-vs6-recall,rare-reanalysis-20261009-source-vestito2024-supp,"Supplementary Table 1 line 15 (Diff human score 0.2, Var score 0.6), column 'recall'",0.918918919,result
rare-reanalysis-20261009-result-vestito2024-dh2-vs6-tn,rare-reanalysis-20261009-source-vestito2024-supp,"Supplementary Table 1 line 15 (Diff human score 0.2, Var score 0.6), column 'TN'",1752,result
rare-reanalysis-20261009-result-vestito2024-dh2-vs6-tp,rare-reanalysis-20261009-source-vestito2024-supp,"Supplementary Table 1 line 15 (Diff human score 0.2, Var score 0.6), column 'TP'",34,result
rare-reanalysis-20261009-result-vestito2024-dh2-vs7-f1,rare-reanalysis-20261009-source-vestito2024-supp,"Supplementary Table 1 line 16 (Diff human score 0.2, Var score 0.7), column 'Fscore'",0.561403509,result
rare-reanalysis-20261009-result-vestito2024-dh2-vs7-f2,rare-reanalysis-20261009-source-vestito2024-supp,"Supplementary Table 1 line 16 (Diff human score 0.2, Var score 0.7), column 'F2score'",0.711111111,result
rare-reanalysis-20261009-result-vestito2024-dh2-vs7-fn,rare-reanalysis-20261009-source-vestito2024-supp,"Supplementary Table 1 line 16 (Diff human score 0.2, Var score 0.7), column 'FN'",5,result
rare-reanalysis-20261009-result-vestito2024-dh2-vs7-fp,rare-reanalysis-20261009-source-vestito2024-supp,"Supplementary Table 1 line 16 (Diff human score 0.2, Var score 0.7), column 'FP'",45,result
rare-reanalysis-20261009-result-vestito2024-dh2-vs7-precision,rare-reanalysis-20261009-source-vestito2024-supp,"Supplementary Table 1 line 16 (Diff human score 0.2, Var score 0.7), column 'precision'",0.415584416,result
rare-reanalysis-20261009-result-vestito2024-dh2-vs7-recall,rare-reanalysis-20261009-source-vestito2024-supp,"Supplementary Table 1 line 16 (Diff human score 0.2, Var score 0.7), column 'recall'",0.864864865,result
rare-reanalysis-20261009-result-vestito2024-dh2-vs7-tn,rare-reanalysis-20261009-source-vestito2024-supp,"Supplementary Table 1 line 16 (Diff human score 0.2, Var score 0.7), column 'TN'",1764,result
rare-reanalysis-20261009-result-vestito2024-dh2-vs7-tp,rare-reanalysis-20261009-source-vestito2024-supp,"Supplementary Table 1 line 16 (Diff human score 0.2, Var score 0.7), column 'TP'",32,result
rare-reanalysis-20261009-result-vestito2024-dh2-vs8-f1,rare-reanalysis-20261009-source-vestito2024-supp,"Supplementary Table 1 line 2 (Diff human score 0.2, Var score 0.8), column 'Fscore'",0.681318681,result
rare-reanalysis-20261009-result-vestito2024-dh2-vs8-f2,rare-reanalysis-20261009-source-vestito2024-supp,"Supplementary Table 1 line 2 (Diff human score 0.2, Var score 0.8), column 'F2score'",0.767326733,result
rare-reanalysis-20261009-result-vestito2024-dh2-vs8-fn,rare-reanalysis-20261009-source-vestito2024-supp,"Supplementary Table 1 line 2 (Diff human score 0.2, Var score 0.8), column 'FN'",6,result
rare-reanalysis-20261009-result-vestito2024-dh2-vs8-fp,rare-reanalysis-20261009-source-vestito2024-supp,"Supplementary Table 1 line 2 (Diff human score 0.2, Var score 0.8), column 'FP'",23,result
rare-reanalysis-20261009-result-vestito2024-dh2-vs8-precision,rare-reanalysis-20261009-source-vestito2024-supp,"Supplementary Table 1 line 2 (Diff human score 0.2, Var score 0.8), column 'precision'",0.574074074,result
rare-reanalysis-20261009-result-vestito2024-dh2-vs8-recall,rare-reanalysis-20261009-source-vestito2024-supp,"Supplementary Table 1 line 2 (Diff human score 0.2, Var score 0.8), column 'recall'",0.837837838,result
rare-reanalysis-20261009-result-vestito2024-dh2-vs8-tn,rare-reanalysis-20261009-source-vestito2024-supp,"Supplementary Table 1 line 2 (Diff human score 0.2, Var score 0.8), column 'TN'",1786,result
rare-reanalysis-20261009-result-vestito2024-dh2-vs8-tp,rare-reanalysis-20261009-source-vestito2024-supp,"Supplementary Table 1 line 2 (Diff human score 0.2, Var score 0.8), column 'TP'",31,result
rare-reanalysis-20261009-result-vestito2024-dh2-vs9-f1,rare-reanalysis-20261009-source-vestito2024-supp,"Supplementary Table 1 line 6 (Diff human score 0.2, Var score 0.9), column 'Fscore'",0.72972973,result
rare-reanalysis-20261009-result-vestito2024-dh2-vs9-f2,rare-reanalysis-20261009-source-vestito2024-supp,"Supplementary Table 1 line 6 (Diff human score 0.2, Var score 0.9), column 'F2score'",0.72972973,result
rare-reanalysis-20261009-result-vestito2024-dh2-vs9-fn,rare-reanalysis-20261009-source-vestito2024-supp,"Supplementary Table 1 line 6 (Diff human score 0.2, Var score 0.9), column 'FN'",10,result
rare-reanalysis-20261009-result-vestito2024-dh2-vs9-fp,rare-reanalysis-20261009-source-vestito2024-supp,"Supplementary Table 1 line 6 (Diff human score 0.2, Var score 0.9), column 'FP'",10,result
rare-reanalysis-20261009-result-vestito2024-dh2-vs9-precision,rare-reanalysis-20261009-source-vestito2024-supp,"Supplementary Table 1 line 6 (Diff human score 0.2, Var score 0.9), column 'precision'",0.72972973,result
rare-reanalysis-20261009-result-vestito2024-dh2-vs9-recall,rare-reanalysis-20261009-source-vestito2024-supp,"Supplementary Table 1 line 6 (Diff human score 0.2, Var score 0.9), column 'recall'",0.72972973,result
rare-reanalysis-20261009-result-vestito2024-dh2-vs9-tn,rare-reanalysis-20261009-source-vestito2024-supp,"Supplementary Table 1 line 6 (Diff human score 0.2, Var score 0.9), column 'TN'",1799,result
rare-reanalysis-20261009-result-vestito2024-dh2-vs9-tp,rare-reanalysis-20261009-source-vestito2024-supp,"Supplementary Table 1 line 6 (Diff human score 0.2, Var score 0.9), column 'TP'",27,result
rare-reanalysis-20261009-result-vestito2024-dh3-vs1-f1,rare-reanalysis-20261009-source-vestito2024-supp,"Supplementary Table 1 line 45 (Diff human score 0.3, Var score 0.1), column 'Fscore'",0.349514563,result
rare-reanalysis-20261009-result-vestito2024-dh3-vs1-f2,rare-reanalysis-20261009-source-vestito2024-supp,"Supplementary Table 1 line 45 (Diff human score 0.3, Var score 0.1), column 'F2score'",0.567823344,result
rare-reanalysis-20261009-result-vestito2024-dh3-vs1-fn,rare-reanalysis-20261009-source-vestito2024-supp,"Supplementary Table 1 line 45 (Diff human score 0.3, Var score 0.1), column 'FN'",1,result
rare-reanalysis-20261009-result-vestito2024-dh3-vs1-fp,rare-reanalysis-20261009-source-vestito2024-supp,"Supplementary Table 1 line 45 (Diff human score 0.3, Var score 0.1), column 'FP'",133,result
rare-reanalysis-20261009-result-vestito2024-dh3-vs1-precision,rare-reanalysis-20261009-source-vestito2024-supp,"Supplementary Table 1 line 45 (Diff human score 0.3, Var score 0.1), column 'precision'",0.213017751,result
rare-reanalysis-20261009-result-vestito2024-dh3-vs1-recall,rare-reanalysis-20261009-source-vestito2024-supp,"Supplementary Table 1 line 45 (Diff human score 0.3, Var score 0.1), column 'recall'",0.972972973,result
rare-reanalysis-20261009-result-vestito2024-dh3-vs1-tn,rare-reanalysis-20261009-source-vestito2024-supp,"Supplementary Table 1 line 45 (Diff human score 0.3, Var score 0.1), column 'TN'",1676,result
rare-reanalysis-20261009-result-vestito2024-dh3-vs1-tp,rare-reanalysis-20261009-source-vestito2024-supp,"Supplementary Table 1 line 45 (Diff human score 0.3, Var score 0.1), column 'TP'",36,result
rare-reanalysis-20261009-result-vestito2024-dh3-vs2-f1,rare-reanalysis-20261009-source-vestito2024-supp,"Supplementary Table 1 line 39 (Diff human score 0.3, Var score 0.2), column 'Fscore'",0.387096774,result
rare-reanalysis-20261009-result-vestito2024-dh3-vs2-f2,rare-reanalysis-20261009-source-vestito2024-supp,"Supplementary Table 1 line 39 (Diff human score 0.3, Var score 0.2), column 'F2score'",0.606060606,result
rare-reanalysis-20261009-result-vestito2024-dh3-vs2-fn,rare-reanalysis-20261009-source-vestito2024-supp,"Supplementary Table 1 line 39 (Diff human score 0.3, Var score 0.2), column 'FN'",1,result
rare-reanalysis-20261009-result-vestito2024-dh3-vs2-fp,rare-reanalysis-20261009-source-vestito2024-supp,"Supplementary Table 1 line 39 (Diff human score 0.3, Var score 0.2), column 'FP'",113,result
rare-reanalysis-20261009-result-vestito2024-dh3-vs2-precision,rare-reanalysis-20261009-source-vestito2024-supp,"Supplementary Table 1 line 39 (Diff human score 0.3, Var score 0.2), column 'precision'",0.241610738,result
rare-reanalysis-20261009-result-vestito2024-dh3-vs2-recall,rare-reanalysis-20261009-source-vestito2024-supp,"Supplementary Table 1 line 39 (Diff human score 0.3, Var score 0.2), column 'recall'",0.972972973,result
rare-reanalysis-20261009-result-vestito2024-dh3-vs2-tn,rare-reanalysis-20261009-source-vestito2024-supp,"Supplementary Table 1 line 39 (Diff human score 0.3, Var score 0.2), column 'TN'",1696,result
rare-reanalysis-20261009-result-vestito2024-dh3-vs2-tp,rare-reanalysis-20261009-source-vestito2024-supp,"Supplementary Table 1 line 39 (Diff human score 0.3, Var score 0.2), column 'TP'",36,result
rare-reanalysis-20261009-result-vestito2024-dh3-vs3-f1,rare-reanalysis-20261009-source-vestito2024-supp,"Supplementary Table 1 line 33 (Diff human score 0.3, Var score 0.3), column 'Fscore'",0.423529412,result
rare-reanalysis-20261009-result-vestito2024-dh3-vs3-f2,rare-reanalysis-20261009-source-vestito2024-supp,"Supplementary Table 1 line 33 (Diff human score 0.3, Var score 0.3), column 'F2score'",0.640569395,result
rare-reanalysis-20261009-result-vestito2024-dh3-vs3-fn,rare-reanalysis-20261009-source-vestito2024-supp,"Supplementary Table 1 line 33 (Diff human score 0.3, Var score 0.3), column 'FN'",1,result
rare-reanalysis-20261009-result-vestito2024-dh3-vs3-fp,rare-reanalysis-20261009-source-vestito2024-supp,"Supplementary Table 1 line 33 (Diff human score 0.3, Var score 0.3), column 'FP'",97,result
rare-reanalysis-20261009-result-vestito2024-dh3-vs3-precision,rare-reanalysis-20261009-source-vestito2024-supp,"Supplementary Table 1 line 33 (Diff human score 0.3, Var score 0.3), column 'precision'",0.270676692,result
rare-reanalysis-20261009-result-vestito2024-dh3-vs3-recall,rare-reanalysis-20261009-source-vestito2024-supp,"Supplementary Table 1 line 33 (Diff human score 0.3, Var score 0.3), column 'recall'",0.972972973,result
rare-reanalysis-20261009-result-vestito2024-dh3-vs3-tn,rare-reanalysis-20261009-source-vestito2024-supp,"Supplementary Table 1 line 33 (Diff human score 0.3, Var score 0.3), column 'TN'",1712,result
rare-reanalysis-20261009-result-vestito2024-dh3-vs3-tp,rare-reanalysis-20261009-source-vestito2024-supp,"Supplementary Table 1 line 33 (Diff human score 0.3, Var score 0.3), column 'TP'",36,result
rare-reanalysis-20261009-result-vestito2024-dh3-vs4-f1,rare-reanalysis-20261009-source-vestito2024-supp,"Supplementary Table 1 line 25 (Diff human score 0.3, Var score 0.4), column 'Fscore'",0.467532468,result
rare-reanalysis-20261009-result-vestito2024-dh3-vs4-f2,rare-reanalysis-20261009-source-vestito2024-supp,"Supplementary Table 1 line 25 (Diff human score 0.3, Var score 0.4), column 'F2score'",0.679245283,result
rare-reanalysis-20261009-result-vestito2024-dh3-vs4-fn,rare-reanalysis-20261009-source-vestito2024-supp,"Supplementary Table 1 line 25 (Diff human score 0.3, Var score 0.4), column 'FN'",1,result
rare-reanalysis-20261009-result-vestito2024-dh3-vs4-fp,rare-reanalysis-20261009-source-vestito2024-supp,"Supplementary Table 1 line 25 (Diff human score 0.3, Var score 0.4), column 'FP'",81,result
rare-reanalysis-20261009-result-vestito2024-dh3-vs4-precision,rare-reanalysis-20261009-source-vestito2024-supp,"Supplementary Table 1 line 25 (Diff human score 0.3, Var score 0.4), column 'precision'",0.307692308,result
rare-reanalysis-20261009-result-vestito2024-dh3-vs4-recall,rare-reanalysis-20261009-source-vestito2024-supp,"Supplementary Table 1 line 25 (Diff human score 0.3, Var score 0.4), column 'recall'",0.972972973,result
rare-reanalysis-20261009-result-vestito2024-dh3-vs4-tn,rare-reanalysis-20261009-source-vestito2024-supp,"Supplementary Table 1 line 25 (Diff human score 0.3, Var score 0.4), column 'TN'",1728,result
rare-reanalysis-20261009-result-vestito2024-dh3-vs4-tp,rare-reanalysis-20261009-source-vestito2024-supp,"Supplementary Table 1 line 25 (Diff human score 0.3, Var score 0.4), column 'TP'",36,result
rare-reanalysis-20261009-result-vestito2024-dh3-vs5-f1,rare-reanalysis-20261009-source-vestito2024-supp,"Supplementary Table 1 line 23 (Diff human score 0.3, Var score 0.5), column 'Fscore'",0.503703704,result
rare-reanalysis-20261009-result-vestito2024-dh3-vs5-f2,rare-reanalysis-20261009-source-vestito2024-supp,"Supplementary Table 1 line 23 (Diff human score 0.3, Var score 0.5), column 'F2score'",0.691056911,result
rare-reanalysis-20261009-result-vestito2024-dh3-vs5-fn,rare-reanalysis-20261009-source-vestito2024-supp,"Supplementary Table 1 line 23 (Diff human score 0.3, Var score 0.5), column 'FN'",3,result
rare-reanalysis-20261009-result-vestito2024-dh3-vs5-fp,rare-reanalysis-20261009-source-vestito2024-supp,"Supplementary Table 1 line 23 (Diff human score 0.3, Var score 0.5), column 'FP'",64,result
rare-reanalysis-20261009-result-vestito2024-dh3-vs5-precision,rare-reanalysis-20261009-source-vestito2024-supp,"Supplementary Table 1 line 23 (Diff human score 0.3, Var score 0.5), column 'precision'",0.346938776,result
rare-reanalysis-20261009-result-vestito2024-dh3-vs5-recall,rare-reanalysis-20261009-source-vestito2024-supp,"Supplementary Table 1 line 23 (Diff human score 0.3, Var score 0.5), column 'recall'",0.918918919,result
rare-reanalysis-20261009-result-vestito2024-dh3-vs5-tn,rare-reanalysis-20261009-source-vestito2024-supp,"Supplementary Table 1 line 23 (Diff human score 0.3, Var score 0.5), column 'TN'",1745,result
rare-reanalysis-20261009-result-vestito2024-dh3-vs5-tp,rare-reanalysis-20261009-source-vestito2024-supp,"Supplementary Table 1 line 23 (Diff human score 0.3, Var score 0.5), column 'TP'",34,result
rare-reanalysis-20261009-result-vestito2024-dh3-vs6-f1,rare-reanalysis-20261009-source-vestito2024-supp,"Supplementary Table 1 line 9 (Diff human score 0.3, Var score 0.6), column 'Fscore'",0.564102564,result
rare-reanalysis-20261009-result-vestito2024-dh3-vs6-f2,rare-reanalysis-20261009-source-vestito2024-supp,"Supplementary Table 1 line 9 (Diff human score 0.3, Var score 0.6), column 'F2score'",0.723684211,result
rare-reanalysis-20261009-result-vestito2024-dh3-vs6-fn,rare-reanalysis-20261009-source-vestito2024-supp,"Supplementary Table 1 line 9 (Diff human score 0.3, Var score 0.6), column 'FN'",4,result
rare-reanalysis-20261009-result-vestito2024-dh3-vs6-fp,rare-reanalysis-20261009-source-vestito2024-supp,"Supplementary Table 1 line 9 (Diff human score 0.3, Var score 0.6), column 'FP'",47,result
rare-reanalysis-20261009-result-vestito2024-dh3-vs6-precision,rare-reanalysis-20261009-source-vestito2024-supp,"Supplementary Table 1 line 9 (Diff human score 0.3, Var score 0.6), column 'precision'",0.4125,result
rare-reanalysis-20261009-result-vestito2024-dh3-vs6-recall,rare-reanalysis-20261009-source-vestito2024-supp,"Supplementary Table 1 line 9 (Diff human score 0.3, Var score 0.6), column 'recall'",0.891891892,result
rare-reanalysis-20261009-result-vestito2024-dh3-vs6-tn,rare-reanalysis-20261009-source-vestito2024-supp,"Supplementary Table 1 line 9 (Diff human score 0.3, Var score 0.6), column 'TN'",1762,result
rare-reanalysis-20261009-result-vestito2024-dh3-vs6-tp,rare-reanalysis-20261009-source-vestito2024-supp,"Supplementary Table 1 line 9 (Diff human score 0.3, Var score 0.6), column 'TP'",33,result
rare-reanalysis-20261009-result-vestito2024-dh3-vs7-f1,rare-reanalysis-20261009-source-vestito2024-supp,"Supplementary Table 1 line 8 (Diff human score 0.3, Var score 0.7), column 'Fscore'",0.601941748,result
rare-reanalysis-20261009-result-vestito2024-dh3-vs7-f2,rare-reanalysis-20261009-source-vestito2024-supp,"Supplementary Table 1 line 8 (Diff human score 0.3, Var score 0.7), column 'F2score'",0.724299065,result
rare-reanalysis-20261009-result-vestito2024-dh3-vs7-fn,rare-reanalysis-20261009-source-vestito2024-supp,"Supplementary Table 1 line 8 (Diff human score 0.3, Var score 0.7), column 'FN'",6,result
rare-reanalysis-20261009-result-vestito2024-dh3-vs7-fp,rare-reanalysis-20261009-source-vestito2024-supp,"Supplementary Table 1 line 8 (Diff human score 0.3, Var score 0.7), column 'FP'",35,result
rare-reanalysis-20261009-result-vestito2024-dh3-vs7-precision,rare-reanalysis-20261009-source-vestito2024-supp,"Supplementary Table 1 line 8 (Diff human score 0.3, Var score 0.7), column 'precision'",0.46969697,result
rare-reanalysis-20261009-result-vestito2024-dh3-vs7-recall,rare-reanalysis-20261009-source-vestito2024-supp,"Supplementary Table 1 line 8 (Diff human score 0.3, Var score 0.7), column 'recall'",0.837837838,result
rare-reanalysis-20261009-result-vestito2024-dh3-vs7-tn,rare-reanalysis-20261009-source-vestito2024-supp,"Supplementary Table 1 line 8 (Diff human score 0.3, Var score 0.7), column 'TN'",1774,result
rare-reanalysis-20261009-result-vestito2024-dh3-vs7-tp,rare-reanalysis-20261009-source-vestito2024-supp,"Supplementary Table 1 line 8 (Diff human score 0.3, Var score 0.7), column 'TP'",31,result
rare-reanalysis-20261009-result-vestito2024-dh3-vs8-f1,rare-reanalysis-20261009-source-vestito2024-supp,"Supplementary Table 1 line 3 (Diff human score 0.3, Var score 0.8), column 'Fscore'",0.697674419,result
rare-reanalysis-20261009-result-vestito2024-dh3-vs8-f2,rare-reanalysis-20261009-source-vestito2024-supp,"Supplementary Table 1 line 3 (Diff human score 0.3, Var score 0.8), column 'F2score'",0.76142132,result
rare-reanalysis-20261009-result-vestito2024-dh3-vs8-fn,rare-reanalysis-20261009-source-vestito2024-supp,"Supplementary Table 1 line 3 (Diff human score 0.3, Var score 0.8), column 'FN'",7,result
rare-reanalysis-20261009-result-vestito2024-dh3-vs8-fp,rare-reanalysis-20261009-source-vestito2024-supp,"Supplementary Table 1 line 3 (Diff human score 0.3, Var score 0.8), column 'FP'",19,result
rare-reanalysis-20261009-result-vestito2024-dh3-vs8-precision,rare-reanalysis-20261009-source-vestito2024-supp,"Supplementary Table 1 line 3 (Diff human score 0.3, Var score 0.8), column 'precision'",0.612244898,result
rare-reanalysis-20261009-result-vestito2024-dh3-vs8-recall,rare-reanalysis-20261009-source-vestito2024-supp,"Supplementary Table 1 line 3 (Diff human score 0.3, Var score 0.8), column 'recall'",0.810810811,result
rare-reanalysis-20261009-result-vestito2024-dh3-vs8-tn,rare-reanalysis-20261009-source-vestito2024-supp,"Supplementary Table 1 line 3 (Diff human score 0.3, Var score 0.8), column 'TN'",1790,result
rare-reanalysis-20261009-result-vestito2024-dh3-vs8-tp,rare-reanalysis-20261009-source-vestito2024-supp,"Supplementary Table 1 line 3 (Diff human score 0.3, Var score 0.8), column 'TP'",30,result
rare-reanalysis-20261009-result-vestito2024-dh3-vs9-f1,rare-reanalysis-20261009-source-vestito2024-supp,"Supplementary Table 1 line 12 (Diff human score 0.3, Var score 0.9), column 'Fscore'",0.732394366,result
rare-reanalysis-20261009-result-vestito2024-dh3-vs9-f2,rare-reanalysis-20261009-source-vestito2024-supp,"Supplementary Table 1 line 12 (Diff human score 0.3, Var score 0.9), column 'F2score'",0.714285714,result
rare-reanalysis-20261009-result-vestito2024-dh3-vs9-fn,rare-reanalysis-20261009-source-vestito2024-supp,"Supplementary Table 1 line 12 (Diff human score 0.3, Var score 0.9), column 'FN'",11,result
rare-reanalysis-20261009-result-vestito2024-dh3-vs9-fp,rare-reanalysis-20261009-source-vestito2024-supp,"Supplementary Table 1 line 12 (Diff human score 0.3, Var score 0.9), column 'FP'",8,result
rare-reanalysis-20261009-result-vestito2024-dh3-vs9-precision,rare-reanalysis-20261009-source-vestito2024-supp,"Supplementary Table 1 line 12 (Diff human score 0.3, Var score 0.9), column 'precision'",0.764705882,result
rare-reanalysis-20261009-result-vestito2024-dh3-vs9-recall,rare-reanalysis-20261009-source-vestito2024-supp,"Supplementary Table 1 line 12 (Diff human score 0.3, Var score 0.9), column 'recall'",0.702702703,result
rare-reanalysis-20261009-result-vestito2024-dh3-vs9-tn,rare-reanalysis-20261009-source-vestito2024-supp,"Supplementary Table 1 line 12 (Diff human score 0.3, Var score 0.9), column 'TN'",1801,result
rare-reanalysis-20261009-result-vestito2024-dh3-vs9-tp,rare-reanalysis-20261009-source-vestito2024-supp,"Supplementary Table 1 line 12 (Diff human score 0.3, Var score 0.9), column 'TP'",26,result
rare-reanalysis-20261009-result-vestito2024-dh4-vs1-f1,rare-reanalysis-20261009-source-vestito2024-supp,"Supplementary Table 1 line 40 (Diff human score 0.4, Var score 0.1), column 'Fscore'",0.4,result
rare-reanalysis-20261009-result-vestito2024-dh4-vs1-f2,rare-reanalysis-20261009-source-vestito2024-supp,"Supplementary Table 1 line 40 (Diff human score 0.4, Var score 0.1), column 'F2score'",0.604982206,result
rare-reanalysis-20261009-result-vestito2024-dh4-vs1-fn,rare-reanalysis-20261009-source-vestito2024-supp,"Supplementary Table 1 line 40 (Diff human score 0.4, Var score 0.1), column 'FN'",3,result
rare-reanalysis-20261009-result-vestito2024-dh4-vs1-fp,rare-reanalysis-20261009-source-vestito2024-supp,"Supplementary Table 1 line 40 (Diff human score 0.4, Var score 0.1), column 'FP'",99,result
rare-reanalysis-20261009-result-vestito2024-dh4-vs1-precision,rare-reanalysis-20261009-source-vestito2024-supp,"Supplementary Table 1 line 40 (Diff human score 0.4, Var score 0.1), column 'precision'",0.255639098,result
rare-reanalysis-20261009-result-vestito2024-dh4-vs1-recall,rare-reanalysis-20261009-source-vestito2024-supp,"Supplementary Table 1 line 40 (Diff human score 0.4, Var score 0.1), column 'recall'",0.918918919,result
rare-reanalysis-20261009-result-vestito2024-dh4-vs1-tn,rare-reanalysis-20261009-source-vestito2024-supp,"Supplementary Table 1 line 40 (Diff human score 0.4, Var score 0.1), column 'TN'",1710,result
rare-reanalysis-20261009-result-vestito2024-dh4-vs1-tp,rare-reanalysis-20261009-source-vestito2024-supp,"Supplementary Table 1 line 40 (Diff human score 0.4, Var score 0.1), column 'TP'",34,result
rare-reanalysis-20261009-result-vestito2024-dh4-vs2-f1,rare-reanalysis-20261009-source-vestito2024-supp,"Supplementary Table 1 line 37 (Diff human score 0.4, Var score 0.2), column 'Fscore'",0.433121019,result
rare-reanalysis-20261009-result-vestito2024-dh4-vs2-f2,rare-reanalysis-20261009-source-vestito2024-supp,"Supplementary Table 1 line 37 (Diff human score 0.4, Var score 0.2), column 'F2score'",0.634328358,result
rare-reanalysis-20261009-result-vestito2024-dh4-vs2-fn,rare-reanalysis-20261009-source-vestito2024-supp,"Supplementary Table 1 line 37 (Diff human score 0.4, Var score 0.2), column 'FN'",3,result
rare-reanalysis-20261009-result-vestito2024-dh4-vs2-fp,rare-reanalysis-20261009-source-vestito2024-supp,"Supplementary Table 1 line 37 (Diff human score 0.4, Var score 0.2), column 'FP'",86,result
rare-reanalysis-20261009-result-vestito2024-dh4-vs2-precision,rare-reanalysis-20261009-source-vestito2024-supp,"Supplementary Table 1 line 37 (Diff human score 0.4, Var score 0.2), column 'precision'",0.283333333,result
rare-reanalysis-20261009-result-vestito2024-dh4-vs2-recall,rare-reanalysis-20261009-source-vestito2024-supp,"Supplementary Table 1 line 37 (Diff human score 0.4, Var score 0.2), column 'recall'",0.918918919,result
rare-reanalysis-20261009-result-vestito2024-dh4-vs2-tn,rare-reanalysis-20261009-source-vestito2024-supp,"Supplementary Table 1 line 37 (Diff human score 0.4, Var score 0.2), column 'TN'",1723,result
rare-reanalysis-20261009-result-vestito2024-dh4-vs2-tp,rare-reanalysis-20261009-source-vestito2024-supp,"Supplementary Table 1 line 37 (Diff human score 0.4, Var score 0.2), column 'TP'",34,result
rare-reanalysis-20261009-result-vestito2024-dh4-vs3-f1,rare-reanalysis-20261009-source-vestito2024-supp,"Supplementary Table 1 line 30 (Diff human score 0.4, Var score 0.3), column 'Fscore'",0.462585034,result
rare-reanalysis-20261009-result-vestito2024-dh4-vs3-f2,rare-reanalysis-20261009-source-vestito2024-supp,"Supplementary Table 1 line 30 (Diff human score 0.4, Var score 0.3), column 'F2score'",0.658914729,result
rare-reanalysis-20261009-result-vestito2024-dh4-vs3-fn,rare-reanalysis-20261009-source-vestito2024-supp,"Supplementary Table 1 line 30 (Diff human score 0.4, Var score 0.3), column 'FN'",3,result
rare-reanalysis-20261009-result-vestito2024-dh4-vs3-fp,rare-reanalysis-20261009-source-vestito2024-supp,"Supplementary Table 1 line 30 (Diff human score 0.4, Var score 0.3), column 'FP'",76,result
rare-reanalysis-20261009-result-vestito2024-dh4-vs3-precision,rare-reanalysis-20261009-source-vestito2024-supp,"Supplementary Table 1 line 30 (Diff human score 0.4, Var score 0.3), column 'precision'",0.309090909,result
rare-reanalysis-20261009-result-vestito2024-dh4-vs3-recall,rare-reanalysis-20261009-source-vestito2024-supp,"Supplementary Table 1 line 30 (Diff human score 0.4, Var score 0.3), column 'recall'",0.918918919,result
rare-reanalysis-20261009-result-vestito2024-dh4-vs3-tn,rare-reanalysis-20261009-source-vestito2024-supp,"Supplementary Table 1 line 30 (Diff human score 0.4, Var score 0.3), column 'TN'",1733,result
rare-reanalysis-20261009-result-vestito2024-dh4-vs3-tp,rare-reanalysis-20261009-source-vestito2024-supp,"Supplementary Table 1 line 30 (Diff human score 0.4, Var score 0.3), column 'TP'",34,result
rare-reanalysis-20261009-result-vestito2024-dh4-vs4-f1,rare-reanalysis-20261009-source-vestito2024-supp,"Supplementary Table 1 line 21 (Diff human score 0.4, Var score 0.4), column 'Fscore'",0.507462687,result
rare-reanalysis-20261009-result-vestito2024-dh4-vs4-f2,rare-reanalysis-20261009-source-vestito2024-supp,"Supplementary Table 1 line 21 (Diff human score 0.4, Var score 0.4), column 'F2score'",0.693877551,result
rare-reanalysis-20261009-result-vestito2024-dh4-vs4-fn,rare-reanalysis-20261009-source-vestito2024-supp,"Supplementary Table 1 line 21 (Diff human score 0.4, Var score 0.4), column 'FN'",3,result
rare-reanalysis-20261009-result-vestito2024-dh4-vs4-fp,rare-reanalysis-20261009-source-vestito2024-supp,"Supplementary Table 1 line 21 (Diff human score 0.4, Var score 0.4), column 'FP'",63,result
rare-reanalysis-20261009-result-vestito2024-dh4-vs4-precision,rare-reanalysis-20261009-source-vestito2024-supp,"Supplementary Table 1 line 21 (Diff human score 0.4, Var score 0.4), column 'precision'",0.350515464,result
rare-reanalysis-20261009-result-vestito2024-dh4-vs4-recall,rare-reanalysis-20261009-source-vestito2024-supp,"Supplementary Table 1 line 21 (Diff human score 0.4, Var score 0.4), column 'recall'",0.918918919,result
rare-reanalysis-20261009-result-vestito2024-dh4-vs4-tn,rare-reanalysis-20261009-source-vestito2024-supp,"Supplementary Table 1 line 21 (Diff human score 0.4, Var score 0.4), column 'TN'",1746,result
rare-reanalysis-20261009-result-vestito2024-dh4-vs4-tp,rare-reanalysis-20261009-source-vestito2024-supp,"Supplementary Table 1 line 21 (Diff human score 0.4, Var score 0.4), column 'TP'",34,result
rare-reanalysis-20261009-result-vestito2024-dh4-vs5-f1,rare-reanalysis-20261009-source-vestito2024-supp,"Supplementary Table 1 line 18 (Diff human score 0.4, Var score 0.5), column 'Fscore'",0.537815126,result
rare-reanalysis-20261009-result-vestito2024-dh4-vs5-f2,rare-reanalysis-20261009-source-vestito2024-supp,"Supplementary Table 1 line 18 (Diff human score 0.4, Var score 0.5), column 'F2score'",0.695652174,result
rare-reanalysis-20261009-result-vestito2024-dh4-vs5-fn,rare-reanalysis-20261009-source-vestito2024-supp,"Supplementary Table 1 line 18 (Diff human score 0.4, Var score 0.5), column 'FN'",5,result
rare-reanalysis-20261009-result-vestito2024-dh4-vs5-fp,rare-reanalysis-20261009-source-vestito2024-supp,"Supplementary Table 1 line 18 (Diff human score 0.4, Var score 0.5), column 'FP'",50,result
rare-reanalysis-20261009-result-vestito2024-dh4-vs5-precision,rare-reanalysis-20261009-source-vestito2024-supp,"Supplementary Table 1 line 18 (Diff human score 0.4, Var score 0.5), column 'precision'",0.390243902,result
rare-reanalysis-20261009-result-vestito2024-dh4-vs5-recall,rare-reanalysis-20261009-source-vestito2024-supp,"Supplementary Table 1 line 18 (Diff human score 0.4, Var score 0.5), column 'recall'",0.864864865,result
rare-reanalysis-20261009-result-vestito2024-dh4-vs5-tn,rare-reanalysis-20261009-source-vestito2024-supp,"Supplementary Table 1 line 18 (Diff human score 0.4, Var score 0.5), column 'TN'",1759,result
rare-reanalysis-20261009-result-vestito2024-dh4-vs5-tp,rare-reanalysis-20261009-source-vestito2024-supp,"Supplementary Table 1 line 18 (Diff human score 0.4, Var score 0.5), column 'TP'",32,result
rare-reanalysis-20261009-result-vestito2024-dh4-vs6-f1,rare-reanalysis-20261009-source-vestito2024-supp,"Supplementary Table 1 line 11 (Diff human score 0.4, Var score 0.6), column 'Fscore'",0.59047619,result
rare-reanalysis-20261009-result-vestito2024-dh4-vs6-f2,rare-reanalysis-20261009-source-vestito2024-supp,"Supplementary Table 1 line 11 (Diff human score 0.4, Var score 0.6), column 'F2score'",0.717592593,result
rare-reanalysis-20261009-result-vestito2024-dh4-vs6-fn,rare-reanalysis-20261009-source-vestito2024-supp,"Supplementary Table 1 line 11 (Diff human score 0.4, Var score 0.6), column 'FN'",6,result
rare-reanalysis-20261009-result-vestito2024-dh4-vs6-fp,rare-reanalysis-20261009-source-vestito2024-supp,"Supplementary Table 1 line 11 (Diff human score 0.4, Var score 0.6), column 'FP'",37,result
rare-reanalysis-20261009-result-vestito2024-dh4-vs6-precision,rare-reanalysis-20261009-source-vestito2024-supp,"Supplementary Table 1 line 11 (Diff human score 0.4, Var score 0.6), column 'precision'",0.455882353,result
rare-reanalysis-20261009-result-vestito2024-dh4-vs6-recall,rare-reanalysis-20261009-source-vestito2024-supp,"Supplementary Table 1 line 11 (Diff human score 0.4, Var score 0.6), column 'recall'",0.837837838,result
rare-reanalysis-20261009-result-vestito2024-dh4-vs6-tn,rare-reanalysis-20261009-source-vestito2024-supp,"Supplementary Table 1 line 11 (Diff human score 0.4, Var score 0.6), column 'TN'",1772,result
rare-reanalysis-20261009-result-vestito2024-dh4-vs6-tp,rare-reanalysis-20261009-source-vestito2024-supp,"Supplementary Table 1 line 11 (Diff human score 0.4, Var score 0.6), column 'TP'",31,result
rare-reanalysis-20261009-result-vestito2024-dh4-vs7-f1,rare-reanalysis-20261009-source-vestito2024-supp,"Supplementary Table 1 line 13 (Diff human score 0.4, Var score 0.7), column 'Fscore'",0.630434783,result
rare-reanalysis-20261009-result-vestito2024-dh4-vs7-f2,rare-reanalysis-20261009-source-vestito2024-supp,"Supplementary Table 1 line 13 (Diff human score 0.4, Var score 0.7), column 'F2score'",0.714285714,result
rare-reanalysis-20261009-result-vestito2024-dh4-vs7-fn,rare-reanalysis-20261009-source-vestito2024-supp,"Supplementary Table 1 line 13 (Diff human score 0.4, Var score 0.7), column 'FN'",8,result
rare-reanalysis-20261009-result-vestito2024-dh4-vs7-fp,rare-reanalysis-20261009-source-vestito2024-supp,"Supplementary Table 1 line 13 (Diff human score 0.4, Var score 0.7), column 'FP'",26,result
rare-reanalysis-20261009-result-vestito2024-dh4-vs7-precision,rare-reanalysis-20261009-source-vestito2024-supp,"Supplementary Table 1 line 13 (Diff human score 0.4, Var score 0.7), column 'precision'",0.527272727,result
rare-reanalysis-20261009-result-vestito2024-dh4-vs7-recall,rare-reanalysis-20261009-source-vestito2024-supp,"Supplementary Table 1 line 13 (Diff human score 0.4, Var score 0.7), column 'recall'",0.783783784,result
rare-reanalysis-20261009-result-vestito2024-dh4-vs7-tn,rare-reanalysis-20261009-source-vestito2024-supp,"Supplementary Table 1 line 13 (Diff human score 0.4, Var score 0.7), column 'TN'",1783,result
rare-reanalysis-20261009-result-vestito2024-dh4-vs7-tp,rare-reanalysis-20261009-source-vestito2024-supp,"Supplementary Table 1 line 13 (Diff human score 0.4, Var score 0.7), column 'TP'",29,result
rare-reanalysis-20261009-result-vestito2024-dh4-vs8-f1,rare-reanalysis-20261009-source-vestito2024-supp,"Supplementary Table 1 line 5 (Diff human score 0.4, Var score 0.8), column 'Fscore'",0.717948718,result
rare-reanalysis-20261009-result-vestito2024-dh4-vs8-f2,rare-reanalysis-20261009-source-vestito2024-supp,"Supplementary Table 1 line 5 (Diff human score 0.4, Var score 0.8), column 'F2score'",0.740740741,result
rare-reanalysis-20261009-result-vestito2024-dh4-vs8-fn,rare-reanalysis-20261009-source-vestito2024-supp,"Supplementary Table 1 line 5 (Diff human score 0.4, Var score 0.8), column 'FN'",9,result
rare-reanalysis-20261009-result-vestito2024-dh4-vs8-fp,rare-reanalysis-20261009-source-vestito2024-supp,"Supplementary Table 1 line 5 (Diff human score 0.4, Var score 0.8), column 'FP'",13,result
rare-reanalysis-20261009-result-vestito2024-dh4-vs8-precision,rare-reanalysis-20261009-source-vestito2024-supp,"Supplementary Table 1 line 5 (Diff human score 0.4, Var score 0.8), column 'precision'",0.682926829,result
rare-reanalysis-20261009-result-vestito2024-dh4-vs8-recall,rare-reanalysis-20261009-source-vestito2024-supp,"Supplementary Table 1 line 5 (Diff human score 0.4, Var score 0.8), column 'recall'",0.756756757,result
rare-reanalysis-20261009-result-vestito2024-dh4-vs8-tn,rare-reanalysis-20261009-source-vestito2024-supp,"Supplementary Table 1 line 5 (Diff human score 0.4, Var score 0.8), column 'TN'",1796,result
rare-reanalysis-20261009-result-vestito2024-dh4-vs8-tp,rare-reanalysis-20261009-source-vestito2024-supp,"Supplementary Table 1 line 5 (Diff human score 0.4, Var score 0.8), column 'TP'",28,result
rare-reanalysis-20261009-result-vestito2024-dh4-vs9-f1,rare-reanalysis-20261009-source-vestito2024-supp,"Supplementary Table 1 line 28 (Diff human score 0.4, Var score 0.9), column 'Fscore'",0.71641791,result
rare-reanalysis-20261009-result-vestito2024-dh4-vs9-f2,rare-reanalysis-20261009-source-vestito2024-supp,"Supplementary Table 1 line 28 (Diff human score 0.4, Var score 0.9), column 'F2score'",0.674157303,result
rare-reanalysis-20261009-result-vestito2024-dh4-vs9-fn,rare-reanalysis-20261009-source-vestito2024-supp,"Supplementary Table 1 line 28 (Diff human score 0.4, Var score 0.9), column 'FN'",13,result
rare-reanalysis-20261009-result-vestito2024-dh4-vs9-fp,rare-reanalysis-20261009-source-vestito2024-supp,"Supplementary Table 1 line 28 (Diff human score 0.4, Var score 0.9), column 'FP'",6,result
rare-reanalysis-20261009-result-vestito2024-dh4-vs9-precision,rare-reanalysis-20261009-source-vestito2024-supp,"Supplementary Table 1 line 28 (Diff human score 0.4, Var score 0.9), column 'precision'",0.8,result
rare-reanalysis-20261009-result-vestito2024-dh4-vs9-recall,rare-reanalysis-20261009-source-vestito2024-supp,"Supplementary Table 1 line 28 (Diff human score 0.4, Var score 0.9), column 'recall'",0.648648649,result
rare-reanalysis-20261009-result-vestito2024-dh4-vs9-tn,rare-reanalysis-20261009-source-vestito2024-supp,"Supplementary Table 1 line 28 (Diff human score 0.4, Var score 0.9), column 'TN'",1803,result
rare-reanalysis-20261009-result-vestito2024-dh4-vs9-tp,rare-reanalysis-20261009-source-vestito2024-supp,"Supplementary Table 1 line 28 (Diff human score 0.4, Var score 0.9), column 'TP'",24,result
rare-reanalysis-20261009-result-vestito2024-dh5-vs1-f1,rare-reanalysis-20261009-source-vestito2024-supp,"Supplementary Table 1 line 36 (Diff human score 0.5, Var score 0.1), column 'Fscore'",0.48,result
rare-reanalysis-20261009-result-vestito2024-dh5-vs1-f2,rare-reanalysis-20261009-source-vestito2024-supp,"Supplementary Table 1 line 36 (Diff human score 0.5, Var score 0.1), column 'F2score'",0.63559322,result
rare-reanalysis-20261009-result-vestito2024-dh5-vs1-fn,rare-reanalysis-20261009-source-vestito2024-supp,"Supplementary Table 1 line 36 (Diff human score 0.5, Var score 0.1), column 'FN'",7,result
rare-reanalysis-20261009-result-vestito2024-dh5-vs1-fp,rare-reanalysis-20261009-source-vestito2024-supp,"Supplementary Table 1 line 36 (Diff human score 0.5, Var score 0.1), column 'FP'",58,result
rare-reanalysis-20261009-result-vestito2024-dh5-vs1-precision,rare-reanalysis-20261009-source-vestito2024-supp,"Supplementary Table 1 line 36 (Diff human score 0.5, Var score 0.1), column 'precision'",0.340909091,result
rare-reanalysis-20261009-result-vestito2024-dh5-vs1-recall,rare-reanalysis-20261009-source-vestito2024-supp,"Supplementary Table 1 line 36 (Diff human score 0.5, Var score 0.1), column 'recall'",0.810810811,result
rare-reanalysis-20261009-result-vestito2024-dh5-vs1-tn,rare-reanalysis-20261009-source-vestito2024-supp,"Supplementary Table 1 line 36 (Diff human score 0.5, Var score 0.1), column 'TN'",1751,result
rare-reanalysis-20261009-result-vestito2024-dh5-vs1-tp,rare-reanalysis-20261009-source-vestito2024-supp,"Supplementary Table 1 line 36 (Diff human score 0.5, Var score 0.1), column 'TP'",30,result
rare-reanalysis-20261009-result-vestito2024-dh5-vs2-f1,rare-reanalysis-20261009-source-vestito2024-supp,"Supplementary Table 1 line 29 (Diff human score 0.5, Var score 0.2), column 'Fscore'",0.52173913,result
rare-reanalysis-20261009-result-vestito2024-dh5-vs2-f2,rare-reanalysis-20261009-source-vestito2024-supp,"Supplementary Table 1 line 29 (Diff human score 0.5, Var score 0.2), column 'F2score'",0.663716814,result
rare-reanalysis-20261009-result-vestito2024-dh5-vs2-fn,rare-reanalysis-20261009-source-vestito2024-supp,"Supplementary Table 1 line 29 (Diff human score 0.5, Var score 0.2), column 'FN'",7,result
rare-reanalysis-20261009-result-vestito2024-dh5-vs2-fp,rare-reanalysis-20261009-source-vestito2024-supp,"Supplementary Table 1 line 29 (Diff human score 0.5, Var score 0.2), column 'FP'",48,result
rare-reanalysis-20261009-result-vestito2024-dh5-vs2-precision,rare-reanalysis-20261009-source-vestito2024-supp,"Supplementary Table 1 line 29 (Diff human score 0.5, Var score 0.2), column 'precision'",0.384615385,result
rare-reanalysis-20261009-result-vestito2024-dh5-vs2-recall,rare-reanalysis-20261009-source-vestito2024-supp,"Supplementary Table 1 line 29 (Diff human score 0.5, Var score 0.2), column 'recall'",0.810810811,result
rare-reanalysis-20261009-result-vestito2024-dh5-vs2-tn,rare-reanalysis-20261009-source-vestito2024-supp,"Supplementary Table 1 line 29 (Diff human score 0.5, Var score 0.2), column 'TN'",1761,result
rare-reanalysis-20261009-result-vestito2024-dh5-vs2-tp,rare-reanalysis-20261009-source-vestito2024-supp,"Supplementary Table 1 line 29 (Diff human score 0.5, Var score 0.2), column 'TP'",30,result
rare-reanalysis-20261009-result-vestito2024-dh5-vs3-f1,rare-reanalysis-20261009-source-vestito2024-supp,"Supplementary Table 1 line 26 (Diff human score 0.5, Var score 0.3), column 'Fscore'",0.545454545,result
rare-reanalysis-20261009-result-vestito2024-dh5-vs3-f2,rare-reanalysis-20261009-source-vestito2024-supp,"Supplementary Table 1 line 26 (Diff human score 0.5, Var score 0.3), column 'F2score'",0.678733032,result
rare-reanalysis-20261009-result-vestito2024-dh5-vs3-fn,rare-reanalysis-20261009-source-vestito2024-supp,"Supplementary Table 1 line 26 (Diff human score 0.5, Var score 0.3), column 'FN'",7,result
rare-reanalysis-20261009-result-vestito2024-dh5-vs3-fp,rare-reanalysis-20261009-source-vestito2024-supp,"Supplementary Table 1 line 26 (Diff human score 0.5, Var score 0.3), column 'FP'",43,result
rare-reanalysis-20261009-result-vestito2024-dh5-vs3-precision,rare-reanalysis-20261009-source-vestito2024-supp,"Supplementary Table 1 line 26 (Diff human score 0.5, Var score 0.3), column 'precision'",0.410958904,result
rare-reanalysis-20261009-result-vestito2024-dh5-vs3-recall,rare-reanalysis-20261009-source-vestito2024-supp,"Supplementary Table 1 line 26 (Diff human score 0.5, Var score 0.3), column 'recall'",0.810810811,result
rare-reanalysis-20261009-result-vestito2024-dh5-vs3-tn,rare-reanalysis-20261009-source-vestito2024-supp,"Supplementary Table 1 line 26 (Diff human score 0.5, Var score 0.3), column 'TN'",1766,result
rare-reanalysis-20261009-result-vestito2024-dh5-vs3-tp,rare-reanalysis-20261009-source-vestito2024-supp,"Supplementary Table 1 line 26 (Diff human score 0.5, Var score 0.3), column 'TP'",30,result
rare-reanalysis-20261009-result-vestito2024-dh5-vs4-f1,rare-reanalysis-20261009-source-vestito2024-supp,"Supplementary Table 1 line 17 (Diff human score 0.5, Var score 0.4), column 'Fscore'",0.594059406,result
rare-reanalysis-20261009-result-vestito2024-dh5-vs4-f2,rare-reanalysis-20261009-source-vestito2024-supp,"Supplementary Table 1 line 17 (Diff human score 0.5, Var score 0.4), column 'F2score'",0.70754717,result
rare-reanalysis-20261009-result-vestito2024-dh5-vs4-fn,rare-reanalysis-20261009-source-vestito2024-supp,"Supplementary Table 1 line 17 (Diff human score 0.5, Var score 0.4), column 'FN'",7,result
rare-reanalysis-20261009-result-vestito2024-dh5-vs4-fp,rare-reanalysis-20261009-source-vestito2024-supp,"Supplementary Table 1 line 17 (Diff human score 0.5, Var score 0.4), column 'FP'",34,result
rare-reanalysis-20261009-result-vestito2024-dh5-vs4-precision,rare-reanalysis-20261009-source-vestito2024-supp,"Supplementary Table 1 line 17 (Diff human score 0.5, Var score 0.4), column 'precision'",0.46875,result
rare-reanalysis-20261009-result-vestito2024-dh5-vs4-recall,rare-reanalysis-20261009-source-vestito2024-supp,"Supplementary Table 1 line 17 (Diff human score 0.5, Var score 0.4), column 'recall'",0.810810811,result
rare-reanalysis-20261009-result-vestito2024-dh5-vs4-tn,rare-reanalysis-20261009-source-vestito2024-supp,"Supplementary Table 1 line 17 (Diff human score 0.5, Var score 0.4), column 'TN'",1775,result
rare-reanalysis-20261009-result-vestito2024-dh5-vs4-tp,rare-reanalysis-20261009-source-vestito2024-supp,"Supplementary Table 1 line 17 (Diff human score 0.5, Var score 0.4), column 'TP'",30,result
rare-reanalysis-20261009-result-vestito2024-dh5-vs5-f1,rare-reanalysis-20261009-source-vestito2024-supp,"Supplementary Table 1 line 14 (Diff human score 0.5, Var score 0.5), column 'Fscore'",0.630434783,result
rare-reanalysis-20261009-result-vestito2024-dh5-vs5-f2,rare-reanalysis-20261009-source-vestito2024-supp,"Supplementary Table 1 line 14 (Diff human score 0.5, Var score 0.5), column 'F2score'",0.714285714,result
rare-reanalysis-20261009-result-vestito2024-dh5-vs5-fn,rare-reanalysis-20261009-source-vestito2024-supp,"Supplementary Table 1 line 14 (Diff human score 0.5, Var score 0.5), column 'FN'",8,result
rare-reanalysis-20261009-result-vestito2024-dh5-vs5-fp,rare-reanalysis-20261009-source-vestito2024-supp,"Supplementary Table 1 line 14 (Diff human score 0.5, Var score 0.5), column 'FP'",26,result
rare-reanalysis-20261009-result-vestito2024-dh5-vs5-precision,rare-reanalysis-20261009-source-vestito2024-supp,"Supplementary Table 1 line 14 (Diff human score 0.5, Var score 0.5), column 'precision'",0.527272727,result
rare-reanalysis-20261009-result-vestito2024-dh5-vs5-recall,rare-reanalysis-20261009-source-vestito2024-supp,"Supplementary Table 1 line 14 (Diff human score 0.5, Var score 0.5), column 'recall'",0.783783784,result
rare-reanalysis-20261009-result-vestito2024-dh5-vs5-tn,rare-reanalysis-20261009-source-vestito2024-supp,"Supplementary Table 1 line 14 (Diff human score 0.5, Var score 0.5), column 'TN'",1783,result
rare-reanalysis-20261009-result-vestito2024-dh5-vs5-tp,rare-reanalysis-20261009-source-vestito2024-supp,"Supplementary Table 1 line 14 (Diff human score 0.5, Var score 0.5), column 'TP'",29,result
rare-reanalysis-20261009-result-vestito2024-dh5-vs6-f1,rare-reanalysis-20261009-source-vestito2024-supp,"Supplementary Table 1 line 10 (Diff human score 0.5, Var score 0.6), column 'Fscore'",0.666666667,result
rare-reanalysis-20261009-result-vestito2024-dh5-vs6-f2,rare-reanalysis-20261009-source-vestito2024-supp,"Supplementary Table 1 line 10 (Diff human score 0.5, Var score 0.6), column 'F2score'",0.717948718,result
rare-reanalysis-20261009-result-vestito2024-dh5-vs6-fn,rare-reanalysis-20261009-source-vestito2024-supp,"Supplementary Table 1 line 10 (Diff human score 0.5, Var score 0.6), column 'FN'",9,result
rare-reanalysis-20261009-result-vestito2024-dh5-vs6-fp,rare-reanalysis-20261009-source-vestito2024-supp,"Supplementary Table 1 line 10 (Diff human score 0.5, Var score 0.6), column 'FP'",19,result
rare-reanalysis-20261009-result-vestito2024-dh5-vs6-precision,rare-reanalysis-20261009-source-vestito2024-supp,"Supplementary Table 1 line 10 (Diff human score 0.5, Var score 0.6), column 'precision'",0.595744681,result
rare-reanalysis-20261009-result-vestito2024-dh5-vs6-recall,rare-reanalysis-20261009-source-vestito2024-supp,"Supplementary Table 1 line 10 (Diff human score 0.5, Var score 0.6), column 'recall'",0.756756757,result
rare-reanalysis-20261009-result-vestito2024-dh5-vs6-tn,rare-reanalysis-20261009-source-vestito2024-supp,"Supplementary Table 1 line 10 (Diff human score 0.5, Var score 0.6), column 'TN'",1790,result
rare-reanalysis-20261009-result-vestito2024-dh5-vs6-tp,rare-reanalysis-20261009-source-vestito2024-supp,"Supplementary Table 1 line 10 (Diff human score 0.5, Var score 0.6), column 'TP'",28,result
rare-reanalysis-20261009-result-vestito2024-dh5-vs7-f1,rare-reanalysis-20261009-source-vestito2024-supp,"Supplementary Table 1 line 24 (Diff human score 0.5, Var score 0.7), column 'Fscore'",0.658227848,result
rare-reanalysis-20261009-result-vestito2024-dh5-vs7-f2,rare-reanalysis-20261009-source-vestito2024-supp,"Supplementary Table 1 line 24 (Diff human score 0.5, Var score 0.7), column 'F2score'",0.684210526,result
rare-reanalysis-20261009-result-vestito2024-dh5-vs7-fn,rare-reanalysis-20261009-source-vestito2024-supp,"Supplementary Table 1 line 24 (Diff human score 0.5, Var score 0.7), column 'FN'",11,result
rare-reanalysis-20261009-result-vestito2024-dh5-vs7-fp,rare-reanalysis-20261009-source-vestito2024-supp,"Supplementary Table 1 line 24 (Diff human score 0.5, Var score 0.7), column 'FP'",16,result
rare-reanalysis-20261009-result-vestito2024-dh5-vs7-precision,rare-reanalysis-20261009-source-vestito2024-supp,"Supplementary Table 1 line 24 (Diff human score 0.5, Var score 0.7), column 'precision'",0.619047619,result
rare-reanalysis-20261009-result-vestito2024-dh5-vs7-recall,rare-reanalysis-20261009-source-vestito2024-supp,"Supplementary Table 1 line 24 (Diff human score 0.5, Var score 0.7), column 'recall'",0.702702703,result
rare-reanalysis-20261009-result-vestito2024-dh5-vs7-tn,rare-reanalysis-20261009-source-vestito2024-supp,"Supplementary Table 1 line 24 (Diff human score 0.5, Var score 0.7), column 'TN'",1793,result
rare-reanalysis-20261009-result-vestito2024-dh5-vs7-tp,rare-reanalysis-20261009-source-vestito2024-supp,"Supplementary Table 1 line 24 (Diff human score 0.5, Var score 0.7), column 'TP'",26,result
rare-reanalysis-20261009-result-vestito2024-dh5-vs8-f1,rare-reanalysis-20261009-source-vestito2024-supp,"Supplementary Table 1 line 19 (Diff human score 0.5, Var score 0.8), column 'Fscore'",0.724637681,result
rare-reanalysis-20261009-result-vestito2024-dh5-vs8-f2,rare-reanalysis-20261009-source-vestito2024-supp,"Supplementary Table 1 line 19 (Diff human score 0.5, Var score 0.8), column 'F2score'",0.694444444,result
rare-reanalysis-20261009-result-vestito2024-dh5-vs8-fn,rare-reanalysis-20261009-source-vestito2024-supp,"Supplementary Table 1 line 19 (Diff human score 0.5, Var score 0.8), column 'FN'",12,result
rare-reanalysis-20261009-result-vestito2024-dh5-vs8-fp,rare-reanalysis-20261009-source-vestito2024-supp,"Supplementary Table 1 line 19 (Diff human score 0.5, Var score 0.8), column 'FP'",7,result
rare-reanalysis-20261009-result-vestito2024-dh5-vs8-precision,rare-reanalysis-20261009-source-vestito2024-supp,"Supplementary Table 1 line 19 (Diff human score 0.5, Var score 0.8), column 'precision'",0.78125,result
rare-reanalysis-20261009-result-vestito2024-dh5-vs8-recall,rare-reanalysis-20261009-source-vestito2024-supp,"Supplementary Table 1 line 19 (Diff human score 0.5, Var score 0.8), column 'recall'",0.675675676,result
rare-reanalysis-20261009-result-vestito2024-dh5-vs8-tn,rare-reanalysis-20261009-source-vestito2024-supp,"Supplementary Table 1 line 19 (Diff human score 0.5, Var score 0.8), column 'TN'",1802,result
rare-reanalysis-20261009-result-vestito2024-dh5-vs8-tp,rare-reanalysis-20261009-source-vestito2024-supp,"Supplementary Table 1 line 19 (Diff human score 0.5, Var score 0.8), column 'TP'",25,result
rare-reanalysis-20261009-result-vestito2024-dh5-vs9-f1,rare-reanalysis-20261009-source-vestito2024-supp,"Supplementary Table 1 line 34 (Diff human score 0.5, Var score 0.9), column 'Fscore'",0.709677419,result
rare-reanalysis-20261009-result-vestito2024-dh5-vs9-f2,rare-reanalysis-20261009-source-vestito2024-supp,"Supplementary Table 1 line 34 (Diff human score 0.5, Var score 0.9), column 'F2score'",0.63583815,result
rare-reanalysis-20261009-result-vestito2024-dh5-vs9-fn,rare-reanalysis-20261009-source-vestito2024-supp,"Supplementary Table 1 line 34 (Diff human score 0.5, Var score 0.9), column 'FN'",15,result
rare-reanalysis-20261009-result-vestito2024-dh5-vs9-fp,rare-reanalysis-20261009-source-vestito2024-supp,"Supplementary Table 1 line 34 (Diff human score 0.5, Var score 0.9), column 'FP'",3,result
rare-reanalysis-20261009-result-vestito2024-dh5-vs9-precision,rare-reanalysis-20261009-source-vestito2024-supp,"Supplementary Table 1 line 34 (Diff human score 0.5, Var score 0.9), column 'precision'",0.88,result
rare-reanalysis-20261009-result-vestito2024-dh5-vs9-recall,rare-reanalysis-20261009-source-vestito2024-supp,"Supplementary Table 1 line 34 (Diff human score 0.5, Var score 0.9), column 'recall'",0.594594595,result
rare-reanalysis-20261009-result-vestito2024-dh5-vs9-tn,rare-reanalysis-20261009-source-vestito2024-supp,"Supplementary Table 1 line 34 (Diff human score 0.5, Var score 0.9), column 'TN'",1806,result
rare-reanalysis-20261009-result-vestito2024-dh5-vs9-tp,rare-reanalysis-20261009-source-vestito2024-supp,"Supplementary Table 1 line 34 (Diff human score 0.5, Var score 0.9), column 'TP'",22,result
rare-reanalysis-20261009-result-vestito2024-dh6-vs1-f1,rare-reanalysis-20261009-source-vestito2024-supp,"Supplementary Table 1 line 53 (Diff human score 0.6, Var score 0.1), column 'Fscore'",0.477272727,result
rare-reanalysis-20261009-result-vestito2024-dh6-vs1-f2,rare-reanalysis-20261009-source-vestito2024-supp,"Supplementary Table 1 line 53 (Diff human score 0.6, Var score 0.1), column 'F2score'",0.527638191,result
rare-reanalysis-20261009-result-vestito2024-dh6-vs1-fn,rare-reanalysis-20261009-source-vestito2024-supp,"Supplementary Table 1 line 53 (Diff human score 0.6, Var score 0.1), column 'FN'",16,result
rare-reanalysis-20261009-result-vestito2024-dh6-vs1-fp,rare-reanalysis-20261009-source-vestito2024-supp,"Supplementary Table 1 line 53 (Diff human score 0.6, Var score 0.1), column 'FP'",30,result
rare-reanalysis-20261009-result-vestito2024-dh6-vs1-precision,rare-reanalysis-20261009-source-vestito2024-supp,"Supplementary Table 1 line 53 (Diff human score 0.6, Var score 0.1), column 'precision'",0.411764706,result
rare-reanalysis-20261009-result-vestito2024-dh6-vs1-recall,rare-reanalysis-20261009-source-vestito2024-supp,"Supplementary Table 1 line 53 (Diff human score 0.6, Var score 0.1), column 'recall'",0.567567568,result
rare-reanalysis-20261009-result-vestito2024-dh6-vs1-tn,rare-reanalysis-20261009-source-vestito2024-supp,"Supplementary Table 1 line 53 (Diff human score 0.6, Var score 0.1), column 'TN'",1779,result
rare-reanalysis-20261009-result-vestito2024-dh6-vs1-tp,rare-reanalysis-20261009-source-vestito2024-supp,"Supplementary Table 1 line 53 (Diff human score 0.6, Var score 0.1), column 'TP'",21,result
rare-reanalysis-20261009-result-vestito2024-dh6-vs2-f1,rare-reanalysis-20261009-source-vestito2024-supp,"Supplementary Table 1 line 49 (Diff human score 0.6, Var score 0.2), column 'Fscore'",0.506024096,result
rare-reanalysis-20261009-result-vestito2024-dh6-vs2-f2,rare-reanalysis-20261009-source-vestito2024-supp,"Supplementary Table 1 line 49 (Diff human score 0.6, Var score 0.2), column 'F2score'",0.541237113,result
rare-reanalysis-20261009-result-vestito2024-dh6-vs2-fn,rare-reanalysis-20261009-source-vestito2024-supp,"Supplementary Table 1 line 49 (Diff human score 0.6, Var score 0.2), column 'FN'",16,result
rare-reanalysis-20261009-result-vestito2024-dh6-vs2-fp,rare-reanalysis-20261009-source-vestito2024-supp,"Supplementary Table 1 line 49 (Diff human score 0.6, Var score 0.2), column 'FP'",25,result
rare-reanalysis-20261009-result-vestito2024-dh6-vs2-precision,rare-reanalysis-20261009-source-vestito2024-supp,"Supplementary Table 1 line 49 (Diff human score 0.6, Var score 0.2), column 'precision'",0.456521739,result
rare-reanalysis-20261009-result-vestito2024-dh6-vs2-recall,rare-reanalysis-20261009-source-vestito2024-supp,"Supplementary Table 1 line 49 (Diff human score 0.6, Var score 0.2), column 'recall'",0.567567568,result
rare-reanalysis-20261009-result-vestito2024-dh6-vs2-tn,rare-reanalysis-20261009-source-vestito2024-supp,"Supplementary Table 1 line 49 (Diff human score 0.6, Var score 0.2), column 'TN'",1784,result
rare-reanalysis-20261009-result-vestito2024-dh6-vs2-tp,rare-reanalysis-20261009-source-vestito2024-supp,"Supplementary Table 1 line 49 (Diff human score 0.6, Var score 0.2), column 'TP'",21,result
rare-reanalysis-20261009-result-vestito2024-dh6-vs3-f1,rare-reanalysis-20261009-source-vestito2024-supp,"Supplementary Table 1 line 48 (Diff human score 0.6, Var score 0.3), column 'Fscore'",0.518518519,result
rare-reanalysis-20261009-result-vestito2024-dh6-vs3-f2,rare-reanalysis-20261009-source-vestito2024-supp,"Supplementary Table 1 line 48 (Diff human score 0.6, Var score 0.3), column 'F2score'",0.546875,result
rare-reanalysis-20261009-result-vestito2024-dh6-vs3-fn,rare-reanalysis-20261009-source-vestito2024-supp,"Supplementary Table 1 line 48 (Diff human score 0.6, Var score 0.3), column 'FN'",16,result
rare-reanalysis-20261009-result-vestito2024-dh6-vs3-fp,rare-reanalysis-20261009-source-vestito2024-supp,"Supplementary Table 1 line 48 (Diff human score 0.6, Var score 0.3), column 'FP'",23,result
rare-reanalysis-20261009-result-vestito2024-dh6-vs3-precision,rare-reanalysis-20261009-source-vestito2024-supp,"Supplementary Table 1 line 48 (Diff human score 0.6, Var score 0.3), column 'precision'",0.477272727,result
rare-reanalysis-20261009-result-vestito2024-dh6-vs3-recall,rare-reanalysis-20261009-source-vestito2024-supp,"Supplementary Table 1 line 48 (Diff human score 0.6, Var score 0.3), column 'recall'",0.567567568,result
rare-reanalysis-20261009-result-vestito2024-dh6-vs3-tn,rare-reanalysis-20261009-source-vestito2024-supp,"Supplementary Table 1 line 48 (Diff human score 0.6, Var score 0.3), column 'TN'",1786,result
rare-reanalysis-20261009-result-vestito2024-dh6-vs3-tp,rare-reanalysis-20261009-source-vestito2024-supp,"Supplementary Table 1 line 48 (Diff human score 0.6, Var score 0.3), column 'TP'",21,result
rare-reanalysis-20261009-result-vestito2024-dh6-vs4-f1,rare-reanalysis-20261009-source-vestito2024-supp,"Supplementary Table 1 line 46 (Diff human score 0.6, Var score 0.4), column 'Fscore'",0.545454545,result
rare-reanalysis-20261009-result-vestito2024-dh6-vs4-f2,rare-reanalysis-20261009-source-vestito2024-supp,"Supplementary Table 1 line 46 (Diff human score 0.6, Var score 0.4), column 'F2score'",0.558510638,result
rare-reanalysis-20261009-result-vestito2024-dh6-vs4-fn,rare-reanalysis-20261009-source-vestito2024-supp,"Supplementary Table 1 line 46 (Diff human score 0.6, Var score 0.4), column 'FN'",16,result
rare-reanalysis-20261009-result-vestito2024-dh6-vs4-fp,rare-reanalysis-20261009-source-vestito2024-supp,"Supplementary Table 1 line 46 (Diff human score 0.6, Var score 0.4), column 'FP'",19,result
rare-reanalysis-20261009-result-vestito2024-dh6-vs4-precision,rare-reanalysis-20261009-source-vestito2024-supp,"Supplementary Table 1 line 46 (Diff human score 0.6, Var score 0.4), column 'precision'",0.525,result
rare-reanalysis-20261009-result-vestito2024-dh6-vs4-recall,rare-reanalysis-20261009-source-vestito2024-supp,"Supplementary Table 1 line 46 (Diff human score 0.6, Var score 0.4), column 'recall'",0.567567568,result
rare-reanalysis-20261009-result-vestito2024-dh6-vs4-tn,rare-reanalysis-20261009-source-vestito2024-supp,"Supplementary Table 1 line 46 (Diff human score 0.6, Var score 0.4), column 'TN'",1790,result
rare-reanalysis-20261009-result-vestito2024-dh6-vs4-tp,rare-reanalysis-20261009-source-vestito2024-supp,"Supplementary Table 1 line 46 (Diff human score 0.6, Var score 0.4), column 'TP'",21,result
rare-reanalysis-20261009-result-vestito2024-dh6-vs5-f1,rare-reanalysis-20261009-source-vestito2024-supp,"Supplementary Table 1 line 44 (Diff human score 0.6, Var score 0.5), column 'Fscore'",0.575342466,result
rare-reanalysis-20261009-result-vestito2024-dh6-vs5-f2,rare-reanalysis-20261009-source-vestito2024-supp,"Supplementary Table 1 line 44 (Diff human score 0.6, Var score 0.5), column 'F2score'",0.570652174,result
rare-reanalysis-20261009-result-vestito2024-dh6-vs5-fn,rare-reanalysis-20261009-source-vestito2024-supp,"Supplementary Table 1 line 44 (Diff human score 0.6, Var score 0.5), column 'FN'",16,result
rare-reanalysis-20261009-result-vestito2024-dh6-vs5-fp,rare-reanalysis-20261009-source-vestito2024-supp,"Supplementary Table 1 line 44 (Diff human score 0.6, Var score 0.5), column 'FP'",15,result
rare-reanalysis-20261009-result-vestito2024-dh6-vs5-precision,rare-reanalysis-20261009-source-vestito2024-supp,"Supplementary Table 1 line 44 (Diff human score 0.6, Var score 0.5), column 'precision'",0.583333333,result
rare-reanalysis-20261009-result-vestito2024-dh6-vs5-recall,rare-reanalysis-20261009-source-vestito2024-supp,"Supplementary Table 1 line 44 (Diff human score 0.6, Var score 0.5), column 'recall'",0.567567568,result
rare-reanalysis-20261009-result-vestito2024-dh6-vs5-tn,rare-reanalysis-20261009-source-vestito2024-supp,"Supplementary Table 1 line 44 (Diff human score 0.6, Var score 0.5), column 'TN'",1794,result
rare-reanalysis-20261009-result-vestito2024-dh6-vs5-tp,rare-reanalysis-20261009-source-vestito2024-supp,"Supplementary Table 1 line 44 (Diff human score 0.6, Var score 0.5), column 'TP'",21,result
rare-reanalysis-20261009-result-vestito2024-dh6-vs6-f1,rare-reanalysis-20261009-source-vestito2024-supp,"Supplementary Table 1 line 42 (Diff human score 0.6, Var score 0.6), column 'Fscore'",0.617647059,result
rare-reanalysis-20261009-result-vestito2024-dh6-vs6-f2,rare-reanalysis-20261009-source-vestito2024-supp,"Supplementary Table 1 line 42 (Diff human score 0.6, Var score 0.6), column 'F2score'",0.586592179,result
rare-reanalysis-20261009-result-vestito2024-dh6-vs6-fn,rare-reanalysis-20261009-source-vestito2024-supp,"Supplementary Table 1 line 42 (Diff human score 0.6, Var score 0.6), column 'FN'",16,result
rare-reanalysis-20261009-result-vestito2024-dh6-vs6-fp,rare-reanalysis-20261009-source-vestito2024-supp,"Supplementary Table 1 line 42 (Diff human score 0.6, Var score 0.6), column 'FP'",10,result
rare-reanalysis-20261009-result-vestito2024-dh6-vs6-precision,rare-reanalysis-20261009-source-vestito2024-supp,"Supplementary Table 1 line 42 (Diff human score 0.6, Var score 0.6), column 'precision'",0.677419355,result
rare-reanalysis-20261009-result-vestito2024-dh6-vs6-recall,rare-reanalysis-20261009-source-vestito2024-supp,"Supplementary Table 1 line 42 (Diff human score 0.6, Var score 0.6), column 'recall'",0.567567568,result
rare-reanalysis-20261009-result-vestito2024-dh6-vs6-tn,rare-reanalysis-20261009-source-vestito2024-supp,"Supplementary Table 1 line 42 (Diff human score 0.6, Var score 0.6), column 'TN'",1799,result
rare-reanalysis-20261009-result-vestito2024-dh6-vs6-tp,rare-reanalysis-20261009-source-vestito2024-supp,"Supplementary Table 1 line 42 (Diff human score 0.6, Var score 0.6), column 'TP'",21,result
rare-reanalysis-20261009-result-vestito2024-dh6-vs7-f1,rare-reanalysis-20261009-source-vestito2024-supp,"Supplementary Table 1 line 50 (Diff human score 0.6, Var score 0.7), column 'Fscore'",0.584615385,result
rare-reanalysis-20261009-result-vestito2024-dh6-vs7-f2,rare-reanalysis-20261009-source-vestito2024-supp,"Supplementary Table 1 line 50 (Diff human score 0.6, Var score 0.7), column 'F2score'",0.539772727,result
rare-reanalysis-20261009-result-vestito2024-dh6-vs7-fn,rare-reanalysis-20261009-source-vestito2024-supp,"Supplementary Table 1 line 50 (Diff human score 0.6, Var score 0.7), column 'FN'",18,result
rare-reanalysis-20261009-result-vestito2024-dh6-vs7-fp,rare-reanalysis-20261009-source-vestito2024-supp,"Supplementary Table 1 line 50 (Diff human score 0.6, Var score 0.7), column 'FP'",9,result
rare-reanalysis-20261009-result-vestito2024-dh6-vs7-precision,rare-reanalysis-20261009-source-vestito2024-supp,"Supplementary Table 1 line 50 (Diff human score 0.6, Var score 0.7), column 'precision'",0.678571429,result
rare-reanalysis-20261009-result-vestito2024-dh6-vs7-recall,rare-reanalysis-20261009-source-vestito2024-supp,"Supplementary Table 1 line 50 (Diff human score 0.6, Var score 0.7), column 'recall'",0.513513514,result
rare-reanalysis-20261009-result-vestito2024-dh6-vs7-tn,rare-reanalysis-20261009-source-vestito2024-supp,"Supplementary Table 1 line 50 (Diff human score 0.6, Var score 0.7), column 'TN'",1800,result
rare-reanalysis-20261009-result-vestito2024-dh6-vs7-tp,rare-reanalysis-20261009-source-vestito2024-supp,"Supplementary Table 1 line 50 (Diff human score 0.6, Var score 0.7), column 'TP'",19,result
rare-reanalysis-20261009-result-vestito2024-dh6-vs8-f1,rare-reanalysis-20261009-source-vestito2024-supp,"Supplementary Table 1 line 51 (Diff human score 0.6, Var score 0.8), column 'Fscore'",0.610169492,result
rare-reanalysis-20261009-result-vestito2024-dh6-vs8-f2,rare-reanalysis-20261009-source-vestito2024-supp,"Supplementary Table 1 line 51 (Diff human score 0.6, Var score 0.8), column 'F2score'",0.529411765,result
rare-reanalysis-20261009-result-vestito2024-dh6-vs8-fn,rare-reanalysis-20261009-source-vestito2024-supp,"Supplementary Table 1 line 51 (Diff human score 0.6, Var score 0.8), column 'FN'",19,result
rare-reanalysis-20261009-result-vestito2024-dh6-vs8-fp,rare-reanalysis-20261009-source-vestito2024-supp,"Supplementary Table 1 line 51 (Diff human score 0.6, Var score 0.8), column 'FP'",4,result
rare-reanalysis-20261009-result-vestito2024-dh6-vs8-precision,rare-reanalysis-20261009-source-vestito2024-supp,"Supplementary Table 1 line 51 (Diff human score 0.6, Var score 0.8), column 'precision'",0.818181818,result
rare-reanalysis-20261009-result-vestito2024-dh6-vs8-recall,rare-reanalysis-20261009-source-vestito2024-supp,"Supplementary Table 1 line 51 (Diff human score 0.6, Var score 0.8), column 'recall'",0.486486486,result
rare-reanalysis-20261009-result-vestito2024-dh6-vs8-tn,rare-reanalysis-20261009-source-vestito2024-supp,"Supplementary Table 1 line 51 (Diff human score 0.6, Var score 0.8), column 'TN'",1805,result
rare-reanalysis-20261009-result-vestito2024-dh6-vs8-tp,rare-reanalysis-20261009-source-vestito2024-supp,"Supplementary Table 1 line 51 (Diff human score 0.6, Var score 0.8), column 'TP'",18,result
rare-reanalysis-20261009-result-vestito2024-dh6-vs9-f1,rare-reanalysis-20261009-source-vestito2024-supp,"Supplementary Table 1 line 55 (Diff human score 0.6, Var score 0.9), column 'Fscore'",0.581818182,result
rare-reanalysis-20261009-result-vestito2024-dh6-vs9-f2,rare-reanalysis-20261009-source-vestito2024-supp,"Supplementary Table 1 line 55 (Diff human score 0.6, Var score 0.9), column 'F2score'",0.481927711,result
rare-reanalysis-20261009-result-vestito2024-dh6-vs9-fn,rare-reanalysis-20261009-source-vestito2024-supp,"Supplementary Table 1 line 55 (Diff human score 0.6, Var score 0.9), column 'FN'",21,result
rare-reanalysis-20261009-result-vestito2024-dh6-vs9-fp,rare-reanalysis-20261009-source-vestito2024-supp,"Supplementary Table 1 line 55 (Diff human score 0.6, Var score 0.9), column 'FP'",2,result
rare-reanalysis-20261009-result-vestito2024-dh6-vs9-precision,rare-reanalysis-20261009-source-vestito2024-supp,"Supplementary Table 1 line 55 (Diff human score 0.6, Var score 0.9), column 'precision'",0.888888889,result
rare-reanalysis-20261009-result-vestito2024-dh6-vs9-recall,rare-reanalysis-20261009-source-vestito2024-supp,"Supplementary Table 1 line 55 (Diff human score 0.6, Var score 0.9), column 'recall'",0.432432432,result
rare-reanalysis-20261009-result-vestito2024-dh6-vs9-tn,rare-reanalysis-20261009-source-vestito2024-supp,"Supplementary Table 1 line 55 (Diff human score 0.6, Var score 0.9), column 'TN'",1807,result
rare-reanalysis-20261009-result-vestito2024-dh6-vs9-tp,rare-reanalysis-20261009-source-vestito2024-supp,"Supplementary Table 1 line 55 (Diff human score 0.6, Var score 0.9), column 'TP'",16,result
rare-reanalysis-20261009-result-vestito2024-dh7-vs1-f1,rare-reanalysis-20261009-source-vestito2024-supp,"Supplementary Table 1 line 61 (Diff human score 0.7, Var score 0.1), column 'Fscore'",0.410958904,result
rare-reanalysis-20261009-result-vestito2024-dh7-vs1-f2,rare-reanalysis-20261009-source-vestito2024-supp,"Supplementary Table 1 line 61 (Diff human score 0.7, Var score 0.1), column 'F2score'",0.407608696,result
rare-reanalysis-20261009-result-vestito2024-dh7-vs1-fn,rare-reanalysis-20261009-source-vestito2024-supp,"Supplementary Table 1 line 61 (Diff human score 0.7, Var score 0.1), column 'FN'",22,result
rare-reanalysis-20261009-result-vestito2024-dh7-vs1-fp,rare-reanalysis-20261009-source-vestito2024-supp,"Supplementary Table 1 line 61 (Diff human score 0.7, Var score 0.1), column 'FP'",21,result
rare-reanalysis-20261009-result-vestito2024-dh7-vs1-precision,rare-reanalysis-20261009-source-vestito2024-supp,"Supplementary Table 1 line 61 (Diff human score 0.7, Var score 0.1), column 'precision'",0.416666667,result
rare-reanalysis-20261009-result-vestito2024-dh7-vs1-recall,rare-reanalysis-20261009-source-vestito2024-supp,"Supplementary Table 1 line 61 (Diff human score 0.7, Var score 0.1), column 'recall'",0.405405405,result
rare-reanalysis-20261009-result-vestito2024-dh7-vs1-tn,rare-reanalysis-20261009-source-vestito2024-supp,"Supplementary Table 1 line 61 (Diff human score 0.7, Var score 0.1), column 'TN'",1788,result
rare-reanalysis-20261009-result-vestito2024-dh7-vs1-tp,rare-reanalysis-20261009-source-vestito2024-supp,"Supplementary Table 1 line 61 (Diff human score 0.7, Var score 0.1), column 'TP'",15,result
rare-reanalysis-20261009-result-vestito2024-dh7-vs2-f1,rare-reanalysis-20261009-source-vestito2024-supp,"Supplementary Table 1 line 60 (Diff human score 0.7, Var score 0.2), column 'Fscore'",0.434782609,result
rare-reanalysis-20261009-result-vestito2024-dh7-vs2-f2,rare-reanalysis-20261009-source-vestito2024-supp,"Supplementary Table 1 line 60 (Diff human score 0.7, Var score 0.2), column 'F2score'",0.416666667,result
rare-reanalysis-20261009-result-vestito2024-dh7-vs2-fn,rare-reanalysis-20261009-source-vestito2024-supp,"Supplementary Table 1 line 60 (Diff human score 0.7, Var score 0.2), column 'FN'",22,result
rare-reanalysis-20261009-result-vestito2024-dh7-vs2-fp,rare-reanalysis-20261009-source-vestito2024-supp,"Supplementary Table 1 line 60 (Diff human score 0.7, Var score 0.2), column 'FP'",17,result
rare-reanalysis-20261009-result-vestito2024-dh7-vs2-precision,rare-reanalysis-20261009-source-vestito2024-supp,"Supplementary Table 1 line 60 (Diff human score 0.7, Var score 0.2), column 'precision'",0.46875,result
rare-reanalysis-20261009-result-vestito2024-dh7-vs2-recall,rare-reanalysis-20261009-source-vestito2024-supp,"Supplementary Table 1 line 60 (Diff human score 0.7, Var score 0.2), column 'recall'",0.405405405,result
rare-reanalysis-20261009-result-vestito2024-dh7-vs2-tn,rare-reanalysis-20261009-source-vestito2024-supp,"Supplementary Table 1 line 60 (Diff human score 0.7, Var score 0.2), column 'TN'",1792,result
rare-reanalysis-20261009-result-vestito2024-dh7-vs2-tp,rare-reanalysis-20261009-source-vestito2024-supp,"Supplementary Table 1 line 60 (Diff human score 0.7, Var score 0.2), column 'TP'",15,result
rare-reanalysis-20261009-result-vestito2024-dh7-vs3-f1,rare-reanalysis-20261009-source-vestito2024-supp,"Supplementary Table 1 line 59 (Diff human score 0.7, Var score 0.3), column 'Fscore'",0.441176471,result
rare-reanalysis-20261009-result-vestito2024-dh7-vs3-f2,rare-reanalysis-20261009-source-vestito2024-supp,"Supplementary Table 1 line 59 (Diff human score 0.7, Var score 0.3), column 'F2score'",0.418994413,result
rare-reanalysis-20261009-result-vestito2024-dh7-vs3-fn,rare-reanalysis-20261009-source-vestito2024-supp,"Supplementary Table 1 line 59 (Diff human score 0.7, Var score 0.3), column 'FN'",22,result
rare-reanalysis-20261009-result-vestito2024-dh7-vs3-fp,rare-reanalysis-20261009-source-vestito2024-supp,"Supplementary Table 1 line 59 (Diff human score 0.7, Var score 0.3), column 'FP'",16,result
rare-reanalysis-20261009-result-vestito2024-dh7-vs3-precision,rare-reanalysis-20261009-source-vestito2024-supp,"Supplementary Table 1 line 59 (Diff human score 0.7, Var score 0.3), column 'precision'",0.483870968,result
rare-reanalysis-20261009-result-vestito2024-dh7-vs3-recall,rare-reanalysis-20261009-source-vestito2024-supp,"Supplementary Table 1 line 59 (Diff human score 0.7, Var score 0.3), column 'recall'",0.405405405,result
rare-reanalysis-20261009-result-vestito2024-dh7-vs3-tn,rare-reanalysis-20261009-source-vestito2024-supp,"Supplementary Table 1 line 59 (Diff human score 0.7, Var score 0.3), column 'TN'",1793,result
rare-reanalysis-20261009-result-vestito2024-dh7-vs3-tp,rare-reanalysis-20261009-source-vestito2024-supp,"Supplementary Table 1 line 59 (Diff human score 0.7, Var score 0.3), column 'TP'",15,result
rare-reanalysis-20261009-result-vestito2024-dh7-vs4-f1,rare-reanalysis-20261009-source-vestito2024-supp,"Supplementary Table 1 line 58 (Diff human score 0.7, Var score 0.4), column 'Fscore'",0.461538462,result
rare-reanalysis-20261009-result-vestito2024-dh7-vs4-f2,rare-reanalysis-20261009-source-vestito2024-supp,"Supplementary Table 1 line 58 (Diff human score 0.7, Var score 0.4), column 'F2score'",0.426136364,result
rare-reanalysis-20261009-result-vestito2024-dh7-vs4-fn,rare-reanalysis-20261009-source-vestito2024-supp,"Supplementary Table 1 line 58 (Diff human score 0.7, Var score 0.4), column 'FN'",22,result
rare-reanalysis-20261009-result-vestito2024-dh7-vs4-fp,rare-reanalysis-20261009-source-vestito2024-supp,"Supplementary Table 1 line 58 (Diff human score 0.7, Var score 0.4), column 'FP'",13,result
rare-reanalysis-20261009-result-vestito2024-dh7-vs4-precision,rare-reanalysis-20261009-source-vestito2024-supp,"Supplementary Table 1 line 58 (Diff human score 0.7, Var score 0.4), column 'precision'",0.535714286,result
rare-reanalysis-20261009-result-vestito2024-dh7-vs4-recall,rare-reanalysis-20261009-source-vestito2024-supp,"Supplementary Table 1 line 58 (Diff human score 0.7, Var score 0.4), column 'recall'",0.405405405,result
rare-reanalysis-20261009-result-vestito2024-dh7-vs4-tn,rare-reanalysis-20261009-source-vestito2024-supp,"Supplementary Table 1 line 58 (Diff human score 0.7, Var score 0.4), column 'TN'",1796,result
rare-reanalysis-20261009-result-vestito2024-dh7-vs4-tp,rare-reanalysis-20261009-source-vestito2024-supp,"Supplementary Table 1 line 58 (Diff human score 0.7, Var score 0.4), column 'TP'",15,result
rare-reanalysis-20261009-result-vestito2024-dh7-vs5-f1,rare-reanalysis-20261009-source-vestito2024-supp,"Supplementary Table 1 line 57 (Diff human score 0.7, Var score 0.5), column 'Fscore'",0.483870968,result
rare-reanalysis-20261009-result-vestito2024-dh7-vs5-f2,rare-reanalysis-20261009-source-vestito2024-supp,"Supplementary Table 1 line 57 (Diff human score 0.7, Var score 0.5), column 'F2score'",0.433526012,result
rare-reanalysis-20261009-result-vestito2024-dh7-vs5-fn,rare-reanalysis-20261009-source-vestito2024-supp,"Supplementary Table 1 line 57 (Diff human score 0.7, Var score 0.5), column 'FN'",22,result
rare-reanalysis-20261009-result-vestito2024-dh7-vs5-fp,rare-reanalysis-20261009-source-vestito2024-supp,"Supplementary Table 1 line 57 (Diff human score 0.7, Var score 0.5), column 'FP'",10,result
rare-reanalysis-20261009-result-vestito2024-dh7-vs5-precision,rare-reanalysis-20261009-source-vestito2024-supp,"Supplementary Table 1 line 57 (Diff human score 0.7, Var score 0.5), column 'precision'",0.6,result
rare-reanalysis-20261009-result-vestito2024-dh7-vs5-recall,rare-reanalysis-20261009-source-vestito2024-supp,"Supplementary Table 1 line 57 (Diff human score 0.7, Var score 0.5), column 'recall'",0.405405405,result
rare-reanalysis-20261009-result-vestito2024-dh7-vs5-tn,rare-reanalysis-20261009-source-vestito2024-supp,"Supplementary Table 1 line 57 (Diff human score 0.7, Var score 0.5), column 'TN'",1799,result
rare-reanalysis-20261009-result-vestito2024-dh7-vs5-tp,rare-reanalysis-20261009-source-vestito2024-supp,"Supplementary Table 1 line 57 (Diff human score 0.7, Var score 0.5), column 'TP'",15,result
rare-reanalysis-20261009-result-vestito2024-dh7-vs6-f1,rare-reanalysis-20261009-source-vestito2024-supp,"Supplementary Table 1 line 56 (Diff human score 0.7, Var score 0.6), column 'Fscore'",0.508474576,result
rare-reanalysis-20261009-result-vestito2024-dh7-vs6-f2,rare-reanalysis-20261009-source-vestito2024-supp,"Supplementary Table 1 line 56 (Diff human score 0.7, Var score 0.6), column 'F2score'",0.441176471,result
rare-reanalysis-20261009-result-vestito2024-dh7-vs6-fn,rare-reanalysis-20261009-source-vestito2024-supp,"Supplementary Table 1 line 56 (Diff human score 0.7, Var score 0.6), column 'FN'",22,result
rare-reanalysis-20261009-result-vestito2024-dh7-vs6-fp,rare-reanalysis-20261009-source-vestito2024-supp,"Supplementary Table 1 line 56 (Diff human score 0.7, Var score 0.6), column 'FP'",7,result
rare-reanalysis-20261009-result-vestito2024-dh7-vs6-precision,rare-reanalysis-20261009-source-vestito2024-supp,"Supplementary Table 1 line 56 (Diff human score 0.7, Var score 0.6), column 'precision'",0.681818182,result
rare-reanalysis-20261009-result-vestito2024-dh7-vs6-recall,rare-reanalysis-20261009-source-vestito2024-supp,"Supplementary Table 1 line 56 (Diff human score 0.7, Var score 0.6), column 'recall'",0.405405405,result
rare-reanalysis-20261009-result-vestito2024-dh7-vs6-tn,rare-reanalysis-20261009-source-vestito2024-supp,"Supplementary Table 1 line 56 (Diff human score 0.7, Var score 0.6), column 'TN'",1802,result
rare-reanalysis-20261009-result-vestito2024-dh7-vs6-tp,rare-reanalysis-20261009-source-vestito2024-supp,"Supplementary Table 1 line 56 (Diff human score 0.7, Var score 0.6), column 'TP'",15,result
rare-reanalysis-20261009-result-vestito2024-dh7-vs7-f1,rare-reanalysis-20261009-source-vestito2024-supp,"Supplementary Table 1 line 62 (Diff human score 0.7, Var score 0.7), column 'Fscore'",0.464285714,result
rare-reanalysis-20261009-result-vestito2024-dh7-vs7-f2,rare-reanalysis-20261009-source-vestito2024-supp,"Supplementary Table 1 line 62 (Diff human score 0.7, Var score 0.7), column 'F2score'",0.389221557,result
rare-reanalysis-20261009-result-vestito2024-dh7-vs7-fn,rare-reanalysis-20261009-source-vestito2024-supp,"Supplementary Table 1 line 62 (Diff human score 0.7, Var score 0.7), column 'FN'",24,result
rare-reanalysis-20261009-result-vestito2024-dh7-vs7-fp,rare-reanalysis-20261009-source-vestito2024-supp,"Supplementary Table 1 line 62 (Diff human score 0.7, Var score 0.7), column 'FP'",6,result
rare-reanalysis-20261009-result-vestito2024-dh7-vs7-precision,rare-reanalysis-20261009-source-vestito2024-supp,"Supplementary Table 1 line 62 (Diff human score 0.7, Var score 0.7), column 'precision'",0.684210526,result
rare-reanalysis-20261009-result-vestito2024-dh7-vs7-recall,rare-reanalysis-20261009-source-vestito2024-supp,"Supplementary Table 1 line 62 (Diff human score 0.7, Var score 0.7), column 'recall'",0.351351351,result
rare-reanalysis-20261009-result-vestito2024-dh7-vs7-tn,rare-reanalysis-20261009-source-vestito2024-supp,"Supplementary Table 1 line 62 (Diff human score 0.7, Var score 0.7), column 'TN'",1803,result
rare-reanalysis-20261009-result-vestito2024-dh7-vs7-tp,rare-reanalysis-20261009-source-vestito2024-supp,"Supplementary Table 1 line 62 (Diff human score 0.7, Var score 0.7), column 'TP'",13,result
rare-reanalysis-20261009-result-vestito2024-dh7-vs8-f1,rare-reanalysis-20261009-source-vestito2024-supp,"Supplementary Table 1 line 64 (Diff human score 0.7, Var score 0.8), column 'Fscore'",0.461538462,result
rare-reanalysis-20261009-result-vestito2024-dh7-vs8-f2,rare-reanalysis-20261009-source-vestito2024-supp,"Supplementary Table 1 line 64 (Diff human score 0.7, Var score 0.8), column 'F2score'",0.36809816,result
rare-reanalysis-20261009-result-vestito2024-dh7-vs8-fn,rare-reanalysis-20261009-source-vestito2024-supp,"Supplementary Table 1 line 64 (Diff human score 0.7, Var score 0.8), column 'FN'",25,result
rare-reanalysis-20261009-result-vestito2024-dh7-vs8-fp,rare-reanalysis-20261009-source-vestito2024-supp,"Supplementary Table 1 line 64 (Diff human score 0.7, Var score 0.8), column 'FP'",3,result
rare-reanalysis-20261009-result-vestito2024-dh7-vs8-precision,rare-reanalysis-20261009-source-vestito2024-supp,"Supplementary Table 1 line 64 (Diff human score 0.7, Var score 0.8), column 'precision'",0.8,result
rare-reanalysis-20261009-result-vestito2024-dh7-vs8-recall,rare-reanalysis-20261009-source-vestito2024-supp,"Supplementary Table 1 line 64 (Diff human score 0.7, Var score 0.8), column 'recall'",0.324324324,result
rare-reanalysis-20261009-result-vestito2024-dh7-vs8-tn,rare-reanalysis-20261009-source-vestito2024-supp,"Supplementary Table 1 line 64 (Diff human score 0.7, Var score 0.8), column 'TN'",1806,result
rare-reanalysis-20261009-result-vestito2024-dh7-vs8-tp,rare-reanalysis-20261009-source-vestito2024-supp,"Supplementary Table 1 line 64 (Diff human score 0.7, Var score 0.8), column 'TP'",12,result
rare-reanalysis-20261009-result-vestito2024-dh7-vs9-f1,rare-reanalysis-20261009-source-vestito2024-supp,"Supplementary Table 1 line 63 (Diff human score 0.7, Var score 0.9), column 'Fscore'",0.470588235,result
rare-reanalysis-20261009-result-vestito2024-dh7-vs9-f2,rare-reanalysis-20261009-source-vestito2024-supp,"Supplementary Table 1 line 63 (Diff human score 0.7, Var score 0.9), column 'F2score'",0.37037037,result
rare-reanalysis-20261009-result-vestito2024-dh7-vs9-fn,rare-reanalysis-20261009-source-vestito2024-supp,"Supplementary Table 1 line 63 (Diff human score 0.7, Var score 0.9), column 'FN'",25,result
rare-reanalysis-20261009-result-vestito2024-dh7-vs9-fp,rare-reanalysis-20261009-source-vestito2024-supp,"Supplementary Table 1 line 63 (Diff human score 0.7, Var score 0.9), column 'FP'",2,result
rare-reanalysis-20261009-result-vestito2024-dh7-vs9-precision,rare-reanalysis-20261009-source-vestito2024-supp,"Supplementary Table 1 line 63 (Diff human score 0.7, Var score 0.9), column 'precision'",0.857142857,result
rare-reanalysis-20261009-result-vestito2024-dh7-vs9-recall,rare-reanalysis-20261009-source-vestito2024-supp,"Supplementary Table 1 line 63 (Diff human score 0.7, Var score 0.9), column 'recall'",0.324324324,result
rare-reanalysis-20261009-result-vestito2024-dh7-vs9-tn,rare-reanalysis-20261009-source-vestito2024-supp,"Supplementary Table 1 line 63 (Diff human score 0.7, Var score 0.9), column 'TN'",1807,result
rare-reanalysis-20261009-result-vestito2024-dh7-vs9-tp,rare-reanalysis-20261009-source-vestito2024-supp,"Supplementary Table 1 line 63 (Diff human score 0.7, Var score 0.9), column 'TP'",12,result
rare-reanalysis-20261009-result-vestito2024-dh8-vs1-f1,rare-reanalysis-20261009-source-vestito2024-supp,"Supplementary Table 1 line 73 (Diff human score 0.8, Var score 0.1), column 'Fscore'",0.214285714,result
rare-reanalysis-20261009-result-vestito2024-dh8-vs1-f2,rare-reanalysis-20261009-source-vestito2024-supp,"Supplementary Table 1 line 73 (Diff human score 0.8, Var score 0.1), column 'F2score'",0.179640719,result
rare-reanalysis-20261009-result-vestito2024-dh8-vs1-fn,rare-reanalysis-20261009-source-vestito2024-supp,"Supplementary Table 1 line 73 (Diff human score 0.8, Var score 0.1), column 'FN'",31,result
rare-reanalysis-20261009-result-vestito2024-dh8-vs1-fp,rare-reanalysis-20261009-source-vestito2024-supp,"Supplementary Table 1 line 73 (Diff human score 0.8, Var score 0.1), column 'FP'",13,result
rare-reanalysis-20261009-result-vestito2024-dh8-vs1-precision,rare-reanalysis-20261009-source-vestito2024-supp,"Supplementary Table 1 line 73 (Diff human score 0.8, Var score 0.1), column 'precision'",0.315789474,result
rare-reanalysis-20261009-result-vestito2024-dh8-vs1-recall,rare-reanalysis-20261009-source-vestito2024-supp,"Supplementary Table 1 line 73 (Diff human score 0.8, Var score 0.1), column 'recall'",0.162162162,result
rare-reanalysis-20261009-result-vestito2024-dh8-vs1-tn,rare-reanalysis-20261009-source-vestito2024-supp,"Supplementary Table 1 line 73 (Diff human score 0.8, Var score 0.1), column 'TN'",1796,result
rare-reanalysis-20261009-result-vestito2024-dh8-vs1-tp,rare-reanalysis-20261009-source-vestito2024-supp,"Supplementary Table 1 line 73 (Diff human score 0.8, Var score 0.1), column 'TP'",6,result
rare-reanalysis-20261009-result-vestito2024-dh8-vs2-f1,rare-reanalysis-20261009-source-vestito2024-supp,"Supplementary Table 1 line 71 (Diff human score 0.8, Var score 0.2), column 'Fscore'",0.226415094,result
rare-reanalysis-20261009-result-vestito2024-dh8-vs2-f2,rare-reanalysis-20261009-source-vestito2024-supp,"Supplementary Table 1 line 71 (Diff human score 0.8, Var score 0.2), column 'F2score'",0.182926829,result
rare-reanalysis-20261009-result-vestito2024-dh8-vs2-fn,rare-reanalysis-20261009-source-vestito2024-supp,"Supplementary Table 1 line 71 (Diff human score 0.8, Var score 0.2), column 'FN'",31,result
rare-reanalysis-20261009-result-vestito2024-dh8-vs2-fp,rare-reanalysis-20261009-source-vestito2024-supp,"Supplementary Table 1 line 71 (Diff human score 0.8, Var score 0.2), column 'FP'",10,result
rare-reanalysis-20261009-result-vestito2024-dh8-vs2-precision,rare-reanalysis-20261009-source-vestito2024-supp,"Supplementary Table 1 line 71 (Diff human score 0.8, Var score 0.2), column 'precision'",0.375,result
rare-reanalysis-20261009-result-vestito2024-dh8-vs2-recall,rare-reanalysis-20261009-source-vestito2024-supp,"Supplementary Table 1 line 71 (Diff human score 0.8, Var score 0.2), column 'recall'",0.162162162,result
rare-reanalysis-20261009-result-vestito2024-dh8-vs2-tn,rare-reanalysis-20261009-source-vestito2024-supp,"Supplementary Table 1 line 71 (Diff human score 0.8, Var score 0.2), column 'TN'",1799,result
rare-reanalysis-20261009-result-vestito2024-dh8-vs2-tp,rare-reanalysis-20261009-source-vestito2024-supp,"Supplementary Table 1 line 71 (Diff human score 0.8, Var score 0.2), column 'TP'",6,result
rare-reanalysis-20261009-result-vestito2024-dh8-vs3-f1,rare-reanalysis-20261009-source-vestito2024-supp,"Supplementary Table 1 line 72 (Diff human score 0.8, Var score 0.3), column 'Fscore'",0.226415094,result
rare-reanalysis-20261009-result-vestito2024-dh8-vs3-f2,rare-reanalysis-20261009-source-vestito2024-supp,"Supplementary Table 1 line 72 (Diff human score 0.8, Var score 0.3), column 'F2score'",0.182926829,result
rare-reanalysis-20261009-result-vestito2024-dh8-vs3-fn,rare-reanalysis-20261009-source-vestito2024-supp,"Supplementary Table 1 line 72 (Diff human score 0.8, Var score 0.3), column 'FN'",31,result
rare-reanalysis-20261009-result-vestito2024-dh8-vs3-fp,rare-reanalysis-20261009-source-vestito2024-supp,"Supplementary Table 1 line 72 (Diff human score 0.8, Var score 0.3), column 'FP'",10,result
rare-reanalysis-20261009-result-vestito2024-dh8-vs3-precision,rare-reanalysis-20261009-source-vestito2024-supp,"Supplementary Table 1 line 72 (Diff human score 0.8, Var score 0.3), column 'precision'",0.375,result
rare-reanalysis-20261009-result-vestito2024-dh8-vs3-recall,rare-reanalysis-20261009-source-vestito2024-supp,"Supplementary Table 1 line 72 (Diff human score 0.8, Var score 0.3), column 'recall'",0.162162162,result
rare-reanalysis-20261009-result-vestito2024-dh8-vs3-tn,rare-reanalysis-20261009-source-vestito2024-supp,"Supplementary Table 1 line 72 (Diff human score 0.8, Var score 0.3), column 'TN'",1799,result
rare-reanalysis-20261009-result-vestito2024-dh8-vs3-tp,rare-reanalysis-20261009-source-vestito2024-supp,"Supplementary Table 1 line 72 (Diff human score 0.8, Var score 0.3), column 'TP'",6,result
rare-reanalysis-20261009-result-vestito2024-dh8-vs4-f1,rare-reanalysis-20261009-source-vestito2024-supp,"Supplementary Table 1 line 70 (Diff human score 0.8, Var score 0.4), column 'Fscore'",0.24,result
rare-reanalysis-20261009-result-vestito2024-dh8-vs4-f2,rare-reanalysis-20261009-source-vestito2024-supp,"Supplementary Table 1 line 70 (Diff human score 0.8, Var score 0.4), column 'F2score'",0.186335404,result
rare-reanalysis-20261009-result-vestito2024-dh8-vs4-fn,rare-reanalysis-20261009-source-vestito2024-supp,"Supplementary Table 1 line 70 (Diff human score 0.8, Var score 0.4), column 'FN'",31,result
rare-reanalysis-20261009-result-vestito2024-dh8-vs4-fp,rare-reanalysis-20261009-source-vestito2024-supp,"Supplementary Table 1 line 70 (Diff human score 0.8, Var score 0.4), column 'FP'",7,result
rare-reanalysis-20261009-result-vestito2024-dh8-vs4-precision,rare-reanalysis-20261009-source-vestito2024-supp,"Supplementary Table 1 line 70 (Diff human score 0.8, Var score 0.4), column 'precision'",0.461538462,result
rare-reanalysis-20261009-result-vestito2024-dh8-vs4-recall,rare-reanalysis-20261009-source-vestito2024-supp,"Supplementary Table 1 line 70 (Diff human score 0.8, Var score 0.4), column 'recall'",0.162162162,result
rare-reanalysis-20261009-result-vestito2024-dh8-vs4-tn,rare-reanalysis-20261009-source-vestito2024-supp,"Supplementary Table 1 line 70 (Diff human score 0.8, Var score 0.4), column 'TN'",1802,result
rare-reanalysis-20261009-result-vestito2024-dh8-vs4-tp,rare-reanalysis-20261009-source-vestito2024-supp,"Supplementary Table 1 line 70 (Diff human score 0.8, Var score 0.4), column 'TP'",6,result
rare-reanalysis-20261009-result-vestito2024-dh8-vs5-f1,rare-reanalysis-20261009-source-vestito2024-supp,"Supplementary Table 1 line 69 (Diff human score 0.8, Var score 0.5), column 'Fscore'",0.244897959,result
rare-reanalysis-20261009-result-vestito2024-dh8-vs5-f2,rare-reanalysis-20261009-source-vestito2024-supp,"Supplementary Table 1 line 69 (Diff human score 0.8, Var score 0.5), column 'F2score'",0.1875,result
rare-reanalysis-20261009-result-vestito2024-dh8-vs5-fn,rare-reanalysis-20261009-source-vestito2024-supp,"Supplementary Table 1 line 69 (Diff human score 0.8, Var score 0.5), column 'FN'",31,result
rare-reanalysis-20261009-result-vestito2024-dh8-vs5-fp,rare-reanalysis-20261009-source-vestito2024-supp,"Supplementary Table 1 line 69 (Diff human score 0.8, Var score 0.5), column 'FP'",6,result
rare-reanalysis-20261009-result-vestito2024-dh8-vs5-precision,rare-reanalysis-20261009-source-vestito2024-supp,"Supplementary Table 1 line 69 (Diff human score 0.8, Var score 0.5), column 'precision'",0.5,result
rare-reanalysis-20261009-result-vestito2024-dh8-vs5-recall,rare-reanalysis-20261009-source-vestito2024-supp,"Supplementary Table 1 line 69 (Diff human score 0.8, Var score 0.5), column 'recall'",0.162162162,result
rare-reanalysis-20261009-result-vestito2024-dh8-vs5-tn,rare-reanalysis-20261009-source-vestito2024-supp,"Supplementary Table 1 line 69 (Diff human score 0.8, Var score 0.5), column 'TN'",1803,result
rare-reanalysis-20261009-result-vestito2024-dh8-vs5-tp,rare-reanalysis-20261009-source-vestito2024-supp,"Supplementary Table 1 line 69 (Diff human score 0.8, Var score 0.5), column 'TP'",6,result
rare-reanalysis-20261009-result-vestito2024-dh8-vs6-f1,rare-reanalysis-20261009-source-vestito2024-supp,"Supplementary Table 1 line 67 (Diff human score 0.8, Var score 0.6), column 'Fscore'",0.255319149,result
rare-reanalysis-20261009-result-vestito2024-dh8-vs6-f2,rare-reanalysis-20261009-source-vestito2024-supp,"Supplementary Table 1 line 67 (Diff human score 0.8, Var score 0.6), column 'F2score'",0.189873418,result
rare-reanalysis-20261009-result-vestito2024-dh8-vs6-fn,rare-reanalysis-20261009-source-vestito2024-supp,"Supplementary Table 1 line 67 (Diff human score 0.8, Var score 0.6), column 'FN'",31,result
rare-reanalysis-20261009-result-vestito2024-dh8-vs6-fp,rare-reanalysis-20261009-source-vestito2024-supp,"Supplementary Table 1 line 67 (Diff human score 0.8, Var score 0.6), column 'FP'",4,result
rare-reanalysis-20261009-result-vestito2024-dh8-vs6-precision,rare-reanalysis-20261009-source-vestito2024-supp,"Supplementary Table 1 line 67 (Diff human score 0.8, Var score 0.6), column 'precision'",0.6,result
rare-reanalysis-20261009-result-vestito2024-dh8-vs6-recall,rare-reanalysis-20261009-source-vestito2024-supp,"Supplementary Table 1 line 67 (Diff human score 0.8, Var score 0.6), column 'recall'",0.162162162,result
rare-reanalysis-20261009-result-vestito2024-dh8-vs6-tn,rare-reanalysis-20261009-source-vestito2024-supp,"Supplementary Table 1 line 67 (Diff human score 0.8, Var score 0.6), column 'TN'",1805,result
rare-reanalysis-20261009-result-vestito2024-dh8-vs6-tp,rare-reanalysis-20261009-source-vestito2024-supp,"Supplementary Table 1 line 67 (Diff human score 0.8, Var score 0.6), column 'TP'",6,result
rare-reanalysis-20261009-result-vestito2024-dh8-vs7-f1,rare-reanalysis-20261009-source-vestito2024-supp,"Supplementary Table 1 line 68 (Diff human score 0.8, Var score 0.7), column 'Fscore'",0.255319149,result
rare-reanalysis-20261009-result-vestito2024-dh8-vs7-f2,rare-reanalysis-20261009-source-vestito2024-supp,"Supplementary Table 1 line 68 (Diff human score 0.8, Var score 0.7), column 'F2score'",0.189873418,result
rare-reanalysis-20261009-result-vestito2024-dh8-vs7-fn,rare-reanalysis-20261009-source-vestito2024-supp,"Supplementary Table 1 line 68 (Diff human score 0.8, Var score 0.7), column 'FN'",31,result
rare-reanalysis-20261009-result-vestito2024-dh8-vs7-fp,rare-reanalysis-20261009-source-vestito2024-supp,"Supplementary Table 1 line 68 (Diff human score 0.8, Var score 0.7), column 'FP'",4,result
rare-reanalysis-20261009-result-vestito2024-dh8-vs7-precision,rare-reanalysis-20261009-source-vestito2024-supp,"Supplementary Table 1 line 68 (Diff human score 0.8, Var score 0.7), column 'precision'",0.6,result
rare-reanalysis-20261009-result-vestito2024-dh8-vs7-recall,rare-reanalysis-20261009-source-vestito2024-supp,"Supplementary Table 1 line 68 (Diff human score 0.8, Var score 0.7), column 'recall'",0.162162162,result
rare-reanalysis-20261009-result-vestito2024-dh8-vs7-tn,rare-reanalysis-20261009-source-vestito2024-supp,"Supplementary Table 1 line 68 (Diff human score 0.8, Var score 0.7), column 'TN'",1805,result
rare-reanalysis-20261009-result-vestito2024-dh8-vs7-tp,rare-reanalysis-20261009-source-vestito2024-supp,"Supplementary Table 1 line 68 (Diff human score 0.8, Var score 0.7), column 'TP'",6,result
rare-reanalysis-20261009-result-vestito2024-dh8-vs8-f1,rare-reanalysis-20261009-source-vestito2024-supp,"Supplementary Table 1 line 66 (Diff human score 0.8, Var score 0.8), column 'Fscore'",0.266666667,result
rare-reanalysis-20261009-result-vestito2024-dh8-vs8-f2,rare-reanalysis-20261009-source-vestito2024-supp,"Supplementary Table 1 line 66 (Diff human score 0.8, Var score 0.8), column 'F2score'",0.192307692,result
rare-reanalysis-20261009-result-vestito2024-dh8-vs8-fn,rare-reanalysis-20261009-source-vestito2024-supp,"Supplementary Table 1 line 66 (Diff human score 0.8, Var score 0.8), column 'FN'",31,result
rare-reanalysis-20261009-result-vestito2024-dh8-vs8-fp,rare-reanalysis-20261009-source-vestito2024-supp,"Supplementary Table 1 line 66 (Diff human score 0.8, Var score 0.8), column 'FP'",2,result
rare-reanalysis-20261009-result-vestito2024-dh8-vs8-precision,rare-reanalysis-20261009-source-vestito2024-supp,"Supplementary Table 1 line 66 (Diff human score 0.8, Var score 0.8), column 'precision'",0.75,result
rare-reanalysis-20261009-result-vestito2024-dh8-vs8-recall,rare-reanalysis-20261009-source-vestito2024-supp,"Supplementary Table 1 line 66 (Diff human score 0.8, Var score 0.8), column 'recall'",0.162162162,result
rare-reanalysis-20261009-result-vestito2024-dh8-vs8-tn,rare-reanalysis-20261009-source-vestito2024-supp,"Supplementary Table 1 line 66 (Diff human score 0.8, Var score 0.8), column 'TN'",1807,result
rare-reanalysis-20261009-result-vestito2024-dh8-vs8-tp,rare-reanalysis-20261009-source-vestito2024-supp,"Supplementary Table 1 line 66 (Diff human score 0.8, Var score 0.8), column 'TP'",6,result
rare-reanalysis-20261009-result-vestito2024-dh8-vs9-f1,rare-reanalysis-20261009-source-vestito2024-supp,"Supplementary Table 1 line 65 (Diff human score 0.8, Var score 0.9), column 'Fscore'",0.272727273,result
rare-reanalysis-20261009-result-vestito2024-dh8-vs9-f2,rare-reanalysis-20261009-source-vestito2024-supp,"Supplementary Table 1 line 65 (Diff human score 0.8, Var score 0.9), column 'F2score'",0.193548387,result
rare-reanalysis-20261009-result-vestito2024-dh8-vs9-fn,rare-reanalysis-20261009-source-vestito2024-supp,"Supplementary Table 1 line 65 (Diff human score 0.8, Var score 0.9), column 'FN'",31,result
rare-reanalysis-20261009-result-vestito2024-dh8-vs9-fp,rare-reanalysis-20261009-source-vestito2024-supp,"Supplementary Table 1 line 65 (Diff human score 0.8, Var score 0.9), column 'FP'",1,result
rare-reanalysis-20261009-result-vestito2024-dh8-vs9-precision,rare-reanalysis-20261009-source-vestito2024-supp,"Supplementary Table 1 line 65 (Diff human score 0.8, Var score 0.9), column 'precision'",0.857142857,result
rare-reanalysis-20261009-result-vestito2024-dh8-vs9-recall,rare-reanalysis-20261009-source-vestito2024-supp,"Supplementary Table 1 line 65 (Diff human score 0.8, Var score 0.9), column 'recall'",0.162162162,result
rare-reanalysis-20261009-result-vestito2024-dh8-vs9-tn,rare-reanalysis-20261009-source-vestito2024-supp,"Supplementary Table 1 line 65 (Diff human score 0.8, Var score 0.9), column 'TN'",1808,result
rare-reanalysis-20261009-result-vestito2024-dh8-vs9-tp,rare-reanalysis-20261009-source-vestito2024-supp,"Supplementary Table 1 line 65 (Diff human score 0.8, Var score 0.9), column 'TP'",6,result
rare-reanalysis-20261009-result-vestito2024-dh9-vs1-f1,rare-reanalysis-20261009-source-vestito2024-supp,"Supplementary Table 1 line 82 (Diff human score 0.9, Var score 0.1), column 'Fscore'",0.192307692,result
rare-reanalysis-20261009-result-vestito2024-dh9-vs1-f2,rare-reanalysis-20261009-source-vestito2024-supp,"Supplementary Table 1 line 82 (Diff human score 0.9, Var score 0.1), column 'F2score'",0.153374233,result
rare-reanalysis-20261009-result-vestito2024-dh9-vs1-fn,rare-reanalysis-20261009-source-vestito2024-supp,"Supplementary Table 1 line 82 (Diff human score 0.9, Var score 0.1), column 'FN'",32,result
rare-reanalysis-20261009-result-vestito2024-dh9-vs1-fp,rare-reanalysis-20261009-source-vestito2024-supp,"Supplementary Table 1 line 82 (Diff human score 0.9, Var score 0.1), column 'FP'",10,result
rare-reanalysis-20261009-result-vestito2024-dh9-vs1-precision,rare-reanalysis-20261009-source-vestito2024-supp,"Supplementary Table 1 line 82 (Diff human score 0.9, Var score 0.1), column 'precision'",0.333333333,result
rare-reanalysis-20261009-result-vestito2024-dh9-vs1-recall,rare-reanalysis-20261009-source-vestito2024-supp,"Supplementary Table 1 line 82 (Diff human score 0.9, Var score 0.1), column 'recall'",0.135135135,result
rare-reanalysis-20261009-result-vestito2024-dh9-vs1-tn,rare-reanalysis-20261009-source-vestito2024-supp,"Supplementary Table 1 line 82 (Diff human score 0.9, Var score 0.1), column 'TN'",1799,result
rare-reanalysis-20261009-result-vestito2024-dh9-vs1-tp,rare-reanalysis-20261009-source-vestito2024-supp,"Supplementary Table 1 line 82 (Diff human score 0.9, Var score 0.1), column 'TP'",5,result
rare-reanalysis-20261009-result-vestito2024-dh9-vs2-f1,rare-reanalysis-20261009-source-vestito2024-supp,"Supplementary Table 1 line 80 (Diff human score 0.9, Var score 0.2), column 'Fscore'",0.2,result
rare-reanalysis-20261009-result-vestito2024-dh9-vs2-f2,rare-reanalysis-20261009-source-vestito2024-supp,"Supplementary Table 1 line 80 (Diff human score 0.9, Var score 0.2), column 'F2score'",0.155279503,result
rare-reanalysis-20261009-result-vestito2024-dh9-vs2-fn,rare-reanalysis-20261009-source-vestito2024-supp,"Supplementary Table 1 line 80 (Diff human score 0.9, Var score 0.2), column 'FN'",32,result
rare-reanalysis-20261009-result-vestito2024-dh9-vs2-fp,rare-reanalysis-20261009-source-vestito2024-supp,"Supplementary Table 1 line 80 (Diff human score 0.9, Var score 0.2), column 'FP'",8,result
rare-reanalysis-20261009-result-vestito2024-dh9-vs2-precision,rare-reanalysis-20261009-source-vestito2024-supp,"Supplementary Table 1 line 80 (Diff human score 0.9, Var score 0.2), column 'precision'",0.384615385,result
rare-reanalysis-20261009-result-vestito2024-dh9-vs2-recall,rare-reanalysis-20261009-source-vestito2024-supp,"Supplementary Table 1 line 80 (Diff human score 0.9, Var score 0.2), column 'recall'",0.135135135,result
rare-reanalysis-20261009-result-vestito2024-dh9-vs2-tn,rare-reanalysis-20261009-source-vestito2024-supp,"Supplementary Table 1 line 80 (Diff human score 0.9, Var score 0.2), column 'TN'",1801,result
rare-reanalysis-20261009-result-vestito2024-dh9-vs2-tp,rare-reanalysis-20261009-source-vestito2024-supp,"Supplementary Table 1 line 80 (Diff human score 0.9, Var score 0.2), column 'TP'",5,result
rare-reanalysis-20261009-result-vestito2024-dh9-vs3-f1,rare-reanalysis-20261009-source-vestito2024-supp,"Supplementary Table 1 line 81 (Diff human score 0.9, Var score 0.3), column 'Fscore'",0.2,result
rare-reanalysis-20261009-result-vestito2024-dh9-vs3-f2,rare-reanalysis-20261009-source-vestito2024-supp,"Supplementary Table 1 line 81 (Diff human score 0.9, Var score 0.3), column 'F2score'",0.155279503,result
rare-reanalysis-20261009-result-vestito2024-dh9-vs3-fn,rare-reanalysis-20261009-source-vestito2024-supp,"Supplementary Table 1 line 81 (Diff human score 0.9, Var score 0.3), column 'FN'",32,result
rare-reanalysis-20261009-result-vestito2024-dh9-vs3-fp,rare-reanalysis-20261009-source-vestito2024-supp,"Supplementary Table 1 line 81 (Diff human score 0.9, Var score 0.3), column 'FP'",8,result
rare-reanalysis-20261009-result-vestito2024-dh9-vs3-precision,rare-reanalysis-20261009-source-vestito2024-supp,"Supplementary Table 1 line 81 (Diff human score 0.9, Var score 0.3), column 'precision'",0.384615385,result
rare-reanalysis-20261009-result-vestito2024-dh9-vs3-recall,rare-reanalysis-20261009-source-vestito2024-supp,"Supplementary Table 1 line 81 (Diff human score 0.9, Var score 0.3), column 'recall'",0.135135135,result
rare-reanalysis-20261009-result-vestito2024-dh9-vs3-tn,rare-reanalysis-20261009-source-vestito2024-supp,"Supplementary Table 1 line 81 (Diff human score 0.9, Var score 0.3), column 'TN'",1801,result
rare-reanalysis-20261009-result-vestito2024-dh9-vs3-tp,rare-reanalysis-20261009-source-vestito2024-supp,"Supplementary Table 1 line 81 (Diff human score 0.9, Var score 0.3), column 'TP'",5,result
rare-reanalysis-20261009-result-vestito2024-dh9-vs4-f1,rare-reanalysis-20261009-source-vestito2024-supp,"Supplementary Table 1 line 78 (Diff human score 0.9, Var score 0.4), column 'Fscore'",0.208333333,result
rare-reanalysis-20261009-result-vestito2024-dh9-vs4-f2,rare-reanalysis-20261009-source-vestito2024-supp,"Supplementary Table 1 line 78 (Diff human score 0.9, Var score 0.4), column 'F2score'",0.157232704,result
rare-reanalysis-20261009-result-vestito2024-dh9-vs4-fn,rare-reanalysis-20261009-source-vestito2024-supp,"Supplementary Table 1 line 78 (Diff human score 0.9, Var score 0.4), column 'FN'",32,result
rare-reanalysis-20261009-result-vestito2024-dh9-vs4-fp,rare-reanalysis-20261009-source-vestito2024-supp,"Supplementary Table 1 line 78 (Diff human score 0.9, Var score 0.4), column 'FP'",6,result
rare-reanalysis-20261009-result-vestito2024-dh9-vs4-precision,rare-reanalysis-20261009-source-vestito2024-supp,"Supplementary Table 1 line 78 (Diff human score 0.9, Var score 0.4), column 'precision'",0.454545455,result
rare-reanalysis-20261009-result-vestito2024-dh9-vs4-recall,rare-reanalysis-20261009-source-vestito2024-supp,"Supplementary Table 1 line 78 (Diff human score 0.9, Var score 0.4), column 'recall'",0.135135135,result
rare-reanalysis-20261009-result-vestito2024-dh9-vs4-tn,rare-reanalysis-20261009-source-vestito2024-supp,"Supplementary Table 1 line 78 (Diff human score 0.9, Var score 0.4), column 'TN'",1803,result
rare-reanalysis-20261009-result-vestito2024-dh9-vs4-tp,rare-reanalysis-20261009-source-vestito2024-supp,"Supplementary Table 1 line 78 (Diff human score 0.9, Var score 0.4), column 'TP'",5,result
rare-reanalysis-20261009-result-vestito2024-dh9-vs5-f1,rare-reanalysis-20261009-source-vestito2024-supp,"Supplementary Table 1 line 79 (Diff human score 0.9, Var score 0.5), column 'Fscore'",0.208333333,result
rare-reanalysis-20261009-result-vestito2024-dh9-vs5-f2,rare-reanalysis-20261009-source-vestito2024-supp,"Supplementary Table 1 line 79 (Diff human score 0.9, Var score 0.5), column 'F2score'",0.157232704,result
rare-reanalysis-20261009-result-vestito2024-dh9-vs5-fn,rare-reanalysis-20261009-source-vestito2024-supp,"Supplementary Table 1 line 79 (Diff human score 0.9, Var score 0.5), column 'FN'",32,result
rare-reanalysis-20261009-result-vestito2024-dh9-vs5-fp,rare-reanalysis-20261009-source-vestito2024-supp,"Supplementary Table 1 line 79 (Diff human score 0.9, Var score 0.5), column 'FP'",6,result
rare-reanalysis-20261009-result-vestito2024-dh9-vs5-precision,rare-reanalysis-20261009-source-vestito2024-supp,"Supplementary Table 1 line 79 (Diff human score 0.9, Var score 0.5), column 'precision'",0.454545455,result
rare-reanalysis-20261009-result-vestito2024-dh9-vs5-recall,rare-reanalysis-20261009-source-vestito2024-supp,"Supplementary Table 1 line 79 (Diff human score 0.9, Var score 0.5), column 'recall'",0.135135135,result
rare-reanalysis-20261009-result-vestito2024-dh9-vs5-tn,rare-reanalysis-20261009-source-vestito2024-supp,"Supplementary Table 1 line 79 (Diff human score 0.9, Var score 0.5), column 'TN'",1803,result
rare-reanalysis-20261009-result-vestito2024-dh9-vs5-tp,rare-reanalysis-20261009-source-vestito2024-supp,"Supplementary Table 1 line 79 (Diff human score 0.9, Var score 0.5), column 'TP'",5,result
rare-reanalysis-20261009-result-vestito2024-dh9-vs6-f1,rare-reanalysis-20261009-source-vestito2024-supp,"Supplementary Table 1 line 76 (Diff human score 0.9, Var score 0.6), column 'Fscore'",0.217391304,result
rare-reanalysis-20261009-result-vestito2024-dh9-vs6-f2,rare-reanalysis-20261009-source-vestito2024-supp,"Supplementary Table 1 line 76 (Diff human score 0.9, Var score 0.6), column 'F2score'",0.159235669,result
rare-reanalysis-20261009-result-vestito2024-dh9-vs6-fn,rare-reanalysis-20261009-source-vestito2024-supp,"Supplementary Table 1 line 76 (Diff human score 0.9, Var score 0.6), column 'FN'",32,result
rare-reanalysis-20261009-result-vestito2024-dh9-vs6-fp,rare-reanalysis-20261009-source-vestito2024-supp,"Supplementary Table 1 line 76 (Diff human score 0.9, Var score 0.6), column 'FP'",4,result
rare-reanalysis-20261009-result-vestito2024-dh9-vs6-precision,rare-reanalysis-20261009-source-vestito2024-supp,"Supplementary Table 1 line 76 (Diff human score 0.9, Var score 0.6), column 'precision'",0.555555556,result
rare-reanalysis-20261009-result-vestito2024-dh9-vs6-recall,rare-reanalysis-20261009-source-vestito2024-supp,"Supplementary Table 1 line 76 (Diff human score 0.9, Var score 0.6), column 'recall'",0.135135135,result
rare-reanalysis-20261009-result-vestito2024-dh9-vs6-tn,rare-reanalysis-20261009-source-vestito2024-supp,"Supplementary Table 1 line 76 (Diff human score 0.9, Var score 0.6), column 'TN'",1805,result
rare-reanalysis-20261009-result-vestito2024-dh9-vs6-tp,rare-reanalysis-20261009-source-vestito2024-supp,"Supplementary Table 1 line 76 (Diff human score 0.9, Var score 0.6), column 'TP'",5,result
rare-reanalysis-20261009-result-vestito2024-dh9-vs7-f1,rare-reanalysis-20261009-source-vestito2024-supp,"Supplementary Table 1 line 77 (Diff human score 0.9, Var score 0.7), column 'Fscore'",0.217391304,result
rare-reanalysis-20261009-result-vestito2024-dh9-vs7-f2,rare-reanalysis-20261009-source-vestito2024-supp,"Supplementary Table 1 line 77 (Diff human score 0.9, Var score 0.7), column 'F2score'",0.159235669,result
rare-reanalysis-20261009-result-vestito2024-dh9-vs7-fn,rare-reanalysis-20261009-source-vestito2024-supp,"Supplementary Table 1 line 77 (Diff human score 0.9, Var score 0.7), column 'FN'",32,result
rare-reanalysis-20261009-result-vestito2024-dh9-vs7-fp,rare-reanalysis-20261009-source-vestito2024-supp,"Supplementary Table 1 line 77 (Diff human score 0.9, Var score 0.7), column 'FP'",4,result
rare-reanalysis-20261009-result-vestito2024-dh9-vs7-precision,rare-reanalysis-20261009-source-vestito2024-supp,"Supplementary Table 1 line 77 (Diff human score 0.9, Var score 0.7), column 'precision'",0.555555556,result
rare-reanalysis-20261009-result-vestito2024-dh9-vs7-recall,rare-reanalysis-20261009-source-vestito2024-supp,"Supplementary Table 1 line 77 (Diff human score 0.9, Var score 0.7), column 'recall'",0.135135135,result
rare-reanalysis-20261009-result-vestito2024-dh9-vs7-tn,rare-reanalysis-20261009-source-vestito2024-supp,"Supplementary Table 1 line 77 (Diff human score 0.9, Var score 0.7), column 'TN'",1805,result
rare-reanalysis-20261009-result-vestito2024-dh9-vs7-tp,rare-reanalysis-20261009-source-vestito2024-supp,"Supplementary Table 1 line 77 (Diff human score 0.9, Var score 0.7), column 'TP'",5,result
rare-reanalysis-20261009-result-vestito2024-dh9-vs8-f1,rare-reanalysis-20261009-source-vestito2024-supp,"Supplementary Table 1 line 75 (Diff human score 0.9, Var score 0.8), column 'Fscore'",0.227272727,result
rare-reanalysis-20261009-result-vestito2024-dh9-vs8-f2,rare-reanalysis-20261009-source-vestito2024-supp,"Supplementary Table 1 line 75 (Diff human score 0.9, Var score 0.8), column 'F2score'",0.161290323,result
rare-reanalysis-20261009-result-vestito2024-dh9-vs8-fn,rare-reanalysis-20261009-source-vestito2024-supp,"Supplementary Table 1 line 75 (Diff human score 0.9, Var score 0.8), column 'FN'",32,result
rare-reanalysis-20261009-result-vestito2024-dh9-vs8-fp,rare-reanalysis-20261009-source-vestito2024-supp,"Supplementary Table 1 line 75 (Diff human score 0.9, Var score 0.8), column 'FP'",2,result
rare-reanalysis-20261009-result-vestito2024-dh9-vs8-precision,rare-reanalysis-20261009-source-vestito2024-supp,"Supplementary Table 1 line 75 (Diff human score 0.9, Var score 0.8), column 'precision'",0.714285714,result
rare-reanalysis-20261009-result-vestito2024-dh9-vs8-recall,rare-reanalysis-20261009-source-vestito2024-supp,"Supplementary Table 1 line 75 (Diff human score 0.9, Var score 0.8), column 'recall'",0.135135135,result
rare-reanalysis-20261009-result-vestito2024-dh9-vs8-tn,rare-reanalysis-20261009-source-vestito2024-supp,"Supplementary Table 1 line 75 (Diff human score 0.9, Var score 0.8), column 'TN'",1807,result
rare-reanalysis-20261009-result-vestito2024-dh9-vs8-tp,rare-reanalysis-20261009-source-vestito2024-supp,"Supplementary Table 1 line 75 (Diff human score 0.9, Var score 0.8), column 'TP'",5,result
rare-reanalysis-20261009-result-vestito2024-dh9-vs9-f1,rare-reanalysis-20261009-source-vestito2024-supp,"Supplementary Table 1 line 74 (Diff human score 0.9, Var score 0.9), column 'Fscore'",0.23255814,result
rare-reanalysis-20261009-result-vestito2024-dh9-vs9-f2,rare-reanalysis-20261009-source-vestito2024-supp,"Supplementary Table 1 line 74 (Diff human score 0.9, Var score 0.9), column 'F2score'",0.162337662,result
rare-reanalysis-20261009-result-vestito2024-dh9-vs9-fn,rare-reanalysis-20261009-source-vestito2024-supp,"Supplementary Table 1 line 74 (Diff human score 0.9, Var score 0.9), column 'FN'",32,result
rare-reanalysis-20261009-result-vestito2024-dh9-vs9-fp,rare-reanalysis-20261009-source-vestito2024-supp,"Supplementary Table 1 line 74 (Diff human score 0.9, Var score 0.9), column 'FP'",1,result
rare-reanalysis-20261009-result-vestito2024-dh9-vs9-precision,rare-reanalysis-20261009-source-vestito2024-supp,"Supplementary Table 1 line 74 (Diff human score 0.9, Var score 0.9), column 'precision'",0.833333333,result
rare-reanalysis-20261009-result-vestito2024-dh9-vs9-recall,rare-reanalysis-20261009-source-vestito2024-supp,"Supplementary Table 1 line 74 (Diff human score 0.9, Var score 0.9), column 'recall'",0.135135135,result
rare-reanalysis-20261009-result-vestito2024-dh9-vs9-tn,rare-reanalysis-20261009-source-vestito2024-supp,"Supplementary Table 1 line 74 (Diff human score 0.9, Var score 0.9), column 'TN'",1808,result
rare-reanalysis-20261009-result-vestito2024-dh9-vs9-tp,rare-reanalysis-20261009-source-vestito2024-supp,"Supplementary Table 1 line 74 (Diff human score 0.9, Var score 0.9), column 'TP'",5,result
