record_id,source_id,locator,printed_value,review_scope
ctdnafrag-20261009-claim-hou2024-classifier,ctdnafrag-20261009-source-hou2024,Experimental Section 'Classification Model Construction' (P41) and 'Classification Model Evaluation' (P44-P45),"Models were built with scikit-learn support vector machines with default parameters (XGBoost from the xgboost library for the comparison models); evaluation used 10 repeats of 10-fold cross-validation, with AUC and sensitivity at 95% and 85% specificity as the primary metrics.",claim
ctdnafrag-20261009-claim-wang2026-tf-strata,ctdnafrag-20261009-source-wang2026,Results P9 and P12,"Healthy controls (n = 458) form one category; cancers are stratified by ichorCNA tumour fraction into [0, 0.03] (n = 736), (0.03, 0.1] (n = 239), (0.1, 0.2] (n = 121) and (0.2, 1] (n = 136). Models are trained and tested within each category; the [0, 0.03] category has 861 training samples (325 healthy, 536 cancer).",claim
ctdnafrag-20261009-result-hou2024-s2-end-motif-brca-auroc,ctdnafrag-20261009-source-hou2024-supporting-information,"Supporting Information sheet S2, C22; group 'BRCA'; row 'EDM'; column 'AUC'",0.9851,result
ctdnafrag-20261009-result-hou2024-s2-end-motif-brca-sens85,ctdnafrag-20261009-source-hou2024-supporting-information,"Supporting Information sheet S2, E22; group 'BRCA'; row 'EDM'; column 'Sensitivity @85% specificity'",0.9323,result
ctdnafrag-20261009-result-hou2024-s2-end-motif-brca-sens95,ctdnafrag-20261009-source-hou2024-supporting-information,"Supporting Information sheet S2, D22; group 'BRCA'; row 'EDM'; column 'Sensitivity @95% specificity'",0.8380,result
ctdnafrag-20261009-result-hou2024-s2-end-motif-chol-auroc,ctdnafrag-20261009-source-hou2024-supporting-information,"Supporting Information sheet S2, C32; group 'CHOL'; row 'EDM'; column 'AUC'",0.9900,result
ctdnafrag-20261009-result-hou2024-s2-end-motif-chol-sens85,ctdnafrag-20261009-source-hou2024-supporting-information,"Supporting Information sheet S2, E32; group 'CHOL'; row 'EDM'; column 'Sensitivity @85% specificity'",0.9550,result
ctdnafrag-20261009-result-hou2024-s2-end-motif-chol-sens95,ctdnafrag-20261009-source-hou2024-supporting-information,"Supporting Information sheet S2, D32; group 'CHOL'; row 'EDM'; column 'Sensitivity @95% specificity'",0.9167,result
ctdnafrag-20261009-result-hou2024-s2-end-motif-crc-auroc,ctdnafrag-20261009-source-hou2024-supporting-information,"Supporting Information sheet S2, C42; group 'CRC'; row 'EDM'; column 'AUC'",0.9997,result
ctdnafrag-20261009-result-hou2024-s2-end-motif-crc-sens85,ctdnafrag-20261009-source-hou2024-supporting-information,"Supporting Information sheet S2, E42; group 'CRC'; row 'EDM'; column 'Sensitivity @85% specificity'",1.0000,result
ctdnafrag-20261009-result-hou2024-s2-end-motif-crc-sens95,ctdnafrag-20261009-source-hou2024-supporting-information,"Supporting Information sheet S2, D42; group 'CRC'; row 'EDM'; column 'Sensitivity @95% specificity'",0.9933,result
ctdnafrag-20261009-result-hou2024-s2-end-motif-lihc-auroc,ctdnafrag-20261009-source-hou2024-supporting-information,"Supporting Information sheet S2, C92; group 'LIHC'; row 'EDM'; column 'AUC'",0.9944,result
ctdnafrag-20261009-result-hou2024-s2-end-motif-lihc-sens85,ctdnafrag-20261009-source-hou2024-supporting-information,"Supporting Information sheet S2, E92; group 'LIHC'; row 'EDM'; column 'Sensitivity @85% specificity'",0.9463,result
ctdnafrag-20261009-result-hou2024-s2-end-motif-lihc-sens95,ctdnafrag-20261009-source-hou2024-supporting-information,"Supporting Information sheet S2, D92; group 'LIHC'; row 'EDM'; column 'Sensitivity @95% specificity'",0.9463,result
ctdnafrag-20261009-result-hou2024-s2-end-motif-nsclc-auroc,ctdnafrag-20261009-source-hou2024-supporting-information,"Supporting Information sheet S2, C62; group 'NSCLC'; row 'EDM'; column 'AUC'",0.9977,result
ctdnafrag-20261009-result-hou2024-s2-end-motif-nsclc-sens85,ctdnafrag-20261009-source-hou2024-supporting-information,"Supporting Information sheet S2, E62; group 'NSCLC'; row 'EDM'; column 'Sensitivity @85% specificity'",1.0000,result
ctdnafrag-20261009-result-hou2024-s2-end-motif-nsclc-sens95,ctdnafrag-20261009-source-hou2024-supporting-information,"Supporting Information sheet S2, D62; group 'NSCLC'; row 'EDM'; column 'Sensitivity @95% specificity'",0.9500,result
ctdnafrag-20261009-result-hou2024-s2-end-motif-ov-auroc,ctdnafrag-20261009-source-hou2024-supporting-information,"Supporting Information sheet S2, C72; group 'OV'; row 'EDM'; column 'AUC'",0.9890,result
ctdnafrag-20261009-result-hou2024-s2-end-motif-ov-sens85,ctdnafrag-20261009-source-hou2024-supporting-information,"Supporting Information sheet S2, E72; group 'OV'; row 'EDM'; column 'Sensitivity @85% specificity'",0.9583,result
ctdnafrag-20261009-result-hou2024-s2-end-motif-ov-sens95,ctdnafrag-20261009-source-hou2024-supporting-information,"Supporting Information sheet S2, D72; group 'OV'; row 'EDM'; column 'Sensitivity @95% specificity'",0.8200,result
ctdnafrag-20261009-result-hou2024-s2-end-motif-paad-auroc,ctdnafrag-20261009-source-hou2024-supporting-information,"Supporting Information sheet S2, C82; group 'PAAD'; row 'EDM'; column 'AUC'",0.9544,result
ctdnafrag-20261009-result-hou2024-s2-end-motif-paad-sens85,ctdnafrag-20261009-source-hou2024-supporting-information,"Supporting Information sheet S2, E82; group 'PAAD'; row 'EDM'; column 'Sensitivity @85% specificity'",0.8725,result
ctdnafrag-20261009-result-hou2024-s2-end-motif-paad-sens95,ctdnafrag-20261009-source-hou2024-supporting-information,"Supporting Information sheet S2, D82; group 'PAAD'; row 'EDM'; column 'Sensitivity @95% specificity'",0.8167,result
ctdnafrag-20261009-result-hou2024-s2-end-motif-pancan-auroc,ctdnafrag-20261009-source-hou2024-supporting-information,"Supporting Information sheet S2, C12; group 'PANCAN'; row 'EDM'; column 'AUC'",0.9736,result
ctdnafrag-20261009-result-hou2024-s2-end-motif-pancan-sens85,ctdnafrag-20261009-source-hou2024-supporting-information,"Supporting Information sheet S2, E12; group 'PANCAN'; row 'EDM'; column 'Sensitivity @85% specificity'",0.8589,result
ctdnafrag-20261009-result-hou2024-s2-end-motif-pancan-sens95,ctdnafrag-20261009-source-hou2024-supporting-information,"Supporting Information sheet S2, D12; group 'PANCAN'; row 'EDM'; column 'Sensitivity @95% specificity'",0.7574,result
ctdnafrag-20261009-result-hou2024-s2-end-motif-stad-auroc,ctdnafrag-20261009-source-hou2024-supporting-information,"Supporting Information sheet S2, C52; group 'STAD'; row 'EDM'; column 'AUC'",0.9627,result
ctdnafrag-20261009-result-hou2024-s2-end-motif-stad-sens85,ctdnafrag-20261009-source-hou2024-supporting-information,"Supporting Information sheet S2, E52; group 'STAD'; row 'EDM'; column 'Sensitivity @85% specificity'",0.9200,result
ctdnafrag-20261009-result-hou2024-s2-end-motif-stad-sens95,ctdnafrag-20261009-source-hou2024-supporting-information,"Supporting Information sheet S2, D52; group 'STAD'; row 'EDM'; column 'Sensitivity @95% specificity'",0.8967,result
ctdnafrag-20261009-result-hou2024-s2-fragment-coverage-brca-auroc,ctdnafrag-20261009-source-hou2024-supporting-information,"Supporting Information sheet S2, C17; group 'BRCA'; row 'coverage'; column 'AUC'",0.9747,result
ctdnafrag-20261009-result-hou2024-s2-fragment-coverage-brca-sens85,ctdnafrag-20261009-source-hou2024-supporting-information,"Supporting Information sheet S2, E17; group 'BRCA'; row 'coverage'; column 'Sensitivity @85% specificity'",0.9470,result
ctdnafrag-20261009-result-hou2024-s2-fragment-coverage-brca-sens95,ctdnafrag-20261009-source-hou2024-supporting-information,"Supporting Information sheet S2, D17; group 'BRCA'; row 'coverage'; column 'Sensitivity @95% specificity'",0.8850,result
ctdnafrag-20261009-result-hou2024-s2-fragment-coverage-chol-auroc,ctdnafrag-20261009-source-hou2024-supporting-information,"Supporting Information sheet S2, C27; group 'CHOL'; row 'coverage'; column 'AUC'",0.9772,result
ctdnafrag-20261009-result-hou2024-s2-fragment-coverage-chol-sens85,ctdnafrag-20261009-source-hou2024-supporting-information,"Supporting Information sheet S2, E27; group 'CHOL'; row 'coverage'; column 'Sensitivity @85% specificity'",0.8867,result
ctdnafrag-20261009-result-hou2024-s2-fragment-coverage-chol-sens95,ctdnafrag-20261009-source-hou2024-supporting-information,"Supporting Information sheet S2, D27; group 'CHOL'; row 'coverage'; column 'Sensitivity @95% specificity'",0.7900,result
ctdnafrag-20261009-result-hou2024-s2-fragment-coverage-crc-auroc,ctdnafrag-20261009-source-hou2024-supporting-information,"Supporting Information sheet S2, C37; group 'CRC'; row 'coverage'; column 'AUC'",0.9778,result
ctdnafrag-20261009-result-hou2024-s2-fragment-coverage-crc-sens85,ctdnafrag-20261009-source-hou2024-supporting-information,"Supporting Information sheet S2, E37; group 'CRC'; row 'coverage'; column 'Sensitivity @85% specificity'",0.9083,result
ctdnafrag-20261009-result-hou2024-s2-fragment-coverage-crc-sens95,ctdnafrag-20261009-source-hou2024-supporting-information,"Supporting Information sheet S2, D37; group 'CRC'; row 'coverage'; column 'Sensitivity @95% specificity'",0.8683,result
ctdnafrag-20261009-result-hou2024-s2-fragment-coverage-lihc-auroc,ctdnafrag-20261009-source-hou2024-supporting-information,"Supporting Information sheet S2, C87; group 'LIHC'; row 'coverage'; column 'AUC'",0.9429,result
ctdnafrag-20261009-result-hou2024-s2-fragment-coverage-lihc-sens85,ctdnafrag-20261009-source-hou2024-supporting-information,"Supporting Information sheet S2, E87; group 'LIHC'; row 'coverage'; column 'Sensitivity @85% specificity'",0.7897,result
ctdnafrag-20261009-result-hou2024-s2-fragment-coverage-lihc-sens95,ctdnafrag-20261009-source-hou2024-supporting-information,"Supporting Information sheet S2, D87; group 'LIHC'; row 'coverage'; column 'Sensitivity @95% specificity'",0.7897,result
ctdnafrag-20261009-result-hou2024-s2-fragment-coverage-nsclc-auroc,ctdnafrag-20261009-source-hou2024-supporting-information,"Supporting Information sheet S2, C57; group 'NSCLC'; row 'coverage'; column 'AUC'",0.9967,result
ctdnafrag-20261009-result-hou2024-s2-fragment-coverage-nsclc-sens85,ctdnafrag-20261009-source-hou2024-supporting-information,"Supporting Information sheet S2, E57; group 'NSCLC'; row 'coverage'; column 'Sensitivity @85% specificity'",0.9750,result
ctdnafrag-20261009-result-hou2024-s2-fragment-coverage-nsclc-sens95,ctdnafrag-20261009-source-hou2024-supporting-information,"Supporting Information sheet S2, D57; group 'NSCLC'; row 'coverage'; column 'Sensitivity @95% specificity'",0.9650,result
ctdnafrag-20261009-result-hou2024-s2-fragment-coverage-ov-auroc,ctdnafrag-20261009-source-hou2024-supporting-information,"Supporting Information sheet S2, C67; group 'OV'; row 'coverage'; column 'AUC'",0.9988,result
ctdnafrag-20261009-result-hou2024-s2-fragment-coverage-ov-sens85,ctdnafrag-20261009-source-hou2024-supporting-information,"Supporting Information sheet S2, E67; group 'OV'; row 'coverage'; column 'Sensitivity @85% specificity'",1.0000,result
ctdnafrag-20261009-result-hou2024-s2-fragment-coverage-ov-sens95,ctdnafrag-20261009-source-hou2024-supporting-information,"Supporting Information sheet S2, D67; group 'OV'; row 'coverage'; column 'Sensitivity @95% specificity'",0.9750,result
ctdnafrag-20261009-result-hou2024-s2-fragment-coverage-paad-auroc,ctdnafrag-20261009-source-hou2024-supporting-information,"Supporting Information sheet S2, C77; group 'PAAD'; row 'coverage'; column 'AUC'",0.8381,result
ctdnafrag-20261009-result-hou2024-s2-fragment-coverage-paad-sens85,ctdnafrag-20261009-source-hou2024-supporting-information,"Supporting Information sheet S2, E77; group 'PAAD'; row 'coverage'; column 'Sensitivity @85% specificity'",0.7300,result
ctdnafrag-20261009-result-hou2024-s2-fragment-coverage-paad-sens95,ctdnafrag-20261009-source-hou2024-supporting-information,"Supporting Information sheet S2, D77; group 'PAAD'; row 'coverage'; column 'Sensitivity @95% specificity'",0.5658,result
ctdnafrag-20261009-result-hou2024-s2-fragment-coverage-pancan-auroc,ctdnafrag-20261009-source-hou2024-supporting-information,"Supporting Information sheet S2, C7; group 'PANCAN'; row 'coverage'; column 'AUC'",0.9638,result
ctdnafrag-20261009-result-hou2024-s2-fragment-coverage-pancan-sens85,ctdnafrag-20261009-source-hou2024-supporting-information,"Supporting Information sheet S2, E7; group 'PANCAN'; row 'coverage'; column 'Sensitivity @85% specificity'",0.8877,result
ctdnafrag-20261009-result-hou2024-s2-fragment-coverage-pancan-sens95,ctdnafrag-20261009-source-hou2024-supporting-information,"Supporting Information sheet S2, D7; group 'PANCAN'; row 'coverage'; column 'Sensitivity @95% specificity'",0.8444,result
ctdnafrag-20261009-result-hou2024-s2-fragment-coverage-stad-auroc,ctdnafrag-20261009-source-hou2024-supporting-information,"Supporting Information sheet S2, C47; group 'STAD'; row 'coverage'; column 'AUC'",0.9631,result
ctdnafrag-20261009-result-hou2024-s2-fragment-coverage-stad-sens85,ctdnafrag-20261009-source-hou2024-supporting-information,"Supporting Information sheet S2, E47; group 'STAD'; row 'coverage'; column 'Sensitivity @85% specificity'",0.9400,result
ctdnafrag-20261009-result-hou2024-s2-fragment-coverage-stad-sens95,ctdnafrag-20261009-source-hou2024-supporting-information,"Supporting Information sheet S2, D47; group 'STAD'; row 'coverage'; column 'Sensitivity @95% specificity'",0.8533,result
ctdnafrag-20261009-result-hou2024-s2-fragment-end-count-brca-auroc,ctdnafrag-20261009-source-hou2024-supporting-information,"Supporting Information sheet S2, C18; group 'BRCA'; row 'end'; column 'AUC'",0.9738,result
ctdnafrag-20261009-result-hou2024-s2-fragment-end-count-brca-sens85,ctdnafrag-20261009-source-hou2024-supporting-information,"Supporting Information sheet S2, E18; group 'BRCA'; row 'end'; column 'Sensitivity @85% specificity'",0.9410,result
ctdnafrag-20261009-result-hou2024-s2-fragment-end-count-brca-sens95,ctdnafrag-20261009-source-hou2024-supporting-information,"Supporting Information sheet S2, D18; group 'BRCA'; row 'end'; column 'Sensitivity @95% specificity'",0.8623,result
ctdnafrag-20261009-result-hou2024-s2-fragment-end-count-chol-auroc,ctdnafrag-20261009-source-hou2024-supporting-information,"Supporting Information sheet S2, C28; group 'CHOL'; row 'end'; column 'AUC'",0.9692,result
ctdnafrag-20261009-result-hou2024-s2-fragment-end-count-chol-sens85,ctdnafrag-20261009-source-hou2024-supporting-information,"Supporting Information sheet S2, E28; group 'CHOL'; row 'end'; column 'Sensitivity @85% specificity'",0.8533,result
ctdnafrag-20261009-result-hou2024-s2-fragment-end-count-chol-sens95,ctdnafrag-20261009-source-hou2024-supporting-information,"Supporting Information sheet S2, D28; group 'CHOL'; row 'end'; column 'Sensitivity @95% specificity'",0.7500,result
ctdnafrag-20261009-result-hou2024-s2-fragment-end-count-crc-auroc,ctdnafrag-20261009-source-hou2024-supporting-information,"Supporting Information sheet S2, C38; group 'CRC'; row 'end'; column 'AUC'",0.9751,result
ctdnafrag-20261009-result-hou2024-s2-fragment-end-count-crc-sens85,ctdnafrag-20261009-source-hou2024-supporting-information,"Supporting Information sheet S2, E38; group 'CRC'; row 'end'; column 'Sensitivity @85% specificity'",0.8850,result
ctdnafrag-20261009-result-hou2024-s2-fragment-end-count-crc-sens95,ctdnafrag-20261009-source-hou2024-supporting-information,"Supporting Information sheet S2, D38; group 'CRC'; row 'end'; column 'Sensitivity @95% specificity'",0.8433,result
ctdnafrag-20261009-result-hou2024-s2-fragment-end-count-lihc-auroc,ctdnafrag-20261009-source-hou2024-supporting-information,"Supporting Information sheet S2, C88; group 'LIHC'; row 'end'; column 'AUC'",0.9664,result
ctdnafrag-20261009-result-hou2024-s2-fragment-end-count-lihc-sens85,ctdnafrag-20261009-source-hou2024-supporting-information,"Supporting Information sheet S2, E88; group 'LIHC'; row 'end'; column 'Sensitivity @85% specificity'",0.8541,result
ctdnafrag-20261009-result-hou2024-s2-fragment-end-count-lihc-sens95,ctdnafrag-20261009-source-hou2024-supporting-information,"Supporting Information sheet S2, D88; group 'LIHC'; row 'end'; column 'Sensitivity @95% specificity'",0.8541,result
ctdnafrag-20261009-result-hou2024-s2-fragment-end-count-nsclc-auroc,ctdnafrag-20261009-source-hou2024-supporting-information,"Supporting Information sheet S2, C58; group 'NSCLC'; row 'end'; column 'AUC'",0.9986,result
ctdnafrag-20261009-result-hou2024-s2-fragment-end-count-nsclc-sens85,ctdnafrag-20261009-source-hou2024-supporting-information,"Supporting Information sheet S2, E58; group 'NSCLC'; row 'end'; column 'Sensitivity @85% specificity'",1.0000,result
ctdnafrag-20261009-result-hou2024-s2-fragment-end-count-nsclc-sens95,ctdnafrag-20261009-source-hou2024-supporting-information,"Supporting Information sheet S2, D58; group 'NSCLC'; row 'end'; column 'Sensitivity @95% specificity'",0.9700,result
ctdnafrag-20261009-result-hou2024-s2-fragment-end-count-ov-auroc,ctdnafrag-20261009-source-hou2024-supporting-information,"Supporting Information sheet S2, C68; group 'OV'; row 'end'; column 'AUC'",0.9987,result
ctdnafrag-20261009-result-hou2024-s2-fragment-end-count-ov-sens85,ctdnafrag-20261009-source-hou2024-supporting-information,"Supporting Information sheet S2, E68; group 'OV'; row 'end'; column 'Sensitivity @85% specificity'",1.0000,result
ctdnafrag-20261009-result-hou2024-s2-fragment-end-count-ov-sens95,ctdnafrag-20261009-source-hou2024-supporting-information,"Supporting Information sheet S2, D68; group 'OV'; row 'end'; column 'Sensitivity @95% specificity'",0.9733,result
ctdnafrag-20261009-result-hou2024-s2-fragment-end-count-paad-auroc,ctdnafrag-20261009-source-hou2024-supporting-information,"Supporting Information sheet S2, C78; group 'PAAD'; row 'end'; column 'AUC'",0.8369,result
ctdnafrag-20261009-result-hou2024-s2-fragment-end-count-paad-sens85,ctdnafrag-20261009-source-hou2024-supporting-information,"Supporting Information sheet S2, E78; group 'PAAD'; row 'end'; column 'Sensitivity @85% specificity'",0.7167,result
ctdnafrag-20261009-result-hou2024-s2-fragment-end-count-paad-sens95,ctdnafrag-20261009-source-hou2024-supporting-information,"Supporting Information sheet S2, D78; group 'PAAD'; row 'end'; column 'Sensitivity @95% specificity'",0.5983,result
ctdnafrag-20261009-result-hou2024-s2-fragment-end-count-pancan-auroc,ctdnafrag-20261009-source-hou2024-supporting-information,"Supporting Information sheet S2, C8; group 'PANCAN'; row 'end'; column 'AUC'",0.9639,result
ctdnafrag-20261009-result-hou2024-s2-fragment-end-count-pancan-sens85,ctdnafrag-20261009-source-hou2024-supporting-information,"Supporting Information sheet S2, E8; group 'PANCAN'; row 'end'; column 'Sensitivity @85% specificity'",0.8775,result
ctdnafrag-20261009-result-hou2024-s2-fragment-end-count-pancan-sens95,ctdnafrag-20261009-source-hou2024-supporting-information,"Supporting Information sheet S2, D8; group 'PANCAN'; row 'end'; column 'Sensitivity @95% specificity'",0.8212,result
ctdnafrag-20261009-result-hou2024-s2-fragment-end-count-stad-auroc,ctdnafrag-20261009-source-hou2024-supporting-information,"Supporting Information sheet S2, C48; group 'STAD'; row 'end'; column 'AUC'",0.9626,result
ctdnafrag-20261009-result-hou2024-s2-fragment-end-count-stad-sens85,ctdnafrag-20261009-source-hou2024-supporting-information,"Supporting Information sheet S2, E48; group 'STAD'; row 'end'; column 'Sensitivity @85% specificity'",0.9267,result
ctdnafrag-20261009-result-hou2024-s2-fragment-end-count-stad-sens95,ctdnafrag-20261009-source-hou2024-supporting-information,"Supporting Information sheet S2, D48; group 'STAD'; row 'end'; column 'Sensitivity @95% specificity'",0.8700,result
ctdnafrag-20261009-result-hou2024-s2-fragment-length-brca-auroc,ctdnafrag-20261009-source-hou2024-supporting-information,"Supporting Information sheet S2, C13; group 'BRCA'; row 'length'; column 'AUC'",0.8828,result
ctdnafrag-20261009-result-hou2024-s2-fragment-length-brca-sens85,ctdnafrag-20261009-source-hou2024-supporting-information,"Supporting Information sheet S2, E13; group 'BRCA'; row 'length'; column 'Sensitivity @85% specificity'",0.6137,result
ctdnafrag-20261009-result-hou2024-s2-fragment-length-brca-sens95,ctdnafrag-20261009-source-hou2024-supporting-information,"Supporting Information sheet S2, D13; group 'BRCA'; row 'length'; column 'Sensitivity @95% specificity'",0.5240,result
ctdnafrag-20261009-result-hou2024-s2-fragment-length-chol-auroc,ctdnafrag-20261009-source-hou2024-supporting-information,"Supporting Information sheet S2, C23; group 'CHOL'; row 'length'; column 'AUC'",0.8719,result
ctdnafrag-20261009-result-hou2024-s2-fragment-length-chol-sens85,ctdnafrag-20261009-source-hou2024-supporting-information,"Supporting Information sheet S2, E23; group 'CHOL'; row 'length'; column 'Sensitivity @85% specificity'",0.7100,result
ctdnafrag-20261009-result-hou2024-s2-fragment-length-chol-sens95,ctdnafrag-20261009-source-hou2024-supporting-information,"Supporting Information sheet S2, D23; group 'CHOL'; row 'length'; column 'Sensitivity @95% specificity'",0.6667,result
ctdnafrag-20261009-result-hou2024-s2-fragment-length-crc-auroc,ctdnafrag-20261009-source-hou2024-supporting-information,"Supporting Information sheet S2, C33; group 'CRC'; row 'length'; column 'AUC'",0.9703,result
ctdnafrag-20261009-result-hou2024-s2-fragment-length-crc-sens85,ctdnafrag-20261009-source-hou2024-supporting-information,"Supporting Information sheet S2, E33; group 'CRC'; row 'length'; column 'Sensitivity @85% specificity'",0.8417,result
ctdnafrag-20261009-result-hou2024-s2-fragment-length-crc-sens95,ctdnafrag-20261009-source-hou2024-supporting-information,"Supporting Information sheet S2, D33; group 'CRC'; row 'length'; column 'Sensitivity @95% specificity'",0.7517,result
ctdnafrag-20261009-result-hou2024-s2-fragment-length-lihc-auroc,ctdnafrag-20261009-source-hou2024-supporting-information,"Supporting Information sheet S2, C83; group 'LIHC'; row 'length'; column 'AUC'",0.8355,result
ctdnafrag-20261009-result-hou2024-s2-fragment-length-lihc-sens85,ctdnafrag-20261009-source-hou2024-supporting-information,"Supporting Information sheet S2, E83; group 'LIHC'; row 'length'; column 'Sensitivity @85% specificity'",0.4640,result
ctdnafrag-20261009-result-hou2024-s2-fragment-length-lihc-sens95,ctdnafrag-20261009-source-hou2024-supporting-information,"Supporting Information sheet S2, D83; group 'LIHC'; row 'length'; column 'Sensitivity @95% specificity'",0.4631,result
ctdnafrag-20261009-result-hou2024-s2-fragment-length-nsclc-auroc,ctdnafrag-20261009-source-hou2024-supporting-information,"Supporting Information sheet S2, C53; group 'NSCLC'; row 'length'; column 'AUC'",0.9146,result
ctdnafrag-20261009-result-hou2024-s2-fragment-length-nsclc-sens85,ctdnafrag-20261009-source-hou2024-supporting-information,"Supporting Information sheet S2, E53; group 'NSCLC'; row 'length'; column 'Sensitivity @85% specificity'",0.8400,result
ctdnafrag-20261009-result-hou2024-s2-fragment-length-nsclc-sens95,ctdnafrag-20261009-source-hou2024-supporting-information,"Supporting Information sheet S2, D53; group 'NSCLC'; row 'length'; column 'Sensitivity @95% specificity'",0.7300,result
ctdnafrag-20261009-result-hou2024-s2-fragment-length-ov-auroc,ctdnafrag-20261009-source-hou2024-supporting-information,"Supporting Information sheet S2, C63; group 'OV'; row 'length'; column 'AUC'",0.8548,result
ctdnafrag-20261009-result-hou2024-s2-fragment-length-ov-sens85,ctdnafrag-20261009-source-hou2024-supporting-information,"Supporting Information sheet S2, E63; group 'OV'; row 'length'; column 'Sensitivity @85% specificity'",0.5633,result
ctdnafrag-20261009-result-hou2024-s2-fragment-length-ov-sens95,ctdnafrag-20261009-source-hou2024-supporting-information,"Supporting Information sheet S2, D63; group 'OV'; row 'length'; column 'Sensitivity @95% specificity'",0.4850,result
ctdnafrag-20261009-result-hou2024-s2-fragment-length-paad-auroc,ctdnafrag-20261009-source-hou2024-supporting-information,"Supporting Information sheet S2, C73; group 'PAAD'; row 'length'; column 'AUC'",0.9415,result
ctdnafrag-20261009-result-hou2024-s2-fragment-length-paad-sens85,ctdnafrag-20261009-source-hou2024-supporting-information,"Supporting Information sheet S2, E73; group 'PAAD'; row 'length'; column 'Sensitivity @85% specificity'",0.8083,result
ctdnafrag-20261009-result-hou2024-s2-fragment-length-paad-sens95,ctdnafrag-20261009-source-hou2024-supporting-information,"Supporting Information sheet S2, D73; group 'PAAD'; row 'length'; column 'Sensitivity @95% specificity'",0.7242,result
ctdnafrag-20261009-result-hou2024-s2-fragment-length-pancan-auroc,ctdnafrag-20261009-source-hou2024-supporting-information,"Supporting Information sheet S2, C3; group 'PANCAN'; row 'length'; column 'AUC'",0.8741,result
ctdnafrag-20261009-result-hou2024-s2-fragment-length-pancan-sens85,ctdnafrag-20261009-source-hou2024-supporting-information,"Supporting Information sheet S2, E3; group 'PANCAN'; row 'length'; column 'Sensitivity @85% specificity'",0.6033,result
ctdnafrag-20261009-result-hou2024-s2-fragment-length-pancan-sens95,ctdnafrag-20261009-source-hou2024-supporting-information,"Supporting Information sheet S2, D3; group 'PANCAN'; row 'length'; column 'Sensitivity @95% specificity'",0.5210,result
ctdnafrag-20261009-result-hou2024-s2-fragment-length-stad-auroc,ctdnafrag-20261009-source-hou2024-supporting-information,"Supporting Information sheet S2, C43; group 'STAD'; row 'length'; column 'AUC'",0.8269,result
ctdnafrag-20261009-result-hou2024-s2-fragment-length-stad-sens85,ctdnafrag-20261009-source-hou2024-supporting-information,"Supporting Information sheet S2, E43; group 'STAD'; row 'length'; column 'Sensitivity @85% specificity'",0.5300,result
ctdnafrag-20261009-result-hou2024-s2-fragment-length-stad-sens95,ctdnafrag-20261009-source-hou2024-supporting-information,"Supporting Information sheet S2, D43; group 'STAD'; row 'length'; column 'Sensitivity @95% specificity'",0.3883,result
ctdnafrag-20261009-result-hou2024-s2-fsd-brca-auroc,ctdnafrag-20261009-source-hou2024-supporting-information,"Supporting Information sheet S2, C16; group 'BRCA'; row 'FSD'; column 'AUC'",0.9357,result
ctdnafrag-20261009-result-hou2024-s2-fsd-brca-sens85,ctdnafrag-20261009-source-hou2024-supporting-information,"Supporting Information sheet S2, E16; group 'BRCA'; row 'FSD'; column 'Sensitivity @85% specificity'",0.7857,result
ctdnafrag-20261009-result-hou2024-s2-fsd-brca-sens95,ctdnafrag-20261009-source-hou2024-supporting-information,"Supporting Information sheet S2, D16; group 'BRCA'; row 'FSD'; column 'Sensitivity @95% specificity'",0.6230,result
ctdnafrag-20261009-result-hou2024-s2-fsd-chol-auroc,ctdnafrag-20261009-source-hou2024-supporting-information,"Supporting Information sheet S2, C26; group 'CHOL'; row 'FSD'; column 'AUC'",0.8725,result
ctdnafrag-20261009-result-hou2024-s2-fsd-chol-sens85,ctdnafrag-20261009-source-hou2024-supporting-information,"Supporting Information sheet S2, E26; group 'CHOL'; row 'FSD'; column 'Sensitivity @85% specificity'",0.7233,result
ctdnafrag-20261009-result-hou2024-s2-fsd-chol-sens95,ctdnafrag-20261009-source-hou2024-supporting-information,"Supporting Information sheet S2, D26; group 'CHOL'; row 'FSD'; column 'Sensitivity @95% specificity'",0.6533,result
ctdnafrag-20261009-result-hou2024-s2-fsd-crc-auroc,ctdnafrag-20261009-source-hou2024-supporting-information,"Supporting Information sheet S2, C36; group 'CRC'; row 'FSD'; column 'AUC'",0.9817,result
ctdnafrag-20261009-result-hou2024-s2-fsd-crc-sens85,ctdnafrag-20261009-source-hou2024-supporting-information,"Supporting Information sheet S2, E36; group 'CRC'; row 'FSD'; column 'Sensitivity @85% specificity'",0.9133,result
ctdnafrag-20261009-result-hou2024-s2-fsd-crc-sens95,ctdnafrag-20261009-source-hou2024-supporting-information,"Supporting Information sheet S2, D36; group 'CRC'; row 'FSD'; column 'Sensitivity @95% specificity'",0.8017,result
ctdnafrag-20261009-result-hou2024-s2-fsd-lihc-auroc,ctdnafrag-20261009-source-hou2024-supporting-information,"Supporting Information sheet S2, C86; group 'LIHC'; row 'FSD'; column 'AUC'",0.9030,result
ctdnafrag-20261009-result-hou2024-s2-fsd-lihc-sens85,ctdnafrag-20261009-source-hou2024-supporting-information,"Supporting Information sheet S2, E86; group 'LIHC'; row 'FSD'; column 'Sensitivity @85% specificity'",0.5674,result
ctdnafrag-20261009-result-hou2024-s2-fsd-lihc-sens95,ctdnafrag-20261009-source-hou2024-supporting-information,"Supporting Information sheet S2, D86; group 'LIHC'; row 'FSD'; column 'Sensitivity @95% specificity'",0.5674,result
ctdnafrag-20261009-result-hou2024-s2-fsd-nsclc-auroc,ctdnafrag-20261009-source-hou2024-supporting-information,"Supporting Information sheet S2, C56; group 'NSCLC'; row 'FSD'; column 'AUC'",0.9921,result
ctdnafrag-20261009-result-hou2024-s2-fsd-nsclc-sens85,ctdnafrag-20261009-source-hou2024-supporting-information,"Supporting Information sheet S2, E56; group 'NSCLC'; row 'FSD'; column 'Sensitivity @85% specificity'",0.9600,result
ctdnafrag-20261009-result-hou2024-s2-fsd-nsclc-sens95,ctdnafrag-20261009-source-hou2024-supporting-information,"Supporting Information sheet S2, D56; group 'NSCLC'; row 'FSD'; column 'Sensitivity @95% specificity'",0.9100,result
ctdnafrag-20261009-result-hou2024-s2-fsd-ov-auroc,ctdnafrag-20261009-source-hou2024-supporting-information,"Supporting Information sheet S2, C66; group 'OV'; row 'FSD'; column 'AUC'",0.9606,result
ctdnafrag-20261009-result-hou2024-s2-fsd-ov-sens85,ctdnafrag-20261009-source-hou2024-supporting-information,"Supporting Information sheet S2, E66; group 'OV'; row 'FSD'; column 'Sensitivity @85% specificity'",0.8900,result
ctdnafrag-20261009-result-hou2024-s2-fsd-ov-sens95,ctdnafrag-20261009-source-hou2024-supporting-information,"Supporting Information sheet S2, D66; group 'OV'; row 'FSD'; column 'Sensitivity @95% specificity'",0.8267,result
ctdnafrag-20261009-result-hou2024-s2-fsd-paad-auroc,ctdnafrag-20261009-source-hou2024-supporting-information,"Supporting Information sheet S2, C76; group 'PAAD'; row 'FSD'; column 'AUC'",0.9522,result
ctdnafrag-20261009-result-hou2024-s2-fsd-paad-sens85,ctdnafrag-20261009-source-hou2024-supporting-information,"Supporting Information sheet S2, E76; group 'PAAD'; row 'FSD'; column 'Sensitivity @85% specificity'",0.8550,result
ctdnafrag-20261009-result-hou2024-s2-fsd-paad-sens95,ctdnafrag-20261009-source-hou2024-supporting-information,"Supporting Information sheet S2, D76; group 'PAAD'; row 'FSD'; column 'Sensitivity @95% specificity'",0.7192,result
ctdnafrag-20261009-result-hou2024-s2-fsd-pancan-auroc,ctdnafrag-20261009-source-hou2024-supporting-information,"Supporting Information sheet S2, C6; group 'PANCAN'; row 'FSD'; column 'AUC'",0.9271,result
ctdnafrag-20261009-result-hou2024-s2-fsd-pancan-sens85,ctdnafrag-20261009-source-hou2024-supporting-information,"Supporting Information sheet S2, E6; group 'PANCAN'; row 'FSD'; column 'Sensitivity @85% specificity'",0.7125,result
ctdnafrag-20261009-result-hou2024-s2-fsd-pancan-sens95,ctdnafrag-20261009-source-hou2024-supporting-information,"Supporting Information sheet S2, D6; group 'PANCAN'; row 'FSD'; column 'Sensitivity @95% specificity'",0.6074,result
ctdnafrag-20261009-result-hou2024-s2-fsd-stad-auroc,ctdnafrag-20261009-source-hou2024-supporting-information,"Supporting Information sheet S2, C46; group 'STAD'; row 'FSD'; column 'AUC'",0.9124,result
ctdnafrag-20261009-result-hou2024-s2-fsd-stad-sens85,ctdnafrag-20261009-source-hou2024-supporting-information,"Supporting Information sheet S2, E46; group 'STAD'; row 'FSD'; column 'Sensitivity @85% specificity'",0.7667,result
ctdnafrag-20261009-result-hou2024-s2-fsd-stad-sens95,ctdnafrag-20261009-source-hou2024-supporting-information,"Supporting Information sheet S2, D46; group 'STAD'; row 'FSD'; column 'Sensitivity @95% specificity'",0.5917,result
ctdnafrag-20261009-result-hou2024-s2-fsr-brca-auroc,ctdnafrag-20261009-source-hou2024-supporting-information,"Supporting Information sheet S2, C15; group 'BRCA'; row 'FSR'; column 'AUC'",0.9735,result
ctdnafrag-20261009-result-hou2024-s2-fsr-brca-sens85,ctdnafrag-20261009-source-hou2024-supporting-information,"Supporting Information sheet S2, E15; group 'BRCA'; row 'FSR'; column 'Sensitivity @85% specificity'",0.8973,result
ctdnafrag-20261009-result-hou2024-s2-fsr-brca-sens95,ctdnafrag-20261009-source-hou2024-supporting-information,"Supporting Information sheet S2, D15; group 'BRCA'; row 'FSR'; column 'Sensitivity @95% specificity'",0.7710,result
ctdnafrag-20261009-result-hou2024-s2-fsr-chol-auroc,ctdnafrag-20261009-source-hou2024-supporting-information,"Supporting Information sheet S2, C25; group 'CHOL'; row 'FSR'; column 'AUC'",0.9513,result
ctdnafrag-20261009-result-hou2024-s2-fsr-chol-sens85,ctdnafrag-20261009-source-hou2024-supporting-information,"Supporting Information sheet S2, E25; group 'CHOL'; row 'FSR'; column 'Sensitivity @85% specificity'",0.7683,result
ctdnafrag-20261009-result-hou2024-s2-fsr-chol-sens95,ctdnafrag-20261009-source-hou2024-supporting-information,"Supporting Information sheet S2, D25; group 'CHOL'; row 'FSR'; column 'Sensitivity @95% specificity'",0.6667,result
ctdnafrag-20261009-result-hou2024-s2-fsr-crc-auroc,ctdnafrag-20261009-source-hou2024-supporting-information,"Supporting Information sheet S2, C35; group 'CRC'; row 'FSR'; column 'AUC'",0.9870,result
ctdnafrag-20261009-result-hou2024-s2-fsr-crc-sens85,ctdnafrag-20261009-source-hou2024-supporting-information,"Supporting Information sheet S2, E35; group 'CRC'; row 'FSR'; column 'Sensitivity @85% specificity'",0.9533,result
ctdnafrag-20261009-result-hou2024-s2-fsr-crc-sens95,ctdnafrag-20261009-source-hou2024-supporting-information,"Supporting Information sheet S2, D35; group 'CRC'; row 'FSR'; column 'Sensitivity @95% specificity'",0.9350,result
ctdnafrag-20261009-result-hou2024-s2-fsr-lihc-auroc,ctdnafrag-20261009-source-hou2024-supporting-information,"Supporting Information sheet S2, C85; group 'LIHC'; row 'FSR'; column 'AUC'",0.9359,result
ctdnafrag-20261009-result-hou2024-s2-fsr-lihc-sens85,ctdnafrag-20261009-source-hou2024-supporting-information,"Supporting Information sheet S2, E85; group 'LIHC'; row 'FSR'; column 'Sensitivity @85% specificity'",0.7481,result
ctdnafrag-20261009-result-hou2024-s2-fsr-lihc-sens95,ctdnafrag-20261009-source-hou2024-supporting-information,"Supporting Information sheet S2, D85; group 'LIHC'; row 'FSR'; column 'Sensitivity @95% specificity'",0.7481,result
ctdnafrag-20261009-result-hou2024-s2-fsr-nsclc-auroc,ctdnafrag-20261009-source-hou2024-supporting-information,"Supporting Information sheet S2, C55; group 'NSCLC'; row 'FSR'; column 'AUC'",0.9447,result
ctdnafrag-20261009-result-hou2024-s2-fsr-nsclc-sens85,ctdnafrag-20261009-source-hou2024-supporting-information,"Supporting Information sheet S2, E55; group 'NSCLC'; row 'FSR'; column 'Sensitivity @85% specificity'",0.8550,result
ctdnafrag-20261009-result-hou2024-s2-fsr-nsclc-sens95,ctdnafrag-20261009-source-hou2024-supporting-information,"Supporting Information sheet S2, D55; group 'NSCLC'; row 'FSR'; column 'Sensitivity @95% specificity'",0.8100,result
ctdnafrag-20261009-result-hou2024-s2-fsr-ov-auroc,ctdnafrag-20261009-source-hou2024-supporting-information,"Supporting Information sheet S2, C65; group 'OV'; row 'FSR'; column 'AUC'",0.9930,result
ctdnafrag-20261009-result-hou2024-s2-fsr-ov-sens85,ctdnafrag-20261009-source-hou2024-supporting-information,"Supporting Information sheet S2, E65; group 'OV'; row 'FSR'; column 'Sensitivity @85% specificity'",0.9733,result
ctdnafrag-20261009-result-hou2024-s2-fsr-ov-sens95,ctdnafrag-20261009-source-hou2024-supporting-information,"Supporting Information sheet S2, D65; group 'OV'; row 'FSR'; column 'Sensitivity @95% specificity'",0.8833,result
ctdnafrag-20261009-result-hou2024-s2-fsr-paad-auroc,ctdnafrag-20261009-source-hou2024-supporting-information,"Supporting Information sheet S2, C75; group 'PAAD'; row 'FSR'; column 'AUC'",0.8406,result
ctdnafrag-20261009-result-hou2024-s2-fsr-paad-sens85,ctdnafrag-20261009-source-hou2024-supporting-information,"Supporting Information sheet S2, E75; group 'PAAD'; row 'FSR'; column 'Sensitivity @85% specificity'",0.6717,result
ctdnafrag-20261009-result-hou2024-s2-fsr-paad-sens95,ctdnafrag-20261009-source-hou2024-supporting-information,"Supporting Information sheet S2, D75; group 'PAAD'; row 'FSR'; column 'Sensitivity @95% specificity'",0.5692,result
ctdnafrag-20261009-result-hou2024-s2-fsr-pancan-auroc,ctdnafrag-20261009-source-hou2024-supporting-information,"Supporting Information sheet S2, C5; group 'PANCAN'; row 'FSR'; column 'AUC'",0.9441,result
ctdnafrag-20261009-result-hou2024-s2-fsr-pancan-sens85,ctdnafrag-20261009-source-hou2024-supporting-information,"Supporting Information sheet S2, E5; group 'PANCAN'; row 'FSR'; column 'Sensitivity @85% specificity'",0.8091,result
ctdnafrag-20261009-result-hou2024-s2-fsr-pancan-sens95,ctdnafrag-20261009-source-hou2024-supporting-information,"Supporting Information sheet S2, D5; group 'PANCAN'; row 'FSR'; column 'Sensitivity @95% specificity'",0.7374,result
ctdnafrag-20261009-result-hou2024-s2-fsr-stad-auroc,ctdnafrag-20261009-source-hou2024-supporting-information,"Supporting Information sheet S2, C45; group 'STAD'; row 'FSR'; column 'AUC'",0.9594,result
ctdnafrag-20261009-result-hou2024-s2-fsr-stad-sens85,ctdnafrag-20261009-source-hou2024-supporting-information,"Supporting Information sheet S2, E45; group 'STAD'; row 'FSR'; column 'Sensitivity @85% specificity'",0.9033,result
ctdnafrag-20261009-result-hou2024-s2-fsr-stad-sens95,ctdnafrag-20261009-source-hou2024-supporting-information,"Supporting Information sheet S2, D45; group 'STAD'; row 'FSR'; column 'Sensitivity @95% specificity'",0.8483,result
ctdnafrag-20261009-result-hou2024-s2-ifs-brca-auroc,ctdnafrag-20261009-source-hou2024-supporting-information,"Supporting Information sheet S2, C20; group 'BRCA'; row 'IFS'; column 'AUC'",0.9718,result
ctdnafrag-20261009-result-hou2024-s2-ifs-brca-sens85,ctdnafrag-20261009-source-hou2024-supporting-information,"Supporting Information sheet S2, E20; group 'BRCA'; row 'IFS'; column 'Sensitivity @85% specificity'",0.9343,result
ctdnafrag-20261009-result-hou2024-s2-ifs-brca-sens95,ctdnafrag-20261009-source-hou2024-supporting-information,"Supporting Information sheet S2, D20; group 'BRCA'; row 'IFS'; column 'Sensitivity @95% specificity'",0.8797,result
ctdnafrag-20261009-result-hou2024-s2-ifs-chol-auroc,ctdnafrag-20261009-source-hou2024-supporting-information,"Supporting Information sheet S2, C30; group 'CHOL'; row 'IFS'; column 'AUC'",0.9770,result
ctdnafrag-20261009-result-hou2024-s2-ifs-chol-sens85,ctdnafrag-20261009-source-hou2024-supporting-information,"Supporting Information sheet S2, E30; group 'CHOL'; row 'IFS'; column 'Sensitivity @85% specificity'",0.8817,result
ctdnafrag-20261009-result-hou2024-s2-ifs-chol-sens95,ctdnafrag-20261009-source-hou2024-supporting-information,"Supporting Information sheet S2, D30; group 'CHOL'; row 'IFS'; column 'Sensitivity @95% specificity'",0.7550,result
ctdnafrag-20261009-result-hou2024-s2-ifs-crc-auroc,ctdnafrag-20261009-source-hou2024-supporting-information,"Supporting Information sheet S2, C40; group 'CRC'; row 'IFS'; column 'AUC'",0.9781,result
ctdnafrag-20261009-result-hou2024-s2-ifs-crc-sens85,ctdnafrag-20261009-source-hou2024-supporting-information,"Supporting Information sheet S2, E40; group 'CRC'; row 'IFS'; column 'Sensitivity @85% specificity'",0.9033,result
ctdnafrag-20261009-result-hou2024-s2-ifs-crc-sens95,ctdnafrag-20261009-source-hou2024-supporting-information,"Supporting Information sheet S2, D40; group 'CRC'; row 'IFS'; column 'Sensitivity @95% specificity'",0.8450,result
ctdnafrag-20261009-result-hou2024-s2-ifs-lihc-auroc,ctdnafrag-20261009-source-hou2024-supporting-information,"Supporting Information sheet S2, C90; group 'LIHC'; row 'IFS'; column 'AUC'",0.9442,result
ctdnafrag-20261009-result-hou2024-s2-ifs-lihc-sens85,ctdnafrag-20261009-source-hou2024-supporting-information,"Supporting Information sheet S2, E90; group 'LIHC'; row 'IFS'; column 'Sensitivity @85% specificity'",0.7973,result
ctdnafrag-20261009-result-hou2024-s2-ifs-lihc-sens95,ctdnafrag-20261009-source-hou2024-supporting-information,"Supporting Information sheet S2, D90; group 'LIHC'; row 'IFS'; column 'Sensitivity @95% specificity'",0.7973,result
ctdnafrag-20261009-result-hou2024-s2-ifs-nsclc-auroc,ctdnafrag-20261009-source-hou2024-supporting-information,"Supporting Information sheet S2, C60; group 'NSCLC'; row 'IFS'; column 'AUC'",0.9965,result
ctdnafrag-20261009-result-hou2024-s2-ifs-nsclc-sens85,ctdnafrag-20261009-source-hou2024-supporting-information,"Supporting Information sheet S2, E60; group 'NSCLC'; row 'IFS'; column 'Sensitivity @85% specificity'",0.9700,result
ctdnafrag-20261009-result-hou2024-s2-ifs-nsclc-sens95,ctdnafrag-20261009-source-hou2024-supporting-information,"Supporting Information sheet S2, D60; group 'NSCLC'; row 'IFS'; column 'Sensitivity @95% specificity'",0.9550,result
ctdnafrag-20261009-result-hou2024-s2-ifs-ov-auroc,ctdnafrag-20261009-source-hou2024-supporting-information,"Supporting Information sheet S2, C70; group 'OV'; row 'IFS'; column 'AUC'",0.9980,result
ctdnafrag-20261009-result-hou2024-s2-ifs-ov-sens85,ctdnafrag-20261009-source-hou2024-supporting-information,"Supporting Information sheet S2, E70; group 'OV'; row 'IFS'; column 'Sensitivity @85% specificity'",0.9900,result
ctdnafrag-20261009-result-hou2024-s2-ifs-ov-sens95,ctdnafrag-20261009-source-hou2024-supporting-information,"Supporting Information sheet S2, D70; group 'OV'; row 'IFS'; column 'Sensitivity @95% specificity'",0.9733,result
ctdnafrag-20261009-result-hou2024-s2-ifs-paad-auroc,ctdnafrag-20261009-source-hou2024-supporting-information,"Supporting Information sheet S2, C80; group 'PAAD'; row 'IFS'; column 'AUC'",0.8367,result
ctdnafrag-20261009-result-hou2024-s2-ifs-paad-sens85,ctdnafrag-20261009-source-hou2024-supporting-information,"Supporting Information sheet S2, E80; group 'PAAD'; row 'IFS'; column 'Sensitivity @85% specificity'",0.7042,result
ctdnafrag-20261009-result-hou2024-s2-ifs-paad-sens95,ctdnafrag-20261009-source-hou2024-supporting-information,"Supporting Information sheet S2, D80; group 'PAAD'; row 'IFS'; column 'Sensitivity @95% specificity'",0.5842,result
ctdnafrag-20261009-result-hou2024-s2-ifs-pancan-auroc,ctdnafrag-20261009-source-hou2024-supporting-information,"Supporting Information sheet S2, C10; group 'PANCAN'; row 'IFS'; column 'AUC'",0.9653,result
ctdnafrag-20261009-result-hou2024-s2-ifs-pancan-sens85,ctdnafrag-20261009-source-hou2024-supporting-information,"Supporting Information sheet S2, E10; group 'PANCAN'; row 'IFS'; column 'Sensitivity @85% specificity'",0.8856,result
ctdnafrag-20261009-result-hou2024-s2-ifs-pancan-sens95,ctdnafrag-20261009-source-hou2024-supporting-information,"Supporting Information sheet S2, D10; group 'PANCAN'; row 'IFS'; column 'Sensitivity @95% specificity'",0.8492,result
ctdnafrag-20261009-result-hou2024-s2-ifs-stad-auroc,ctdnafrag-20261009-source-hou2024-supporting-information,"Supporting Information sheet S2, C50; group 'STAD'; row 'IFS'; column 'AUC'",0.9616,result
ctdnafrag-20261009-result-hou2024-s2-ifs-stad-sens85,ctdnafrag-20261009-source-hou2024-supporting-information,"Supporting Information sheet S2, E50; group 'STAD'; row 'IFS'; column 'Sensitivity @85% specificity'",0.9217,result
ctdnafrag-20261009-result-hou2024-s2-ifs-stad-sens95,ctdnafrag-20261009-source-hou2024-supporting-information,"Supporting Information sheet S2, D50; group 'STAD'; row 'IFS'; column 'Sensitivity @95% specificity'",0.8783,result
ctdnafrag-20261009-result-hou2024-s2-ocf-brca-auroc,ctdnafrag-20261009-source-hou2024-supporting-information,"Supporting Information sheet S2, C19; group 'BRCA'; row 'OCF'; column 'AUC'",0.9625,result
ctdnafrag-20261009-result-hou2024-s2-ocf-brca-sens85,ctdnafrag-20261009-source-hou2024-supporting-information,"Supporting Information sheet S2, E19; group 'BRCA'; row 'OCF'; column 'Sensitivity @85% specificity'",0.8347,result
ctdnafrag-20261009-result-hou2024-s2-ocf-brca-sens95,ctdnafrag-20261009-source-hou2024-supporting-information,"Supporting Information sheet S2, D19; group 'BRCA'; row 'OCF'; column 'Sensitivity @95% specificity'",0.7627,result
ctdnafrag-20261009-result-hou2024-s2-ocf-chol-auroc,ctdnafrag-20261009-source-hou2024-supporting-information,"Supporting Information sheet S2, C29; group 'CHOL'; row 'OCF'; column 'AUC'",0.9352,result
ctdnafrag-20261009-result-hou2024-s2-ocf-chol-sens85,ctdnafrag-20261009-source-hou2024-supporting-information,"Supporting Information sheet S2, E29; group 'CHOL'; row 'OCF'; column 'Sensitivity @85% specificity'",0.7333,result
ctdnafrag-20261009-result-hou2024-s2-ocf-chol-sens95,ctdnafrag-20261009-source-hou2024-supporting-information,"Supporting Information sheet S2, D29; group 'CHOL'; row 'OCF'; column 'Sensitivity @95% specificity'",0.6500,result
ctdnafrag-20261009-result-hou2024-s2-ocf-crc-auroc,ctdnafrag-20261009-source-hou2024-supporting-information,"Supporting Information sheet S2, C39; group 'CRC'; row 'OCF'; column 'AUC'",0.9872,result
ctdnafrag-20261009-result-hou2024-s2-ocf-crc-sens85,ctdnafrag-20261009-source-hou2024-supporting-information,"Supporting Information sheet S2, E39; group 'CRC'; row 'OCF'; column 'Sensitivity @85% specificity'",0.9400,result
ctdnafrag-20261009-result-hou2024-s2-ocf-crc-sens95,ctdnafrag-20261009-source-hou2024-supporting-information,"Supporting Information sheet S2, D39; group 'CRC'; row 'OCF'; column 'Sensitivity @95% specificity'",0.8950,result
ctdnafrag-20261009-result-hou2024-s2-ocf-lihc-auroc,ctdnafrag-20261009-source-hou2024-supporting-information,"Supporting Information sheet S2, C89; group 'LIHC'; row 'OCF'; column 'AUC'",0.9386,result
ctdnafrag-20261009-result-hou2024-s2-ocf-lihc-sens85,ctdnafrag-20261009-source-hou2024-supporting-information,"Supporting Information sheet S2, E89; group 'LIHC'; row 'OCF'; column 'Sensitivity @85% specificity'",0.7685,result
ctdnafrag-20261009-result-hou2024-s2-ocf-lihc-sens95,ctdnafrag-20261009-source-hou2024-supporting-information,"Supporting Information sheet S2, D89; group 'LIHC'; row 'OCF'; column 'Sensitivity @95% specificity'",0.7685,result
ctdnafrag-20261009-result-hou2024-s2-ocf-nsclc-auroc,ctdnafrag-20261009-source-hou2024-supporting-information,"Supporting Information sheet S2, C59; group 'NSCLC'; row 'OCF'; column 'AUC'",0.9846,result
ctdnafrag-20261009-result-hou2024-s2-ocf-nsclc-sens85,ctdnafrag-20261009-source-hou2024-supporting-information,"Supporting Information sheet S2, E59; group 'NSCLC'; row 'OCF'; column 'Sensitivity @85% specificity'",0.9600,result
ctdnafrag-20261009-result-hou2024-s2-ocf-nsclc-sens95,ctdnafrag-20261009-source-hou2024-supporting-information,"Supporting Information sheet S2, D59; group 'NSCLC'; row 'OCF'; column 'Sensitivity @95% specificity'",0.9050,result
ctdnafrag-20261009-result-hou2024-s2-ocf-ov-auroc,ctdnafrag-20261009-source-hou2024-supporting-information,"Supporting Information sheet S2, C69; group 'OV'; row 'OCF'; column 'AUC'",0.9840,result
ctdnafrag-20261009-result-hou2024-s2-ocf-ov-sens85,ctdnafrag-20261009-source-hou2024-supporting-information,"Supporting Information sheet S2, E69; group 'OV'; row 'OCF'; column 'Sensitivity @85% specificity'",0.9200,result
ctdnafrag-20261009-result-hou2024-s2-ocf-ov-sens95,ctdnafrag-20261009-source-hou2024-supporting-information,"Supporting Information sheet S2, D69; group 'OV'; row 'OCF'; column 'Sensitivity @95% specificity'",0.8000,result
ctdnafrag-20261009-result-hou2024-s2-ocf-paad-auroc,ctdnafrag-20261009-source-hou2024-supporting-information,"Supporting Information sheet S2, C79; group 'PAAD'; row 'OCF'; column 'AUC'",0.8337,result
ctdnafrag-20261009-result-hou2024-s2-ocf-paad-sens85,ctdnafrag-20261009-source-hou2024-supporting-information,"Supporting Information sheet S2, E79; group 'PAAD'; row 'OCF'; column 'Sensitivity @85% specificity'",0.6208,result
ctdnafrag-20261009-result-hou2024-s2-ocf-paad-sens95,ctdnafrag-20261009-source-hou2024-supporting-information,"Supporting Information sheet S2, D79; group 'PAAD'; row 'OCF'; column 'Sensitivity @95% specificity'",0.5475,result
ctdnafrag-20261009-result-hou2024-s2-ocf-pancan-auroc,ctdnafrag-20261009-source-hou2024-supporting-information,"Supporting Information sheet S2, C9; group 'PANCAN'; row 'OCF'; column 'AUC'",0.9467,result
ctdnafrag-20261009-result-hou2024-s2-ocf-pancan-sens85,ctdnafrag-20261009-source-hou2024-supporting-information,"Supporting Information sheet S2, E9; group 'PANCAN'; row 'OCF'; column 'Sensitivity @85% specificity'",0.7761,result
ctdnafrag-20261009-result-hou2024-s2-ocf-pancan-sens95,ctdnafrag-20261009-source-hou2024-supporting-information,"Supporting Information sheet S2, D9; group 'PANCAN'; row 'OCF'; column 'Sensitivity @95% specificity'",0.7041,result
ctdnafrag-20261009-result-hou2024-s2-ocf-stad-auroc,ctdnafrag-20261009-source-hou2024-supporting-information,"Supporting Information sheet S2, C49; group 'STAD'; row 'OCF'; column 'AUC'",0.9459,result
ctdnafrag-20261009-result-hou2024-s2-ocf-stad-sens85,ctdnafrag-20261009-source-hou2024-supporting-information,"Supporting Information sheet S2, E49; group 'STAD'; row 'OCF'; column 'Sensitivity @85% specificity'",0.8667,result
ctdnafrag-20261009-result-hou2024-s2-ocf-stad-sens95,ctdnafrag-20261009-source-hou2024-supporting-information,"Supporting Information sheet S2, D49; group 'STAD'; row 'OCF'; column 'Sensitivity @95% specificity'",0.8033,result
ctdnafrag-20261009-result-hou2024-s2-pfe-brca-auroc,ctdnafrag-20261009-source-hou2024-supporting-information,"Supporting Information sheet S2, C14; group 'BRCA'; row 'PFE'; column 'AUC'",0.9645,result
ctdnafrag-20261009-result-hou2024-s2-pfe-brca-sens85,ctdnafrag-20261009-source-hou2024-supporting-information,"Supporting Information sheet S2, E14; group 'BRCA'; row 'PFE'; column 'Sensitivity @85% specificity'",0.8907,result
ctdnafrag-20261009-result-hou2024-s2-pfe-brca-sens95,ctdnafrag-20261009-source-hou2024-supporting-information,"Supporting Information sheet S2, D14; group 'BRCA'; row 'PFE'; column 'Sensitivity @95% specificity'",0.8190,result
ctdnafrag-20261009-result-hou2024-s2-pfe-chol-auroc,ctdnafrag-20261009-source-hou2024-supporting-information,"Supporting Information sheet S2, C24; group 'CHOL'; row 'PFE'; column 'AUC'",0.9502,result
ctdnafrag-20261009-result-hou2024-s2-pfe-chol-sens85,ctdnafrag-20261009-source-hou2024-supporting-information,"Supporting Information sheet S2, E24; group 'CHOL'; row 'PFE'; column 'Sensitivity @85% specificity'",0.7717,result
ctdnafrag-20261009-result-hou2024-s2-pfe-chol-sens95,ctdnafrag-20261009-source-hou2024-supporting-information,"Supporting Information sheet S2, D24; group 'CHOL'; row 'PFE'; column 'Sensitivity @95% specificity'",0.6733,result
ctdnafrag-20261009-result-hou2024-s2-pfe-crc-auroc,ctdnafrag-20261009-source-hou2024-supporting-information,"Supporting Information sheet S2, C34; group 'CRC'; row 'PFE'; column 'AUC'",0.9662,result
ctdnafrag-20261009-result-hou2024-s2-pfe-crc-sens85,ctdnafrag-20261009-source-hou2024-supporting-information,"Supporting Information sheet S2, E34; group 'CRC'; row 'PFE'; column 'Sensitivity @85% specificity'",0.8717,result
ctdnafrag-20261009-result-hou2024-s2-pfe-crc-sens95,ctdnafrag-20261009-source-hou2024-supporting-information,"Supporting Information sheet S2, D34; group 'CRC'; row 'PFE'; column 'Sensitivity @95% specificity'",0.7933,result
ctdnafrag-20261009-result-hou2024-s2-pfe-lihc-auroc,ctdnafrag-20261009-source-hou2024-supporting-information,"Supporting Information sheet S2, C84; group 'LIHC'; row 'PFE'; column 'AUC'",0.9374,result
ctdnafrag-20261009-result-hou2024-s2-pfe-lihc-sens85,ctdnafrag-20261009-source-hou2024-supporting-information,"Supporting Information sheet S2, E84; group 'LIHC'; row 'PFE'; column 'Sensitivity @85% specificity'",0.7501,result
ctdnafrag-20261009-result-hou2024-s2-pfe-lihc-sens95,ctdnafrag-20261009-source-hou2024-supporting-information,"Supporting Information sheet S2, D84; group 'LIHC'; row 'PFE'; column 'Sensitivity @95% specificity'",0.7501,result
ctdnafrag-20261009-result-hou2024-s2-pfe-nsclc-auroc,ctdnafrag-20261009-source-hou2024-supporting-information,"Supporting Information sheet S2, C54; group 'NSCLC'; row 'PFE'; column 'AUC'",0.9705,result
ctdnafrag-20261009-result-hou2024-s2-pfe-nsclc-sens85,ctdnafrag-20261009-source-hou2024-supporting-information,"Supporting Information sheet S2, E54; group 'NSCLC'; row 'PFE'; column 'Sensitivity @85% specificity'",0.9100,result
ctdnafrag-20261009-result-hou2024-s2-pfe-nsclc-sens95,ctdnafrag-20261009-source-hou2024-supporting-information,"Supporting Information sheet S2, D54; group 'NSCLC'; row 'PFE'; column 'Sensitivity @95% specificity'",0.8250,result
ctdnafrag-20261009-result-hou2024-s2-pfe-ov-auroc,ctdnafrag-20261009-source-hou2024-supporting-information,"Supporting Information sheet S2, C64; group 'OV'; row 'PFE'; column 'AUC'",0.9872,result
ctdnafrag-20261009-result-hou2024-s2-pfe-ov-sens85,ctdnafrag-20261009-source-hou2024-supporting-information,"Supporting Information sheet S2, E64; group 'OV'; row 'PFE'; column 'Sensitivity @85% specificity'",0.9400,result
ctdnafrag-20261009-result-hou2024-s2-pfe-ov-sens95,ctdnafrag-20261009-source-hou2024-supporting-information,"Supporting Information sheet S2, D64; group 'OV'; row 'PFE'; column 'Sensitivity @95% specificity'",0.8900,result
ctdnafrag-20261009-result-hou2024-s2-pfe-paad-auroc,ctdnafrag-20261009-source-hou2024-supporting-information,"Supporting Information sheet S2, C74; group 'PAAD'; row 'PFE'; column 'AUC'",0.8200,result
ctdnafrag-20261009-result-hou2024-s2-pfe-paad-sens85,ctdnafrag-20261009-source-hou2024-supporting-information,"Supporting Information sheet S2, E74; group 'PAAD'; row 'PFE'; column 'Sensitivity @85% specificity'",0.6158,result
ctdnafrag-20261009-result-hou2024-s2-pfe-paad-sens95,ctdnafrag-20261009-source-hou2024-supporting-information,"Supporting Information sheet S2, D74; group 'PAAD'; row 'PFE'; column 'Sensitivity @95% specificity'",0.5233,result
ctdnafrag-20261009-result-hou2024-s2-pfe-pancan-auroc,ctdnafrag-20261009-source-hou2024-supporting-information,"Supporting Information sheet S2, C4; group 'PANCAN'; row 'PFE'; column 'AUC'",0.9579,result
ctdnafrag-20261009-result-hou2024-s2-pfe-pancan-sens85,ctdnafrag-20261009-source-hou2024-supporting-information,"Supporting Information sheet S2, E4; group 'PANCAN'; row 'PFE'; column 'Sensitivity @85% specificity'",0.8259,result
ctdnafrag-20261009-result-hou2024-s2-pfe-pancan-sens95,ctdnafrag-20261009-source-hou2024-supporting-information,"Supporting Information sheet S2, D4; group 'PANCAN'; row 'PFE'; column 'Sensitivity @95% specificity'",0.7796,result
ctdnafrag-20261009-result-hou2024-s2-pfe-stad-auroc,ctdnafrag-20261009-source-hou2024-supporting-information,"Supporting Information sheet S2, C44; group 'STAD'; row 'PFE'; column 'AUC'",0.9624,result
ctdnafrag-20261009-result-hou2024-s2-pfe-stad-sens85,ctdnafrag-20261009-source-hou2024-supporting-information,"Supporting Information sheet S2, E44; group 'STAD'; row 'PFE'; column 'Sensitivity @85% specificity'",0.9367,result
ctdnafrag-20261009-result-hou2024-s2-pfe-stad-sens95,ctdnafrag-20261009-source-hou2024-supporting-information,"Supporting Information sheet S2, D44; group 'STAD'; row 'PFE'; column 'Sensitivity @95% specificity'",0.8367,result
ctdnafrag-20261009-result-hou2024-s2-wps-brca-auroc,ctdnafrag-20261009-source-hou2024-supporting-information,"Supporting Information sheet S2, C21; group 'BRCA'; row 'WPS'; column 'AUC'",0.9676,result
ctdnafrag-20261009-result-hou2024-s2-wps-brca-sens85,ctdnafrag-20261009-source-hou2024-supporting-information,"Supporting Information sheet S2, E21; group 'BRCA'; row 'WPS'; column 'Sensitivity @85% specificity'",0.9330,result
ctdnafrag-20261009-result-hou2024-s2-wps-brca-sens95,ctdnafrag-20261009-source-hou2024-supporting-information,"Supporting Information sheet S2, D21; group 'BRCA'; row 'WPS'; column 'Sensitivity @95% specificity'",0.8837,result
ctdnafrag-20261009-result-hou2024-s2-wps-chol-auroc,ctdnafrag-20261009-source-hou2024-supporting-information,"Supporting Information sheet S2, C31; group 'CHOL'; row 'WPS'; column 'AUC'",0.9853,result
ctdnafrag-20261009-result-hou2024-s2-wps-chol-sens85,ctdnafrag-20261009-source-hou2024-supporting-information,"Supporting Information sheet S2, E31; group 'CHOL'; row 'WPS'; column 'Sensitivity @85% specificity'",0.9217,result
ctdnafrag-20261009-result-hou2024-s2-wps-chol-sens95,ctdnafrag-20261009-source-hou2024-supporting-information,"Supporting Information sheet S2, D31; group 'CHOL'; row 'WPS'; column 'Sensitivity @95% specificity'",0.8300,result
ctdnafrag-20261009-result-hou2024-s2-wps-crc-auroc,ctdnafrag-20261009-source-hou2024-supporting-information,"Supporting Information sheet S2, C41; group 'CRC'; row 'WPS'; column 'AUC'",0.9804,result
ctdnafrag-20261009-result-hou2024-s2-wps-crc-sens85,ctdnafrag-20261009-source-hou2024-supporting-information,"Supporting Information sheet S2, E41; group 'CRC'; row 'WPS'; column 'Sensitivity @85% specificity'",0.9150,result
ctdnafrag-20261009-result-hou2024-s2-wps-crc-sens95,ctdnafrag-20261009-source-hou2024-supporting-information,"Supporting Information sheet S2, D41; group 'CRC'; row 'WPS'; column 'Sensitivity @95% specificity'",0.8600,result
ctdnafrag-20261009-result-hou2024-s2-wps-lihc-auroc,ctdnafrag-20261009-source-hou2024-supporting-information,"Supporting Information sheet S2, C91; group 'LIHC'; row 'WPS'; column 'AUC'",0.9540,result
ctdnafrag-20261009-result-hou2024-s2-wps-lihc-sens85,ctdnafrag-20261009-source-hou2024-supporting-information,"Supporting Information sheet S2, E91; group 'LIHC'; row 'WPS'; column 'Sensitivity @85% specificity'",0.8140,result
ctdnafrag-20261009-result-hou2024-s2-wps-lihc-sens95,ctdnafrag-20261009-source-hou2024-supporting-information,"Supporting Information sheet S2, D91; group 'LIHC'; row 'WPS'; column 'Sensitivity @95% specificity'",0.8140,result
ctdnafrag-20261009-result-hou2024-s2-wps-nsclc-auroc,ctdnafrag-20261009-source-hou2024-supporting-information,"Supporting Information sheet S2, C61; group 'NSCLC'; row 'WPS'; column 'AUC'",0.9984,result
ctdnafrag-20261009-result-hou2024-s2-wps-nsclc-sens85,ctdnafrag-20261009-source-hou2024-supporting-information,"Supporting Information sheet S2, E61; group 'NSCLC'; row 'WPS'; column 'Sensitivity @85% specificity'",0.9950,result
ctdnafrag-20261009-result-hou2024-s2-wps-nsclc-sens95,ctdnafrag-20261009-source-hou2024-supporting-information,"Supporting Information sheet S2, D61; group 'NSCLC'; row 'WPS'; column 'Sensitivity @95% specificity'",0.9700,result
ctdnafrag-20261009-result-hou2024-s2-wps-ov-auroc,ctdnafrag-20261009-source-hou2024-supporting-information,"Supporting Information sheet S2, C71; group 'OV'; row 'WPS'; column 'AUC'",0.9997,result
ctdnafrag-20261009-result-hou2024-s2-wps-ov-sens85,ctdnafrag-20261009-source-hou2024-supporting-information,"Supporting Information sheet S2, E71; group 'OV'; row 'WPS'; column 'Sensitivity @85% specificity'",1.0000,result
ctdnafrag-20261009-result-hou2024-s2-wps-ov-sens95,ctdnafrag-20261009-source-hou2024-supporting-information,"Supporting Information sheet S2, D71; group 'OV'; row 'WPS'; column 'Sensitivity @95% specificity'",0.9933,result
ctdnafrag-20261009-result-hou2024-s2-wps-paad-auroc,ctdnafrag-20261009-source-hou2024-supporting-information,"Supporting Information sheet S2, C81; group 'PAAD'; row 'WPS'; column 'AUC'",0.8414,result
ctdnafrag-20261009-result-hou2024-s2-wps-paad-sens85,ctdnafrag-20261009-source-hou2024-supporting-information,"Supporting Information sheet S2, E81; group 'PAAD'; row 'WPS'; column 'Sensitivity @85% specificity'",0.7192,result
ctdnafrag-20261009-result-hou2024-s2-wps-paad-sens95,ctdnafrag-20261009-source-hou2024-supporting-information,"Supporting Information sheet S2, D81; group 'PAAD'; row 'WPS'; column 'Sensitivity @95% specificity'",0.6217,result
ctdnafrag-20261009-result-hou2024-s2-wps-pancan-auroc,ctdnafrag-20261009-source-hou2024-supporting-information,"Supporting Information sheet S2, C11; group 'PANCAN'; row 'WPS'; column 'AUC'",0.9658,result
ctdnafrag-20261009-result-hou2024-s2-wps-pancan-sens85,ctdnafrag-20261009-source-hou2024-supporting-information,"Supporting Information sheet S2, E11; group 'PANCAN'; row 'WPS'; column 'Sensitivity @85% specificity'",0.8910,result
ctdnafrag-20261009-result-hou2024-s2-wps-pancan-sens95,ctdnafrag-20261009-source-hou2024-supporting-information,"Supporting Information sheet S2, D11; group 'PANCAN'; row 'WPS'; column 'Sensitivity @95% specificity'",0.8559,result
ctdnafrag-20261009-result-hou2024-s2-wps-stad-auroc,ctdnafrag-20261009-source-hou2024-supporting-information,"Supporting Information sheet S2, C51; group 'STAD'; row 'WPS'; column 'AUC'",0.9613,result
ctdnafrag-20261009-result-hou2024-s2-wps-stad-sens85,ctdnafrag-20261009-source-hou2024-supporting-information,"Supporting Information sheet S2, E51; group 'STAD'; row 'WPS'; column 'Sensitivity @85% specificity'",0.9067,result
ctdnafrag-20261009-result-hou2024-s2-wps-stad-sens95,ctdnafrag-20261009-source-hou2024-supporting-information,"Supporting Information sheet S2, D51; group 'STAD'; row 'WPS'; column 'Sensitivity @95% specificity'",0.8333,result
ctdnafrag-20261009-result-hou2024-s3-end-motif-lucas-auroc,ctdnafrag-20261009-source-hou2024-supporting-information,"Supporting Information sheet S3, C22; data set 'Mathios et al. LUCAS dataset (LUNG)'; row 'EDM'; column 'AUC'",0.5508,result
ctdnafrag-20261009-result-hou2024-s3-end-motif-lucas-sens85,ctdnafrag-20261009-source-hou2024-supporting-information,"Supporting Information sheet S3, E22; data set 'Mathios et al. LUCAS dataset (LUNG)'; row 'EDM'; column 'Sensitivity @85% specificity'",0.2558,result
ctdnafrag-20261009-result-hou2024-s3-end-motif-lucas-sens95,ctdnafrag-20261009-source-hou2024-supporting-information,"Supporting Information sheet S3, D22; data set 'Mathios et al. LUCAS dataset (LUNG)'; row 'EDM'; column 'Sensitivity @95% specificity'",0.0775,result
ctdnafrag-20261009-result-hou2024-s3-end-motif-mathios-ind-auroc,ctdnafrag-20261009-source-hou2024-supporting-information,"Supporting Information sheet S3, C32; data set 'Mathios et al. independent dataset (LUNG)'; row 'EDM'; column 'AUC'",0.5355,result
ctdnafrag-20261009-result-hou2024-s3-end-motif-mathios-ind-sens85,ctdnafrag-20261009-source-hou2024-supporting-information,"Supporting Information sheet S3, E32; data set 'Mathios et al. independent dataset (LUNG)'; row 'EDM'; column 'Sensitivity @85% specificity'",0.1739,result
ctdnafrag-20261009-result-hou2024-s3-end-motif-mathios-ind-sens95,ctdnafrag-20261009-source-hou2024-supporting-information,"Supporting Information sheet S3, D32; data set 'Mathios et al. independent dataset (LUNG)'; row 'EDM'; column 'Sensitivity @95% specificity'",0.0652,result
ctdnafrag-20261009-result-hou2024-s3-end-motif-zhou-auroc,ctdnafrag-20261009-source-hou2024-supporting-information,"Supporting Information sheet S3, C12; data set 'Zhou et al. dataset (LIHC)'; row 'EDM'; column 'AUC'",0.8906,result
ctdnafrag-20261009-result-hou2024-s3-end-motif-zhou-sens85,ctdnafrag-20261009-source-hou2024-supporting-information,"Supporting Information sheet S3, E12; data set 'Zhou et al. dataset (LIHC)'; row 'EDM'; column 'Sensitivity @85% specificity'",0.75,result
ctdnafrag-20261009-result-hou2024-s3-end-motif-zhou-sens95,ctdnafrag-20261009-source-hou2024-supporting-information,"Supporting Information sheet S3, D12; data set 'Zhou et al. dataset (LIHC)'; row 'EDM'; column 'Sensitivity @95% specificity'",0.75,result
ctdnafrag-20261009-result-hou2024-s3-fragment-coverage-lucas-auroc,ctdnafrag-20261009-source-hou2024-supporting-information,"Supporting Information sheet S3, C17; data set 'Mathios et al. LUCAS dataset (LUNG)'; row 'coverage'; column 'AUC'",0.7305,result
ctdnafrag-20261009-result-hou2024-s3-fragment-coverage-lucas-sens85,ctdnafrag-20261009-source-hou2024-supporting-information,"Supporting Information sheet S3, E17; data set 'Mathios et al. LUCAS dataset (LUNG)'; row 'coverage'; column 'Sensitivity @85% specificity'",0.5426,result
ctdnafrag-20261009-result-hou2024-s3-fragment-coverage-lucas-sens95,ctdnafrag-20261009-source-hou2024-supporting-information,"Supporting Information sheet S3, D17; data set 'Mathios et al. LUCAS dataset (LUNG)'; row 'coverage'; column 'Sensitivity @95% specificity'",0.2713,result
ctdnafrag-20261009-result-hou2024-s3-fragment-coverage-mathios-ind-auroc,ctdnafrag-20261009-source-hou2024-supporting-information,"Supporting Information sheet S3, C27; data set 'Mathios et al. independent dataset (LUNG)'; row 'coverage'; column 'AUC'",0.8397,result
ctdnafrag-20261009-result-hou2024-s3-fragment-coverage-mathios-ind-sens85,ctdnafrag-20261009-source-hou2024-supporting-information,"Supporting Information sheet S3, E27; data set 'Mathios et al. independent dataset (LUNG)'; row 'coverage'; column 'Sensitivity @85% specificity'",0.6522,result
ctdnafrag-20261009-result-hou2024-s3-fragment-coverage-mathios-ind-sens95,ctdnafrag-20261009-source-hou2024-supporting-information,"Supporting Information sheet S3, D27; data set 'Mathios et al. independent dataset (LUNG)'; row 'coverage'; column 'Sensitivity @95% specificity'",0.4565,result
ctdnafrag-20261009-result-hou2024-s3-fragment-coverage-zhou-auroc,ctdnafrag-20261009-source-hou2024-supporting-information,"Supporting Information sheet S3, C7; data set 'Zhou et al. dataset (LIHC)'; row 'coverage'; column 'AUC'",0.7969,result
ctdnafrag-20261009-result-hou2024-s3-fragment-coverage-zhou-sens85,ctdnafrag-20261009-source-hou2024-supporting-information,"Supporting Information sheet S3, E7; data set 'Zhou et al. dataset (LIHC)'; row 'coverage'; column 'Sensitivity @85% specificity'",0.625,result
ctdnafrag-20261009-result-hou2024-s3-fragment-coverage-zhou-sens95,ctdnafrag-20261009-source-hou2024-supporting-information,"Supporting Information sheet S3, D7; data set 'Zhou et al. dataset (LIHC)'; row 'coverage'; column 'Sensitivity @95% specificity'",0.125,result
ctdnafrag-20261009-result-hou2024-s3-fragment-end-count-lucas-auroc,ctdnafrag-20261009-source-hou2024-supporting-information,"Supporting Information sheet S3, C18; data set 'Mathios et al. LUCAS dataset (LUNG)'; row 'end'; column 'AUC'",0.7327,result
ctdnafrag-20261009-result-hou2024-s3-fragment-end-count-lucas-sens85,ctdnafrag-20261009-source-hou2024-supporting-information,"Supporting Information sheet S3, E18; data set 'Mathios et al. LUCAS dataset (LUNG)'; row 'end'; column 'Sensitivity @85% specificity'",0.5039,result
ctdnafrag-20261009-result-hou2024-s3-fragment-end-count-lucas-sens95,ctdnafrag-20261009-source-hou2024-supporting-information,"Supporting Information sheet S3, D18; data set 'Mathios et al. LUCAS dataset (LUNG)'; row 'end'; column 'Sensitivity @95% specificity'",0.2791,result
ctdnafrag-20261009-result-hou2024-s3-fragment-end-count-mathios-ind-auroc,ctdnafrag-20261009-source-hou2024-supporting-information,"Supporting Information sheet S3, C28; data set 'Mathios et al. independent dataset (LUNG)'; row 'end'; column 'AUC'",0.8297,result
ctdnafrag-20261009-result-hou2024-s3-fragment-end-count-mathios-ind-sens85,ctdnafrag-20261009-source-hou2024-supporting-information,"Supporting Information sheet S3, E28; data set 'Mathios et al. independent dataset (LUNG)'; row 'end'; column 'Sensitivity @85% specificity'",0.6957,result
ctdnafrag-20261009-result-hou2024-s3-fragment-end-count-mathios-ind-sens95,ctdnafrag-20261009-source-hou2024-supporting-information,"Supporting Information sheet S3, D28; data set 'Mathios et al. independent dataset (LUNG)'; row 'end'; column 'Sensitivity @95% specificity'",0.5217,result
ctdnafrag-20261009-result-hou2024-s3-fragment-end-count-zhou-auroc,ctdnafrag-20261009-source-hou2024-supporting-information,"Supporting Information sheet S3, C8; data set 'Zhou et al. dataset (LIHC)'; row 'end'; column 'AUC'",0.9219,result
ctdnafrag-20261009-result-hou2024-s3-fragment-end-count-zhou-sens85,ctdnafrag-20261009-source-hou2024-supporting-information,"Supporting Information sheet S3, E8; data set 'Zhou et al. dataset (LIHC)'; row 'end'; column 'Sensitivity @85% specificity'",0.875,result
ctdnafrag-20261009-result-hou2024-s3-fragment-end-count-zhou-sens95,ctdnafrag-20261009-source-hou2024-supporting-information,"Supporting Information sheet S3, D8; data set 'Zhou et al. dataset (LIHC)'; row 'end'; column 'Sensitivity @95% specificity'",0.5,result
ctdnafrag-20261009-result-hou2024-s3-fragment-length-lucas-auroc,ctdnafrag-20261009-source-hou2024-supporting-information,"Supporting Information sheet S3, C13; data set 'Mathios et al. LUCAS dataset (LUNG)'; row 'length'; column 'AUC'",0.6636,result
ctdnafrag-20261009-result-hou2024-s3-fragment-length-lucas-sens85,ctdnafrag-20261009-source-hou2024-supporting-information,"Supporting Information sheet S3, E13; data set 'Mathios et al. LUCAS dataset (LUNG)'; row 'length'; column 'Sensitivity @85% specificity'",0.3411,result
ctdnafrag-20261009-result-hou2024-s3-fragment-length-lucas-sens95,ctdnafrag-20261009-source-hou2024-supporting-information,"Supporting Information sheet S3, D13; data set 'Mathios et al. LUCAS dataset (LUNG)'; row 'length'; column 'Sensitivity @95% specificity'",0.2016,result
ctdnafrag-20261009-result-hou2024-s3-fragment-length-mathios-ind-auroc,ctdnafrag-20261009-source-hou2024-supporting-information,"Supporting Information sheet S3, C23; data set 'Mathios et al. independent dataset (LUNG)'; row 'length'; column 'AUC'",0.8669,result
ctdnafrag-20261009-result-hou2024-s3-fragment-length-mathios-ind-sens85,ctdnafrag-20261009-source-hou2024-supporting-information,"Supporting Information sheet S3, E23; data set 'Mathios et al. independent dataset (LUNG)'; row 'length'; column 'Sensitivity @85% specificity'",0.6739,result
ctdnafrag-20261009-result-hou2024-s3-fragment-length-mathios-ind-sens95,ctdnafrag-20261009-source-hou2024-supporting-information,"Supporting Information sheet S3, D23; data set 'Mathios et al. independent dataset (LUNG)'; row 'length'; column 'Sensitivity @95% specificity'",0.4783,result
ctdnafrag-20261009-result-hou2024-s3-fragment-length-zhou-auroc,ctdnafrag-20261009-source-hou2024-supporting-information,"Supporting Information sheet S3, C3; data set 'Zhou et al. dataset (LIHC)'; row 'length'; column 'AUC'",0.5,result
ctdnafrag-20261009-result-hou2024-s3-fragment-length-zhou-sens85,ctdnafrag-20261009-source-hou2024-supporting-information,"Supporting Information sheet S3, E3; data set 'Zhou et al. dataset (LIHC)'; row 'length'; column 'Sensitivity @85% specificity'",0.25,result
ctdnafrag-20261009-result-hou2024-s3-fragment-length-zhou-sens95,ctdnafrag-20261009-source-hou2024-supporting-information,"Supporting Information sheet S3, D3; data set 'Zhou et al. dataset (LIHC)'; row 'length'; column 'Sensitivity @95% specificity'",0,result
ctdnafrag-20261009-result-hou2024-s3-fsd-lucas-auroc,ctdnafrag-20261009-source-hou2024-supporting-information,"Supporting Information sheet S3, C16; data set 'Mathios et al. LUCAS dataset (LUNG)'; row 'FSD'; column 'AUC'",0.5457,result
ctdnafrag-20261009-result-hou2024-s3-fsd-lucas-sens85,ctdnafrag-20261009-source-hou2024-supporting-information,"Supporting Information sheet S3, E16; data set 'Mathios et al. LUCAS dataset (LUNG)'; row 'FSD'; column 'Sensitivity @85% specificity'",0.1938,result
ctdnafrag-20261009-result-hou2024-s3-fsd-lucas-sens95,ctdnafrag-20261009-source-hou2024-supporting-information,"Supporting Information sheet S3, D16; data set 'Mathios et al. LUCAS dataset (LUNG)'; row 'FSD'; column 'Sensitivity @95% specificity'",0.1008,result
ctdnafrag-20261009-result-hou2024-s3-fsd-mathios-ind-auroc,ctdnafrag-20261009-source-hou2024-supporting-information,"Supporting Information sheet S3, C26; data set 'Mathios et al. independent dataset (LUNG)'; row 'FSD'; column 'AUC'",0.9386,result
ctdnafrag-20261009-result-hou2024-s3-fsd-mathios-ind-sens85,ctdnafrag-20261009-source-hou2024-supporting-information,"Supporting Information sheet S3, E26; data set 'Mathios et al. independent dataset (LUNG)'; row 'FSD'; column 'Sensitivity @85% specificity'",0.8478,result
ctdnafrag-20261009-result-hou2024-s3-fsd-mathios-ind-sens95,ctdnafrag-20261009-source-hou2024-supporting-information,"Supporting Information sheet S3, D26; data set 'Mathios et al. independent dataset (LUNG)'; row 'FSD'; column 'Sensitivity @95% specificity'",0.7174,result
ctdnafrag-20261009-result-hou2024-s3-fsd-zhou-auroc,ctdnafrag-20261009-source-hou2024-supporting-information,"Supporting Information sheet S3, C6; data set 'Zhou et al. dataset (LIHC)'; row 'FSD'; column 'AUC'",0.5625,result
ctdnafrag-20261009-result-hou2024-s3-fsd-zhou-sens85,ctdnafrag-20261009-source-hou2024-supporting-information,"Supporting Information sheet S3, E6; data set 'Zhou et al. dataset (LIHC)'; row 'FSD'; column 'Sensitivity @85% specificity'",0.5,result
ctdnafrag-20261009-result-hou2024-s3-fsd-zhou-sens95,ctdnafrag-20261009-source-hou2024-supporting-information,"Supporting Information sheet S3, D6; data set 'Zhou et al. dataset (LIHC)'; row 'FSD'; column 'Sensitivity @95% specificity'",0.125,result
ctdnafrag-20261009-result-hou2024-s3-fsr-lucas-auroc,ctdnafrag-20261009-source-hou2024-supporting-information,"Supporting Information sheet S3, C15; data set 'Mathios et al. LUCAS dataset (LUNG)'; row 'FSR'; column 'AUC'",0.6909,result
ctdnafrag-20261009-result-hou2024-s3-fsr-lucas-sens85,ctdnafrag-20261009-source-hou2024-supporting-information,"Supporting Information sheet S3, E15; data set 'Mathios et al. LUCAS dataset (LUNG)'; row 'FSR'; column 'Sensitivity @85% specificity'",0.3798,result
ctdnafrag-20261009-result-hou2024-s3-fsr-lucas-sens95,ctdnafrag-20261009-source-hou2024-supporting-information,"Supporting Information sheet S3, D15; data set 'Mathios et al. LUCAS dataset (LUNG)'; row 'FSR'; column 'Sensitivity @95% specificity'",0.2326,result
ctdnafrag-20261009-result-hou2024-s3-fsr-mathios-ind-auroc,ctdnafrag-20261009-source-hou2024-supporting-information,"Supporting Information sheet S3, C25; data set 'Mathios et al. independent dataset (LUNG)'; row 'FSR'; column 'AUC'",0.664,result
ctdnafrag-20261009-result-hou2024-s3-fsr-mathios-ind-sens85,ctdnafrag-20261009-source-hou2024-supporting-information,"Supporting Information sheet S3, E25; data set 'Mathios et al. independent dataset (LUNG)'; row 'FSR'; column 'Sensitivity @85% specificity'",0.5,result
ctdnafrag-20261009-result-hou2024-s3-fsr-mathios-ind-sens95,ctdnafrag-20261009-source-hou2024-supporting-information,"Supporting Information sheet S3, D25; data set 'Mathios et al. independent dataset (LUNG)'; row 'FSR'; column 'Sensitivity @95% specificity'",0.3478,result
ctdnafrag-20261009-result-hou2024-s3-fsr-zhou-auroc,ctdnafrag-20261009-source-hou2024-supporting-information,"Supporting Information sheet S3, C5; data set 'Zhou et al. dataset (LIHC)'; row 'FSR'; column 'AUC'",0.8125,result
ctdnafrag-20261009-result-hou2024-s3-fsr-zhou-sens85,ctdnafrag-20261009-source-hou2024-supporting-information,"Supporting Information sheet S3, E5; data set 'Zhou et al. dataset (LIHC)'; row 'FSR'; column 'Sensitivity @85% specificity'",0.5,result
ctdnafrag-20261009-result-hou2024-s3-fsr-zhou-sens95,ctdnafrag-20261009-source-hou2024-supporting-information,"Supporting Information sheet S3, D5; data set 'Zhou et al. dataset (LIHC)'; row 'FSR'; column 'Sensitivity @95% specificity'",0.375,result
ctdnafrag-20261009-result-hou2024-s3-ifs-lucas-auroc,ctdnafrag-20261009-source-hou2024-supporting-information,"Supporting Information sheet S3, C20; data set 'Mathios et al. LUCAS dataset (LUNG)'; row 'IFS'; column 'AUC'",0.7294,result
ctdnafrag-20261009-result-hou2024-s3-ifs-lucas-sens85,ctdnafrag-20261009-source-hou2024-supporting-information,"Supporting Information sheet S3, E20; data set 'Mathios et al. LUCAS dataset (LUNG)'; row 'IFS'; column 'Sensitivity @85% specificity'",0.5581,result
ctdnafrag-20261009-result-hou2024-s3-ifs-lucas-sens95,ctdnafrag-20261009-source-hou2024-supporting-information,"Supporting Information sheet S3, D20; data set 'Mathios et al. LUCAS dataset (LUNG)'; row 'IFS'; column 'Sensitivity @95% specificity'",0.2713,result
ctdnafrag-20261009-result-hou2024-s3-ifs-mathios-ind-auroc,ctdnafrag-20261009-source-hou2024-supporting-information,"Supporting Information sheet S3, C30; data set 'Mathios et al. independent dataset (LUNG)'; row 'IFS'; column 'AUC'",0.8381,result
ctdnafrag-20261009-result-hou2024-s3-ifs-mathios-ind-sens85,ctdnafrag-20261009-source-hou2024-supporting-information,"Supporting Information sheet S3, E30; data set 'Mathios et al. independent dataset (LUNG)'; row 'IFS'; column 'Sensitivity @85% specificity'",0.6522,result
ctdnafrag-20261009-result-hou2024-s3-ifs-mathios-ind-sens95,ctdnafrag-20261009-source-hou2024-supporting-information,"Supporting Information sheet S3, D30; data set 'Mathios et al. independent dataset (LUNG)'; row 'IFS'; column 'Sensitivity @95% specificity'",0.4565,result
ctdnafrag-20261009-result-hou2024-s3-ifs-zhou-auroc,ctdnafrag-20261009-source-hou2024-supporting-information,"Supporting Information sheet S3, C10; data set 'Zhou et al. dataset (LIHC)'; row 'IFS'; column 'AUC'",0.8125,result
ctdnafrag-20261009-result-hou2024-s3-ifs-zhou-sens85,ctdnafrag-20261009-source-hou2024-supporting-information,"Supporting Information sheet S3, E10; data set 'Zhou et al. dataset (LIHC)'; row 'IFS'; column 'Sensitivity @85% specificity'",0.625,result
ctdnafrag-20261009-result-hou2024-s3-ifs-zhou-sens95,ctdnafrag-20261009-source-hou2024-supporting-information,"Supporting Information sheet S3, D10; data set 'Zhou et al. dataset (LIHC)'; row 'IFS'; column 'Sensitivity @95% specificity'",0.125,result
ctdnafrag-20261009-result-hou2024-s3-ocf-lucas-auroc,ctdnafrag-20261009-source-hou2024-supporting-information,"Supporting Information sheet S3, C19; data set 'Mathios et al. LUCAS dataset (LUNG)'; row 'OCF'; column 'AUC'",0.6899,result
ctdnafrag-20261009-result-hou2024-s3-ocf-lucas-sens85,ctdnafrag-20261009-source-hou2024-supporting-information,"Supporting Information sheet S3, E19; data set 'Mathios et al. LUCAS dataset (LUNG)'; row 'OCF'; column 'Sensitivity @85% specificity'",0.3876,result
ctdnafrag-20261009-result-hou2024-s3-ocf-lucas-sens95,ctdnafrag-20261009-source-hou2024-supporting-information,"Supporting Information sheet S3, D19; data set 'Mathios et al. LUCAS dataset (LUNG)'; row 'OCF'; column 'Sensitivity @95% specificity'",0.2326,result
ctdnafrag-20261009-result-hou2024-s3-ocf-mathios-ind-auroc,ctdnafrag-20261009-source-hou2024-supporting-information,"Supporting Information sheet S3, C29; data set 'Mathios et al. independent dataset (LUNG)'; row 'OCF'; column 'AUC'",0.8231,result
ctdnafrag-20261009-result-hou2024-s3-ocf-mathios-ind-sens85,ctdnafrag-20261009-source-hou2024-supporting-information,"Supporting Information sheet S3, E29; data set 'Mathios et al. independent dataset (LUNG)'; row 'OCF'; column 'Sensitivity @85% specificity'",0.6739,result
ctdnafrag-20261009-result-hou2024-s3-ocf-mathios-ind-sens95,ctdnafrag-20261009-source-hou2024-supporting-information,"Supporting Information sheet S3, D29; data set 'Mathios et al. independent dataset (LUNG)'; row 'OCF'; column 'Sensitivity @95% specificity'",0.5217,result
ctdnafrag-20261009-result-hou2024-s3-ocf-zhou-auroc,ctdnafrag-20261009-source-hou2024-supporting-information,"Supporting Information sheet S3, C9; data set 'Zhou et al. dataset (LIHC)'; row 'OCF'; column 'AUC'",0.875,result
ctdnafrag-20261009-result-hou2024-s3-ocf-zhou-sens85,ctdnafrag-20261009-source-hou2024-supporting-information,"Supporting Information sheet S3, E9; data set 'Zhou et al. dataset (LIHC)'; row 'OCF'; column 'Sensitivity @85% specificity'",0.625,result
ctdnafrag-20261009-result-hou2024-s3-ocf-zhou-sens95,ctdnafrag-20261009-source-hou2024-supporting-information,"Supporting Information sheet S3, D9; data set 'Zhou et al. dataset (LIHC)'; row 'OCF'; column 'Sensitivity @95% specificity'",0.625,result
ctdnafrag-20261009-result-hou2024-s3-pfe-lucas-auroc,ctdnafrag-20261009-source-hou2024-supporting-information,"Supporting Information sheet S3, C14; data set 'Mathios et al. LUCAS dataset (LUNG)'; row 'PFE'; column 'AUC'",0.7059,result
ctdnafrag-20261009-result-hou2024-s3-pfe-lucas-sens85,ctdnafrag-20261009-source-hou2024-supporting-information,"Supporting Information sheet S3, E14; data set 'Mathios et al. LUCAS dataset (LUNG)'; row 'PFE'; column 'Sensitivity @85% specificity'",0.4496,result
ctdnafrag-20261009-result-hou2024-s3-pfe-lucas-sens95,ctdnafrag-20261009-source-hou2024-supporting-information,"Supporting Information sheet S3, D14; data set 'Mathios et al. LUCAS dataset (LUNG)'; row 'PFE'; column 'Sensitivity @95% specificity'",0.1938,result
ctdnafrag-20261009-result-hou2024-s3-pfe-mathios-ind-auroc,ctdnafrag-20261009-source-hou2024-supporting-information,"Supporting Information sheet S3, C24; data set 'Mathios et al. independent dataset (LUNG)'; row 'PFE'; column 'AUC'",0.8098,result
ctdnafrag-20261009-result-hou2024-s3-pfe-mathios-ind-sens85,ctdnafrag-20261009-source-hou2024-supporting-information,"Supporting Information sheet S3, E24; data set 'Mathios et al. independent dataset (LUNG)'; row 'PFE'; column 'Sensitivity @85% specificity'",0.587,result
ctdnafrag-20261009-result-hou2024-s3-pfe-mathios-ind-sens95,ctdnafrag-20261009-source-hou2024-supporting-information,"Supporting Information sheet S3, D24; data set 'Mathios et al. independent dataset (LUNG)'; row 'PFE'; column 'Sensitivity @95% specificity'",0.3478,result
ctdnafrag-20261009-result-hou2024-s3-pfe-zhou-auroc,ctdnafrag-20261009-source-hou2024-supporting-information,"Supporting Information sheet S3, C4; data set 'Zhou et al. dataset (LIHC)'; row 'PFE'; column 'AUC'",0.7656,result
ctdnafrag-20261009-result-hou2024-s3-pfe-zhou-sens85,ctdnafrag-20261009-source-hou2024-supporting-information,"Supporting Information sheet S3, E4; data set 'Zhou et al. dataset (LIHC)'; row 'PFE'; column 'Sensitivity @85% specificity'",0.5,result
ctdnafrag-20261009-result-hou2024-s3-pfe-zhou-sens95,ctdnafrag-20261009-source-hou2024-supporting-information,"Supporting Information sheet S3, D4; data set 'Zhou et al. dataset (LIHC)'; row 'PFE'; column 'Sensitivity @95% specificity'",0.375,result
ctdnafrag-20261009-result-hou2024-s3-wps-lucas-auroc,ctdnafrag-20261009-source-hou2024-supporting-information,"Supporting Information sheet S3, C21; data set 'Mathios et al. LUCAS dataset (LUNG)'; row 'WPS'; column 'AUC'",0.7505,result
ctdnafrag-20261009-result-hou2024-s3-wps-lucas-sens85,ctdnafrag-20261009-source-hou2024-supporting-information,"Supporting Information sheet S3, E21; data set 'Mathios et al. LUCAS dataset (LUNG)'; row 'WPS'; column 'Sensitivity @85% specificity'",0.5116,result
ctdnafrag-20261009-result-hou2024-s3-wps-lucas-sens95,ctdnafrag-20261009-source-hou2024-supporting-information,"Supporting Information sheet S3, D21; data set 'Mathios et al. LUCAS dataset (LUNG)'; row 'WPS'; column 'Sensitivity @95% specificity'",0.2713,result
ctdnafrag-20261009-result-hou2024-s3-wps-mathios-ind-auroc,ctdnafrag-20261009-source-hou2024-supporting-information,"Supporting Information sheet S3, C31; data set 'Mathios et al. independent dataset (LUNG)'; row 'WPS'; column 'AUC'",0.8562,result
ctdnafrag-20261009-result-hou2024-s3-wps-mathios-ind-sens85,ctdnafrag-20261009-source-hou2024-supporting-information,"Supporting Information sheet S3, E31; data set 'Mathios et al. independent dataset (LUNG)'; row 'WPS'; column 'Sensitivity @85% specificity'",0.7174,result
ctdnafrag-20261009-result-hou2024-s3-wps-mathios-ind-sens95,ctdnafrag-20261009-source-hou2024-supporting-information,"Supporting Information sheet S3, D31; data set 'Mathios et al. independent dataset (LUNG)'; row 'WPS'; column 'Sensitivity @95% specificity'",0.5,result
ctdnafrag-20261009-result-hou2024-s3-wps-zhou-auroc,ctdnafrag-20261009-source-hou2024-supporting-information,"Supporting Information sheet S3, C11; data set 'Zhou et al. dataset (LIHC)'; row 'WPS'; column 'AUC'",0.875,result
ctdnafrag-20261009-result-hou2024-s3-wps-zhou-sens85,ctdnafrag-20261009-source-hou2024-supporting-information,"Supporting Information sheet S3, E11; data set 'Zhou et al. dataset (LIHC)'; row 'WPS'; column 'Sensitivity @85% specificity'",0.875,result
ctdnafrag-20261009-result-hou2024-s3-wps-zhou-sens95,ctdnafrag-20261009-source-hou2024-supporting-information,"Supporting Information sheet S3, D11; data set 'Zhou et al. dataset (LIHC)'; row 'WPS'; column 'Sensitivity @95% specificity'",0.125,result
ctdnafrag-20261009-result-hou2024-t1-delfi-original-auroc,ctdnafrag-20261009-source-hou2024,"Article Table 1 (advs8741-tbl-0001), row 'DELFI', column 'definition as per the original publication'",0.9575,result
ctdnafrag-20261009-result-hou2024-t1-end-motif-open-chromatin-auroc,ctdnafrag-20261009-source-hou2024,"Article Table 1 (advs8741-tbl-0001), row 'EDM', column 'open chromatin region'",0.9736,result
ctdnafrag-20261009-result-hou2024-t1-end-motif-original-auroc,ctdnafrag-20261009-source-hou2024,"Article Table 1 (advs8741-tbl-0001), row 'EDM', column 'definition as per the original publication'",0.9824,result
ctdnafrag-20261009-result-hou2024-t1-end-motif-pca-auroc,ctdnafrag-20261009-source-hou2024,"Article Table 1 (advs8741-tbl-0001), row 'EDM', column 'after PCA degradation'",0.9737,result
ctdnafrag-20261009-result-hou2024-t1-fragment-coverage-open-chromatin-auroc,ctdnafrag-20261009-source-hou2024,"Article Table 1 (advs8741-tbl-0001), row 'coverage', column 'open chromatin region'",0.9638,result
ctdnafrag-20261009-result-hou2024-t1-fragment-coverage-pca-auroc,ctdnafrag-20261009-source-hou2024,"Article Table 1 (advs8741-tbl-0001), row 'coverage', column 'after PCA degradation'",0.9640,result
ctdnafrag-20261009-result-hou2024-t1-fragment-end-count-open-chromatin-auroc,ctdnafrag-20261009-source-hou2024,"Article Table 1 (advs8741-tbl-0001), row 'end', column 'open chromatin region'",0.9639,result
ctdnafrag-20261009-result-hou2024-t1-fragment-end-count-pca-auroc,ctdnafrag-20261009-source-hou2024,"Article Table 1 (advs8741-tbl-0001), row 'end', column 'after PCA degradation'",0.9625,result
ctdnafrag-20261009-result-hou2024-t1-fragment-length-open-chromatin-auroc,ctdnafrag-20261009-source-hou2024,"Article Table 1 (advs8741-tbl-0001), row 'length', column 'open chromatin region'",0.8741,result
ctdnafrag-20261009-result-hou2024-t1-fragment-length-original-auroc,ctdnafrag-20261009-source-hou2024,"Article Table 1 (advs8741-tbl-0001), row 'length', column 'definition as per the original publication'",0.8835,result
ctdnafrag-20261009-result-hou2024-t1-fragment-length-pca-auroc,ctdnafrag-20261009-source-hou2024,"Article Table 1 (advs8741-tbl-0001), row 'length', column 'after PCA degradation'",0.8763,result
ctdnafrag-20261009-result-hou2024-t1-fsd-open-chromatin-auroc,ctdnafrag-20261009-source-hou2024,"Article Table 1 (advs8741-tbl-0001), row 'FSD', column 'open chromatin region'",0.9271,result
ctdnafrag-20261009-result-hou2024-t1-fsd-original-auroc,ctdnafrag-20261009-source-hou2024,"Article Table 1 (advs8741-tbl-0001), row 'FSD', column 'definition as per the original publication'",0.9431,result
ctdnafrag-20261009-result-hou2024-t1-fsd-pca-auroc,ctdnafrag-20261009-source-hou2024,"Article Table 1 (advs8741-tbl-0001), row 'FSD', column 'after PCA degradation'",0.9229,result
ctdnafrag-20261009-result-hou2024-t1-fsr-open-chromatin-auroc,ctdnafrag-20261009-source-hou2024,"Article Table 1 (advs8741-tbl-0001), row 'FSR', column 'open chromatin region'",0.9441,result
ctdnafrag-20261009-result-hou2024-t1-fsr-original-auroc,ctdnafrag-20261009-source-hou2024,"Article Table 1 (advs8741-tbl-0001), row 'FSR', column 'definition as per the original publication'",0.8456,result
ctdnafrag-20261009-result-hou2024-t1-fsr-pca-auroc,ctdnafrag-20261009-source-hou2024,"Article Table 1 (advs8741-tbl-0001), row 'FSR', column 'after PCA degradation'",0.9447,result
ctdnafrag-20261009-result-hou2024-t1-ifs-open-chromatin-auroc,ctdnafrag-20261009-source-hou2024,"Article Table 1 (advs8741-tbl-0001), row 'IFS', column 'open chromatin region'",0.9653,result
ctdnafrag-20261009-result-hou2024-t1-ifs-pca-auroc,ctdnafrag-20261009-source-hou2024,"Article Table 1 (advs8741-tbl-0001), row 'IFS', column 'after PCA degradation'",0.9641,result
ctdnafrag-20261009-result-hou2024-t1-ocf-open-chromatin-auroc,ctdnafrag-20261009-source-hou2024,"Article Table 1 (advs8741-tbl-0001), row 'OCF', column 'open chromatin region'",0.9467,result
ctdnafrag-20261009-result-hou2024-t1-ocf-pca-auroc,ctdnafrag-20261009-source-hou2024,"Article Table 1 (advs8741-tbl-0001), row 'OCF', column 'after PCA degradation'",0.9469,result
ctdnafrag-20261009-result-hou2024-t1-pfe-open-chromatin-auroc,ctdnafrag-20261009-source-hou2024,"Article Table 1 (advs8741-tbl-0001), row 'PFE', column 'open chromatin region'",0.9579,result
ctdnafrag-20261009-result-hou2024-t1-pfe-pca-auroc,ctdnafrag-20261009-source-hou2024,"Article Table 1 (advs8741-tbl-0001), row 'PFE', column 'after PCA degradation'",0.9577,result
ctdnafrag-20261009-result-hou2024-t1-wps-open-chromatin-auroc,ctdnafrag-20261009-source-hou2024,"Article Table 1 (advs8741-tbl-0001), row 'WPS', column 'open chromatin region'",0.9658,result
ctdnafrag-20261009-result-hou2024-t1-wps-pca-auroc,ctdnafrag-20261009-source-hou2024,"Article Table 1 (advs8741-tbl-0001), row 'WPS', column 'after PCA degradation'",0.9649,result
ctdnafrag-20261009-result-wang2026-all-tf-0-3pct-accuracy,ctdnafrag-20261009-source-wang2026-data-file-s2,"Data file S2 sheet STATS_xgb_x1-x6, row 7 (feat 'All', ichorcna_strat '[0, 0.03]', .metric 'Accuracy'), column D 'mean'",0.808005780346821,result
ctdnafrag-20261009-result-wang2026-all-tf-0-3pct-auprc,ctdnafrag-20261009-source-wang2026-data-file-s2,"Data file S2 sheet STATS_xgb_x1-x6, row 3 (feat 'All', ichorcna_strat '[0, 0.03]', .metric 'AUPRC'), column D 'mean'",0.921539882276511,result
ctdnafrag-20261009-result-wang2026-all-tf-0-3pct-auroc,ctdnafrag-20261009-source-wang2026-data-file-s2,"Data file S2 sheet STATS_xgb_x1-x6, row 2 (feat 'All', ichorcna_strat '[0, 0.03]', .metric 'AUROC'), column D 'mean'",0.877875662374501,result
ctdnafrag-20261009-result-wang2026-all-tf-0-3pct-f1,ctdnafrag-20261009-source-wang2026-data-file-s2,"Data file S2 sheet STATS_xgb_x1-x6, row 6 (feat 'All', ichorcna_strat '[0, 0.03]', .metric 'F1'), column D 'mean'",0.844863777791927,result
ctdnafrag-20261009-result-wang2026-all-tf-0-3pct-sensitivity,ctdnafrag-20261009-source-wang2026-data-file-s2,"Data file S2 sheet STATS_xgb_x1-x6, row 4 (feat 'All', ichorcna_strat '[0, 0.03]', .metric 'Sensitivity'), column D 'mean'",0.840724327387368,result
ctdnafrag-20261009-result-wang2026-all-tf-0-3pct-specificity,ctdnafrag-20261009-source-wang2026-data-file-s2,"Data file S2 sheet STATS_xgb_x1-x6, row 5 (feat 'All', ichorcna_strat '[0, 0.03]', .metric 'Specificity'), column D 'mean'",0.754233150301667,result
ctdnafrag-20261009-result-wang2026-all-tf-3-10pct-accuracy,ctdnafrag-20261009-source-wang2026-data-file-s2,"Data file S2 sheet STATS_xgb_x1-x6, row 43 (feat 'All', ichorcna_strat '(0.03, 0.1]', .metric 'Accuracy'), column D 'mean'",0.921925839642788,result
ctdnafrag-20261009-result-wang2026-all-tf-3-10pct-auprc,ctdnafrag-20261009-source-wang2026-data-file-s2,"Data file S2 sheet STATS_xgb_x1-x6, row 39 (feat 'All', ichorcna_strat '(0.03, 0.1]', .metric 'AUPRC'), column D 'mean'",0.952055054849501,result
ctdnafrag-20261009-result-wang2026-all-tf-3-10pct-auroc,ctdnafrag-20261009-source-wang2026-data-file-s2,"Data file S2 sheet STATS_xgb_x1-x6, row 38 (feat 'All', ichorcna_strat '(0.03, 0.1]', .metric 'AUROC'), column D 'mean'",0.961520420618329,result
ctdnafrag-20261009-result-wang2026-all-tf-3-10pct-f1,ctdnafrag-20261009-source-wang2026-data-file-s2,"Data file S2 sheet STATS_xgb_x1-x6, row 42 (feat 'All', ichorcna_strat '(0.03, 0.1]', .metric 'F1'), column D 'mean'",0.885519621668767,result
ctdnafrag-20261009-result-wang2026-all-tf-3-10pct-sensitivity,ctdnafrag-20261009-source-wang2026-data-file-s2,"Data file S2 sheet STATS_xgb_x1-x6, row 40 (feat 'All', ichorcna_strat '(0.03, 0.1]', .metric 'Sensitivity'), column D 'mean'",0.849617517264389,result
ctdnafrag-20261009-result-wang2026-all-tf-3-10pct-specificity,ctdnafrag-20261009-source-wang2026-data-file-s2,"Data file S2 sheet STATS_xgb_x1-x6, row 41 (feat 'All', ichorcna_strat '(0.03, 0.1]', .metric 'Specificity'), column D 'mean'",0.962171659124356,result
ctdnafrag-20261009-result-wang2026-all-tf-all-accuracy,ctdnafrag-20261009-source-wang2026-data-file-s2,"Data file S2 sheet STATS_xgb_x1-x6, row 115 (feat 'All', ichorcna_strat 'all', .metric 'Accuracy'), column D 'mean'",0.852315196914972,result
ctdnafrag-20261009-result-wang2026-all-tf-all-auprc,ctdnafrag-20261009-source-wang2026-data-file-s2,"Data file S2 sheet STATS_xgb_x1-x6, row 111 (feat 'All', ichorcna_strat 'all', .metric 'AUPRC'), column D 'mean'",0.969894842335435,result
ctdnafrag-20261009-result-wang2026-all-tf-all-auroc,ctdnafrag-20261009-source-wang2026-data-file-s2,"Data file S2 sheet STATS_xgb_x1-x6, row 110 (feat 'All', ichorcna_strat 'all', .metric 'AUROC'), column D 'mean'",0.915748188714835,result
ctdnafrag-20261009-result-wang2026-all-tf-all-f1,ctdnafrag-20261009-source-wang2026-data-file-s2,"Data file S2 sheet STATS_xgb_x1-x6, row 114 (feat 'All', ichorcna_strat 'all', .metric 'F1'), column D 'mean'",0.897511917908176,result
ctdnafrag-20261009-result-wang2026-all-tf-all-sensitivity,ctdnafrag-20261009-source-wang2026-data-file-s2,"Data file S2 sheet STATS_xgb_x1-x6, row 112 (feat 'All', ichorcna_strat 'all', .metric 'Sensitivity'), column D 'mean'",0.878541474903572,result
ctdnafrag-20261009-result-wang2026-all-tf-all-specificity,ctdnafrag-20261009-source-wang2026-data-file-s2,"Data file S2 sheet STATS_xgb_x1-x6, row 113 (feat 'All', ichorcna_strat 'all', .metric 'Specificity'), column D 'mean'",0.779248128170103,result
ctdnafrag-20261009-result-wang2026-all-tf-over-10pct-accuracy,ctdnafrag-20261009-source-wang2026-data-file-s2,"Data file S2 sheet STATS_xgb_x1-x6, row 79 (feat 'All', ichorcna_strat '(0.1, 1]', .metric 'Accuracy'), column D 'mean'",0.984227982556614,result
ctdnafrag-20261009-result-wang2026-all-tf-over-10pct-auprc,ctdnafrag-20261009-source-wang2026-data-file-s2,"Data file S2 sheet STATS_xgb_x1-x6, row 75 (feat 'All', ichorcna_strat '(0.1, 1]', .metric 'AUPRC'), column D 'mean'",0.997102817019692,result
ctdnafrag-20261009-result-wang2026-all-tf-over-10pct-auroc,ctdnafrag-20261009-source-wang2026-data-file-s2,"Data file S2 sheet STATS_xgb_x1-x6, row 74 (feat 'All', ichorcna_strat '(0.1, 1]', .metric 'AUROC'), column D 'mean'",0.997898490293578,result
ctdnafrag-20261009-result-wang2026-all-tf-over-10pct-f1,ctdnafrag-20261009-source-wang2026-data-file-s2,"Data file S2 sheet STATS_xgb_x1-x6, row 78 (feat 'All', ichorcna_strat '(0.1, 1]', .metric 'F1'), column D 'mean'",0.978401990004835,result
ctdnafrag-20261009-result-wang2026-all-tf-over-10pct-sensitivity,ctdnafrag-20261009-source-wang2026-data-file-s2,"Data file S2 sheet STATS_xgb_x1-x6, row 76 (feat 'All', ichorcna_strat '(0.1, 1]', .metric 'Sensitivity'), column D 'mean'",0.964034123274878,result
ctdnafrag-20261009-result-wang2026-all-tf-over-10pct-specificity,ctdnafrag-20261009-source-wang2026-data-file-s2,"Data file S2 sheet STATS_xgb_x1-x6, row 77 (feat 'All', ichorcna_strat '(0.1, 1]', .metric 'Specificity'), column D 'mean'",0.996342428067282,result
ctdnafrag-20261009-result-wang2026-cna-tf-0-3pct-accuracy,ctdnafrag-20261009-source-wang2026-data-file-s2,"Data file S2 sheet STATS_xgb_x1-x6, row 25 (feat 'CNV', ichorcna_strat '[0, 0.03]', .metric 'Accuracy'), column D 'mean'",0.685708428552225,result
ctdnafrag-20261009-result-wang2026-cna-tf-0-3pct-auprc,ctdnafrag-20261009-source-wang2026-data-file-s2,"Data file S2 sheet STATS_xgb_x1-x6, row 21 (feat 'CNV', ichorcna_strat '[0, 0.03]', .metric 'AUPRC'), column D 'mean'",0.813947566458407,result
ctdnafrag-20261009-result-wang2026-cna-tf-0-3pct-auroc,ctdnafrag-20261009-source-wang2026-data-file-s2,"Data file S2 sheet STATS_xgb_x1-x6, row 20 (feat 'CNV', ichorcna_strat '[0, 0.03]', .metric 'AUROC'), column D 'mean'",0.735674274305065,result
ctdnafrag-20261009-result-wang2026-cna-tf-0-3pct-f1,ctdnafrag-20261009-source-wang2026-data-file-s2,"Data file S2 sheet STATS_xgb_x1-x6, row 24 (feat 'CNV', ichorcna_strat '[0, 0.03]', .metric 'F1'), column D 'mean'",0.74374524459859,result
ctdnafrag-20261009-result-wang2026-cna-tf-0-3pct-sensitivity,ctdnafrag-20261009-source-wang2026-data-file-s2,"Data file S2 sheet STATS_xgb_x1-x6, row 22 (feat 'CNV', ichorcna_strat '[0, 0.03]', .metric 'Sensitivity'), column D 'mean'",0.734795070931489,result
ctdnafrag-20261009-result-wang2026-cna-tf-0-3pct-specificity,ctdnafrag-20261009-source-wang2026-data-file-s2,"Data file S2 sheet STATS_xgb_x1-x6, row 23 (feat 'CNV', ichorcna_strat '[0, 0.03]', .metric 'Specificity'), column D 'mean'",0.605293854526159,result
ctdnafrag-20261009-result-wang2026-cna-tf-3-10pct-accuracy,ctdnafrag-20261009-source-wang2026-data-file-s2,"Data file S2 sheet STATS_xgb_x1-x6, row 61 (feat 'CNV', ichorcna_strat '(0.03, 0.1]', .metric 'Accuracy'), column D 'mean'",0.875084449621433,result
ctdnafrag-20261009-result-wang2026-cna-tf-3-10pct-auprc,ctdnafrag-20261009-source-wang2026-data-file-s2,"Data file S2 sheet STATS_xgb_x1-x6, row 57 (feat 'CNV', ichorcna_strat '(0.03, 0.1]', .metric 'AUPRC'), column D 'mean'",0.913589363328014,result
ctdnafrag-20261009-result-wang2026-cna-tf-3-10pct-auroc,ctdnafrag-20261009-source-wang2026-data-file-s2,"Data file S2 sheet STATS_xgb_x1-x6, row 56 (feat 'CNV', ichorcna_strat '(0.03, 0.1]', .metric 'AUROC'), column D 'mean'",0.926005332403955,result
ctdnafrag-20261009-result-wang2026-cna-tf-3-10pct-f1,ctdnafrag-20261009-source-wang2026-data-file-s2,"Data file S2 sheet STATS_xgb_x1-x6, row 60 (feat 'CNV', ichorcna_strat '(0.03, 0.1]', .metric 'F1'), column D 'mean'",0.810180538945232,result
ctdnafrag-20261009-result-wang2026-cna-tf-3-10pct-sensitivity,ctdnafrag-20261009-source-wang2026-data-file-s2,"Data file S2 sheet STATS_xgb_x1-x6, row 58 (feat 'CNV', ichorcna_strat '(0.03, 0.1]', .metric 'Sensitivity'), column D 'mean'",0.747896337053121,result
ctdnafrag-20261009-result-wang2026-cna-tf-3-10pct-specificity,ctdnafrag-20261009-source-wang2026-data-file-s2,"Data file S2 sheet STATS_xgb_x1-x6, row 59 (feat 'CNV', ichorcna_strat '(0.03, 0.1]', .metric 'Specificity'), column D 'mean'",0.945761438493447,result
ctdnafrag-20261009-result-wang2026-cna-tf-all-accuracy,ctdnafrag-20261009-source-wang2026-data-file-s2,"Data file S2 sheet STATS_xgb_x1-x6, row 133 (feat 'CNV', ichorcna_strat 'all', .metric 'Accuracy'), column D 'mean'",0.739113727419769,result
ctdnafrag-20261009-result-wang2026-cna-tf-all-auprc,ctdnafrag-20261009-source-wang2026-data-file-s2,"Data file S2 sheet STATS_xgb_x1-x6, row 129 (feat 'CNV', ichorcna_strat 'all', .metric 'AUPRC'), column D 'mean'",0.933130993188732,result
ctdnafrag-20261009-result-wang2026-cna-tf-all-auroc,ctdnafrag-20261009-source-wang2026-data-file-s2,"Data file S2 sheet STATS_xgb_x1-x6, row 128 (feat 'CNV', ichorcna_strat 'all', .metric 'AUROC'), column D 'mean'",0.817324847089597,result
ctdnafrag-20261009-result-wang2026-cna-tf-all-f1,ctdnafrag-20261009-source-wang2026-data-file-s2,"Data file S2 sheet STATS_xgb_x1-x6, row 132 (feat 'CNV', ichorcna_strat 'all', .metric 'F1'), column D 'mean'",0.807386415290932,result
ctdnafrag-20261009-result-wang2026-cna-tf-all-sensitivity,ctdnafrag-20261009-source-wang2026-data-file-s2,"Data file S2 sheet STATS_xgb_x1-x6, row 130 (feat 'CNV', ichorcna_strat 'all', .metric 'Sensitivity'), column D 'mean'",0.744623002091723,result
ctdnafrag-20261009-result-wang2026-cna-tf-all-specificity,ctdnafrag-20261009-source-wang2026-data-file-s2,"Data file S2 sheet STATS_xgb_x1-x6, row 131 (feat 'CNV', ichorcna_strat 'all', .metric 'Specificity'), column D 'mean'",0.724136142702702,result
ctdnafrag-20261009-result-wang2026-cna-tf-over-10pct-accuracy,ctdnafrag-20261009-source-wang2026-data-file-s2,"Data file S2 sheet STATS_xgb_x1-x6, row 97 (feat 'CNV', ichorcna_strat '(0.1, 1]', .metric 'Accuracy'), column D 'mean'",0.98212911802736,result
ctdnafrag-20261009-result-wang2026-cna-tf-over-10pct-auprc,ctdnafrag-20261009-source-wang2026-data-file-s2,"Data file S2 sheet STATS_xgb_x1-x6, row 93 (feat 'CNV', ichorcna_strat '(0.1, 1]', .metric 'AUPRC'), column D 'mean'",0.997487396918859,result
ctdnafrag-20261009-result-wang2026-cna-tf-over-10pct-auroc,ctdnafrag-20261009-source-wang2026-data-file-s2,"Data file S2 sheet STATS_xgb_x1-x6, row 92 (feat 'CNV', ichorcna_strat '(0.1, 1]', .metric 'AUROC'), column D 'mean'",0.998236236050592,result
ctdnafrag-20261009-result-wang2026-cna-tf-over-10pct-f1,ctdnafrag-20261009-source-wang2026-data-file-s2,"Data file S2 sheet STATS_xgb_x1-x6, row 96 (feat 'CNV', ichorcna_strat '(0.1, 1]', .metric 'F1'), column D 'mean'",0.975581544438559,result
ctdnafrag-20261009-result-wang2026-cna-tf-over-10pct-sensitivity,ctdnafrag-20261009-source-wang2026-data-file-s2,"Data file S2 sheet STATS_xgb_x1-x6, row 94 (feat 'CNV', ichorcna_strat '(0.1, 1]', .metric 'Sensitivity'), column D 'mean'",0.95952474266207,result
ctdnafrag-20261009-result-wang2026-cna-tf-over-10pct-specificity,ctdnafrag-20261009-source-wang2026-data-file-s2,"Data file S2 sheet STATS_xgb_x1-x6, row 95 (feat 'CNV', ichorcna_strat '(0.1, 1]', .metric 'Specificity'), column D 'mean'",0.99572719607705,result
ctdnafrag-20261009-result-wang2026-ct-tf-0-3pct-accuracy,ctdnafrag-20261009-source-wang2026-data-file-s2,"Data file S2 sheet STATS_xgb_x1-x6, row 31 (feat 'C/T', ichorcna_strat '[0, 0.03]', .metric 'Accuracy'), column D 'mean'",0.668163731684366,result
ctdnafrag-20261009-result-wang2026-ct-tf-0-3pct-auprc,ctdnafrag-20261009-source-wang2026-data-file-s2,"Data file S2 sheet STATS_xgb_x1-x6, row 27 (feat 'C/T', ichorcna_strat '[0, 0.03]', .metric 'AUPRC'), column D 'mean'",0.813732771192278,result
ctdnafrag-20261009-result-wang2026-ct-tf-0-3pct-auroc,ctdnafrag-20261009-source-wang2026-data-file-s2,"Data file S2 sheet STATS_xgb_x1-x6, row 26 (feat 'C/T', ichorcna_strat '[0, 0.03]', .metric 'AUROC'), column D 'mean'",0.714729621806819,result
ctdnafrag-20261009-result-wang2026-ct-tf-0-3pct-f1,ctdnafrag-20261009-source-wang2026-data-file-s2,"Data file S2 sheet STATS_xgb_x1-x6, row 30 (feat 'C/T', ichorcna_strat '[0, 0.03]', .metric 'F1'), column D 'mean'",0.712435589130865,result
ctdnafrag-20261009-result-wang2026-ct-tf-0-3pct-sensitivity,ctdnafrag-20261009-source-wang2026-data-file-s2,"Data file S2 sheet STATS_xgb_x1-x6, row 28 (feat 'C/T', ichorcna_strat '[0, 0.03]', .metric 'Sensitivity'), column D 'mean'",0.661624583773938,result
ctdnafrag-20261009-result-wang2026-ct-tf-0-3pct-specificity,ctdnafrag-20261009-source-wang2026-data-file-s2,"Data file S2 sheet STATS_xgb_x1-x6, row 29 (feat 'C/T', ichorcna_strat '[0, 0.03]', .metric 'Specificity'), column D 'mean'",0.679257073332081,result
ctdnafrag-20261009-result-wang2026-ct-tf-3-10pct-accuracy,ctdnafrag-20261009-source-wang2026-data-file-s2,"Data file S2 sheet STATS_xgb_x1-x6, row 67 (feat 'C/T', ichorcna_strat '(0.03, 0.1]', .metric 'Accuracy'), column D 'mean'",0.724523393515822,result
ctdnafrag-20261009-result-wang2026-ct-tf-3-10pct-auprc,ctdnafrag-20261009-source-wang2026-data-file-s2,"Data file S2 sheet STATS_xgb_x1-x6, row 63 (feat 'C/T', ichorcna_strat '(0.03, 0.1]', .metric 'AUPRC'), column D 'mean'",0.675544532482236,result
ctdnafrag-20261009-result-wang2026-ct-tf-3-10pct-auroc,ctdnafrag-20261009-source-wang2026-data-file-s2,"Data file S2 sheet STATS_xgb_x1-x6, row 62 (feat 'C/T', ichorcna_strat '(0.03, 0.1]', .metric 'AUROC'), column D 'mean'",0.739564958735161,result
ctdnafrag-20261009-result-wang2026-ct-tf-3-10pct-f1,ctdnafrag-20261009-source-wang2026-data-file-s2,"Data file S2 sheet STATS_xgb_x1-x6, row 66 (feat 'C/T', ichorcna_strat '(0.03, 0.1]', .metric 'F1'), column D 'mean'",0.586200609423767,result
ctdnafrag-20261009-result-wang2026-ct-tf-3-10pct-sensitivity,ctdnafrag-20261009-source-wang2026-data-file-s2,"Data file S2 sheet STATS_xgb_x1-x6, row 64 (feat 'C/T', ichorcna_strat '(0.03, 0.1]', .metric 'Sensitivity'), column D 'mean'",0.550529802655052,result
ctdnafrag-20261009-result-wang2026-ct-tf-3-10pct-specificity,ctdnafrag-20261009-source-wang2026-data-file-s2,"Data file S2 sheet STATS_xgb_x1-x6, row 65 (feat 'C/T', ichorcna_strat '(0.03, 0.1]', .metric 'Specificity'), column D 'mean'",0.821855050728501,result
ctdnafrag-20261009-result-wang2026-ct-tf-all-accuracy,ctdnafrag-20261009-source-wang2026-data-file-s2,"Data file S2 sheet STATS_xgb_x1-x6, row 139 (feat 'C/T', ichorcna_strat 'all', .metric 'Accuracy'), column D 'mean'",0.693943674019829,result
ctdnafrag-20261009-result-wang2026-ct-tf-all-auprc,ctdnafrag-20261009-source-wang2026-data-file-s2,"Data file S2 sheet STATS_xgb_x1-x6, row 135 (feat 'C/T', ichorcna_strat 'all', .metric 'AUPRC'), column D 'mean'",0.892370442422904,result
ctdnafrag-20261009-result-wang2026-ct-tf-all-auroc,ctdnafrag-20261009-source-wang2026-data-file-s2,"Data file S2 sheet STATS_xgb_x1-x6, row 134 (feat 'C/T', ichorcna_strat 'all', .metric 'AUROC'), column D 'mean'",0.743530449366842,result
ctdnafrag-20261009-result-wang2026-ct-tf-all-f1,ctdnafrag-20261009-source-wang2026-data-file-s2,"Data file S2 sheet STATS_xgb_x1-x6, row 138 (feat 'C/T', ichorcna_strat 'all', .metric 'F1'), column D 'mean'",0.771369503785017,result
ctdnafrag-20261009-result-wang2026-ct-tf-all-sensitivity,ctdnafrag-20261009-source-wang2026-data-file-s2,"Data file S2 sheet STATS_xgb_x1-x6, row 136 (feat 'C/T', ichorcna_strat 'all', .metric 'Sensitivity'), column D 'mean'",0.703768268680548,result
ctdnafrag-20261009-result-wang2026-ct-tf-all-specificity,ctdnafrag-20261009-source-wang2026-data-file-s2,"Data file S2 sheet STATS_xgb_x1-x6, row 137 (feat 'C/T', ichorcna_strat 'all', .metric 'Specificity'), column D 'mean'",0.666979983088072,result
ctdnafrag-20261009-result-wang2026-ct-tf-over-10pct-accuracy,ctdnafrag-20261009-source-wang2026-data-file-s2,"Data file S2 sheet STATS_xgb_x1-x6, row 103 (feat 'C/T', ichorcna_strat '(0.1, 1]', .metric 'Accuracy'), column D 'mean'",0.77577409688071,result
ctdnafrag-20261009-result-wang2026-ct-tf-over-10pct-auprc,ctdnafrag-20261009-source-wang2026-data-file-s2,"Data file S2 sheet STATS_xgb_x1-x6, row 99 (feat 'C/T', ichorcna_strat '(0.1, 1]', .metric 'AUPRC'), column D 'mean'",0.784902418013348,result
ctdnafrag-20261009-result-wang2026-ct-tf-over-10pct-auroc,ctdnafrag-20261009-source-wang2026-data-file-s2,"Data file S2 sheet STATS_xgb_x1-x6, row 98 (feat 'C/T', ichorcna_strat '(0.1, 1]', .metric 'AUROC'), column D 'mean'",0.84901533331381,result
ctdnafrag-20261009-result-wang2026-ct-tf-over-10pct-f1,ctdnafrag-20261009-source-wang2026-data-file-s2,"Data file S2 sheet STATS_xgb_x1-x6, row 102 (feat 'C/T', ichorcna_strat '(0.1, 1]', .metric 'F1'), column D 'mean'",0.690071649814254,result
ctdnafrag-20261009-result-wang2026-ct-tf-over-10pct-sensitivity,ctdnafrag-20261009-source-wang2026-data-file-s2,"Data file S2 sheet STATS_xgb_x1-x6, row 100 (feat 'C/T', ichorcna_strat '(0.1, 1]', .metric 'Sensitivity'), column D 'mean'",0.668844502127218,result
ctdnafrag-20261009-result-wang2026-ct-tf-over-10pct-specificity,ctdnafrag-20261009-source-wang2026-data-file-s2,"Data file S2 sheet STATS_xgb_x1-x6, row 101 (feat 'C/T', ichorcna_strat '(0.1, 1]', .metric 'Specificity'), column D 'mean'",0.839809738672521,result
ctdnafrag-20261009-result-wang2026-ichorcna-tf-tf-0-3pct-acc,ctdnafrag-20261009-source-wang2026-data-file-s2,"Data file S2 sheet STATS_lr, row 2 (feat 'TF', ichorcna_strat '[0, 0.03]', .metric 'test_acc'), column D 'mean'",0.577107810189542,result
ctdnafrag-20261009-result-wang2026-ichorcna-tf-tf-0-3pct-acc-95spe,ctdnafrag-20261009-source-wang2026-data-file-s2,"Data file S2 sheet STATS_lr, row 3 (feat 'TF', ichorcna_strat '[0, 0.03]', .metric 'test_acc_95spe'), column D 'mean'",0.48314080960327,result
ctdnafrag-20261009-result-wang2026-ichorcna-tf-tf-0-3pct-acc-98spe,ctdnafrag-20261009-source-wang2026-data-file-s2,"Data file S2 sheet STATS_lr, row 4 (feat 'TF', ichorcna_strat '[0, 0.03]', .metric 'test_acc_98spe'), column D 'mean'",0.49,result
ctdnafrag-20261009-result-wang2026-ichorcna-tf-tf-0-3pct-acc-99spe,ctdnafrag-20261009-source-wang2026-data-file-s2,"Data file S2 sheet STATS_lr, row 5 (feat 'TF', ichorcna_strat '[0, 0.03]', .metric 'test_acc_99spe'), column D 'mean'",0.495,result
ctdnafrag-20261009-result-wang2026-ichorcna-tf-tf-0-3pct-auprc,ctdnafrag-20261009-source-wang2026-data-file-s2,"Data file S2 sheet STATS_lr, row 6 (feat 'TF', ichorcna_strat '[0, 0.03]', .metric 'test_auprc'), column D 'mean'",0.680211627867673,result
ctdnafrag-20261009-result-wang2026-ichorcna-tf-tf-0-3pct-auroc,ctdnafrag-20261009-source-wang2026-data-file-s2,"Data file S2 sheet STATS_lr, row 7 (feat 'TF', ichorcna_strat '[0, 0.03]', .metric 'test_auroc'), column D 'mean'",0.602893767061887,result
ctdnafrag-20261009-result-wang2026-ichorcna-tf-tf-0-3pct-f1,ctdnafrag-20261009-source-wang2026-data-file-s2,"Data file S2 sheet STATS_lr, row 8 (feat 'TF', ichorcna_strat '[0, 0.03]', .metric 'test_f1'), column D 'mean'",0.631386059184135,result
ctdnafrag-20261009-result-wang2026-ichorcna-tf-tf-0-3pct-f1-95spe,ctdnafrag-20261009-source-wang2026-data-file-s2,"Data file S2 sheet STATS_lr, row 9 (feat 'TF', ichorcna_strat '[0, 0.03]', .metric 'test_f1_95spe'), column D 'mean'",0.0567458337331976,result
ctdnafrag-20261009-result-wang2026-ichorcna-tf-tf-0-3pct-f1-98spe,ctdnafrag-20261009-source-wang2026-data-file-s2,"Data file S2 sheet STATS_lr, row 10 (feat 'TF', ichorcna_strat '[0, 0.03]', .metric 'test_f1_98spe'), column D 'mean'",0,result
ctdnafrag-20261009-result-wang2026-ichorcna-tf-tf-0-3pct-f1-99spe,ctdnafrag-20261009-source-wang2026-data-file-s2,"Data file S2 sheet STATS_lr, row 11 (feat 'TF', ichorcna_strat '[0, 0.03]', .metric 'test_f1_99spe'), column D 'mean'",0,result
ctdnafrag-20261009-result-wang2026-ichorcna-tf-tf-0-3pct-ppv,ctdnafrag-20261009-source-wang2026-data-file-s2,"Data file S2 sheet STATS_lr, row 12 (feat 'TF', ichorcna_strat '[0, 0.03]', .metric 'test_ppv'), column D 'mean'",0.689961009427645,result
ctdnafrag-20261009-result-wang2026-ichorcna-tf-tf-0-3pct-sen-95spe,ctdnafrag-20261009-source-wang2026-data-file-s2,"Data file S2 sheet STATS_lr, row 13 (feat 'TF', ichorcna_strat '[0, 0.03]', .metric 'test_sen_95spe'), column D 'mean'",0.0576610584199779,result
ctdnafrag-20261009-result-wang2026-ichorcna-tf-tf-0-3pct-sen-98spe,ctdnafrag-20261009-source-wang2026-data-file-s2,"Data file S2 sheet STATS_lr, row 14 (feat 'TF', ichorcna_strat '[0, 0.03]', .metric 'test_sen_98spe'), column D 'mean'",0.0220385056220232,result
ctdnafrag-20261009-result-wang2026-ichorcna-tf-tf-0-3pct-sen-99spe,ctdnafrag-20261009-source-wang2026-data-file-s2,"Data file S2 sheet STATS_lr, row 15 (feat 'TF', ichorcna_strat '[0, 0.03]', .metric 'test_sen_99spe'), column D 'mean'",0.00445838533380332,result
ctdnafrag-20261009-result-wang2026-ichorcna-tf-tf-0-3pct-sensitivity,ctdnafrag-20261009-source-wang2026-data-file-s2,"Data file S2 sheet STATS_lr, row 16 (feat 'TF', ichorcna_strat '[0, 0.03]', .metric 'test_sensitivity'), column D 'mean'",0.582850046715552,result
ctdnafrag-20261009-result-wang2026-ichorcna-tf-tf-0-3pct-specificity,ctdnafrag-20261009-source-wang2026-data-file-s2,"Data file S2 sheet STATS_lr, row 17 (feat 'TF', ichorcna_strat '[0, 0.03]', .metric 'test_specificity'), column D 'mean'",0.568017064783447,result
ctdnafrag-20261009-result-wang2026-ichorcna-tf-tf-3-10pct-acc,ctdnafrag-20261009-source-wang2026-data-file-s2,"Data file S2 sheet STATS_lr, row 18 (feat 'TF', ichorcna_strat '(0.03, 0.1]', .metric 'test_acc'), column D 'mean'",0.906497767423801,result
ctdnafrag-20261009-result-wang2026-ichorcna-tf-tf-3-10pct-acc-95spe,ctdnafrag-20261009-source-wang2026-data-file-s2,"Data file S2 sheet STATS_lr, row 19 (feat 'TF', ichorcna_strat '(0.03, 0.1]', .metric 'test_acc_95spe'), column D 'mean'",0.857240240218315,result
ctdnafrag-20261009-result-wang2026-ichorcna-tf-tf-3-10pct-acc-98spe,ctdnafrag-20261009-source-wang2026-data-file-s2,"Data file S2 sheet STATS_lr, row 20 (feat 'TF', ichorcna_strat '(0.03, 0.1]', .metric 'test_acc_98spe'), column D 'mean'",0.78320751011292,result
ctdnafrag-20261009-result-wang2026-ichorcna-tf-tf-3-10pct-acc-99spe,ctdnafrag-20261009-source-wang2026-data-file-s2,"Data file S2 sheet STATS_lr, row 21 (feat 'TF', ichorcna_strat '(0.03, 0.1]', .metric 'test_acc_99spe'), column D 'mean'",0.77500561235778,result
ctdnafrag-20261009-result-wang2026-ichorcna-tf-tf-3-10pct-auprc,ctdnafrag-20261009-source-wang2026-data-file-s2,"Data file S2 sheet STATS_lr, row 22 (feat 'TF', ichorcna_strat '(0.03, 0.1]', .metric 'test_auprc'), column D 'mean'",0.968101840031636,result
ctdnafrag-20261009-result-wang2026-ichorcna-tf-tf-3-10pct-auroc,ctdnafrag-20261009-source-wang2026-data-file-s2,"Data file S2 sheet STATS_lr, row 23 (feat 'TF', ichorcna_strat '(0.03, 0.1]', .metric 'test_auroc'), column D 'mean'",0.98326390488962,result
ctdnafrag-20261009-result-wang2026-ichorcna-tf-tf-3-10pct-f1,ctdnafrag-20261009-source-wang2026-data-file-s2,"Data file S2 sheet STATS_lr, row 24 (feat 'TF', ichorcna_strat '(0.03, 0.1]', .metric 'test_f1'), column D 'mean'",0.860065940371046,result
ctdnafrag-20261009-result-wang2026-ichorcna-tf-tf-3-10pct-f1-95spe,ctdnafrag-20261009-source-wang2026-data-file-s2,"Data file S2 sheet STATS_lr, row 25 (feat 'TF', ichorcna_strat '(0.03, 0.1]', .metric 'test_f1_95spe'), column D 'mean'",0.853480374471083,result
ctdnafrag-20261009-result-wang2026-ichorcna-tf-tf-3-10pct-f1-98spe,ctdnafrag-20261009-source-wang2026-data-file-s2,"Data file S2 sheet STATS_lr, row 26 (feat 'TF', ichorcna_strat '(0.03, 0.1]', .metric 'test_f1_98spe'), column D 'mean'",0.724219409562381,result
ctdnafrag-20261009-result-wang2026-ichorcna-tf-tf-3-10pct-f1-99spe,ctdnafrag-20261009-source-wang2026-data-file-s2,"Data file S2 sheet STATS_lr, row 27 (feat 'TF', ichorcna_strat '(0.03, 0.1]', .metric 'test_f1_99spe'), column D 'mean'",0.692601030867619,result
ctdnafrag-20261009-result-wang2026-ichorcna-tf-tf-3-10pct-ppv,ctdnafrag-20261009-source-wang2026-data-file-s2,"Data file S2 sheet STATS_lr, row 28 (feat 'TF', ichorcna_strat '(0.03, 0.1]', .metric 'test_ppv'), column D 'mean'",0.921731579923558,result
ctdnafrag-20261009-result-wang2026-ichorcna-tf-tf-3-10pct-sen-95spe,ctdnafrag-20261009-source-wang2026-data-file-s2,"Data file S2 sheet STATS_lr, row 29 (feat 'TF', ichorcna_strat '(0.03, 0.1]', .metric 'test_sen_95spe'), column D 'mean'",0.795750202162242,result
ctdnafrag-20261009-result-wang2026-ichorcna-tf-tf-3-10pct-sen-98spe,ctdnafrag-20261009-source-wang2026-data-file-s2,"Data file S2 sheet STATS_lr, row 30 (feat 'TF', ichorcna_strat '(0.03, 0.1]', .metric 'test_sen_98spe'), column D 'mean'",0.587546671877492,result
ctdnafrag-20261009-result-wang2026-ichorcna-tf-tf-3-10pct-sen-99spe,ctdnafrag-20261009-source-wang2026-data-file-s2,"Data file S2 sheet STATS_lr, row 31 (feat 'TF', ichorcna_strat '(0.03, 0.1]', .metric 'test_sen_99spe'), column D 'mean'",0.5605517652561,result
ctdnafrag-20261009-result-wang2026-ichorcna-tf-tf-3-10pct-sensitivity,ctdnafrag-20261009-source-wang2026-data-file-s2,"Data file S2 sheet STATS_lr, row 32 (feat 'TF', ichorcna_strat '(0.03, 0.1]', .metric 'test_sensitivity'), column D 'mean'",0.807944328458772,result
ctdnafrag-20261009-result-wang2026-ichorcna-tf-tf-3-10pct-specificity,ctdnafrag-20261009-source-wang2026-data-file-s2,"Data file S2 sheet STATS_lr, row 33 (feat 'TF', ichorcna_strat '(0.03, 0.1]', .metric 'test_specificity'), column D 'mean'",0.961188465421524,result
ctdnafrag-20261009-result-wang2026-ichorcna-tf-tf-all-acc,ctdnafrag-20261009-source-wang2026-data-file-s2,"Data file S2 sheet STATS_lr, row 50 (feat 'TF', ichorcna_strat 'all', .metric 'test_acc'), column D 'mean'",0.536039320643375,result
ctdnafrag-20261009-result-wang2026-ichorcna-tf-tf-all-acc-95spe,ctdnafrag-20261009-source-wang2026-data-file-s2,"Data file S2 sheet STATS_lr, row 51 (feat 'TF', ichorcna_strat 'all', .metric 'test_acc_95spe'), column D 'mean'",0.646638225011025,result
ctdnafrag-20261009-result-wang2026-ichorcna-tf-tf-all-acc-98spe,ctdnafrag-20261009-source-wang2026-data-file-s2,"Data file S2 sheet STATS_lr, row 52 (feat 'TF', ichorcna_strat 'all', .metric 'test_acc_98spe'), column D 'mean'",0.652811439228354,result
ctdnafrag-20261009-result-wang2026-ichorcna-tf-tf-all-acc-99spe,ctdnafrag-20261009-source-wang2026-data-file-s2,"Data file S2 sheet STATS_lr, row 53 (feat 'TF', ichorcna_strat 'all', .metric 'test_acc_99spe'), column D 'mean'",0.634375944780108,result
ctdnafrag-20261009-result-wang2026-ichorcna-tf-tf-all-auprc,ctdnafrag-20261009-source-wang2026-data-file-s2,"Data file S2 sheet STATS_lr, row 54 (feat 'TF', ichorcna_strat 'all', .metric 'test_auprc'), column D 'mean'",0.866094229282759,result
ctdnafrag-20261009-result-wang2026-ichorcna-tf-tf-all-auroc,ctdnafrag-20261009-source-wang2026-data-file-s2,"Data file S2 sheet STATS_lr, row 55 (feat 'TF', ichorcna_strat 'all', .metric 'test_auroc'), column D 'mean'",0.642171723744025,result
ctdnafrag-20261009-result-wang2026-ichorcna-tf-tf-all-f1,ctdnafrag-20261009-source-wang2026-data-file-s2,"Data file S2 sheet STATS_lr, row 56 (feat 'TF', ichorcna_strat 'all', .metric 'test_f1'), column D 'mean'",0.55202621082848,result
ctdnafrag-20261009-result-wang2026-ichorcna-tf-tf-all-f1-95spe,ctdnafrag-20261009-source-wang2026-data-file-s2,"Data file S2 sheet STATS_lr, row 57 (feat 'TF', ichorcna_strat 'all', .metric 'test_f1_95spe'), column D 'mean'",0.538856450659316,result
ctdnafrag-20261009-result-wang2026-ichorcna-tf-tf-all-f1-98spe,ctdnafrag-20261009-source-wang2026-data-file-s2,"Data file S2 sheet STATS_lr, row 58 (feat 'TF', ichorcna_strat 'all', .metric 'test_f1_98spe'), column D 'mean'",0.489962458316316,result
ctdnafrag-20261009-result-wang2026-ichorcna-tf-tf-all-f1-99spe,ctdnafrag-20261009-source-wang2026-data-file-s2,"Data file S2 sheet STATS_lr, row 59 (feat 'TF', ichorcna_strat 'all', .metric 'test_f1_99spe'), column D 'mean'",0.417691736700955,result
ctdnafrag-20261009-result-wang2026-ichorcna-tf-tf-all-ppv,ctdnafrag-20261009-source-wang2026-data-file-s2,"Data file S2 sheet STATS_lr, row 60 (feat 'TF', ichorcna_strat 'all', .metric 'test_ppv'), column D 'mean'",0.956247386598031,result
ctdnafrag-20261009-result-wang2026-ichorcna-tf-tf-all-sen-95spe,ctdnafrag-20261009-source-wang2026-data-file-s2,"Data file S2 sheet STATS_lr, row 61 (feat 'TF', ichorcna_strat 'all', .metric 'test_sen_95spe'), column D 'mean'",0.373866578876939,result
ctdnafrag-20261009-result-wang2026-ichorcna-tf-tf-all-sen-98spe,ctdnafrag-20261009-source-wang2026-data-file-s2,"Data file S2 sheet STATS_lr, row 62 (feat 'TF', ichorcna_strat 'all', .metric 'test_sen_98spe'), column D 'mean'",0.327740701445065,result
ctdnafrag-20261009-result-wang2026-ichorcna-tf-tf-all-sen-99spe,ctdnafrag-20261009-source-wang2026-data-file-s2,"Data file S2 sheet STATS_lr, row 63 (feat 'TF', ichorcna_strat 'all', .metric 'test_sen_99spe'), column D 'mean'",0.278751889560216,result
ctdnafrag-20261009-result-wang2026-ichorcna-tf-tf-all-sensitivity,ctdnafrag-20261009-source-wang2026-data-file-s2,"Data file S2 sheet STATS_lr, row 64 (feat 'TF', ichorcna_strat 'all', .metric 'test_sensitivity'), column D 'mean'",0.38854678054388,result
ctdnafrag-20261009-result-wang2026-ichorcna-tf-tf-all-specificity,ctdnafrag-20261009-source-wang2026-data-file-s2,"Data file S2 sheet STATS_lr, row 65 (feat 'TF', ichorcna_strat 'all', .metric 'test_specificity'), column D 'mean'",0.949356176091971,result
ctdnafrag-20261009-result-wang2026-ichorcna-tf-tf-over-10pct-acc,ctdnafrag-20261009-source-wang2026-data-file-s2,"Data file S2 sheet STATS_lr, row 34 (feat 'TF', ichorcna_strat '(0.1, 1]', .metric 'test_acc'), column D 'mean'",1,result
ctdnafrag-20261009-result-wang2026-ichorcna-tf-tf-over-10pct-acc-95spe,ctdnafrag-20261009-source-wang2026-data-file-s2,"Data file S2 sheet STATS_lr, row 35 (feat 'TF', ichorcna_strat '(0.1, 1]', .metric 'test_acc_95spe'), column D 'mean'",0.475,result
ctdnafrag-20261009-result-wang2026-ichorcna-tf-tf-over-10pct-acc-98spe,ctdnafrag-20261009-source-wang2026-data-file-s2,"Data file S2 sheet STATS_lr, row 36 (feat 'TF', ichorcna_strat '(0.1, 1]', .metric 'test_acc_98spe'), column D 'mean'",0.49,result
ctdnafrag-20261009-result-wang2026-ichorcna-tf-tf-over-10pct-acc-99spe,ctdnafrag-20261009-source-wang2026-data-file-s2,"Data file S2 sheet STATS_lr, row 37 (feat 'TF', ichorcna_strat '(0.1, 1]', .metric 'test_acc_99spe'), column D 'mean'",0.495,result
ctdnafrag-20261009-result-wang2026-ichorcna-tf-tf-over-10pct-auprc,ctdnafrag-20261009-source-wang2026-data-file-s2,"Data file S2 sheet STATS_lr, row 38 (feat 'TF', ichorcna_strat '(0.1, 1]', .metric 'test_auprc'), column D 'mean'",1,result
ctdnafrag-20261009-result-wang2026-ichorcna-tf-tf-over-10pct-auroc,ctdnafrag-20261009-source-wang2026-data-file-s2,"Data file S2 sheet STATS_lr, row 39 (feat 'TF', ichorcna_strat '(0.1, 1]', .metric 'test_auroc'), column D 'mean'",1,result
ctdnafrag-20261009-result-wang2026-ichorcna-tf-tf-over-10pct-f1,ctdnafrag-20261009-source-wang2026-data-file-s2,"Data file S2 sheet STATS_lr, row 40 (feat 'TF', ichorcna_strat '(0.1, 1]', .metric 'test_f1'), column D 'mean'",1,result
ctdnafrag-20261009-result-wang2026-ichorcna-tf-tf-over-10pct-f1-95spe,ctdnafrag-20261009-source-wang2026-data-file-s2,"Data file S2 sheet STATS_lr, row 41 (feat 'TF', ichorcna_strat '(0.1, 1]', .metric 'test_f1_95spe'), column D 'mean'",0,result
ctdnafrag-20261009-result-wang2026-ichorcna-tf-tf-over-10pct-f1-98spe,ctdnafrag-20261009-source-wang2026-data-file-s2,"Data file S2 sheet STATS_lr, row 42 (feat 'TF', ichorcna_strat '(0.1, 1]', .metric 'test_f1_98spe'), column D 'mean'",0,result
ctdnafrag-20261009-result-wang2026-ichorcna-tf-tf-over-10pct-f1-99spe,ctdnafrag-20261009-source-wang2026-data-file-s2,"Data file S2 sheet STATS_lr, row 43 (feat 'TF', ichorcna_strat '(0.1, 1]', .metric 'test_f1_99spe'), column D 'mean'",0,result
ctdnafrag-20261009-result-wang2026-ichorcna-tf-tf-over-10pct-ppv,ctdnafrag-20261009-source-wang2026-data-file-s2,"Data file S2 sheet STATS_lr, row 44 (feat 'TF', ichorcna_strat '(0.1, 1]', .metric 'test_ppv'), column D 'mean'",1,result
ctdnafrag-20261009-result-wang2026-ichorcna-tf-tf-over-10pct-sen-95spe,ctdnafrag-20261009-source-wang2026-data-file-s2,"Data file S2 sheet STATS_lr, row 45 (feat 'TF', ichorcna_strat '(0.1, 1]', .metric 'test_sen_95spe'), column D 'mean'",0,result
ctdnafrag-20261009-result-wang2026-ichorcna-tf-tf-over-10pct-sen-98spe,ctdnafrag-20261009-source-wang2026-data-file-s2,"Data file S2 sheet STATS_lr, row 46 (feat 'TF', ichorcna_strat '(0.1, 1]', .metric 'test_sen_98spe'), column D 'mean'",0,result
ctdnafrag-20261009-result-wang2026-ichorcna-tf-tf-over-10pct-sen-99spe,ctdnafrag-20261009-source-wang2026-data-file-s2,"Data file S2 sheet STATS_lr, row 47 (feat 'TF', ichorcna_strat '(0.1, 1]', .metric 'test_sen_99spe'), column D 'mean'",0,result
ctdnafrag-20261009-result-wang2026-ichorcna-tf-tf-over-10pct-sensitivity,ctdnafrag-20261009-source-wang2026-data-file-s2,"Data file S2 sheet STATS_lr, row 48 (feat 'TF', ichorcna_strat '(0.1, 1]', .metric 'test_sensitivity'), column D 'mean'",1,result
ctdnafrag-20261009-result-wang2026-ichorcna-tf-tf-over-10pct-specificity,ctdnafrag-20261009-source-wang2026-data-file-s2,"Data file S2 sheet STATS_lr, row 49 (feat 'TF', ichorcna_strat '(0.1, 1]', .metric 'test_specificity'), column D 'mean'",1,result
ctdnafrag-20261009-result-wang2026-len-tf-0-3pct-accuracy,ctdnafrag-20261009-source-wang2026-data-file-s2,"Data file S2 sheet STATS_xgb_x1-x6, row 13 (feat 'Length', ichorcna_strat '[0, 0.03]', .metric 'Accuracy'), column D 'mean'",0.8016312676435,result
ctdnafrag-20261009-result-wang2026-len-tf-0-3pct-auprc,ctdnafrag-20261009-source-wang2026-data-file-s2,"Data file S2 sheet STATS_xgb_x1-x6, row 9 (feat 'Length', ichorcna_strat '[0, 0.03]', .metric 'AUPRC'), column D 'mean'",0.906869293086675,result
ctdnafrag-20261009-result-wang2026-len-tf-0-3pct-auroc,ctdnafrag-20261009-source-wang2026-data-file-s2,"Data file S2 sheet STATS_xgb_x1-x6, row 8 (feat 'Length', ichorcna_strat '[0, 0.03]', .metric 'AUROC'), column D 'mean'",0.873023449248236,result
ctdnafrag-20261009-result-wang2026-len-tf-0-3pct-f1,ctdnafrag-20261009-source-wang2026-data-file-s2,"Data file S2 sheet STATS_xgb_x1-x6, row 12 (feat 'Length', ichorcna_strat '[0, 0.03]', .metric 'F1'), column D 'mean'",0.837841545733209,result
ctdnafrag-20261009-result-wang2026-len-tf-0-3pct-sensitivity,ctdnafrag-20261009-source-wang2026-data-file-s2,"Data file S2 sheet STATS_xgb_x1-x6, row 10 (feat 'Length', ichorcna_strat '[0, 0.03]', .metric 'Sensitivity'), column D 'mean'",0.823948368488433,result
ctdnafrag-20261009-result-wang2026-len-tf-0-3pct-specificity,ctdnafrag-20261009-source-wang2026-data-file-s2,"Data file S2 sheet STATS_xgb_x1-x6, row 11 (feat 'Length', ichorcna_strat '[0, 0.03]', .metric 'Specificity'), column D 'mean'",0.764942477270135,result
ctdnafrag-20261009-result-wang2026-len-tf-3-10pct-accuracy,ctdnafrag-20261009-source-wang2026-data-file-s2,"Data file S2 sheet STATS_xgb_x1-x6, row 49 (feat 'Length', ichorcna_strat '(0.03, 0.1]', .metric 'Accuracy'), column D 'mean'",0.836946224034168,result
ctdnafrag-20261009-result-wang2026-len-tf-3-10pct-auprc,ctdnafrag-20261009-source-wang2026-data-file-s2,"Data file S2 sheet STATS_xgb_x1-x6, row 45 (feat 'Length', ichorcna_strat '(0.03, 0.1]', .metric 'AUPRC'), column D 'mean'",0.84173501662978,result
ctdnafrag-20261009-result-wang2026-len-tf-3-10pct-auroc,ctdnafrag-20261009-source-wang2026-data-file-s2,"Data file S2 sheet STATS_xgb_x1-x6, row 44 (feat 'Length', ichorcna_strat '(0.03, 0.1]', .metric 'AUROC'), column D 'mean'",0.89608115995646,result
ctdnafrag-20261009-result-wang2026-len-tf-3-10pct-f1,ctdnafrag-20261009-source-wang2026-data-file-s2,"Data file S2 sheet STATS_xgb_x1-x6, row 48 (feat 'Length', ichorcna_strat '(0.03, 0.1]', .metric 'F1'), column D 'mean'",0.756170203566253,result
ctdnafrag-20261009-result-wang2026-len-tf-3-10pct-sensitivity,ctdnafrag-20261009-source-wang2026-data-file-s2,"Data file S2 sheet STATS_xgb_x1-x6, row 46 (feat 'Length', ichorcna_strat '(0.03, 0.1]', .metric 'Sensitivity'), column D 'mean'",0.713102186004438,result
ctdnafrag-20261009-result-wang2026-len-tf-3-10pct-specificity,ctdnafrag-20261009-source-wang2026-data-file-s2,"Data file S2 sheet STATS_xgb_x1-x6, row 47 (feat 'Length', ichorcna_strat '(0.03, 0.1]', .metric 'Specificity'), column D 'mean'",0.906189684880134,result
ctdnafrag-20261009-result-wang2026-len-tf-all-accuracy,ctdnafrag-20261009-source-wang2026-data-file-s2,"Data file S2 sheet STATS_xgb_x1-x6, row 121 (feat 'Length', ichorcna_strat 'all', .metric 'Accuracy'), column D 'mean'",0.846386992303587,result
ctdnafrag-20261009-result-wang2026-len-tf-all-auprc,ctdnafrag-20261009-source-wang2026-data-file-s2,"Data file S2 sheet STATS_xgb_x1-x6, row 117 (feat 'Length', ichorcna_strat 'all', .metric 'AUPRC'), column D 'mean'",0.959430077183017,result
ctdnafrag-20261009-result-wang2026-len-tf-all-auroc,ctdnafrag-20261009-source-wang2026-data-file-s2,"Data file S2 sheet STATS_xgb_x1-x6, row 116 (feat 'Length', ichorcna_strat 'all', .metric 'AUROC'), column D 'mean'",0.902462441310022,result
ctdnafrag-20261009-result-wang2026-len-tf-all-f1,ctdnafrag-20261009-source-wang2026-data-file-s2,"Data file S2 sheet STATS_xgb_x1-x6, row 120 (feat 'Length', ichorcna_strat 'all', .metric 'F1'), column D 'mean'",0.893012281067353,result
ctdnafrag-20261009-result-wang2026-len-tf-all-sensitivity,ctdnafrag-20261009-source-wang2026-data-file-s2,"Data file S2 sheet STATS_xgb_x1-x6, row 118 (feat 'Length', ichorcna_strat 'all', .metric 'Sensitivity'), column D 'mean'",0.872435924203832,result
ctdnafrag-20261009-result-wang2026-len-tf-all-specificity,ctdnafrag-20261009-source-wang2026-data-file-s2,"Data file S2 sheet STATS_xgb_x1-x6, row 119 (feat 'Length', ichorcna_strat 'all', .metric 'Specificity'), column D 'mean'",0.773394793582897,result
ctdnafrag-20261009-result-wang2026-len-tf-over-10pct-accuracy,ctdnafrag-20261009-source-wang2026-data-file-s2,"Data file S2 sheet STATS_xgb_x1-x6, row 85 (feat 'Length', ichorcna_strat '(0.1, 1]', .metric 'Accuracy'), column D 'mean'",0.924461662261534,result
ctdnafrag-20261009-result-wang2026-len-tf-over-10pct-auprc,ctdnafrag-20261009-source-wang2026-data-file-s2,"Data file S2 sheet STATS_xgb_x1-x6, row 81 (feat 'Length', ichorcna_strat '(0.1, 1]', .metric 'AUPRC'), column D 'mean'",0.96427759834541,result
ctdnafrag-20261009-result-wang2026-len-tf-over-10pct-auroc,ctdnafrag-20261009-source-wang2026-data-file-s2,"Data file S2 sheet STATS_xgb_x1-x6, row 80 (feat 'Length', ichorcna_strat '(0.1, 1]', .metric 'AUROC'), column D 'mean'",0.972346106601264,result
ctdnafrag-20261009-result-wang2026-len-tf-over-10pct-f1,ctdnafrag-20261009-source-wang2026-data-file-s2,"Data file S2 sheet STATS_xgb_x1-x6, row 84 (feat 'Length', ichorcna_strat '(0.1, 1]', .metric 'F1'), column D 'mean'",0.894862121609245,result
ctdnafrag-20261009-result-wang2026-len-tf-over-10pct-sensitivity,ctdnafrag-20261009-source-wang2026-data-file-s2,"Data file S2 sheet STATS_xgb_x1-x6, row 82 (feat 'Length', ichorcna_strat '(0.1, 1]', .metric 'Sensitivity'), column D 'mean'",0.862483471434205,result
ctdnafrag-20261009-result-wang2026-len-tf-over-10pct-specificity,ctdnafrag-20261009-source-wang2026-data-file-s2,"Data file S2 sheet STATS_xgb_x1-x6, row 83 (feat 'Length', ichorcna_strat '(0.1, 1]', .metric 'Specificity'), column D 'mean'",0.96202586864247,result
ctdnafrag-20261009-result-wang2026-sd-tf-0-3pct-accuracy,ctdnafrag-20261009-source-wang2026-data-file-s2,"Data file S2 sheet STATS_xgb_x1-x6, row 19 (feat 'SD', ichorcna_strat '[0, 0.03]', .metric 'Accuracy'), column D 'mean'",0.785467804812475,result
ctdnafrag-20261009-result-wang2026-sd-tf-0-3pct-auprc,ctdnafrag-20261009-source-wang2026-data-file-s2,"Data file S2 sheet STATS_xgb_x1-x6, row 15 (feat 'SD', ichorcna_strat '[0, 0.03]', .metric 'AUPRC'), column D 'mean'",0.906529420016568,result
ctdnafrag-20261009-result-wang2026-sd-tf-0-3pct-auroc,ctdnafrag-20261009-source-wang2026-data-file-s2,"Data file S2 sheet STATS_xgb_x1-x6, row 14 (feat 'SD', ichorcna_strat '[0, 0.03]', .metric 'AUROC'), column D 'mean'",0.857038502446373,result
ctdnafrag-20261009-result-wang2026-sd-tf-0-3pct-f1,ctdnafrag-20261009-source-wang2026-data-file-s2,"Data file S2 sheet STATS_xgb_x1-x6, row 18 (feat 'SD', ichorcna_strat '[0, 0.03]', .metric 'F1'), column D 'mean'",0.825889092178603,result
ctdnafrag-20261009-result-wang2026-sd-tf-0-3pct-sensitivity,ctdnafrag-20261009-source-wang2026-data-file-s2,"Data file S2 sheet STATS_xgb_x1-x6, row 16 (feat 'SD', ichorcna_strat '[0, 0.03]', .metric 'Sensitivity'), column D 'mean'",0.818000017801785,result
ctdnafrag-20261009-result-wang2026-sd-tf-0-3pct-specificity,ctdnafrag-20261009-source-wang2026-data-file-s2,"Data file S2 sheet STATS_xgb_x1-x6, row 17 (feat 'SD', ichorcna_strat '[0, 0.03]', .metric 'Specificity'), column D 'mean'",0.732114627819613,result
ctdnafrag-20261009-result-wang2026-sd-tf-3-10pct-accuracy,ctdnafrag-20261009-source-wang2026-data-file-s2,"Data file S2 sheet STATS_xgb_x1-x6, row 55 (feat 'SD', ichorcna_strat '(0.03, 0.1]', .metric 'Accuracy'), column D 'mean'",0.838136284216657,result
ctdnafrag-20261009-result-wang2026-sd-tf-3-10pct-auprc,ctdnafrag-20261009-source-wang2026-data-file-s2,"Data file S2 sheet STATS_xgb_x1-x6, row 51 (feat 'SD', ichorcna_strat '(0.03, 0.1]', .metric 'AUPRC'), column D 'mean'",0.851356348291321,result
ctdnafrag-20261009-result-wang2026-sd-tf-3-10pct-auroc,ctdnafrag-20261009-source-wang2026-data-file-s2,"Data file S2 sheet STATS_xgb_x1-x6, row 50 (feat 'SD', ichorcna_strat '(0.03, 0.1]', .metric 'AUROC'), column D 'mean'",0.881310706220588,result
ctdnafrag-20261009-result-wang2026-sd-tf-3-10pct-f1,ctdnafrag-20261009-source-wang2026-data-file-s2,"Data file S2 sheet STATS_xgb_x1-x6, row 54 (feat 'SD', ichorcna_strat '(0.03, 0.1]', .metric 'F1'), column D 'mean'",0.752574040925636,result
ctdnafrag-20261009-result-wang2026-sd-tf-3-10pct-sensitivity,ctdnafrag-20261009-source-wang2026-data-file-s2,"Data file S2 sheet STATS_xgb_x1-x6, row 52 (feat 'SD', ichorcna_strat '(0.03, 0.1]', .metric 'Sensitivity'), column D 'mean'",0.69465531971473,result
ctdnafrag-20261009-result-wang2026-sd-tf-3-10pct-specificity,ctdnafrag-20261009-source-wang2026-data-file-s2,"Data file S2 sheet STATS_xgb_x1-x6, row 53 (feat 'SD', ichorcna_strat '(0.03, 0.1]', .metric 'Specificity'), column D 'mean'",0.918109674853408,result
ctdnafrag-20261009-result-wang2026-sd-tf-all-accuracy,ctdnafrag-20261009-source-wang2026-data-file-s2,"Data file S2 sheet STATS_xgb_x1-x6, row 127 (feat 'SD', ichorcna_strat 'all', .metric 'Accuracy'), column D 'mean'",0.823184358523676,result
ctdnafrag-20261009-result-wang2026-sd-tf-all-auprc,ctdnafrag-20261009-source-wang2026-data-file-s2,"Data file S2 sheet STATS_xgb_x1-x6, row 123 (feat 'SD', ichorcna_strat 'all', .metric 'AUPRC'), column D 'mean'",0.957908385994719,result
ctdnafrag-20261009-result-wang2026-sd-tf-all-auroc,ctdnafrag-20261009-source-wang2026-data-file-s2,"Data file S2 sheet STATS_xgb_x1-x6, row 122 (feat 'SD', ichorcna_strat 'all', .metric 'AUROC'), column D 'mean'",0.888244653756617,result
ctdnafrag-20261009-result-wang2026-sd-tf-all-f1,ctdnafrag-20261009-source-wang2026-data-file-s2,"Data file S2 sheet STATS_xgb_x1-x6, row 126 (feat 'SD', ichorcna_strat 'all', .metric 'F1'), column D 'mean'",0.877529364325645,result
ctdnafrag-20261009-result-wang2026-sd-tf-all-sensitivity,ctdnafrag-20261009-source-wang2026-data-file-s2,"Data file S2 sheet STATS_xgb_x1-x6, row 124 (feat 'SD', ichorcna_strat 'all', .metric 'Sensitivity'), column D 'mean'",0.860307318260937,result
ctdnafrag-20261009-result-wang2026-sd-tf-all-specificity,ctdnafrag-20261009-source-wang2026-data-file-s2,"Data file S2 sheet STATS_xgb_x1-x6, row 125 (feat 'SD', ichorcna_strat 'all', .metric 'Specificity'), column D 'mean'",0.719415214038893,result
ctdnafrag-20261009-result-wang2026-sd-tf-over-10pct-accuracy,ctdnafrag-20261009-source-wang2026-data-file-s2,"Data file S2 sheet STATS_xgb_x1-x6, row 91 (feat 'SD', ichorcna_strat '(0.1, 1]', .metric 'Accuracy'), column D 'mean'",0.929844413600688,result
ctdnafrag-20261009-result-wang2026-sd-tf-over-10pct-auprc,ctdnafrag-20261009-source-wang2026-data-file-s2,"Data file S2 sheet STATS_xgb_x1-x6, row 87 (feat 'SD', ichorcna_strat '(0.1, 1]', .metric 'AUPRC'), column D 'mean'",0.966701926107177,result
ctdnafrag-20261009-result-wang2026-sd-tf-over-10pct-auroc,ctdnafrag-20261009-source-wang2026-data-file-s2,"Data file S2 sheet STATS_xgb_x1-x6, row 86 (feat 'SD', ichorcna_strat '(0.1, 1]', .metric 'AUROC'), column D 'mean'",0.969873915450832,result
ctdnafrag-20261009-result-wang2026-sd-tf-over-10pct-f1,ctdnafrag-20261009-source-wang2026-data-file-s2,"Data file S2 sheet STATS_xgb_x1-x6, row 90 (feat 'SD', ichorcna_strat '(0.1, 1]', .metric 'F1'), column D 'mean'",0.90167494678583,result
ctdnafrag-20261009-result-wang2026-sd-tf-over-10pct-sensitivity,ctdnafrag-20261009-source-wang2026-data-file-s2,"Data file S2 sheet STATS_xgb_x1-x6, row 88 (feat 'SD', ichorcna_strat '(0.1, 1]', .metric 'Sensitivity'), column D 'mean'",0.863963011638421,result
ctdnafrag-20261009-result-wang2026-sd-tf-over-10pct-specificity,ctdnafrag-20261009-source-wang2026-data-file-s2,"Data file S2 sheet STATS_xgb_x1-x6, row 89 (feat 'SD', ichorcna_strat '(0.1, 1]', .metric 'Specificity'), column D 'mean'",0.969837155470971,result
ctdnafrag-20261009-result-wang2026-sl-tf-0-3pct-accuracy,ctdnafrag-20261009-source-wang2026-data-file-s2,"Data file S2 sheet STATS_xgb_x1-x6, row 37 (feat 'S/L', ichorcna_strat '[0, 0.03]', .metric 'Accuracy'), column D 'mean'",0.598968275305821,result
ctdnafrag-20261009-result-wang2026-sl-tf-0-3pct-auprc,ctdnafrag-20261009-source-wang2026-data-file-s2,"Data file S2 sheet STATS_xgb_x1-x6, row 33 (feat 'S/L', ichorcna_strat '[0, 0.03]', .metric 'AUPRC'), column D 'mean'",0.779418618828235,result
ctdnafrag-20261009-result-wang2026-sl-tf-0-3pct-auroc,ctdnafrag-20261009-source-wang2026-data-file-s2,"Data file S2 sheet STATS_xgb_x1-x6, row 32 (feat 'S/L', ichorcna_strat '[0, 0.03]', .metric 'AUROC'), column D 'mean'",0.651066803055221,result
ctdnafrag-20261009-result-wang2026-sl-tf-0-3pct-f1,ctdnafrag-20261009-source-wang2026-data-file-s2,"Data file S2 sheet STATS_xgb_x1-x6, row 36 (feat 'S/L', ichorcna_strat '[0, 0.03]', .metric 'F1'), column D 'mean'",0.664992324256649,result
ctdnafrag-20261009-result-wang2026-sl-tf-0-3pct-sensitivity,ctdnafrag-20261009-source-wang2026-data-file-s2,"Data file S2 sheet STATS_xgb_x1-x6, row 34 (feat 'S/L', ichorcna_strat '[0, 0.03]', .metric 'Sensitivity'), column D 'mean'",0.644330402009324,result
ctdnafrag-20261009-result-wang2026-sl-tf-0-3pct-specificity,ctdnafrag-20261009-source-wang2026-data-file-s2,"Data file S2 sheet STATS_xgb_x1-x6, row 35 (feat 'S/L', ichorcna_strat '[0, 0.03]', .metric 'Specificity'), column D 'mean'",0.523625878840212,result
ctdnafrag-20261009-result-wang2026-sl-tf-3-10pct-accuracy,ctdnafrag-20261009-source-wang2026-data-file-s2,"Data file S2 sheet STATS_xgb_x1-x6, row 73 (feat 'S/L', ichorcna_strat '(0.03, 0.1]', .metric 'Accuracy'), column D 'mean'",0.780196078431373,result
ctdnafrag-20261009-result-wang2026-sl-tf-3-10pct-auprc,ctdnafrag-20261009-source-wang2026-data-file-s2,"Data file S2 sheet STATS_xgb_x1-x6, row 69 (feat 'S/L', ichorcna_strat '(0.03, 0.1]', .metric 'AUPRC'), column D 'mean'",0.733725045825838,result
ctdnafrag-20261009-result-wang2026-sl-tf-3-10pct-auroc,ctdnafrag-20261009-source-wang2026-data-file-s2,"Data file S2 sheet STATS_xgb_x1-x6, row 68 (feat 'S/L', ichorcna_strat '(0.03, 0.1]', .metric 'AUROC'), column D 'mean'",0.772308299756459,result
ctdnafrag-20261009-result-wang2026-sl-tf-3-10pct-f1,ctdnafrag-20261009-source-wang2026-data-file-s2,"Data file S2 sheet STATS_xgb_x1-x6, row 72 (feat 'S/L', ichorcna_strat '(0.03, 0.1]', .metric 'F1'), column D 'mean'",0.627839519088211,result
ctdnafrag-20261009-result-wang2026-sl-tf-3-10pct-sensitivity,ctdnafrag-20261009-source-wang2026-data-file-s2,"Data file S2 sheet STATS_xgb_x1-x6, row 70 (feat 'S/L', ichorcna_strat '(0.03, 0.1]', .metric 'Sensitivity'), column D 'mean'",0.520797894999733,result
ctdnafrag-20261009-result-wang2026-sl-tf-3-10pct-specificity,ctdnafrag-20261009-source-wang2026-data-file-s2,"Data file S2 sheet STATS_xgb_x1-x6, row 71 (feat 'S/L', ichorcna_strat '(0.03, 0.1]', .metric 'Specificity'), column D 'mean'",0.924507551974711,result
ctdnafrag-20261009-result-wang2026-sl-tf-all-accuracy,ctdnafrag-20261009-source-wang2026-data-file-s2,"Data file S2 sheet STATS_xgb_x1-x6, row 145 (feat 'S/L', ichorcna_strat 'all', .metric 'Accuracy'), column D 'mean'",0.694603112213456,result
ctdnafrag-20261009-result-wang2026-sl-tf-all-auprc,ctdnafrag-20261009-source-wang2026-data-file-s2,"Data file S2 sheet STATS_xgb_x1-x6, row 141 (feat 'S/L', ichorcna_strat 'all', .metric 'AUPRC'), column D 'mean'",0.900008292668221,result
ctdnafrag-20261009-result-wang2026-sl-tf-all-auroc,ctdnafrag-20261009-source-wang2026-data-file-s2,"Data file S2 sheet STATS_xgb_x1-x6, row 140 (feat 'S/L', ichorcna_strat 'all', .metric 'AUROC'), column D 'mean'",0.740268955723659,result
ctdnafrag-20261009-result-wang2026-sl-tf-all-f1,ctdnafrag-20261009-source-wang2026-data-file-s2,"Data file S2 sheet STATS_xgb_x1-x6, row 144 (feat 'S/L', ichorcna_strat 'all', .metric 'F1'), column D 'mean'",0.784191224806574,result
ctdnafrag-20261009-result-wang2026-sl-tf-all-sensitivity,ctdnafrag-20261009-source-wang2026-data-file-s2,"Data file S2 sheet STATS_xgb_x1-x6, row 142 (feat 'S/L', ichorcna_strat 'all', .metric 'Sensitivity'), column D 'mean'",0.762325205752969,result
ctdnafrag-20261009-result-wang2026-sl-tf-all-specificity,ctdnafrag-20261009-source-wang2026-data-file-s2,"Data file S2 sheet STATS_xgb_x1-x6, row 143 (feat 'S/L', ichorcna_strat 'all', .metric 'Specificity'), column D 'mean'",0.504359313266271,result
ctdnafrag-20261009-result-wang2026-sl-tf-over-10pct-accuracy,ctdnafrag-20261009-source-wang2026-data-file-s2,"Data file S2 sheet STATS_xgb_x1-x6, row 109 (feat 'S/L', ichorcna_strat '(0.1, 1]', .metric 'Accuracy'), column D 'mean'",0.882153818978237,result
ctdnafrag-20261009-result-wang2026-sl-tf-over-10pct-auprc,ctdnafrag-20261009-source-wang2026-data-file-s2,"Data file S2 sheet STATS_xgb_x1-x6, row 105 (feat 'S/L', ichorcna_strat '(0.1, 1]', .metric 'AUPRC'), column D 'mean'",0.905041707156947,result
ctdnafrag-20261009-result-wang2026-sl-tf-over-10pct-auroc,ctdnafrag-20261009-source-wang2026-data-file-s2,"Data file S2 sheet STATS_xgb_x1-x6, row 104 (feat 'S/L', ichorcna_strat '(0.1, 1]', .metric 'AUROC'), column D 'mean'",0.917271869491096,result
ctdnafrag-20261009-result-wang2026-sl-tf-over-10pct-f1,ctdnafrag-20261009-source-wang2026-data-file-s2,"Data file S2 sheet STATS_xgb_x1-x6, row 108 (feat 'S/L', ichorcna_strat '(0.1, 1]', .metric 'F1'), column D 'mean'",0.826630833856409,result
ctdnafrag-20261009-result-wang2026-sl-tf-over-10pct-sensitivity,ctdnafrag-20261009-source-wang2026-data-file-s2,"Data file S2 sheet STATS_xgb_x1-x6, row 106 (feat 'S/L', ichorcna_strat '(0.1, 1]', .metric 'Sensitivity'), column D 'mean'",0.752488077148908,result
ctdnafrag-20261009-result-wang2026-sl-tf-over-10pct-specificity,ctdnafrag-20261009-source-wang2026-data-file-s2,"Data file S2 sheet STATS_xgb_x1-x6, row 107 (feat 'S/L', ichorcna_strat '(0.1, 1]', .metric 'Specificity'), column D 'mean'",0.960339572232424,result
