group,kind,name,finding,proposal,target,ids,evidence,decision,reviewer,notes
configuration:2omelm,configuration,2OMe-LM,configuration without a parent model,review,,paper-model-1008740464cdd2bd0f reported-model-7f5b8234967c54,no sibling has a parent model,,,
configuration:abdpo,configuration,AbDPO,configuration without a parent model,review,,proteinbench-method-abdpo proteinbench-method-abdpo-plus-plus,no sibling has a parent model,,,
configuration:aidorna,configuration,AIDO.RNA,configuration without a parent model,review,,mrnabench-method-aido-rna nabench-method-aido-rna,no sibling has a parent model,,,
configuration:arriba,configuration,Arriba,configuration without a parent model,review,,amp-oncology-rna-20261007-issue-11-config-arriba amp-oncology-rna-20261007-nch-config-arriba,no sibling has a parent model,,,
configuration:birnabert,configuration,BiRNA-BERT,configuration without a parent model,review,,nabench-method-birna-bert reported-model-d3fd83835a2d44,no sibling has a parent model,,,
configuration:bpfold,configuration,BPfold,configuration without a parent model,review,,paper-model-8b704e0b0c255cecf5 reported-model-c464bface507ee,no sibling has a parent model,,,
configuration:caduceusph,configuration,Caduceus-Ph,configuration without a parent model,review,,reported-model-47521865af7b04 reported-model-a7cfacf25d97ad,no sibling has a parent model,,,
configuration:cafa3bb7u,configuration,CAFA3 BB7U,configuration without a parent model,review,,acquired-configuration-8cd9dfb2cf1f594804c9 acquired-configuration-9f49d10183e39e3b862f acquired-configuration-a7cc2ef42827889b3791,no sibling has a parent model,,,
configuration:cafa3bn7u,configuration,CAFA3 BN7U,configuration without a parent model,review,,acquired-configuration-2a8bfe604114d0b647f5 acquired-configuration-e65276bbf5a52a9fca5f acquired-configuration-e83031963339da649085,no sibling has a parent model,,,
configuration:cafa3m001,configuration,CAFA3 M001,configuration without a parent model,review,,acquired-configuration-996ebc01ba7e82731174 acquired-configuration-9b6dd9c44f95a22253a3 acquired-configuration-bc7ea144397d9f414310,no sibling has a parent model,,,
configuration:cafa3m002,configuration,CAFA3 M002,configuration without a parent model,review,,acquired-configuration-55682c8b8e3a65d5f438 acquired-configuration-b0628be437999776ac4b acquired-configuration-ec10ffb4780449a0887a,no sibling has a parent model,,,
configuration:cafa3m003,configuration,CAFA3 M003,configuration without a parent model,review,,acquired-configuration-b332bd47a28c7f67979d acquired-configuration-bb47673d1fda9034a73f acquired-configuration-be0a69198765c097a8b7,no sibling has a parent model,,,
configuration:cafa3m004,configuration,CAFA3 M004,configuration without a parent model,review,,acquired-configuration-15919205ffd52ac70da5 acquired-configuration-1b38796b72463ad14417 acquired-configuration-d9adad80e51161b3cbfb,no sibling has a parent model,,,
configuration:cafa3m005,configuration,CAFA3 M005,configuration without a parent model,review,,acquired-configuration-3cbc59cc2ff3cf078ab4 acquired-configuration-ab5b726cfa3be35e20e5 acquired-configuration-c6833ebf8a66312babce,no sibling has a parent model,,,
configuration:cafa3m006,configuration,CAFA3 M006,configuration without a parent model,review,,acquired-configuration-0d00d1962496d0fdd725 acquired-configuration-8fc3c90a9f3fa0ef06ff acquired-configuration-baae756de3e3009e789a,no sibling has a parent model,,,
configuration:cafa3m007,configuration,CAFA3 M007,configuration without a parent model,review,,acquired-configuration-24b6b865c7b06d074408 acquired-configuration-6568895b9d0c2bf24308 acquired-configuration-97a298040bdf3cb9f450,no sibling has a parent model,,,
configuration:cafa3m008,configuration,CAFA3 M008,configuration without a parent model,review,,acquired-configuration-57bd3f4f30b1844aedd3 acquired-configuration-84ae8c97dea49898719b acquired-configuration-9857a0c2b48b088441c2,no sibling has a parent model,,,
configuration:cafa3m009,configuration,CAFA3 M009,configuration without a parent model,review,,acquired-configuration-5fa84909c6fe65008099 acquired-configuration-864ccc8c81e02f645363 acquired-configuration-b3601f63dda97aaa32fc,no sibling has a parent model,,,
configuration:cafa3m010,configuration,CAFA3 M010,configuration without a parent model,review,,acquired-configuration-30f85f98e3edae42fa0d acquired-configuration-3d4c07b9955edf94f4a7 acquired-configuration-6a3b7ca50effee1d1b31,no sibling has a parent model,,,
configuration:cafa3m011,configuration,CAFA3 M011,configuration without a parent model,review,,acquired-configuration-17fa0b1258c98dcf82d5 acquired-configuration-8c6f57b9a2081c730755 acquired-configuration-b57d95d8f06301ec0a83,no sibling has a parent model,,,
configuration:cafa3m012,configuration,CAFA3 M012,configuration without a parent model,review,,acquired-configuration-36263fccf20692a8ac8f acquired-configuration-5424531e427dff0ef47b acquired-configuration-875b5c128fe6bafbbd3e,no sibling has a parent model,,,
configuration:cafa3m013,configuration,CAFA3 M013,configuration without a parent model,review,,acquired-configuration-43f53213d84eb82bd317 acquired-configuration-c7bc5abd4d85a24eb116 acquired-configuration-dce5f7b1411906a86c8c,no sibling has a parent model,,,
configuration:cafa3m014,configuration,CAFA3 M014,configuration without a parent model,review,,acquired-configuration-50e57d8949c92abb9f23 acquired-configuration-64159a6d95acbdc4087e acquired-configuration-d79502ac7326f2f96eae,no sibling has a parent model,,,
configuration:cafa3m015,configuration,CAFA3 M015,configuration without a parent model,review,,acquired-configuration-9d3e971f671a960e94fe acquired-configuration-aa64a632151057fa8891 acquired-configuration-ac2dc49bb20cd3990e91,no sibling has a parent model,,,
configuration:cafa3m016,configuration,CAFA3 M016,configuration without a parent model,review,,acquired-configuration-132a191f8dae3fbf245d acquired-configuration-635e55656cc886294a75 acquired-configuration-7981f6a827ef134e39d0,no sibling has a parent model,,,
configuration:cafa3m017,configuration,CAFA3 M017,configuration without a parent model,review,,acquired-configuration-2d7966bc04314a073605 acquired-configuration-50c478d6283d1285d062 acquired-configuration-d8168bf6ac857e801b0e,no sibling has a parent model,,,
configuration:cafa3m018,configuration,CAFA3 M018,configuration without a parent model,review,,acquired-configuration-74274bb47be24a19004d acquired-configuration-a0c7e8d8cbacfbce43dc acquired-configuration-ea80fd960251f78742a2,no sibling has a parent model,,,
configuration:cafa3m019,configuration,CAFA3 M019,configuration without a parent model,review,,acquired-configuration-01620569b965db8b9909 acquired-configuration-87ee48f106f342bbb6c6 acquired-configuration-b891c9e908761b867659,no sibling has a parent model,,,
configuration:cafa3m020,configuration,CAFA3 M020,configuration without a parent model,review,,acquired-configuration-2510865c0340e3c6f351 acquired-configuration-63c4bc62fb874a24d598 acquired-configuration-e59bc1db03488329c58a,no sibling has a parent model,,,
configuration:cafa3m021,configuration,CAFA3 M021,configuration without a parent model,review,,acquired-configuration-6c700fce43b4f58f00b4 acquired-configuration-7ad84b6bc9624b23735f acquired-configuration-99de3df96000d9cb1433,no sibling has a parent model,,,
configuration:cafa3m022,configuration,CAFA3 M022,configuration without a parent model,review,,acquired-configuration-249e39da6c6e491d9e08 acquired-configuration-7c394e447672a1aa4534 acquired-configuration-fa74cb38312d260ea8e4,no sibling has a parent model,,,
configuration:cafa3m023,configuration,CAFA3 M023,configuration without a parent model,review,,acquired-configuration-9986f1e4ed0332445384 acquired-configuration-bfb6b9652837ffbcd625 acquired-configuration-e4cdaabeedc2d25f5895,no sibling has a parent model,,,
configuration:cafa3m024,configuration,CAFA3 M024,configuration without a parent model,review,,acquired-configuration-27d7f4ebfcab1405132e acquired-configuration-8748e09936a4e3c12853 acquired-configuration-e3cda75ef78a1dfc5f04,no sibling has a parent model,,,
configuration:cafa3m025,configuration,CAFA3 M025,configuration without a parent model,review,,acquired-configuration-d46e1700748708be60c7 acquired-configuration-e592a0d30bc5a4d2fac9 acquired-configuration-f050571ebc77ea31bd7a,no sibling has a parent model,,,
configuration:cafa3m026,configuration,CAFA3 M026,configuration without a parent model,review,,acquired-configuration-08776c51e8f2de7be96c acquired-configuration-135a24da1c53e7ef5e87 acquired-configuration-eed9808db7d816a9e1e4,no sibling has a parent model,,,
configuration:cafa3m027,configuration,CAFA3 M027,configuration without a parent model,review,,acquired-configuration-0c9aeadf3d7631dbb9bb acquired-configuration-ef8a14c307b1864a0d70 acquired-configuration-ffc77e2d0df188e59b24,no sibling has a parent model,,,
configuration:cafa3m028,configuration,CAFA3 M028,configuration without a parent model,review,,acquired-configuration-0ae606eef8d56419fe84 acquired-configuration-95fc475abfb97b50d746 acquired-configuration-b3bc840214d6a9cf8e0e,no sibling has a parent model,,,
configuration:cafa3m029,configuration,CAFA3 M029,configuration without a parent model,review,,acquired-configuration-8562d7858e8eb74fd4f8 acquired-configuration-cce5db1e80b95bc830ca acquired-configuration-f2343e58550708db2e3f,no sibling has a parent model,,,
configuration:cafa3m030,configuration,CAFA3 M030,configuration without a parent model,review,,acquired-configuration-c18ea2395af03a103221 acquired-configuration-ca26ad0ec86a7734922c acquired-configuration-e2c12f2003c8a60d07d2,no sibling has a parent model,,,
configuration:cafa3m031,configuration,CAFA3 M031,configuration without a parent model,review,,acquired-configuration-2b689baf62c7c10abdd6 acquired-configuration-2cffb3427ba2f9e94890 acquired-configuration-951dd023199a3e7ac11c,no sibling has a parent model,,,
configuration:cafa3m032,configuration,CAFA3 M032,configuration without a parent model,review,,acquired-configuration-4e63c738ce6f421a6548 acquired-configuration-d2fcfad9aa6aea6a12f9 acquired-configuration-d453ece7c2a6197d4e90,no sibling has a parent model,,,
configuration:cafa3m033,configuration,CAFA3 M033,configuration without a parent model,review,,acquired-configuration-43546c79a06fe5cf4c2f acquired-configuration-b2e31b694f6db2bf92bf acquired-configuration-db5083a64ec16974cf9f,no sibling has a parent model,,,
configuration:cafa3m034,configuration,CAFA3 M034,configuration without a parent model,review,,acquired-configuration-0e5c47a2f894a6faf738 acquired-configuration-a423f9bbaf324a5b9465 acquired-configuration-fb9d801e9475d7122368,no sibling has a parent model,,,
configuration:cafa3m035,configuration,CAFA3 M035,configuration without a parent model,review,,acquired-configuration-0a7150ead75d17b793fa acquired-configuration-124da8d577d01b75bf25 acquired-configuration-795eac18640c9b8a8181,no sibling has a parent model,,,
configuration:cafa3m036,configuration,CAFA3 M036,configuration without a parent model,review,,acquired-configuration-17789bdca723d64a7f58 acquired-configuration-62e76486eaef67dea04b acquired-configuration-f727f89625e7281656fa,no sibling has a parent model,,,
configuration:cafa3m037,configuration,CAFA3 M037,configuration without a parent model,review,,acquired-configuration-46a50a092ed7d2be8c1f acquired-configuration-4acd903244456140cf9b acquired-configuration-82da7ee81911cfa40798,no sibling has a parent model,,,
configuration:cafa3m038,configuration,CAFA3 M038,configuration without a parent model,review,,acquired-configuration-493404aea1ebc867ca1d acquired-configuration-8dbec6c2cce82458756e acquired-configuration-ee0120754f278d282e4d,no sibling has a parent model,,,
configuration:cafa3m039,configuration,CAFA3 M039,configuration without a parent model,review,,acquired-configuration-0e078ea35ddcce83df97 acquired-configuration-3420f04ba8af18c1c1be acquired-configuration-ad16065e6929f16ed7dc,no sibling has a parent model,,,
configuration:cafa3m040,configuration,CAFA3 M040,configuration without a parent model,review,,acquired-configuration-3a955cc3210936f4dd4e acquired-configuration-d0247f23a805383d53b9 acquired-configuration-f07149dce0682f78f13e,no sibling has a parent model,,,
configuration:cafa3m041,configuration,CAFA3 M041,configuration without a parent model,review,,acquired-configuration-3a5fb1605c36520ac5f9 acquired-configuration-ddb0c43c699f0109a8c8 acquired-configuration-edebd8d8127c1a085e73,no sibling has a parent model,,,
configuration:cafa3m042,configuration,CAFA3 M042,configuration without a parent model,review,,acquired-configuration-50def29fa7b44c0a7603 acquired-configuration-6a287f3d855c547ae672 acquired-configuration-6f7decafb4d5a5c6255d,no sibling has a parent model,,,
configuration:cafa3m043,configuration,CAFA3 M043,configuration without a parent model,review,,acquired-configuration-486b2647f2345e981d8e acquired-configuration-5eab5f5a4dba12b114c6 acquired-configuration-da4df6d692f86891e79c,no sibling has a parent model,,,
configuration:cafa3m044,configuration,CAFA3 M044,configuration without a parent model,review,,acquired-configuration-12a7dbc17ce754234853 acquired-configuration-66d4013016eeeba70416 acquired-configuration-9276879cf790a93d2af3,no sibling has a parent model,,,
configuration:cafa3m045,configuration,CAFA3 M045,configuration without a parent model,review,,acquired-configuration-39291713c9187108287a acquired-configuration-59a91b0595463f07f8c0 acquired-configuration-9e89ab939d274275737c,no sibling has a parent model,,,
configuration:cafa3m046,configuration,CAFA3 M046,configuration without a parent model,review,,acquired-configuration-499f6e488d94dec30536 acquired-configuration-4bf7c04571b6739a9caf acquired-configuration-ab7ee456a0ba2c458b6f,no sibling has a parent model,,,
configuration:cafa3m047,configuration,CAFA3 M047,configuration without a parent model,review,,acquired-configuration-2c3481fdd85439e3207c acquired-configuration-b982f3bc142e001c2a62 acquired-configuration-f54ea39e458a6c769ce7,no sibling has a parent model,,,
configuration:cafa3m048,configuration,CAFA3 M048,configuration without a parent model,review,,acquired-configuration-5607e10584024f4af679 acquired-configuration-a295d043422a244e2641 acquired-configuration-ddc86395aea1096071ba,no sibling has a parent model,,,
configuration:cafa3m049,configuration,CAFA3 M049,configuration without a parent model,review,,acquired-configuration-422931dfed61faa1deb9 acquired-configuration-d897474659c71b05059d acquired-configuration-e9a5378e745fa1cdf9b3,no sibling has a parent model,,,
configuration:cafa3m050,configuration,CAFA3 M050,configuration without a parent model,review,,acquired-configuration-003977021afb6668978a acquired-configuration-16fa2285f9c26d39b6de acquired-configuration-a1c995a751bd7a292fb0,no sibling has a parent model,,,
configuration:cafa3m051,configuration,CAFA3 M051,configuration without a parent model,review,,acquired-configuration-2f5328b064a9e90e1b83 acquired-configuration-8b7191b49f15ddb45ec6 acquired-configuration-c3776d9084d657590df2,no sibling has a parent model,,,
configuration:cafa3m052,configuration,CAFA3 M052,configuration without a parent model,review,,acquired-configuration-b412108988a699d87d06 acquired-configuration-c095a5a210a5cff49e5f acquired-configuration-fe897e4c0710b9bf81c1,no sibling has a parent model,,,
configuration:cafa3m053,configuration,CAFA3 M053,configuration without a parent model,review,,acquired-configuration-0553c93ed07401ecd59b acquired-configuration-1662b8dbc9d1849553ff acquired-configuration-6656e71625df6d51183c,no sibling has a parent model,,,
configuration:cafa3m054,configuration,CAFA3 M054,configuration without a parent model,review,,acquired-configuration-3f2625a78de3346cea33 acquired-configuration-cd73f06b04c05a4a1c61 acquired-configuration-f63c7e41778d43e6c594,no sibling has a parent model,,,
configuration:cafa3m055,configuration,CAFA3 M055,configuration without a parent model,review,,acquired-configuration-49bacb24b3462fe8c338 acquired-configuration-6d7ef98f1909ed3f721f acquired-configuration-c615280688f69a438eeb,no sibling has a parent model,,,
configuration:cafa3m056,configuration,CAFA3 M056,configuration without a parent model,review,,acquired-configuration-2e586b7c0c68d353cfed acquired-configuration-df9cc1fe4180d1b1c7b7 acquired-configuration-e24b059e424f45855570,no sibling has a parent model,,,
configuration:cafa3m057,configuration,CAFA3 M057,configuration without a parent model,review,,acquired-configuration-0d2fe49b38c64519a2fa acquired-configuration-962f6b3f5d8bc9dc218c acquired-configuration-d4ba8e7241b7f8f4c32c,no sibling has a parent model,,,
configuration:cafa3m058,configuration,CAFA3 M058,configuration without a parent model,review,,acquired-configuration-c2d00dd53340797b4e0b acquired-configuration-c5240cd2a0256e41f166 acquired-configuration-e49ba7b1d79c6740e408,no sibling has a parent model,,,
configuration:cafa3m059,configuration,CAFA3 M059,configuration without a parent model,review,,acquired-configuration-2c94b5a9af4c319ca358 acquired-configuration-317767fd250908851216 acquired-configuration-9dd33dcaae138cb3bf74,no sibling has a parent model,,,
configuration:cafa3m060,configuration,CAFA3 M060,configuration without a parent model,review,,acquired-configuration-391304ea269230271e58 acquired-configuration-4b45480f95744643d00c acquired-configuration-e97355b7566e8bd905b9,no sibling has a parent model,,,
configuration:cafa3m061,configuration,CAFA3 M061,configuration without a parent model,review,,acquired-configuration-23b08bdc1717e41cbe7c acquired-configuration-5e425b2b3114831a1091 acquired-configuration-6526e5434e0e3372a4e4,no sibling has a parent model,,,
configuration:cafa3m062,configuration,CAFA3 M062,configuration without a parent model,review,,acquired-configuration-23453444486302ad4743 acquired-configuration-75d8e43be638d951e847 acquired-configuration-e7a387d2974edbbbc97f,no sibling has a parent model,,,
configuration:cafa3m063,configuration,CAFA3 M063,configuration without a parent model,review,,acquired-configuration-1da3fda0e7f852f77c6f acquired-configuration-2474026c22bbea011b25 acquired-configuration-9eeeb50b26185996ad3d,no sibling has a parent model,,,
configuration:cafa3m064,configuration,CAFA3 M064,configuration without a parent model,review,,acquired-configuration-d38b3d919ce5163aa68f acquired-configuration-f3600782502673b56dfc acquired-configuration-fb54b77e742cccfe6675,no sibling has a parent model,,,
configuration:cafa3m065,configuration,CAFA3 M065,configuration without a parent model,review,,acquired-configuration-4a07a030b80b9ef896e4 acquired-configuration-8463364e07f4b1227119 acquired-configuration-8fe89754d010afb7a2d8,no sibling has a parent model,,,
configuration:cafa3m066,configuration,CAFA3 M066,configuration without a parent model,review,,acquired-configuration-1c89082bd182e6e862d7 acquired-configuration-90fd1fc54ce36f6ab570 acquired-configuration-ded83403a0af449a3de6,no sibling has a parent model,,,
configuration:cafa3m067,configuration,CAFA3 M067,configuration without a parent model,review,,acquired-configuration-2cc5d2e8f31831d9e982 acquired-configuration-e8a364c5ec02414b8bd7 acquired-configuration-fc811087cbe1f7644d87,no sibling has a parent model,,,
configuration:cafa3m068,configuration,CAFA3 M068,configuration without a parent model,review,,acquired-configuration-4291e5865c6c46a3975b acquired-configuration-51afef05aec790310d86 acquired-configuration-eb23a28a07f950cde5d7,no sibling has a parent model,,,
configuration:cafa3m069,configuration,CAFA3 M069,configuration without a parent model,review,,acquired-configuration-6d9d161a05897ee4d60a acquired-configuration-70052c725968de416287 acquired-configuration-7d0e4c013be4532f7e05,no sibling has a parent model,,,
configuration:cafa3m070,configuration,CAFA3 M070,configuration without a parent model,review,,acquired-configuration-4ed34b2c97dc79b7b001 acquired-configuration-a82f118a15aef1cf553f acquired-configuration-f8417cc46c3d824e4a20,no sibling has a parent model,,,
configuration:cafa3m071,configuration,CAFA3 M071,configuration without a parent model,review,,acquired-configuration-19ec49b1b1ba23684c65 acquired-configuration-4d056539a462cb2f3f0d acquired-configuration-81ddd54b4ea9168a5db2,no sibling has a parent model,,,
configuration:cafa3m072,configuration,CAFA3 M072,configuration without a parent model,review,,acquired-configuration-24bcc9339583967cb825 acquired-configuration-9b5ebac1c785e030be44 acquired-configuration-f9db3fa87ef98ce87a8d,no sibling has a parent model,,,
configuration:cafa3m073,configuration,CAFA3 M073,configuration without a parent model,review,,acquired-configuration-1c57280d7bcb139a9e1f acquired-configuration-66b57612002d13a006eb acquired-configuration-a42954f37373424b5a62,no sibling has a parent model,,,
configuration:cafa3m074,configuration,CAFA3 M074,configuration without a parent model,review,,acquired-configuration-030d5567553dfeafb784 acquired-configuration-5ed46fc2553526e6d533 acquired-configuration-e27e0dd2e063bf14cf24,no sibling has a parent model,,,
configuration:cafa3m075,configuration,CAFA3 M075,configuration without a parent model,review,,acquired-configuration-4ef6033db2599c21d711 acquired-configuration-7e0476f19d4d57957efb acquired-configuration-e547d3f97e23bdc76729,no sibling has a parent model,,,
configuration:cafa3m076,configuration,CAFA3 M076,configuration without a parent model,review,,acquired-configuration-4a019d473882bc4ed334 acquired-configuration-4dfc4bf283bba7502b13 acquired-configuration-8d893c0439ea1ba0b4bf,no sibling has a parent model,,,
configuration:cafa3m077,configuration,CAFA3 M077,configuration without a parent model,review,,acquired-configuration-4a4ff0766121f23546b7 acquired-configuration-7568db3d360869ab9bb9 acquired-configuration-75bca180f8c3c534ca4f,no sibling has a parent model,,,
configuration:cafa3m078,configuration,CAFA3 M078,configuration without a parent model,review,,acquired-configuration-3c62f944314329321f84 acquired-configuration-cb4f5613b0215c998abb acquired-configuration-f305ec58942656294dea,no sibling has a parent model,,,
configuration:cafa3m079,configuration,CAFA3 M079,configuration without a parent model,review,,acquired-configuration-32455b7da030331b7d8d acquired-configuration-6a983334a9f5575b9be3 acquired-configuration-d0cc767fcd5aacc907ea,no sibling has a parent model,,,
configuration:cafa3m080,configuration,CAFA3 M080,configuration without a parent model,review,,acquired-configuration-28885bcc71c91e3fc39e acquired-configuration-642326325f6c5676e430 acquired-configuration-6814abbe54a7b9b1d52c,no sibling has a parent model,,,
configuration:cafa3m081,configuration,CAFA3 M081,configuration without a parent model,review,,acquired-configuration-172b348b0398bf560d52 acquired-configuration-cf7b06d7c5b73bf8b98b acquired-configuration-fe099c1feb2743031fb9,no sibling has a parent model,,,
configuration:cafa3m082,configuration,CAFA3 M082,configuration without a parent model,review,,acquired-configuration-3a7c7013bfa664e90de9 acquired-configuration-c62e9bbfbfefabf298a0 acquired-configuration-ec6830892fa594bab5d0,no sibling has a parent model,,,
configuration:cafa3m083,configuration,CAFA3 M083,configuration without a parent model,review,,acquired-configuration-7c22c84db87392376836 acquired-configuration-80062d5f46b72e42b00f acquired-configuration-a7011a768862b463c8e8,no sibling has a parent model,,,
configuration:cafa3m084,configuration,CAFA3 M084,configuration without a parent model,review,,acquired-configuration-14478c500553765c8179 acquired-configuration-bbd1e4de44a79c7b5386 acquired-configuration-e7e5028024bc4cb080c6,no sibling has a parent model,,,
configuration:cafa3m085,configuration,CAFA3 M085,configuration without a parent model,review,,acquired-configuration-23f7f66adec4dd5b9031 acquired-configuration-4624820000cdc947dade acquired-configuration-d8b2cf5f9251f7265549,no sibling has a parent model,,,
configuration:cafa3m086,configuration,CAFA3 M086,configuration without a parent model,review,,acquired-configuration-3c1c46448c5b596e6fa6 acquired-configuration-9d4ac4901ba09d871c8a acquired-configuration-b97936279aea9e35c827,no sibling has a parent model,,,
configuration:cafa3m087,configuration,CAFA3 M087,configuration without a parent model,review,,acquired-configuration-56c1ee8127e20e719da4 acquired-configuration-63de656d901a2e58b92d acquired-configuration-aa82ec9781c73600f3d3,no sibling has a parent model,,,
configuration:cafa3m088,configuration,CAFA3 M088,configuration without a parent model,review,,acquired-configuration-0338a918cc0a35fe889d acquired-configuration-39dff9ef31af667e3a71 acquired-configuration-cd53147e6942c5f637fb,no sibling has a parent model,,,
configuration:cafa3m089,configuration,CAFA3 M089,configuration without a parent model,review,,acquired-configuration-85f0a896e31bc783070a acquired-configuration-c49d203356755abb9123 acquired-configuration-d07f012ce2ecab44a22a,no sibling has a parent model,,,
configuration:cafa3m090,configuration,CAFA3 M090,configuration without a parent model,review,,acquired-configuration-47a2c98c6c27c3254696 acquired-configuration-547b54a217d96f068ae4 acquired-configuration-aa78fdcbd516d46357e7,no sibling has a parent model,,,
configuration:cafa3m091,configuration,CAFA3 M091,configuration without a parent model,review,,acquired-configuration-498598fcd09bab860e61 acquired-configuration-a2f2b5c6a714f8f67536 acquired-configuration-b15fc2cb03930a150fbd,no sibling has a parent model,,,
configuration:cafa3m092,configuration,CAFA3 M092,configuration without a parent model,review,,acquired-configuration-1da076625cbb4f547029 acquired-configuration-67a619934e0c4b8c0b61 acquired-configuration-80b6ad697dd48c4fd2b1,no sibling has a parent model,,,
configuration:cafa3m093,configuration,CAFA3 M093,configuration without a parent model,review,,acquired-configuration-4a0fef67b7fe47aba600 acquired-configuration-676bbfaabdd3f38a9a62 acquired-configuration-7bf065374828830c2d0b,no sibling has a parent model,,,
configuration:cafa3m094,configuration,CAFA3 M094,configuration without a parent model,review,,acquired-configuration-a54a6a7f3f10c6d24bf7 acquired-configuration-af3bae70bca97a44e2e1 acquired-configuration-da82103667d0fd69ec44,no sibling has a parent model,,,
configuration:cafa3m095,configuration,CAFA3 M095,configuration without a parent model,review,,acquired-configuration-15d65ebf29af37d8136d acquired-configuration-c045a7eeb498d492b55b acquired-configuration-c32aa6cb55858e1cd3d1,no sibling has a parent model,,,
configuration:cafa3m096,configuration,CAFA3 M096,configuration without a parent model,review,,acquired-configuration-6d3d3a46ec8f9e403f6d acquired-configuration-b0794d24813635c85c2b acquired-configuration-c968ebc4d0139dce73c2,no sibling has a parent model,,,
configuration:cafa3m097,configuration,CAFA3 M097,configuration without a parent model,review,,acquired-configuration-c1008e16dfcfb6d6840a acquired-configuration-d313a80d9be6bc1a2373 acquired-configuration-fabfa0cc79de522eabab,no sibling has a parent model,,,
configuration:cafa3m098,configuration,CAFA3 M098,configuration without a parent model,review,,acquired-configuration-41c4b59894cb878d0f60 acquired-configuration-45ea9ee8e6aaf2dad61b acquired-configuration-bd2b12151aa6c01b3095,no sibling has a parent model,,,
configuration:cafa3m099,configuration,CAFA3 M099,configuration without a parent model,review,,acquired-configuration-47a7e269e8c3b94acd9f acquired-configuration-546126aa2e2084809a41 acquired-configuration-973c43311a838d500e36,no sibling has a parent model,,,
configuration:cafa3m100,configuration,CAFA3 M100,configuration without a parent model,review,,acquired-configuration-260af5774f5024a50884 acquired-configuration-47fab18df2563e7ede0e acquired-configuration-f06f94a5da26341025fa,no sibling has a parent model,,,
configuration:cafa3m101,configuration,CAFA3 M101,configuration without a parent model,review,,acquired-configuration-26646eda6652746cc77e acquired-configuration-541def30a389122ce422 acquired-configuration-c6b58d667c019f061e6a,no sibling has a parent model,,,
configuration:cafa3m102,configuration,CAFA3 M102,configuration without a parent model,review,,acquired-configuration-03abfc65e802aaf990c4 acquired-configuration-9e835594c6603874a61c acquired-configuration-cea90c26f06a646dc00b,no sibling has a parent model,,,
configuration:cafa3m103,configuration,CAFA3 M103,configuration without a parent model,review,,acquired-configuration-a072fa63e84b11846055 acquired-configuration-a312285c53db608afdb5 acquired-configuration-b55f3aaf88d4e6138129,no sibling has a parent model,,,
configuration:cafa3m104,configuration,CAFA3 M104,configuration without a parent model,review,,acquired-configuration-4290412f4f116be1a213 acquired-configuration-a658d75fe3d00776ef1c acquired-configuration-b003c94e96dc51a97d9d,no sibling has a parent model,,,
configuration:cafa3m105,configuration,CAFA3 M105,configuration without a parent model,review,,acquired-configuration-3115fda425a1ed4b730a acquired-configuration-eb3d21afc16d889c523c acquired-configuration-ff9ba25ec7e10ccec832,no sibling has a parent model,,,
configuration:cafa3m106,configuration,CAFA3 M106,configuration without a parent model,review,,acquired-configuration-056fddfd8a3c4d5d7d07 acquired-configuration-0e58d8f430799c268dc2 acquired-configuration-265207745607d7584a38,no sibling has a parent model,,,
configuration:cafa3m107,configuration,CAFA3 M107,configuration without a parent model,review,,acquired-configuration-3ed35466337f95bb0c3e acquired-configuration-8c5738ebc63f60ef8b75 acquired-configuration-aa20d1bc56cfbab6ad7d,no sibling has a parent model,,,
configuration:cafa3m108,configuration,CAFA3 M108,configuration without a parent model,review,,acquired-configuration-6c42d76699ada5aff0a4 acquired-configuration-e83441e3579c2e374a25 acquired-configuration-f859d9ff3edbb378210b,no sibling has a parent model,,,
configuration:cafa3m109,configuration,CAFA3 M109,configuration without a parent model,review,,acquired-configuration-27050d4afdbe5165f2e2 acquired-configuration-e168789ba33bde148f96 acquired-configuration-f84bfd69ea92a6d69520,no sibling has a parent model,,,
configuration:cafa3m110,configuration,CAFA3 M110,configuration without a parent model,review,,acquired-configuration-2889cf07860ab84f501c acquired-configuration-944fe888773a0c5a1ad4 acquired-configuration-a8adae51dbe4249204b5,no sibling has a parent model,,,
configuration:cafa3m111,configuration,CAFA3 M111,configuration without a parent model,review,,acquired-configuration-41d1008588847755d69b acquired-configuration-5270157c9574557f19aa acquired-configuration-f3aa91879a9962699d38,no sibling has a parent model,,,
configuration:cafa3m112,configuration,CAFA3 M112,configuration without a parent model,review,,acquired-configuration-3426cb0ff5628dc1ac19 acquired-configuration-a586023b6948f078e565 acquired-configuration-b7e8accd78c7dddc78de,no sibling has a parent model,,,
configuration:cafa3m113,configuration,CAFA3 M113,configuration without a parent model,review,,acquired-configuration-4b1064f948fbd84850b0 acquired-configuration-5a07b36b9517ef642ac3 acquired-configuration-9df13cdf0dca43e4eaab,no sibling has a parent model,,,
configuration:cafa3m114,configuration,CAFA3 M114,configuration without a parent model,review,,acquired-configuration-6c69f9f992ad1ef66dc5 acquired-configuration-e75b37555902dbb70cfc acquired-configuration-f649bffd498105e8bb4c,no sibling has a parent model,,,
configuration:cafa3m115,configuration,CAFA3 M115,configuration without a parent model,review,,acquired-configuration-6e7f5de8ed3ad927e415 acquired-configuration-efdafd04af2e37f79ee8 acquired-configuration-fc1a5be0c123acfa4b94,no sibling has a parent model,,,
configuration:cafa3m116,configuration,CAFA3 M116,configuration without a parent model,review,,acquired-configuration-89255ea07b5ecbaf4a73 acquired-configuration-ab9893f980de2d34a79f acquired-configuration-b2ab57e1f3fee4a94d0d,no sibling has a parent model,,,
configuration:cafa3m117,configuration,CAFA3 M117,configuration without a parent model,review,,acquired-configuration-4f8fceafcaf01a4be6aa acquired-configuration-6bf99a825cb4e8509ef6 acquired-configuration-7c90f6c1fe147cef4ce5,no sibling has a parent model,,,
configuration:cafa3m118,configuration,CAFA3 M118,configuration without a parent model,review,,acquired-configuration-715d681fec4df4688660 acquired-configuration-72482651b11dc666fdc6 acquired-configuration-bf88b14776ec315e9979,no sibling has a parent model,,,
configuration:cafa3m119,configuration,CAFA3 M119,configuration without a parent model,review,,acquired-configuration-7891511958f1ab46a22c acquired-configuration-89976218b8c0d7a888f0 acquired-configuration-ea02293b81b307a27d7e,no sibling has a parent model,,,
configuration:cafa3m120,configuration,CAFA3 M120,configuration without a parent model,review,,acquired-configuration-49d9941715bd3df576e1 acquired-configuration-7eca852945a95fc8dc57 acquired-configuration-b99951ff14e1c30b174d,no sibling has a parent model,,,
configuration:cafa3m121,configuration,CAFA3 M121,configuration without a parent model,review,,acquired-configuration-11629eb1aacedb05bc37 acquired-configuration-1b508920fe5ca720b916 acquired-configuration-3c4e9321793d53ccd577,no sibling has a parent model,,,
configuration:cafa3m122,configuration,CAFA3 M122,configuration without a parent model,review,,acquired-configuration-2e47fb8e783e409cb84f acquired-configuration-3e178bbb8af7e8d4724b acquired-configuration-9c01285f1661651035bf,no sibling has a parent model,,,
configuration:cafa3m123,configuration,CAFA3 M123,configuration without a parent model,review,,acquired-configuration-45ea9d9c1c00dcb37d56 acquired-configuration-4ee753d758d20e4fd07f acquired-configuration-7341eaa9600346af876e,no sibling has a parent model,,,
configuration:cafa3m124,configuration,CAFA3 M124,configuration without a parent model,review,,acquired-configuration-a11a0e2677b5130b7c21 acquired-configuration-a7b5458ebbfed7c9a4f8 acquired-configuration-be8014e16cbadd2615b6,no sibling has a parent model,,,
configuration:cafa3m125,configuration,CAFA3 M125,configuration without a parent model,review,,acquired-configuration-2b72cae8542e63d1555b acquired-configuration-993603733b214df45fc9 acquired-configuration-c8b7cfbf91a09f55687f,no sibling has a parent model,,,
configuration:cafa3m126,configuration,CAFA3 M126,configuration without a parent model,review,,acquired-configuration-3430f9dfa8322a59beb9 acquired-configuration-9c920a80a98766a0edf2 acquired-configuration-ce4e8e9aff1bb2636fc0,no sibling has a parent model,,,
configuration:cafa3m127,configuration,CAFA3 M127,configuration without a parent model,review,,acquired-configuration-4854cef0a7450b7076c5 acquired-configuration-552eafa94c0e7a5de435 acquired-configuration-6febad4c7890d29b8737,no sibling has a parent model,,,
configuration:cafa3m128,configuration,CAFA3 M128,configuration without a parent model,review,,acquired-configuration-639ee50798a851b568f4 acquired-configuration-a2a1bc2fc1c9fa7dd91c acquired-configuration-fb2cc04ca9f31904aef6,no sibling has a parent model,,,
configuration:cafa3m129,configuration,CAFA3 M129,configuration without a parent model,review,,acquired-configuration-67e2f6d092a5a231545d acquired-configuration-843f3cbb6b102f1c1fb9 acquired-configuration-a7c72ef2a12e2e4ba5f4,no sibling has a parent model,,,
configuration:cafa3m130,configuration,CAFA3 M130,configuration without a parent model,review,,acquired-configuration-334ee16a73188861910e acquired-configuration-97944c19f60415f5bc0b acquired-configuration-bdc7e953fa0388cf8ada,no sibling has a parent model,,,
configuration:cafa3m131,configuration,CAFA3 M131,configuration without a parent model,review,,acquired-configuration-478be1f51c9d40d76029 acquired-configuration-6f6ef3be798b9a7467ed acquired-configuration-9e0b659669e10a94a053,no sibling has a parent model,,,
configuration:cafa3m132,configuration,CAFA3 M132,configuration without a parent model,review,,acquired-configuration-755fca6d227a5bd2af9c acquired-configuration-a78b2718d9964ab3c4d5 acquired-configuration-b56df0f09c38c58048f2,no sibling has a parent model,,,
configuration:cafa3m133,configuration,CAFA3 M133,configuration without a parent model,review,,acquired-configuration-5ea7298e8bd55d364d5f acquired-configuration-a84a395d3c4a33007d46 acquired-configuration-c3b3e774743e55e0e923,no sibling has a parent model,,,
configuration:cafa3m134,configuration,CAFA3 M134,configuration without a parent model,review,,acquired-configuration-6ec0ffc266b29e001914 acquired-configuration-85b4332ce26dbc9f88b1 acquired-configuration-d1de85a0073881d85a5d,no sibling has a parent model,,,
configuration:cafa3m135,configuration,CAFA3 M135,configuration without a parent model,review,,acquired-configuration-151dd1d71ed94467875c acquired-configuration-2c38b619983daf0cf14a acquired-configuration-9a853fbe595f2ead41c7,no sibling has a parent model,,,
configuration:cafa3m136,configuration,CAFA3 M136,configuration without a parent model,review,,acquired-configuration-7777392cccab802b97f5 acquired-configuration-e9ff67a023391a0419b0 acquired-configuration-f9c046cb1cc53db125fb,no sibling has a parent model,,,
configuration:cafa3m137,configuration,CAFA3 M137,configuration without a parent model,review,,acquired-configuration-2fc538833eed86402016 acquired-configuration-ab0157d252004ceea9b5 acquired-configuration-dd7426a94a63a8469cce,no sibling has a parent model,,,
configuration:cafa3m138,configuration,CAFA3 M138,configuration without a parent model,review,,acquired-configuration-2e47f75dbccceef12b86 acquired-configuration-4f8d83e5c18ff065d4d8 acquired-configuration-ea43f217953f4cb4cc0f,no sibling has a parent model,,,
configuration:cafa3m139,configuration,CAFA3 M139,configuration without a parent model,review,,acquired-configuration-53f15ac12661dd259c84 acquired-configuration-b5db474f76e7c8dd958c acquired-configuration-c884039a52ee430eff5c,no sibling has a parent model,,,
configuration:cafa3m140,configuration,CAFA3 M140,configuration without a parent model,review,,acquired-configuration-186273809ad8200e0a1a acquired-configuration-28dc2adce5988e102673 acquired-configuration-94a23f162fc88115f286,no sibling has a parent model,,,
configuration:cafa3m141,configuration,CAFA3 M141,configuration without a parent model,review,,acquired-configuration-55723eac95caf2fb0741 acquired-configuration-ce717500c64d50d4f340 acquired-configuration-d17a9b5c55c58a86bcf4,no sibling has a parent model,,,
configuration:cafa3m142,configuration,CAFA3 M142,configuration without a parent model,review,,acquired-configuration-9433c9b12bf196bd2d54 acquired-configuration-e8349cdc5ba3958e97cf acquired-configuration-f45f95e9c7dde88ebe77,no sibling has a parent model,,,
configuration:cafa3m143,configuration,CAFA3 M143,configuration without a parent model,review,,acquired-configuration-2abdf3349ac08389ee29 acquired-configuration-453cd52417f79f1e6eca acquired-configuration-db2f71ac691b0474086b,no sibling has a parent model,,,
configuration:cafa3m144,configuration,CAFA3 M144,configuration without a parent model,review,,acquired-configuration-23388718b188f62b3dc7 acquired-configuration-3dd6f9435f9de3f5bba5 acquired-configuration-49e9b9efb9ed0031d745,no sibling has a parent model,,,
configuration:cpa,configuration,CPA,configuration without a parent model,review,,gears-2023-supp-table6-method-cpa perturbench-method-cpa,no sibling has a parent model,,,
configuration:deepsea,configuration,DEEPSEA,configuration without a parent model,review,,bend-method-deepsea paper-model-9be36a16f6747a92d1,no sibling has a parent model,,,
configuration:diffdock,configuration,DiffDock,configuration without a parent model,review,,acquired-configuration-1f1925f0e9700b5842aa reported-model-415ee22f46526c reported-model-7f6ffd9e2a08be,no sibling has a parent model,,,
configuration:dnabert,configuration,DNABERT,configuration without a parent model,review,,bend-method-dnabert nabench-method-dnabert,no sibling has a parent model,,,
configuration:enformer,configuration,ENFORMER,configuration without a parent model,review,,bend-method-enformer enformer-cage-2021-method-enformer nabench-method-enformer,no sibling has a parent model,,,
configuration:ernierna,configuration,ERNIE-RNA,configuration without a parent model,review,,mrnabench-method-ernie-rna reported-model-d023fbe78bc4df,no sibling has a parent model,,,
configuration:esm2,configuration,ESM-2,configuration without a parent model,family,discovery-model-esm-2,reported-model-ccd1160ad4ec27 reported-model-d0d5df2beb02b2 reported-model-d25dab1a9c4fff,sibling parents: discovery-model-esm-2,,,
configuration:esmc,configuration,ESM-C,configuration without a parent model,family,discovery-model-esmc,reported-model-f83c0b833411a7,sibling parents: discovery-model-esmc,,,
configuration:frameflow,configuration,FrameFlow,configuration without a parent model,review,,genie3-2026-table3-method-frameflow proteinbench-method-frameflow,no sibling has a parent model,,,
configuration:genie3,configuration,GENIE3,configuration without a parent model,family,discovery-model-genie-3,acquired-configuration-5a020cb56111d51eb589 acquired-configuration-b78c9479151b421d2751 acquired-configuration-eb4bd486d5e27ac50e63,sibling parents: discovery-model-genie-3,,,
configuration:grisli,configuration,GRISLI,configuration without a parent model,review,,acquired-configuration-700ff9857c7cd96e42cc acquired-configuration-fd35f5d67ab7765f8c95,no sibling has a parent model,,,
configuration:grnboost2,configuration,GRNBOOST2,configuration without a parent model,review,,acquired-configuration-0c21015ca18f77aa85cf acquired-configuration-20bd9426a3b1748c4ac0 acquired-configuration-9ef0d0bed99b8227586a,no sibling has a parent model,,,
configuration:grnvbem,configuration,GRNVBEM,configuration without a parent model,review,,acquired-configuration-37d63af8433a2cddd9f7 acquired-configuration-6c8f57eb61ca6fde2961,no sibling has a parent model,,,
configuration:grover,configuration,GROVER,configuration without a parent model,review,,bend-method-grover geneb-method-grover,no sibling has a parent model,,,
configuration:hyenadna,configuration,HyenaDNA,configuration without a parent model,review,,mrnabench-method-hyenadna nabench-method-hyenadna reported-model-953007693fb72a reported-model-9b3bc255532dd3,no sibling has a parent model,,,
configuration:ipro70fmwin,configuration,iPro70-FMWin,configuration without a parent model,review,,paper-model-8b0429c4fade7849db reported-model-23cb15b93c00ff,no sibling has a parent model,,,
configuration:kraken2,configuration,Kraken 2,configuration without a parent model,review,,paper-model-ea474ecfc6b8781968 reported-model-62bc5e5ba13e7d reported-model-673b8f46361000 reported-model-70f57ebb163a5c reported-model-8861b9ad9b9c9b,no sibling has a parent model,,,
configuration:leap,configuration,LEAP,configuration without a parent model,review,,acquired-configuration-625098d22118852ce00b acquired-configuration-bf485c01149b50b0894b,no sibling has a parent model,,,
configuration:lemur,configuration,Lemur,configuration without a parent model,review,,paper-model-d6f853d2ce47d61902 reported-model-6ac0730e8481de,no sibling has a parent model,,,
configuration:lucaone,configuration,LucaOne,configuration without a parent model,review,,geneb-method-lucaone nabench-method-lucaone,no sibling has a parent model,,,
configuration:multiply,configuration,Multiply,configuration without a parent model,review,,paper-model-175581b7a57316205c paper-model-57b23bfde292b155a1,no sibling has a parent model,,,
configuration:pidc,configuration,PIDC,configuration without a parent model,review,,acquired-configuration-7546e674ee9631067fdc acquired-configuration-833e5a279b732b530137 acquired-configuration-ef7dc1268c3640486f8f,no sibling has a parent model,,,
configuration:ppcor,configuration,PPCOR,configuration without a parent model,review,,acquired-configuration-4bcb697cf9c276193491 acquired-configuration-7b1b949b9fc16f608074 acquired-configuration-89290921419c9429cb59,no sibling has a parent model,,,
configuration:protgpt2,configuration,ProtGPT2,configuration without a parent model,review,,pfmbench-method-protgpt2 proteingym-method-protgpt2,no sibling has a parent model,,,
configuration:resnet,configuration,ResNet,configuration without a parent model,review,,bend-method-resnet paper-model-fe94def89796ffc2cd,no sibling has a parent model,,,
configuration:rgcn,configuration,RGCN,configuration without a parent model,review,,glycangt-2026-table-s4-method-rgcn paper-model-90760e682743a315dc,no sibling has a parent model,,,
configuration:rinalmo,configuration,RiNALMo,configuration without a parent model,review,,mrnabench-method-rinalmo reported-model-3e58d0faf88d2e,no sibling has a parent model,,,
configuration:rnabert,configuration,RNABERT,configuration without a parent model,review,,beacon-model-rnabert mrnabench-method-rnabert,no sibling has a parent model,,,
configuration:rnaernie,configuration,RNAErnie,configuration without a parent model,review,,mrnabench-method-rnaernie nabench-method-rnaernie,no sibling has a parent model,,,
configuration:rnafold,configuration,RNAfold,configuration without a parent model,review,,paper-model-8f8105aa9923ae1918 reported-model-52eee4cc67ca26 reported-model-ed7f0db85facb1,no sibling has a parent model,,,
configuration:rnamsm,configuration,RNA-MSM,configuration without a parent model,review,,beacon-model-rna-msm mrnabench-method-rna-msm,no sibling has a parent model,,,
configuration:scns,configuration,SCNS,configuration without a parent model,review,,acquired-configuration-8948fd5838f634638820 acquired-configuration-bce6732e911947f07383,no sibling has a parent model,,,
configuration:scode,configuration,SCODE,configuration without a parent model,review,,acquired-configuration-74a4ffe819eb9be86ba6 acquired-configuration-852f9c7568f04b9808aa acquired-configuration-f168d6ae25a08e08f0ed,no sibling has a parent model,,,
configuration:scribe,configuration,SCRIBE,configuration without a parent model,review,,acquired-configuration-19bf588de58213e2bead acquired-configuration-85909156e6a6b134a7d5,no sibling has a parent model,,,
configuration:sincerities,configuration,SINCERITIES,configuration without a parent model,review,,acquired-configuration-581fcbd60b381f7b78a8 acquired-configuration-68da6fd4a83e37d71e72 acquired-configuration-c1b3f322b8a5f9e37506,no sibling has a parent model,,,
configuration:singe,configuration,SINGE,configuration without a parent model,review,,acquired-configuration-94dcfa51d4dc9477329e acquired-configuration-fbf9f515b855eb571bfc,no sibling has a parent model,,,
configuration:starfusion,configuration,STAR-Fusion,configuration without a parent model,review,,amp-oncology-rna-20261007-issue-11-config-star-fusion amp-oncology-rna-20261007-nch-config-star-fusion,no sibling has a parent model,,,
configuration:vibrant,configuration,VIBRANT,configuration without a parent model,review,,paper-model-b6da8743bb87c7b634 reported-model-27dca28a87cf3c,no sibling has a parent model,,,
configuration:vina,configuration,Vina,configuration without a parent model,review,,acquired-configuration-87313c429ad9c64b2773 reported-model-1e51ccbfd2de61,no sibling has a parent model,,,
dataset:casf2016,dataset,CASF-2016,"same name, no alias link",review,,reported-dataset-17132fbabd7683 reported-dataset-f18fcc23dfa798,reported-dataset-17132fbabd7683: version unstated; reported-dataset-f18fcc23dfa798: version unstated,,,
dataset:massspecgymformula,dataset,MassSpecGym · formula,"same name, no alias link",review,,paper-dataset-3f9a5b3d0316153887 paper-dataset-712fb45862f6d8614f paper-dataset-e3dee7ae24615eecfb,paper-dataset-3f9a5b3d0316153887: version unstated; paper-dataset-712fb45862f6d8614f: version unstated; paper-dataset-e3dee7ae24615eecfb: version unstated,,,
dataset:massspecgymmain,dataset,MassSpecGym · main,"same name, no alias link",review,,paper-dataset-43f783b5d7a7151aa9 paper-dataset-537c7d5a2018d12af3 paper-dataset-c25f9f3bb2961b23d5,paper-dataset-43f783b5d7a7151aa9: version unstated; paper-dataset-537c7d5a2018d12af3: version unstated; paper-dataset-c25f9f3bb2961b23d5: version unstated,,,
method:autodockvina,method,AutoDock Vina,"same name, no alias link",review,,catalog-model-vina discovery-model-autodock-vina,catalog-model-vina: version 1.2.7; discovery-model-autodock-vina: version unstated,,,
method:cnn,method,CNN,"same name, no alias link",review,,beacon-model-cnn bend-method-cnn flip-method-cnn tdc-method-cnn,beacon-model-cnn: version unstated; bend-method-cnn: version unstated; flip-method-cnn: version unstated; tdc-method-cnn: version unstated,,,
method:kraken2,method,Kraken2,"same name, no alias link",review,,catalog-model-kraken2 discovery-model-kraken-2,catalog-model-kraken2: version current database pinned at run time; discovery-model-kraken-2: version unstated,,,
method:metaphlan,method,MetaPhlAn,"same name, no alias link",review,,catalog-model-metaphlan discovery-model-metaphlan,catalog-model-metaphlan: version current marker database pinned at run time; discovery-model-metaphlan: version unstated,,,
model:esm2,model,ESM-2,"same name, no alias link",review,,catalog-model-esm-2 discovery-model-esm-2,catalog-model-esm-2: version 8M; discovery-model-esm-2: version unstated,,,
model:esmfold,model,ESMFold,"same name, no alias link",review,,catalog-model-esmfold discovery-model-esmfold,catalog-model-esmfold: version v1; discovery-model-esmfold: version unstated,,,
model:evo2,model,Evo 2,"same name, no alias link",review,,catalog-model-evo-2 discovery-model-evo-2,catalog-model-evo-2: version 7B; discovery-model-evo-2: version unstated,,,
model:proteinmpnn,model,ProteinMPNN,"same name, no alias link",review,,catalog-model-proteinmpnn discovery-model-proteinmpnn,catalog-model-proteinmpnn: version v_48_020; discovery-model-proteinmpnn: version unstated,,,
pipeline:dnabert2,pipeline,DNABERT-2,configuration without a parent model,review,,metagene-gene-mteb-method-dnabert-2 mimic-2026-mrnabench-method-dnabert2 mrnabench-variants-2025-method-dnabert2 paper-model-369c31a2f0b608a34a,no sibling has a parent model,,,
pipeline:dnaberts,pipeline,DNABERT-S,configuration without a parent model,review,,metagene-gene-mteb-method-dnabert-s mimic-2026-mrnabench-method-dnabert-s mrnabench-variants-2025-method-dnabert-s,no sibling has a parent model,,,
pipeline:ernierna,pipeline,ERNIE-RNA,configuration without a parent model,review,,mimic-2026-mrnabench-method-ernie-rna mrnabench-variants-2025-method-ernierna,no sibling has a parent model,,,
pipeline:nt25b1000g,pipeline,NT-2.5b-1000g,configuration without a parent model,review,,metagene-gene-mteb-method-nt-2-5b-1000g mrnabench-variants-2025-method-nt-2-5b-1000g,no sibling has a parent model,,,
pipeline:ntv2,pipeline,NT-v2,configuration without a parent model,review,,mimic-2026-mrnabench-method-nt-v2 paper-model-984c6b7cbb3e92f1d0,no sibling has a parent model,,,
pipeline:rinalmo,pipeline,RiNALMo,configuration without a parent model,review,,mimic-2026-mrnabench-method-rinalmo mrnabench-variants-2025-method-rinalmo,no sibling has a parent model,,,
source:2omelmpredicting2omethylationsitesinhumanrnausingapretrainedrnalanguagemodel,source,2OMe-LM: predicting 2′-O-methylation sites in human RNA using a pre-trained RNA language model,same artifact hash,alias_of,2ome-lm-2025,2ome-lm-2025 evidence-expansion-2ome-lm-2025-54fe4db6,artifact_sha256 54fe4db6f35c03d0d4f3ef4da720eb26a832199372c56d0956609ff07af750ee,,,
source:acomparativestudyofdeeplearningandclassicalmodelingapproachesforproteinligandbindingposeandaffinitypredictionincoronavirusmainproteases,source,A Comparative Study of Deep Learning and Classical Modeling Approaches for Protein–Ligand Binding Pose and Affinity Prediction in Coronavirus Main Proteases,same artifact hash,alias_of,mpro-pose-affinity-2025,evidence-expansion-mpro-pose-affinity-2025-c356a1c6 mpro-pose-affinity-2025,artifact_sha256 c356a1c65a0033e5ae18a05d4afab5495856c5b6869328ff49e13547a4801a57,,,
source:adargptacontinuallyfinetunedlanguagemodelforpredictingatoirnaeditingsites,source,ADAR-GPT: A continually fine-tuned language model for predicting A-to-I RNA editing sites,same artifact hash,alias_of,adar-gpt-editing-2026,adar-gpt-editing-2026 expansion-p3-adar-gpt-editing-2026,artifact_sha256 cc8c7eb928f246f1f347a8822f614cd3475381c35eef6d579032ce441580198e,,,
source:adeeplearningmodelfordnaenhancerpredictionbasedonnucleotidepositionawarefeatureencoding,source,A deep learning model for DNA enhancer prediction based on nucleotide position aware feature encoding,same artifact hash,alias_of,enhancer-position-encoding-2024,enhancer-position-encoding-2024 expansion-p3-enhancer-position-encoding-2024,artifact_sha256 0183b6a111b1b02344cad35a571a1fd2c56257e406c5be1df69f7902c5d06749,,,
source:advancingmetagenomicclassificationwithnabasanovelalignmentbasedapproach,source,Advancing metagenomic classification with NABAS+: a novel alignment-based approach,same artifact hash,alias_of,nabas-plus-2025,evidence-expansion-p2-nabas-plus-2025-49903e751beb nabas-plus-2025,artifact_sha256 49903e751beb86f6744825d2fdb3ea2fbe327b52b1ce68c323bfa8b66dae71ec,,,
source:advancingtheaccuracyofclathrinproteinpredictionthroughmultisourceproteinlanguagemodels,source,Advancing the accuracy of clathrin protein prediction through multi-source protein language models,same artifact hash,alias_of,clathrin-plm-2025,clathrin-plm-2025 part2-clathrin-plm-2025,artifact_sha256 2edc86b25707c1b737d26117093ce8d856e79cc5d0b335f27c1c341f887f1c7e,,,
source:akscoreaccurateproteinligandbindingaffinitypredictionusinganensembleof3dconvolutionalneuralnetworks,source,AK-Score: Accurate Protein-Ligand Binding Affinity Prediction Using an Ensemble of 3D-Convolutional Neural Networks,same artifact hash,alias_of,akscore-2020,akscore-2020 evidence-expansion-akscore-2020-40cfd28d,artifact_sha256 40cfd28dcd587599768ec99a6590ec593486475ff01c7b1d1f229b44aa91bf8d,,,
source:aphylogeneticapproachtogenomiclanguagemodeling,source,A Phylogenetic Approach to Genomic Language Modeling,same artifact hash,alias_of,phylogpn-2025,evidence-expansion-p2-phylogpn-2025-807f3a26cbfa phylogpn-2025,artifact_sha256 807f3a26cbfa9b5ce238d92164bd523302c67d1c5794b08273c51cca1acd4224,,,
source:arcinstituteevo2license,source,ArcInstitute/evo2: LICENSE,same artifact hash,alias_of,evidence-reported-base-evo2-license,evidence-official-67ee1cc31060ba8c9569 evidence-reported-base-evo2-license,artifact_sha256 5bb5812fc2bfb2d777fe5621767172f8ef30be62ad719c87e0f10832336a99e0,,,
source:arcinstituteevo2readmemd,source,ArcInstitute/evo2: README.md,same artifact hash,alias_of,evidence-reported-base-evo2-readme-md,evidence-official-a248990b44d481814f47 evidence-reported-base-evo2-readme-md,artifact_sha256 58787c8ef5cb4fba4c04322a4ceb9f174e2233ec22d4193622fb6bc67d651d89,,,
source:auprcametricforevaluatingtheperformanceofinsilicoperturbationmethodsinidentifyingdifferentiallyexpressedgenes,source,AUPRC: a metric for evaluating the performance of in-silico perturbation methods in identifying differentially expressed genes,same artifact hash,alias_of,insilico-perturbation-auprc-2025,expansion-p3-insilico-perturbation-auprc-2025 insilico-perturbation-auprc-2025,artifact_sha256 2715709d94f84744afa32cafdcaa72efd206d63af8c60afe7619b2cb90108b6b,,,
source:barcodeberttransformersforbiodiversityanalyses,source,BarcodeBERT: transformers for biodiversity analyses,same artifact hash,alias_of,barcodebert-2026,barcodebert-2026 expansion-p3-barcodebert-2026,artifact_sha256 493f9fe70b483780ba76d51ccf217d3ca83539c82b89917fd3ccebe2b6eb831d,,,
source:beeline101038s4159201906906sourcedatapublished2020,source,BEELINE: 10.1038/s41592-019-0690-6 source data published 2020,"same title, different URL",review,,acquired-source-0f6c059ffdc338b70a5c acquired-source-31344fb7e5e8ae6b9666 acquired-source-3156602fda847ae943b4,"3 hashes, 3 URLs",,,
source:benchmarkingdnafoundationmodelsforgenomicandgenetictasks,source,Benchmarking DNA foundation models for genomic and genetic tasks,same artifact hash,alias_of,dna-foundation-models-2025,dna-foundation-models-2025 evidence-expansion-dna-foundation-models-2025-5d8ca9bc,artifact_sha256 5d8ca9bcf88cc1b38ad667906a2e4699b1aefa6d31c6f49259784930353f3202,,,
source:benchmarkingdnalargelanguagemodelsonquadruplexes,source,Benchmarking DNA large language models on quadruplexes,same artifact hash,alias_of,quadruplex-llm-benchmark-2025,evidence-expansion-p2-quadruplex-llm-benchmark-2025-c3d7c6d068d3 quadruplex-llm-benchmark-2025,artifact_sha256 c3d7c6d068d3c11a9c8255a932197ece3804d94e8b2d4f858bea373a1b6eb32f,,,
source:benchmarkinggenomicfoundationmodelsforbinaryclassificationofgenefusionbreakpointsfromdnasequences,source,Benchmarking genomic foundation models for binary classification of gene fusion breakpoints from DNA sequences,same artifact hash,alias_of,fusion-breakpoint-foundation-models-2026,expansion-p3-fusion-breakpoint-foundation-models-2026 fusion-breakpoint-foundation-models-2026,artifact_sha256 0f4d9de77f1e39cfd2164a20653d86370767da684dc22d17e09f589761abeb5f,,,
source:biobakerymetaphlanlicensetxt,source,biobakery/MetaPhlAn: license.txt,same artifact hash,alias_of,evidence-official-1a0775cac85be75449ef,evidence-official-1a0775cac85be75449ef evidence-reported-base-metaphlan-license-txt,artifact_sha256 ecf18c2928e49997ba1f098f0f0da0958d257d69fffb48875162dbd24f3d7762,,,
source:biobakerymetaphlanreadmemd,source,biobakery/MetaPhlAn: README.md,same artifact hash,alias_of,evidence-official-72fdaed158e4ff851fbe,evidence-official-72fdaed158e4ff851fbe evidence-reported-base-metaphlan-readme-md,artifact_sha256 ce491bb2d686145e0773c685d0d02e8a5fabc7daaea60eef07cf54298561fba7,,,
source:birnabertallowsefficientrnalanguagemodelingwithadaptivetokenization,source,BiRNA-BERT allows efficient RNA language modeling with adaptive tokenization,same artifact hash,alias_of,birna-bert-2025,birna-bert-2025 expansion-p3-birna-bert-2025,artifact_sha256 bf7dbc52b6515301c77010c513f13e676c38395ddc82c20310171f518690c152,,,
source:boltz1democratizingbiomolecularinteractionmodeling,source,Boltz-1 Democratizing Biomolecular Interaction Modeling,same artifact hash,alias_of,boltz1-2025,boltz1-2025 evidence-expansion-p2-boltz1-2025-1ebf712314d9,artifact_sha256 1ebf712314d9a1c678ded989cc95a0c00c0331e5ad8c9f63194bc9780971d214,,,
source:bowanglabscgptlicense,source,bowang-lab/scGPT: LICENSE,same artifact hash,alias_of,evidence-reported-base-scgpt-license,evidence-official-43484d4de29aacd65ed7 evidence-reported-base-scgpt-license,artifact_sha256 1ceeacbed51e2890187425547bc2efd16c1b7ad45189b7dfb21e83a45a2e9d9e,,,
source:bowanglabscgptreadmemd,source,bowang-lab/scGPT: README.md,same artifact hash,alias_of,evidence-official-0e4dac85aa0e0ff1d4b2,evidence-official-0e4dac85aa0e0ff1d4b2 evidence-reported-base-scgpt-readme-md,artifact_sha256 b0503e8ca789f19f1fc2350c5aaf57b1b323bbae43b354655231b5f4a1586c83,,,
source:cafafigshare8135393v3file17519846,source,"CAFA: Figshare 8135393 v3, file 17519846","same URL, different bytes",review,,acquired-source-7470044466b466152cf1 acquired-source-8594fdd08941d9338591 acquired-source-8729ad22565c7a738b41,"3 hashes, 1 URLs",,,
source:camiofficialsource,source,cami official source,same artifact hash,alias_of,src-discovery-cami,evidence-benchmark-cami-snapshot src-discovery-cami,artifact_sha256 17825bf33280f40b596a104c547b57fae5ee5c07f8d60b396d0f4780d47ef9a5,,,
source:capriofficialsource,source,capri official source,same artifact hash,alias_of,src-discovery-capri,evidence-benchmark-capri-snapshot src-discovery-capri,artifact_sha256 5e22606895cf0c30565ed4456bc680ca97c10c8c5d38054f82a6e4677c8d8c24,,,
source:caspofficialsource,source,casp official source,same artifact hash,alias_of,src-discovery-casp,evidence-benchmark-casp-snapshot src-discovery-casp,artifact_sha256 de391b68636462ddb78d0659d8784128909d23e9c015832cca94d883f404a3f7,,,
source:cathe2enhancedcathsuperfamilydetectionusingprostt5andstructuralalphabets,source,CATHe2: Enhanced CATH superfamily detection using ProstT5 and structural alphabets,same artifact hash,alias_of,cathe2-2025,cathe2-2025 evidence-expansion-cathe2-2025-713dbfb6,artifact_sha256 713dbfb6ec1cc1aa85c0543eb93aafa0b45b8873df28053b765dd0a1b6d9b563,,,
source:ccsbscrippsautodockvinalicense,source,ccsb-scripps/AutoDock-Vina: LICENSE,same artifact hash,alias_of,evidence-reported-base-vina-license,evidence-official-640665f30e62eed9319b evidence-reported-base-vina-license,artifact_sha256 cfc7749b96f63bd31c3c42b5c471bf756814053e847c10f3eb003417bc523d30,,,
source:ccsbscrippsautodockvinareadmemd,source,ccsb-scripps/AutoDock-Vina: README.md,same artifact hash,alias_of,evidence-reported-base-vina-readme-md,evidence-official-23e72f7e93a0a633ab2b evidence-reported-base-vina-readme-md,artifact_sha256 4f1728521ab79de1c33e1cf8605b31037effed5de2a2fbbccba58d7b0a005ae7,,,
source:cell2sentenceteachinglargelanguagemodelsthelanguageofbiology,source,Cell2Sentence: Teaching Large Language Models the Language of Biology,same artifact hash,alias_of,cell2sentence-2024,cell2sentence-2024 expansion-p3-cell2sentence-2024,artifact_sha256 e088727d6e04857fccb7033a9b074e1850f775e86e7d2e99e603dde09558ab02,,,
source:celldinoselfsupervisedimagebasedembeddingsforcellfluorescentmicroscopy,source,Cell-DINO: Self-supervised image-based embeddings for cell fluorescent microscopy,same artifact hash,alias_of,cell-dino-2025,cell-dino-2025 expansion-p3-cell-dino-2025,artifact_sha256 12a53a78c70b3033c3351cf7afd4da42ebc98bb3281308f07e71e5baffc153a0,,,
source:celltypeannotationforscatacseqviadnalargelanguagemodelandgraphdomainadaptation,source,Cell type annotation for scATAC-seq via DNA large language model and graph domain adaptation,same artifact hash,alias_of,scatac-llmda-2026,expansion-p3-scatac-llmda-2026 scatac-llmda-2026,artifact_sha256 f1cdc7d54c6b2d491e4a74a44a1188a3679c555262c988e95a1c0de4614fe3cb,,,
source:cobracompoundbindingsitepredictionusingrnalanguagemodel,source,CoBRA: compound binding site prediction using RNA language model,same artifact hash,alias_of,cobra-rna-binding-2026,cobra-rna-binding-2026 expansion-p3-cobra-rna-binding-2026,artifact_sha256 8c6a6f00f5fa5f62acf301a66e9e6fa9ef11c7a05ad9b7447d2ade2ce8eba793,,,
source:codonbertlargelanguagemodelformrnavaccines,source,CodonBERT large language model for mRNA vaccines,same artifact hash,alias_of,codonbert-vaccines-2024,codonbert-vaccines-2024 evidence-expansion-codonbert-vaccines-2024-29680737,artifact_sha256 2968073753e6d44feff9c08b131edf23145e95b171434539dddf77bb92847033,,,
source:computationalunderstandingofnoncodingrnapairwiseinteractions,source,Computational understanding of non-coding RNA pairwise interactions,same artifact hash,alias_of,cupid-rna-interactions-2026,cupid-rna-interactions-2026 expansion-p3-cupid-rna-interactions-2026,artifact_sha256 0e6719410b390ee9c4858bb9321042851100fb74df3aa109bf2af2b8aaff7ac1,,,
source:conformationawarestructurepredictionofantigenrecognizingimmuneproteins,source,Conformation-aware structure prediction of antigen-recognizing immune proteins,same artifact hash,alias_of,ibex-2025,evidence-expansion-p2-ibex-2025-caa1109bd5fe ibex-2025,artifact_sha256 caa1109bd5fe7f6be703aa9d4afd6f4f1522bcbce6b7361650eb59618c2a9e14,,,
source:dartevalacomprehensivednalanguagemodelevaluationbenchmarkonregulatorydna,source,DART-Eval: A Comprehensive DNA Language Model Evaluation Benchmark on Regulatory DNA,"same title, different URL",review,,dart-eval-regulatory-2024 evidence-expansion-dart-eval-regulatory-2024-e5aee5b1 evidence-expansion-p2-evidence-discovery-final-dart-4194b137ba55,"2 hashes, 2 URLs",,,
source:dauparasproteinmpnnlicense,source,dauparas/ProteinMPNN: LICENSE,same artifact hash,alias_of,evidence-official-eebe7c91156963e6ddc0,evidence-official-eebe7c91156963e6ddc0 evidence-reported-base-proteinmpnn-license,artifact_sha256 82009d25ce585631f452b2b24589bdb29c559ccfefa2f200ef312ed5b501a586,,,
source:dauparasproteinmpnnreadmemd,source,dauparas/ProteinMPNN: README.md,same artifact hash,alias_of,evidence-official-ea568a52ea3ab476db6a,evidence-official-ea568a52ea3ab476db6a evidence-reported-base-proteinmpnn-readme-md,artifact_sha256 772ebe52d2ba5100a28a888910c6f0c9fd4ded1d1372e3d89f6f1c48707e0365,,,
source:debfoldcomputationalidentificationofrnasecondarystructuresforsequencesacrossstructuralfamiliesusingdeeplearning,source,DEBFold: Computational Identification of RNA Secondary Structures for Sequences across Structural Families Using Deep Learning,same artifact hash,alias_of,debfold-2024,debfold-2024 evidence-expansion-p2-debfold-2024-e8f960eafb7f,artifact_sha256 e8f960eafb7f00edfdd81d4fb75c6de838e9b872b7e18875fc7a5bff2a2f72b3,,,
source:deeligadeeplearningapproachtopredictproteinligandbindingaffinity,source,DEELIG: A Deep Learning Approach to Predict Protein-Ligand Binding Affinity,same artifact hash,alias_of,deelig-2021,deelig-2021 evidence-expansion-p2-deelig-2021-5a7620c18d06,artifact_sha256 5a7620c18d0622561004e1e25b5cfaf7399e93df3547eeefdd4cf6d300bb8aba,,,
source:deepgeneralizablepredictionofrnasecondarystructureviabasepairmotifenergy,source,Deep generalizable prediction of RNA secondary structure via base pair motif energy,same artifact hash,alias_of,bpfold-2025,bpfold-2025 evidence-expansion-bpfold-2025-976218bd,artifact_sha256 976218bd172998a1a6e7ed1609ecb8cb2ee380fb48a8dc7b25bc05ea8b0a49af,,,
source:deepinterawaredeepinteractioninterfaceawarenetworkforimprovingantigenantibodyinteractionpredictionfromsequencedata,source,DeepInterAware: Deep Interaction Interface‐Aware Network for Improving Antigen‐Antibody Interaction Prediction from Sequence Data,same artifact hash,alias_of,deepinteraware-2025,deepinteraware-2025 expansion-p3-deepinteraware-2025,artifact_sha256 25d3561934965f754d8712ec02b2052e9a3979e433b88ecebd5db14e930f17a1,,,
source:derrickwoodkraken2license,source,DerrickWood/kraken2: LICENSE,same artifact hash,alias_of,evidence-official-bf1a5e03cd84873f4b04,evidence-official-bf1a5e03cd84873f4b04 evidence-reported-base-kraken2-license,artifact_sha256 ef3803fed10bf0eae6919db5e12204af4460e73234953373b22bc6de04ed840a,,,
source:derrickwoodkraken2readmemd,source,DerrickWood/kraken2: README.md,same artifact hash,alias_of,evidence-official-40f46dc4b9fcc306773b,evidence-official-40f46dc4b9fcc306773b evidence-reported-base-kraken2-readme-md,artifact_sha256 2ea33af266b4268a55fd750d0f3265cd3165d61f6be375c5ea3b3ff5c58c7c8c,,,
source:detireahybriddeeplearningmodelforidentifyingviralsequencesfrommetagenomes,source,DETIRE: a hybrid deep learning model for identifying viral sequences from metagenomes,same artifact hash,alias_of,detire-viral-metagenomes-2023,detire-viral-metagenomes-2023 evidence-expansion-detire-viral-metagenomes-2023-9ff7d327,artifact_sha256 9ff7d32758620f7b0b0628425f62abff103ca2e33269ce3763383584bcebfc3c,,,
source:dnalongbenchabenchmarksuiteforlongrangednapredictiontasks,source,DNALongBench: A Benchmark Suite for Long-Range DNA Prediction Tasks,same artifact hash,alias_of,dnalongbench-2025,dnalongbench-2025 evidence-expansion-dnalongbench-2025-fa440a17,artifact_sha256 fa440a17cecf16a5d872d50a30910f7591b5f6f78e10a944c6bda5ea8d7e32dd,,,
source:edenmultiscaleexpecteddensityofnucleotideencodingforenhanceddnasequenceclassificationwithhybriddeeplearning,source,EDEN: multiscale expected density of nucleotide encoding for enhanced DNA sequence classification with hybrid deep learning,same artifact hash,alias_of,eden-genomic-classification-2026,eden-genomic-classification-2026 evidence-expansion-eden-genomic-classification-2026-38a6e26b,artifact_sha256 38a6e26b3caffe8e021a2b0b672218e783aca9ee42046765e323946813015e65,,,
source:endowingproteinlanguagemodelswithstructuralknowledge,source,Endowing protein language models with structural knowledge,same artifact hash,alias_of,pst-2025,evidence-expansion-p2-pst-2025-c21ad593de58 pst-2025,artifact_sha256 c21ad593de589a7188ca86a8b7ce617e301d48dd939ecc7da03efb22cbe8d7a3,,,
source:enhancedpredictionofproteinfunctionalidentitythroughtheintegrationofsequenceandstructuralfeatures,source,Enhanced prediction of protein functional identity through the integration of sequence and structural features,same artifact hash,alias_of,fujisan-2024,fujisan-2024 part2-fujisan-2024,artifact_sha256 db33e0542005ffae00cd644dfe697185b94c8823d5aee2768620a6db0c48e56f,,,
source:enhancingantibodyantigeninteractionpredictionwithatomicflexibility,source,Enhancing antibody-antigen interaction prediction with atomic flexibility,same artifact hash,alias_of,antibody-flexibility-2025,antibody-flexibility-2025 expansion-p3-antibody-flexibility-2025,artifact_sha256 57e64694c69052ed0495570e12ebfb4bb6c0ad152219f23827cd4b1cb53450ef,,,
source:enhancingpathogenidentificationthroughaiassistedmetagenomicsequencing,source,Enhancing pathogen identification through AI-assisted metagenomic sequencing,same artifact hash,alias_of,metagenomic-pathogens-2025,expansion-p3-metagenomic-pathogens-2025 metagenomic-pathogens-2025,artifact_sha256 aa88de1b0f0fd7ba1fedc1074bba9ba6ce199a0b723072a04d531db4585ae77c,,,
source:enhancingvaxigndlforvaccinecandidatepredictionwithaddedesmgeneratedfeatures,source,Enhancing Vaxign-DL for Vaccine Candidate Prediction with added ESM-Generated Features,same artifact hash,alias_of,vaxign-esm-2024,part2-vaxign-esm-2024 vaxign-esm-2024,artifact_sha256 b76fff917addd0e9ff8a2fc843496132ecf832d3ceef248e3edf2dbc78baab5f,,,
source:ensembledockingforintrinsicallydisorderedproteins,source,Ensemble docking for intrinsically disordered proteins,same artifact hash,alias_of,ensemble-idp-docking-2025,ensemble-idp-docking-2025 expansion-p3-ensemble-idp-docking-2025,artifact_sha256 d02d91cdde41cb76ec5c86b532dffc564879c69e764a8c6b7752460fbbfd24b7,,,
source:erniernaanrnalanguagemodelwithstructureenhancedrepresentations,source,ERNIE-RNA: an RNA language model with structure-enhanced representations,same artifact hash,alias_of,ernie-rna-2025,ernie-rna-2025 evidence-expansion-ernie-rna-2025-0bd1d4b3,artifact_sha256 0bd1d4b3cbf5d59d452cec4864614947861efcee050ba07e7de395cd90630047,,,
source:esm2ampaninterpretableframeworkforproteinproteininteractionspredictionandbiologicalmechanismdiscovery,source,ESM2_AMP: an interpretable framework for protein–protein interactions prediction and biological mechanism discovery,same artifact hash,alias_of,esm2-amp-2025,esm2-amp-2025 part2-esm2-amp-2025,artifact_sha256 8e7ad6efb72ca28d73037cdf465b0e62f99cd6d0ee4ca9eaf96a4c48da22fd6c,,,
source:facebookresearchesmlicense,source,facebookresearch/esm: LICENSE,same artifact hash,alias_of,evidence-reported-base-esm-license,evidence-official-2e7c7649620407f50f6b evidence-reported-base-esm-license,artifact_sha256 da6d3703ed11cbe42bd212c725957c98da23cbff1998c05fa4b3d976d1a58e93,,,
source:facebookresearchesmreadmemd,source,facebookresearch/esm: README.md,same artifact hash,alias_of,evidence-reported-base-esm-readme-md,evidence-official-29d4b229a3aa426a6dfb evidence-reported-base-esm-readme-md,artifact_sha256 8b273c21a322fc9473d1b68d0dd40c8166ab2f89e4a190aa26ca87251b97cba9,,,
source:flip2officialsource,source,flip2 official source,same artifact hash,alias_of,src-discovery-flip2,evidence-benchmark-flip2-snapshot src-discovery-flip2,artifact_sha256 cd991ae6e76a5e84ea5449f91c4ed86ba4f57942682dc3c50d872c366bbbd4b7,,,
source:flipprimarybenchmarkevidence,source,flip primary benchmark evidence,same artifact hash,alias_of,expansion-p3-flip,evidence-discovery-final-flip expansion-p3-flip,artifact_sha256 afcf360c88a7a4ae153b3c2d8d4fa6d4ac0abe84f2131b94409abff6447ce363,,,
source:gcorsodiffdocklicense,source,gcorso/DiffDock: LICENSE,same artifact hash,alias_of,evidence-official-af60e327735834e48fd7,evidence-official-af60e327735834e48fd7 evidence-reported-base-diffdock-license,artifact_sha256 8efe3b8dac5c278ba290a66887e46261056f71dec75c2815c7da75451856cf1f,,,
source:gcorsodiffdockreadmemd,source,gcorso/DiffDock: README.md,same artifact hash,alias_of,evidence-official-fa7a6c37148223466dee,evidence-official-fa7a6c37148223466dee evidence-reported-base-diffdock-readme-md,artifact_sha256 6f63088d85b5f05d58416ede319387c1b7f3661b27741a36314ada861f2056de,,,
source:geneptasimplebuteffectivefoundationmodelforgenesandcellsbuiltfromchatgpt,source,GenePT: A Simple But Effective Foundation Model for Genes and Cells Built From ChatGPT,same artifact hash,alias_of,genept-2024,evidence-expansion-genept-2024-230a2ec5 genept-2024,artifact_sha256 230a2ec55458d9243eaeeebf3244df7409eb02d47f4b809ee56a06dcb6fdd047,,,
source:generalizabledeeplearningbasedmrnaproteininteractionpredictionstronglydependsonproteindiversity,source,Generalizable deep-learning-based mRNA-protein interaction prediction strongly depends on protein diversity,same artifact hash,alias_of,mrna-protein-diversity-2026,evidence-expansion-mrna-protein-diversity-2026-94f9fe22 mrna-protein-diversity-2026,artifact_sha256 94f9fe22a5f0e6c8619e4af994eb4f6ded7417efcf0c1240380269280f97f9d1,,,
source:genomeoceananefficientgenomefoundationmodeltrainedonlargescalemetagenomicassemblies,source,GenomeOcean: An Efficient Genome Foundation Model Trained on Large-Scale Metagenomic Assemblies,same artifact hash,alias_of,genomeocean-2025,genomeocean-2025 part2-genomeocean-2025,artifact_sha256 3cc0df52522fccda23e3958f069c916b87ee50bb5c9a992fa37e25256546e145,,,
source:gremlnacellulargraphstructureawaretranscriptomicsfoundationmodel,source,GREmLN: A Cellular Graph Structure Aware Transcriptomics Foundation Model,same artifact hash,alias_of,gremln-2026,evidence-expansion-gremln-2026-3a20c4ed gremln-2026,artifact_sha256 3a20c4ededb749fc3f1120baf16dcfebe3fcb30418a91c445cfd91a7b5fdf553,,,
source:hienhanceratwostageframeworkforpredictionandlocalizationofenhancersbasedonblendingkanandstackingautomodels,source,Hi-Enhancer: a two-stage framework for prediction and localization of enhancers based on Blending-KAN and Stacking-Auto models,same artifact hash,alias_of,hi-enhancer-2025,expansion-p3-hi-enhancer-2025 hi-enhancer-2025,artifact_sha256 c86488c9f60329b7a3c4370598e7a0a9e4c8c45d1758b87007bfc8242376b009,,,
source:icctaxahierarchicaltaxonomicclassifierformetagenomicsequencesonalargelanguagemodel,source,ICCTax: a hierarchical taxonomic classifier for metagenomic sequences on a large language model,same artifact hash,alias_of,icctax-2025,expansion-p3-icctax-2025 icctax-2025,artifact_sha256 2ce0b48f1cde3aea7e561d92f4d7dc1525af7439ccd16f80bec0773e8812c8ec,,,
source:illuminaspliceailicense,source,illumina/SpliceAI: LICENSE,same artifact hash,alias_of,evidence-official-9a47f0326b33870b3113,evidence-official-9a47f0326b33870b3113 evidence-official-c465f6d4fcc04f9afe4b,artifact_sha256 67a909a0a8f8f7f45152207b6bcf9c78dd8a4dd3c8eef5bd11cd80a72e15344e,,,
source:illuminaspliceaireadmemd,source,Illumina/SpliceAI: README.md,same artifact hash,alias_of,evidence-official-864a2c5ea6e61aa310f9,evidence-official-864a2c5ea6e61aa310f9 evidence-official-9b820532ba8e3965f64e,artifact_sha256 8e5203afe343100832391e6155c7112f15cfe60bf0c21681d64e3420f854ef4d,,,
source:improvedpredictionofligandproteinbindingaffinitiesbymetamodeling,source,Improved Prediction of Ligand–Protein Binding Affinities by Meta-modeling,same artifact hash,alias_of,ligand-affinity-meta-model-2024,evidence-expansion-ligand-affinity-meta-model-2024-0be25fe7 ligand-affinity-meta-model-2024,artifact_sha256 0be25fe75bc0b2eb8065136555763bbae5964ea3a8fdb8c5de79ff96445f6a29,,,
source:improvingstereochemicallimitationsinproteinligandcomplexstructureprediction,source,Improving Stereochemical Limitations in Protein–Ligand Complex Structure Prediction,same artifact hash,alias_of,boltz-stereochemistry-2025,boltz-stereochemistry-2025 evidence-expansion-boltz-stereochemistry-2025-78a77b9a,artifact_sha256 78a77b9a0ab8bfa371f5b9baef3f443f4590d6e71cf864d67e90e9ebdfa7fc1b,,,
source:inflammationlinkedagingsignalsinfrozensinglecellfoundationmodelsdonorawaredetectionandrobustnesstesting,source,Inflammation-linked aging signals in frozen single-cell foundation models: donor-aware detection and robustness testing,same artifact hash,alias_of,single-cell-aging-probes-2026,evidence-expansion-p2-single-cell-aging-probes-2026-d6cfb13933ce single-cell-aging-probes-2026,artifact_sha256 d6cfb13933ceefed630954f804e7dc979b747bc4aec4c8c5518232f25772736a,,,
source:integratingproteinanddnaembeddingsforimprovinggenomewidetranscriptionfactorbindingsiteprediction,source,Integrating protein and DNA embeddings for improving genome-wide transcription factor binding site prediction,same artifact hash,alias_of,transbind-2026,part2-transbind-2026 transbind-2026,artifact_sha256 5d777f5925e941b7d087035d5d87e79ef75ae8d6456a770ffe8c527da566fee0,,,
source:iprompabertbasedmodeltopredictmultipleprokaryoticpromoters,source,iPro-MP: a BERT-based model to predict multiple prokaryotic promoters,same artifact hash,alias_of,ipromp-2025,expansion-p3-ipromp-2025 ipromp-2025,artifact_sha256 d21541ee1f7a168da8e4a7c0f0e133c970cbe7bc41118f43a929f08b2fd2afd1,,,
source:jwohlwendboltzlicense,source,jwohlwend/boltz: LICENSE,same artifact hash,alias_of,evidence-reported-base-boltz-license,evidence-official-8a985eabfd054f0dec4d evidence-reported-base-boltz-license,artifact_sha256 f0667fd5e66c51e1ba8ddaa0249c6d7225b30037e02c45782d8f2c2943ac2617,,,
source:jwohlwendboltzreadmemd,source,jwohlwend/boltz: README.md,same artifact hash,alias_of,evidence-official-f780521ccebbb0691f9e,evidence-official-f780521ccebbb0691f9e evidence-reported-base-boltz-readme-md,artifact_sha256 79149435313841e6f9cc0c8b581259f3952a2469cbe6f9a733f7143b557025c2,,,
source:kmetashotafastandreliabletaxonomyclassifierformetagenomeassembledgenomes,source,kMetaShot: a fast and reliable taxonomy classifier for metagenome-assembled genomes,same artifact hash,alias_of,kmetashot-2025,expansion-p3-kmetashot-2025 kmetashot-2025,artifact_sha256 4584e93ea035c1170b8756a0a52cbe99fe72e70bd09b5f1dee639ee104f78247,,,
source:lambdaaprophagedetectionbenchmarkforgenomiclanguagemodels,source,LAMBDA: A Prophage Detection Benchmark for Genomic Language Models,same artifact hash,alias_of,lambda-prophage-2026,lambda-prophage-2026 part2-lambda-prophage-2026,artifact_sha256 22c2e218e87dce757907f6086a0e2ad37c13f785b34fff5bea7cfa1a6c276b16,,,
source:learningtheproteinlanguageofproteomewideproteinproteinbindingsitesviaexplainableensembledeeplearning,source,Learning the protein language of proteome-wide protein-protein binding sites via explainable ensemble deep learning,same artifact hash,alias_of,protein-binding-sites-2023,evidence-expansion-protein-binding-sites-2023-491711aa protein-binding-sites-2023,artifact_sha256 491711aa7186e74bf33f6d601c4ea6a8f565e770938fe1f91a0cd347b8f06f3f,,,
source:lightweighttaxonomicprofilingoflongreadmetagenomicdatasetswithlemurandmagnet,source,Lightweight taxonomic profiling of long-read metagenomic datasets with Lemur and Magnet,same artifact hash,alias_of,lemur-magnet-2024,lemur-magnet-2024 part2-lemur-magnet-2024,artifact_sha256 4afb9195da447916eb6f733816e3640741c7ade08ea8920d205c3be7b3cce27a,,,
source:machinelearningandknowledgebasedscoringfunctionsincorporatingligandandproteinfingerprints,source,Machine-Learning- and Knowledge-Based Scoring Functions Incorporating Ligand and Protein Fingerprints,same artifact hash,alias_of,fingerprint-scoring-2022,expansion-p3-fingerprint-scoring-2022 fingerprint-scoring-2022,artifact_sha256 47bd60c6392b801095fdb604de06c0d4bda6f555bae58e9955e491a5abf60576,,,
source:magicslabdnabert2license,source,MAGICS-LAB/DNABERT_2: LICENSE,same artifact hash,alias_of,evidence-official-25b222d11900e0e88a51,evidence-official-25b222d11900e0e88a51 evidence-reported-base-dnabert2-license,artifact_sha256 c71d239df91726fc519c6eb72d318ec65820627232b2f796219e87dcf35d0ab4,,,
source:magicslabdnabert2readmemd,source,MAGICS-LAB/DNABERT_2: README.md,same artifact hash,alias_of,run-doc-gue-readme-md-f25bed9e,evidence-official-96b5c3a31a50f7c259d6 evidence-reported-base-dnabert2-readme-md run-doc-gue-readme-md-f25bed9e,artifact_sha256 734a8cec5f667d74d421bf3b273ad7e256216109636da45aa7ceba21cd34de16,,,
source:megsiteanaccuratenucleicacidbindingresiduepredictionmethodbasedonmultimodalproteinlanguagemodel,source,MegSite: an accurate nucleic acid-binding residue prediction method based on multimodal protein language model,same artifact hash,alias_of,megsite-2025,evidence-expansion-p2-megsite-2025-10d131223318 megsite-2025,artifact_sha256 10d13122331813243d83b84fe6f9294eac7e7c03cde082ebed276191ac41089c,,,
source:ml4biornafmlicense,source,ml4bio/RNA-FM: LICENSE,same artifact hash,alias_of,evidence-reported-base-rnafm-license,evidence-official-3fde3df73e79e455bd86 evidence-reported-base-rnafm-license,artifact_sha256 b0809e99b532fdf51660f5a3d2a9010ed09d15aef0d131ad80fe80c2291a4fba,,,
source:ml4biornafmreadmemd,source,ml4bio/RNA-FM: README.md,same artifact hash,alias_of,evidence-official-fd8e332abdf04a75195b,evidence-official-fd8e332abdf04a75195b evidence-reported-base-rnafm-readme-md,artifact_sha256 f9f1c1d62adc471661ca98b30c0250e9f3ce0cff7433830f149f5f48ea41c3da,,,
source:molecularembeddingbasedalgorithmselectioninproteinliganddocking,source,Molecular embedding-based algorithm selection in protein-ligand docking,same artifact hash,alias_of,molas-2026,evidence-expansion-p2-molas-2026-d556d47e0f7b molas-2026,artifact_sha256 d556d47e0f7bbdc37eb62374b85ac9092dc7ff438fbae9e42892ac2cc784023f,,,
source:mousegeneformeradeeplearningmodelformousesinglecelltranscriptomeanditscrossspeciesutility,source,Mouse-Geneformer: A deep learning model for mouse single-cell transcriptome and its cross-species utility,same artifact hash,alias_of,mouse-geneformer-2025,expansion-p3-mouse-geneformer-2025 mouse-geneformer-2025,artifact_sha256 ef6c68f5c9b47c2f89598ddf647f05b72e4155e8b33609ebff23936a84bbd41d,,,
source:mrnabenchacuratedbenchmarkformaturemrnapropertyandfunctionprediction,source,mRNABench: A curated benchmark for mature mRNA property and function prediction,same artifact hash,alias_of,mrnabench-2025,evidence-expansion-p2-mrnabench-2025-79f6264ee883 expansion-p3-mrnabench-2025 mrnabench-2025,artifact_sha256 79f6264ee883535203c63a313547e7c57baa85585f76b42f8d899eb17fb7e600,,,
source:mrnabertadvancingmrnasequencedesignwithauniversallanguagemodelandcomprehensivedataset,source,mRNABERT: advancing mRNA sequence design with a universal language model and comprehensive dataset,same artifact hash,alias_of,mrnabert-2025,evidence-expansion-mrnabert-2025-ff08ba89 mrnabert-2025,artifact_sha256 ff08ba895b7080446c08a930548b48a0041ae990c222ebb07e6ba7dcaf48ad44,,,
source:mrnalmfulllengthintegratedslmformrnaanalysis,source,mRNA-LM: full-length integrated SLM for mRNA analysis,same artifact hash,alias_of,mrna-lm-2025,evidence-expansion-mrna-lm-2025-3a23de3c mrna-lm-2025,artifact_sha256 3a23de3c672ec162d13561c483f180a73b550d717256deffdc9099accec205fd,,,
source:mulanmultimodalproteinlanguagemodelforsequenceandstructureencoding,source,MULAN: multimodal protein language model for sequence and structure encoding,same artifact hash,alias_of,mulan-2025,evidence-expansion-p2-mulan-2025-771a9a26ebda mulan-2025,artifact_sha256 771a9a26ebda6f49ea266540e8dd6e6de0cbaef724de818ca6124a5f9c50d350,,,
source:multimodaldeeplearningappliedtoclassifyhealthyanddiseasestatesofhumanmicrobiome,source,Multimodal deep learning applied to classify healthy and disease states of human microbiome,same artifact hash,alias_of,mdl4microbiome-2022,expansion-p3-mdl4microbiome-2022 mdl4microbiome-2022,artifact_sha256 72330eda245ac97c5de5d47a491bb86d9b8f527a03ae25fa41cae5bfb637143b,,,
source:multimodalgraphsurfaceandlanguagebasedmodelforproteinproteininteractionprediction,source,"Multimodal graph, surface, and language-based model for protein protein interaction prediction",same artifact hash,alias_of,gsmformer-ppi-2026,evidence-expansion-p2-gsmformer-ppi-2026-9b364b5d73d1 gsmformer-ppi-2026,artifact_sha256 9b364b5d73d16f2787f93f78f17dbe98b954ab9c2c64c1df960eec2e615eb3b4,,,
source:nbrgppcuprokbertlicense,source,nbrg-ppcu/prokbert: LICENSE,same artifact hash,alias_of,evidence-official-03106594cde7719aa359,evidence-official-03106594cde7719aa359 evidence-reported-prokbert-2024-license,artifact_sha256 66e17f3a57ace034ab422667c02d75134bb531619d9491f3abc7ea42bb8a6643,,,
source:nbrgppcuprokbertreadmemd,source,nbrg-ppcu/prokbert: README.md,same artifact hash,alias_of,evidence-official-2efbfaba5a1c09f4f7fa,evidence-official-2efbfaba5a1c09f4f7fa evidence-reported-prokbert-2024-readme-md,artifact_sha256 29de39c6ad006ce704ab14240cfd97af93da411fb63ec89ebe499c2646928cfc,,,
source:normalizedcompressiondistancefordnaclassification,source,Normalized compression distance for DNA classification,same artifact hash,alias_of,ncd-metagenomics-2026,expansion-p3-ncd-metagenomics-2026 ncd-metagenomics-2026,artifact_sha256 10e9ba780c45e7787baff9b81ef7b45c014d7fe6c716d6c759e14d89a813dc1c,,,
source:normalizedproteinliganddistancelikelihoodscoreforendtoendblinddockingandvirtualscreening,source,Normalized Protein–Ligand Distance Likelihood Score for End-to-End Blind Docking and Virtual Screening,same artifact hash,alias_of,nmdn-2025,expansion-p3-nmdn-2025 nmdn-2025,artifact_sha256 194b21478aaedd9a7384cabb8b0040ca5b6a4938f4d275627b86a6b787affc20,,,
source:novelngspipelineforvirusdiscoveryfromawidespectrumofhostsandsampletypes,source,Novel NGS pipeline for virus discovery from a wide spectrum of hosts and sample types,same artifact hash,alias_of,lazypipe-2020,evidence-expansion-lazypipe-2020-77842d8e lazypipe-2020,artifact_sha256 77842d8e4f6b419e331ab5a01fdf8f9eb8604f259425d79602be896aad3d0ad1,,,
source:openproblemslabelprimarybenchmarkevidence,source,openproblems-label primary benchmark evidence,same artifact hash,alias_of,expansion-p3-open-problems,evidence-discovery-final-openproblems-label expansion-p3-open-problems,artifact_sha256 e223ab712ff55997a3abe659f280d4ea2952700e767b87e02c434701da9833c1,,,
source:parameterefficientfinetuningenhancesadaptationofsinglecelllargelanguagemodelforcelltypeidentification,source,Parameter-Efficient Fine-Tuning Enhances Adaptation of Single Cell Large Language Model for Cell Type Identification,same artifact hash,alias_of,single-cell-peft-2024,evidence-expansion-single-cell-peft-2024-77a4a859 single-cell-peft-2024,artifact_sha256 77a4a859010259eadf2187465db6ab385efa4927a5eadb95c1e01991044c283f,,,
source:pcmeranultrafastmemoryefficienttoolformetagenomicsprofilingandclassification,source,PC-mer: An Ultra-fast memory-efficient tool for metagenomics profiling and classification,same artifact hash,alias_of,pc-mer-2024,evidence-expansion-p2-pc-mer-2024-0b0a225fa6f5 pc-mer-2024,artifact_sha256 0b0a225fa6f5f3ba41dffc7b320c91f47738301cf45835260eecaa03b704a097,,,
source:pfmbenchprimarybenchmarkevidence,source,pfmbench primary benchmark evidence,same artifact hash,alias_of,expansion-p3-pfmbench,evidence-discovery-final-pfmbench expansion-p3-pfmbench,artifact_sha256 59c7bbb888e8e91f33c1e2cabfde062c32381d6ca727d23b6655c977aabf97a2,,,
source:plantcad2alongcontextdnalanguagemodelforcrossspeciesfunctionalannotationinangiosperms,source,PlantCAD2: A Long-Context DNA Language Model for Cross-Species Functional Annotation in Angiosperms,same artifact hash,alias_of,plantcad2-2025,expansion-p3-plantcad2-2025 plantcad2-2025,artifact_sha256 4891955edb33af61e36dad51110574aa242e77c2df36429f100ff5a54bd8bd4b,,,
source:polyaglmacomprehensiveframeworkfordenovopolyadenylationsitepredictionusinggenomelanguagemodels,source,PolyA-GLM: A comprehensive framework for De novo polyadenylation site prediction using genome language models,same artifact hash,alias_of,polya-glm-2025,evidence-expansion-p2-polya-glm-2025-e9ebd53d8883 polya-glm-2025,artifact_sha256 e9ebd53d88837ad8d457881ffee918d2734dcae87d3c5cd03135947b6cf5dbde,,,
source:polymathicaimimicreadmemd,source,polymathic-ai/MIMIC: README.md,"same title, different URL",review,,evidence-official-af8da643e933eae36a68 evidence-official-c14c0e6a0fdbe1479658,"2 hashes, 2 URLs",,,
source:predictionofgeneregulatoryconnectionswithjointsinglecellfoundationmodelsandgraphbasedlearning,source,Prediction of Gene Regulatory Connections with Joint Single-Cell Foundation Models and Graph-Based Learning,same artifact hash,alias_of,scregnet-2025,evidence-expansion-p2-scregnet-2025-65b3272d47bb scregnet-2025,artifact_sha256 65b3272d47bb9c4ee1e7a965169bef63add9dbeb31508d4076e5145b761af4ec,,,
source:primeanevaluationframeworkforproteinrepresentationinferenceandgeneralizationinviralmutationspace,source,PRIME: An evaluation framework for protein representation inference and generalization in viral mutation space,same artifact hash,alias_of,prime-2026,evidence-expansion-prime-2026-f6aac4c2 prime-2026,artifact_sha256 f6aac4c25dd93026f87ce9a2e327c95faf4c3014d7f9ae04bb11f208ce047971,,,
source:prokbertfamilygenomiclanguagemodelsformicrobiomeapplications,source,ProkBERT family: genomic language models for microbiome applications,same artifact hash,alias_of,prokbert-2024,expansion-p3-prokbert part2-prokbert-2024 prokbert-2024,artifact_sha256 8610e2a54aa877c8dc565a9cdb6e82099f284c5e0907a52cab18d994ea732436,,,
source:proteinbenchofficialsource,source,proteinbench official source,same artifact hash,alias_of,src-discovery-proteinbench,evidence-benchmark-proteinbench-snapshot src-discovery-proteinbench,artifact_sha256 2e488850a6557bb57407615f2df9194351718b3dc0298a03c0c97d8e93460712,,,
source:proteinbenchprimarybenchmarkevidence,source,proteinbench primary benchmark evidence,same artifact hash,alias_of,expansion-p3-proteinbench,evidence-discovery-final-proteinbench expansion-p3-proteinbench,artifact_sha256 4334d636223ad42bfb9ae68aae03f5a255c29ba1cebe7b8f9588fb3b9b5453b2,,,
source:proteingymlargescalebenchmarksforproteindesignandfitnessprediction,source,ProteinGym: Large-Scale Benchmarks for Protein Design and Fitness Prediction,same artifact hash,alias_of,proteingym-2023,expansion-p3-proteingym-2023 proteingym-2023,artifact_sha256 4519641f13271bdd09b166e7d93232f22542489bc52a25b5a1628c3df8badce1,,,
source:proteinlanguagemodelsexposeviralimmunemimicry,source,Protein Language Models Expose Viral Immune Mimicry,same artifact hash,alias_of,viral-immune-mimicry-2025,part2-viral-immune-mimicry-2025 viral-immune-mimicry-2025,artifact_sha256 15250af2f75f70e2b6a3725d00bc7e276ed9d2d4a54f0ae9d6eaabf6be13e4a1,,,
source:proteinsmallmoleculebindingsitepredictionbasedonapretrainedproteinlanguagemodelwithcontrastivelearning,source,Protein-small molecule binding site prediction based on a pre-trained protein language model with contrastive learning,same artifact hash,alias_of,clape-smb-2024,clape-smb-2024 evidence-expansion-clape-smb-2024-21591924,artifact_sha256 215919244c3dd2dfb0b55fce91c211430fd8d4aee4bb28bd03eab9f4feb73e62,,,
source:pseudoperplexityinonefellswoopforproteinfitnessestimation,source,Pseudo-perplexity in One Fell Swoop for Protein Fitness Estimation,same artifact hash,alias_of,esm2-ofs-fitness-2025,esm2-ofs-fitness-2025 evidence-expansion-p2-esm2-ofs-fitness-2025-085ef646f11b,artifact_sha256 085ef646f11b8e5335c4b3d86b15fb6c7bf5edf4a80a8b622753ac69d9991a67,,,
source:r3designdeeptertiarystructurebasedrnasequencedesignandbeyond,source,R3Design: deep tertiary structure-based RNA sequence design and beyond,same artifact hash,alias_of,r3design-2025,evidence-expansion-r3design-2025-b49c9ad8 r3design-2025,artifact_sha256 b49c9ad846e46b11b240aace8e6bfaf953b842df166b69aee4843c02e9349779,,,
source:residualstreamgeometryofsinglecellfoundationmodelscarriesincrementalgeneregulatorysignalacrosstissues,source,Residual-stream geometry of single-cell foundation models carries incremental gene-regulatory signal across tissues,same artifact hash,alias_of,single-cell-residual-geometry-2026,expansion-p3-single-cell-residual-geometry-2026 single-cell-residual-geometry-2026,artifact_sha256 77546faec51cfb5c78b73c5943f940c4e0097d130b1ddde4ab8287b507b36df6,,,
source:retentivenetworkpromotesefficientrnalanguagemodelingoflongsequences,source,Retentive Network promotes efficient RNA language modeling of long sequences,same artifact hash,alias_of,rnaret-2026,evidence-expansion-rnaret-2026-e970e732 rnaret-2026,artifact_sha256 e970e7322e07fb3c9d12efd315691cc5de5575a3f2616f4b788614c8c706dd0b,,,
source:rewirebenchdocsgenomicbenchmarksmd,source,rewirebench: docs/genomic-benchmarks.md,"same title, different URL",review,,project-recipe-runner-genomic-benchmarks-genomic-benchmarks-md-aecb9e79 project-recipe-runner-genomic-benchmarks-genomic-benchmarks-md-e9b92e0a,"2 hashes, 2 URLs",,,
source:rewirebenchdocstdcadmetmd,source,rewirebench: docs/tdc-admet.md,"same title, different URL",review,,project-recipe-runner-tdc-tdc-admet-md-aecb9e79 project-recipe-runner-tdc-tdc-admet-md-e9b92e0a,"2 hashes, 2 URLs",,,
source:rewirebenchpackagesrewirebenchsrcrewirebenchprotocolsgenomicbenchmarkspy,source,rewirebench: packages/rewirebench/src/rewirebench/protocols/genomic_benchmarks.py,"same title, different URL",review,,project-recipe-runner-genomic-benchmarks-genomic-benchmarks-py-aecb9e79 project-recipe-runner-genomic-benchmarks-genomic-benchmarks-py-e9b92e0a,"2 hashes, 2 URLs",,,
source:rewirebenchpackagesrewirebenchsrcrewirebenchprotocolstdcadmetpy,source,rewirebench: packages/rewirebench/src/rewirebench/protocols/tdc_admet.py,"same title, different URL",review,,project-recipe-runner-tdc-tdc-admet-py-aecb9e79 project-recipe-runner-tdc-tdc-admet-py-e9b92e0a,"2 hashes, 2 URLs",,,
source:rnalanguagemodelandgraphattentionnetworkforrnaandsmallmoleculebindingsitesprediction,source,RNA language model and graph attention network for RNA and small molecule binding sites prediction,same artifact hash,alias_of,rlsite-rna-binding-2025,expansion-p3-rlsite-rna-binding-2025 rlsite-rna-binding-2025,artifact_sha256 a50f344e253162ae43f51d7120cfb35a1d0f6114fd8176d760aceb6d05fd95bd,,,
source:rnasecondarystructurepredictionbyconductingmulticlassclassifications,source,RNA secondary structure prediction by conducting multi-class classifications,same artifact hash,alias_of,tu-fold-2025,evidence-expansion-p2-tu-fold-2025-5aa376d6466d tu-fold-2025,artifact_sha256 5aa376d6466daee83fc307baa39fd48da0f185ff30a178624025032d4cbe597d,,,
source:scalingtheprofileoflifebyfunctionwithspin,source,Scaling the profile of life by function with SPIN,same artifact hash,alias_of,spin-protein-function-2026,evidence-expansion-spin-protein-function-2026-9701843e spin-protein-function-2026,artifact_sha256 9701843e93bf7fa3ead71e19693fb07d483f1022379871adfb04486783722a9d,,,
source:scalralowresourcedeepneuralnetworkbasedplatformforsinglecellanalysisandbiomarkerdiscovery,source,scaLR: a low-resource deep neural network-based platform for single cell analysis and biomarker discovery,same artifact hash,alias_of,scalr-2025,evidence-expansion-p2-scalr-2025-829afab6a4e3 scalr-2025,artifact_sha256 829afab6a4e30997c608745d3eb280105b8c5c4e601020ffdc55c866144527ca,,,
source:scelmoembeddingsfromlanguagemodelsaregoodlearnersforsinglecelldataanalysis,source,scELMo: Embeddings from Language Models are Good Learners for Single-cell Data Analysis,same artifact hash,alias_of,scelmo-2025,evidence-expansion-scelmo-2025-ef75f0d6 scelmo-2025,artifact_sha256 ef75f0d63a567f5e9d7132fd847f44838a82a9741ae55323437e1d1812d86316,,,
source:scversescvitoolslicense,source,scverse/scvi-tools: LICENSE,same artifact hash,alias_of,evidence-reported-base-scvi-license,evidence-official-6851724e3bcb7e9d2781 evidence-reported-base-scvi-license,artifact_sha256 66399db0284d2539790efb348886ab0c1f745bbe5fea6ac38a00465a14adc8f5,,,
source:scversescvitoolsreadmemd,source,scverse/scvi-tools: README.md,same artifact hash,alias_of,evidence-reported-base-scvi-readme-md,evidence-official-550f6719c2f22f4d57b3 evidence-reported-base-scvi-readme-md,artifact_sha256 eb46b8a54e60643ca0cd8cb375ede05b01dcbd2380ca17ce8027a92ba13cebbb,,,
source:scxdrdrugresponsepredictionacrosssinglecelldatasetsviaheterogeneousnetworktransferlearning,source,scXDR: drug response prediction across single-cell datasets via heterogeneous network transfer learning,same artifact hash,alias_of,scxdr-2026,expansion-p3-scxdr-2026 scxdr-2026,artifact_sha256 47b5925e9887d87fc8288d29288802b1d67d54f064d913151df92171f7c68d33,,,
source:shortcontextregulatorydnalanguagemodelswithmotifdiscoveryregularization,source,Short-Context Regulatory DNA Language Models with Motif-Discovery Regularization,same artifact hash,alias_of,arsenal-regulatory-dna-2026,arsenal-regulatory-dna-2026 expansion-p3-arsenal-regulatory-dna-2026,artifact_sha256 4a264956e47fc633aaff6573aac368dc691dd5de709b27c7421c078608ff542a,,,
source:simulationstudyandcomparativeevaluationofviralcontiguoussequenceidentificationtools,source,Simulation study and comparative evaluation of viral contiguous sequence identification tools,same artifact hash,alias_of,viral-contig-simulation-2021,expansion-p3-viral-contig-simulation-2021 viral-contig-simulation-2021,artifact_sha256 93a24652edfa6d9f686862479df3addf50a2d5d432d2d5a31882075fa59dfdfd,,,
source:songlabcaltapereadmemd,source,songlab-cal/tape: README.md,same artifact hash,alias_of,run-doc-tape-readme-md-6d345c2b,evidence-official-028db5eeb224def23456 run-doc-tape-readme-md-6d345c2b,artifact_sha256 b28c74fe3cd6b69a8ba6d84891d0539e54dfef882abd5ed4d11ed0b029bb477a,,,
source:strainlevelmicrobialdetectionandquantificationwithapplicationstosinglecellmetagenomics,source,Strain level microbial detection and quantification with applications to single cell metagenomics,same artifact hash,alias_of,cammiq-2022,cammiq-2022 evidence-expansion-p2-cammiq-2022-f0939647ed3d,artifact_sha256 f0939647ed3de995d58254f79472a612c21b0e1b2560a82783302aa1a148dde3,,,
source:structureinformedproteinlanguagemodelsarerobustpredictorsforvarianteffectsreviewedhtmlsnapshot,source,Structure-Informed Protein Language Models are Robust Predictors for Variant Effects (reviewed HTML snapshot),same artifact hash,alias_of,evidence-benchmark-structure-informed-html,evidence-benchmark-structure-informed-html evidence-reported-structure-informed-current-html,artifact_sha256 6686d2646e7b1b1203a7ef6d48bacf966b4cd6b0895fd2855551937c6bb87111,,,
source:theaccuratepredictionofantibodydeamidationsbycombininghighthroughputautomatedpeptidemappingandproteinlanguagemodelbaseddeeplearning,source,The Accurate Prediction of Antibody Deamidations by Combining High-Throughput Automated Peptide Mapping and Protein Language Model-Based Deep Learning,same artifact hash,alias_of,antibody-deamidation-plm-2024,antibody-deamidation-plm-2024 evidence-expansion-antibody-deamidation-plm-2024-aa049f6d,artifact_sha256 aa049f6d78e29540ba902a0d3b7f53d49e9833e4dad9869f79ac27664e8c150b,,,
source:theimpactoftokenizerselectioningenomiclanguagemodels,source,The impact of tokenizer selection in genomic language models,same artifact hash,alias_of,genomic-tokenizer-selection-2025,expansion-p3-genomic-tokenizer-selection-2025 genomic-tokenizer-selection-2025,artifact_sha256 0a01c36fdd63f3f6db509777e61c3f87e8a298c810f8aef7974915aaa0655342,,,
source:thelippbenchmarksetformodelinglipidproteincomplexescomparisonofcofoldinganddockingmethods,source,The LiPP Benchmark Set for Modeling Lipid–Protein Complexes: Comparison of Co-Folding and Docking Methods,same artifact hash,alias_of,lipp-2026,evidence-expansion-p2-lipp-2026-6ff34f2f709a lipp-2026,artifact_sha256 6ff34f2f709a14858a3753abf9f8f6efa1e7e3c351f15c70cf64264193a9414e,,,
source:trainingmeancontrolautomatedexecutionaudit,source,Training-mean control: automated execution audit,"same title, different URL",review,,rewire-local-20260920-audit-source-flip2-train-mean rewire-local-20260920-audit-source-mrnabench-train-mean,"2 hashes, 2 URLs",,,
source:trainingmeancontrollocalexecutionreport20september2026,source,Training-mean control: local execution report (20 September 2026),"same title, different URL",review,,rewire-local-20260920-source-flip2-train-mean rewire-local-20260920-source-mrnabench-train-mean,"2 hashes, 2 URLs",,,
source:tssnotecyaprombertdevelopmentofanintegratedplatformforhighlyaccuratepromoterpredictionandvisualizationofsynechococcusspandsynechocystisspthroughastateoftheartnaturallanguageprocessingmodelbert,source,TSSNote-CyaPromBERT: Development of an integrated platform for highly accurate promoter prediction and visualization of Synechococcus sp. and Synechocystis sp. through a state-of-the-art natural language processing model BERT,same artifact hash,alias_of,cyaprombert-2022,cyaprombert-2022 evidence-expansion-cyaprombert-2022-74278ccd,artifact_sha256 74278ccd77b2bc00a3f4434546545e8bdec8b0652a0e5d1862ec0f91decccd8d,,,
source:understandingthenaturallanguageofdnausingencoderdecoderfoundationmodelswithbytelevelprecision,source,Understanding the natural language of DNA using encoder–decoder foundation models with byte-level precision,same artifact hash,alias_of,enbed-2024,enbed-2024 evidence-expansion-enbed-2024-e95d4be7,artifact_sha256 e95d4be70d32e61af5a92eda8ea66f25a2cc629e3f83e7b5241b13cde8bdb83b,,,
source:utilizingadeeplearningmodelbasedonbertforidentifyingenhancersandtheirstrength,source,Utilizing a deep learning model based on BERT for identifying enhancers and their strength,same artifact hash,alias_of,dnabert2-enhancer-2025,dnabert2-enhancer-2025 evidence-expansion-dnabert2-enhancer-2025-d052b80e,artifact_sha256 d052b80efe7bfc1380994ad28503a5575f04ef940f74d5c9c137cb4ba6827863,,,
source:vcc2026officialsource,source,vcc2026 official source,same artifact hash,alias_of,src-discovery-vcc2026,evidence-benchmark-vcc2026-snapshot src-discovery-vcc2026,artifact_sha256 57dd9cbd5e6b62ed665eebd909d82ffec580a55c3bd2f48a928f807a8c983b1e,,,
source:viennarnaviennarnareadmemd,source,ViennaRNA/ViennaRNA: README.md,same artifact hash,alias_of,evidence-official-1b2aa7207e3a05f297ab,evidence-official-1b2aa7207e3a05f297ab evidence-reported-base-rnafold-readme-md,artifact_sha256 d37146b01e4273062a5230c496a9af8414ee7ef14fcd905cf415959256d59c4e,,,
task:celltypeannotation,task,cell-type annotation,"same name, no alias link",review,,reported-task-6312c8a7ac045e reported-task-660753ec94e631,reported-task-6312c8a7ac045e: version unstated; reported-task-660753ec94e631: version unstated,,,
task:ecolisigma70promoterprediction,task,E. coli sigma70 promoter prediction,"same name, no alias link",review,,reported-task-3891811dcce8b3 reported-task-e5c34f686ac403,reported-task-3891811dcce8b3: version unstated; reported-task-e5c34f686ac403: version unstated,,,
task:enhancerprediction,task,enhancer prediction,"same name, no alias link",review,,reported-task-22024610c4d658 reported-task-64607443a9ba15,reported-task-22024610c4d658: version unstated; reported-task-64607443a9ba15: version unstated,,,
task:proteinligandbindingaffinityprediction,task,protein-ligand binding affinity prediction,"same name, no alias link",review,,reported-task-77a32496ce8fe6 reported-task-d81be76396e644,reported-task-77a32496ce8fe6: version unstated; reported-task-d81be76396e644: version unstated,,,
task:proteinligandposeprediction,task,Protein–ligand pose prediction,"same name, no alias link",review,,reported-task-bf513ed6db92c5 reported-task-c04bb5ee6ecea6,reported-task-bf513ed6db92c5: version unstated; reported-task-c04bb5ee6ecea6: version unstated,,,
task:proteinproteininteractionprediction,task,protein-protein interaction prediction,"same name, no alias link",review,,reported-task-09c3100b77dcc5 reported-task-dfa8f2285dbfa5,reported-task-09c3100b77dcc5: version unstated; reported-task-dfa8f2285dbfa5: version unstated,,,
task:rnasecondarystructure,task,RNA secondary structure,"same name, no alias link",review,,catalog-task-rna-secondary-structure reported-task-016f70615f2cfc reported-task-5ec7581b246ea6 reported-task-dc82fcbfb44935,catalog-task-rna-secondary-structure: version unstated; reported-task-016f70615f2cfc: version unstated; reported-task-5ec7581b246ea6: version unstated; reported-task-dc82fcbfb44935: version unstated,,,
