record_id,source_id,locator,printed_value,review_scope
splicing-follow-up-20261009-claim-riepe2021-mmsplice-spidex-di-excluded,splicing-follow-up-20261009-source-riepe2021,Methods 'In silico splice prediction tools' paragraph 7 (the last),MMSplice and Spidex could not calculate a score for more than half of the ABCA4 DI variants and were excluded from the DI analysis.,claim
splicing-follow-up-20261009-claim-riepe2021-selection,splicing-follow-up-20261009-source-riepe2021,Methods 'Datasets' paragraph 2,"The selection criterion for functional validation of the ABCA4 variants was a 2% difference in splice score for at least two of the Alamut programs; for MYBPC3 variants, the selection criterion was a lower MaxEntScan score than the score of the reference nucleotide.",claim
splicing-follow-up-20261009-claim-smith2023-median-tn-sensitivity,splicing-follow-up-20261009-source-smith2023,Results 'Benchmarking in the context of genome-wide prediction' paragraph 2,"Transcriptome-normalised sensitivity varied widely between algorithms, but SpliceAI, ConSpliceML, and Pangolin emerged as consistent leaders (median across datasets of 87.3%, 85.8%, and 79.9%, respectively).",claim
splicing-follow-up-20261009-claim-znabu2026-shared-misses,splicing-follow-up-20261009-source-znabu2026,Section 5 'Where the tools fail' paragraph 3,"200 of 1,050 disrupting variants (19%) are missed by all five tools at a common 10% false-positive operating point; 77% of these lie more than 10 bp from a splice site and 149 of 200 are exonic.",claim
splicing-follow-up-20261009-result-riepe2021-abca4-di-alamut-consensus-accuracy,splicing-follow-up-20261009-source-riepe2021,"Table 4 row 'Alamut Consensus 3/4', column 'Accuracy (%)'",70,result
splicing-follow-up-20261009-result-riepe2021-abca4-di-alamut-consensus-fn,splicing-follow-up-20261009-source-riepe2021,"Table 4 row 'Alamut Consensus 3/4', column 'FN'",10,result
splicing-follow-up-20261009-result-riepe2021-abca4-di-alamut-consensus-fp,splicing-follow-up-20261009-source-riepe2021,"Table 4 row 'Alamut Consensus 3/4', column 'FP'",14,result
splicing-follow-up-20261009-result-riepe2021-abca4-di-alamut-consensus-mcc,splicing-follow-up-20261009-source-riepe2021,"Table 4 row 'Alamut Consensus 3/4', column 'MCC'",0.28,result
splicing-follow-up-20261009-result-riepe2021-abca4-di-alamut-consensus-missing,splicing-follow-up-20261009-source-riepe2021,"Table 4 row 'Alamut Consensus 3/4', column 'Missing values'",0,result
splicing-follow-up-20261009-result-riepe2021-abca4-di-alamut-consensus-npv,splicing-follow-up-20261009-source-riepe2021,"Table 4 row 'Alamut Consensus 3/4', column 'NPV (%)'",82,result
splicing-follow-up-20261009-result-riepe2021-abca4-di-alamut-consensus-ppv,splicing-follow-up-20261009-source-riepe2021,"Table 4 row 'Alamut Consensus 3/4', column 'PPV (%)'",44,result
splicing-follow-up-20261009-result-riepe2021-abca4-di-alamut-consensus-sensitivity,splicing-follow-up-20261009-source-riepe2021,"Table 4 row 'Alamut Consensus 3/4', column 'Sensitivity (%)'",52,result
splicing-follow-up-20261009-result-riepe2021-abca4-di-alamut-consensus-specificity,splicing-follow-up-20261009-source-riepe2021,"Table 4 row 'Alamut Consensus 3/4', column 'Specificity (%)'",77,result
splicing-follow-up-20261009-result-riepe2021-abca4-di-alamut-consensus-tn,splicing-follow-up-20261009-source-riepe2021,"Table 4 row 'Alamut Consensus 3/4', column 'TN'",46,result
splicing-follow-up-20261009-result-riepe2021-abca4-di-alamut-consensus-tp,splicing-follow-up-20261009-source-riepe2021,"Table 4 row 'Alamut Consensus 3/4', column 'TP'",11,result
splicing-follow-up-20261009-result-riepe2021-abca4-di-cadd-1-6-accuracy,splicing-follow-up-20261009-source-riepe2021,"Table 4 row 'CADD', column 'Accuracy (%)'",59,result
splicing-follow-up-20261009-result-riepe2021-abca4-di-cadd-1-6-fn,splicing-follow-up-20261009-source-riepe2021,"Table 4 row 'CADD', column 'FN'",9,result
splicing-follow-up-20261009-result-riepe2021-abca4-di-cadd-1-6-fp,splicing-follow-up-20261009-source-riepe2021,"Table 4 row 'CADD', column 'FP'",24,result
splicing-follow-up-20261009-result-riepe2021-abca4-di-cadd-1-6-mcc,splicing-follow-up-20261009-source-riepe2021,"Table 4 row 'CADD', column 'MCC'",0.15,result
splicing-follow-up-20261009-result-riepe2021-abca4-di-cadd-1-6-missing,splicing-follow-up-20261009-source-riepe2021,"Table 4 row 'CADD', column 'Missing values'",0,result
splicing-follow-up-20261009-result-riepe2021-abca4-di-cadd-1-6-npv,splicing-follow-up-20261009-source-riepe2021,"Table 4 row 'CADD', column 'NPV (%)'",80,result
splicing-follow-up-20261009-result-riepe2021-abca4-di-cadd-1-6-ppv,splicing-follow-up-20261009-source-riepe2021,"Table 4 row 'CADD', column 'PPV (%)'",33,result
splicing-follow-up-20261009-result-riepe2021-abca4-di-cadd-1-6-sensitivity,splicing-follow-up-20261009-source-riepe2021,"Table 4 row 'CADD', column 'Sensitivity (%)'",57,result
splicing-follow-up-20261009-result-riepe2021-abca4-di-cadd-1-6-specificity,splicing-follow-up-20261009-source-riepe2021,"Table 4 row 'CADD', column 'Specificity (%)'",60,result
splicing-follow-up-20261009-result-riepe2021-abca4-di-cadd-1-6-tn,splicing-follow-up-20261009-source-riepe2021,"Table 4 row 'CADD', column 'TN'",36,result
splicing-follow-up-20261009-result-riepe2021-abca4-di-cadd-1-6-tp,splicing-follow-up-20261009-source-riepe2021,"Table 4 row 'CADD', column 'TP'",12,result
splicing-follow-up-20261009-result-riepe2021-abca4-di-dssp-accuracy,splicing-follow-up-20261009-source-riepe2021,"Table 4 row 'DSSP', column 'Accuracy (%)'",67,result
splicing-follow-up-20261009-result-riepe2021-abca4-di-dssp-fn,splicing-follow-up-20261009-source-riepe2021,"Table 4 row 'DSSP', column 'FN'",8,result
splicing-follow-up-20261009-result-riepe2021-abca4-di-dssp-fp,splicing-follow-up-20261009-source-riepe2021,"Table 4 row 'DSSP', column 'FP'",19,result
splicing-follow-up-20261009-result-riepe2021-abca4-di-dssp-mcc,splicing-follow-up-20261009-source-riepe2021,"Table 4 row 'DSSP', column 'MCC'",0.27,result
splicing-follow-up-20261009-result-riepe2021-abca4-di-dssp-missing,splicing-follow-up-20261009-source-riepe2021,"Table 4 row 'DSSP', column 'Missing values'",0,result
splicing-follow-up-20261009-result-riepe2021-abca4-di-dssp-npv,splicing-follow-up-20261009-source-riepe2021,"Table 4 row 'DSSP', column 'NPV (%)'",84,result
splicing-follow-up-20261009-result-riepe2021-abca4-di-dssp-ppv,splicing-follow-up-20261009-source-riepe2021,"Table 4 row 'DSSP', column 'PPV (%)'",41,result
splicing-follow-up-20261009-result-riepe2021-abca4-di-dssp-sensitivity,splicing-follow-up-20261009-source-riepe2021,"Table 4 row 'DSSP', column 'Sensitivity (%)'",62,result
splicing-follow-up-20261009-result-riepe2021-abca4-di-dssp-specificity,splicing-follow-up-20261009-source-riepe2021,"Table 4 row 'DSSP', column 'Specificity (%)'",68,result
splicing-follow-up-20261009-result-riepe2021-abca4-di-dssp-tn,splicing-follow-up-20261009-source-riepe2021,"Table 4 row 'DSSP', column 'TN'",41,result
splicing-follow-up-20261009-result-riepe2021-abca4-di-dssp-tp,splicing-follow-up-20261009-source-riepe2021,"Table 4 row 'DSSP', column 'TP'",13,result
splicing-follow-up-20261009-result-riepe2021-abca4-di-genesplicer-accuracy,splicing-follow-up-20261009-source-riepe2021,"Table 4 row 'GeneSplicer', column 'Accuracy (%)'",72,result
splicing-follow-up-20261009-result-riepe2021-abca4-di-genesplicer-fn,splicing-follow-up-20261009-source-riepe2021,"Table 4 row 'GeneSplicer', column 'FN'",7,result
splicing-follow-up-20261009-result-riepe2021-abca4-di-genesplicer-fp,splicing-follow-up-20261009-source-riepe2021,"Table 4 row 'GeneSplicer', column 'FP'",16,result
splicing-follow-up-20261009-result-riepe2021-abca4-di-genesplicer-mcc,splicing-follow-up-20261009-source-riepe2021,"Table 4 row 'GeneSplicer', column 'MCC'",0.36,result
splicing-follow-up-20261009-result-riepe2021-abca4-di-genesplicer-missing,splicing-follow-up-20261009-source-riepe2021,"Table 4 row 'GeneSplicer', column 'Missing values'",0,result
splicing-follow-up-20261009-result-riepe2021-abca4-di-genesplicer-npv,splicing-follow-up-20261009-source-riepe2021,"Table 4 row 'GeneSplicer', column 'NPV (%)'",86,result
splicing-follow-up-20261009-result-riepe2021-abca4-di-genesplicer-ppv,splicing-follow-up-20261009-source-riepe2021,"Table 4 row 'GeneSplicer', column 'PPV (%)'",47,result
splicing-follow-up-20261009-result-riepe2021-abca4-di-genesplicer-sensitivity,splicing-follow-up-20261009-source-riepe2021,"Table 4 row 'GeneSplicer', column 'Sensitivity (%)'",67,result
splicing-follow-up-20261009-result-riepe2021-abca4-di-genesplicer-specificity,splicing-follow-up-20261009-source-riepe2021,"Table 4 row 'GeneSplicer', column 'Specificity (%)'",73,result
splicing-follow-up-20261009-result-riepe2021-abca4-di-genesplicer-tn,splicing-follow-up-20261009-source-riepe2021,"Table 4 row 'GeneSplicer', column 'TN'",44,result
splicing-follow-up-20261009-result-riepe2021-abca4-di-genesplicer-tp,splicing-follow-up-20261009-source-riepe2021,"Table 4 row 'GeneSplicer', column 'TP'",14,result
splicing-follow-up-20261009-result-riepe2021-abca4-di-maxentscan-accuracy,splicing-follow-up-20261009-source-riepe2021,"Table 4 row 'MaxEntScan', column 'Accuracy (%)'",64,result
splicing-follow-up-20261009-result-riepe2021-abca4-di-maxentscan-fn,splicing-follow-up-20261009-source-riepe2021,"Table 4 row 'MaxEntScan', column 'FN'",8,result
splicing-follow-up-20261009-result-riepe2021-abca4-di-maxentscan-fp,splicing-follow-up-20261009-source-riepe2021,"Table 4 row 'MaxEntScan', column 'FP'",21,result
splicing-follow-up-20261009-result-riepe2021-abca4-di-maxentscan-mcc,splicing-follow-up-20261009-source-riepe2021,"Table 4 row 'MaxEntScan', column 'MCC'",0.24,result
splicing-follow-up-20261009-result-riepe2021-abca4-di-maxentscan-missing,splicing-follow-up-20261009-source-riepe2021,"Table 4 row 'MaxEntScan', column 'Missing values'",0,result
splicing-follow-up-20261009-result-riepe2021-abca4-di-maxentscan-npv,splicing-follow-up-20261009-source-riepe2021,"Table 4 row 'MaxEntScan', column 'NPV (%)'",83,result
splicing-follow-up-20261009-result-riepe2021-abca4-di-maxentscan-ppv,splicing-follow-up-20261009-source-riepe2021,"Table 4 row 'MaxEntScan', column 'PPV (%)'",38,result
splicing-follow-up-20261009-result-riepe2021-abca4-di-maxentscan-sensitivity,splicing-follow-up-20261009-source-riepe2021,"Table 4 row 'MaxEntScan', column 'Sensitivity (%)'",62,result
splicing-follow-up-20261009-result-riepe2021-abca4-di-maxentscan-specificity,splicing-follow-up-20261009-source-riepe2021,"Table 4 row 'MaxEntScan', column 'Specificity (%)'",65,result
splicing-follow-up-20261009-result-riepe2021-abca4-di-maxentscan-tn,splicing-follow-up-20261009-source-riepe2021,"Table 4 row 'MaxEntScan', column 'TN'",39,result
splicing-follow-up-20261009-result-riepe2021-abca4-di-maxentscan-tp,splicing-follow-up-20261009-source-riepe2021,"Table 4 row 'MaxEntScan', column 'TP'",13,result
splicing-follow-up-20261009-result-riepe2021-abca4-di-nnsplice-accuracy,splicing-follow-up-20261009-source-riepe2021,"Table 4 row 'NNSPLICE', column 'Accuracy (%)'",70,result
splicing-follow-up-20261009-result-riepe2021-abca4-di-nnsplice-fn,splicing-follow-up-20261009-source-riepe2021,"Table 4 row 'NNSPLICE', column 'FN'",7,result
splicing-follow-up-20261009-result-riepe2021-abca4-di-nnsplice-fp,splicing-follow-up-20261009-source-riepe2021,"Table 4 row 'NNSPLICE', column 'FP'",17,result
splicing-follow-up-20261009-result-riepe2021-abca4-di-nnsplice-mcc,splicing-follow-up-20261009-source-riepe2021,"Table 4 row 'NNSPLICE', column 'MCC'",0.35,result
splicing-follow-up-20261009-result-riepe2021-abca4-di-nnsplice-missing,splicing-follow-up-20261009-source-riepe2021,"Table 4 row 'NNSPLICE', column 'Missing values'",0,result
splicing-follow-up-20261009-result-riepe2021-abca4-di-nnsplice-npv,splicing-follow-up-20261009-source-riepe2021,"Table 4 row 'NNSPLICE', column 'NPV (%)'",86,result
splicing-follow-up-20261009-result-riepe2021-abca4-di-nnsplice-ppv,splicing-follow-up-20261009-source-riepe2021,"Table 4 row 'NNSPLICE', column 'PPV (%)'",45,result
splicing-follow-up-20261009-result-riepe2021-abca4-di-nnsplice-sensitivity,splicing-follow-up-20261009-source-riepe2021,"Table 4 row 'NNSPLICE', column 'Sensitivity (%)'",67,result
splicing-follow-up-20261009-result-riepe2021-abca4-di-nnsplice-specificity,splicing-follow-up-20261009-source-riepe2021,"Table 4 row 'NNSPLICE', column 'Specificity (%)'",72,result
splicing-follow-up-20261009-result-riepe2021-abca4-di-nnsplice-tn,splicing-follow-up-20261009-source-riepe2021,"Table 4 row 'NNSPLICE', column 'TN'",43,result
splicing-follow-up-20261009-result-riepe2021-abca4-di-nnsplice-tp,splicing-follow-up-20261009-source-riepe2021,"Table 4 row 'NNSPLICE', column 'TP'",14,result
splicing-follow-up-20261009-result-riepe2021-abca4-di-spliceai-1-3-1-accuracy,splicing-follow-up-20261009-source-riepe2021,"Table 4 row 'SpliceAI', column 'Accuracy (%)'",94,result
splicing-follow-up-20261009-result-riepe2021-abca4-di-spliceai-1-3-1-fn,splicing-follow-up-20261009-source-riepe2021,"Table 4 row 'SpliceAI', column 'FN'",2,result
splicing-follow-up-20261009-result-riepe2021-abca4-di-spliceai-1-3-1-fp,splicing-follow-up-20261009-source-riepe2021,"Table 4 row 'SpliceAI', column 'FP'",3,result
splicing-follow-up-20261009-result-riepe2021-abca4-di-spliceai-1-3-1-mcc,splicing-follow-up-20261009-source-riepe2021,"Table 4 row 'SpliceAI', column 'MCC'",0.84,result
splicing-follow-up-20261009-result-riepe2021-abca4-di-spliceai-1-3-1-missing,splicing-follow-up-20261009-source-riepe2021,"Table 4 row 'SpliceAI', column 'Missing values'",0,result
splicing-follow-up-20261009-result-riepe2021-abca4-di-spliceai-1-3-1-npv,splicing-follow-up-20261009-source-riepe2021,"Table 4 row 'SpliceAI', column 'NPV (%)'",97,result
splicing-follow-up-20261009-result-riepe2021-abca4-di-spliceai-1-3-1-ppv,splicing-follow-up-20261009-source-riepe2021,"Table 4 row 'SpliceAI', column 'PPV (%)'",86,result
splicing-follow-up-20261009-result-riepe2021-abca4-di-spliceai-1-3-1-sensitivity,splicing-follow-up-20261009-source-riepe2021,"Table 4 row 'SpliceAI', column 'Sensitivity (%)'",90,result
splicing-follow-up-20261009-result-riepe2021-abca4-di-spliceai-1-3-1-specificity,splicing-follow-up-20261009-source-riepe2021,"Table 4 row 'SpliceAI', column 'Specificity (%)'",95,result
splicing-follow-up-20261009-result-riepe2021-abca4-di-spliceai-1-3-1-tn,splicing-follow-up-20261009-source-riepe2021,"Table 4 row 'SpliceAI', column 'TN'",57,result
splicing-follow-up-20261009-result-riepe2021-abca4-di-spliceai-1-3-1-tp,splicing-follow-up-20261009-source-riepe2021,"Table 4 row 'SpliceAI', column 'TP'",19,result
splicing-follow-up-20261009-result-riepe2021-abca4-di-splicerover-accuracy,splicing-follow-up-20261009-source-riepe2021,"Table 4 row 'SpliceRover', column 'Accuracy (%)'",75,result
splicing-follow-up-20261009-result-riepe2021-abca4-di-splicerover-fn,splicing-follow-up-20261009-source-riepe2021,"Table 4 row 'SpliceRover', column 'FN'",6,result
splicing-follow-up-20261009-result-riepe2021-abca4-di-splicerover-fp,splicing-follow-up-20261009-source-riepe2021,"Table 4 row 'SpliceRover', column 'FP'",14,result
splicing-follow-up-20261009-result-riepe2021-abca4-di-splicerover-mcc,splicing-follow-up-20261009-source-riepe2021,"Table 4 row 'SpliceRover', column 'MCC'",0.44,result
splicing-follow-up-20261009-result-riepe2021-abca4-di-splicerover-missing,splicing-follow-up-20261009-source-riepe2021,"Table 4 row 'SpliceRover', column 'Missing values'",0,result
splicing-follow-up-20261009-result-riepe2021-abca4-di-splicerover-npv,splicing-follow-up-20261009-source-riepe2021,"Table 4 row 'SpliceRover', column 'NPV (%)'",88,result
splicing-follow-up-20261009-result-riepe2021-abca4-di-splicerover-ppv,splicing-follow-up-20261009-source-riepe2021,"Table 4 row 'SpliceRover', column 'PPV (%)'",52,result
splicing-follow-up-20261009-result-riepe2021-abca4-di-splicerover-sensitivity,splicing-follow-up-20261009-source-riepe2021,"Table 4 row 'SpliceRover', column 'Sensitivity (%)'",71,result
splicing-follow-up-20261009-result-riepe2021-abca4-di-splicerover-specificity,splicing-follow-up-20261009-source-riepe2021,"Table 4 row 'SpliceRover', column 'Specificity (%)'",77,result
splicing-follow-up-20261009-result-riepe2021-abca4-di-splicerover-tn,splicing-follow-up-20261009-source-riepe2021,"Table 4 row 'SpliceRover', column 'TN'",46,result
splicing-follow-up-20261009-result-riepe2021-abca4-di-splicerover-tp,splicing-follow-up-20261009-source-riepe2021,"Table 4 row 'SpliceRover', column 'TP'",15,result
splicing-follow-up-20261009-result-riepe2021-abca4-di-splicesitefinder-like-accuracy,splicing-follow-up-20261009-source-riepe2021,"Table 4 row 'SpliceSiteFinder‐like', column 'Accuracy (%)'",54,result
splicing-follow-up-20261009-result-riepe2021-abca4-di-splicesitefinder-like-fn,splicing-follow-up-20261009-source-riepe2021,"Table 4 row 'SpliceSiteFinder‐like', column 'FN'",10,result
splicing-follow-up-20261009-result-riepe2021-abca4-di-splicesitefinder-like-fp,splicing-follow-up-20261009-source-riepe2021,"Table 4 row 'SpliceSiteFinder‐like', column 'FP'",27,result
splicing-follow-up-20261009-result-riepe2021-abca4-di-splicesitefinder-like-mcc,splicing-follow-up-20261009-source-riepe2021,"Table 4 row 'SpliceSiteFinder‐like', column 'MCC'",0.06,result
splicing-follow-up-20261009-result-riepe2021-abca4-di-splicesitefinder-like-missing,splicing-follow-up-20261009-source-riepe2021,"Table 4 row 'SpliceSiteFinder‐like', column 'Missing values'",0,result
splicing-follow-up-20261009-result-riepe2021-abca4-di-splicesitefinder-like-npv,splicing-follow-up-20261009-source-riepe2021,"Table 4 row 'SpliceSiteFinder‐like', column 'NPV (%)'",77,result
splicing-follow-up-20261009-result-riepe2021-abca4-di-splicesitefinder-like-ppv,splicing-follow-up-20261009-source-riepe2021,"Table 4 row 'SpliceSiteFinder‐like', column 'PPV (%)'",29,result
splicing-follow-up-20261009-result-riepe2021-abca4-di-splicesitefinder-like-sensitivity,splicing-follow-up-20261009-source-riepe2021,"Table 4 row 'SpliceSiteFinder‐like', column 'Sensitivity (%)'",52,result
splicing-follow-up-20261009-result-riepe2021-abca4-di-splicesitefinder-like-specificity,splicing-follow-up-20261009-source-riepe2021,"Table 4 row 'SpliceSiteFinder‐like', column 'Specificity (%)'",55,result
splicing-follow-up-20261009-result-riepe2021-abca4-di-splicesitefinder-like-tn,splicing-follow-up-20261009-source-riepe2021,"Table 4 row 'SpliceSiteFinder‐like', column 'TN'",33,result
splicing-follow-up-20261009-result-riepe2021-abca4-di-splicesitefinder-like-tp,splicing-follow-up-20261009-source-riepe2021,"Table 4 row 'SpliceSiteFinder‐like', column 'TP'",11,result
splicing-follow-up-20261009-result-riepe2021-abca4-ncss-alamut-consensus-accuracy,splicing-follow-up-20261009-source-riepe2021,"Table 3 row 'Alamut Consensus 3/4', column 'Accuracy (%)'",56,result
splicing-follow-up-20261009-result-riepe2021-abca4-ncss-alamut-consensus-fn,splicing-follow-up-20261009-source-riepe2021,"Table 3 row 'Alamut Consensus 3/4', column 'FN'",29,result
splicing-follow-up-20261009-result-riepe2021-abca4-ncss-alamut-consensus-fp,splicing-follow-up-20261009-source-riepe2021,"Table 3 row 'Alamut Consensus 3/4', column 'FP'",2,result
splicing-follow-up-20261009-result-riepe2021-abca4-ncss-alamut-consensus-mcc,splicing-follow-up-20261009-source-riepe2021,"Table 3 row 'Alamut Consensus 3/4', column 'MCC'",0.16,result
splicing-follow-up-20261009-result-riepe2021-abca4-ncss-alamut-consensus-missing,splicing-follow-up-20261009-source-riepe2021,"Table 3 row 'Alamut Consensus 3/4', column 'Missing values'",0,result
splicing-follow-up-20261009-result-riepe2021-abca4-ncss-alamut-consensus-npv,splicing-follow-up-20261009-source-riepe2021,"Table 3 row 'Alamut Consensus 3/4', column 'NPV (%)'",15,result
splicing-follow-up-20261009-result-riepe2021-abca4-ncss-alamut-consensus-ppv,splicing-follow-up-20261009-source-riepe2021,"Table 3 row 'Alamut Consensus 3/4', column 'PPV (%)'",95,result
splicing-follow-up-20261009-result-riepe2021-abca4-ncss-alamut-consensus-sensitivity,splicing-follow-up-20261009-source-riepe2021,"Table 3 row 'Alamut Consensus 3/4', column 'Sensitivity (%)'",55,result
splicing-follow-up-20261009-result-riepe2021-abca4-ncss-alamut-consensus-specificity,splicing-follow-up-20261009-source-riepe2021,"Table 3 row 'Alamut Consensus 3/4', column 'Specificity (%)'",71,result
splicing-follow-up-20261009-result-riepe2021-abca4-ncss-alamut-consensus-tn,splicing-follow-up-20261009-source-riepe2021,"Table 3 row 'Alamut Consensus 3/4', column 'TN'",5,result
splicing-follow-up-20261009-result-riepe2021-abca4-ncss-alamut-consensus-tp,splicing-follow-up-20261009-source-riepe2021,"Table 3 row 'Alamut Consensus 3/4', column 'TP'",35,result
splicing-follow-up-20261009-result-riepe2021-abca4-ncss-cadd-1-6-accuracy,splicing-follow-up-20261009-source-riepe2021,"Table 3 row 'CADD', column 'Accuracy (%)'",62,result
splicing-follow-up-20261009-result-riepe2021-abca4-ncss-cadd-1-6-fn,splicing-follow-up-20261009-source-riepe2021,"Table 3 row 'CADD', column 'FN'",24,result
splicing-follow-up-20261009-result-riepe2021-abca4-ncss-cadd-1-6-fp,splicing-follow-up-20261009-source-riepe2021,"Table 3 row 'CADD', column 'FP'",3,result
splicing-follow-up-20261009-result-riepe2021-abca4-ncss-cadd-1-6-mcc,splicing-follow-up-20261009-source-riepe2021,"Table 3 row 'CADD', column 'MCC'",0.12,result
splicing-follow-up-20261009-result-riepe2021-abca4-ncss-cadd-1-6-missing,splicing-follow-up-20261009-source-riepe2021,"Table 3 row 'CADD', column 'Missing values'",0,result
splicing-follow-up-20261009-result-riepe2021-abca4-ncss-cadd-1-6-npv,splicing-follow-up-20261009-source-riepe2021,"Table 3 row 'CADD', column 'NPV (%)'",14,result
splicing-follow-up-20261009-result-riepe2021-abca4-ncss-cadd-1-6-ppv,splicing-follow-up-20261009-source-riepe2021,"Table 3 row 'CADD', column 'PPV (%)'",93,result
splicing-follow-up-20261009-result-riepe2021-abca4-ncss-cadd-1-6-sensitivity,splicing-follow-up-20261009-source-riepe2021,"Table 3 row 'CADD', column 'Sensitivity (%)'",63,result
splicing-follow-up-20261009-result-riepe2021-abca4-ncss-cadd-1-6-specificity,splicing-follow-up-20261009-source-riepe2021,"Table 3 row 'CADD', column 'Specificity (%)'",57,result
splicing-follow-up-20261009-result-riepe2021-abca4-ncss-cadd-1-6-tn,splicing-follow-up-20261009-source-riepe2021,"Table 3 row 'CADD', column 'TN'",4,result
splicing-follow-up-20261009-result-riepe2021-abca4-ncss-cadd-1-6-tp,splicing-follow-up-20261009-source-riepe2021,"Table 3 row 'CADD', column 'TP'",40,result
splicing-follow-up-20261009-result-riepe2021-abca4-ncss-dssp-accuracy,splicing-follow-up-20261009-source-riepe2021,"Table 3 row 'DSSP', column 'Accuracy (%)'",79,result
splicing-follow-up-20261009-result-riepe2021-abca4-ncss-dssp-fn,splicing-follow-up-20261009-source-riepe2021,"Table 3 row 'DSSP', column 'FN'",13,result
splicing-follow-up-20261009-result-riepe2021-abca4-ncss-dssp-fp,splicing-follow-up-20261009-source-riepe2021,"Table 3 row 'DSSP', column 'FP'",2,result
splicing-follow-up-20261009-result-riepe2021-abca4-ncss-dssp-mcc,splicing-follow-up-20261009-source-riepe2021,"Table 3 row 'DSSP', column 'MCC'",0.35,result
splicing-follow-up-20261009-result-riepe2021-abca4-ncss-dssp-missing,splicing-follow-up-20261009-source-riepe2021,"Table 3 row 'DSSP', column 'Missing values'",0,result
splicing-follow-up-20261009-result-riepe2021-abca4-ncss-dssp-npv,splicing-follow-up-20261009-source-riepe2021,"Table 3 row 'DSSP', column 'NPV (%)'",28,result
splicing-follow-up-20261009-result-riepe2021-abca4-ncss-dssp-ppv,splicing-follow-up-20261009-source-riepe2021,"Table 3 row 'DSSP', column 'PPV (%)'",96,result
splicing-follow-up-20261009-result-riepe2021-abca4-ncss-dssp-sensitivity,splicing-follow-up-20261009-source-riepe2021,"Table 3 row 'DSSP', column 'Sensitivity (%)'",80,result
splicing-follow-up-20261009-result-riepe2021-abca4-ncss-dssp-specificity,splicing-follow-up-20261009-source-riepe2021,"Table 3 row 'DSSP', column 'Specificity (%)'",71,result
splicing-follow-up-20261009-result-riepe2021-abca4-ncss-dssp-tn,splicing-follow-up-20261009-source-riepe2021,"Table 3 row 'DSSP', column 'TN'",5,result
splicing-follow-up-20261009-result-riepe2021-abca4-ncss-dssp-tp,splicing-follow-up-20261009-source-riepe2021,"Table 3 row 'DSSP', column 'TP'",51,result
splicing-follow-up-20261009-result-riepe2021-abca4-ncss-genesplicer-accuracy,splicing-follow-up-20261009-source-riepe2021,"Table 3 row 'GeneSplicer', column 'Accuracy (%)'",49,result
splicing-follow-up-20261009-result-riepe2021-abca4-ncss-genesplicer-fn,splicing-follow-up-20261009-source-riepe2021,"Table 3 row 'GeneSplicer', column 'FN'",33,result
splicing-follow-up-20261009-result-riepe2021-abca4-ncss-genesplicer-fp,splicing-follow-up-20261009-source-riepe2021,"Table 3 row 'GeneSplicer', column 'FP'",3,result
splicing-follow-up-20261009-result-riepe2021-abca4-ncss-genesplicer-mcc,splicing-follow-up-20261009-source-riepe2021,"Table 3 row 'GeneSplicer', column 'MCC'",0.03,result
splicing-follow-up-20261009-result-riepe2021-abca4-ncss-genesplicer-missing,splicing-follow-up-20261009-source-riepe2021,"Table 3 row 'GeneSplicer', column 'Missing values'",0,result
splicing-follow-up-20261009-result-riepe2021-abca4-ncss-genesplicer-npv,splicing-follow-up-20261009-source-riepe2021,"Table 3 row 'GeneSplicer', column 'NPV (%)'",11,result
splicing-follow-up-20261009-result-riepe2021-abca4-ncss-genesplicer-ppv,splicing-follow-up-20261009-source-riepe2021,"Table 3 row 'GeneSplicer', column 'PPV (%)'",91,result
splicing-follow-up-20261009-result-riepe2021-abca4-ncss-genesplicer-sensitivity,splicing-follow-up-20261009-source-riepe2021,"Table 3 row 'GeneSplicer', column 'Sensitivity (%)'",48,result
splicing-follow-up-20261009-result-riepe2021-abca4-ncss-genesplicer-specificity,splicing-follow-up-20261009-source-riepe2021,"Table 3 row 'GeneSplicer', column 'Specificity (%)'",57,result
splicing-follow-up-20261009-result-riepe2021-abca4-ncss-genesplicer-tn,splicing-follow-up-20261009-source-riepe2021,"Table 3 row 'GeneSplicer', column 'TN'",4,result
splicing-follow-up-20261009-result-riepe2021-abca4-ncss-genesplicer-tp,splicing-follow-up-20261009-source-riepe2021,"Table 3 row 'GeneSplicer', column 'TP'",31,result
splicing-follow-up-20261009-result-riepe2021-abca4-ncss-maxentscan-accuracy,splicing-follow-up-20261009-source-riepe2021,"Table 3 row 'MaxEntScan', column 'Accuracy (%)'",63,result
splicing-follow-up-20261009-result-riepe2021-abca4-ncss-maxentscan-fn,splicing-follow-up-20261009-source-riepe2021,"Table 3 row 'MaxEntScan', column 'FN'",24,result
splicing-follow-up-20261009-result-riepe2021-abca4-ncss-maxentscan-fp,splicing-follow-up-20261009-source-riepe2021,"Table 3 row 'MaxEntScan', column 'FP'",2,result
splicing-follow-up-20261009-result-riepe2021-abca4-ncss-maxentscan-mcc,splicing-follow-up-20261009-source-riepe2021,"Table 3 row 'MaxEntScan', column 'MCC'",0.21,result
splicing-follow-up-20261009-result-riepe2021-abca4-ncss-maxentscan-missing,splicing-follow-up-20261009-source-riepe2021,"Table 3 row 'MaxEntScan', column 'Missing values'",0,result
splicing-follow-up-20261009-result-riepe2021-abca4-ncss-maxentscan-npv,splicing-follow-up-20261009-source-riepe2021,"Table 3 row 'MaxEntScan', column 'NPV (%)'",17,result
splicing-follow-up-20261009-result-riepe2021-abca4-ncss-maxentscan-ppv,splicing-follow-up-20261009-source-riepe2021,"Table 3 row 'MaxEntScan', column 'PPV (%)'",95,result
splicing-follow-up-20261009-result-riepe2021-abca4-ncss-maxentscan-sensitivity,splicing-follow-up-20261009-source-riepe2021,"Table 3 row 'MaxEntScan', column 'Sensitivity (%)'",63,result
splicing-follow-up-20261009-result-riepe2021-abca4-ncss-maxentscan-specificity,splicing-follow-up-20261009-source-riepe2021,"Table 3 row 'MaxEntScan', column 'Specificity (%)'",71,result
splicing-follow-up-20261009-result-riepe2021-abca4-ncss-maxentscan-tn,splicing-follow-up-20261009-source-riepe2021,"Table 3 row 'MaxEntScan', column 'TN'",5,result
splicing-follow-up-20261009-result-riepe2021-abca4-ncss-maxentscan-tp,splicing-follow-up-20261009-source-riepe2021,"Table 3 row 'MaxEntScan', column 'TP'",40,result
splicing-follow-up-20261009-result-riepe2021-abca4-ncss-mmsplice-2-0-0-accuracy,splicing-follow-up-20261009-source-riepe2021,"Table 3 row 'MMSplice', column 'Accuracy (%)'",68,result
splicing-follow-up-20261009-result-riepe2021-abca4-ncss-mmsplice-2-0-0-fn,splicing-follow-up-20261009-source-riepe2021,"Table 3 row 'MMSplice', column 'FN'",21,result
splicing-follow-up-20261009-result-riepe2021-abca4-ncss-mmsplice-2-0-0-fp,splicing-follow-up-20261009-source-riepe2021,"Table 3 row 'MMSplice', column 'FP'",2,result
splicing-follow-up-20261009-result-riepe2021-abca4-ncss-mmsplice-2-0-0-mcc,splicing-follow-up-20261009-source-riepe2021,"Table 3 row 'MMSplice', column 'MCC'",0.24,result
splicing-follow-up-20261009-result-riepe2021-abca4-ncss-mmsplice-2-0-0-missing,splicing-follow-up-20261009-source-riepe2021,"Table 3 row 'MMSplice', column 'Missing values'",0,result
splicing-follow-up-20261009-result-riepe2021-abca4-ncss-mmsplice-2-0-0-npv,splicing-follow-up-20261009-source-riepe2021,"Table 3 row 'MMSplice', column 'NPV (%)'",19,result
splicing-follow-up-20261009-result-riepe2021-abca4-ncss-mmsplice-2-0-0-ppv,splicing-follow-up-20261009-source-riepe2021,"Table 3 row 'MMSplice', column 'PPV (%)'",96,result
splicing-follow-up-20261009-result-riepe2021-abca4-ncss-mmsplice-2-0-0-sensitivity,splicing-follow-up-20261009-source-riepe2021,"Table 3 row 'MMSplice', column 'Sensitivity (%)'",67,result
splicing-follow-up-20261009-result-riepe2021-abca4-ncss-mmsplice-2-0-0-specificity,splicing-follow-up-20261009-source-riepe2021,"Table 3 row 'MMSplice', column 'Specificity (%)'",71,result
splicing-follow-up-20261009-result-riepe2021-abca4-ncss-mmsplice-2-0-0-tn,splicing-follow-up-20261009-source-riepe2021,"Table 3 row 'MMSplice', column 'TN'",5,result
splicing-follow-up-20261009-result-riepe2021-abca4-ncss-mmsplice-2-0-0-tp,splicing-follow-up-20261009-source-riepe2021,"Table 3 row 'MMSplice', column 'TP'",43,result
splicing-follow-up-20261009-result-riepe2021-abca4-ncss-nnsplice-accuracy,splicing-follow-up-20261009-source-riepe2021,"Table 3 row 'NNSPLICE', column 'Accuracy (%)'",66,result
splicing-follow-up-20261009-result-riepe2021-abca4-ncss-nnsplice-fn,splicing-follow-up-20261009-source-riepe2021,"Table 3 row 'NNSPLICE', column 'FN'",22,result
splicing-follow-up-20261009-result-riepe2021-abca4-ncss-nnsplice-fp,splicing-follow-up-20261009-source-riepe2021,"Table 3 row 'NNSPLICE', column 'FP'",2,result
splicing-follow-up-20261009-result-riepe2021-abca4-ncss-nnsplice-mcc,splicing-follow-up-20261009-source-riepe2021,"Table 3 row 'NNSPLICE', column 'MCC'",0.23,result
splicing-follow-up-20261009-result-riepe2021-abca4-ncss-nnsplice-missing,splicing-follow-up-20261009-source-riepe2021,"Table 3 row 'NNSPLICE', column 'Missing values'",0,result
splicing-follow-up-20261009-result-riepe2021-abca4-ncss-nnsplice-npv,splicing-follow-up-20261009-source-riepe2021,"Table 3 row 'NNSPLICE', column 'NPV (%)'",19,result
splicing-follow-up-20261009-result-riepe2021-abca4-ncss-nnsplice-ppv,splicing-follow-up-20261009-source-riepe2021,"Table 3 row 'NNSPLICE', column 'PPV (%)'",95,result
splicing-follow-up-20261009-result-riepe2021-abca4-ncss-nnsplice-sensitivity,splicing-follow-up-20261009-source-riepe2021,"Table 3 row 'NNSPLICE', column 'Sensitivity (%)'",66,result
splicing-follow-up-20261009-result-riepe2021-abca4-ncss-nnsplice-specificity,splicing-follow-up-20261009-source-riepe2021,"Table 3 row 'NNSPLICE', column 'Specificity (%)'",71,result
splicing-follow-up-20261009-result-riepe2021-abca4-ncss-nnsplice-tn,splicing-follow-up-20261009-source-riepe2021,"Table 3 row 'NNSPLICE', column 'TN'",5,result
splicing-follow-up-20261009-result-riepe2021-abca4-ncss-nnsplice-tp,splicing-follow-up-20261009-source-riepe2021,"Table 3 row 'NNSPLICE', column 'TP'",42,result
splicing-follow-up-20261009-result-riepe2021-abca4-ncss-spidex-1-0-accuracy,splicing-follow-up-20261009-source-riepe2021,"Table 3 row 'Spidex', column 'Accuracy (%)'",68,result
splicing-follow-up-20261009-result-riepe2021-abca4-ncss-spidex-1-0-fn,splicing-follow-up-20261009-source-riepe2021,"Table 3 row 'Spidex', column 'FN'",21,result
splicing-follow-up-20261009-result-riepe2021-abca4-ncss-spidex-1-0-fp,splicing-follow-up-20261009-source-riepe2021,"Table 3 row 'Spidex', column 'FP'",2,result
splicing-follow-up-20261009-result-riepe2021-abca4-ncss-spidex-1-0-mcc,splicing-follow-up-20261009-source-riepe2021,"Table 3 row 'Spidex', column 'MCC'",0.24,result
splicing-follow-up-20261009-result-riepe2021-abca4-ncss-spidex-1-0-missing,splicing-follow-up-20261009-source-riepe2021,"Table 3 row 'Spidex', column 'Missing values'",5,result
splicing-follow-up-20261009-result-riepe2021-abca4-ncss-spidex-1-0-npv,splicing-follow-up-20261009-source-riepe2021,"Table 3 row 'Spidex', column 'NPV (%)'",19,result
splicing-follow-up-20261009-result-riepe2021-abca4-ncss-spidex-1-0-ppv,splicing-follow-up-20261009-source-riepe2021,"Table 3 row 'Spidex', column 'PPV (%)'",96,result
splicing-follow-up-20261009-result-riepe2021-abca4-ncss-spidex-1-0-sensitivity,splicing-follow-up-20261009-source-riepe2021,"Table 3 row 'Spidex', column 'Sensitivity (%)'",67,result
splicing-follow-up-20261009-result-riepe2021-abca4-ncss-spidex-1-0-specificity,splicing-follow-up-20261009-source-riepe2021,"Table 3 row 'Spidex', column 'Specificity (%)'",71,result
splicing-follow-up-20261009-result-riepe2021-abca4-ncss-spidex-1-0-tn,splicing-follow-up-20261009-source-riepe2021,"Table 3 row 'Spidex', column 'TN'",5,result
splicing-follow-up-20261009-result-riepe2021-abca4-ncss-spidex-1-0-tp,splicing-follow-up-20261009-source-riepe2021,"Table 3 row 'Spidex', column 'TP'",43,result
splicing-follow-up-20261009-result-riepe2021-abca4-ncss-spliceai-1-3-1-accuracy,splicing-follow-up-20261009-source-riepe2021,"Table 3 row 'SpliceAI', column 'Accuracy (%)'",79,result
splicing-follow-up-20261009-result-riepe2021-abca4-ncss-spliceai-1-3-1-fn,splicing-follow-up-20261009-source-riepe2021,"Table 3 row 'SpliceAI', column 'FN'",14,result
splicing-follow-up-20261009-result-riepe2021-abca4-ncss-spliceai-1-3-1-fp,splicing-follow-up-20261009-source-riepe2021,"Table 3 row 'SpliceAI', column 'FP'",1,result
splicing-follow-up-20261009-result-riepe2021-abca4-ncss-spliceai-1-3-1-mcc,splicing-follow-up-20261009-source-riepe2021,"Table 3 row 'SpliceAI', column 'MCC'",0.42,result
splicing-follow-up-20261009-result-riepe2021-abca4-ncss-spliceai-1-3-1-missing,splicing-follow-up-20261009-source-riepe2021,"Table 3 row 'SpliceAI', column 'Missing values'",0,result
splicing-follow-up-20261009-result-riepe2021-abca4-ncss-spliceai-1-3-1-npv,splicing-follow-up-20261009-source-riepe2021,"Table 3 row 'SpliceAI', column 'NPV (%)'",30,result
splicing-follow-up-20261009-result-riepe2021-abca4-ncss-spliceai-1-3-1-ppv,splicing-follow-up-20261009-source-riepe2021,"Table 3 row 'SpliceAI', column 'PPV (%)'",98,result
splicing-follow-up-20261009-result-riepe2021-abca4-ncss-spliceai-1-3-1-sensitivity,splicing-follow-up-20261009-source-riepe2021,"Table 3 row 'SpliceAI', column 'Sensitivity (%)'",78,result
splicing-follow-up-20261009-result-riepe2021-abca4-ncss-spliceai-1-3-1-specificity,splicing-follow-up-20261009-source-riepe2021,"Table 3 row 'SpliceAI', column 'Specificity (%)'",86,result
splicing-follow-up-20261009-result-riepe2021-abca4-ncss-spliceai-1-3-1-tn,splicing-follow-up-20261009-source-riepe2021,"Table 3 row 'SpliceAI', column 'TN'",6,result
splicing-follow-up-20261009-result-riepe2021-abca4-ncss-spliceai-1-3-1-tp,splicing-follow-up-20261009-source-riepe2021,"Table 3 row 'SpliceAI', column 'TP'",50,result
splicing-follow-up-20261009-result-riepe2021-abca4-ncss-splicerover-accuracy,splicing-follow-up-20261009-source-riepe2021,"Table 3 row 'SpliceRover', column 'Accuracy (%)'",76,result
splicing-follow-up-20261009-result-riepe2021-abca4-ncss-splicerover-fn,splicing-follow-up-20261009-source-riepe2021,"Table 3 row 'SpliceRover', column 'FN'",16,result
splicing-follow-up-20261009-result-riepe2021-abca4-ncss-splicerover-fp,splicing-follow-up-20261009-source-riepe2021,"Table 3 row 'SpliceRover', column 'FP'",1,result
splicing-follow-up-20261009-result-riepe2021-abca4-ncss-splicerover-mcc,splicing-follow-up-20261009-source-riepe2021,"Table 3 row 'SpliceRover', column 'MCC'",0.39,result
splicing-follow-up-20261009-result-riepe2021-abca4-ncss-splicerover-missing,splicing-follow-up-20261009-source-riepe2021,"Table 3 row 'SpliceRover', column 'Missing values'",0,result
splicing-follow-up-20261009-result-riepe2021-abca4-ncss-splicerover-npv,splicing-follow-up-20261009-source-riepe2021,"Table 3 row 'SpliceRover', column 'NPV (%)'",27,result
splicing-follow-up-20261009-result-riepe2021-abca4-ncss-splicerover-ppv,splicing-follow-up-20261009-source-riepe2021,"Table 3 row 'SpliceRover', column 'PPV (%)'",98,result
splicing-follow-up-20261009-result-riepe2021-abca4-ncss-splicerover-sensitivity,splicing-follow-up-20261009-source-riepe2021,"Table 3 row 'SpliceRover', column 'Sensitivity (%)'",75,result
splicing-follow-up-20261009-result-riepe2021-abca4-ncss-splicerover-specificity,splicing-follow-up-20261009-source-riepe2021,"Table 3 row 'SpliceRover', column 'Specificity (%)'",86,result
splicing-follow-up-20261009-result-riepe2021-abca4-ncss-splicerover-tn,splicing-follow-up-20261009-source-riepe2021,"Table 3 row 'SpliceRover', column 'TN'",6,result
splicing-follow-up-20261009-result-riepe2021-abca4-ncss-splicerover-tp,splicing-follow-up-20261009-source-riepe2021,"Table 3 row 'SpliceRover', column 'TP'",48,result
splicing-follow-up-20261009-result-riepe2021-abca4-ncss-splicesitefinder-like-accuracy,splicing-follow-up-20261009-source-riepe2021,"Table 3 row 'SpliceSiteFinder‐like', column 'Accuracy (%)'",63,result
splicing-follow-up-20261009-result-riepe2021-abca4-ncss-splicesitefinder-like-fn,splicing-follow-up-20261009-source-riepe2021,"Table 3 row 'SpliceSiteFinder‐like', column 'FN'",24,result
splicing-follow-up-20261009-result-riepe2021-abca4-ncss-splicesitefinder-like-fp,splicing-follow-up-20261009-source-riepe2021,"Table 3 row 'SpliceSiteFinder‐like', column 'FP'",2,result
splicing-follow-up-20261009-result-riepe2021-abca4-ncss-splicesitefinder-like-mcc,splicing-follow-up-20261009-source-riepe2021,"Table 3 row 'SpliceSiteFinder‐like', column 'MCC'",0.21,result
splicing-follow-up-20261009-result-riepe2021-abca4-ncss-splicesitefinder-like-missing,splicing-follow-up-20261009-source-riepe2021,"Table 3 row 'SpliceSiteFinder‐like', column 'Missing values'",0,result
splicing-follow-up-20261009-result-riepe2021-abca4-ncss-splicesitefinder-like-npv,splicing-follow-up-20261009-source-riepe2021,"Table 3 row 'SpliceSiteFinder‐like', column 'NPV (%)'",17,result
splicing-follow-up-20261009-result-riepe2021-abca4-ncss-splicesitefinder-like-ppv,splicing-follow-up-20261009-source-riepe2021,"Table 3 row 'SpliceSiteFinder‐like', column 'PPV (%)'",95,result
splicing-follow-up-20261009-result-riepe2021-abca4-ncss-splicesitefinder-like-sensitivity,splicing-follow-up-20261009-source-riepe2021,"Table 3 row 'SpliceSiteFinder‐like', column 'Sensitivity (%)'",63,result
splicing-follow-up-20261009-result-riepe2021-abca4-ncss-splicesitefinder-like-specificity,splicing-follow-up-20261009-source-riepe2021,"Table 3 row 'SpliceSiteFinder‐like', column 'Specificity (%)'",71,result
splicing-follow-up-20261009-result-riepe2021-abca4-ncss-splicesitefinder-like-tn,splicing-follow-up-20261009-source-riepe2021,"Table 3 row 'SpliceSiteFinder‐like', column 'TN'",5,result
splicing-follow-up-20261009-result-riepe2021-abca4-ncss-splicesitefinder-like-tp,splicing-follow-up-20261009-source-riepe2021,"Table 3 row 'SpliceSiteFinder‐like', column 'TP'",40,result
splicing-follow-up-20261009-result-riepe2021-mybpc3-ncss-alamut-consensus-accuracy,splicing-follow-up-20261009-source-riepe2021,"Table 5 row 'Alamut Consensus 3/4', column 'Accuracy (%)'",75,result
splicing-follow-up-20261009-result-riepe2021-mybpc3-ncss-alamut-consensus-fn,splicing-follow-up-20261009-source-riepe2021,"Table 5 row 'Alamut Consensus 3/4', column 'FN'",11,result
splicing-follow-up-20261009-result-riepe2021-mybpc3-ncss-alamut-consensus-fp,splicing-follow-up-20261009-source-riepe2021,"Table 5 row 'Alamut Consensus 3/4', column 'FP'",4,result
splicing-follow-up-20261009-result-riepe2021-mybpc3-ncss-alamut-consensus-mcc,splicing-follow-up-20261009-source-riepe2021,"Table 5 row 'Alamut Consensus 3/4', column 'MCC'",0.53,result
splicing-follow-up-20261009-result-riepe2021-mybpc3-ncss-alamut-consensus-missing,splicing-follow-up-20261009-source-riepe2021,"Table 5 row 'Alamut Consensus 3/4', column 'Missing values'",0,result
splicing-follow-up-20261009-result-riepe2021-mybpc3-ncss-alamut-consensus-npv,splicing-follow-up-20261009-source-riepe2021,"Table 5 row 'Alamut Consensus 3/4', column 'NPV (%)'",68,result
splicing-follow-up-20261009-result-riepe2021-mybpc3-ncss-alamut-consensus-ppv,splicing-follow-up-20261009-source-riepe2021,"Table 5 row 'Alamut Consensus 3/4', column 'PPV (%)'",85,result
splicing-follow-up-20261009-result-riepe2021-mybpc3-ncss-alamut-consensus-sensitivity,splicing-follow-up-20261009-source-riepe2021,"Table 5 row 'Alamut Consensus 3/4', column 'Sensitivity (%)'",68,result
splicing-follow-up-20261009-result-riepe2021-mybpc3-ncss-alamut-consensus-specificity,splicing-follow-up-20261009-source-riepe2021,"Table 5 row 'Alamut Consensus 3/4', column 'Specificity (%)'",85,result
splicing-follow-up-20261009-result-riepe2021-mybpc3-ncss-alamut-consensus-tn,splicing-follow-up-20261009-source-riepe2021,"Table 5 row 'Alamut Consensus 3/4', column 'TN'",23,result
splicing-follow-up-20261009-result-riepe2021-mybpc3-ncss-alamut-consensus-tp,splicing-follow-up-20261009-source-riepe2021,"Table 5 row 'Alamut Consensus 3/4', column 'TP'",23,result
splicing-follow-up-20261009-result-riepe2021-mybpc3-ncss-cadd-1-6-accuracy,splicing-follow-up-20261009-source-riepe2021,"Table 5 row 'CADD', column 'Accuracy (%)'",66,result
splicing-follow-up-20261009-result-riepe2021-mybpc3-ncss-cadd-1-6-fn,splicing-follow-up-20261009-source-riepe2021,"Table 5 row 'CADD', column 'FN'",13,result
splicing-follow-up-20261009-result-riepe2021-mybpc3-ncss-cadd-1-6-fp,splicing-follow-up-20261009-source-riepe2021,"Table 5 row 'CADD', column 'FP'",8,result
splicing-follow-up-20261009-result-riepe2021-mybpc3-ncss-cadd-1-6-mcc,splicing-follow-up-20261009-source-riepe2021,"Table 5 row 'CADD', column 'MCC'",0.32,result
splicing-follow-up-20261009-result-riepe2021-mybpc3-ncss-cadd-1-6-missing,splicing-follow-up-20261009-source-riepe2021,"Table 5 row 'CADD', column 'Missing values'",0,result
splicing-follow-up-20261009-result-riepe2021-mybpc3-ncss-cadd-1-6-npv,splicing-follow-up-20261009-source-riepe2021,"Table 5 row 'CADD', column 'NPV (%)'",59,result
splicing-follow-up-20261009-result-riepe2021-mybpc3-ncss-cadd-1-6-ppv,splicing-follow-up-20261009-source-riepe2021,"Table 5 row 'CADD', column 'PPV (%)'",72,result
splicing-follow-up-20261009-result-riepe2021-mybpc3-ncss-cadd-1-6-sensitivity,splicing-follow-up-20261009-source-riepe2021,"Table 5 row 'CADD', column 'Sensitivity (%)'",62,result
splicing-follow-up-20261009-result-riepe2021-mybpc3-ncss-cadd-1-6-specificity,splicing-follow-up-20261009-source-riepe2021,"Table 5 row 'CADD', column 'Specificity (%)'",70,result
splicing-follow-up-20261009-result-riepe2021-mybpc3-ncss-cadd-1-6-tn,splicing-follow-up-20261009-source-riepe2021,"Table 5 row 'CADD', column 'TN'",19,result
splicing-follow-up-20261009-result-riepe2021-mybpc3-ncss-cadd-1-6-tp,splicing-follow-up-20261009-source-riepe2021,"Table 5 row 'CADD', column 'TP'",21,result
splicing-follow-up-20261009-result-riepe2021-mybpc3-ncss-dssp-accuracy,splicing-follow-up-20261009-source-riepe2021,"Table 5 row 'DSSP', column 'Accuracy (%)'",64,result
splicing-follow-up-20261009-result-riepe2021-mybpc3-ncss-dssp-fn,splicing-follow-up-20261009-source-riepe2021,"Table 5 row 'DSSP', column 'FN'",12,result
splicing-follow-up-20261009-result-riepe2021-mybpc3-ncss-dssp-fp,splicing-follow-up-20261009-source-riepe2021,"Table 5 row 'DSSP', column 'FP'",10,result
splicing-follow-up-20261009-result-riepe2021-mybpc3-ncss-dssp-mcc,splicing-follow-up-20261009-source-riepe2021,"Table 5 row 'DSSP', column 'MCC'",0.28,result
splicing-follow-up-20261009-result-riepe2021-mybpc3-ncss-dssp-missing,splicing-follow-up-20261009-source-riepe2021,"Table 5 row 'DSSP', column 'Missing values'",0,result
splicing-follow-up-20261009-result-riepe2021-mybpc3-ncss-dssp-npv,splicing-follow-up-20261009-source-riepe2021,"Table 5 row 'DSSP', column 'NPV (%)'",59,result
splicing-follow-up-20261009-result-riepe2021-mybpc3-ncss-dssp-ppv,splicing-follow-up-20261009-source-riepe2021,"Table 5 row 'DSSP', column 'PPV (%)'",69,result
splicing-follow-up-20261009-result-riepe2021-mybpc3-ncss-dssp-sensitivity,splicing-follow-up-20261009-source-riepe2021,"Table 5 row 'DSSP', column 'Sensitivity (%)'",65,result
splicing-follow-up-20261009-result-riepe2021-mybpc3-ncss-dssp-specificity,splicing-follow-up-20261009-source-riepe2021,"Table 5 row 'DSSP', column 'Specificity (%)'",63,result
splicing-follow-up-20261009-result-riepe2021-mybpc3-ncss-dssp-tn,splicing-follow-up-20261009-source-riepe2021,"Table 5 row 'DSSP', column 'TN'",17,result
splicing-follow-up-20261009-result-riepe2021-mybpc3-ncss-dssp-tp,splicing-follow-up-20261009-source-riepe2021,"Table 5 row 'DSSP', column 'TP'",22,result
splicing-follow-up-20261009-result-riepe2021-mybpc3-ncss-genesplicer-accuracy,splicing-follow-up-20261009-source-riepe2021,"Table 5 row 'GeneSplicer', column 'Accuracy (%)'",75,result
splicing-follow-up-20261009-result-riepe2021-mybpc3-ncss-genesplicer-fn,splicing-follow-up-20261009-source-riepe2021,"Table 5 row 'GeneSplicer', column 'FN'",9,result
splicing-follow-up-20261009-result-riepe2021-mybpc3-ncss-genesplicer-fp,splicing-follow-up-20261009-source-riepe2021,"Table 5 row 'GeneSplicer', column 'FP'",6,result
splicing-follow-up-20261009-result-riepe2021-mybpc3-ncss-genesplicer-mcc,splicing-follow-up-20261009-source-riepe2021,"Table 5 row 'GeneSplicer', column 'MCC'",0.51,result
splicing-follow-up-20261009-result-riepe2021-mybpc3-ncss-genesplicer-missing,splicing-follow-up-20261009-source-riepe2021,"Table 5 row 'GeneSplicer', column 'Missing values'",0,result
splicing-follow-up-20261009-result-riepe2021-mybpc3-ncss-genesplicer-npv,splicing-follow-up-20261009-source-riepe2021,"Table 5 row 'GeneSplicer', column 'NPV (%)'",70,result
splicing-follow-up-20261009-result-riepe2021-mybpc3-ncss-genesplicer-ppv,splicing-follow-up-20261009-source-riepe2021,"Table 5 row 'GeneSplicer', column 'PPV (%)'",81,result
splicing-follow-up-20261009-result-riepe2021-mybpc3-ncss-genesplicer-sensitivity,splicing-follow-up-20261009-source-riepe2021,"Table 5 row 'GeneSplicer', column 'Sensitivity (%)'",74,result
splicing-follow-up-20261009-result-riepe2021-mybpc3-ncss-genesplicer-specificity,splicing-follow-up-20261009-source-riepe2021,"Table 5 row 'GeneSplicer', column 'Specificity (%)'",78,result
splicing-follow-up-20261009-result-riepe2021-mybpc3-ncss-genesplicer-tn,splicing-follow-up-20261009-source-riepe2021,"Table 5 row 'GeneSplicer', column 'TN'",21,result
splicing-follow-up-20261009-result-riepe2021-mybpc3-ncss-genesplicer-tp,splicing-follow-up-20261009-source-riepe2021,"Table 5 row 'GeneSplicer', column 'TP'",25,result
splicing-follow-up-20261009-result-riepe2021-mybpc3-ncss-maxentscan-accuracy,splicing-follow-up-20261009-source-riepe2021,"Table 5 row 'MaxEntScan', column 'Accuracy (%)'",74,result
splicing-follow-up-20261009-result-riepe2021-mybpc3-ncss-maxentscan-fn,splicing-follow-up-20261009-source-riepe2021,"Table 5 row 'MaxEntScan', column 'FN'",10,result
splicing-follow-up-20261009-result-riepe2021-mybpc3-ncss-maxentscan-fp,splicing-follow-up-20261009-source-riepe2021,"Table 5 row 'MaxEntScan', column 'FP'",6,result
splicing-follow-up-20261009-result-riepe2021-mybpc3-ncss-maxentscan-mcc,splicing-follow-up-20261009-source-riepe2021,"Table 5 row 'MaxEntScan', column 'MCC'",0.48,result
splicing-follow-up-20261009-result-riepe2021-mybpc3-ncss-maxentscan-missing,splicing-follow-up-20261009-source-riepe2021,"Table 5 row 'MaxEntScan', column 'Missing values'",0,result
splicing-follow-up-20261009-result-riepe2021-mybpc3-ncss-maxentscan-npv,splicing-follow-up-20261009-source-riepe2021,"Table 5 row 'MaxEntScan', column 'NPV (%)'",68,result
splicing-follow-up-20261009-result-riepe2021-mybpc3-ncss-maxentscan-ppv,splicing-follow-up-20261009-source-riepe2021,"Table 5 row 'MaxEntScan', column 'PPV (%)'",80,result
splicing-follow-up-20261009-result-riepe2021-mybpc3-ncss-maxentscan-sensitivity,splicing-follow-up-20261009-source-riepe2021,"Table 5 row 'MaxEntScan', column 'Sensitivity (%)'",71,result
splicing-follow-up-20261009-result-riepe2021-mybpc3-ncss-maxentscan-specificity,splicing-follow-up-20261009-source-riepe2021,"Table 5 row 'MaxEntScan', column 'Specificity (%)'",78,result
splicing-follow-up-20261009-result-riepe2021-mybpc3-ncss-maxentscan-tn,splicing-follow-up-20261009-source-riepe2021,"Table 5 row 'MaxEntScan', column 'TN'",21,result
splicing-follow-up-20261009-result-riepe2021-mybpc3-ncss-maxentscan-tp,splicing-follow-up-20261009-source-riepe2021,"Table 5 row 'MaxEntScan', column 'TP'",24,result
splicing-follow-up-20261009-result-riepe2021-mybpc3-ncss-mmsplice-2-0-0-accuracy,splicing-follow-up-20261009-source-riepe2021,"Table 5 row 'MMSplice', column 'Accuracy (%)'",75,result
splicing-follow-up-20261009-result-riepe2021-mybpc3-ncss-mmsplice-2-0-0-fn,splicing-follow-up-20261009-source-riepe2021,"Table 5 row 'MMSplice', column 'FN'",9,result
splicing-follow-up-20261009-result-riepe2021-mybpc3-ncss-mmsplice-2-0-0-fp,splicing-follow-up-20261009-source-riepe2021,"Table 5 row 'MMSplice', column 'FP'",6,result
splicing-follow-up-20261009-result-riepe2021-mybpc3-ncss-mmsplice-2-0-0-mcc,splicing-follow-up-20261009-source-riepe2021,"Table 5 row 'MMSplice', column 'MCC'",0.51,result
splicing-follow-up-20261009-result-riepe2021-mybpc3-ncss-mmsplice-2-0-0-missing,splicing-follow-up-20261009-source-riepe2021,"Table 5 row 'MMSplice', column 'Missing values'",0,result
splicing-follow-up-20261009-result-riepe2021-mybpc3-ncss-mmsplice-2-0-0-npv,splicing-follow-up-20261009-source-riepe2021,"Table 5 row 'MMSplice', column 'NPV (%)'",70,result
splicing-follow-up-20261009-result-riepe2021-mybpc3-ncss-mmsplice-2-0-0-ppv,splicing-follow-up-20261009-source-riepe2021,"Table 5 row 'MMSplice', column 'PPV (%)'",81,result
splicing-follow-up-20261009-result-riepe2021-mybpc3-ncss-mmsplice-2-0-0-sensitivity,splicing-follow-up-20261009-source-riepe2021,"Table 5 row 'MMSplice', column 'Sensitivity (%)'",74,result
splicing-follow-up-20261009-result-riepe2021-mybpc3-ncss-mmsplice-2-0-0-specificity,splicing-follow-up-20261009-source-riepe2021,"Table 5 row 'MMSplice', column 'Specificity (%)'",78,result
splicing-follow-up-20261009-result-riepe2021-mybpc3-ncss-mmsplice-2-0-0-tn,splicing-follow-up-20261009-source-riepe2021,"Table 5 row 'MMSplice', column 'TN'",21,result
splicing-follow-up-20261009-result-riepe2021-mybpc3-ncss-mmsplice-2-0-0-tp,splicing-follow-up-20261009-source-riepe2021,"Table 5 row 'MMSplice', column 'TP'",25,result
splicing-follow-up-20261009-result-riepe2021-mybpc3-ncss-nnsplice-accuracy,splicing-follow-up-20261009-source-riepe2021,"Table 5 row 'NNSPLICE', column 'Accuracy (%)'",72,result
splicing-follow-up-20261009-result-riepe2021-mybpc3-ncss-nnsplice-fn,splicing-follow-up-20261009-source-riepe2021,"Table 5 row 'NNSPLICE', column 'FN'",11,result
splicing-follow-up-20261009-result-riepe2021-mybpc3-ncss-nnsplice-fp,splicing-follow-up-20261009-source-riepe2021,"Table 5 row 'NNSPLICE', column 'FP'",6,result
splicing-follow-up-20261009-result-riepe2021-mybpc3-ncss-nnsplice-mcc,splicing-follow-up-20261009-source-riepe2021,"Table 5 row 'NNSPLICE', column 'MCC'",0.45,result
splicing-follow-up-20261009-result-riepe2021-mybpc3-ncss-nnsplice-missing,splicing-follow-up-20261009-source-riepe2021,"Table 5 row 'NNSPLICE', column 'Missing values'",0,result
splicing-follow-up-20261009-result-riepe2021-mybpc3-ncss-nnsplice-npv,splicing-follow-up-20261009-source-riepe2021,"Table 5 row 'NNSPLICE', column 'NPV (%)'",66,result
splicing-follow-up-20261009-result-riepe2021-mybpc3-ncss-nnsplice-ppv,splicing-follow-up-20261009-source-riepe2021,"Table 5 row 'NNSPLICE', column 'PPV (%)'",79,result
splicing-follow-up-20261009-result-riepe2021-mybpc3-ncss-nnsplice-sensitivity,splicing-follow-up-20261009-source-riepe2021,"Table 5 row 'NNSPLICE', column 'Sensitivity (%)'",68,result
splicing-follow-up-20261009-result-riepe2021-mybpc3-ncss-nnsplice-specificity,splicing-follow-up-20261009-source-riepe2021,"Table 5 row 'NNSPLICE', column 'Specificity (%)'",78,result
splicing-follow-up-20261009-result-riepe2021-mybpc3-ncss-nnsplice-tn,splicing-follow-up-20261009-source-riepe2021,"Table 5 row 'NNSPLICE', column 'TN'",21,result
splicing-follow-up-20261009-result-riepe2021-mybpc3-ncss-nnsplice-tp,splicing-follow-up-20261009-source-riepe2021,"Table 5 row 'NNSPLICE', column 'TP'",23,result
splicing-follow-up-20261009-result-riepe2021-mybpc3-ncss-spidex-1-0-accuracy,splicing-follow-up-20261009-source-riepe2021,"Table 5 row 'Spidex', column 'Accuracy (%)'",62,result
splicing-follow-up-20261009-result-riepe2021-mybpc3-ncss-spidex-1-0-fn,splicing-follow-up-20261009-source-riepe2021,"Table 5 row 'Spidex', column 'FN'",14,result
splicing-follow-up-20261009-result-riepe2021-mybpc3-ncss-spidex-1-0-fp,splicing-follow-up-20261009-source-riepe2021,"Table 5 row 'Spidex', column 'FP'",9,result
splicing-follow-up-20261009-result-riepe2021-mybpc3-ncss-spidex-1-0-mcc,splicing-follow-up-20261009-source-riepe2021,"Table 5 row 'Spidex', column 'MCC'",0.25,result
splicing-follow-up-20261009-result-riepe2021-mybpc3-ncss-spidex-1-0-missing,splicing-follow-up-20261009-source-riepe2021,"Table 5 row 'Spidex', column 'Missing values'",3,result
splicing-follow-up-20261009-result-riepe2021-mybpc3-ncss-spidex-1-0-npv,splicing-follow-up-20261009-source-riepe2021,"Table 5 row 'Spidex', column 'NPV (%)'",56,result
splicing-follow-up-20261009-result-riepe2021-mybpc3-ncss-spidex-1-0-ppv,splicing-follow-up-20261009-source-riepe2021,"Table 5 row 'Spidex', column 'PPV (%)'",69,result
splicing-follow-up-20261009-result-riepe2021-mybpc3-ncss-spidex-1-0-sensitivity,splicing-follow-up-20261009-source-riepe2021,"Table 5 row 'Spidex', column 'Sensitivity (%)'",59,result
splicing-follow-up-20261009-result-riepe2021-mybpc3-ncss-spidex-1-0-specificity,splicing-follow-up-20261009-source-riepe2021,"Table 5 row 'Spidex', column 'Specificity (%)'",67,result
splicing-follow-up-20261009-result-riepe2021-mybpc3-ncss-spidex-1-0-tn,splicing-follow-up-20261009-source-riepe2021,"Table 5 row 'Spidex', column 'TN'",18,result
splicing-follow-up-20261009-result-riepe2021-mybpc3-ncss-spidex-1-0-tp,splicing-follow-up-20261009-source-riepe2021,"Table 5 row 'Spidex', column 'TP'",20,result
splicing-follow-up-20261009-result-riepe2021-mybpc3-ncss-spliceai-1-3-1-accuracy,splicing-follow-up-20261009-source-riepe2021,"Table 5 row 'SpliceAI', column 'Accuracy (%)'",67,result
splicing-follow-up-20261009-result-riepe2021-mybpc3-ncss-spliceai-1-3-1-fn,splicing-follow-up-20261009-source-riepe2021,"Table 5 row 'SpliceAI', column 'FN'",12,result
splicing-follow-up-20261009-result-riepe2021-mybpc3-ncss-spliceai-1-3-1-fp,splicing-follow-up-20261009-source-riepe2021,"Table 5 row 'SpliceAI', column 'FP'",8,result
splicing-follow-up-20261009-result-riepe2021-mybpc3-ncss-spliceai-1-3-1-mcc,splicing-follow-up-20261009-source-riepe2021,"Table 5 row 'SpliceAI', column 'MCC'",0.35,result
splicing-follow-up-20261009-result-riepe2021-mybpc3-ncss-spliceai-1-3-1-missing,splicing-follow-up-20261009-source-riepe2021,"Table 5 row 'SpliceAI', column 'Missing values'",0,result
splicing-follow-up-20261009-result-riepe2021-mybpc3-ncss-spliceai-1-3-1-npv,splicing-follow-up-20261009-source-riepe2021,"Table 5 row 'SpliceAI', column 'NPV (%)'",61,result
splicing-follow-up-20261009-result-riepe2021-mybpc3-ncss-spliceai-1-3-1-ppv,splicing-follow-up-20261009-source-riepe2021,"Table 5 row 'SpliceAI', column 'PPV (%)'",73,result
splicing-follow-up-20261009-result-riepe2021-mybpc3-ncss-spliceai-1-3-1-sensitivity,splicing-follow-up-20261009-source-riepe2021,"Table 5 row 'SpliceAI', column 'Sensitivity (%)'",65,result
splicing-follow-up-20261009-result-riepe2021-mybpc3-ncss-spliceai-1-3-1-specificity,splicing-follow-up-20261009-source-riepe2021,"Table 5 row 'SpliceAI', column 'Specificity (%)'",70,result
splicing-follow-up-20261009-result-riepe2021-mybpc3-ncss-spliceai-1-3-1-tn,splicing-follow-up-20261009-source-riepe2021,"Table 5 row 'SpliceAI', column 'TN'",19,result
splicing-follow-up-20261009-result-riepe2021-mybpc3-ncss-spliceai-1-3-1-tp,splicing-follow-up-20261009-source-riepe2021,"Table 5 row 'SpliceAI', column 'TP'",22,result
splicing-follow-up-20261009-result-riepe2021-mybpc3-ncss-splicerover-accuracy,splicing-follow-up-20261009-source-riepe2021,"Table 5 row 'SpliceRover', column 'Accuracy (%)'",66,result
splicing-follow-up-20261009-result-riepe2021-mybpc3-ncss-splicerover-fn,splicing-follow-up-20261009-source-riepe2021,"Table 5 row 'SpliceRover', column 'FN'",12,result
splicing-follow-up-20261009-result-riepe2021-mybpc3-ncss-splicerover-fp,splicing-follow-up-20261009-source-riepe2021,"Table 5 row 'SpliceRover', column 'FP'",9,result
splicing-follow-up-20261009-result-riepe2021-mybpc3-ncss-splicerover-mcc,splicing-follow-up-20261009-source-riepe2021,"Table 5 row 'SpliceRover', column 'MCC'",0.31,result
splicing-follow-up-20261009-result-riepe2021-mybpc3-ncss-splicerover-missing,splicing-follow-up-20261009-source-riepe2021,"Table 5 row 'SpliceRover', column 'Missing values'",0,result
splicing-follow-up-20261009-result-riepe2021-mybpc3-ncss-splicerover-npv,splicing-follow-up-20261009-source-riepe2021,"Table 5 row 'SpliceRover', column 'NPV (%)'",60,result
splicing-follow-up-20261009-result-riepe2021-mybpc3-ncss-splicerover-ppv,splicing-follow-up-20261009-source-riepe2021,"Table 5 row 'SpliceRover', column 'PPV (%)'",71,result
splicing-follow-up-20261009-result-riepe2021-mybpc3-ncss-splicerover-sensitivity,splicing-follow-up-20261009-source-riepe2021,"Table 5 row 'SpliceRover', column 'Sensitivity (%)'",65,result
splicing-follow-up-20261009-result-riepe2021-mybpc3-ncss-splicerover-specificity,splicing-follow-up-20261009-source-riepe2021,"Table 5 row 'SpliceRover', column 'Specificity (%)'",67,result
splicing-follow-up-20261009-result-riepe2021-mybpc3-ncss-splicerover-tn,splicing-follow-up-20261009-source-riepe2021,"Table 5 row 'SpliceRover', column 'TN'",18,result
splicing-follow-up-20261009-result-riepe2021-mybpc3-ncss-splicerover-tp,splicing-follow-up-20261009-source-riepe2021,"Table 5 row 'SpliceRover', column 'TP'",22,result
splicing-follow-up-20261009-result-riepe2021-mybpc3-ncss-splicesitefinder-like-accuracy,splicing-follow-up-20261009-source-riepe2021,"Table 5 row 'SpliceSiteFinder‐like', column 'Accuracy (%)'",75,result
splicing-follow-up-20261009-result-riepe2021-mybpc3-ncss-splicesitefinder-like-fn,splicing-follow-up-20261009-source-riepe2021,"Table 5 row 'SpliceSiteFinder‐like', column 'FN'",9,result
splicing-follow-up-20261009-result-riepe2021-mybpc3-ncss-splicesitefinder-like-fp,splicing-follow-up-20261009-source-riepe2021,"Table 5 row 'SpliceSiteFinder‐like', column 'FP'",6,result
splicing-follow-up-20261009-result-riepe2021-mybpc3-ncss-splicesitefinder-like-mcc,splicing-follow-up-20261009-source-riepe2021,"Table 5 row 'SpliceSiteFinder‐like', column 'MCC'",0.51,result
splicing-follow-up-20261009-result-riepe2021-mybpc3-ncss-splicesitefinder-like-missing,splicing-follow-up-20261009-source-riepe2021,"Table 5 row 'SpliceSiteFinder‐like', column 'Missing values'",0,result
splicing-follow-up-20261009-result-riepe2021-mybpc3-ncss-splicesitefinder-like-npv,splicing-follow-up-20261009-source-riepe2021,"Table 5 row 'SpliceSiteFinder‐like', column 'NPV (%)'",70,result
splicing-follow-up-20261009-result-riepe2021-mybpc3-ncss-splicesitefinder-like-ppv,splicing-follow-up-20261009-source-riepe2021,"Table 5 row 'SpliceSiteFinder‐like', column 'PPV (%)'",81,result
splicing-follow-up-20261009-result-riepe2021-mybpc3-ncss-splicesitefinder-like-sensitivity,splicing-follow-up-20261009-source-riepe2021,"Table 5 row 'SpliceSiteFinder‐like', column 'Sensitivity (%)'",74,result
splicing-follow-up-20261009-result-riepe2021-mybpc3-ncss-splicesitefinder-like-specificity,splicing-follow-up-20261009-source-riepe2021,"Table 5 row 'SpliceSiteFinder‐like', column 'Specificity (%)'",78,result
splicing-follow-up-20261009-result-riepe2021-mybpc3-ncss-splicesitefinder-like-tn,splicing-follow-up-20261009-source-riepe2021,"Table 5 row 'SpliceSiteFinder‐like', column 'TN'",21,result
splicing-follow-up-20261009-result-riepe2021-mybpc3-ncss-splicesitefinder-like-tp,splicing-follow-up-20261009-source-riepe2021,"Table 5 row 'SpliceSiteFinder‐like', column 'TP'",25,result
splicing-follow-up-20261009-result-smith2023-brca1-sge-conspliceml-all,splicing-follow-up-20261009-source-smith2023-table-s2,"Additional file 3 sheet 'Sensitivity 10% SDV', cell B9; row ConSpliceML, column BRCA1",0.914798206278026,result
splicing-follow-up-20261009-result-smith2023-brca1-sge-conspliceml-exon,splicing-follow-up-20261009-source-smith2023-table-s2,"Additional file 3 sheet 'Sensitivity 10% SDV', cell B17; row Exon_ConSpliceML, column BRCA1",0.727272727272727,result
splicing-follow-up-20261009-result-smith2023-brca1-sge-conspliceml-intron,splicing-follow-up-20261009-source-smith2023-table-s2,"Additional file 3 sheet 'Sensitivity 10% SDV', cell B25; row Intron_ConSpliceML, column BRCA1",0.924528301886792,result
splicing-follow-up-20261009-result-smith2023-brca1-sge-conspliceml-intron-noncanon,splicing-follow-up-20261009-source-smith2023-table-s2,"Additional file 3 sheet 'Sensitivity 10% SDV', cell B33; row Intron_NonCanon_ConSpliceML, column BRCA1",0.833333333333333,result
splicing-follow-up-20261009-result-smith2023-brca1-sge-hal-all,splicing-follow-up-20261009-source-smith2023-table-s2,"Additional file 3 sheet 'Sensitivity 10% SDV', cell B2; row HAL, column BRCA1",0.909090909090909,result
splicing-follow-up-20261009-result-smith2023-brca1-sge-hal-exon,splicing-follow-up-20261009-source-smith2023-table-s2,"Additional file 3 sheet 'Sensitivity 10% SDV', cell B10; row Exon_HAL, column BRCA1",0.909090909090909,result
splicing-follow-up-20261009-result-smith2023-brca1-sge-mmsplice-2-2-0-all,splicing-follow-up-20261009-source-smith2023-table-s2,"Additional file 3 sheet 'Sensitivity 10% SDV', cell B4; row MMSplice, column BRCA1",0.977578475336322,result
splicing-follow-up-20261009-result-smith2023-brca1-sge-mmsplice-2-2-0-exon,splicing-follow-up-20261009-source-smith2023-table-s2,"Additional file 3 sheet 'Sensitivity 10% SDV', cell B12; row Exon_MMSplice, column BRCA1",0.818181818181818,result
splicing-follow-up-20261009-result-smith2023-brca1-sge-mmsplice-2-2-0-intron,splicing-follow-up-20261009-source-smith2023-table-s2,"Additional file 3 sheet 'Sensitivity 10% SDV', cell B20; row Intron_MMSplice, column BRCA1",0.985849056603773,result
splicing-follow-up-20261009-result-smith2023-brca1-sge-mmsplice-2-2-0-intron-noncanon,splicing-follow-up-20261009-source-smith2023-table-s2,"Additional file 3 sheet 'Sensitivity 10% SDV', cell B28; row Intron_NonCanon_MMSplice, column BRCA1",0.96875,result
splicing-follow-up-20261009-result-smith2023-brca1-sge-pangolin-1-0-2-all,splicing-follow-up-20261009-source-smith2023-table-s2,"Additional file 3 sheet 'Sensitivity 10% SDV', cell B8; row Pangolin, column BRCA1",0.982062780269058,result
splicing-follow-up-20261009-result-smith2023-brca1-sge-pangolin-1-0-2-exon,splicing-follow-up-20261009-source-smith2023-table-s2,"Additional file 3 sheet 'Sensitivity 10% SDV', cell B16; row Exon_Pangolin, column BRCA1",0.909090909090909,result
splicing-follow-up-20261009-result-smith2023-brca1-sge-pangolin-1-0-2-intron,splicing-follow-up-20261009-source-smith2023-table-s2,"Additional file 3 sheet 'Sensitivity 10% SDV', cell B24; row Intron_Pangolin, column BRCA1",0.985849056603773,result
splicing-follow-up-20261009-result-smith2023-brca1-sge-pangolin-1-0-2-intron-noncanon,splicing-follow-up-20261009-source-smith2023-table-s2,"Additional file 3 sheet 'Sensitivity 10% SDV', cell B32; row Intron_NonCanon_Pangolin, column BRCA1",0.96875,result
splicing-follow-up-20261009-result-smith2023-brca1-sge-s-cap-all,splicing-follow-up-20261009-source-smith2023-table-s2,"Additional file 3 sheet 'Sensitivity 10% SDV', cell B3; row S-Cap, column BRCA1",0.954954954954955,result
splicing-follow-up-20261009-result-smith2023-brca1-sge-s-cap-exon,splicing-follow-up-20261009-source-smith2023-table-s2,"Additional file 3 sheet 'Sensitivity 10% SDV', cell B11; row Exon_S-Cap, column BRCA1",1,result
splicing-follow-up-20261009-result-smith2023-brca1-sge-s-cap-intron,splicing-follow-up-20261009-source-smith2023-table-s2,"Additional file 3 sheet 'Sensitivity 10% SDV', cell B19; row Intron_S-Cap, column BRCA1",0.952830188679245,result
splicing-follow-up-20261009-result-smith2023-brca1-sge-s-cap-intron-noncanon,splicing-follow-up-20261009-source-smith2023-table-s2,"Additional file 3 sheet 'Sensitivity 10% SDV', cell B27; row Intron_NonCanon_S-Cap, column BRCA1",0.895833333333333,result
splicing-follow-up-20261009-result-smith2023-brca1-sge-spanr-spidex-all,splicing-follow-up-20261009-source-smith2023-table-s2,"Additional file 3 sheet 'Sensitivity 10% SDV', cell B6; row SPANR, column BRCA1",0.753363228699551,result
splicing-follow-up-20261009-result-smith2023-brca1-sge-spanr-spidex-exon,splicing-follow-up-20261009-source-smith2023-table-s2,"Additional file 3 sheet 'Sensitivity 10% SDV', cell B14; row Exon_SPANR, column BRCA1",0.272727272727272,result
splicing-follow-up-20261009-result-smith2023-brca1-sge-spanr-spidex-intron,splicing-follow-up-20261009-source-smith2023-table-s2,"Additional file 3 sheet 'Sensitivity 10% SDV', cell B22; row Intron_SPANR, column BRCA1",0.778301886792452,result
splicing-follow-up-20261009-result-smith2023-brca1-sge-spanr-spidex-intron-noncanon,splicing-follow-up-20261009-source-smith2023-table-s2,"Additional file 3 sheet 'Sensitivity 10% SDV', cell B30; row Intron_NonCanon_SPANR, column BRCA1",0.583333333333333,result
splicing-follow-up-20261009-result-smith2023-brca1-sge-spliceai-1-3-1-all,splicing-follow-up-20261009-source-smith2023-table-s2,"Additional file 3 sheet 'Sensitivity 10% SDV', cell B7; row SpliceAI, column BRCA1",0.982062780269058,result
splicing-follow-up-20261009-result-smith2023-brca1-sge-spliceai-1-3-1-exon,splicing-follow-up-20261009-source-smith2023-table-s2,"Additional file 3 sheet 'Sensitivity 10% SDV', cell B15; row Exon_SpliceAI, column BRCA1",0.909090909090909,result
splicing-follow-up-20261009-result-smith2023-brca1-sge-spliceai-1-3-1-intron,splicing-follow-up-20261009-source-smith2023-table-s2,"Additional file 3 sheet 'Sensitivity 10% SDV', cell B23; row Intron_SpliceAI, column BRCA1",0.985849056603773,result
splicing-follow-up-20261009-result-smith2023-brca1-sge-spliceai-1-3-1-intron-noncanon,splicing-follow-up-20261009-source-smith2023-table-s2,"Additional file 3 sheet 'Sensitivity 10% SDV', cell B31; row Intron_NonCanon_SpliceAI, column BRCA1",0.96875,result
splicing-follow-up-20261009-result-smith2023-brca1-sge-squirls-1-0-0-all,splicing-follow-up-20261009-source-smith2023-table-s2,"Additional file 3 sheet 'Sensitivity 10% SDV', cell B5; row SQUIRLS, column BRCA1",0.654708520179372,result
splicing-follow-up-20261009-result-smith2023-brca1-sge-squirls-1-0-0-exon,splicing-follow-up-20261009-source-smith2023-table-s2,"Additional file 3 sheet 'Sensitivity 10% SDV', cell B13; row Exon_SQUIRLS, column BRCA1",0.454545454545454,result
splicing-follow-up-20261009-result-smith2023-brca1-sge-squirls-1-0-0-intron,splicing-follow-up-20261009-source-smith2023-table-s2,"Additional file 3 sheet 'Sensitivity 10% SDV', cell B21; row Intron_SQUIRLS, column BRCA1",0.665094339622641,result
splicing-follow-up-20261009-result-smith2023-brca1-sge-squirls-1-0-0-intron-noncanon,splicing-follow-up-20261009-source-smith2023-table-s2,"Additional file 3 sheet 'Sensitivity 10% SDV', cell B29; row Intron_NonCanon_SQUIRLS, column BRCA1",0.59375,result
splicing-follow-up-20261009-result-smith2023-fas-exon6-mpsa-conspliceml-all,splicing-follow-up-20261009-source-smith2023-table-s2,"Additional file 3 sheet 'Sensitivity 10% SDV', cell C9; row ConSpliceML, column FAS",0.0521739130434782,result
splicing-follow-up-20261009-result-smith2023-fas-exon6-mpsa-conspliceml-exon,splicing-follow-up-20261009-source-smith2023-table-s2,"Additional file 3 sheet 'Sensitivity 10% SDV', cell C17; row Exon_ConSpliceML, column FAS",0.0521739130434782,result
splicing-follow-up-20261009-result-smith2023-fas-exon6-mpsa-hal-all,splicing-follow-up-20261009-source-smith2023-table-s2,"Additional file 3 sheet 'Sensitivity 10% SDV', cell C2; row HAL, column FAS",0.147826086956521,result
splicing-follow-up-20261009-result-smith2023-fas-exon6-mpsa-hal-exon,splicing-follow-up-20261009-source-smith2023-table-s2,"Additional file 3 sheet 'Sensitivity 10% SDV', cell C10; row Exon_HAL, column FAS",0.147826086956521,result
splicing-follow-up-20261009-result-smith2023-fas-exon6-mpsa-mmsplice-2-2-0-all,splicing-follow-up-20261009-source-smith2023-table-s2,"Additional file 3 sheet 'Sensitivity 10% SDV', cell C4; row MMSplice, column FAS",0.365217391304347,result
splicing-follow-up-20261009-result-smith2023-fas-exon6-mpsa-mmsplice-2-2-0-exon,splicing-follow-up-20261009-source-smith2023-table-s2,"Additional file 3 sheet 'Sensitivity 10% SDV', cell C12; row Exon_MMSplice, column FAS",0.365217391304347,result
splicing-follow-up-20261009-result-smith2023-fas-exon6-mpsa-pangolin-1-0-2-all,splicing-follow-up-20261009-source-smith2023-table-s2,"Additional file 3 sheet 'Sensitivity 10% SDV', cell C8; row Pangolin, column FAS",0.48695652173913,result
splicing-follow-up-20261009-result-smith2023-fas-exon6-mpsa-pangolin-1-0-2-exon,splicing-follow-up-20261009-source-smith2023-table-s2,"Additional file 3 sheet 'Sensitivity 10% SDV', cell C16; row Exon_Pangolin, column FAS",0.48695652173913,result
splicing-follow-up-20261009-result-smith2023-fas-exon6-mpsa-s-cap-all,splicing-follow-up-20261009-source-smith2023-table-s2,"Additional file 3 sheet 'Sensitivity 10% SDV', cell C3; row S-Cap, column FAS",0,result
splicing-follow-up-20261009-result-smith2023-fas-exon6-mpsa-s-cap-exon,splicing-follow-up-20261009-source-smith2023-table-s2,"Additional file 3 sheet 'Sensitivity 10% SDV', cell C11; row Exon_S-Cap, column FAS",0,result
splicing-follow-up-20261009-result-smith2023-fas-exon6-mpsa-spanr-spidex-all,splicing-follow-up-20261009-source-smith2023-table-s2,"Additional file 3 sheet 'Sensitivity 10% SDV', cell C6; row SPANR, column FAS",0.57391304347826,result
splicing-follow-up-20261009-result-smith2023-fas-exon6-mpsa-spanr-spidex-exon,splicing-follow-up-20261009-source-smith2023-table-s2,"Additional file 3 sheet 'Sensitivity 10% SDV', cell C14; row Exon_SPANR, column FAS",0.57391304347826,result
splicing-follow-up-20261009-result-smith2023-fas-exon6-mpsa-spliceai-1-3-1-all,splicing-follow-up-20261009-source-smith2023-table-s2,"Additional file 3 sheet 'Sensitivity 10% SDV', cell C7; row SpliceAI, column FAS",0.539130434782608,result
splicing-follow-up-20261009-result-smith2023-fas-exon6-mpsa-spliceai-1-3-1-exon,splicing-follow-up-20261009-source-smith2023-table-s2,"Additional file 3 sheet 'Sensitivity 10% SDV', cell C15; row Exon_SpliceAI, column FAS",0.539130434782608,result
splicing-follow-up-20261009-result-smith2023-fas-exon6-mpsa-squirls-1-0-0-all,splicing-follow-up-20261009-source-smith2023-table-s2,"Additional file 3 sheet 'Sensitivity 10% SDV', cell C5; row SQUIRLS, column FAS",0.0526315789473684,result
splicing-follow-up-20261009-result-smith2023-fas-exon6-mpsa-squirls-1-0-0-exon,splicing-follow-up-20261009-source-smith2023-table-s2,"Additional file 3 sheet 'Sensitivity 10% SDV', cell C13; row Exon_SQUIRLS, column FAS",0.0526315789473684,result
splicing-follow-up-20261009-result-smith2023-mlh1-curated-conspliceml-all,splicing-follow-up-20261009-source-smith2023-table-s2,"Additional file 3 sheet 'Sensitivity 10% SDV', cell D9; row ConSpliceML, column MLH1",0.93125,result
splicing-follow-up-20261009-result-smith2023-mlh1-curated-conspliceml-exon,splicing-follow-up-20261009-source-smith2023-table-s2,"Additional file 3 sheet 'Sensitivity 10% SDV', cell D17; row Exon_ConSpliceML, column MLH1",0.816326530612244,result
splicing-follow-up-20261009-result-smith2023-mlh1-curated-conspliceml-intron,splicing-follow-up-20261009-source-smith2023-table-s2,"Additional file 3 sheet 'Sensitivity 10% SDV', cell D25; row Intron_ConSpliceML, column MLH1",0.981981981981981,result
splicing-follow-up-20261009-result-smith2023-mlh1-curated-conspliceml-intron-noncanon,splicing-follow-up-20261009-source-smith2023-table-s2,"Additional file 3 sheet 'Sensitivity 10% SDV', cell D33; row Intron_NonCanon_ConSpliceML, column MLH1",0.93103448275862,result
splicing-follow-up-20261009-result-smith2023-mlh1-curated-hal-all,splicing-follow-up-20261009-source-smith2023-table-s2,"Additional file 3 sheet 'Sensitivity 10% SDV', cell D2; row HAL, column MLH1",0.673469387755102,result
splicing-follow-up-20261009-result-smith2023-mlh1-curated-hal-exon,splicing-follow-up-20261009-source-smith2023-table-s2,"Additional file 3 sheet 'Sensitivity 10% SDV', cell D10; row Exon_HAL, column MLH1",0.673469387755102,result
splicing-follow-up-20261009-result-smith2023-mlh1-curated-mmsplice-2-2-0-all,splicing-follow-up-20261009-source-smith2023-table-s2,"Additional file 3 sheet 'Sensitivity 10% SDV', cell D4; row MMSplice, column MLH1",0.875,result
splicing-follow-up-20261009-result-smith2023-mlh1-curated-mmsplice-2-2-0-exon,splicing-follow-up-20261009-source-smith2023-table-s2,"Additional file 3 sheet 'Sensitivity 10% SDV', cell D12; row Exon_MMSplice, column MLH1",0.612244897959183,result
splicing-follow-up-20261009-result-smith2023-mlh1-curated-mmsplice-2-2-0-intron,splicing-follow-up-20261009-source-smith2023-table-s2,"Additional file 3 sheet 'Sensitivity 10% SDV', cell D20; row Intron_MMSplice, column MLH1",0.990990990990991,result
splicing-follow-up-20261009-result-smith2023-mlh1-curated-mmsplice-2-2-0-intron-noncanon,splicing-follow-up-20261009-source-smith2023-table-s2,"Additional file 3 sheet 'Sensitivity 10% SDV', cell D28; row Intron_NonCanon_MMSplice, column MLH1",1,result
splicing-follow-up-20261009-result-smith2023-mlh1-curated-pangolin-1-0-2-all,splicing-follow-up-20261009-source-smith2023-table-s2,"Additional file 3 sheet 'Sensitivity 10% SDV', cell D8; row Pangolin, column MLH1",0.93125,result
splicing-follow-up-20261009-result-smith2023-mlh1-curated-pangolin-1-0-2-exon,splicing-follow-up-20261009-source-smith2023-table-s2,"Additional file 3 sheet 'Sensitivity 10% SDV', cell D16; row Exon_Pangolin, column MLH1",0.775510204081632,result
splicing-follow-up-20261009-result-smith2023-mlh1-curated-pangolin-1-0-2-intron,splicing-follow-up-20261009-source-smith2023-table-s2,"Additional file 3 sheet 'Sensitivity 10% SDV', cell D24; row Intron_Pangolin, column MLH1",1,result
splicing-follow-up-20261009-result-smith2023-mlh1-curated-pangolin-1-0-2-intron-noncanon,splicing-follow-up-20261009-source-smith2023-table-s2,"Additional file 3 sheet 'Sensitivity 10% SDV', cell D32; row Intron_NonCanon_Pangolin, column MLH1",1,result
splicing-follow-up-20261009-result-smith2023-mlh1-curated-s-cap-all,splicing-follow-up-20261009-source-smith2023-table-s2,"Additional file 3 sheet 'Sensitivity 10% SDV', cell D3; row S-Cap, column MLH1",0.836206896551724,result
splicing-follow-up-20261009-result-smith2023-mlh1-curated-s-cap-exon,splicing-follow-up-20261009-source-smith2023-table-s2,"Additional file 3 sheet 'Sensitivity 10% SDV', cell D11; row Exon_S-Cap, column MLH1",0,result
splicing-follow-up-20261009-result-smith2023-mlh1-curated-s-cap-intron,splicing-follow-up-20261009-source-smith2023-table-s2,"Additional file 3 sheet 'Sensitivity 10% SDV', cell D19; row Intron_S-Cap, column MLH1",0.873873873873873,result
splicing-follow-up-20261009-result-smith2023-mlh1-curated-s-cap-intron-noncanon,splicing-follow-up-20261009-source-smith2023-table-s2,"Additional file 3 sheet 'Sensitivity 10% SDV', cell D27; row Intron_NonCanon_S-Cap, column MLH1",0.517241379310344,result
splicing-follow-up-20261009-result-smith2023-mlh1-curated-spanr-spidex-all,splicing-follow-up-20261009-source-smith2023-table-s2,"Additional file 3 sheet 'Sensitivity 10% SDV', cell D6; row SPANR, column MLH1",0.751592356687898,result
splicing-follow-up-20261009-result-smith2023-mlh1-curated-spanr-spidex-exon,splicing-follow-up-20261009-source-smith2023-table-s2,"Additional file 3 sheet 'Sensitivity 10% SDV', cell D14; row Exon_SPANR, column MLH1",0.46938775510204,result
splicing-follow-up-20261009-result-smith2023-mlh1-curated-spanr-spidex-intron,splicing-follow-up-20261009-source-smith2023-table-s2,"Additional file 3 sheet 'Sensitivity 10% SDV', cell D22; row Intron_SPANR, column MLH1",0.879629629629629,result
splicing-follow-up-20261009-result-smith2023-mlh1-curated-spanr-spidex-intron-noncanon,splicing-follow-up-20261009-source-smith2023-table-s2,"Additional file 3 sheet 'Sensitivity 10% SDV', cell D30; row Intron_NonCanon_SPANR, column MLH1",0.655172413793103,result
splicing-follow-up-20261009-result-smith2023-mlh1-curated-spliceai-1-3-1-all,splicing-follow-up-20261009-source-smith2023-table-s2,"Additional file 3 sheet 'Sensitivity 10% SDV', cell D7; row SpliceAI, column MLH1",0.93125,result
splicing-follow-up-20261009-result-smith2023-mlh1-curated-spliceai-1-3-1-exon,splicing-follow-up-20261009-source-smith2023-table-s2,"Additional file 3 sheet 'Sensitivity 10% SDV', cell D15; row Exon_SpliceAI, column MLH1",0.775510204081632,result
splicing-follow-up-20261009-result-smith2023-mlh1-curated-spliceai-1-3-1-intron,splicing-follow-up-20261009-source-smith2023-table-s2,"Additional file 3 sheet 'Sensitivity 10% SDV', cell D23; row Intron_SpliceAI, column MLH1",1,result
splicing-follow-up-20261009-result-smith2023-mlh1-curated-spliceai-1-3-1-intron-noncanon,splicing-follow-up-20261009-source-smith2023-table-s2,"Additional file 3 sheet 'Sensitivity 10% SDV', cell D31; row Intron_NonCanon_SpliceAI, column MLH1",1,result
splicing-follow-up-20261009-result-smith2023-mlh1-curated-squirls-1-0-0-all,splicing-follow-up-20261009-source-smith2023-table-s2,"Additional file 3 sheet 'Sensitivity 10% SDV', cell D5; row SQUIRLS, column MLH1",0.745762711864406,result
splicing-follow-up-20261009-result-smith2023-mlh1-curated-squirls-1-0-0-exon,splicing-follow-up-20261009-source-smith2023-table-s2,"Additional file 3 sheet 'Sensitivity 10% SDV', cell D13; row Exon_SQUIRLS, column MLH1",0.641025641025641,result
splicing-follow-up-20261009-result-smith2023-mlh1-curated-squirls-1-0-0-intron,splicing-follow-up-20261009-source-smith2023-table-s2,"Additional file 3 sheet 'Sensitivity 10% SDV', cell D21; row Intron_SQUIRLS, column MLH1",0.95,result
splicing-follow-up-20261009-result-smith2023-mlh1-curated-squirls-1-0-0-intron-noncanon,splicing-follow-up-20261009-source-smith2023-table-s2,"Additional file 3 sheet 'Sensitivity 10% SDV', cell D29; row Intron_NonCanon_SQUIRLS, column MLH1",0.928571428571428,result
splicing-follow-up-20261009-result-smith2023-mst1r-exon11-mpsa-conspliceml-all,splicing-follow-up-20261009-source-smith2023-table-s2,"Additional file 3 sheet 'Sensitivity 10% SDV', cell F9; row ConSpliceML, column RON",0.26161369193154,result
splicing-follow-up-20261009-result-smith2023-mst1r-exon11-mpsa-conspliceml-exon,splicing-follow-up-20261009-source-smith2023-table-s2,"Additional file 3 sheet 'Sensitivity 10% SDV', cell F17; row Exon_ConSpliceML, column RON",0.292134831460674,result
splicing-follow-up-20261009-result-smith2023-mst1r-exon11-mpsa-conspliceml-intron,splicing-follow-up-20261009-source-smith2023-table-s2,"Additional file 3 sheet 'Sensitivity 10% SDV', cell F25; row Intron_ConSpliceML, column RON",0.204225352112676,result
splicing-follow-up-20261009-result-smith2023-mst1r-exon11-mpsa-conspliceml-intron-noncanon,splicing-follow-up-20261009-source-smith2023-table-s2,"Additional file 3 sheet 'Sensitivity 10% SDV', cell F33; row Intron_NonCanon_ConSpliceML, column RON",0.143939393939393,result
splicing-follow-up-20261009-result-smith2023-mst1r-exon11-mpsa-hal-all,splicing-follow-up-20261009-source-smith2023-table-s2,"Additional file 3 sheet 'Sensitivity 10% SDV', cell F2; row HAL, column RON",0.164794007490636,result
splicing-follow-up-20261009-result-smith2023-mst1r-exon11-mpsa-hal-exon,splicing-follow-up-20261009-source-smith2023-table-s2,"Additional file 3 sheet 'Sensitivity 10% SDV', cell F10; row Exon_HAL, column RON",0.164794007490636,result
splicing-follow-up-20261009-result-smith2023-mst1r-exon11-mpsa-mmsplice-2-2-0-all,splicing-follow-up-20261009-source-smith2023-table-s2,"Additional file 3 sheet 'Sensitivity 10% SDV', cell F4; row MMSplice, column RON",0.0464547677261613,result
splicing-follow-up-20261009-result-smith2023-mst1r-exon11-mpsa-mmsplice-2-2-0-exon,splicing-follow-up-20261009-source-smith2023-table-s2,"Additional file 3 sheet 'Sensitivity 10% SDV', cell F12; row Exon_MMSplice, column RON",0.0337078651685393,result
splicing-follow-up-20261009-result-smith2023-mst1r-exon11-mpsa-mmsplice-2-2-0-intron,splicing-follow-up-20261009-source-smith2023-table-s2,"Additional file 3 sheet 'Sensitivity 10% SDV', cell F20; row Intron_MMSplice, column RON",0.0704225352112676,result
splicing-follow-up-20261009-result-smith2023-mst1r-exon11-mpsa-mmsplice-2-2-0-intron-noncanon,splicing-follow-up-20261009-source-smith2023-table-s2,"Additional file 3 sheet 'Sensitivity 10% SDV', cell F28; row Intron_NonCanon_MMSplice, column RON",0.0757575757575757,result
splicing-follow-up-20261009-result-smith2023-mst1r-exon11-mpsa-pangolin-1-0-2-all,splicing-follow-up-20261009-source-smith2023-table-s2,"Additional file 3 sheet 'Sensitivity 10% SDV', cell F8; row Pangolin, column RON",0.330073349633251,result
splicing-follow-up-20261009-result-smith2023-mst1r-exon11-mpsa-pangolin-1-0-2-exon,splicing-follow-up-20261009-source-smith2023-table-s2,"Additional file 3 sheet 'Sensitivity 10% SDV', cell F16; row Exon_Pangolin, column RON",0.352059925093633,result
splicing-follow-up-20261009-result-smith2023-mst1r-exon11-mpsa-pangolin-1-0-2-intron,splicing-follow-up-20261009-source-smith2023-table-s2,"Additional file 3 sheet 'Sensitivity 10% SDV', cell F24; row Intron_Pangolin, column RON",0.288732394366197,result
splicing-follow-up-20261009-result-smith2023-mst1r-exon11-mpsa-pangolin-1-0-2-intron-noncanon,splicing-follow-up-20261009-source-smith2023-table-s2,"Additional file 3 sheet 'Sensitivity 10% SDV', cell F32; row Intron_NonCanon_Pangolin, column RON",0.234848484848484,result
splicing-follow-up-20261009-result-smith2023-mst1r-exon11-mpsa-s-cap-all,splicing-follow-up-20261009-source-smith2023-table-s2,"Additional file 3 sheet 'Sensitivity 10% SDV', cell F3; row S-Cap, column RON",0.133333333333333,result
splicing-follow-up-20261009-result-smith2023-mst1r-exon11-mpsa-s-cap-exon,splicing-follow-up-20261009-source-smith2023-table-s2,"Additional file 3 sheet 'Sensitivity 10% SDV', cell F11; row Exon_S-Cap, column RON",0.115942028985507,result
splicing-follow-up-20261009-result-smith2023-mst1r-exon11-mpsa-s-cap-intron,splicing-follow-up-20261009-source-smith2023-table-s2,"Additional file 3 sheet 'Sensitivity 10% SDV', cell F19; row Intron_S-Cap, column RON",0.141843971631205,result
splicing-follow-up-20261009-result-smith2023-mst1r-exon11-mpsa-s-cap-intron-noncanon,splicing-follow-up-20261009-source-smith2023-table-s2,"Additional file 3 sheet 'Sensitivity 10% SDV', cell F27; row Intron_NonCanon_S-Cap, column RON",0.0763358778625954,result
splicing-follow-up-20261009-result-smith2023-mst1r-exon11-mpsa-spanr-spidex-all,splicing-follow-up-20261009-source-smith2023-table-s2,"Additional file 3 sheet 'Sensitivity 10% SDV', cell F6; row SPANR, column RON",0.102689486552567,result
splicing-follow-up-20261009-result-smith2023-mst1r-exon11-mpsa-spanr-spidex-exon,splicing-follow-up-20261009-source-smith2023-table-s2,"Additional file 3 sheet 'Sensitivity 10% SDV', cell F14; row Exon_SPANR, column RON",0.104868913857677,result
splicing-follow-up-20261009-result-smith2023-mst1r-exon11-mpsa-spanr-spidex-intron,splicing-follow-up-20261009-source-smith2023-table-s2,"Additional file 3 sheet 'Sensitivity 10% SDV', cell F22; row Intron_SPANR, column RON",0.0985915492957746,result
splicing-follow-up-20261009-result-smith2023-mst1r-exon11-mpsa-spanr-spidex-intron-noncanon,splicing-follow-up-20261009-source-smith2023-table-s2,"Additional file 3 sheet 'Sensitivity 10% SDV', cell F30; row Intron_NonCanon_SPANR, column RON",0.0303030303030303,result
splicing-follow-up-20261009-result-smith2023-mst1r-exon11-mpsa-spliceai-1-3-1-all,splicing-follow-up-20261009-source-smith2023-table-s2,"Additional file 3 sheet 'Sensitivity 10% SDV', cell F7; row SpliceAI, column RON",0.237163814180929,result
splicing-follow-up-20261009-result-smith2023-mst1r-exon11-mpsa-spliceai-1-3-1-exon,splicing-follow-up-20261009-source-smith2023-table-s2,"Additional file 3 sheet 'Sensitivity 10% SDV', cell F15; row Exon_SpliceAI, column RON",0.239700374531835,result
splicing-follow-up-20261009-result-smith2023-mst1r-exon11-mpsa-spliceai-1-3-1-intron,splicing-follow-up-20261009-source-smith2023-table-s2,"Additional file 3 sheet 'Sensitivity 10% SDV', cell F23; row Intron_SpliceAI, column RON",0.232394366197183,result
splicing-follow-up-20261009-result-smith2023-mst1r-exon11-mpsa-spliceai-1-3-1-intron-noncanon,splicing-follow-up-20261009-source-smith2023-table-s2,"Additional file 3 sheet 'Sensitivity 10% SDV', cell F31; row Intron_NonCanon_SpliceAI, column RON",0.174242424242424,result
splicing-follow-up-20261009-result-smith2023-mst1r-exon11-mpsa-squirls-1-0-0-all,splicing-follow-up-20261009-source-smith2023-table-s2,"Additional file 3 sheet 'Sensitivity 10% SDV', cell F5; row SQUIRLS, column RON",0.114914425427872,result
splicing-follow-up-20261009-result-smith2023-mst1r-exon11-mpsa-squirls-1-0-0-exon,splicing-follow-up-20261009-source-smith2023-table-s2,"Additional file 3 sheet 'Sensitivity 10% SDV', cell F13; row Exon_SQUIRLS, column RON",0.0823970037453183,result
splicing-follow-up-20261009-result-smith2023-mst1r-exon11-mpsa-squirls-1-0-0-intron,splicing-follow-up-20261009-source-smith2023-table-s2,"Additional file 3 sheet 'Sensitivity 10% SDV', cell F21; row Intron_SQUIRLS, column RON",0.176056338028169,result
splicing-follow-up-20261009-result-smith2023-mst1r-exon11-mpsa-squirls-1-0-0-intron-noncanon,splicing-follow-up-20261009-source-smith2023-table-s2,"Additional file 3 sheet 'Sensitivity 10% SDV', cell F29; row Intron_NonCanon_SQUIRLS, column RON",0.136363636363636,result
splicing-follow-up-20261009-result-smith2023-pou1f1-exon2-mpsa-conspliceml-all,splicing-follow-up-20261009-source-smith2023-table-s2,"Additional file 3 sheet 'Sensitivity 10% SDV', cell E9; row ConSpliceML, column POU1F1",0.802083333333333,result
splicing-follow-up-20261009-result-smith2023-pou1f1-exon2-mpsa-conspliceml-exon,splicing-follow-up-20261009-source-smith2023-table-s2,"Additional file 3 sheet 'Sensitivity 10% SDV', cell E17; row Exon_ConSpliceML, column POU1F1",0.857142857142857,result
splicing-follow-up-20261009-result-smith2023-pou1f1-exon2-mpsa-conspliceml-intron,splicing-follow-up-20261009-source-smith2023-table-s2,"Additional file 3 sheet 'Sensitivity 10% SDV', cell E25; row Intron_ConSpliceML, column POU1F1",0.653846153846153,result
splicing-follow-up-20261009-result-smith2023-pou1f1-exon2-mpsa-conspliceml-intron-noncanon,splicing-follow-up-20261009-source-smith2023-table-s2,"Additional file 3 sheet 'Sensitivity 10% SDV', cell E33; row Intron_NonCanon_ConSpliceML, column POU1F1",0.55,result
splicing-follow-up-20261009-result-smith2023-pou1f1-exon2-mpsa-hal-all,splicing-follow-up-20261009-source-smith2023-table-s2,"Additional file 3 sheet 'Sensitivity 10% SDV', cell E2; row HAL, column POU1F1",0.75,result
splicing-follow-up-20261009-result-smith2023-pou1f1-exon2-mpsa-hal-exon,splicing-follow-up-20261009-source-smith2023-table-s2,"Additional file 3 sheet 'Sensitivity 10% SDV', cell E10; row Exon_HAL, column POU1F1",0.75,result
splicing-follow-up-20261009-result-smith2023-pou1f1-exon2-mpsa-mmsplice-2-2-0-all,splicing-follow-up-20261009-source-smith2023-table-s2,"Additional file 3 sheet 'Sensitivity 10% SDV', cell E4; row MMSplice, column POU1F1",0.410526315789473,result
splicing-follow-up-20261009-result-smith2023-pou1f1-exon2-mpsa-mmsplice-2-2-0-exon,splicing-follow-up-20261009-source-smith2023-table-s2,"Additional file 3 sheet 'Sensitivity 10% SDV', cell E12; row Exon_MMSplice, column POU1F1",0.357142857142857,result
splicing-follow-up-20261009-result-smith2023-pou1f1-exon2-mpsa-mmsplice-2-2-0-intron,splicing-follow-up-20261009-source-smith2023-table-s2,"Additional file 3 sheet 'Sensitivity 10% SDV', cell E20; row Intron_MMSplice, column POU1F1",0.56,result
splicing-follow-up-20261009-result-smith2023-pou1f1-exon2-mpsa-mmsplice-2-2-0-intron-noncanon,splicing-follow-up-20261009-source-smith2023-table-s2,"Additional file 3 sheet 'Sensitivity 10% SDV', cell E28; row Intron_NonCanon_MMSplice, column POU1F1",0.421052631578947,result
splicing-follow-up-20261009-result-smith2023-pou1f1-exon2-mpsa-pangolin-1-0-2-all,splicing-follow-up-20261009-source-smith2023-table-s2,"Additional file 3 sheet 'Sensitivity 10% SDV', cell E8; row Pangolin, column POU1F1",0.947916666666666,result
splicing-follow-up-20261009-result-smith2023-pou1f1-exon2-mpsa-pangolin-1-0-2-exon,splicing-follow-up-20261009-source-smith2023-table-s2,"Additional file 3 sheet 'Sensitivity 10% SDV', cell E16; row Exon_Pangolin, column POU1F1",0.942857142857142,result
splicing-follow-up-20261009-result-smith2023-pou1f1-exon2-mpsa-pangolin-1-0-2-intron,splicing-follow-up-20261009-source-smith2023-table-s2,"Additional file 3 sheet 'Sensitivity 10% SDV', cell E24; row Intron_Pangolin, column POU1F1",0.961538461538461,result
splicing-follow-up-20261009-result-smith2023-pou1f1-exon2-mpsa-pangolin-1-0-2-intron-noncanon,splicing-follow-up-20261009-source-smith2023-table-s2,"Additional file 3 sheet 'Sensitivity 10% SDV', cell E32; row Intron_NonCanon_Pangolin, column POU1F1",0.95,result
splicing-follow-up-20261009-result-smith2023-pou1f1-exon2-mpsa-s-cap-all,splicing-follow-up-20261009-source-smith2023-table-s2,"Additional file 3 sheet 'Sensitivity 10% SDV', cell E3; row S-Cap, column POU1F1",0.216216216216216,result
splicing-follow-up-20261009-result-smith2023-pou1f1-exon2-mpsa-s-cap-exon,splicing-follow-up-20261009-source-smith2023-table-s2,"Additional file 3 sheet 'Sensitivity 10% SDV', cell E11; row Exon_S-Cap, column POU1F1",0.181818181818181,result
splicing-follow-up-20261009-result-smith2023-pou1f1-exon2-mpsa-s-cap-intron,splicing-follow-up-20261009-source-smith2023-table-s2,"Additional file 3 sheet 'Sensitivity 10% SDV', cell E19; row Intron_S-Cap, column POU1F1",0.23076923076923,result
splicing-follow-up-20261009-result-smith2023-pou1f1-exon2-mpsa-s-cap-intron-noncanon,splicing-follow-up-20261009-source-smith2023-table-s2,"Additional file 3 sheet 'Sensitivity 10% SDV', cell E27; row Intron_NonCanon_S-Cap, column POU1F1",0,result
splicing-follow-up-20261009-result-smith2023-pou1f1-exon2-mpsa-spanr-spidex-all,splicing-follow-up-20261009-source-smith2023-table-s2,"Additional file 3 sheet 'Sensitivity 10% SDV', cell E6; row SPANR, column POU1F1",0.583333333333333,result
splicing-follow-up-20261009-result-smith2023-pou1f1-exon2-mpsa-spanr-spidex-exon,splicing-follow-up-20261009-source-smith2023-table-s2,"Additional file 3 sheet 'Sensitivity 10% SDV', cell E14; row Exon_SPANR, column POU1F1",0.514285714285714,result
splicing-follow-up-20261009-result-smith2023-pou1f1-exon2-mpsa-spanr-spidex-intron,splicing-follow-up-20261009-source-smith2023-table-s2,"Additional file 3 sheet 'Sensitivity 10% SDV', cell E22; row Intron_SPANR, column POU1F1",0.769230769230769,result
splicing-follow-up-20261009-result-smith2023-pou1f1-exon2-mpsa-spanr-spidex-intron-noncanon,splicing-follow-up-20261009-source-smith2023-table-s2,"Additional file 3 sheet 'Sensitivity 10% SDV', cell E30; row Intron_NonCanon_SPANR, column POU1F1",0.7,result
splicing-follow-up-20261009-result-smith2023-pou1f1-exon2-mpsa-spliceai-1-3-1-all,splicing-follow-up-20261009-source-smith2023-table-s2,"Additional file 3 sheet 'Sensitivity 10% SDV', cell E7; row SpliceAI, column POU1F1",0.885416666666666,result
splicing-follow-up-20261009-result-smith2023-pou1f1-exon2-mpsa-spliceai-1-3-1-exon,splicing-follow-up-20261009-source-smith2023-table-s2,"Additional file 3 sheet 'Sensitivity 10% SDV', cell E15; row Exon_SpliceAI, column POU1F1",0.9,result
splicing-follow-up-20261009-result-smith2023-pou1f1-exon2-mpsa-spliceai-1-3-1-intron,splicing-follow-up-20261009-source-smith2023-table-s2,"Additional file 3 sheet 'Sensitivity 10% SDV', cell E23; row Intron_SpliceAI, column POU1F1",0.846153846153846,result
splicing-follow-up-20261009-result-smith2023-pou1f1-exon2-mpsa-spliceai-1-3-1-intron-noncanon,splicing-follow-up-20261009-source-smith2023-table-s2,"Additional file 3 sheet 'Sensitivity 10% SDV', cell E31; row Intron_NonCanon_SpliceAI, column POU1F1",0.8,result
splicing-follow-up-20261009-result-smith2023-pou1f1-exon2-mpsa-squirls-1-0-0-all,splicing-follow-up-20261009-source-smith2023-table-s2,"Additional file 3 sheet 'Sensitivity 10% SDV', cell E5; row SQUIRLS, column POU1F1",0.91578947368421,result
splicing-follow-up-20261009-result-smith2023-pou1f1-exon2-mpsa-squirls-1-0-0-exon,splicing-follow-up-20261009-source-smith2023-table-s2,"Additional file 3 sheet 'Sensitivity 10% SDV', cell E13; row Exon_SQUIRLS, column POU1F1",0.9,result
splicing-follow-up-20261009-result-smith2023-pou1f1-exon2-mpsa-squirls-1-0-0-intron,splicing-follow-up-20261009-source-smith2023-table-s2,"Additional file 3 sheet 'Sensitivity 10% SDV', cell E21; row Intron_SQUIRLS, column POU1F1",0.96,result
splicing-follow-up-20261009-result-smith2023-pou1f1-exon2-mpsa-squirls-1-0-0-intron-noncanon,splicing-follow-up-20261009-source-smith2023-table-s2,"Additional file 3 sheet 'Sensitivity 10% SDV', cell E29; row Intron_NonCanon_SQUIRLS, column POU1F1",0.95,result
splicing-follow-up-20261009-result-smith2023-wt1-exon9-mpsa-conspliceml-all,splicing-follow-up-20261009-source-smith2023-table-s2,"Additional file 3 sheet 'Sensitivity 10% SDV', cell G9; row ConSpliceML, column WT1",0.964912280701754,result
splicing-follow-up-20261009-result-smith2023-wt1-exon9-mpsa-conspliceml-exon,splicing-follow-up-20261009-source-smith2023-table-s2,"Additional file 3 sheet 'Sensitivity 10% SDV', cell G17; row Exon_ConSpliceML, column WT1",1,result
splicing-follow-up-20261009-result-smith2023-wt1-exon9-mpsa-conspliceml-intron,splicing-follow-up-20261009-source-smith2023-table-s2,"Additional file 3 sheet 'Sensitivity 10% SDV', cell G25; row Intron_ConSpliceML, column WT1",0.9375,result
splicing-follow-up-20261009-result-smith2023-wt1-exon9-mpsa-conspliceml-intron-noncanon,splicing-follow-up-20261009-source-smith2023-table-s2,"Additional file 3 sheet 'Sensitivity 10% SDV', cell G33; row Intron_NonCanon_ConSpliceML, column WT1",0.9,result
splicing-follow-up-20261009-result-smith2023-wt1-exon9-mpsa-hal-all,splicing-follow-up-20261009-source-smith2023-table-s2,"Additional file 3 sheet 'Sensitivity 10% SDV', cell G2; row HAL, column WT1",0.24,result
splicing-follow-up-20261009-result-smith2023-wt1-exon9-mpsa-hal-exon,splicing-follow-up-20261009-source-smith2023-table-s2,"Additional file 3 sheet 'Sensitivity 10% SDV', cell G10; row Exon_HAL, column WT1",0.24,result
splicing-follow-up-20261009-result-smith2023-wt1-exon9-mpsa-mmsplice-2-2-0-all,splicing-follow-up-20261009-source-smith2023-table-s2,"Additional file 3 sheet 'Sensitivity 10% SDV', cell G4; row MMSplice, column WT1",0.719298245614035,result
splicing-follow-up-20261009-result-smith2023-wt1-exon9-mpsa-mmsplice-2-2-0-exon,splicing-follow-up-20261009-source-smith2023-table-s2,"Additional file 3 sheet 'Sensitivity 10% SDV', cell G12; row Exon_MMSplice, column WT1",0.4,result
splicing-follow-up-20261009-result-smith2023-wt1-exon9-mpsa-mmsplice-2-2-0-intron,splicing-follow-up-20261009-source-smith2023-table-s2,"Additional file 3 sheet 'Sensitivity 10% SDV', cell G20; row Intron_MMSplice, column WT1",0.96875,result
splicing-follow-up-20261009-result-smith2023-wt1-exon9-mpsa-mmsplice-2-2-0-intron-noncanon,splicing-follow-up-20261009-source-smith2023-table-s2,"Additional file 3 sheet 'Sensitivity 10% SDV', cell G28; row Intron_NonCanon_MMSplice, column WT1",0.95,result
splicing-follow-up-20261009-result-smith2023-wt1-exon9-mpsa-pangolin-1-0-2-all,splicing-follow-up-20261009-source-smith2023-table-s2,"Additional file 3 sheet 'Sensitivity 10% SDV', cell G8; row Pangolin, column WT1",0.666666666666666,result
splicing-follow-up-20261009-result-smith2023-wt1-exon9-mpsa-pangolin-1-0-2-exon,splicing-follow-up-20261009-source-smith2023-table-s2,"Additional file 3 sheet 'Sensitivity 10% SDV', cell G16; row Exon_Pangolin, column WT1",0.36,result
splicing-follow-up-20261009-result-smith2023-wt1-exon9-mpsa-pangolin-1-0-2-intron,splicing-follow-up-20261009-source-smith2023-table-s2,"Additional file 3 sheet 'Sensitivity 10% SDV', cell G24; row Intron_Pangolin, column WT1",0.90625,result
splicing-follow-up-20261009-result-smith2023-wt1-exon9-mpsa-pangolin-1-0-2-intron-noncanon,splicing-follow-up-20261009-source-smith2023-table-s2,"Additional file 3 sheet 'Sensitivity 10% SDV', cell G32; row Intron_NonCanon_Pangolin, column WT1",0.85,result
splicing-follow-up-20261009-result-smith2023-wt1-exon9-mpsa-s-cap-all,splicing-follow-up-20261009-source-smith2023-table-s2,"Additional file 3 sheet 'Sensitivity 10% SDV', cell G3; row S-Cap, column WT1",0.952380952380952,result
splicing-follow-up-20261009-result-smith2023-wt1-exon9-mpsa-s-cap-exon,splicing-follow-up-20261009-source-smith2023-table-s2,"Additional file 3 sheet 'Sensitivity 10% SDV', cell G11; row Exon_S-Cap, column WT1",0.9,result
splicing-follow-up-20261009-result-smith2023-wt1-exon9-mpsa-s-cap-intron,splicing-follow-up-20261009-source-smith2023-table-s2,"Additional file 3 sheet 'Sensitivity 10% SDV', cell G19; row Intron_S-Cap, column WT1",0.96875,result
splicing-follow-up-20261009-result-smith2023-wt1-exon9-mpsa-s-cap-intron-noncanon,splicing-follow-up-20261009-source-smith2023-table-s2,"Additional file 3 sheet 'Sensitivity 10% SDV', cell G27; row Intron_NonCanon_S-Cap, column WT1",0.95,result
splicing-follow-up-20261009-result-smith2023-wt1-exon9-mpsa-spanr-spidex-all,splicing-follow-up-20261009-source-smith2023-table-s2,"Additional file 3 sheet 'Sensitivity 10% SDV', cell G6; row SPANR, column WT1",0.912280701754385,result
splicing-follow-up-20261009-result-smith2023-wt1-exon9-mpsa-spanr-spidex-exon,splicing-follow-up-20261009-source-smith2023-table-s2,"Additional file 3 sheet 'Sensitivity 10% SDV', cell G14; row Exon_SPANR, column WT1",0.96,result
splicing-follow-up-20261009-result-smith2023-wt1-exon9-mpsa-spanr-spidex-intron,splicing-follow-up-20261009-source-smith2023-table-s2,"Additional file 3 sheet 'Sensitivity 10% SDV', cell G22; row Intron_SPANR, column WT1",0.875,result
splicing-follow-up-20261009-result-smith2023-wt1-exon9-mpsa-spanr-spidex-intron-noncanon,splicing-follow-up-20261009-source-smith2023-table-s2,"Additional file 3 sheet 'Sensitivity 10% SDV', cell G30; row Intron_NonCanon_SPANR, column WT1",0.8,result
splicing-follow-up-20261009-result-smith2023-wt1-exon9-mpsa-spliceai-1-3-1-all,splicing-follow-up-20261009-source-smith2023-table-s2,"Additional file 3 sheet 'Sensitivity 10% SDV', cell G7; row SpliceAI, column WT1",0.859649122807017,result
splicing-follow-up-20261009-result-smith2023-wt1-exon9-mpsa-spliceai-1-3-1-exon,splicing-follow-up-20261009-source-smith2023-table-s2,"Additional file 3 sheet 'Sensitivity 10% SDV', cell G15; row Exon_SpliceAI, column WT1",0.8,result
splicing-follow-up-20261009-result-smith2023-wt1-exon9-mpsa-spliceai-1-3-1-intron,splicing-follow-up-20261009-source-smith2023-table-s2,"Additional file 3 sheet 'Sensitivity 10% SDV', cell G23; row Intron_SpliceAI, column WT1",0.90625,result
splicing-follow-up-20261009-result-smith2023-wt1-exon9-mpsa-spliceai-1-3-1-intron-noncanon,splicing-follow-up-20261009-source-smith2023-table-s2,"Additional file 3 sheet 'Sensitivity 10% SDV', cell G31; row Intron_NonCanon_SpliceAI, column WT1",0.85,result
splicing-follow-up-20261009-result-smith2023-wt1-exon9-mpsa-squirls-1-0-0-all,splicing-follow-up-20261009-source-smith2023-table-s2,"Additional file 3 sheet 'Sensitivity 10% SDV', cell G5; row SQUIRLS, column WT1",0.962264150943396,result
splicing-follow-up-20261009-result-smith2023-wt1-exon9-mpsa-squirls-1-0-0-exon,splicing-follow-up-20261009-source-smith2023-table-s2,"Additional file 3 sheet 'Sensitivity 10% SDV', cell G13; row Exon_SQUIRLS, column WT1",1,result
splicing-follow-up-20261009-result-smith2023-wt1-exon9-mpsa-squirls-1-0-0-intron,splicing-follow-up-20261009-source-smith2023-table-s2,"Additional file 3 sheet 'Sensitivity 10% SDV', cell G21; row Intron_SQUIRLS, column WT1",0.928571428571428,result
splicing-follow-up-20261009-result-smith2023-wt1-exon9-mpsa-squirls-1-0-0-intron-noncanon,splicing-follow-up-20261009-source-smith2023-table-s2,"Additional file 3 sheet 'Sensitivity 10% SDV', cell G29; row Intron_NonCanon_SQUIRLS, column WT1",0.888888888888888,result
splicing-follow-up-20261009-result-znabu2026-mmsplice-ap,splicing-follow-up-20261009-source-znabu2026,"Section 4 'Results' table (page 3), row 'MMSplice', columns 'AP' and 'AP 95% CI'",0.256,result
splicing-follow-up-20261009-result-znabu2026-mmsplice-auroc,splicing-follow-up-20261009-source-znabu2026,"Section 4 'Results' table (page 3), row 'MMSplice', column 'AUROC'",0.758,result
splicing-follow-up-20261009-result-znabu2026-mmsplice-n,splicing-follow-up-20261009-source-znabu2026,"Section 4 'Results' table (page 3), row 'MMSplice', column 'n'","27,733",result
splicing-follow-up-20261009-result-znabu2026-pangolin-ap,splicing-follow-up-20261009-source-znabu2026,"Section 4 'Results' table (page 3), row 'Pangolin', columns 'AP' and 'AP 95% CI'",0.421,result
splicing-follow-up-20261009-result-znabu2026-pangolin-auroc,splicing-follow-up-20261009-source-znabu2026,"Section 4 'Results' table (page 3), row 'Pangolin', column 'AUROC'",0.888,result
splicing-follow-up-20261009-result-znabu2026-pangolin-n,splicing-follow-up-20261009-source-znabu2026,"Section 4 'Results' table (page 3), row 'Pangolin', column 'n'","27,733",result
splicing-follow-up-20261009-result-znabu2026-spanr-ap,splicing-follow-up-20261009-source-znabu2026,"Section 4 'Results' table (page 3), row 'SPANR (legacy)', columns 'AP' and 'AP 95% CI'",0.228,result
splicing-follow-up-20261009-result-znabu2026-spanr-auroc,splicing-follow-up-20261009-source-znabu2026,"Section 4 'Results' table (page 3), row 'SPANR (legacy)', column 'AUROC'",0.748,result
splicing-follow-up-20261009-result-znabu2026-spanr-n,splicing-follow-up-20261009-source-znabu2026,"Section 4 'Results' table (page 3), row 'SPANR (legacy)', column 'n'","27,663",result
splicing-follow-up-20261009-result-znabu2026-spliceai-ap,splicing-follow-up-20261009-source-znabu2026,"Section 4 'Results' table (page 3), row 'SpliceAI', columns 'AP' and 'AP 95% CI'",0.321,result
splicing-follow-up-20261009-result-znabu2026-spliceai-auroc,splicing-follow-up-20261009-source-znabu2026,"Section 4 'Results' table (page 3), row 'SpliceAI', column 'AUROC'",0.819,result
splicing-follow-up-20261009-result-znabu2026-spliceai-n,splicing-follow-up-20261009-source-znabu2026,"Section 4 'Results' table (page 3), row 'SpliceAI', column 'n'","27,733",result
splicing-follow-up-20261009-result-znabu2026-splicetransformer-ap,splicing-follow-up-20261009-source-znabu2026,"Section 4 'Results' table (page 3), row 'SpliceTransformer', columns 'AP' and 'AP 95% CI'",0.317,result
splicing-follow-up-20261009-result-znabu2026-splicetransformer-auroc,splicing-follow-up-20261009-source-znabu2026,"Section 4 'Results' table (page 3), row 'SpliceTransformer', column 'AUROC'",0.786,result
splicing-follow-up-20261009-result-znabu2026-splicetransformer-n,splicing-follow-up-20261009-source-znabu2026,"Section 4 'Results' table (page 3), row 'SpliceTransformer', column 'n'","27,733",result
