record_id,source_id,locator,printed_value,review_scope
dna-pathogen-20261009-claim-hall2024-kraken-fn-genus,dna-pathogen-20261009-source-hall2024,"Results 'Classification of Mycobacterium reads', subsection 'Real Illumina' paragraph 3","With the full-size and 8 GB standard databases, kraken's missed M. tuberculosis reads were mostly not placed at species rank; in all cases at least 90% of these false negatives were classified correctly at genus level.",claim
dna-pathogen-20261009-claim-portik2022-missing-reference-species,dna-pathogen-20261009-source-portik2022,Methods 'Detection metrics' paragraph 4; Table 4 footnote,"Sequences or taxonomy for Veillonella rogosae and Prevotella corporis were lacking from several reference databases (PlusPF, RefSeq ABVF, MiniSeq + H, NCBI nt), so both were excluded from species-level detection metrics for all methods; many of their reads were assigned to other species of the same genera.",claim
dna-pathogen-20261009-claim-song2025-blast-controls,dna-pathogen-20261009-source-song2025,Results paragraph 2; 'Reduction of False-Positive Signals' paragraphs 1-2,"BLAST was the only software that detected viridans group streptococci in all five culture-positive samples, but it also gave signal in the negative blood and no-template control. Lowering the BLAST e-value to 10E-13 removed reads from both controls while all culture-positive samples stayed positive (Figure 1). Removing human reads first did not change viridans streptococci abundances (p = 0.15).",claim
dna-pathogen-20261009-claim-song2025-zymo-theoretical-composition,dna-pathogen-20261009-source-song2025,"Table 1, column 'Theoretical', rows 1-10",Listeria monocytogenes 8.90E‐1; Pseudomonas aeruginosa 8.90E‐2; Bacillus subtilis 8.90E‐3; Salmonella enterica 8.90E‐4; Escherichia coli 8.90E‐4; Lactobacillus fermentum 8.90E‐5; Enterococcus faecalis 8.90E‐6; Staphylococcus aureus 8.90E‐7. Eta squared and p-value are not applicable to the theoretical column (printed '*').,claim
dna-pathogen-20261009-result-hall2024-real-illumina-kraken2-myco-memory,dna-pathogen-20261009-source-hall2024,"Table 8, row 'kraken Myco', column 'Memory (GB)†'",8.3,result
dna-pathogen-20261009-result-hall2024-real-illumina-kraken2-myco-rate,dna-pathogen-20261009-source-hall2024,"Table 8, row 'kraken Myco', column 'Rate (reads/s)*'","398,597",result
dna-pathogen-20261009-result-hall2024-real-illumina-kraken2-myco-sensitivity,dna-pathogen-20261009-source-hall2024,"Table 8, row 'kraken Myco', column 'Sensitivity (95% CI)'",0.9715 (0.9714–0.9716),result
dna-pathogen-20261009-result-hall2024-real-illumina-kraken2-myco-specificity,dna-pathogen-20261009-source-hall2024,"Table 8, row 'kraken Myco', column 'Specificity (95% CI)'",1.0 (1.0–1.0),result
dna-pathogen-20261009-result-hall2024-real-illumina-kraken2-myco-youden,dna-pathogen-20261009-source-hall2024,"Table 8, row 'kraken Myco', column 'Youden’s index (95% CI)'",0.9715 (0.9714–0.9716),result
dna-pathogen-20261009-result-hall2024-real-illumina-kraken2-standard-8-memory,dna-pathogen-20261009-source-hall2024,"Table 8, row 'kraken standard-8', column 'Memory (GB)†'",7.8,result
dna-pathogen-20261009-result-hall2024-real-illumina-kraken2-standard-8-rate,dna-pathogen-20261009-source-hall2024,"Table 8, row 'kraken standard-8', column 'Rate (reads/s)*'","647,608",result
dna-pathogen-20261009-result-hall2024-real-illumina-kraken2-standard-8-sensitivity,dna-pathogen-20261009-source-hall2024,"Table 8, row 'kraken standard-8', column 'Sensitivity (95% CI)'",0.0146 (0.0146–0.0147),result
dna-pathogen-20261009-result-hall2024-real-illumina-kraken2-standard-8-specificity,dna-pathogen-20261009-source-hall2024,"Table 8, row 'kraken standard-8', column 'Specificity (95% CI)'",1.0 (1.0–1.0),result
dna-pathogen-20261009-result-hall2024-real-illumina-kraken2-standard-8-youden,dna-pathogen-20261009-source-hall2024,"Table 8, row 'kraken standard-8', column 'Youden’s index (95% CI)'",0.0146 (0.0146–0.0147),result
dna-pathogen-20261009-result-hall2024-real-illumina-kraken2-standard-memory,dna-pathogen-20261009-source-hall2024,"Table 8, row 'kraken standard', column 'Memory (GB)†'",67.2,result
dna-pathogen-20261009-result-hall2024-real-illumina-kraken2-standard-rate,dna-pathogen-20261009-source-hall2024,"Table 8, row 'kraken standard', column 'Rate (reads/s)*'","239,420",result
dna-pathogen-20261009-result-hall2024-real-illumina-kraken2-standard-sensitivity,dna-pathogen-20261009-source-hall2024,"Table 8, row 'kraken standard', column 'Sensitivity (95% CI)'",0.0731 (0.073–0.0732),result
dna-pathogen-20261009-result-hall2024-real-illumina-kraken2-standard-specificity,dna-pathogen-20261009-source-hall2024,"Table 8, row 'kraken standard', column 'Specificity (95% CI)'",1.0 (1.0–1.0),result
dna-pathogen-20261009-result-hall2024-real-illumina-kraken2-standard-youden,dna-pathogen-20261009-source-hall2024,"Table 8, row 'kraken standard', column 'Youden’s index (95% CI)'",0.0731 (0.073–0.0732),result
dna-pathogen-20261009-result-hall2024-real-illumina-minimap2-clockwork-memory,dna-pathogen-20261009-source-hall2024,"Table 8, row 'minimap2 Clockwork', column 'Memory (GB)†'",22.2,result
dna-pathogen-20261009-result-hall2024-real-illumina-minimap2-clockwork-rate,dna-pathogen-20261009-source-hall2024,"Table 8, row 'minimap2 Clockwork', column 'Rate (reads/s)*'","56,485",result
dna-pathogen-20261009-result-hall2024-real-illumina-minimap2-clockwork-sensitivity,dna-pathogen-20261009-source-hall2024,"Table 8, row 'minimap2 Clockwork', column 'Sensitivity (95% CI)'",0.996 (0.996–0.9961),result
dna-pathogen-20261009-result-hall2024-real-illumina-minimap2-clockwork-specificity,dna-pathogen-20261009-source-hall2024,"Table 8, row 'minimap2 Clockwork', column 'Specificity (95% CI)'",0.9996 (0.9996–0.9996),result
dna-pathogen-20261009-result-hall2024-real-illumina-minimap2-clockwork-youden,dna-pathogen-20261009-source-hall2024,"Table 8, row 'minimap2 Clockwork', column 'Youden’s index (95% CI)'",0.9956 (0.9956–0.9956),result
dna-pathogen-20261009-result-hall2024-real-illumina-minimap2-mtb-memory,dna-pathogen-20261009-source-hall2024,"Table 8, row 'minimap2 MTB', column 'Memory (GB)†'",2.0,result
dna-pathogen-20261009-result-hall2024-real-illumina-minimap2-mtb-rate,dna-pathogen-20261009-source-hall2024,"Table 8, row 'minimap2 MTB', column 'Rate (reads/s)*'","82,194",result
dna-pathogen-20261009-result-hall2024-real-illumina-minimap2-mtb-sensitivity,dna-pathogen-20261009-source-hall2024,"Table 8, row 'minimap2 MTB', column 'Sensitivity (95% CI)'",0.9416 (0.9415–0.9417),result
dna-pathogen-20261009-result-hall2024-real-illumina-minimap2-mtb-specificity,dna-pathogen-20261009-source-hall2024,"Table 8, row 'minimap2 MTB', column 'Specificity (95% CI)'",0.9884 (0.9883–0.9884),result
dna-pathogen-20261009-result-hall2024-real-illumina-minimap2-mtb-youden,dna-pathogen-20261009-source-hall2024,"Table 8, row 'minimap2 MTB', column 'Youden’s index (95% CI)'",0.93 (0.9298–0.9301),result
dna-pathogen-20261009-result-hall2024-real-illumina-minimap2-myco-memory,dna-pathogen-20261009-source-hall2024,"Table 8, row 'minimap2 Myco', column 'Memory (GB)†'",12.9,result
dna-pathogen-20261009-result-hall2024-real-illumina-minimap2-myco-rate,dna-pathogen-20261009-source-hall2024,"Table 8, row 'minimap2 Myco', column 'Rate (reads/s)*'","11,066",result
dna-pathogen-20261009-result-hall2024-real-illumina-minimap2-myco-sensitivity,dna-pathogen-20261009-source-hall2024,"Table 8, row 'minimap2 Myco', column 'Sensitivity (95% CI)'",0.9955 (0.9954–0.9955),result
dna-pathogen-20261009-result-hall2024-real-illumina-minimap2-myco-specificity,dna-pathogen-20261009-source-hall2024,"Table 8, row 'minimap2 Myco', column 'Specificity (95% CI)'",0.9997 (0.9996–0.9997),result
dna-pathogen-20261009-result-hall2024-real-illumina-minimap2-myco-youden,dna-pathogen-20261009-source-hall2024,"Table 8, row 'minimap2 Myco', column 'Youden’s index (95% CI)'",0.9951 (0.9951–0.9951),result
dna-pathogen-20261009-result-hall2024-real-nanopore-kraken2-myco-memory,dna-pathogen-20261009-source-hall2024,"Table 6, row 'kraken Myco', column 'Memory (GB)†'",8.2,result
dna-pathogen-20261009-result-hall2024-real-nanopore-kraken2-myco-rate,dna-pathogen-20261009-source-hall2024,"Table 6, row 'kraken Myco', column 'Rate (reads/s)*'","6,755",result
dna-pathogen-20261009-result-hall2024-real-nanopore-kraken2-myco-sensitivity,dna-pathogen-20261009-source-hall2024,"Table 6, row 'kraken Myco', column 'Sensitivity (95% CI)'",0.9773 (0.9764–0.9782),result
dna-pathogen-20261009-result-hall2024-real-nanopore-kraken2-myco-specificity,dna-pathogen-20261009-source-hall2024,"Table 6, row 'kraken Myco', column 'Specificity (95% CI)'",1.0 (1.0–1.0),result
dna-pathogen-20261009-result-hall2024-real-nanopore-kraken2-myco-youden,dna-pathogen-20261009-source-hall2024,"Table 6, row 'kraken Myco', column 'Youden’s index (95% CI)'",0.9773 (0.9764–0.9782),result
dna-pathogen-20261009-result-hall2024-real-nanopore-kraken2-standard-8-memory,dna-pathogen-20261009-source-hall2024,"Table 6, row 'kraken standard-8', column 'Memory (GB)†'",7.7,result
dna-pathogen-20261009-result-hall2024-real-nanopore-kraken2-standard-8-rate,dna-pathogen-20261009-source-hall2024,"Table 6, row 'kraken standard-8', column 'Rate (reads/s)*'","14,828",result
dna-pathogen-20261009-result-hall2024-real-nanopore-kraken2-standard-8-sensitivity,dna-pathogen-20261009-source-hall2024,"Table 6, row 'kraken standard-8', column 'Sensitivity (95% CI)'",0.4479 (0.4449–0.451),result
dna-pathogen-20261009-result-hall2024-real-nanopore-kraken2-standard-8-specificity,dna-pathogen-20261009-source-hall2024,"Table 6, row 'kraken standard-8', column 'Specificity (95% CI)'",1.0 (1.0–1.0),result
dna-pathogen-20261009-result-hall2024-real-nanopore-kraken2-standard-8-youden,dna-pathogen-20261009-source-hall2024,"Table 6, row 'kraken standard-8', column 'Youden’s index (95% CI)'",0.4479 (0.4448–0.451),result
dna-pathogen-20261009-result-hall2024-real-nanopore-kraken2-standard-memory,dna-pathogen-20261009-source-hall2024,"Table 6, row 'kraken standard', column 'Memory (GB)†'",67.0,result
dna-pathogen-20261009-result-hall2024-real-nanopore-kraken2-standard-rate,dna-pathogen-20261009-source-hall2024,"Table 6, row 'kraken standard', column 'Rate (reads/s)*'",6735,result
dna-pathogen-20261009-result-hall2024-real-nanopore-kraken2-standard-sensitivity,dna-pathogen-20261009-source-hall2024,"Table 6, row 'kraken standard', column 'Sensitivity (95% CI)'",0.7114 (0.7086–0.7142),result
dna-pathogen-20261009-result-hall2024-real-nanopore-kraken2-standard-specificity,dna-pathogen-20261009-source-hall2024,"Table 6, row 'kraken standard', column 'Specificity (95% CI)'",1.0 (1.0–1.0),result
dna-pathogen-20261009-result-hall2024-real-nanopore-kraken2-standard-youden,dna-pathogen-20261009-source-hall2024,"Table 6, row 'kraken standard', column 'Youden’s index (95% CI)'",0.7114 (0.7086–0.7142),result
dna-pathogen-20261009-result-hall2024-real-nanopore-minimap2-clockwork-memory,dna-pathogen-20261009-source-hall2024,"Table 6, row 'minimap2 Clockwork', column 'Memory (GB)†'",13.8,result
dna-pathogen-20261009-result-hall2024-real-nanopore-minimap2-clockwork-rate,dna-pathogen-20261009-source-hall2024,"Table 6, row 'minimap2 Clockwork', column 'Rate (reads/s)*'","1,225",result
dna-pathogen-20261009-result-hall2024-real-nanopore-minimap2-clockwork-sensitivity,dna-pathogen-20261009-source-hall2024,"Table 6, row 'minimap2 Clockwork', column 'Sensitivity (95% CI)'",0.9808 (0.9799–0.9816),result
dna-pathogen-20261009-result-hall2024-real-nanopore-minimap2-clockwork-specificity,dna-pathogen-20261009-source-hall2024,"Table 6, row 'minimap2 Clockwork', column 'Specificity (95% CI)'",0.9995 (0.9995–0.9996),result
dna-pathogen-20261009-result-hall2024-real-nanopore-minimap2-clockwork-youden,dna-pathogen-20261009-source-hall2024,"Table 6, row 'minimap2 Clockwork', column 'Youden’s index (95% CI)'",0.9803 (0.9794–0.9812),result
dna-pathogen-20261009-result-hall2024-real-nanopore-minimap2-mtb-memory,dna-pathogen-20261009-source-hall2024,"Table 6, row 'minimap2 MTB', column 'Memory (GB)†'",2.5,result
dna-pathogen-20261009-result-hall2024-real-nanopore-minimap2-mtb-rate,dna-pathogen-20261009-source-hall2024,"Table 6, row 'minimap2 MTB', column 'Rate (reads/s)*'","1,892",result
dna-pathogen-20261009-result-hall2024-real-nanopore-minimap2-mtb-sensitivity,dna-pathogen-20261009-source-hall2024,"Table 6, row 'minimap2 MTB', column 'Sensitivity (95% CI)'",0.945 (0.9436–0.9464),result
dna-pathogen-20261009-result-hall2024-real-nanopore-minimap2-mtb-specificity,dna-pathogen-20261009-source-hall2024,"Table 6, row 'minimap2 MTB', column 'Specificity (95% CI)'",0.9819 (0.9816–0.9821),result
dna-pathogen-20261009-result-hall2024-real-nanopore-minimap2-mtb-youden,dna-pathogen-20261009-source-hall2024,"Table 6, row 'minimap2 MTB', column 'Youden’s index (95% CI)'",0.9269 (0.9252–0.9285),result
dna-pathogen-20261009-result-hall2024-real-nanopore-minimap2-myco-memory,dna-pathogen-20261009-source-hall2024,"Table 6, row 'minimap2 Myco', column 'Memory (GB)†'",7.9,result
dna-pathogen-20261009-result-hall2024-real-nanopore-minimap2-myco-rate,dna-pathogen-20261009-source-hall2024,"Table 6, row 'minimap2 Myco', column 'Rate (reads/s)*'",332,result
dna-pathogen-20261009-result-hall2024-real-nanopore-minimap2-myco-sensitivity,dna-pathogen-20261009-source-hall2024,"Table 6, row 'minimap2 Myco', column 'Sensitivity (95% CI)'",0.9811 (0.9803–0.9819),result
dna-pathogen-20261009-result-hall2024-real-nanopore-minimap2-myco-specificity,dna-pathogen-20261009-source-hall2024,"Table 6, row 'minimap2 Myco', column 'Specificity (95% CI)'",0.9995 (0.9995–0.9995),result
dna-pathogen-20261009-result-hall2024-real-nanopore-minimap2-myco-youden,dna-pathogen-20261009-source-hall2024,"Table 6, row 'minimap2 Myco', column 'Youden’s index (95% CI)'",0.9806 (0.9797–0.9815),result
dna-pathogen-20261009-result-hall2024-sim-illumina-kraken2-myco-memory,dna-pathogen-20261009-source-hall2024,"Table 7, row 'kraken Myco', column 'Memory (GB)†'",8.2,result
dna-pathogen-20261009-result-hall2024-sim-illumina-kraken2-myco-rate,dna-pathogen-20261009-source-hall2024,"Table 7, row 'kraken Myco', column 'Rate (reads/s)*'","194,893",result
dna-pathogen-20261009-result-hall2024-sim-illumina-kraken2-myco-sensitivity,dna-pathogen-20261009-source-hall2024,"Table 7, row 'kraken Myco', column 'Sensitivity (95% CI)'",0.9731 (0.9726–0.9737),result
dna-pathogen-20261009-result-hall2024-sim-illumina-kraken2-myco-specificity,dna-pathogen-20261009-source-hall2024,"Table 7, row 'kraken Myco', column 'Specificity (95% CI)'",1.0 (1.0–1.0),result
dna-pathogen-20261009-result-hall2024-sim-illumina-kraken2-myco-youden,dna-pathogen-20261009-source-hall2024,"Table 7, row 'kraken Myco', column 'Youden’s index (95% CI)'",0.9731 (0.9726–0.9737),result
dna-pathogen-20261009-result-hall2024-sim-illumina-kraken2-standard-8-memory,dna-pathogen-20261009-source-hall2024,"Table 7, row 'kraken standard-8', column 'Memory (GB)†'",7.7,result
dna-pathogen-20261009-result-hall2024-sim-illumina-kraken2-standard-8-rate,dna-pathogen-20261009-source-hall2024,"Table 7, row 'kraken standard-8', column 'Rate (reads/s)*'","193,794",result
dna-pathogen-20261009-result-hall2024-sim-illumina-kraken2-standard-8-sensitivity,dna-pathogen-20261009-source-hall2024,"Table 7, row 'kraken standard-8', column 'Sensitivity (95% CI)'",0.0548 (0.0541–0.0556),result
dna-pathogen-20261009-result-hall2024-sim-illumina-kraken2-standard-8-specificity,dna-pathogen-20261009-source-hall2024,"Table 7, row 'kraken standard-8', column 'Specificity (95% CI)'",1.0 (1.0–1.0),result
dna-pathogen-20261009-result-hall2024-sim-illumina-kraken2-standard-8-youden,dna-pathogen-20261009-source-hall2024,"Table 7, row 'kraken standard-8', column 'Youden’s index (95% CI)'",0.0548 (0.0541–0.0556),result
dna-pathogen-20261009-result-hall2024-sim-illumina-kraken2-standard-memory,dna-pathogen-20261009-source-hall2024,"Table 7, row 'kraken standard', column 'Memory (GB)†'",66.8,result
dna-pathogen-20261009-result-hall2024-sim-illumina-kraken2-standard-rate,dna-pathogen-20261009-source-hall2024,"Table 7, row 'kraken standard', column 'Rate (reads/s)*'","51,079",result
dna-pathogen-20261009-result-hall2024-sim-illumina-kraken2-standard-sensitivity,dna-pathogen-20261009-source-hall2024,"Table 7, row 'kraken standard', column 'Sensitivity (95% CI)'",0.1634 (0.1622–0.1647),result
dna-pathogen-20261009-result-hall2024-sim-illumina-kraken2-standard-specificity,dna-pathogen-20261009-source-hall2024,"Table 7, row 'kraken standard', column 'Specificity (95% CI)'",1.0 (1.0–1.0),result
dna-pathogen-20261009-result-hall2024-sim-illumina-kraken2-standard-youden,dna-pathogen-20261009-source-hall2024,"Table 7, row 'kraken standard', column 'Youden’s index (95% CI)'",0.1634 (0.1622–0.1647),result
dna-pathogen-20261009-result-hall2024-sim-illumina-minimap2-clockwork-memory,dna-pathogen-20261009-source-hall2024,"Table 7, row 'minimap2 Clockwork', column 'Memory (GB)†'",20.7,result
dna-pathogen-20261009-result-hall2024-sim-illumina-minimap2-clockwork-rate,dna-pathogen-20261009-source-hall2024,"Table 7, row 'minimap2 Clockwork', column 'Rate (reads/s)*'","29,100",result
dna-pathogen-20261009-result-hall2024-sim-illumina-minimap2-clockwork-sensitivity,dna-pathogen-20261009-source-hall2024,"Table 7, row 'minimap2 Clockwork', column 'Sensitivity (95% CI)'",0.9999 (0.9999–1.0),result
dna-pathogen-20261009-result-hall2024-sim-illumina-minimap2-clockwork-specificity,dna-pathogen-20261009-source-hall2024,"Table 7, row 'minimap2 Clockwork', column 'Specificity (95% CI)'",0.9999 (0.9999–0.9999),result
dna-pathogen-20261009-result-hall2024-sim-illumina-minimap2-clockwork-youden,dna-pathogen-20261009-source-hall2024,"Table 7, row 'minimap2 Clockwork', column 'Youden’s index (95% CI)'",0.9998 (0.9998–0.9999),result
dna-pathogen-20261009-result-hall2024-sim-illumina-minimap2-mtb-memory,dna-pathogen-20261009-source-hall2024,"Table 7, row 'minimap2 MTB', column 'Memory (GB)†'",0.7,result
dna-pathogen-20261009-result-hall2024-sim-illumina-minimap2-mtb-rate,dna-pathogen-20261009-source-hall2024,"Table 7, row 'minimap2 MTB', column 'Rate (reads/s)*'","91,734",result
dna-pathogen-20261009-result-hall2024-sim-illumina-minimap2-mtb-sensitivity,dna-pathogen-20261009-source-hall2024,"Table 7, row 'minimap2 MTB', column 'Sensitivity (95% CI)'",0.9475 (0.9467–0.9482),result
dna-pathogen-20261009-result-hall2024-sim-illumina-minimap2-mtb-specificity,dna-pathogen-20261009-source-hall2024,"Table 7, row 'minimap2 MTB', column 'Specificity (95% CI)'",0.9991 (0.999–0.9991),result
dna-pathogen-20261009-result-hall2024-sim-illumina-minimap2-mtb-youden,dna-pathogen-20261009-source-hall2024,"Table 7, row 'minimap2 MTB', column 'Youden’s index (95% CI)'",0.9465 (0.9457–0.9473),result
dna-pathogen-20261009-result-hall2024-sim-illumina-minimap2-myco-memory,dna-pathogen-20261009-source-hall2024,"Table 7, row 'minimap2 Myco', column 'Memory (GB)†'",11.0,result
dna-pathogen-20261009-result-hall2024-sim-illumina-minimap2-myco-rate,dna-pathogen-20261009-source-hall2024,"Table 7, row 'minimap2 Myco', column 'Rate (reads/s)*'","49,727",result
dna-pathogen-20261009-result-hall2024-sim-illumina-minimap2-myco-sensitivity,dna-pathogen-20261009-source-hall2024,"Table 7, row 'minimap2 Myco', column 'Sensitivity (95% CI)'",0.9996 (0.9995–0.9996),result
dna-pathogen-20261009-result-hall2024-sim-illumina-minimap2-myco-specificity,dna-pathogen-20261009-source-hall2024,"Table 7, row 'minimap2 Myco', column 'Specificity (95% CI)'",1.0 (1.0–1.0),result
dna-pathogen-20261009-result-hall2024-sim-illumina-minimap2-myco-youden,dna-pathogen-20261009-source-hall2024,"Table 7, row 'minimap2 Myco', column 'Youden’s index (95% CI)'",0.9995 (0.9994–0.9996),result
dna-pathogen-20261009-result-hall2024-sim-nanopore-kraken2-myco-memory,dna-pathogen-20261009-source-hall2024,"Table 5, row 'kraken Myco', column 'Memory (GB)†'",8.2,result
dna-pathogen-20261009-result-hall2024-sim-nanopore-kraken2-myco-rate,dna-pathogen-20261009-source-hall2024,"Table 5, row 'kraken Myco', column 'Rate (reads/s)*'","4,286",result
dna-pathogen-20261009-result-hall2024-sim-nanopore-kraken2-myco-sensitivity,dna-pathogen-20261009-source-hall2024,"Table 5, row 'kraken Myco', column 'Sensitivity (95% CI)'",0.9953 (0.9947–0.9958),result
dna-pathogen-20261009-result-hall2024-sim-nanopore-kraken2-myco-specificity,dna-pathogen-20261009-source-hall2024,"Table 5, row 'kraken Myco', column 'Specificity (95% CI)'",1.0 (0.9998–1.0),result
dna-pathogen-20261009-result-hall2024-sim-nanopore-kraken2-myco-youden,dna-pathogen-20261009-source-hall2024,"Table 5, row 'kraken Myco', column 'Youden’s index (95% CI)'",0.9953 (0.9945–0.9958),result
dna-pathogen-20261009-result-hall2024-sim-nanopore-kraken2-standard-8-memory,dna-pathogen-20261009-source-hall2024,"Table 5, row 'kraken standard-8', column 'Memory (GB)†'",7.8,result
dna-pathogen-20261009-result-hall2024-sim-nanopore-kraken2-standard-8-rate,dna-pathogen-20261009-source-hall2024,"Table 5, row 'kraken standard-8', column 'Rate (reads/s)*'","4,884",result
dna-pathogen-20261009-result-hall2024-sim-nanopore-kraken2-standard-8-sensitivity,dna-pathogen-20261009-source-hall2024,"Table 5, row 'kraken standard-8', column 'Sensitivity (95% CI)'",0.4196 (0.4157–0.4236),result
dna-pathogen-20261009-result-hall2024-sim-nanopore-kraken2-standard-8-specificity,dna-pathogen-20261009-source-hall2024,"Table 5, row 'kraken standard-8', column 'Specificity (95% CI)'",1.0 (0.9999–1.0),result
dna-pathogen-20261009-result-hall2024-sim-nanopore-kraken2-standard-8-youden,dna-pathogen-20261009-source-hall2024,"Table 5, row 'kraken standard-8', column 'Youden’s index (95% CI)'",0.4196 (0.4155–0.4236),result
dna-pathogen-20261009-result-hall2024-sim-nanopore-kraken2-standard-memory,dna-pathogen-20261009-source-hall2024,"Table 5, row 'kraken standard', column 'Memory (GB)†'",66.8,result
dna-pathogen-20261009-result-hall2024-sim-nanopore-kraken2-standard-rate,dna-pathogen-20261009-source-hall2024,"Table 5, row 'kraken standard', column 'Rate (reads/s)*'","1,406",result
dna-pathogen-20261009-result-hall2024-sim-nanopore-kraken2-standard-sensitivity,dna-pathogen-20261009-source-hall2024,"Table 5, row 'kraken standard', column 'Sensitivity (95% CI)'",0.7408 (0.7373–0.7443),result
dna-pathogen-20261009-result-hall2024-sim-nanopore-kraken2-standard-specificity,dna-pathogen-20261009-source-hall2024,"Table 5, row 'kraken standard', column 'Specificity (95% CI)'",1.0 (0.9999–1.0),result
dna-pathogen-20261009-result-hall2024-sim-nanopore-kraken2-standard-youden,dna-pathogen-20261009-source-hall2024,"Table 5, row 'kraken standard', column 'Youden’s index (95% CI)'",0.7408 (0.7371–0.7443),result
dna-pathogen-20261009-result-hall2024-sim-nanopore-minimap2-clockwork-memory,dna-pathogen-20261009-source-hall2024,"Table 5, row 'minimap2 Clockwork', column 'Memory (GB)†'",14.0,result
dna-pathogen-20261009-result-hall2024-sim-nanopore-minimap2-clockwork-rate,dna-pathogen-20261009-source-hall2024,"Table 5, row 'minimap2 Clockwork', column 'Rate (reads/s)*'",349,result
dna-pathogen-20261009-result-hall2024-sim-nanopore-minimap2-clockwork-sensitivity,dna-pathogen-20261009-source-hall2024,"Table 5, row 'minimap2 Clockwork', column 'Sensitivity (95% CI)'",1.0 (0.9999–1.0),result
dna-pathogen-20261009-result-hall2024-sim-nanopore-minimap2-clockwork-specificity,dna-pathogen-20261009-source-hall2024,"Table 5, row 'minimap2 Clockwork', column 'Specificity (95% CI)'",0.9983 (0.9978–0.9987),result
dna-pathogen-20261009-result-hall2024-sim-nanopore-minimap2-clockwork-youden,dna-pathogen-20261009-source-hall2024,"Table 5, row 'minimap2 Clockwork', column 'Youden’s index (95% CI)'",0.9983 (0.9977–0.9987),result
dna-pathogen-20261009-result-hall2024-sim-nanopore-minimap2-mtb-memory,dna-pathogen-20261009-source-hall2024,"Table 5, row 'minimap2 MTB', column 'Memory (GB)†'",2.0,result
dna-pathogen-20261009-result-hall2024-sim-nanopore-minimap2-mtb-rate,dna-pathogen-20261009-source-hall2024,"Table 5, row 'minimap2 MTB', column 'Rate (reads/s)*'",418,result
dna-pathogen-20261009-result-hall2024-sim-nanopore-minimap2-mtb-sensitivity,dna-pathogen-20261009-source-hall2024,"Table 5, row 'minimap2 MTB', column 'Sensitivity (95% CI)'",0.9703 (0.969–0.9717),result
dna-pathogen-20261009-result-hall2024-sim-nanopore-minimap2-mtb-specificity,dna-pathogen-20261009-source-hall2024,"Table 5, row 'minimap2 MTB', column 'Specificity (95% CI)'",0.9735 (0.9715–0.9753),result
dna-pathogen-20261009-result-hall2024-sim-nanopore-minimap2-mtb-youden,dna-pathogen-20261009-source-hall2024,"Table 5, row 'minimap2 MTB', column 'Youden’s index (95% CI)'",0.9438 (0.9405–0.9469),result
dna-pathogen-20261009-result-hall2024-sim-nanopore-minimap2-myco-memory,dna-pathogen-20261009-source-hall2024,"Table 5, row 'minimap2 Myco', column 'Memory (GB)†'",7.9,result
dna-pathogen-20261009-result-hall2024-sim-nanopore-minimap2-myco-rate,dna-pathogen-20261009-source-hall2024,"Table 5, row 'minimap2 Myco', column 'Rate (reads/s)*'",368,result
dna-pathogen-20261009-result-hall2024-sim-nanopore-minimap2-myco-sensitivity,dna-pathogen-20261009-source-hall2024,"Table 5, row 'minimap2 Myco', column 'Sensitivity (95% CI)'",1.0 (0.9999–1.0),result
dna-pathogen-20261009-result-hall2024-sim-nanopore-minimap2-myco-specificity,dna-pathogen-20261009-source-hall2024,"Table 5, row 'minimap2 Myco', column 'Specificity (95% CI)'",0.9999 (0.9997–1.0),result
dna-pathogen-20261009-result-hall2024-sim-nanopore-minimap2-myco-youden,dna-pathogen-20261009-source-hall2024,"Table 5, row 'minimap2 Myco', column 'Youden’s index (95% CI)'",0.9999 (0.9996–1.0),result
dna-pathogen-20261009-result-portik2022-hifi-atcc-msa1003-bracken-2-6-0-pluspf-f0-5,dna-pathogen-20261009-source-portik2022,"Table 4, dataset block 'HiFi ATCC MSA1003', row 'Bracken' (table row 3), column 'F0.5'",0.18,result
dna-pathogen-20261009-result-portik2022-hifi-atcc-msa1003-bracken-2-6-0-pluspf-f1,dna-pathogen-20261009-source-portik2022,"Table 4, dataset block 'HiFi ATCC MSA1003', row 'Bracken' (table row 3), column 'F1'",0.26,result
dna-pathogen-20261009-result-portik2022-hifi-atcc-msa1003-bracken-2-6-0-pluspf-fn,dna-pathogen-20261009-source-portik2022,"Table 4, dataset block 'HiFi ATCC MSA1003', row 'Bracken' (table row 3), column 'False negatives'",0,result
dna-pathogen-20261009-result-portik2022-hifi-atcc-msa1003-bracken-2-6-0-pluspf-fp,dna-pathogen-20261009-source-portik2022,"Table 4, dataset block 'HiFi ATCC MSA1003', row 'Bracken' (table row 3), column 'False positives'",112,result
dna-pathogen-20261009-result-portik2022-hifi-atcc-msa1003-bracken-2-6-0-pluspf-l1,dna-pathogen-20261009-source-portik2022,"Table 4, dataset block 'HiFi ATCC MSA1003', row 'Bracken' (table row 3), column 'L1'",53.3,result
dna-pathogen-20261009-result-portik2022-hifi-atcc-msa1003-bracken-2-6-0-pluspf-precision,dna-pathogen-20261009-source-portik2022,"Table 4, dataset block 'HiFi ATCC MSA1003', row 'Bracken' (table row 3), column 'Precision'",0.15,result
dna-pathogen-20261009-result-portik2022-hifi-atcc-msa1003-bracken-2-6-0-pluspf-recall,dna-pathogen-20261009-source-portik2022,"Table 4, dataset block 'HiFi ATCC MSA1003', row 'Bracken' (table row 3), column 'Recall'",1.00,result
dna-pathogen-20261009-result-portik2022-hifi-atcc-msa1003-bracken-2-6-0-pluspf-tp,dna-pathogen-20261009-source-portik2022,"Table 4, dataset block 'HiFi ATCC MSA1003', row 'Bracken' (table row 3), column 'True positives'",20,result
dna-pathogen-20261009-result-portik2022-hifi-atcc-msa1003-bugseq-v2-nt-f0-5,dna-pathogen-20261009-source-portik2022,"Table 4, dataset block 'HiFi ATCC MSA1003', row 'BugSeq-V2' (table row 15), column 'F0.5'",0.95,result
dna-pathogen-20261009-result-portik2022-hifi-atcc-msa1003-bugseq-v2-nt-f1,dna-pathogen-20261009-source-portik2022,"Table 4, dataset block 'HiFi ATCC MSA1003', row 'BugSeq-V2' (table row 15), column 'F1'",0.89,result
dna-pathogen-20261009-result-portik2022-hifi-atcc-msa1003-bugseq-v2-nt-fn,dna-pathogen-20261009-source-portik2022,"Table 4, dataset block 'HiFi ATCC MSA1003', row 'BugSeq-V2' (table row 15), column 'False negatives'",4,result
dna-pathogen-20261009-result-portik2022-hifi-atcc-msa1003-bugseq-v2-nt-fp,dna-pathogen-20261009-source-portik2022,"Table 4, dataset block 'HiFi ATCC MSA1003', row 'BugSeq-V2' (table row 15), column 'False positives'",0,result
dna-pathogen-20261009-result-portik2022-hifi-atcc-msa1003-bugseq-v2-nt-l1,dna-pathogen-20261009-source-portik2022,"Table 4, dataset block 'HiFi ATCC MSA1003', row 'BugSeq-V2' (table row 15), column 'L1'",44.4,result
dna-pathogen-20261009-result-portik2022-hifi-atcc-msa1003-bugseq-v2-nt-precision,dna-pathogen-20261009-source-portik2022,"Table 4, dataset block 'HiFi ATCC MSA1003', row 'BugSeq-V2' (table row 15), column 'Precision'",1.00,result
dna-pathogen-20261009-result-portik2022-hifi-atcc-msa1003-bugseq-v2-nt-recall,dna-pathogen-20261009-source-portik2022,"Table 4, dataset block 'HiFi ATCC MSA1003', row 'BugSeq-V2' (table row 15), column 'Recall'",0.80,result
dna-pathogen-20261009-result-portik2022-hifi-atcc-msa1003-bugseq-v2-nt-tp,dna-pathogen-20261009-source-portik2022,"Table 4, dataset block 'HiFi ATCC MSA1003', row 'BugSeq-V2' (table row 15), column 'True positives'",16,result
dna-pathogen-20261009-result-portik2022-hifi-atcc-msa1003-centrifuge-1-0-4-h22-abvf-f0-5,dna-pathogen-20261009-source-portik2022,"Table 4, dataset block 'HiFi ATCC MSA1003', row 'Centrifuge-h22' (table row 4), column 'F0.5'",0.61,result
dna-pathogen-20261009-result-portik2022-hifi-atcc-msa1003-centrifuge-1-0-4-h22-abvf-f1,dna-pathogen-20261009-source-portik2022,"Table 4, dataset block 'HiFi ATCC MSA1003', row 'Centrifuge-h22' (table row 4), column 'F1'",0.71,result
dna-pathogen-20261009-result-portik2022-hifi-atcc-msa1003-centrifuge-1-0-4-h22-abvf-fn,dna-pathogen-20261009-source-portik2022,"Table 4, dataset block 'HiFi ATCC MSA1003', row 'Centrifuge-h22' (table row 4), column 'False negatives'",0,result
dna-pathogen-20261009-result-portik2022-hifi-atcc-msa1003-centrifuge-1-0-4-h22-abvf-fp,dna-pathogen-20261009-source-portik2022,"Table 4, dataset block 'HiFi ATCC MSA1003', row 'Centrifuge-h22' (table row 4), column 'False positives'",16,result
dna-pathogen-20261009-result-portik2022-hifi-atcc-msa1003-centrifuge-1-0-4-h22-abvf-l1,dna-pathogen-20261009-source-portik2022,"Table 4, dataset block 'HiFi ATCC MSA1003', row 'Centrifuge-h22' (table row 4), column 'L1'",55.1,result
dna-pathogen-20261009-result-portik2022-hifi-atcc-msa1003-centrifuge-1-0-4-h22-abvf-precision,dna-pathogen-20261009-source-portik2022,"Table 4, dataset block 'HiFi ATCC MSA1003', row 'Centrifuge-h22' (table row 4), column 'Precision'",0.56,result
dna-pathogen-20261009-result-portik2022-hifi-atcc-msa1003-centrifuge-1-0-4-h22-abvf-recall,dna-pathogen-20261009-source-portik2022,"Table 4, dataset block 'HiFi ATCC MSA1003', row 'Centrifuge-h22' (table row 4), column 'Recall'",1.00,result
dna-pathogen-20261009-result-portik2022-hifi-atcc-msa1003-centrifuge-1-0-4-h22-abvf-tp,dna-pathogen-20261009-source-portik2022,"Table 4, dataset block 'HiFi ATCC MSA1003', row 'Centrifuge-h22' (table row 4), column 'True positives'",20,result
dna-pathogen-20261009-result-portik2022-hifi-atcc-msa1003-centrifuge-1-0-4-h500-abvf-f0-5,dna-pathogen-20261009-source-portik2022,"Table 4, dataset block 'HiFi ATCC MSA1003', row 'Centrifuge-h500' (table row 5), column 'F0.5'",0.72,result
dna-pathogen-20261009-result-portik2022-hifi-atcc-msa1003-centrifuge-1-0-4-h500-abvf-f1,dna-pathogen-20261009-source-portik2022,"Table 4, dataset block 'HiFi ATCC MSA1003', row 'Centrifuge-h500' (table row 5), column 'F1'",0.79,result
dna-pathogen-20261009-result-portik2022-hifi-atcc-msa1003-centrifuge-1-0-4-h500-abvf-fn,dna-pathogen-20261009-source-portik2022,"Table 4, dataset block 'HiFi ATCC MSA1003', row 'Centrifuge-h500' (table row 5), column 'False negatives'",1,result
dna-pathogen-20261009-result-portik2022-hifi-atcc-msa1003-centrifuge-1-0-4-h500-abvf-fp,dna-pathogen-20261009-source-portik2022,"Table 4, dataset block 'HiFi ATCC MSA1003', row 'Centrifuge-h500' (table row 5), column 'False positives'",9,result
dna-pathogen-20261009-result-portik2022-hifi-atcc-msa1003-centrifuge-1-0-4-h500-abvf-l1,dna-pathogen-20261009-source-portik2022,"Table 4, dataset block 'HiFi ATCC MSA1003', row 'Centrifuge-h500' (table row 5), column 'L1'",54.5,result
dna-pathogen-20261009-result-portik2022-hifi-atcc-msa1003-centrifuge-1-0-4-h500-abvf-precision,dna-pathogen-20261009-source-portik2022,"Table 4, dataset block 'HiFi ATCC MSA1003', row 'Centrifuge-h500' (table row 5), column 'Precision'",0.68,result
dna-pathogen-20261009-result-portik2022-hifi-atcc-msa1003-centrifuge-1-0-4-h500-abvf-recall,dna-pathogen-20261009-source-portik2022,"Table 4, dataset block 'HiFi ATCC MSA1003', row 'Centrifuge-h500' (table row 5), column 'Recall'",0.95,result
dna-pathogen-20261009-result-portik2022-hifi-atcc-msa1003-centrifuge-1-0-4-h500-abvf-tp,dna-pathogen-20261009-source-portik2022,"Table 4, dataset block 'HiFi ATCC MSA1003', row 'Centrifuge-h500' (table row 5), column 'True positives'",19,result
dna-pathogen-20261009-result-portik2022-hifi-atcc-msa1003-kraken2-2-1-1-pluspf-f0-5,dna-pathogen-20261009-source-portik2022,"Table 4, dataset block 'HiFi ATCC MSA1003', row 'Kraken2' (table row 2), column 'F0.5'",0.21,result
dna-pathogen-20261009-result-portik2022-hifi-atcc-msa1003-kraken2-2-1-1-pluspf-f1,dna-pathogen-20261009-source-portik2022,"Table 4, dataset block 'HiFi ATCC MSA1003', row 'Kraken2' (table row 2), column 'F1'",0.29,result
dna-pathogen-20261009-result-portik2022-hifi-atcc-msa1003-kraken2-2-1-1-pluspf-fn,dna-pathogen-20261009-source-portik2022,"Table 4, dataset block 'HiFi ATCC MSA1003', row 'Kraken2' (table row 2), column 'False negatives'",0,result
dna-pathogen-20261009-result-portik2022-hifi-atcc-msa1003-kraken2-2-1-1-pluspf-fp,dna-pathogen-20261009-source-portik2022,"Table 4, dataset block 'HiFi ATCC MSA1003', row 'Kraken2' (table row 2), column 'False positives'",96,result
dna-pathogen-20261009-result-portik2022-hifi-atcc-msa1003-kraken2-2-1-1-pluspf-l1,dna-pathogen-20261009-source-portik2022,"Table 4, dataset block 'HiFi ATCC MSA1003', row 'Kraken2' (table row 2), column 'L1'",50.7,result
dna-pathogen-20261009-result-portik2022-hifi-atcc-msa1003-kraken2-2-1-1-pluspf-precision,dna-pathogen-20261009-source-portik2022,"Table 4, dataset block 'HiFi ATCC MSA1003', row 'Kraken2' (table row 2), column 'Precision'",0.17,result
dna-pathogen-20261009-result-portik2022-hifi-atcc-msa1003-kraken2-2-1-1-pluspf-recall,dna-pathogen-20261009-source-portik2022,"Table 4, dataset block 'HiFi ATCC MSA1003', row 'Kraken2' (table row 2), column 'Recall'",1.00,result
dna-pathogen-20261009-result-portik2022-hifi-atcc-msa1003-kraken2-2-1-1-pluspf-tp,dna-pathogen-20261009-source-portik2022,"Table 4, dataset block 'HiFi ATCC MSA1003', row 'Kraken2' (table row 2), column 'True positives'",20,result
dna-pathogen-20261009-result-portik2022-hifi-atcc-msa1003-megan-lr-nuc-hifi-minimap2-nt-f0-5,dna-pathogen-20261009-source-portik2022,"Table 4, dataset block 'HiFi ATCC MSA1003', row 'MEGAN-LR-Nuc-HiFi' (table row 13), column 'F0.5'",0.92,result
dna-pathogen-20261009-result-portik2022-hifi-atcc-msa1003-megan-lr-nuc-hifi-minimap2-nt-f1,dna-pathogen-20261009-source-portik2022,"Table 4, dataset block 'HiFi ATCC MSA1003', row 'MEGAN-LR-Nuc-HiFi' (table row 13), column 'F1'",0.82,result
dna-pathogen-20261009-result-portik2022-hifi-atcc-msa1003-megan-lr-nuc-hifi-minimap2-nt-fn,dna-pathogen-20261009-source-portik2022,"Table 4, dataset block 'HiFi ATCC MSA1003', row 'MEGAN-LR-Nuc-HiFi' (table row 13), column 'False negatives'",6,result
dna-pathogen-20261009-result-portik2022-hifi-atcc-msa1003-megan-lr-nuc-hifi-minimap2-nt-fp,dna-pathogen-20261009-source-portik2022,"Table 4, dataset block 'HiFi ATCC MSA1003', row 'MEGAN-LR-Nuc-HiFi' (table row 13), column 'False positives'",0,result
dna-pathogen-20261009-result-portik2022-hifi-atcc-msa1003-megan-lr-nuc-hifi-minimap2-nt-l1,dna-pathogen-20261009-source-portik2022,"Table 4, dataset block 'HiFi ATCC MSA1003', row 'MEGAN-LR-Nuc-HiFi' (table row 13), column 'L1'",62.1,result
dna-pathogen-20261009-result-portik2022-hifi-atcc-msa1003-megan-lr-nuc-hifi-minimap2-nt-precision,dna-pathogen-20261009-source-portik2022,"Table 4, dataset block 'HiFi ATCC MSA1003', row 'MEGAN-LR-Nuc-HiFi' (table row 13), column 'Precision'",1.00,result
dna-pathogen-20261009-result-portik2022-hifi-atcc-msa1003-megan-lr-nuc-hifi-minimap2-nt-recall,dna-pathogen-20261009-source-portik2022,"Table 4, dataset block 'HiFi ATCC MSA1003', row 'MEGAN-LR-Nuc-HiFi' (table row 13), column 'Recall'",0.70,result
dna-pathogen-20261009-result-portik2022-hifi-atcc-msa1003-megan-lr-nuc-hifi-minimap2-nt-tp,dna-pathogen-20261009-source-portik2022,"Table 4, dataset block 'HiFi ATCC MSA1003', row 'MEGAN-LR-Nuc-HiFi' (table row 13), column 'True positives'",14,result
dna-pathogen-20261009-result-portik2022-hifi-atcc-msa1003-megan-lr-nuc-ont-minimap2-nt-f0-5,dna-pathogen-20261009-source-portik2022,"Table 4, dataset block 'HiFi ATCC MSA1003', row 'MEGAN-LR-Nuc-ONT' (table row 14), column 'F0.5'",0.92,result
dna-pathogen-20261009-result-portik2022-hifi-atcc-msa1003-megan-lr-nuc-ont-minimap2-nt-f1,dna-pathogen-20261009-source-portik2022,"Table 4, dataset block 'HiFi ATCC MSA1003', row 'MEGAN-LR-Nuc-ONT' (table row 14), column 'F1'",0.82,result
dna-pathogen-20261009-result-portik2022-hifi-atcc-msa1003-megan-lr-nuc-ont-minimap2-nt-fn,dna-pathogen-20261009-source-portik2022,"Table 4, dataset block 'HiFi ATCC MSA1003', row 'MEGAN-LR-Nuc-ONT' (table row 14), column 'False negatives'",6,result
dna-pathogen-20261009-result-portik2022-hifi-atcc-msa1003-megan-lr-nuc-ont-minimap2-nt-fp,dna-pathogen-20261009-source-portik2022,"Table 4, dataset block 'HiFi ATCC MSA1003', row 'MEGAN-LR-Nuc-ONT' (table row 14), column 'False positives'",0,result
dna-pathogen-20261009-result-portik2022-hifi-atcc-msa1003-megan-lr-nuc-ont-minimap2-nt-l1,dna-pathogen-20261009-source-portik2022,"Table 4, dataset block 'HiFi ATCC MSA1003', row 'MEGAN-LR-Nuc-ONT' (table row 14), column 'L1'",62.7,result
dna-pathogen-20261009-result-portik2022-hifi-atcc-msa1003-megan-lr-nuc-ont-minimap2-nt-precision,dna-pathogen-20261009-source-portik2022,"Table 4, dataset block 'HiFi ATCC MSA1003', row 'MEGAN-LR-Nuc-ONT' (table row 14), column 'Precision'",1.00,result
dna-pathogen-20261009-result-portik2022-hifi-atcc-msa1003-megan-lr-nuc-ont-minimap2-nt-recall,dna-pathogen-20261009-source-portik2022,"Table 4, dataset block 'HiFi ATCC MSA1003', row 'MEGAN-LR-Nuc-ONT' (table row 14), column 'Recall'",0.70,result
dna-pathogen-20261009-result-portik2022-hifi-atcc-msa1003-megan-lr-nuc-ont-minimap2-nt-tp,dna-pathogen-20261009-source-portik2022,"Table 4, dataset block 'HiFi ATCC MSA1003', row 'MEGAN-LR-Nuc-ONT' (table row 14), column 'True positives'",14,result
dna-pathogen-20261009-result-portik2022-hifi-atcc-msa1003-megan-lr-prot-diamond-nr-f0-5,dna-pathogen-20261009-source-portik2022,"Table 4, dataset block 'HiFi ATCC MSA1003', row 'MEGAN-LR-Prot' (table row 12), column 'F0.5'",0.94,result
dna-pathogen-20261009-result-portik2022-hifi-atcc-msa1003-megan-lr-prot-diamond-nr-f1,dna-pathogen-20261009-source-portik2022,"Table 4, dataset block 'HiFi ATCC MSA1003', row 'MEGAN-LR-Prot' (table row 12), column 'F1'",0.85,result
dna-pathogen-20261009-result-portik2022-hifi-atcc-msa1003-megan-lr-prot-diamond-nr-fn,dna-pathogen-20261009-source-portik2022,"Table 4, dataset block 'HiFi ATCC MSA1003', row 'MEGAN-LR-Prot' (table row 12), column 'False negatives'",5,result
dna-pathogen-20261009-result-portik2022-hifi-atcc-msa1003-megan-lr-prot-diamond-nr-fp,dna-pathogen-20261009-source-portik2022,"Table 4, dataset block 'HiFi ATCC MSA1003', row 'MEGAN-LR-Prot' (table row 12), column 'False positives'",0,result
dna-pathogen-20261009-result-portik2022-hifi-atcc-msa1003-megan-lr-prot-diamond-nr-l1,dna-pathogen-20261009-source-portik2022,"Table 4, dataset block 'HiFi ATCC MSA1003', row 'MEGAN-LR-Prot' (table row 12), column 'L1'",37.0,result
dna-pathogen-20261009-result-portik2022-hifi-atcc-msa1003-megan-lr-prot-diamond-nr-precision,dna-pathogen-20261009-source-portik2022,"Table 4, dataset block 'HiFi ATCC MSA1003', row 'MEGAN-LR-Prot' (table row 12), column 'Precision'",1.00,result
dna-pathogen-20261009-result-portik2022-hifi-atcc-msa1003-megan-lr-prot-diamond-nr-recall,dna-pathogen-20261009-source-portik2022,"Table 4, dataset block 'HiFi ATCC MSA1003', row 'MEGAN-LR-Prot' (table row 12), column 'Recall'",0.75,result
dna-pathogen-20261009-result-portik2022-hifi-atcc-msa1003-megan-lr-prot-diamond-nr-tp,dna-pathogen-20261009-source-portik2022,"Table 4, dataset block 'HiFi ATCC MSA1003', row 'MEGAN-LR-Prot' (table row 12), column 'True positives'",15,result
dna-pathogen-20261009-result-portik2022-hifi-atcc-msa1003-metamaps-0-1-miniseq-h-f0-5,dna-pathogen-20261009-source-portik2022,"Table 4, dataset block 'HiFi ATCC MSA1003', row 'MetaMaps' (table row 10), column 'F0.5'",0.70,result
dna-pathogen-20261009-result-portik2022-hifi-atcc-msa1003-metamaps-0-1-miniseq-h-f1,dna-pathogen-20261009-source-portik2022,"Table 4, dataset block 'HiFi ATCC MSA1003', row 'MetaMaps' (table row 10), column 'F1'",0.78,result
dna-pathogen-20261009-result-portik2022-hifi-atcc-msa1003-metamaps-0-1-miniseq-h-fn,dna-pathogen-20261009-source-portik2022,"Table 4, dataset block 'HiFi ATCC MSA1003', row 'MetaMaps' (table row 10), column 'False negatives'",1,result
dna-pathogen-20261009-result-portik2022-hifi-atcc-msa1003-metamaps-0-1-miniseq-h-fp,dna-pathogen-20261009-source-portik2022,"Table 4, dataset block 'HiFi ATCC MSA1003', row 'MetaMaps' (table row 10), column 'False positives'",10,result
dna-pathogen-20261009-result-portik2022-hifi-atcc-msa1003-metamaps-0-1-miniseq-h-l1,dna-pathogen-20261009-source-portik2022,"Table 4, dataset block 'HiFi ATCC MSA1003', row 'MetaMaps' (table row 10), column 'L1'",53.1,result
dna-pathogen-20261009-result-portik2022-hifi-atcc-msa1003-metamaps-0-1-miniseq-h-precision,dna-pathogen-20261009-source-portik2022,"Table 4, dataset block 'HiFi ATCC MSA1003', row 'MetaMaps' (table row 10), column 'Precision'",0.66,result
dna-pathogen-20261009-result-portik2022-hifi-atcc-msa1003-metamaps-0-1-miniseq-h-recall,dna-pathogen-20261009-source-portik2022,"Table 4, dataset block 'HiFi ATCC MSA1003', row 'MetaMaps' (table row 10), column 'Recall'",0.95,result
dna-pathogen-20261009-result-portik2022-hifi-atcc-msa1003-metamaps-0-1-miniseq-h-tp,dna-pathogen-20261009-source-portik2022,"Table 4, dataset block 'HiFi ATCC MSA1003', row 'MetaMaps' (table row 10), column 'True positives'",19,result
dna-pathogen-20261009-result-portik2022-hifi-atcc-msa1003-metaphlan-3-0-7-mpa-v30-201901-f0-5,dna-pathogen-20261009-source-portik2022,"Table 4, dataset block 'HiFi ATCC MSA1003', row 'MetaPhlAn3' (table row 6), column 'F0.5'",0.29,result
dna-pathogen-20261009-result-portik2022-hifi-atcc-msa1003-metaphlan-3-0-7-mpa-v30-201901-f1,dna-pathogen-20261009-source-portik2022,"Table 4, dataset block 'HiFi ATCC MSA1003', row 'MetaPhlAn3' (table row 6), column 'F1'",0.37,result
dna-pathogen-20261009-result-portik2022-hifi-atcc-msa1003-metaphlan-3-0-7-mpa-v30-201901-fn,dna-pathogen-20261009-source-portik2022,"Table 4, dataset block 'HiFi ATCC MSA1003', row 'MetaPhlAn3' (table row 6), column 'False negatives'",7,result
dna-pathogen-20261009-result-portik2022-hifi-atcc-msa1003-metaphlan-3-0-7-mpa-v30-201901-fp,dna-pathogen-20261009-source-portik2022,"Table 4, dataset block 'HiFi ATCC MSA1003', row 'MetaPhlAn3' (table row 6), column 'False positives'",38,result
dna-pathogen-20261009-result-portik2022-hifi-atcc-msa1003-metaphlan-3-0-7-mpa-v30-201901-l1,dna-pathogen-20261009-source-portik2022,"Table 4, dataset block 'HiFi ATCC MSA1003', row 'MetaPhlAn3' (table row 6), column 'L1'",45.2,result
dna-pathogen-20261009-result-portik2022-hifi-atcc-msa1003-metaphlan-3-0-7-mpa-v30-201901-precision,dna-pathogen-20261009-source-portik2022,"Table 4, dataset block 'HiFi ATCC MSA1003', row 'MetaPhlAn3' (table row 6), column 'Precision'",0.26,result
dna-pathogen-20261009-result-portik2022-hifi-atcc-msa1003-metaphlan-3-0-7-mpa-v30-201901-recall,dna-pathogen-20261009-source-portik2022,"Table 4, dataset block 'HiFi ATCC MSA1003', row 'MetaPhlAn3' (table row 6), column 'Recall'",0.65,result
dna-pathogen-20261009-result-portik2022-hifi-atcc-msa1003-metaphlan-3-0-7-mpa-v30-201901-tp,dna-pathogen-20261009-source-portik2022,"Table 4, dataset block 'HiFi ATCC MSA1003', row 'MetaPhlAn3' (table row 6), column 'True positives'",13,result
dna-pathogen-20261009-result-portik2022-hifi-atcc-msa1003-mmseqs2-13-45111-nr-f0-5,dna-pathogen-20261009-source-portik2022,"Table 4, dataset block 'HiFi ATCC MSA1003', row 'MMseqs2' (table row 11), column 'F0.5'",0.85,result
dna-pathogen-20261009-result-portik2022-hifi-atcc-msa1003-mmseqs2-13-45111-nr-f1,dna-pathogen-20261009-source-portik2022,"Table 4, dataset block 'HiFi ATCC MSA1003', row 'MMseqs2' (table row 11), column 'F1'",0.88,result
dna-pathogen-20261009-result-portik2022-hifi-atcc-msa1003-mmseqs2-13-45111-nr-fn,dna-pathogen-20261009-source-portik2022,"Table 4, dataset block 'HiFi ATCC MSA1003', row 'MMseqs2' (table row 11), column 'False negatives'",1,result
dna-pathogen-20261009-result-portik2022-hifi-atcc-msa1003-mmseqs2-13-45111-nr-fp,dna-pathogen-20261009-source-portik2022,"Table 4, dataset block 'HiFi ATCC MSA1003', row 'MMseqs2' (table row 11), column 'False positives'",4,result
dna-pathogen-20261009-result-portik2022-hifi-atcc-msa1003-mmseqs2-13-45111-nr-l1,dna-pathogen-20261009-source-portik2022,"Table 4, dataset block 'HiFi ATCC MSA1003', row 'MMseqs2' (table row 11), column 'L1'",48.8,result
dna-pathogen-20261009-result-portik2022-hifi-atcc-msa1003-mmseqs2-13-45111-nr-precision,dna-pathogen-20261009-source-portik2022,"Table 4, dataset block 'HiFi ATCC MSA1003', row 'MMseqs2' (table row 11), column 'Precision'",0.83,result
dna-pathogen-20261009-result-portik2022-hifi-atcc-msa1003-mmseqs2-13-45111-nr-recall,dna-pathogen-20261009-source-portik2022,"Table 4, dataset block 'HiFi ATCC MSA1003', row 'MMseqs2' (table row 11), column 'Recall'",0.95,result
dna-pathogen-20261009-result-portik2022-hifi-atcc-msa1003-mmseqs2-13-45111-nr-tp,dna-pathogen-20261009-source-portik2022,"Table 4, dataset block 'HiFi ATCC MSA1003', row 'MMseqs2' (table row 11), column 'True positives'",19,result
dna-pathogen-20261009-result-portik2022-hifi-atcc-msa1003-motus2-3-0-3-f0-5,dna-pathogen-20261009-source-portik2022,"Table 4, dataset block 'HiFi ATCC MSA1003', row 'mOTUs' (table row 7), column 'F0.5'",0.83,result
dna-pathogen-20261009-result-portik2022-hifi-atcc-msa1003-motus2-3-0-3-f1,dna-pathogen-20261009-source-portik2022,"Table 4, dataset block 'HiFi ATCC MSA1003', row 'mOTUs' (table row 7), column 'F1'",0.73,result
dna-pathogen-20261009-result-portik2022-hifi-atcc-msa1003-motus2-3-0-3-fn,dna-pathogen-20261009-source-portik2022,"Table 4, dataset block 'HiFi ATCC MSA1003', row 'mOTUs' (table row 7), column 'False negatives'",8,result
dna-pathogen-20261009-result-portik2022-hifi-atcc-msa1003-motus2-3-0-3-fp,dna-pathogen-20261009-source-portik2022,"Table 4, dataset block 'HiFi ATCC MSA1003', row 'mOTUs' (table row 7), column 'False positives'",1,result
dna-pathogen-20261009-result-portik2022-hifi-atcc-msa1003-motus2-3-0-3-l1,dna-pathogen-20261009-source-portik2022,"Table 4, dataset block 'HiFi ATCC MSA1003', row 'mOTUs' (table row 7), column 'L1'",50.2,result
dna-pathogen-20261009-result-portik2022-hifi-atcc-msa1003-motus2-3-0-3-precision,dna-pathogen-20261009-source-portik2022,"Table 4, dataset block 'HiFi ATCC MSA1003', row 'mOTUs' (table row 7), column 'Precision'",0.92,result
dna-pathogen-20261009-result-portik2022-hifi-atcc-msa1003-motus2-3-0-3-recall,dna-pathogen-20261009-source-portik2022,"Table 4, dataset block 'HiFi ATCC MSA1003', row 'mOTUs' (table row 7), column 'Recall'",0.60,result
dna-pathogen-20261009-result-portik2022-hifi-atcc-msa1003-motus2-3-0-3-tp,dna-pathogen-20261009-source-portik2022,"Table 4, dataset block 'HiFi ATCC MSA1003', row 'mOTUs' (table row 7), column 'True positives'",12,result
dna-pathogen-20261009-result-portik2022-hifi-atcc-msa1003-sourmash-4-5-1-k31-genbank-2022-03-f0-5,dna-pathogen-20261009-source-portik2022,"Table 4, dataset block 'HiFi ATCC MSA1003', row 'Sourmash-k31' (table row 8), column 'F0.5'",0.83,result
dna-pathogen-20261009-result-portik2022-hifi-atcc-msa1003-sourmash-4-5-1-k31-genbank-2022-03-f1,dna-pathogen-20261009-source-portik2022,"Table 4, dataset block 'HiFi ATCC MSA1003', row 'Sourmash-k31' (table row 8), column 'F1'",0.89,result
dna-pathogen-20261009-result-portik2022-hifi-atcc-msa1003-sourmash-4-5-1-k31-genbank-2022-03-fn,dna-pathogen-20261009-source-portik2022,"Table 4, dataset block 'HiFi ATCC MSA1003', row 'Sourmash-k31' (table row 8), column 'False negatives'",0,result
dna-pathogen-20261009-result-portik2022-hifi-atcc-msa1003-sourmash-4-5-1-k31-genbank-2022-03-fp,dna-pathogen-20261009-source-portik2022,"Table 4, dataset block 'HiFi ATCC MSA1003', row 'Sourmash-k31' (table row 8), column 'False positives'",5,result
dna-pathogen-20261009-result-portik2022-hifi-atcc-msa1003-sourmash-4-5-1-k31-genbank-2022-03-l1,dna-pathogen-20261009-source-portik2022,"Table 4, dataset block 'HiFi ATCC MSA1003', row 'Sourmash-k31' (table row 8), column 'L1'",68.6,result
dna-pathogen-20261009-result-portik2022-hifi-atcc-msa1003-sourmash-4-5-1-k31-genbank-2022-03-precision,dna-pathogen-20261009-source-portik2022,"Table 4, dataset block 'HiFi ATCC MSA1003', row 'Sourmash-k31' (table row 8), column 'Precision'",0.80,result
dna-pathogen-20261009-result-portik2022-hifi-atcc-msa1003-sourmash-4-5-1-k31-genbank-2022-03-recall,dna-pathogen-20261009-source-portik2022,"Table 4, dataset block 'HiFi ATCC MSA1003', row 'Sourmash-k31' (table row 8), column 'Recall'",1.00,result
dna-pathogen-20261009-result-portik2022-hifi-atcc-msa1003-sourmash-4-5-1-k31-genbank-2022-03-tp,dna-pathogen-20261009-source-portik2022,"Table 4, dataset block 'HiFi ATCC MSA1003', row 'Sourmash-k31' (table row 8), column 'True positives'",20,result
dna-pathogen-20261009-result-portik2022-hifi-atcc-msa1003-sourmash-4-5-1-k51-genbank-2022-03-f0-5,dna-pathogen-20261009-source-portik2022,"Table 4, dataset block 'HiFi ATCC MSA1003', row 'Sourmash-k51' (table row 9), column 'F0.5'",0.89,result
dna-pathogen-20261009-result-portik2022-hifi-atcc-msa1003-sourmash-4-5-1-k51-genbank-2022-03-f1,dna-pathogen-20261009-source-portik2022,"Table 4, dataset block 'HiFi ATCC MSA1003', row 'Sourmash-k51' (table row 9), column 'F1'",0.93,result
dna-pathogen-20261009-result-portik2022-hifi-atcc-msa1003-sourmash-4-5-1-k51-genbank-2022-03-fn,dna-pathogen-20261009-source-portik2022,"Table 4, dataset block 'HiFi ATCC MSA1003', row 'Sourmash-k51' (table row 9), column 'False negatives'",0,result
dna-pathogen-20261009-result-portik2022-hifi-atcc-msa1003-sourmash-4-5-1-k51-genbank-2022-03-fp,dna-pathogen-20261009-source-portik2022,"Table 4, dataset block 'HiFi ATCC MSA1003', row 'Sourmash-k51' (table row 9), column 'False positives'",3,result
dna-pathogen-20261009-result-portik2022-hifi-atcc-msa1003-sourmash-4-5-1-k51-genbank-2022-03-l1,dna-pathogen-20261009-source-portik2022,"Table 4, dataset block 'HiFi ATCC MSA1003', row 'Sourmash-k51' (table row 9), column 'L1'",67.0,result
dna-pathogen-20261009-result-portik2022-hifi-atcc-msa1003-sourmash-4-5-1-k51-genbank-2022-03-precision,dna-pathogen-20261009-source-portik2022,"Table 4, dataset block 'HiFi ATCC MSA1003', row 'Sourmash-k51' (table row 9), column 'Precision'",0.87,result
dna-pathogen-20261009-result-portik2022-hifi-atcc-msa1003-sourmash-4-5-1-k51-genbank-2022-03-recall,dna-pathogen-20261009-source-portik2022,"Table 4, dataset block 'HiFi ATCC MSA1003', row 'Sourmash-k51' (table row 9), column 'Recall'",1.00,result
dna-pathogen-20261009-result-portik2022-hifi-atcc-msa1003-sourmash-4-5-1-k51-genbank-2022-03-tp,dna-pathogen-20261009-source-portik2022,"Table 4, dataset block 'HiFi ATCC MSA1003', row 'Sourmash-k51' (table row 9), column 'True positives'",20,result
dna-pathogen-20261009-result-portik2022-hifi-zymo-d6331-bracken-2-6-0-pluspf-f0-5,dna-pathogen-20261009-source-portik2022,"Table 4, dataset block 'HiFi Zymo D6331 (17 species, staggered)', row 'Bracken*' (table row 24), column 'F0.5'",0.08,result
dna-pathogen-20261009-result-portik2022-hifi-zymo-d6331-bracken-2-6-0-pluspf-f1,dna-pathogen-20261009-source-portik2022,"Table 4, dataset block 'HiFi Zymo D6331 (17 species, staggered)', row 'Bracken*' (table row 24), column 'F1'",0.12,result
dna-pathogen-20261009-result-portik2022-hifi-zymo-d6331-bracken-2-6-0-pluspf-fn,dna-pathogen-20261009-source-portik2022,"Table 4, dataset block 'HiFi Zymo D6331 (17 species, staggered)', row 'Bracken*' (table row 24), column 'False negatives'",1,result
dna-pathogen-20261009-result-portik2022-hifi-zymo-d6331-bracken-2-6-0-pluspf-fp,dna-pathogen-20261009-source-portik2022,"Table 4, dataset block 'HiFi Zymo D6331 (17 species, staggered)', row 'Bracken*' (table row 24), column 'False positives'",204,result
dna-pathogen-20261009-result-portik2022-hifi-zymo-d6331-bracken-2-6-0-pluspf-l1,dna-pathogen-20261009-source-portik2022,"Table 4, dataset block 'HiFi Zymo D6331 (17 species, staggered)', row 'Bracken*' (table row 24), column 'L1'",51.0,result
dna-pathogen-20261009-result-portik2022-hifi-zymo-d6331-bracken-2-6-0-pluspf-precision,dna-pathogen-20261009-source-portik2022,"Table 4, dataset block 'HiFi Zymo D6331 (17 species, staggered)', row 'Bracken*' (table row 24), column 'Precision'",0.06,result
dna-pathogen-20261009-result-portik2022-hifi-zymo-d6331-bracken-2-6-0-pluspf-recall,dna-pathogen-20261009-source-portik2022,"Table 4, dataset block 'HiFi Zymo D6331 (17 species, staggered)', row 'Bracken*' (table row 24), column 'Recall'",0.93,result
dna-pathogen-20261009-result-portik2022-hifi-zymo-d6331-bracken-2-6-0-pluspf-tp,dna-pathogen-20261009-source-portik2022,"Table 4, dataset block 'HiFi Zymo D6331 (17 species, staggered)', row 'Bracken*' (table row 24), column 'True positives'",14,result
dna-pathogen-20261009-result-portik2022-hifi-zymo-d6331-bugseq-v2-nt-f0-5,dna-pathogen-20261009-source-portik2022,"Table 4, dataset block 'HiFi Zymo D6331 (17 species, staggered)', row 'BugSeq-V2*' (table row 36), column 'F0.5'",0.95,result
dna-pathogen-20261009-result-portik2022-hifi-zymo-d6331-bugseq-v2-nt-f1,dna-pathogen-20261009-source-portik2022,"Table 4, dataset block 'HiFi Zymo D6331 (17 species, staggered)', row 'BugSeq-V2*' (table row 36), column 'F1'",0.89,result
dna-pathogen-20261009-result-portik2022-hifi-zymo-d6331-bugseq-v2-nt-fn,dna-pathogen-20261009-source-portik2022,"Table 4, dataset block 'HiFi Zymo D6331 (17 species, staggered)', row 'BugSeq-V2*' (table row 36), column 'False negatives'",3,result
dna-pathogen-20261009-result-portik2022-hifi-zymo-d6331-bugseq-v2-nt-fp,dna-pathogen-20261009-source-portik2022,"Table 4, dataset block 'HiFi Zymo D6331 (17 species, staggered)', row 'BugSeq-V2*' (table row 36), column 'False positives'",0,result
dna-pathogen-20261009-result-portik2022-hifi-zymo-d6331-bugseq-v2-nt-l1,dna-pathogen-20261009-source-portik2022,"Table 4, dataset block 'HiFi Zymo D6331 (17 species, staggered)', row 'BugSeq-V2*' (table row 36), column 'L1'",74.5,result
dna-pathogen-20261009-result-portik2022-hifi-zymo-d6331-bugseq-v2-nt-precision,dna-pathogen-20261009-source-portik2022,"Table 4, dataset block 'HiFi Zymo D6331 (17 species, staggered)', row 'BugSeq-V2*' (table row 36), column 'Precision'",1.00,result
dna-pathogen-20261009-result-portik2022-hifi-zymo-d6331-bugseq-v2-nt-recall,dna-pathogen-20261009-source-portik2022,"Table 4, dataset block 'HiFi Zymo D6331 (17 species, staggered)', row 'BugSeq-V2*' (table row 36), column 'Recall'",0.80,result
dna-pathogen-20261009-result-portik2022-hifi-zymo-d6331-bugseq-v2-nt-tp,dna-pathogen-20261009-source-portik2022,"Table 4, dataset block 'HiFi Zymo D6331 (17 species, staggered)', row 'BugSeq-V2*' (table row 36), column 'True positives'",12,result
dna-pathogen-20261009-result-portik2022-hifi-zymo-d6331-centrifuge-1-0-4-h22-abvf-f0-5,dna-pathogen-20261009-source-portik2022,"Table 4, dataset block 'HiFi Zymo D6331 (17 species, staggered)', row 'Centrifuge-h22*' (table row 25), column 'F0.5'",0.05,result
dna-pathogen-20261009-result-portik2022-hifi-zymo-d6331-centrifuge-1-0-4-h22-abvf-f1,dna-pathogen-20261009-source-portik2022,"Table 4, dataset block 'HiFi Zymo D6331 (17 species, staggered)', row 'Centrifuge-h22*' (table row 25), column 'F1'",0.07,result
dna-pathogen-20261009-result-portik2022-hifi-zymo-d6331-centrifuge-1-0-4-h22-abvf-fn,dna-pathogen-20261009-source-portik2022,"Table 4, dataset block 'HiFi Zymo D6331 (17 species, staggered)', row 'Centrifuge-h22*' (table row 25), column 'False negatives'",3,result
dna-pathogen-20261009-result-portik2022-hifi-zymo-d6331-centrifuge-1-0-4-h22-abvf-fp,dna-pathogen-20261009-source-portik2022,"Table 4, dataset block 'HiFi Zymo D6331 (17 species, staggered)', row 'Centrifuge-h22*' (table row 25), column 'False positives'",307,result
dna-pathogen-20261009-result-portik2022-hifi-zymo-d6331-centrifuge-1-0-4-h22-abvf-l1,dna-pathogen-20261009-source-portik2022,"Table 4, dataset block 'HiFi Zymo D6331 (17 species, staggered)', row 'Centrifuge-h22*' (table row 25), column 'L1'",52.9,result
dna-pathogen-20261009-result-portik2022-hifi-zymo-d6331-centrifuge-1-0-4-h22-abvf-precision,dna-pathogen-20261009-source-portik2022,"Table 4, dataset block 'HiFi Zymo D6331 (17 species, staggered)', row 'Centrifuge-h22*' (table row 25), column 'Precision'",0.04,result
dna-pathogen-20261009-result-portik2022-hifi-zymo-d6331-centrifuge-1-0-4-h22-abvf-recall,dna-pathogen-20261009-source-portik2022,"Table 4, dataset block 'HiFi Zymo D6331 (17 species, staggered)', row 'Centrifuge-h22*' (table row 25), column 'Recall'",0.80,result
dna-pathogen-20261009-result-portik2022-hifi-zymo-d6331-centrifuge-1-0-4-h22-abvf-tp,dna-pathogen-20261009-source-portik2022,"Table 4, dataset block 'HiFi Zymo D6331 (17 species, staggered)', row 'Centrifuge-h22*' (table row 25), column 'True positives'",12,result
dna-pathogen-20261009-result-portik2022-hifi-zymo-d6331-centrifuge-1-0-4-h500-abvf-f0-5,dna-pathogen-20261009-source-portik2022,"Table 4, dataset block 'HiFi Zymo D6331 (17 species, staggered)', row 'Centrifuge-h500*' (table row 26), column 'F0.5'",0.38,result
dna-pathogen-20261009-result-portik2022-hifi-zymo-d6331-centrifuge-1-0-4-h500-abvf-f1,dna-pathogen-20261009-source-portik2022,"Table 4, dataset block 'HiFi Zymo D6331 (17 species, staggered)', row 'Centrifuge-h500*' (table row 26), column 'F1'",0.47,result
dna-pathogen-20261009-result-portik2022-hifi-zymo-d6331-centrifuge-1-0-4-h500-abvf-fn,dna-pathogen-20261009-source-portik2022,"Table 4, dataset block 'HiFi Zymo D6331 (17 species, staggered)', row 'Centrifuge-h500*' (table row 26), column 'False negatives'",4,result
dna-pathogen-20261009-result-portik2022-hifi-zymo-d6331-centrifuge-1-0-4-h500-abvf-fp,dna-pathogen-20261009-source-portik2022,"Table 4, dataset block 'HiFi Zymo D6331 (17 species, staggered)', row 'Centrifuge-h500*' (table row 26), column 'False positives'",21,result
dna-pathogen-20261009-result-portik2022-hifi-zymo-d6331-centrifuge-1-0-4-h500-abvf-l1,dna-pathogen-20261009-source-portik2022,"Table 4, dataset block 'HiFi Zymo D6331 (17 species, staggered)', row 'Centrifuge-h500*' (table row 26), column 'L1'",88.7,result
dna-pathogen-20261009-result-portik2022-hifi-zymo-d6331-centrifuge-1-0-4-h500-abvf-precision,dna-pathogen-20261009-source-portik2022,"Table 4, dataset block 'HiFi Zymo D6331 (17 species, staggered)', row 'Centrifuge-h500*' (table row 26), column 'Precision'",0.34,result
dna-pathogen-20261009-result-portik2022-hifi-zymo-d6331-centrifuge-1-0-4-h500-abvf-recall,dna-pathogen-20261009-source-portik2022,"Table 4, dataset block 'HiFi Zymo D6331 (17 species, staggered)', row 'Centrifuge-h500*' (table row 26), column 'Recall'",0.73,result
dna-pathogen-20261009-result-portik2022-hifi-zymo-d6331-centrifuge-1-0-4-h500-abvf-tp,dna-pathogen-20261009-source-portik2022,"Table 4, dataset block 'HiFi Zymo D6331 (17 species, staggered)', row 'Centrifuge-h500*' (table row 26), column 'True positives'",11,result
dna-pathogen-20261009-result-portik2022-hifi-zymo-d6331-kraken2-2-1-1-pluspf-f0-5,dna-pathogen-20261009-source-portik2022,"Table 4, dataset block 'HiFi Zymo D6331 (17 species, staggered)', row 'Kraken2*' (table row 23), column 'F0.5'",0.08,result
dna-pathogen-20261009-result-portik2022-hifi-zymo-d6331-kraken2-2-1-1-pluspf-f1,dna-pathogen-20261009-source-portik2022,"Table 4, dataset block 'HiFi Zymo D6331 (17 species, staggered)', row 'Kraken2*' (table row 23), column 'F1'",0.13,result
dna-pathogen-20261009-result-portik2022-hifi-zymo-d6331-kraken2-2-1-1-pluspf-fn,dna-pathogen-20261009-source-portik2022,"Table 4, dataset block 'HiFi Zymo D6331 (17 species, staggered)', row 'Kraken2*' (table row 23), column 'False negatives'",1,result
dna-pathogen-20261009-result-portik2022-hifi-zymo-d6331-kraken2-2-1-1-pluspf-fp,dna-pathogen-20261009-source-portik2022,"Table 4, dataset block 'HiFi Zymo D6331 (17 species, staggered)', row 'Kraken2*' (table row 23), column 'False positives'",196,result
dna-pathogen-20261009-result-portik2022-hifi-zymo-d6331-kraken2-2-1-1-pluspf-l1,dna-pathogen-20261009-source-portik2022,"Table 4, dataset block 'HiFi Zymo D6331 (17 species, staggered)', row 'Kraken2*' (table row 23), column 'L1'",51.9,result
dna-pathogen-20261009-result-portik2022-hifi-zymo-d6331-kraken2-2-1-1-pluspf-precision,dna-pathogen-20261009-source-portik2022,"Table 4, dataset block 'HiFi Zymo D6331 (17 species, staggered)', row 'Kraken2*' (table row 23), column 'Precision'",0.07,result
dna-pathogen-20261009-result-portik2022-hifi-zymo-d6331-kraken2-2-1-1-pluspf-recall,dna-pathogen-20261009-source-portik2022,"Table 4, dataset block 'HiFi Zymo D6331 (17 species, staggered)', row 'Kraken2*' (table row 23), column 'Recall'",0.93,result
dna-pathogen-20261009-result-portik2022-hifi-zymo-d6331-kraken2-2-1-1-pluspf-tp,dna-pathogen-20261009-source-portik2022,"Table 4, dataset block 'HiFi Zymo D6331 (17 species, staggered)', row 'Kraken2*' (table row 23), column 'True positives'",14,result
dna-pathogen-20261009-result-portik2022-hifi-zymo-d6331-megan-lr-nuc-hifi-minimap2-nt-f0-5,dna-pathogen-20261009-source-portik2022,"Table 4, dataset block 'HiFi Zymo D6331 (17 species, staggered)', row 'MEGAN-LR-Nuc-HiFi*' (table row 34), column 'F0.5'",0.82,result
dna-pathogen-20261009-result-portik2022-hifi-zymo-d6331-megan-lr-nuc-hifi-minimap2-nt-f1,dna-pathogen-20261009-source-portik2022,"Table 4, dataset block 'HiFi Zymo D6331 (17 species, staggered)', row 'MEGAN-LR-Nuc-HiFi*' (table row 34), column 'F1'",0.79,result
dna-pathogen-20261009-result-portik2022-hifi-zymo-d6331-megan-lr-nuc-hifi-minimap2-nt-fn,dna-pathogen-20261009-source-portik2022,"Table 4, dataset block 'HiFi Zymo D6331 (17 species, staggered)', row 'MEGAN-LR-Nuc-HiFi*' (table row 34), column 'False negatives'",4,result
dna-pathogen-20261009-result-portik2022-hifi-zymo-d6331-megan-lr-nuc-hifi-minimap2-nt-fp,dna-pathogen-20261009-source-portik2022,"Table 4, dataset block 'HiFi Zymo D6331 (17 species, staggered)', row 'MEGAN-LR-Nuc-HiFi*' (table row 34), column 'False positives'",2,result
dna-pathogen-20261009-result-portik2022-hifi-zymo-d6331-megan-lr-nuc-hifi-minimap2-nt-l1,dna-pathogen-20261009-source-portik2022,"Table 4, dataset block 'HiFi Zymo D6331 (17 species, staggered)', row 'MEGAN-LR-Nuc-HiFi*' (table row 34), column 'L1'",83.8,result
dna-pathogen-20261009-result-portik2022-hifi-zymo-d6331-megan-lr-nuc-hifi-minimap2-nt-precision,dna-pathogen-20261009-source-portik2022,"Table 4, dataset block 'HiFi Zymo D6331 (17 species, staggered)', row 'MEGAN-LR-Nuc-HiFi*' (table row 34), column 'Precision'",0.85,result
dna-pathogen-20261009-result-portik2022-hifi-zymo-d6331-megan-lr-nuc-hifi-minimap2-nt-recall,dna-pathogen-20261009-source-portik2022,"Table 4, dataset block 'HiFi Zymo D6331 (17 species, staggered)', row 'MEGAN-LR-Nuc-HiFi*' (table row 34), column 'Recall'",0.73,result
dna-pathogen-20261009-result-portik2022-hifi-zymo-d6331-megan-lr-nuc-hifi-minimap2-nt-tp,dna-pathogen-20261009-source-portik2022,"Table 4, dataset block 'HiFi Zymo D6331 (17 species, staggered)', row 'MEGAN-LR-Nuc-HiFi*' (table row 34), column 'True positives'",11,result
dna-pathogen-20261009-result-portik2022-hifi-zymo-d6331-megan-lr-nuc-ont-minimap2-nt-f0-5,dna-pathogen-20261009-source-portik2022,"Table 4, dataset block 'HiFi Zymo D6331 (17 species, staggered)', row 'MEGAN-LR-Nuc-ONT*' (table row 35), column 'F0.5'",0.87,result
dna-pathogen-20261009-result-portik2022-hifi-zymo-d6331-megan-lr-nuc-ont-minimap2-nt-f1,dna-pathogen-20261009-source-portik2022,"Table 4, dataset block 'HiFi Zymo D6331 (17 species, staggered)', row 'MEGAN-LR-Nuc-ONT*' (table row 35), column 'F1'",0.81,result
dna-pathogen-20261009-result-portik2022-hifi-zymo-d6331-megan-lr-nuc-ont-minimap2-nt-fn,dna-pathogen-20261009-source-portik2022,"Table 4, dataset block 'HiFi Zymo D6331 (17 species, staggered)', row 'MEGAN-LR-Nuc-ONT*' (table row 35), column 'False negatives'",4,result
dna-pathogen-20261009-result-portik2022-hifi-zymo-d6331-megan-lr-nuc-ont-minimap2-nt-fp,dna-pathogen-20261009-source-portik2022,"Table 4, dataset block 'HiFi Zymo D6331 (17 species, staggered)', row 'MEGAN-LR-Nuc-ONT*' (table row 35), column 'False positives'",1,result
dna-pathogen-20261009-result-portik2022-hifi-zymo-d6331-megan-lr-nuc-ont-minimap2-nt-l1,dna-pathogen-20261009-source-portik2022,"Table 4, dataset block 'HiFi Zymo D6331 (17 species, staggered)', row 'MEGAN-LR-Nuc-ONT*' (table row 35), column 'L1'",81.8,result
dna-pathogen-20261009-result-portik2022-hifi-zymo-d6331-megan-lr-nuc-ont-minimap2-nt-precision,dna-pathogen-20261009-source-portik2022,"Table 4, dataset block 'HiFi Zymo D6331 (17 species, staggered)', row 'MEGAN-LR-Nuc-ONT*' (table row 35), column 'Precision'",0.92,result
dna-pathogen-20261009-result-portik2022-hifi-zymo-d6331-megan-lr-nuc-ont-minimap2-nt-recall,dna-pathogen-20261009-source-portik2022,"Table 4, dataset block 'HiFi Zymo D6331 (17 species, staggered)', row 'MEGAN-LR-Nuc-ONT*' (table row 35), column 'Recall'",0.73,result
dna-pathogen-20261009-result-portik2022-hifi-zymo-d6331-megan-lr-nuc-ont-minimap2-nt-tp,dna-pathogen-20261009-source-portik2022,"Table 4, dataset block 'HiFi Zymo D6331 (17 species, staggered)', row 'MEGAN-LR-Nuc-ONT*' (table row 35), column 'True positives'",11,result
dna-pathogen-20261009-result-portik2022-hifi-zymo-d6331-megan-lr-prot-diamond-nr-f0-5,dna-pathogen-20261009-source-portik2022,"Table 4, dataset block 'HiFi Zymo D6331 (17 species, staggered)', row 'MEGAN-LR-Prot*' (table row 33), column 'F0.5'",0.90,result
dna-pathogen-20261009-result-portik2022-hifi-zymo-d6331-megan-lr-prot-diamond-nr-f1,dna-pathogen-20261009-source-portik2022,"Table 4, dataset block 'HiFi Zymo D6331 (17 species, staggered)', row 'MEGAN-LR-Prot*' (table row 33), column 'F1'",0.86,result
dna-pathogen-20261009-result-portik2022-hifi-zymo-d6331-megan-lr-prot-diamond-nr-fn,dna-pathogen-20261009-source-portik2022,"Table 4, dataset block 'HiFi Zymo D6331 (17 species, staggered)', row 'MEGAN-LR-Prot*' (table row 33), column 'False negatives'",3,result
dna-pathogen-20261009-result-portik2022-hifi-zymo-d6331-megan-lr-prot-diamond-nr-fp,dna-pathogen-20261009-source-portik2022,"Table 4, dataset block 'HiFi Zymo D6331 (17 species, staggered)', row 'MEGAN-LR-Prot*' (table row 33), column 'False positives'",1,result
dna-pathogen-20261009-result-portik2022-hifi-zymo-d6331-megan-lr-prot-diamond-nr-l1,dna-pathogen-20261009-source-portik2022,"Table 4, dataset block 'HiFi Zymo D6331 (17 species, staggered)', row 'MEGAN-LR-Prot*' (table row 33), column 'L1'",68.3,result
dna-pathogen-20261009-result-portik2022-hifi-zymo-d6331-megan-lr-prot-diamond-nr-precision,dna-pathogen-20261009-source-portik2022,"Table 4, dataset block 'HiFi Zymo D6331 (17 species, staggered)', row 'MEGAN-LR-Prot*' (table row 33), column 'Precision'",0.92,result
dna-pathogen-20261009-result-portik2022-hifi-zymo-d6331-megan-lr-prot-diamond-nr-recall,dna-pathogen-20261009-source-portik2022,"Table 4, dataset block 'HiFi Zymo D6331 (17 species, staggered)', row 'MEGAN-LR-Prot*' (table row 33), column 'Recall'",0.80,result
dna-pathogen-20261009-result-portik2022-hifi-zymo-d6331-megan-lr-prot-diamond-nr-tp,dna-pathogen-20261009-source-portik2022,"Table 4, dataset block 'HiFi Zymo D6331 (17 species, staggered)', row 'MEGAN-LR-Prot*' (table row 33), column 'True positives'",12,result
dna-pathogen-20261009-result-portik2022-hifi-zymo-d6331-metamaps-0-1-miniseq-h-f0-5,dna-pathogen-20261009-source-portik2022,"Table 4, dataset block 'HiFi Zymo D6331 (17 species, staggered)', row 'MetaMaps*' (table row 31), column 'F0.5'",0.21,result
dna-pathogen-20261009-result-portik2022-hifi-zymo-d6331-metamaps-0-1-miniseq-h-f1,dna-pathogen-20261009-source-portik2022,"Table 4, dataset block 'HiFi Zymo D6331 (17 species, staggered)', row 'MetaMaps*' (table row 31), column 'F1'",0.29,result
dna-pathogen-20261009-result-portik2022-hifi-zymo-d6331-metamaps-0-1-miniseq-h-fn,dna-pathogen-20261009-source-portik2022,"Table 4, dataset block 'HiFi Zymo D6331 (17 species, staggered)', row 'MetaMaps*' (table row 31), column 'False negatives'",4,result
dna-pathogen-20261009-result-portik2022-hifi-zymo-d6331-metamaps-0-1-miniseq-h-fp,dna-pathogen-20261009-source-portik2022,"Table 4, dataset block 'HiFi Zymo D6331 (17 species, staggered)', row 'MetaMaps*' (table row 31), column 'False positives'",50,result
dna-pathogen-20261009-result-portik2022-hifi-zymo-d6331-metamaps-0-1-miniseq-h-l1,dna-pathogen-20261009-source-portik2022,"Table 4, dataset block 'HiFi Zymo D6331 (17 species, staggered)', row 'MetaMaps*' (table row 31), column 'L1'",74.9,result
dna-pathogen-20261009-result-portik2022-hifi-zymo-d6331-metamaps-0-1-miniseq-h-precision,dna-pathogen-20261009-source-portik2022,"Table 4, dataset block 'HiFi Zymo D6331 (17 species, staggered)', row 'MetaMaps*' (table row 31), column 'Precision'",0.18,result
dna-pathogen-20261009-result-portik2022-hifi-zymo-d6331-metamaps-0-1-miniseq-h-recall,dna-pathogen-20261009-source-portik2022,"Table 4, dataset block 'HiFi Zymo D6331 (17 species, staggered)', row 'MetaMaps*' (table row 31), column 'Recall'",0.73,result
dna-pathogen-20261009-result-portik2022-hifi-zymo-d6331-metamaps-0-1-miniseq-h-tp,dna-pathogen-20261009-source-portik2022,"Table 4, dataset block 'HiFi Zymo D6331 (17 species, staggered)', row 'MetaMaps*' (table row 31), column 'True positives'",11,result
dna-pathogen-20261009-result-portik2022-hifi-zymo-d6331-metaphlan-3-0-7-mpa-v30-201901-f0-5,dna-pathogen-20261009-source-portik2022,"Table 4, dataset block 'HiFi Zymo D6331 (17 species, staggered)', row 'MetaPhlAn3*' (table row 27), column 'F0.5'",0.40,result
dna-pathogen-20261009-result-portik2022-hifi-zymo-d6331-metaphlan-3-0-7-mpa-v30-201901-f1,dna-pathogen-20261009-source-portik2022,"Table 4, dataset block 'HiFi Zymo D6331 (17 species, staggered)', row 'MetaPhlAn3*' (table row 27), column 'F1'",0.49,result
dna-pathogen-20261009-result-portik2022-hifi-zymo-d6331-metaphlan-3-0-7-mpa-v30-201901-fn,dna-pathogen-20261009-source-portik2022,"Table 4, dataset block 'HiFi Zymo D6331 (17 species, staggered)', row 'MetaPhlAn3*' (table row 27), column 'False negatives'",3,result
dna-pathogen-20261009-result-portik2022-hifi-zymo-d6331-metaphlan-3-0-7-mpa-v30-201901-fp,dna-pathogen-20261009-source-portik2022,"Table 4, dataset block 'HiFi Zymo D6331 (17 species, staggered)', row 'MetaPhlAn3*' (table row 27), column 'False positives'",22,result
dna-pathogen-20261009-result-portik2022-hifi-zymo-d6331-metaphlan-3-0-7-mpa-v30-201901-l1,dna-pathogen-20261009-source-portik2022,"Table 4, dataset block 'HiFi Zymo D6331 (17 species, staggered)', row 'MetaPhlAn3*' (table row 27), column 'L1'",53.8,result
dna-pathogen-20261009-result-portik2022-hifi-zymo-d6331-metaphlan-3-0-7-mpa-v30-201901-precision,dna-pathogen-20261009-source-portik2022,"Table 4, dataset block 'HiFi Zymo D6331 (17 species, staggered)', row 'MetaPhlAn3*' (table row 27), column 'Precision'",0.35,result
dna-pathogen-20261009-result-portik2022-hifi-zymo-d6331-metaphlan-3-0-7-mpa-v30-201901-recall,dna-pathogen-20261009-source-portik2022,"Table 4, dataset block 'HiFi Zymo D6331 (17 species, staggered)', row 'MetaPhlAn3*' (table row 27), column 'Recall'",0.80,result
dna-pathogen-20261009-result-portik2022-hifi-zymo-d6331-metaphlan-3-0-7-mpa-v30-201901-tp,dna-pathogen-20261009-source-portik2022,"Table 4, dataset block 'HiFi Zymo D6331 (17 species, staggered)', row 'MetaPhlAn3*' (table row 27), column 'True positives'",12,result
dna-pathogen-20261009-result-portik2022-hifi-zymo-d6331-mmseqs2-13-45111-nr-f0-5,dna-pathogen-20261009-source-portik2022,"Table 4, dataset block 'HiFi Zymo D6331 (17 species, staggered)', row 'MMseqs2*' (table row 32), column 'F0.5'",0.40,result
dna-pathogen-20261009-result-portik2022-hifi-zymo-d6331-mmseqs2-13-45111-nr-f1,dna-pathogen-20261009-source-portik2022,"Table 4, dataset block 'HiFi Zymo D6331 (17 species, staggered)', row 'MMseqs2*' (table row 32), column 'F1'",0.50,result
dna-pathogen-20261009-result-portik2022-hifi-zymo-d6331-mmseqs2-13-45111-nr-fn,dna-pathogen-20261009-source-portik2022,"Table 4, dataset block 'HiFi Zymo D6331 (17 species, staggered)', row 'MMseqs2*' (table row 32), column 'False negatives'",2,result
dna-pathogen-20261009-result-portik2022-hifi-zymo-d6331-mmseqs2-13-45111-nr-fp,dna-pathogen-20261009-source-portik2022,"Table 4, dataset block 'HiFi Zymo D6331 (17 species, staggered)', row 'MMseqs2*' (table row 32), column 'False positives'",24,result
dna-pathogen-20261009-result-portik2022-hifi-zymo-d6331-mmseqs2-13-45111-nr-l1,dna-pathogen-20261009-source-portik2022,"Table 4, dataset block 'HiFi Zymo D6331 (17 species, staggered)', row 'MMseqs2*' (table row 32), column 'L1'",90.0,result
dna-pathogen-20261009-result-portik2022-hifi-zymo-d6331-mmseqs2-13-45111-nr-precision,dna-pathogen-20261009-source-portik2022,"Table 4, dataset block 'HiFi Zymo D6331 (17 species, staggered)', row 'MMseqs2*' (table row 32), column 'Precision'",0.35,result
dna-pathogen-20261009-result-portik2022-hifi-zymo-d6331-mmseqs2-13-45111-nr-recall,dna-pathogen-20261009-source-portik2022,"Table 4, dataset block 'HiFi Zymo D6331 (17 species, staggered)', row 'MMseqs2*' (table row 32), column 'Recall'",0.87,result
dna-pathogen-20261009-result-portik2022-hifi-zymo-d6331-mmseqs2-13-45111-nr-tp,dna-pathogen-20261009-source-portik2022,"Table 4, dataset block 'HiFi Zymo D6331 (17 species, staggered)', row 'MMseqs2*' (table row 32), column 'True positives'",13,result
dna-pathogen-20261009-result-portik2022-hifi-zymo-d6331-motus2-3-0-3-f0-5,dna-pathogen-20261009-source-portik2022,"Table 4, dataset block 'HiFi Zymo D6331 (17 species, staggered)', row 'mOTUs' (table row 28), column 'F0.5'",0.88,result
dna-pathogen-20261009-result-portik2022-hifi-zymo-d6331-motus2-3-0-3-f1,dna-pathogen-20261009-source-portik2022,"Table 4, dataset block 'HiFi Zymo D6331 (17 species, staggered)', row 'mOTUs' (table row 28), column 'F1'",0.75,result
dna-pathogen-20261009-result-portik2022-hifi-zymo-d6331-motus2-3-0-3-fn,dna-pathogen-20261009-source-portik2022,"Table 4, dataset block 'HiFi Zymo D6331 (17 species, staggered)', row 'mOTUs' (table row 28), column 'False negatives'",6,result
dna-pathogen-20261009-result-portik2022-hifi-zymo-d6331-motus2-3-0-3-fp,dna-pathogen-20261009-source-portik2022,"Table 4, dataset block 'HiFi Zymo D6331 (17 species, staggered)', row 'mOTUs' (table row 28), column 'False positives'",0,result
dna-pathogen-20261009-result-portik2022-hifi-zymo-d6331-motus2-3-0-3-l1,dna-pathogen-20261009-source-portik2022,"Table 4, dataset block 'HiFi Zymo D6331 (17 species, staggered)', row 'mOTUs' (table row 28), column 'L1'",63.6,result
dna-pathogen-20261009-result-portik2022-hifi-zymo-d6331-motus2-3-0-3-precision,dna-pathogen-20261009-source-portik2022,"Table 4, dataset block 'HiFi Zymo D6331 (17 species, staggered)', row 'mOTUs' (table row 28), column 'Precision'",1.00,result
dna-pathogen-20261009-result-portik2022-hifi-zymo-d6331-motus2-3-0-3-recall,dna-pathogen-20261009-source-portik2022,"Table 4, dataset block 'HiFi Zymo D6331 (17 species, staggered)', row 'mOTUs' (table row 28), column 'Recall'",0.60,result
dna-pathogen-20261009-result-portik2022-hifi-zymo-d6331-motus2-3-0-3-tp,dna-pathogen-20261009-source-portik2022,"Table 4, dataset block 'HiFi Zymo D6331 (17 species, staggered)', row 'mOTUs' (table row 28), column 'True positives'",9,result
dna-pathogen-20261009-result-portik2022-hifi-zymo-d6331-sourmash-4-5-1-k31-genbank-2022-03-f0-5,dna-pathogen-20261009-source-portik2022,"Table 4, dataset block 'HiFi Zymo D6331 (17 species, staggered)', row 'Sourmash-k31' (table row 29), column 'F0.5'",0.93,result
dna-pathogen-20261009-result-portik2022-hifi-zymo-d6331-sourmash-4-5-1-k31-genbank-2022-03-f1,dna-pathogen-20261009-source-portik2022,"Table 4, dataset block 'HiFi Zymo D6331 (17 species, staggered)', row 'Sourmash-k31' (table row 29), column 'F1'",0.93,result
dna-pathogen-20261009-result-portik2022-hifi-zymo-d6331-sourmash-4-5-1-k31-genbank-2022-03-fn,dna-pathogen-20261009-source-portik2022,"Table 4, dataset block 'HiFi Zymo D6331 (17 species, staggered)', row 'Sourmash-k31' (table row 29), column 'False negatives'",1,result
dna-pathogen-20261009-result-portik2022-hifi-zymo-d6331-sourmash-4-5-1-k31-genbank-2022-03-fp,dna-pathogen-20261009-source-portik2022,"Table 4, dataset block 'HiFi Zymo D6331 (17 species, staggered)', row 'Sourmash-k31' (table row 29), column 'False positives'",1,result
dna-pathogen-20261009-result-portik2022-hifi-zymo-d6331-sourmash-4-5-1-k31-genbank-2022-03-l1,dna-pathogen-20261009-source-portik2022,"Table 4, dataset block 'HiFi Zymo D6331 (17 species, staggered)', row 'Sourmash-k31' (table row 29), column 'L1'",52.0,result
dna-pathogen-20261009-result-portik2022-hifi-zymo-d6331-sourmash-4-5-1-k31-genbank-2022-03-precision,dna-pathogen-20261009-source-portik2022,"Table 4, dataset block 'HiFi Zymo D6331 (17 species, staggered)', row 'Sourmash-k31' (table row 29), column 'Precision'",0.93,result
dna-pathogen-20261009-result-portik2022-hifi-zymo-d6331-sourmash-4-5-1-k31-genbank-2022-03-recall,dna-pathogen-20261009-source-portik2022,"Table 4, dataset block 'HiFi Zymo D6331 (17 species, staggered)', row 'Sourmash-k31' (table row 29), column 'Recall'",0.93,result
dna-pathogen-20261009-result-portik2022-hifi-zymo-d6331-sourmash-4-5-1-k31-genbank-2022-03-tp,dna-pathogen-20261009-source-portik2022,"Table 4, dataset block 'HiFi Zymo D6331 (17 species, staggered)', row 'Sourmash-k31' (table row 29), column 'True positives'",14,result
dna-pathogen-20261009-result-portik2022-hifi-zymo-d6331-sourmash-4-5-1-k51-genbank-2022-03-f0-5,dna-pathogen-20261009-source-portik2022,"Table 4, dataset block 'HiFi Zymo D6331 (17 species, staggered)', row 'Sourmash-k51' (table row 30), column 'F0.5'",0.89,result
dna-pathogen-20261009-result-portik2022-hifi-zymo-d6331-sourmash-4-5-1-k51-genbank-2022-03-f1,dna-pathogen-20261009-source-portik2022,"Table 4, dataset block 'HiFi Zymo D6331 (17 species, staggered)', row 'Sourmash-k51' (table row 30), column 'F1'",0.90,result
dna-pathogen-20261009-result-portik2022-hifi-zymo-d6331-sourmash-4-5-1-k51-genbank-2022-03-fn,dna-pathogen-20261009-source-portik2022,"Table 4, dataset block 'HiFi Zymo D6331 (17 species, staggered)', row 'Sourmash-k51' (table row 30), column 'False negatives'",1,result
dna-pathogen-20261009-result-portik2022-hifi-zymo-d6331-sourmash-4-5-1-k51-genbank-2022-03-fp,dna-pathogen-20261009-source-portik2022,"Table 4, dataset block 'HiFi Zymo D6331 (17 species, staggered)', row 'Sourmash-k51' (table row 30), column 'False positives'",2,result
dna-pathogen-20261009-result-portik2022-hifi-zymo-d6331-sourmash-4-5-1-k51-genbank-2022-03-l1,dna-pathogen-20261009-source-portik2022,"Table 4, dataset block 'HiFi Zymo D6331 (17 species, staggered)', row 'Sourmash-k51' (table row 30), column 'L1'",55.2,result
dna-pathogen-20261009-result-portik2022-hifi-zymo-d6331-sourmash-4-5-1-k51-genbank-2022-03-precision,dna-pathogen-20261009-source-portik2022,"Table 4, dataset block 'HiFi Zymo D6331 (17 species, staggered)', row 'Sourmash-k51' (table row 30), column 'Precision'",0.88,result
dna-pathogen-20261009-result-portik2022-hifi-zymo-d6331-sourmash-4-5-1-k51-genbank-2022-03-recall,dna-pathogen-20261009-source-portik2022,"Table 4, dataset block 'HiFi Zymo D6331 (17 species, staggered)', row 'Sourmash-k51' (table row 30), column 'Recall'",0.93,result
dna-pathogen-20261009-result-portik2022-hifi-zymo-d6331-sourmash-4-5-1-k51-genbank-2022-03-tp,dna-pathogen-20261009-source-portik2022,"Table 4, dataset block 'HiFi Zymo D6331 (17 species, staggered)', row 'Sourmash-k51' (table row 30), column 'True positives'",14,result
dna-pathogen-20261009-result-portik2022-illumina-atcc-msa1003-bracken-2-6-0-pluspf-f0-5,dna-pathogen-20261009-source-portik2022,"Table 4, dataset block 'Illumina ATCC MSA1003 (20 species, staggered)', row 'Bracken' (table row 17), column 'F0.5'",0.18,result
dna-pathogen-20261009-result-portik2022-illumina-atcc-msa1003-bracken-2-6-0-pluspf-f1,dna-pathogen-20261009-source-portik2022,"Table 4, dataset block 'Illumina ATCC MSA1003 (20 species, staggered)', row 'Bracken' (table row 17), column 'F1'",0.26,result
dna-pathogen-20261009-result-portik2022-illumina-atcc-msa1003-bracken-2-6-0-pluspf-fn,dna-pathogen-20261009-source-portik2022,"Table 4, dataset block 'Illumina ATCC MSA1003 (20 species, staggered)', row 'Bracken' (table row 17), column 'False negatives'",0,result
dna-pathogen-20261009-result-portik2022-illumina-atcc-msa1003-bracken-2-6-0-pluspf-fp,dna-pathogen-20261009-source-portik2022,"Table 4, dataset block 'Illumina ATCC MSA1003 (20 species, staggered)', row 'Bracken' (table row 17), column 'False positives'",113,result
dna-pathogen-20261009-result-portik2022-illumina-atcc-msa1003-bracken-2-6-0-pluspf-l1,dna-pathogen-20261009-source-portik2022,"Table 4, dataset block 'Illumina ATCC MSA1003 (20 species, staggered)', row 'Bracken' (table row 17), column 'L1'",36.4,result
dna-pathogen-20261009-result-portik2022-illumina-atcc-msa1003-bracken-2-6-0-pluspf-precision,dna-pathogen-20261009-source-portik2022,"Table 4, dataset block 'Illumina ATCC MSA1003 (20 species, staggered)', row 'Bracken' (table row 17), column 'Precision'",0.15,result
dna-pathogen-20261009-result-portik2022-illumina-atcc-msa1003-bracken-2-6-0-pluspf-recall,dna-pathogen-20261009-source-portik2022,"Table 4, dataset block 'Illumina ATCC MSA1003 (20 species, staggered)', row 'Bracken' (table row 17), column 'Recall'",1.00,result
dna-pathogen-20261009-result-portik2022-illumina-atcc-msa1003-bracken-2-6-0-pluspf-tp,dna-pathogen-20261009-source-portik2022,"Table 4, dataset block 'Illumina ATCC MSA1003 (20 species, staggered)', row 'Bracken' (table row 17), column 'True positives'",20,result
dna-pathogen-20261009-result-portik2022-illumina-atcc-msa1003-centrifuge-1-0-4-h22-abvf-f0-5,dna-pathogen-20261009-source-portik2022,"Table 4, dataset block 'Illumina ATCC MSA1003 (20 species, staggered)', row 'Centrifuge-h22' (table row 18), column 'F0.5'",0.31,result
dna-pathogen-20261009-result-portik2022-illumina-atcc-msa1003-centrifuge-1-0-4-h22-abvf-f1,dna-pathogen-20261009-source-portik2022,"Table 4, dataset block 'Illumina ATCC MSA1003 (20 species, staggered)', row 'Centrifuge-h22' (table row 18), column 'F1'",0.41,result
dna-pathogen-20261009-result-portik2022-illumina-atcc-msa1003-centrifuge-1-0-4-h22-abvf-fn,dna-pathogen-20261009-source-portik2022,"Table 4, dataset block 'Illumina ATCC MSA1003 (20 species, staggered)', row 'Centrifuge-h22' (table row 18), column 'False negatives'",0,result
dna-pathogen-20261009-result-portik2022-illumina-atcc-msa1003-centrifuge-1-0-4-h22-abvf-fp,dna-pathogen-20261009-source-portik2022,"Table 4, dataset block 'Illumina ATCC MSA1003 (20 species, staggered)', row 'Centrifuge-h22' (table row 18), column 'False positives'",57,result
dna-pathogen-20261009-result-portik2022-illumina-atcc-msa1003-centrifuge-1-0-4-h22-abvf-l1,dna-pathogen-20261009-source-portik2022,"Table 4, dataset block 'Illumina ATCC MSA1003 (20 species, staggered)', row 'Centrifuge-h22' (table row 18), column 'L1'",54.2,result
dna-pathogen-20261009-result-portik2022-illumina-atcc-msa1003-centrifuge-1-0-4-h22-abvf-precision,dna-pathogen-20261009-source-portik2022,"Table 4, dataset block 'Illumina ATCC MSA1003 (20 species, staggered)', row 'Centrifuge-h22' (table row 18), column 'Precision'",0.26,result
dna-pathogen-20261009-result-portik2022-illumina-atcc-msa1003-centrifuge-1-0-4-h22-abvf-recall,dna-pathogen-20261009-source-portik2022,"Table 4, dataset block 'Illumina ATCC MSA1003 (20 species, staggered)', row 'Centrifuge-h22' (table row 18), column 'Recall'",1.00,result
dna-pathogen-20261009-result-portik2022-illumina-atcc-msa1003-centrifuge-1-0-4-h22-abvf-tp,dna-pathogen-20261009-source-portik2022,"Table 4, dataset block 'Illumina ATCC MSA1003 (20 species, staggered)', row 'Centrifuge-h22' (table row 18), column 'True positives'",20,result
dna-pathogen-20261009-result-portik2022-illumina-atcc-msa1003-kraken2-2-1-1-pluspf-f0-5,dna-pathogen-20261009-source-portik2022,"Table 4, dataset block 'Illumina ATCC MSA1003 (20 species, staggered)', row 'Kraken2' (table row 16), column 'F0.5'",0.24,result
dna-pathogen-20261009-result-portik2022-illumina-atcc-msa1003-kraken2-2-1-1-pluspf-f1,dna-pathogen-20261009-source-portik2022,"Table 4, dataset block 'Illumina ATCC MSA1003 (20 species, staggered)', row 'Kraken2' (table row 16), column 'F1'",0.34,result
dna-pathogen-20261009-result-portik2022-illumina-atcc-msa1003-kraken2-2-1-1-pluspf-fn,dna-pathogen-20261009-source-portik2022,"Table 4, dataset block 'Illumina ATCC MSA1003 (20 species, staggered)', row 'Kraken2' (table row 16), column 'False negatives'",0,result
dna-pathogen-20261009-result-portik2022-illumina-atcc-msa1003-kraken2-2-1-1-pluspf-fp,dna-pathogen-20261009-source-portik2022,"Table 4, dataset block 'Illumina ATCC MSA1003 (20 species, staggered)', row 'Kraken2' (table row 16), column 'False positives'",77,result
dna-pathogen-20261009-result-portik2022-illumina-atcc-msa1003-kraken2-2-1-1-pluspf-l1,dna-pathogen-20261009-source-portik2022,"Table 4, dataset block 'Illumina ATCC MSA1003 (20 species, staggered)', row 'Kraken2' (table row 16), column 'L1'",44.8,result
dna-pathogen-20261009-result-portik2022-illumina-atcc-msa1003-kraken2-2-1-1-pluspf-precision,dna-pathogen-20261009-source-portik2022,"Table 4, dataset block 'Illumina ATCC MSA1003 (20 species, staggered)', row 'Kraken2' (table row 16), column 'Precision'",0.21,result
dna-pathogen-20261009-result-portik2022-illumina-atcc-msa1003-kraken2-2-1-1-pluspf-recall,dna-pathogen-20261009-source-portik2022,"Table 4, dataset block 'Illumina ATCC MSA1003 (20 species, staggered)', row 'Kraken2' (table row 16), column 'Recall'",1.00,result
dna-pathogen-20261009-result-portik2022-illumina-atcc-msa1003-kraken2-2-1-1-pluspf-tp,dna-pathogen-20261009-source-portik2022,"Table 4, dataset block 'Illumina ATCC MSA1003 (20 species, staggered)', row 'Kraken2' (table row 16), column 'True positives'",20,result
dna-pathogen-20261009-result-portik2022-illumina-atcc-msa1003-metaphlan-3-0-7-mpa-v30-201901-f0-5,dna-pathogen-20261009-source-portik2022,"Table 4, dataset block 'Illumina ATCC MSA1003 (20 species, staggered)', row 'MetaPhlAn3' (table row 19), column 'F0.5'",0.83,result
dna-pathogen-20261009-result-portik2022-illumina-atcc-msa1003-metaphlan-3-0-7-mpa-v30-201901-f1,dna-pathogen-20261009-source-portik2022,"Table 4, dataset block 'Illumina ATCC MSA1003 (20 species, staggered)', row 'MetaPhlAn3' (table row 19), column 'F1'",0.73,result
dna-pathogen-20261009-result-portik2022-illumina-atcc-msa1003-metaphlan-3-0-7-mpa-v30-201901-fn,dna-pathogen-20261009-source-portik2022,"Table 4, dataset block 'Illumina ATCC MSA1003 (20 species, staggered)', row 'MetaPhlAn3' (table row 19), column 'False negatives'",8,result
dna-pathogen-20261009-result-portik2022-illumina-atcc-msa1003-metaphlan-3-0-7-mpa-v30-201901-fp,dna-pathogen-20261009-source-portik2022,"Table 4, dataset block 'Illumina ATCC MSA1003 (20 species, staggered)', row 'MetaPhlAn3' (table row 19), column 'False positives'",1,result
dna-pathogen-20261009-result-portik2022-illumina-atcc-msa1003-metaphlan-3-0-7-mpa-v30-201901-l1,dna-pathogen-20261009-source-portik2022,"Table 4, dataset block 'Illumina ATCC MSA1003 (20 species, staggered)', row 'MetaPhlAn3' (table row 19), column 'L1'",12.7,result
dna-pathogen-20261009-result-portik2022-illumina-atcc-msa1003-metaphlan-3-0-7-mpa-v30-201901-precision,dna-pathogen-20261009-source-portik2022,"Table 4, dataset block 'Illumina ATCC MSA1003 (20 species, staggered)', row 'MetaPhlAn3' (table row 19), column 'Precision'",0.92,result
dna-pathogen-20261009-result-portik2022-illumina-atcc-msa1003-metaphlan-3-0-7-mpa-v30-201901-recall,dna-pathogen-20261009-source-portik2022,"Table 4, dataset block 'Illumina ATCC MSA1003 (20 species, staggered)', row 'MetaPhlAn3' (table row 19), column 'Recall'",0.60,result
dna-pathogen-20261009-result-portik2022-illumina-atcc-msa1003-metaphlan-3-0-7-mpa-v30-201901-tp,dna-pathogen-20261009-source-portik2022,"Table 4, dataset block 'Illumina ATCC MSA1003 (20 species, staggered)', row 'MetaPhlAn3' (table row 19), column 'True positives'",12,result
dna-pathogen-20261009-result-portik2022-illumina-atcc-msa1003-motus2-3-0-3-f0-5,dna-pathogen-20261009-source-portik2022,"Table 4, dataset block 'Illumina ATCC MSA1003 (20 species, staggered)', row 'mOTUs' (table row 20), column 'F0.5'",0.50,result
dna-pathogen-20261009-result-portik2022-illumina-atcc-msa1003-motus2-3-0-3-f1,dna-pathogen-20261009-source-portik2022,"Table 4, dataset block 'Illumina ATCC MSA1003 (20 species, staggered)', row 'mOTUs' (table row 20), column 'F1'",0.32,result
dna-pathogen-20261009-result-portik2022-illumina-atcc-msa1003-motus2-3-0-3-fn,dna-pathogen-20261009-source-portik2022,"Table 4, dataset block 'Illumina ATCC MSA1003 (20 species, staggered)', row 'mOTUs' (table row 20), column 'False negatives'",16,result
dna-pathogen-20261009-result-portik2022-illumina-atcc-msa1003-motus2-3-0-3-fp,dna-pathogen-20261009-source-portik2022,"Table 4, dataset block 'Illumina ATCC MSA1003 (20 species, staggered)', row 'mOTUs' (table row 20), column 'False positives'",1,result
dna-pathogen-20261009-result-portik2022-illumina-atcc-msa1003-motus2-3-0-3-l1,dna-pathogen-20261009-source-portik2022,"Table 4, dataset block 'Illumina ATCC MSA1003 (20 species, staggered)', row 'mOTUs' (table row 20), column 'L1'",51.6,result
dna-pathogen-20261009-result-portik2022-illumina-atcc-msa1003-motus2-3-0-3-precision,dna-pathogen-20261009-source-portik2022,"Table 4, dataset block 'Illumina ATCC MSA1003 (20 species, staggered)', row 'mOTUs' (table row 20), column 'Precision'",0.80,result
dna-pathogen-20261009-result-portik2022-illumina-atcc-msa1003-motus2-3-0-3-recall,dna-pathogen-20261009-source-portik2022,"Table 4, dataset block 'Illumina ATCC MSA1003 (20 species, staggered)', row 'mOTUs' (table row 20), column 'Recall'",0.20,result
dna-pathogen-20261009-result-portik2022-illumina-atcc-msa1003-motus2-3-0-3-tp,dna-pathogen-20261009-source-portik2022,"Table 4, dataset block 'Illumina ATCC MSA1003 (20 species, staggered)', row 'mOTUs' (table row 20), column 'True positives'",4,result
dna-pathogen-20261009-result-portik2022-illumina-atcc-msa1003-sourmash-4-5-1-k31-genbank-2022-03-f0-5,dna-pathogen-20261009-source-portik2022,"Table 4, dataset block 'Illumina ATCC MSA1003 (20 species, staggered)', row 'Sourmash-k31' (table row 21), column 'F0.5'",0.78,result
dna-pathogen-20261009-result-portik2022-illumina-atcc-msa1003-sourmash-4-5-1-k31-genbank-2022-03-f1,dna-pathogen-20261009-source-portik2022,"Table 4, dataset block 'Illumina ATCC MSA1003 (20 species, staggered)', row 'Sourmash-k31' (table row 21), column 'F1'",0.85,result
dna-pathogen-20261009-result-portik2022-illumina-atcc-msa1003-sourmash-4-5-1-k31-genbank-2022-03-fn,dna-pathogen-20261009-source-portik2022,"Table 4, dataset block 'Illumina ATCC MSA1003 (20 species, staggered)', row 'Sourmash-k31' (table row 21), column 'False negatives'",0,result
dna-pathogen-20261009-result-portik2022-illumina-atcc-msa1003-sourmash-4-5-1-k31-genbank-2022-03-fp,dna-pathogen-20261009-source-portik2022,"Table 4, dataset block 'Illumina ATCC MSA1003 (20 species, staggered)', row 'Sourmash-k31' (table row 21), column 'False positives'",7,result
dna-pathogen-20261009-result-portik2022-illumina-atcc-msa1003-sourmash-4-5-1-k31-genbank-2022-03-l1,dna-pathogen-20261009-source-portik2022,"Table 4, dataset block 'Illumina ATCC MSA1003 (20 species, staggered)', row 'Sourmash-k31' (table row 21), column 'L1'",57.2,result
dna-pathogen-20261009-result-portik2022-illumina-atcc-msa1003-sourmash-4-5-1-k31-genbank-2022-03-precision,dna-pathogen-20261009-source-portik2022,"Table 4, dataset block 'Illumina ATCC MSA1003 (20 species, staggered)', row 'Sourmash-k31' (table row 21), column 'Precision'",0.74,result
dna-pathogen-20261009-result-portik2022-illumina-atcc-msa1003-sourmash-4-5-1-k31-genbank-2022-03-recall,dna-pathogen-20261009-source-portik2022,"Table 4, dataset block 'Illumina ATCC MSA1003 (20 species, staggered)', row 'Sourmash-k31' (table row 21), column 'Recall'",1.00,result
dna-pathogen-20261009-result-portik2022-illumina-atcc-msa1003-sourmash-4-5-1-k31-genbank-2022-03-tp,dna-pathogen-20261009-source-portik2022,"Table 4, dataset block 'Illumina ATCC MSA1003 (20 species, staggered)', row 'Sourmash-k31' (table row 21), column 'True positives'",20,result
dna-pathogen-20261009-result-portik2022-illumina-atcc-msa1003-sourmash-4-5-1-k51-genbank-2022-03-f0-5,dna-pathogen-20261009-source-portik2022,"Table 4, dataset block 'Illumina ATCC MSA1003 (20 species, staggered)', row 'Sourmash-k51' (table row 22), column 'F0.5'",0.83,result
dna-pathogen-20261009-result-portik2022-illumina-atcc-msa1003-sourmash-4-5-1-k51-genbank-2022-03-f1,dna-pathogen-20261009-source-portik2022,"Table 4, dataset block 'Illumina ATCC MSA1003 (20 species, staggered)', row 'Sourmash-k51' (table row 22), column 'F1'",0.89,result
dna-pathogen-20261009-result-portik2022-illumina-atcc-msa1003-sourmash-4-5-1-k51-genbank-2022-03-fn,dna-pathogen-20261009-source-portik2022,"Table 4, dataset block 'Illumina ATCC MSA1003 (20 species, staggered)', row 'Sourmash-k51' (table row 22), column 'False negatives'",0,result
dna-pathogen-20261009-result-portik2022-illumina-atcc-msa1003-sourmash-4-5-1-k51-genbank-2022-03-fp,dna-pathogen-20261009-source-portik2022,"Table 4, dataset block 'Illumina ATCC MSA1003 (20 species, staggered)', row 'Sourmash-k51' (table row 22), column 'False positives'",5,result
dna-pathogen-20261009-result-portik2022-illumina-atcc-msa1003-sourmash-4-5-1-k51-genbank-2022-03-l1,dna-pathogen-20261009-source-portik2022,"Table 4, dataset block 'Illumina ATCC MSA1003 (20 species, staggered)', row 'Sourmash-k51' (table row 22), column 'L1'",55.4,result
dna-pathogen-20261009-result-portik2022-illumina-atcc-msa1003-sourmash-4-5-1-k51-genbank-2022-03-precision,dna-pathogen-20261009-source-portik2022,"Table 4, dataset block 'Illumina ATCC MSA1003 (20 species, staggered)', row 'Sourmash-k51' (table row 22), column 'Precision'",0.80,result
dna-pathogen-20261009-result-portik2022-illumina-atcc-msa1003-sourmash-4-5-1-k51-genbank-2022-03-recall,dna-pathogen-20261009-source-portik2022,"Table 4, dataset block 'Illumina ATCC MSA1003 (20 species, staggered)', row 'Sourmash-k51' (table row 22), column 'Recall'",1.00,result
dna-pathogen-20261009-result-portik2022-illumina-atcc-msa1003-sourmash-4-5-1-k51-genbank-2022-03-tp,dna-pathogen-20261009-source-portik2022,"Table 4, dataset block 'Illumina ATCC MSA1003 (20 species, staggered)', row 'Sourmash-k51' (table row 22), column 'True positives'",20,result
dna-pathogen-20261009-result-portik2022-illumina-zymo-d6300-bracken-2-6-0-pluspf-f0-5,dna-pathogen-20261009-source-portik2022,"Table 4, dataset block 'Illumina Zymo D6300 (10 species, even)', row 'Bracken' (table row 66), column 'F0.5'",0.11,result
dna-pathogen-20261009-result-portik2022-illumina-zymo-d6300-bracken-2-6-0-pluspf-f1,dna-pathogen-20261009-source-portik2022,"Table 4, dataset block 'Illumina Zymo D6300 (10 species, even)', row 'Bracken' (table row 66), column 'F1'",0.17,result
dna-pathogen-20261009-result-portik2022-illumina-zymo-d6300-bracken-2-6-0-pluspf-fn,dna-pathogen-20261009-source-portik2022,"Table 4, dataset block 'Illumina Zymo D6300 (10 species, even)', row 'Bracken' (table row 66), column 'False negatives'",0,result
dna-pathogen-20261009-result-portik2022-illumina-zymo-d6300-bracken-2-6-0-pluspf-fp,dna-pathogen-20261009-source-portik2022,"Table 4, dataset block 'Illumina Zymo D6300 (10 species, even)', row 'Bracken' (table row 66), column 'False positives'",96,result
dna-pathogen-20261009-result-portik2022-illumina-zymo-d6300-bracken-2-6-0-pluspf-l1,dna-pathogen-20261009-source-portik2022,"Table 4, dataset block 'Illumina Zymo D6300 (10 species, even)', row 'Bracken' (table row 66), column 'L1'",80.0,result
dna-pathogen-20261009-result-portik2022-illumina-zymo-d6300-bracken-2-6-0-pluspf-precision,dna-pathogen-20261009-source-portik2022,"Table 4, dataset block 'Illumina Zymo D6300 (10 species, even)', row 'Bracken' (table row 66), column 'Precision'",0.09,result
dna-pathogen-20261009-result-portik2022-illumina-zymo-d6300-bracken-2-6-0-pluspf-recall,dna-pathogen-20261009-source-portik2022,"Table 4, dataset block 'Illumina Zymo D6300 (10 species, even)', row 'Bracken' (table row 66), column 'Recall'",1.00,result
dna-pathogen-20261009-result-portik2022-illumina-zymo-d6300-bracken-2-6-0-pluspf-tp,dna-pathogen-20261009-source-portik2022,"Table 4, dataset block 'Illumina Zymo D6300 (10 species, even)', row 'Bracken' (table row 66), column 'True positives'",10,result
dna-pathogen-20261009-result-portik2022-illumina-zymo-d6300-centrifuge-1-0-4-h22-abvf-f0-5,dna-pathogen-20261009-source-portik2022,"Table 4, dataset block 'Illumina Zymo D6300 (10 species, even)', row 'Centrifuge-h22' (table row 67), column 'F0.5'",0.27,result
dna-pathogen-20261009-result-portik2022-illumina-zymo-d6300-centrifuge-1-0-4-h22-abvf-f1,dna-pathogen-20261009-source-portik2022,"Table 4, dataset block 'Illumina Zymo D6300 (10 species, even)', row 'Centrifuge-h22' (table row 67), column 'F1'",0.36,result
dna-pathogen-20261009-result-portik2022-illumina-zymo-d6300-centrifuge-1-0-4-h22-abvf-fn,dna-pathogen-20261009-source-portik2022,"Table 4, dataset block 'Illumina Zymo D6300 (10 species, even)', row 'Centrifuge-h22' (table row 67), column 'False negatives'",2,result
dna-pathogen-20261009-result-portik2022-illumina-zymo-d6300-centrifuge-1-0-4-h22-abvf-fp,dna-pathogen-20261009-source-portik2022,"Table 4, dataset block 'Illumina Zymo D6300 (10 species, even)', row 'Centrifuge-h22' (table row 67), column 'False positives'",27,result
dna-pathogen-20261009-result-portik2022-illumina-zymo-d6300-centrifuge-1-0-4-h22-abvf-l1,dna-pathogen-20261009-source-portik2022,"Table 4, dataset block 'Illumina Zymo D6300 (10 species, even)', row 'Centrifuge-h22' (table row 67), column 'L1'",81.7,result
dna-pathogen-20261009-result-portik2022-illumina-zymo-d6300-centrifuge-1-0-4-h22-abvf-precision,dna-pathogen-20261009-source-portik2022,"Table 4, dataset block 'Illumina Zymo D6300 (10 species, even)', row 'Centrifuge-h22' (table row 67), column 'Precision'",0.23,result
dna-pathogen-20261009-result-portik2022-illumina-zymo-d6300-centrifuge-1-0-4-h22-abvf-recall,dna-pathogen-20261009-source-portik2022,"Table 4, dataset block 'Illumina Zymo D6300 (10 species, even)', row 'Centrifuge-h22' (table row 67), column 'Recall'",0.80,result
dna-pathogen-20261009-result-portik2022-illumina-zymo-d6300-centrifuge-1-0-4-h22-abvf-tp,dna-pathogen-20261009-source-portik2022,"Table 4, dataset block 'Illumina Zymo D6300 (10 species, even)', row 'Centrifuge-h22' (table row 67), column 'True positives'",8,result
dna-pathogen-20261009-result-portik2022-illumina-zymo-d6300-kraken2-2-1-1-pluspf-f0-5,dna-pathogen-20261009-source-portik2022,"Table 4, dataset block 'Illumina Zymo D6300 (10 species, even)', row 'Kraken2' (table row 65), column 'F0.5'",0.17,result
dna-pathogen-20261009-result-portik2022-illumina-zymo-d6300-kraken2-2-1-1-pluspf-f1,dna-pathogen-20261009-source-portik2022,"Table 4, dataset block 'Illumina Zymo D6300 (10 species, even)', row 'Kraken2' (table row 65), column 'F1'",0.24,result
dna-pathogen-20261009-result-portik2022-illumina-zymo-d6300-kraken2-2-1-1-pluspf-fn,dna-pathogen-20261009-source-portik2022,"Table 4, dataset block 'Illumina Zymo D6300 (10 species, even)', row 'Kraken2' (table row 65), column 'False negatives'",0,result
dna-pathogen-20261009-result-portik2022-illumina-zymo-d6300-kraken2-2-1-1-pluspf-fp,dna-pathogen-20261009-source-portik2022,"Table 4, dataset block 'Illumina Zymo D6300 (10 species, even)', row 'Kraken2' (table row 65), column 'False positives'",62,result
dna-pathogen-20261009-result-portik2022-illumina-zymo-d6300-kraken2-2-1-1-pluspf-l1,dna-pathogen-20261009-source-portik2022,"Table 4, dataset block 'Illumina Zymo D6300 (10 species, even)', row 'Kraken2' (table row 65), column 'L1'",59.7,result
dna-pathogen-20261009-result-portik2022-illumina-zymo-d6300-kraken2-2-1-1-pluspf-precision,dna-pathogen-20261009-source-portik2022,"Table 4, dataset block 'Illumina Zymo D6300 (10 species, even)', row 'Kraken2' (table row 65), column 'Precision'",0.14,result
dna-pathogen-20261009-result-portik2022-illumina-zymo-d6300-kraken2-2-1-1-pluspf-recall,dna-pathogen-20261009-source-portik2022,"Table 4, dataset block 'Illumina Zymo D6300 (10 species, even)', row 'Kraken2' (table row 65), column 'Recall'",1.00,result
dna-pathogen-20261009-result-portik2022-illumina-zymo-d6300-kraken2-2-1-1-pluspf-tp,dna-pathogen-20261009-source-portik2022,"Table 4, dataset block 'Illumina Zymo D6300 (10 species, even)', row 'Kraken2' (table row 65), column 'True positives'",10,result
dna-pathogen-20261009-result-portik2022-illumina-zymo-d6300-metaphlan-3-0-7-mpa-v30-201901-f0-5,dna-pathogen-20261009-source-portik2022,"Table 4, dataset block 'Illumina Zymo D6300 (10 species, even)', row 'MetaPhlAn3' (table row 68), column 'F0.5'",0.83,result
dna-pathogen-20261009-result-portik2022-illumina-zymo-d6300-metaphlan-3-0-7-mpa-v30-201901-f1,dna-pathogen-20261009-source-portik2022,"Table 4, dataset block 'Illumina Zymo D6300 (10 species, even)', row 'MetaPhlAn3' (table row 68), column 'F1'",0.78,result
dna-pathogen-20261009-result-portik2022-illumina-zymo-d6300-metaphlan-3-0-7-mpa-v30-201901-fn,dna-pathogen-20261009-source-portik2022,"Table 4, dataset block 'Illumina Zymo D6300 (10 species, even)', row 'MetaPhlAn3' (table row 68), column 'False negatives'",3,result
dna-pathogen-20261009-result-portik2022-illumina-zymo-d6300-metaphlan-3-0-7-mpa-v30-201901-fp,dna-pathogen-20261009-source-portik2022,"Table 4, dataset block 'Illumina Zymo D6300 (10 species, even)', row 'MetaPhlAn3' (table row 68), column 'False positives'",1,result
dna-pathogen-20261009-result-portik2022-illumina-zymo-d6300-metaphlan-3-0-7-mpa-v30-201901-l1,dna-pathogen-20261009-source-portik2022,"Table 4, dataset block 'Illumina Zymo D6300 (10 species, even)', row 'MetaPhlAn3' (table row 68), column 'L1'",82.7,result
dna-pathogen-20261009-result-portik2022-illumina-zymo-d6300-metaphlan-3-0-7-mpa-v30-201901-precision,dna-pathogen-20261009-source-portik2022,"Table 4, dataset block 'Illumina Zymo D6300 (10 species, even)', row 'MetaPhlAn3' (table row 68), column 'Precision'",0.88,result
dna-pathogen-20261009-result-portik2022-illumina-zymo-d6300-metaphlan-3-0-7-mpa-v30-201901-recall,dna-pathogen-20261009-source-portik2022,"Table 4, dataset block 'Illumina Zymo D6300 (10 species, even)', row 'MetaPhlAn3' (table row 68), column 'Recall'",0.70,result
dna-pathogen-20261009-result-portik2022-illumina-zymo-d6300-metaphlan-3-0-7-mpa-v30-201901-tp,dna-pathogen-20261009-source-portik2022,"Table 4, dataset block 'Illumina Zymo D6300 (10 species, even)', row 'MetaPhlAn3' (table row 68), column 'True positives'",7,result
dna-pathogen-20261009-result-portik2022-illumina-zymo-d6300-motus2-3-0-3-f0-5,dna-pathogen-20261009-source-portik2022,"Table 4, dataset block 'Illumina Zymo D6300 (10 species, even)', row 'mOTUs' (table row 69), column 'F0.5'",0.92,result
dna-pathogen-20261009-result-portik2022-illumina-zymo-d6300-motus2-3-0-3-f1,dna-pathogen-20261009-source-portik2022,"Table 4, dataset block 'Illumina Zymo D6300 (10 species, even)', row 'mOTUs' (table row 69), column 'F1'",0.82,result
dna-pathogen-20261009-result-portik2022-illumina-zymo-d6300-motus2-3-0-3-fn,dna-pathogen-20261009-source-portik2022,"Table 4, dataset block 'Illumina Zymo D6300 (10 species, even)', row 'mOTUs' (table row 69), column 'False negatives'",3,result
dna-pathogen-20261009-result-portik2022-illumina-zymo-d6300-motus2-3-0-3-fp,dna-pathogen-20261009-source-portik2022,"Table 4, dataset block 'Illumina Zymo D6300 (10 species, even)', row 'mOTUs' (table row 69), column 'False positives'",0,result
dna-pathogen-20261009-result-portik2022-illumina-zymo-d6300-motus2-3-0-3-l1,dna-pathogen-20261009-source-portik2022,"Table 4, dataset block 'Illumina Zymo D6300 (10 species, even)', row 'mOTUs' (table row 69), column 'L1'",55.2,result
dna-pathogen-20261009-result-portik2022-illumina-zymo-d6300-motus2-3-0-3-precision,dna-pathogen-20261009-source-portik2022,"Table 4, dataset block 'Illumina Zymo D6300 (10 species, even)', row 'mOTUs' (table row 69), column 'Precision'",1.00,result
dna-pathogen-20261009-result-portik2022-illumina-zymo-d6300-motus2-3-0-3-recall,dna-pathogen-20261009-source-portik2022,"Table 4, dataset block 'Illumina Zymo D6300 (10 species, even)', row 'mOTUs' (table row 69), column 'Recall'",0.70,result
dna-pathogen-20261009-result-portik2022-illumina-zymo-d6300-motus2-3-0-3-tp,dna-pathogen-20261009-source-portik2022,"Table 4, dataset block 'Illumina Zymo D6300 (10 species, even)', row 'mOTUs' (table row 69), column 'True positives'",7,result
dna-pathogen-20261009-result-portik2022-illumina-zymo-d6300-sourmash-4-5-1-k31-genbank-2022-03-f0-5,dna-pathogen-20261009-source-portik2022,"Table 4, dataset block 'Illumina Zymo D6300 (10 species, even)', row 'Sourmash-k31' (table row 70), column 'F0.5'",0.86,result
dna-pathogen-20261009-result-portik2022-illumina-zymo-d6300-sourmash-4-5-1-k31-genbank-2022-03-f1,dna-pathogen-20261009-source-portik2022,"Table 4, dataset block 'Illumina Zymo D6300 (10 species, even)', row 'Sourmash-k31' (table row 70), column 'F1'",0.91,result
dna-pathogen-20261009-result-portik2022-illumina-zymo-d6300-sourmash-4-5-1-k31-genbank-2022-03-fn,dna-pathogen-20261009-source-portik2022,"Table 4, dataset block 'Illumina Zymo D6300 (10 species, even)', row 'Sourmash-k31' (table row 70), column 'False negatives'",0,result
dna-pathogen-20261009-result-portik2022-illumina-zymo-d6300-sourmash-4-5-1-k31-genbank-2022-03-fp,dna-pathogen-20261009-source-portik2022,"Table 4, dataset block 'Illumina Zymo D6300 (10 species, even)', row 'Sourmash-k31' (table row 70), column 'False positives'",2,result
dna-pathogen-20261009-result-portik2022-illumina-zymo-d6300-sourmash-4-5-1-k31-genbank-2022-03-l1,dna-pathogen-20261009-source-portik2022,"Table 4, dataset block 'Illumina Zymo D6300 (10 species, even)', row 'Sourmash-k31' (table row 70), column 'L1'",99.3,result
dna-pathogen-20261009-result-portik2022-illumina-zymo-d6300-sourmash-4-5-1-k31-genbank-2022-03-precision,dna-pathogen-20261009-source-portik2022,"Table 4, dataset block 'Illumina Zymo D6300 (10 species, even)', row 'Sourmash-k31' (table row 70), column 'Precision'",0.83,result
dna-pathogen-20261009-result-portik2022-illumina-zymo-d6300-sourmash-4-5-1-k31-genbank-2022-03-recall,dna-pathogen-20261009-source-portik2022,"Table 4, dataset block 'Illumina Zymo D6300 (10 species, even)', row 'Sourmash-k31' (table row 70), column 'Recall'",1.00,result
dna-pathogen-20261009-result-portik2022-illumina-zymo-d6300-sourmash-4-5-1-k31-genbank-2022-03-tp,dna-pathogen-20261009-source-portik2022,"Table 4, dataset block 'Illumina Zymo D6300 (10 species, even)', row 'Sourmash-k31' (table row 70), column 'True positives'",10,result
dna-pathogen-20261009-result-portik2022-illumina-zymo-d6300-sourmash-4-5-1-k51-genbank-2022-03-f0-5,dna-pathogen-20261009-source-portik2022,"Table 4, dataset block 'Illumina Zymo D6300 (10 species, even)', row 'Sourmash-k51' (table row 71), column 'F0.5'",0.83,result
dna-pathogen-20261009-result-portik2022-illumina-zymo-d6300-sourmash-4-5-1-k51-genbank-2022-03-f1,dna-pathogen-20261009-source-portik2022,"Table 4, dataset block 'Illumina Zymo D6300 (10 species, even)', row 'Sourmash-k51' (table row 71), column 'F1'",0.86,result
dna-pathogen-20261009-result-portik2022-illumina-zymo-d6300-sourmash-4-5-1-k51-genbank-2022-03-fn,dna-pathogen-20261009-source-portik2022,"Table 4, dataset block 'Illumina Zymo D6300 (10 species, even)', row 'Sourmash-k51' (table row 71), column 'False negatives'",1,result
dna-pathogen-20261009-result-portik2022-illumina-zymo-d6300-sourmash-4-5-1-k51-genbank-2022-03-fp,dna-pathogen-20261009-source-portik2022,"Table 4, dataset block 'Illumina Zymo D6300 (10 species, even)', row 'Sourmash-k51' (table row 71), column 'False positives'",2,result
dna-pathogen-20261009-result-portik2022-illumina-zymo-d6300-sourmash-4-5-1-k51-genbank-2022-03-l1,dna-pathogen-20261009-source-portik2022,"Table 4, dataset block 'Illumina Zymo D6300 (10 species, even)', row 'Sourmash-k51' (table row 71), column 'L1'",82.3,result
dna-pathogen-20261009-result-portik2022-illumina-zymo-d6300-sourmash-4-5-1-k51-genbank-2022-03-precision,dna-pathogen-20261009-source-portik2022,"Table 4, dataset block 'Illumina Zymo D6300 (10 species, even)', row 'Sourmash-k51' (table row 71), column 'Precision'",0.82,result
dna-pathogen-20261009-result-portik2022-illumina-zymo-d6300-sourmash-4-5-1-k51-genbank-2022-03-recall,dna-pathogen-20261009-source-portik2022,"Table 4, dataset block 'Illumina Zymo D6300 (10 species, even)', row 'Sourmash-k51' (table row 71), column 'Recall'",0.90,result
dna-pathogen-20261009-result-portik2022-illumina-zymo-d6300-sourmash-4-5-1-k51-genbank-2022-03-tp,dna-pathogen-20261009-source-portik2022,"Table 4, dataset block 'Illumina Zymo D6300 (10 species, even)', row 'Sourmash-k51' (table row 71), column 'True positives'",9,result
dna-pathogen-20261009-result-portik2022-ont-q20-zymo-d6300-bracken-2-6-0-pluspf-f0-5,dna-pathogen-20261009-source-portik2022,"Table 4, dataset block 'ONT Q20 Zymo D6300 (10 species, even)', row 'Bracken' (table row 52), column 'F0.5'",0.06,result
dna-pathogen-20261009-result-portik2022-ont-q20-zymo-d6300-bracken-2-6-0-pluspf-f1,dna-pathogen-20261009-source-portik2022,"Table 4, dataset block 'ONT Q20 Zymo D6300 (10 species, even)', row 'Bracken' (table row 52), column 'F1'",0.10,result
dna-pathogen-20261009-result-portik2022-ont-q20-zymo-d6300-bracken-2-6-0-pluspf-fn,dna-pathogen-20261009-source-portik2022,"Table 4, dataset block 'ONT Q20 Zymo D6300 (10 species, even)', row 'Bracken' (table row 52), column 'False negatives'",0,result
dna-pathogen-20261009-result-portik2022-ont-q20-zymo-d6300-bracken-2-6-0-pluspf-fp,dna-pathogen-20261009-source-portik2022,"Table 4, dataset block 'ONT Q20 Zymo D6300 (10 species, even)', row 'Bracken' (table row 52), column 'False positives'",184,result
dna-pathogen-20261009-result-portik2022-ont-q20-zymo-d6300-bracken-2-6-0-pluspf-l1,dna-pathogen-20261009-source-portik2022,"Table 4, dataset block 'ONT Q20 Zymo D6300 (10 species, even)', row 'Bracken' (table row 52), column 'L1'",17.0,result
dna-pathogen-20261009-result-portik2022-ont-q20-zymo-d6300-bracken-2-6-0-pluspf-precision,dna-pathogen-20261009-source-portik2022,"Table 4, dataset block 'ONT Q20 Zymo D6300 (10 species, even)', row 'Bracken' (table row 52), column 'Precision'",0.05,result
dna-pathogen-20261009-result-portik2022-ont-q20-zymo-d6300-bracken-2-6-0-pluspf-recall,dna-pathogen-20261009-source-portik2022,"Table 4, dataset block 'ONT Q20 Zymo D6300 (10 species, even)', row 'Bracken' (table row 52), column 'Recall'",1.00,result
dna-pathogen-20261009-result-portik2022-ont-q20-zymo-d6300-bracken-2-6-0-pluspf-tp,dna-pathogen-20261009-source-portik2022,"Table 4, dataset block 'ONT Q20 Zymo D6300 (10 species, even)', row 'Bracken' (table row 52), column 'True positives'",10,result
dna-pathogen-20261009-result-portik2022-ont-q20-zymo-d6300-bugseq-v2-nt-f0-5,dna-pathogen-20261009-source-portik2022,"Table 4, dataset block 'ONT Q20 Zymo D6300 (10 species, even)', row 'BugSeq-V2' (table row 64), column 'F0.5'",0.93,result
dna-pathogen-20261009-result-portik2022-ont-q20-zymo-d6300-bugseq-v2-nt-f1,dna-pathogen-20261009-source-portik2022,"Table 4, dataset block 'ONT Q20 Zymo D6300 (10 species, even)', row 'BugSeq-V2' (table row 64), column 'F1'",0.95,result
dna-pathogen-20261009-result-portik2022-ont-q20-zymo-d6300-bugseq-v2-nt-fn,dna-pathogen-20261009-source-portik2022,"Table 4, dataset block 'ONT Q20 Zymo D6300 (10 species, even)', row 'BugSeq-V2' (table row 64), column 'False negatives'",0,result
dna-pathogen-20261009-result-portik2022-ont-q20-zymo-d6300-bugseq-v2-nt-fp,dna-pathogen-20261009-source-portik2022,"Table 4, dataset block 'ONT Q20 Zymo D6300 (10 species, even)', row 'BugSeq-V2' (table row 64), column 'False positives'",1,result
dna-pathogen-20261009-result-portik2022-ont-q20-zymo-d6300-bugseq-v2-nt-l1,dna-pathogen-20261009-source-portik2022,"Table 4, dataset block 'ONT Q20 Zymo D6300 (10 species, even)', row 'BugSeq-V2' (table row 64), column 'L1'",12.6,result
dna-pathogen-20261009-result-portik2022-ont-q20-zymo-d6300-bugseq-v2-nt-precision,dna-pathogen-20261009-source-portik2022,"Table 4, dataset block 'ONT Q20 Zymo D6300 (10 species, even)', row 'BugSeq-V2' (table row 64), column 'Precision'",0.91,result
dna-pathogen-20261009-result-portik2022-ont-q20-zymo-d6300-bugseq-v2-nt-recall,dna-pathogen-20261009-source-portik2022,"Table 4, dataset block 'ONT Q20 Zymo D6300 (10 species, even)', row 'BugSeq-V2' (table row 64), column 'Recall'",1.00,result
dna-pathogen-20261009-result-portik2022-ont-q20-zymo-d6300-bugseq-v2-nt-tp,dna-pathogen-20261009-source-portik2022,"Table 4, dataset block 'ONT Q20 Zymo D6300 (10 species, even)', row 'BugSeq-V2' (table row 64), column 'True positives'",10,result
dna-pathogen-20261009-result-portik2022-ont-q20-zymo-d6300-centrifuge-1-0-4-h22-abvf-f0-5,dna-pathogen-20261009-source-portik2022,"Table 4, dataset block 'ONT Q20 Zymo D6300 (10 species, even)', row 'Centrifuge-h22' (table row 53), column 'F0.5'",0.18,result
dna-pathogen-20261009-result-portik2022-ont-q20-zymo-d6300-centrifuge-1-0-4-h22-abvf-f1,dna-pathogen-20261009-source-portik2022,"Table 4, dataset block 'ONT Q20 Zymo D6300 (10 species, even)', row 'Centrifuge-h22' (table row 53), column 'F1'",0.25,result
dna-pathogen-20261009-result-portik2022-ont-q20-zymo-d6300-centrifuge-1-0-4-h22-abvf-fn,dna-pathogen-20261009-source-portik2022,"Table 4, dataset block 'ONT Q20 Zymo D6300 (10 species, even)', row 'Centrifuge-h22' (table row 53), column 'False negatives'",2,result
dna-pathogen-20261009-result-portik2022-ont-q20-zymo-d6300-centrifuge-1-0-4-h22-abvf-fp,dna-pathogen-20261009-source-portik2022,"Table 4, dataset block 'ONT Q20 Zymo D6300 (10 species, even)', row 'Centrifuge-h22' (table row 53), column 'False positives'",45,result
dna-pathogen-20261009-result-portik2022-ont-q20-zymo-d6300-centrifuge-1-0-4-h22-abvf-l1,dna-pathogen-20261009-source-portik2022,"Table 4, dataset block 'ONT Q20 Zymo D6300 (10 species, even)', row 'Centrifuge-h22' (table row 53), column 'L1'",30.7,result
dna-pathogen-20261009-result-portik2022-ont-q20-zymo-d6300-centrifuge-1-0-4-h22-abvf-precision,dna-pathogen-20261009-source-portik2022,"Table 4, dataset block 'ONT Q20 Zymo D6300 (10 species, even)', row 'Centrifuge-h22' (table row 53), column 'Precision'",0.15,result
dna-pathogen-20261009-result-portik2022-ont-q20-zymo-d6300-centrifuge-1-0-4-h22-abvf-recall,dna-pathogen-20261009-source-portik2022,"Table 4, dataset block 'ONT Q20 Zymo D6300 (10 species, even)', row 'Centrifuge-h22' (table row 53), column 'Recall'",0.80,result
dna-pathogen-20261009-result-portik2022-ont-q20-zymo-d6300-centrifuge-1-0-4-h22-abvf-tp,dna-pathogen-20261009-source-portik2022,"Table 4, dataset block 'ONT Q20 Zymo D6300 (10 species, even)', row 'Centrifuge-h22' (table row 53), column 'True positives'",8,result
dna-pathogen-20261009-result-portik2022-ont-q20-zymo-d6300-centrifuge-1-0-4-h500-abvf-f0-5,dna-pathogen-20261009-source-portik2022,"Table 4, dataset block 'ONT Q20 Zymo D6300 (10 species, even)', row 'Centrifuge-h500' (table row 54), column 'F0.5'",0.44,result
dna-pathogen-20261009-result-portik2022-ont-q20-zymo-d6300-centrifuge-1-0-4-h500-abvf-f1,dna-pathogen-20261009-source-portik2022,"Table 4, dataset block 'ONT Q20 Zymo D6300 (10 species, even)', row 'Centrifuge-h500' (table row 54), column 'F1'",0.53,result
dna-pathogen-20261009-result-portik2022-ont-q20-zymo-d6300-centrifuge-1-0-4-h500-abvf-fn,dna-pathogen-20261009-source-portik2022,"Table 4, dataset block 'ONT Q20 Zymo D6300 (10 species, even)', row 'Centrifuge-h500' (table row 54), column 'False negatives'",2,result
dna-pathogen-20261009-result-portik2022-ont-q20-zymo-d6300-centrifuge-1-0-4-h500-abvf-fp,dna-pathogen-20261009-source-portik2022,"Table 4, dataset block 'ONT Q20 Zymo D6300 (10 species, even)', row 'Centrifuge-h500' (table row 54), column 'False positives'",12,result
dna-pathogen-20261009-result-portik2022-ont-q20-zymo-d6300-centrifuge-1-0-4-h500-abvf-l1,dna-pathogen-20261009-source-portik2022,"Table 4, dataset block 'ONT Q20 Zymo D6300 (10 species, even)', row 'Centrifuge-h500' (table row 54), column 'L1'",43.0,result
dna-pathogen-20261009-result-portik2022-ont-q20-zymo-d6300-centrifuge-1-0-4-h500-abvf-precision,dna-pathogen-20261009-source-portik2022,"Table 4, dataset block 'ONT Q20 Zymo D6300 (10 species, even)', row 'Centrifuge-h500' (table row 54), column 'Precision'",0.40,result
dna-pathogen-20261009-result-portik2022-ont-q20-zymo-d6300-centrifuge-1-0-4-h500-abvf-recall,dna-pathogen-20261009-source-portik2022,"Table 4, dataset block 'ONT Q20 Zymo D6300 (10 species, even)', row 'Centrifuge-h500' (table row 54), column 'Recall'",0.80,result
dna-pathogen-20261009-result-portik2022-ont-q20-zymo-d6300-centrifuge-1-0-4-h500-abvf-tp,dna-pathogen-20261009-source-portik2022,"Table 4, dataset block 'ONT Q20 Zymo D6300 (10 species, even)', row 'Centrifuge-h500' (table row 54), column 'True positives'",8,result
dna-pathogen-20261009-result-portik2022-ont-q20-zymo-d6300-kraken2-2-1-1-pluspf-f0-5,dna-pathogen-20261009-source-portik2022,"Table 4, dataset block 'ONT Q20 Zymo D6300 (10 species, even)', row 'Kraken2' (table row 51), column 'F0.5'",0.07,result
dna-pathogen-20261009-result-portik2022-ont-q20-zymo-d6300-kraken2-2-1-1-pluspf-f1,dna-pathogen-20261009-source-portik2022,"Table 4, dataset block 'ONT Q20 Zymo D6300 (10 species, even)', row 'Kraken2' (table row 51), column 'F1'",0.11,result
dna-pathogen-20261009-result-portik2022-ont-q20-zymo-d6300-kraken2-2-1-1-pluspf-fn,dna-pathogen-20261009-source-portik2022,"Table 4, dataset block 'ONT Q20 Zymo D6300 (10 species, even)', row 'Kraken2' (table row 51), column 'False negatives'",0,result
dna-pathogen-20261009-result-portik2022-ont-q20-zymo-d6300-kraken2-2-1-1-pluspf-fp,dna-pathogen-20261009-source-portik2022,"Table 4, dataset block 'ONT Q20 Zymo D6300 (10 species, even)', row 'Kraken2' (table row 51), column 'False positives'",166,result
dna-pathogen-20261009-result-portik2022-ont-q20-zymo-d6300-kraken2-2-1-1-pluspf-l1,dna-pathogen-20261009-source-portik2022,"Table 4, dataset block 'ONT Q20 Zymo D6300 (10 species, even)', row 'Kraken2' (table row 51), column 'L1'",16.7,result
dna-pathogen-20261009-result-portik2022-ont-q20-zymo-d6300-kraken2-2-1-1-pluspf-precision,dna-pathogen-20261009-source-portik2022,"Table 4, dataset block 'ONT Q20 Zymo D6300 (10 species, even)', row 'Kraken2' (table row 51), column 'Precision'",0.06,result
dna-pathogen-20261009-result-portik2022-ont-q20-zymo-d6300-kraken2-2-1-1-pluspf-recall,dna-pathogen-20261009-source-portik2022,"Table 4, dataset block 'ONT Q20 Zymo D6300 (10 species, even)', row 'Kraken2' (table row 51), column 'Recall'",1.00,result
dna-pathogen-20261009-result-portik2022-ont-q20-zymo-d6300-kraken2-2-1-1-pluspf-tp,dna-pathogen-20261009-source-portik2022,"Table 4, dataset block 'ONT Q20 Zymo D6300 (10 species, even)', row 'Kraken2' (table row 51), column 'True positives'",10,result
dna-pathogen-20261009-result-portik2022-ont-q20-zymo-d6300-megan-lr-nuc-hifi-minimap2-nt-f0-5,dna-pathogen-20261009-source-portik2022,"Table 4, dataset block 'ONT Q20 Zymo D6300 (10 species, even)', row 'MEGAN-LR-Nuc-HiFi' (table row 62), column 'F0.5'",1.00,result
dna-pathogen-20261009-result-portik2022-ont-q20-zymo-d6300-megan-lr-nuc-hifi-minimap2-nt-f1,dna-pathogen-20261009-source-portik2022,"Table 4, dataset block 'ONT Q20 Zymo D6300 (10 species, even)', row 'MEGAN-LR-Nuc-HiFi' (table row 62), column 'F1'",1.00,result
dna-pathogen-20261009-result-portik2022-ont-q20-zymo-d6300-megan-lr-nuc-hifi-minimap2-nt-fn,dna-pathogen-20261009-source-portik2022,"Table 4, dataset block 'ONT Q20 Zymo D6300 (10 species, even)', row 'MEGAN-LR-Nuc-HiFi' (table row 62), column 'False negatives'",0,result
dna-pathogen-20261009-result-portik2022-ont-q20-zymo-d6300-megan-lr-nuc-hifi-minimap2-nt-fp,dna-pathogen-20261009-source-portik2022,"Table 4, dataset block 'ONT Q20 Zymo D6300 (10 species, even)', row 'MEGAN-LR-Nuc-HiFi' (table row 62), column 'False positives'",0,result
dna-pathogen-20261009-result-portik2022-ont-q20-zymo-d6300-megan-lr-nuc-hifi-minimap2-nt-l1,dna-pathogen-20261009-source-portik2022,"Table 4, dataset block 'ONT Q20 Zymo D6300 (10 species, even)', row 'MEGAN-LR-Nuc-HiFi' (table row 62), column 'L1'",80.0,result
dna-pathogen-20261009-result-portik2022-ont-q20-zymo-d6300-megan-lr-nuc-hifi-minimap2-nt-precision,dna-pathogen-20261009-source-portik2022,"Table 4, dataset block 'ONT Q20 Zymo D6300 (10 species, even)', row 'MEGAN-LR-Nuc-HiFi' (table row 62), column 'Precision'",1.00,result
dna-pathogen-20261009-result-portik2022-ont-q20-zymo-d6300-megan-lr-nuc-hifi-minimap2-nt-recall,dna-pathogen-20261009-source-portik2022,"Table 4, dataset block 'ONT Q20 Zymo D6300 (10 species, even)', row 'MEGAN-LR-Nuc-HiFi' (table row 62), column 'Recall'",1.00,result
dna-pathogen-20261009-result-portik2022-ont-q20-zymo-d6300-megan-lr-nuc-hifi-minimap2-nt-tp,dna-pathogen-20261009-source-portik2022,"Table 4, dataset block 'ONT Q20 Zymo D6300 (10 species, even)', row 'MEGAN-LR-Nuc-HiFi' (table row 62), column 'True positives'",10,result
dna-pathogen-20261009-result-portik2022-ont-q20-zymo-d6300-megan-lr-nuc-ont-minimap2-nt-f0-5,dna-pathogen-20261009-source-portik2022,"Table 4, dataset block 'ONT Q20 Zymo D6300 (10 species, even)', row 'MEGAN-LR-Nuc-ONT' (table row 63), column 'F0.5'",1.00,result
dna-pathogen-20261009-result-portik2022-ont-q20-zymo-d6300-megan-lr-nuc-ont-minimap2-nt-f1,dna-pathogen-20261009-source-portik2022,"Table 4, dataset block 'ONT Q20 Zymo D6300 (10 species, even)', row 'MEGAN-LR-Nuc-ONT' (table row 63), column 'F1'",1.00,result
dna-pathogen-20261009-result-portik2022-ont-q20-zymo-d6300-megan-lr-nuc-ont-minimap2-nt-fn,dna-pathogen-20261009-source-portik2022,"Table 4, dataset block 'ONT Q20 Zymo D6300 (10 species, even)', row 'MEGAN-LR-Nuc-ONT' (table row 63), column 'False negatives'",0,result
dna-pathogen-20261009-result-portik2022-ont-q20-zymo-d6300-megan-lr-nuc-ont-minimap2-nt-fp,dna-pathogen-20261009-source-portik2022,"Table 4, dataset block 'ONT Q20 Zymo D6300 (10 species, even)', row 'MEGAN-LR-Nuc-ONT' (table row 63), column 'False positives'",0,result
dna-pathogen-20261009-result-portik2022-ont-q20-zymo-d6300-megan-lr-nuc-ont-minimap2-nt-l1,dna-pathogen-20261009-source-portik2022,"Table 4, dataset block 'ONT Q20 Zymo D6300 (10 species, even)', row 'MEGAN-LR-Nuc-ONT' (table row 63), column 'L1'",80.5,result
dna-pathogen-20261009-result-portik2022-ont-q20-zymo-d6300-megan-lr-nuc-ont-minimap2-nt-precision,dna-pathogen-20261009-source-portik2022,"Table 4, dataset block 'ONT Q20 Zymo D6300 (10 species, even)', row 'MEGAN-LR-Nuc-ONT' (table row 63), column 'Precision'",1.00,result
dna-pathogen-20261009-result-portik2022-ont-q20-zymo-d6300-megan-lr-nuc-ont-minimap2-nt-recall,dna-pathogen-20261009-source-portik2022,"Table 4, dataset block 'ONT Q20 Zymo D6300 (10 species, even)', row 'MEGAN-LR-Nuc-ONT' (table row 63), column 'Recall'",1.00,result
dna-pathogen-20261009-result-portik2022-ont-q20-zymo-d6300-megan-lr-nuc-ont-minimap2-nt-tp,dna-pathogen-20261009-source-portik2022,"Table 4, dataset block 'ONT Q20 Zymo D6300 (10 species, even)', row 'MEGAN-LR-Nuc-ONT' (table row 63), column 'True positives'",10,result
dna-pathogen-20261009-result-portik2022-ont-q20-zymo-d6300-megan-lr-prot-diamond-nr-f0-5,dna-pathogen-20261009-source-portik2022,"Table 4, dataset block 'ONT Q20 Zymo D6300 (10 species, even)', row 'MEGAN-LR-Prot' (table row 61), column 'F0.5'",1.00,result
dna-pathogen-20261009-result-portik2022-ont-q20-zymo-d6300-megan-lr-prot-diamond-nr-f1,dna-pathogen-20261009-source-portik2022,"Table 4, dataset block 'ONT Q20 Zymo D6300 (10 species, even)', row 'MEGAN-LR-Prot' (table row 61), column 'F1'",1.00,result
dna-pathogen-20261009-result-portik2022-ont-q20-zymo-d6300-megan-lr-prot-diamond-nr-fn,dna-pathogen-20261009-source-portik2022,"Table 4, dataset block 'ONT Q20 Zymo D6300 (10 species, even)', row 'MEGAN-LR-Prot' (table row 61), column 'False negatives'",0,result
dna-pathogen-20261009-result-portik2022-ont-q20-zymo-d6300-megan-lr-prot-diamond-nr-fp,dna-pathogen-20261009-source-portik2022,"Table 4, dataset block 'ONT Q20 Zymo D6300 (10 species, even)', row 'MEGAN-LR-Prot' (table row 61), column 'False positives'",0,result
dna-pathogen-20261009-result-portik2022-ont-q20-zymo-d6300-megan-lr-prot-diamond-nr-l1,dna-pathogen-20261009-source-portik2022,"Table 4, dataset block 'ONT Q20 Zymo D6300 (10 species, even)', row 'MEGAN-LR-Prot' (table row 61), column 'L1'",32.7,result
dna-pathogen-20261009-result-portik2022-ont-q20-zymo-d6300-megan-lr-prot-diamond-nr-precision,dna-pathogen-20261009-source-portik2022,"Table 4, dataset block 'ONT Q20 Zymo D6300 (10 species, even)', row 'MEGAN-LR-Prot' (table row 61), column 'Precision'",1.00,result
dna-pathogen-20261009-result-portik2022-ont-q20-zymo-d6300-megan-lr-prot-diamond-nr-recall,dna-pathogen-20261009-source-portik2022,"Table 4, dataset block 'ONT Q20 Zymo D6300 (10 species, even)', row 'MEGAN-LR-Prot' (table row 61), column 'Recall'",1.00,result
dna-pathogen-20261009-result-portik2022-ont-q20-zymo-d6300-megan-lr-prot-diamond-nr-tp,dna-pathogen-20261009-source-portik2022,"Table 4, dataset block 'ONT Q20 Zymo D6300 (10 species, even)', row 'MEGAN-LR-Prot' (table row 61), column 'True positives'",10,result
dna-pathogen-20261009-result-portik2022-ont-q20-zymo-d6300-metamaps-0-1-miniseq-h-f0-5,dna-pathogen-20261009-source-portik2022,"Table 4, dataset block 'ONT Q20 Zymo D6300 (10 species, even)', row 'MetaMaps' (table row 59), column 'F0.5'",0.20,result
dna-pathogen-20261009-result-portik2022-ont-q20-zymo-d6300-metamaps-0-1-miniseq-h-f1,dna-pathogen-20261009-source-portik2022,"Table 4, dataset block 'ONT Q20 Zymo D6300 (10 species, even)', row 'MetaMaps' (table row 59), column 'F1'",0.28,result
dna-pathogen-20261009-result-portik2022-ont-q20-zymo-d6300-metamaps-0-1-miniseq-h-fn,dna-pathogen-20261009-source-portik2022,"Table 4, dataset block 'ONT Q20 Zymo D6300 (10 species, even)', row 'MetaMaps' (table row 59), column 'False negatives'",1,result
dna-pathogen-20261009-result-portik2022-ont-q20-zymo-d6300-metamaps-0-1-miniseq-h-fp,dna-pathogen-20261009-source-portik2022,"Table 4, dataset block 'ONT Q20 Zymo D6300 (10 species, even)', row 'MetaMaps' (table row 59), column 'False positives'",45,result
dna-pathogen-20261009-result-portik2022-ont-q20-zymo-d6300-metamaps-0-1-miniseq-h-l1,dna-pathogen-20261009-source-portik2022,"Table 4, dataset block 'ONT Q20 Zymo D6300 (10 species, even)', row 'MetaMaps' (table row 59), column 'L1'",14.2,result
dna-pathogen-20261009-result-portik2022-ont-q20-zymo-d6300-metamaps-0-1-miniseq-h-precision,dna-pathogen-20261009-source-portik2022,"Table 4, dataset block 'ONT Q20 Zymo D6300 (10 species, even)', row 'MetaMaps' (table row 59), column 'Precision'",0.17,result
dna-pathogen-20261009-result-portik2022-ont-q20-zymo-d6300-metamaps-0-1-miniseq-h-recall,dna-pathogen-20261009-source-portik2022,"Table 4, dataset block 'ONT Q20 Zymo D6300 (10 species, even)', row 'MetaMaps' (table row 59), column 'Recall'",0.90,result
dna-pathogen-20261009-result-portik2022-ont-q20-zymo-d6300-metamaps-0-1-miniseq-h-tp,dna-pathogen-20261009-source-portik2022,"Table 4, dataset block 'ONT Q20 Zymo D6300 (10 species, even)', row 'MetaMaps' (table row 59), column 'True positives'",9,result
dna-pathogen-20261009-result-portik2022-ont-q20-zymo-d6300-metaphlan-3-0-7-mpa-v30-201901-f0-5,dna-pathogen-20261009-source-portik2022,"Table 4, dataset block 'ONT Q20 Zymo D6300 (10 species, even)', row 'MetaPhlAn3' (table row 55), column 'F0.5'",0.22,result
dna-pathogen-20261009-result-portik2022-ont-q20-zymo-d6300-metaphlan-3-0-7-mpa-v30-201901-f1,dna-pathogen-20261009-source-portik2022,"Table 4, dataset block 'ONT Q20 Zymo D6300 (10 species, even)', row 'MetaPhlAn3' (table row 55), column 'F1'",0.31,result
dna-pathogen-20261009-result-portik2022-ont-q20-zymo-d6300-metaphlan-3-0-7-mpa-v30-201901-fn,dna-pathogen-20261009-source-portik2022,"Table 4, dataset block 'ONT Q20 Zymo D6300 (10 species, even)', row 'MetaPhlAn3' (table row 55), column 'False negatives'",2,result
dna-pathogen-20261009-result-portik2022-ont-q20-zymo-d6300-metaphlan-3-0-7-mpa-v30-201901-fp,dna-pathogen-20261009-source-portik2022,"Table 4, dataset block 'ONT Q20 Zymo D6300 (10 species, even)', row 'MetaPhlAn3' (table row 55), column 'False positives'",34,result
dna-pathogen-20261009-result-portik2022-ont-q20-zymo-d6300-metaphlan-3-0-7-mpa-v30-201901-l1,dna-pathogen-20261009-source-portik2022,"Table 4, dataset block 'ONT Q20 Zymo D6300 (10 species, even)', row 'MetaPhlAn3' (table row 55), column 'L1'",61.5,result
dna-pathogen-20261009-result-portik2022-ont-q20-zymo-d6300-metaphlan-3-0-7-mpa-v30-201901-precision,dna-pathogen-20261009-source-portik2022,"Table 4, dataset block 'ONT Q20 Zymo D6300 (10 species, even)', row 'MetaPhlAn3' (table row 55), column 'Precision'",0.19,result
dna-pathogen-20261009-result-portik2022-ont-q20-zymo-d6300-metaphlan-3-0-7-mpa-v30-201901-recall,dna-pathogen-20261009-source-portik2022,"Table 4, dataset block 'ONT Q20 Zymo D6300 (10 species, even)', row 'MetaPhlAn3' (table row 55), column 'Recall'",0.80,result
dna-pathogen-20261009-result-portik2022-ont-q20-zymo-d6300-metaphlan-3-0-7-mpa-v30-201901-tp,dna-pathogen-20261009-source-portik2022,"Table 4, dataset block 'ONT Q20 Zymo D6300 (10 species, even)', row 'MetaPhlAn3' (table row 55), column 'True positives'",8,result
dna-pathogen-20261009-result-portik2022-ont-q20-zymo-d6300-mmseqs2-13-45111-nr-f0-5,dna-pathogen-20261009-source-portik2022,"Table 4, dataset block 'ONT Q20 Zymo D6300 (10 species, even)', row 'MMseqs2' (table row 60), column 'F0.5'",0.49,result
dna-pathogen-20261009-result-portik2022-ont-q20-zymo-d6300-mmseqs2-13-45111-nr-f1,dna-pathogen-20261009-source-portik2022,"Table 4, dataset block 'ONT Q20 Zymo D6300 (10 species, even)', row 'MMseqs2' (table row 60), column 'F1'",0.61,result
dna-pathogen-20261009-result-portik2022-ont-q20-zymo-d6300-mmseqs2-13-45111-nr-fn,dna-pathogen-20261009-source-portik2022,"Table 4, dataset block 'ONT Q20 Zymo D6300 (10 species, even)', row 'MMseqs2' (table row 60), column 'False negatives'",0,result
dna-pathogen-20261009-result-portik2022-ont-q20-zymo-d6300-mmseqs2-13-45111-nr-fp,dna-pathogen-20261009-source-portik2022,"Table 4, dataset block 'ONT Q20 Zymo D6300 (10 species, even)', row 'MMseqs2' (table row 60), column 'False positives'",13,result
dna-pathogen-20261009-result-portik2022-ont-q20-zymo-d6300-mmseqs2-13-45111-nr-l1,dna-pathogen-20261009-source-portik2022,"Table 4, dataset block 'ONT Q20 Zymo D6300 (10 species, even)', row 'MMseqs2' (table row 60), column 'L1'",63.9,result
dna-pathogen-20261009-result-portik2022-ont-q20-zymo-d6300-mmseqs2-13-45111-nr-precision,dna-pathogen-20261009-source-portik2022,"Table 4, dataset block 'ONT Q20 Zymo D6300 (10 species, even)', row 'MMseqs2' (table row 60), column 'Precision'",0.44,result
dna-pathogen-20261009-result-portik2022-ont-q20-zymo-d6300-mmseqs2-13-45111-nr-recall,dna-pathogen-20261009-source-portik2022,"Table 4, dataset block 'ONT Q20 Zymo D6300 (10 species, even)', row 'MMseqs2' (table row 60), column 'Recall'",1.00,result
dna-pathogen-20261009-result-portik2022-ont-q20-zymo-d6300-mmseqs2-13-45111-nr-tp,dna-pathogen-20261009-source-portik2022,"Table 4, dataset block 'ONT Q20 Zymo D6300 (10 species, even)', row 'MMseqs2' (table row 60), column 'True positives'",10,result
dna-pathogen-20261009-result-portik2022-ont-q20-zymo-d6300-motus2-3-0-3-f0-5,dna-pathogen-20261009-source-portik2022,"Table 4, dataset block 'ONT Q20 Zymo D6300 (10 species, even)', row 'mOTUs' (table row 56), column 'F0.5'",0.95,result
dna-pathogen-20261009-result-portik2022-ont-q20-zymo-d6300-motus2-3-0-3-f1,dna-pathogen-20261009-source-portik2022,"Table 4, dataset block 'ONT Q20 Zymo D6300 (10 species, even)', row 'mOTUs' (table row 56), column 'F1'",0.89,result
dna-pathogen-20261009-result-portik2022-ont-q20-zymo-d6300-motus2-3-0-3-fn,dna-pathogen-20261009-source-portik2022,"Table 4, dataset block 'ONT Q20 Zymo D6300 (10 species, even)', row 'mOTUs' (table row 56), column 'False negatives'",2,result
dna-pathogen-20261009-result-portik2022-ont-q20-zymo-d6300-motus2-3-0-3-fp,dna-pathogen-20261009-source-portik2022,"Table 4, dataset block 'ONT Q20 Zymo D6300 (10 species, even)', row 'mOTUs' (table row 56), column 'False positives'",0,result
dna-pathogen-20261009-result-portik2022-ont-q20-zymo-d6300-motus2-3-0-3-l1,dna-pathogen-20261009-source-portik2022,"Table 4, dataset block 'ONT Q20 Zymo D6300 (10 species, even)', row 'mOTUs' (table row 56), column 'L1'",65.1,result
dna-pathogen-20261009-result-portik2022-ont-q20-zymo-d6300-motus2-3-0-3-precision,dna-pathogen-20261009-source-portik2022,"Table 4, dataset block 'ONT Q20 Zymo D6300 (10 species, even)', row 'mOTUs' (table row 56), column 'Precision'",1.00,result
dna-pathogen-20261009-result-portik2022-ont-q20-zymo-d6300-motus2-3-0-3-recall,dna-pathogen-20261009-source-portik2022,"Table 4, dataset block 'ONT Q20 Zymo D6300 (10 species, even)', row 'mOTUs' (table row 56), column 'Recall'",0.80,result
dna-pathogen-20261009-result-portik2022-ont-q20-zymo-d6300-motus2-3-0-3-tp,dna-pathogen-20261009-source-portik2022,"Table 4, dataset block 'ONT Q20 Zymo D6300 (10 species, even)', row 'mOTUs' (table row 56), column 'True positives'",8,result
dna-pathogen-20261009-result-portik2022-ont-q20-zymo-d6300-sourmash-4-5-1-k31-genbank-2022-03-f0-5,dna-pathogen-20261009-source-portik2022,"Table 4, dataset block 'ONT Q20 Zymo D6300 (10 species, even)', row 'Sourmash-k31' (table row 57), column 'F0.5'",0.76,result
dna-pathogen-20261009-result-portik2022-ont-q20-zymo-d6300-sourmash-4-5-1-k31-genbank-2022-03-f1,dna-pathogen-20261009-source-portik2022,"Table 4, dataset block 'ONT Q20 Zymo D6300 (10 species, even)', row 'Sourmash-k31' (table row 57), column 'F1'",0.83,result
dna-pathogen-20261009-result-portik2022-ont-q20-zymo-d6300-sourmash-4-5-1-k31-genbank-2022-03-fn,dna-pathogen-20261009-source-portik2022,"Table 4, dataset block 'ONT Q20 Zymo D6300 (10 species, even)', row 'Sourmash-k31' (table row 57), column 'False negatives'",0,result
dna-pathogen-20261009-result-portik2022-ont-q20-zymo-d6300-sourmash-4-5-1-k31-genbank-2022-03-fp,dna-pathogen-20261009-source-portik2022,"Table 4, dataset block 'ONT Q20 Zymo D6300 (10 species, even)', row 'Sourmash-k31' (table row 57), column 'False positives'",4,result
dna-pathogen-20261009-result-portik2022-ont-q20-zymo-d6300-sourmash-4-5-1-k31-genbank-2022-03-l1,dna-pathogen-20261009-source-portik2022,"Table 4, dataset block 'ONT Q20 Zymo D6300 (10 species, even)', row 'Sourmash-k31' (table row 57), column 'L1'",55.3,result
dna-pathogen-20261009-result-portik2022-ont-q20-zymo-d6300-sourmash-4-5-1-k31-genbank-2022-03-precision,dna-pathogen-20261009-source-portik2022,"Table 4, dataset block 'ONT Q20 Zymo D6300 (10 species, even)', row 'Sourmash-k31' (table row 57), column 'Precision'",0.71,result
dna-pathogen-20261009-result-portik2022-ont-q20-zymo-d6300-sourmash-4-5-1-k31-genbank-2022-03-recall,dna-pathogen-20261009-source-portik2022,"Table 4, dataset block 'ONT Q20 Zymo D6300 (10 species, even)', row 'Sourmash-k31' (table row 57), column 'Recall'",1.00,result
dna-pathogen-20261009-result-portik2022-ont-q20-zymo-d6300-sourmash-4-5-1-k31-genbank-2022-03-tp,dna-pathogen-20261009-source-portik2022,"Table 4, dataset block 'ONT Q20 Zymo D6300 (10 species, even)', row 'Sourmash-k31' (table row 57), column 'True positives'",10,result
dna-pathogen-20261009-result-portik2022-ont-q20-zymo-d6300-sourmash-4-5-1-k51-genbank-2022-03-f0-5,dna-pathogen-20261009-source-portik2022,"Table 4, dataset block 'ONT Q20 Zymo D6300 (10 species, even)', row 'Sourmash-k51' (table row 58), column 'F0.5'",0.76,result
dna-pathogen-20261009-result-portik2022-ont-q20-zymo-d6300-sourmash-4-5-1-k51-genbank-2022-03-f1,dna-pathogen-20261009-source-portik2022,"Table 4, dataset block 'ONT Q20 Zymo D6300 (10 species, even)', row 'Sourmash-k51' (table row 58), column 'F1'",0.83,result
dna-pathogen-20261009-result-portik2022-ont-q20-zymo-d6300-sourmash-4-5-1-k51-genbank-2022-03-fn,dna-pathogen-20261009-source-portik2022,"Table 4, dataset block 'ONT Q20 Zymo D6300 (10 species, even)', row 'Sourmash-k51' (table row 58), column 'False negatives'",0,result
dna-pathogen-20261009-result-portik2022-ont-q20-zymo-d6300-sourmash-4-5-1-k51-genbank-2022-03-fp,dna-pathogen-20261009-source-portik2022,"Table 4, dataset block 'ONT Q20 Zymo D6300 (10 species, even)', row 'Sourmash-k51' (table row 58), column 'False positives'",4,result
dna-pathogen-20261009-result-portik2022-ont-q20-zymo-d6300-sourmash-4-5-1-k51-genbank-2022-03-l1,dna-pathogen-20261009-source-portik2022,"Table 4, dataset block 'ONT Q20 Zymo D6300 (10 species, even)', row 'Sourmash-k51' (table row 58), column 'L1'",41.5,result
dna-pathogen-20261009-result-portik2022-ont-q20-zymo-d6300-sourmash-4-5-1-k51-genbank-2022-03-precision,dna-pathogen-20261009-source-portik2022,"Table 4, dataset block 'ONT Q20 Zymo D6300 (10 species, even)', row 'Sourmash-k51' (table row 58), column 'Precision'",0.71,result
dna-pathogen-20261009-result-portik2022-ont-q20-zymo-d6300-sourmash-4-5-1-k51-genbank-2022-03-recall,dna-pathogen-20261009-source-portik2022,"Table 4, dataset block 'ONT Q20 Zymo D6300 (10 species, even)', row 'Sourmash-k51' (table row 58), column 'Recall'",1.00,result
dna-pathogen-20261009-result-portik2022-ont-q20-zymo-d6300-sourmash-4-5-1-k51-genbank-2022-03-tp,dna-pathogen-20261009-source-portik2022,"Table 4, dataset block 'ONT Q20 Zymo D6300 (10 species, even)', row 'Sourmash-k51' (table row 58), column 'True positives'",10,result
dna-pathogen-20261009-result-portik2022-ont-r10-zymo-d6300-bracken-2-6-0-pluspf-f0-5,dna-pathogen-20261009-source-portik2022,"Table 4, dataset block 'ONT R10 Zymo D6300 (10 species, even)', row 'Bracken' (table row 38), column 'F0.5'",0.22,result
dna-pathogen-20261009-result-portik2022-ont-r10-zymo-d6300-bracken-2-6-0-pluspf-f1,dna-pathogen-20261009-source-portik2022,"Table 4, dataset block 'ONT R10 Zymo D6300 (10 species, even)', row 'Bracken' (table row 38), column 'F1'",0.31,result
dna-pathogen-20261009-result-portik2022-ont-r10-zymo-d6300-bracken-2-6-0-pluspf-fn,dna-pathogen-20261009-source-portik2022,"Table 4, dataset block 'ONT R10 Zymo D6300 (10 species, even)', row 'Bracken' (table row 38), column 'False negatives'",0,result
dna-pathogen-20261009-result-portik2022-ont-r10-zymo-d6300-bracken-2-6-0-pluspf-fp,dna-pathogen-20261009-source-portik2022,"Table 4, dataset block 'ONT R10 Zymo D6300 (10 species, even)', row 'Bracken' (table row 38), column 'False positives'",44,result
dna-pathogen-20261009-result-portik2022-ont-r10-zymo-d6300-bracken-2-6-0-pluspf-l1,dna-pathogen-20261009-source-portik2022,"Table 4, dataset block 'ONT R10 Zymo D6300 (10 species, even)', row 'Bracken' (table row 38), column 'L1'",21.5,result
dna-pathogen-20261009-result-portik2022-ont-r10-zymo-d6300-bracken-2-6-0-pluspf-precision,dna-pathogen-20261009-source-portik2022,"Table 4, dataset block 'ONT R10 Zymo D6300 (10 species, even)', row 'Bracken' (table row 38), column 'Precision'",0.19,result
dna-pathogen-20261009-result-portik2022-ont-r10-zymo-d6300-bracken-2-6-0-pluspf-recall,dna-pathogen-20261009-source-portik2022,"Table 4, dataset block 'ONT R10 Zymo D6300 (10 species, even)', row 'Bracken' (table row 38), column 'Recall'",1.00,result
dna-pathogen-20261009-result-portik2022-ont-r10-zymo-d6300-bracken-2-6-0-pluspf-tp,dna-pathogen-20261009-source-portik2022,"Table 4, dataset block 'ONT R10 Zymo D6300 (10 species, even)', row 'Bracken' (table row 38), column 'True positives'",10,result
dna-pathogen-20261009-result-portik2022-ont-r10-zymo-d6300-bugseq-v2-nt-f0-5,dna-pathogen-20261009-source-portik2022,"Table 4, dataset block 'ONT R10 Zymo D6300 (10 species, even)', row 'BugSeq-V2' (table row 50), column 'F0.5'",0.93,result
dna-pathogen-20261009-result-portik2022-ont-r10-zymo-d6300-bugseq-v2-nt-f1,dna-pathogen-20261009-source-portik2022,"Table 4, dataset block 'ONT R10 Zymo D6300 (10 species, even)', row 'BugSeq-V2' (table row 50), column 'F1'",0.95,result
dna-pathogen-20261009-result-portik2022-ont-r10-zymo-d6300-bugseq-v2-nt-fn,dna-pathogen-20261009-source-portik2022,"Table 4, dataset block 'ONT R10 Zymo D6300 (10 species, even)', row 'BugSeq-V2' (table row 50), column 'False negatives'",0,result
dna-pathogen-20261009-result-portik2022-ont-r10-zymo-d6300-bugseq-v2-nt-fp,dna-pathogen-20261009-source-portik2022,"Table 4, dataset block 'ONT R10 Zymo D6300 (10 species, even)', row 'BugSeq-V2' (table row 50), column 'False positives'",1,result
dna-pathogen-20261009-result-portik2022-ont-r10-zymo-d6300-bugseq-v2-nt-l1,dna-pathogen-20261009-source-portik2022,"Table 4, dataset block 'ONT R10 Zymo D6300 (10 species, even)', row 'BugSeq-V2' (table row 50), column 'L1'",19.4,result
dna-pathogen-20261009-result-portik2022-ont-r10-zymo-d6300-bugseq-v2-nt-precision,dna-pathogen-20261009-source-portik2022,"Table 4, dataset block 'ONT R10 Zymo D6300 (10 species, even)', row 'BugSeq-V2' (table row 50), column 'Precision'",0.91,result
dna-pathogen-20261009-result-portik2022-ont-r10-zymo-d6300-bugseq-v2-nt-recall,dna-pathogen-20261009-source-portik2022,"Table 4, dataset block 'ONT R10 Zymo D6300 (10 species, even)', row 'BugSeq-V2' (table row 50), column 'Recall'",1.00,result
dna-pathogen-20261009-result-portik2022-ont-r10-zymo-d6300-bugseq-v2-nt-tp,dna-pathogen-20261009-source-portik2022,"Table 4, dataset block 'ONT R10 Zymo D6300 (10 species, even)', row 'BugSeq-V2' (table row 50), column 'True positives'",10,result
dna-pathogen-20261009-result-portik2022-ont-r10-zymo-d6300-centrifuge-1-0-4-h22-abvf-f0-5,dna-pathogen-20261009-source-portik2022,"Table 4, dataset block 'ONT R10 Zymo D6300 (10 species, even)', row 'Centrifuge-h22' (table row 39), column 'F0.5'",0.13,result
dna-pathogen-20261009-result-portik2022-ont-r10-zymo-d6300-centrifuge-1-0-4-h22-abvf-f1,dna-pathogen-20261009-source-portik2022,"Table 4, dataset block 'ONT R10 Zymo D6300 (10 species, even)', row 'Centrifuge-h22' (table row 39), column 'F1'",0.19,result
dna-pathogen-20261009-result-portik2022-ont-r10-zymo-d6300-centrifuge-1-0-4-h22-abvf-fn,dna-pathogen-20261009-source-portik2022,"Table 4, dataset block 'ONT R10 Zymo D6300 (10 species, even)', row 'Centrifuge-h22' (table row 39), column 'False negatives'",2,result
dna-pathogen-20261009-result-portik2022-ont-r10-zymo-d6300-centrifuge-1-0-4-h22-abvf-fp,dna-pathogen-20261009-source-portik2022,"Table 4, dataset block 'ONT R10 Zymo D6300 (10 species, even)', row 'Centrifuge-h22' (table row 39), column 'False positives'",65,result
dna-pathogen-20261009-result-portik2022-ont-r10-zymo-d6300-centrifuge-1-0-4-h22-abvf-l1,dna-pathogen-20261009-source-portik2022,"Table 4, dataset block 'ONT R10 Zymo D6300 (10 species, even)', row 'Centrifuge-h22' (table row 39), column 'L1'",34.9,result
dna-pathogen-20261009-result-portik2022-ont-r10-zymo-d6300-centrifuge-1-0-4-h22-abvf-precision,dna-pathogen-20261009-source-portik2022,"Table 4, dataset block 'ONT R10 Zymo D6300 (10 species, even)', row 'Centrifuge-h22' (table row 39), column 'Precision'",0.11,result
dna-pathogen-20261009-result-portik2022-ont-r10-zymo-d6300-centrifuge-1-0-4-h22-abvf-recall,dna-pathogen-20261009-source-portik2022,"Table 4, dataset block 'ONT R10 Zymo D6300 (10 species, even)', row 'Centrifuge-h22' (table row 39), column 'Recall'",0.80,result
dna-pathogen-20261009-result-portik2022-ont-r10-zymo-d6300-centrifuge-1-0-4-h22-abvf-tp,dna-pathogen-20261009-source-portik2022,"Table 4, dataset block 'ONT R10 Zymo D6300 (10 species, even)', row 'Centrifuge-h22' (table row 39), column 'True positives'",8,result
dna-pathogen-20261009-result-portik2022-ont-r10-zymo-d6300-centrifuge-1-0-4-h500-abvf-f0-5,dna-pathogen-20261009-source-portik2022,"Table 4, dataset block 'ONT R10 Zymo D6300 (10 species, even)', row 'Centrifuge-h500' (table row 40), column 'F0.5'",0.95,result
dna-pathogen-20261009-result-portik2022-ont-r10-zymo-d6300-centrifuge-1-0-4-h500-abvf-f1,dna-pathogen-20261009-source-portik2022,"Table 4, dataset block 'ONT R10 Zymo D6300 (10 species, even)', row 'Centrifuge-h500' (table row 40), column 'F1'",0.89,result
dna-pathogen-20261009-result-portik2022-ont-r10-zymo-d6300-centrifuge-1-0-4-h500-abvf-fn,dna-pathogen-20261009-source-portik2022,"Table 4, dataset block 'ONT R10 Zymo D6300 (10 species, even)', row 'Centrifuge-h500' (table row 40), column 'False negatives'",2,result
dna-pathogen-20261009-result-portik2022-ont-r10-zymo-d6300-centrifuge-1-0-4-h500-abvf-fp,dna-pathogen-20261009-source-portik2022,"Table 4, dataset block 'ONT R10 Zymo D6300 (10 species, even)', row 'Centrifuge-h500' (table row 40), column 'False positives'",0,result
dna-pathogen-20261009-result-portik2022-ont-r10-zymo-d6300-centrifuge-1-0-4-h500-abvf-l1,dna-pathogen-20261009-source-portik2022,"Table 4, dataset block 'ONT R10 Zymo D6300 (10 species, even)', row 'Centrifuge-h500' (table row 40), column 'L1'",79.7,result
dna-pathogen-20261009-result-portik2022-ont-r10-zymo-d6300-centrifuge-1-0-4-h500-abvf-precision,dna-pathogen-20261009-source-portik2022,"Table 4, dataset block 'ONT R10 Zymo D6300 (10 species, even)', row 'Centrifuge-h500' (table row 40), column 'Precision'",1.00,result
dna-pathogen-20261009-result-portik2022-ont-r10-zymo-d6300-centrifuge-1-0-4-h500-abvf-recall,dna-pathogen-20261009-source-portik2022,"Table 4, dataset block 'ONT R10 Zymo D6300 (10 species, even)', row 'Centrifuge-h500' (table row 40), column 'Recall'",0.80,result
dna-pathogen-20261009-result-portik2022-ont-r10-zymo-d6300-centrifuge-1-0-4-h500-abvf-tp,dna-pathogen-20261009-source-portik2022,"Table 4, dataset block 'ONT R10 Zymo D6300 (10 species, even)', row 'Centrifuge-h500' (table row 40), column 'True positives'",8,result
dna-pathogen-20261009-result-portik2022-ont-r10-zymo-d6300-kraken2-2-1-1-pluspf-f0-5,dna-pathogen-20261009-source-portik2022,"Table 4, dataset block 'ONT R10 Zymo D6300 (10 species, even)', row 'Kraken2' (table row 37), column 'F0.5'",0.07,result
dna-pathogen-20261009-result-portik2022-ont-r10-zymo-d6300-kraken2-2-1-1-pluspf-f1,dna-pathogen-20261009-source-portik2022,"Table 4, dataset block 'ONT R10 Zymo D6300 (10 species, even)', row 'Kraken2' (table row 37), column 'F1'",0.11,result
dna-pathogen-20261009-result-portik2022-ont-r10-zymo-d6300-kraken2-2-1-1-pluspf-fn,dna-pathogen-20261009-source-portik2022,"Table 4, dataset block 'ONT R10 Zymo D6300 (10 species, even)', row 'Kraken2' (table row 37), column 'False negatives'",0,result
dna-pathogen-20261009-result-portik2022-ont-r10-zymo-d6300-kraken2-2-1-1-pluspf-fp,dna-pathogen-20261009-source-portik2022,"Table 4, dataset block 'ONT R10 Zymo D6300 (10 species, even)', row 'Kraken2' (table row 37), column 'False positives'",156,result
dna-pathogen-20261009-result-portik2022-ont-r10-zymo-d6300-kraken2-2-1-1-pluspf-l1,dna-pathogen-20261009-source-portik2022,"Table 4, dataset block 'ONT R10 Zymo D6300 (10 species, even)', row 'Kraken2' (table row 37), column 'L1'",22.3,result
dna-pathogen-20261009-result-portik2022-ont-r10-zymo-d6300-kraken2-2-1-1-pluspf-precision,dna-pathogen-20261009-source-portik2022,"Table 4, dataset block 'ONT R10 Zymo D6300 (10 species, even)', row 'Kraken2' (table row 37), column 'Precision'",0.06,result
dna-pathogen-20261009-result-portik2022-ont-r10-zymo-d6300-kraken2-2-1-1-pluspf-recall,dna-pathogen-20261009-source-portik2022,"Table 4, dataset block 'ONT R10 Zymo D6300 (10 species, even)', row 'Kraken2' (table row 37), column 'Recall'",1.00,result
dna-pathogen-20261009-result-portik2022-ont-r10-zymo-d6300-kraken2-2-1-1-pluspf-tp,dna-pathogen-20261009-source-portik2022,"Table 4, dataset block 'ONT R10 Zymo D6300 (10 species, even)', row 'Kraken2' (table row 37), column 'True positives'",10,result
dna-pathogen-20261009-result-portik2022-ont-r10-zymo-d6300-megan-lr-nuc-hifi-minimap2-nt-f0-5,dna-pathogen-20261009-source-portik2022,"Table 4, dataset block 'ONT R10 Zymo D6300 (10 species, even)', row 'MEGAN-LR-Nuc-HiFi' (table row 48), column 'F0.5'",1.00,result
dna-pathogen-20261009-result-portik2022-ont-r10-zymo-d6300-megan-lr-nuc-hifi-minimap2-nt-f1,dna-pathogen-20261009-source-portik2022,"Table 4, dataset block 'ONT R10 Zymo D6300 (10 species, even)', row 'MEGAN-LR-Nuc-HiFi' (table row 48), column 'F1'",1.00,result
dna-pathogen-20261009-result-portik2022-ont-r10-zymo-d6300-megan-lr-nuc-hifi-minimap2-nt-fn,dna-pathogen-20261009-source-portik2022,"Table 4, dataset block 'ONT R10 Zymo D6300 (10 species, even)', row 'MEGAN-LR-Nuc-HiFi' (table row 48), column 'False negatives'",0,result
dna-pathogen-20261009-result-portik2022-ont-r10-zymo-d6300-megan-lr-nuc-hifi-minimap2-nt-fp,dna-pathogen-20261009-source-portik2022,"Table 4, dataset block 'ONT R10 Zymo D6300 (10 species, even)', row 'MEGAN-LR-Nuc-HiFi' (table row 48), column 'False positives'",0,result
dna-pathogen-20261009-result-portik2022-ont-r10-zymo-d6300-megan-lr-nuc-hifi-minimap2-nt-l1,dna-pathogen-20261009-source-portik2022,"Table 4, dataset block 'ONT R10 Zymo D6300 (10 species, even)', row 'MEGAN-LR-Nuc-HiFi' (table row 48), column 'L1'",80.6,result
dna-pathogen-20261009-result-portik2022-ont-r10-zymo-d6300-megan-lr-nuc-hifi-minimap2-nt-precision,dna-pathogen-20261009-source-portik2022,"Table 4, dataset block 'ONT R10 Zymo D6300 (10 species, even)', row 'MEGAN-LR-Nuc-HiFi' (table row 48), column 'Precision'",1.00,result
dna-pathogen-20261009-result-portik2022-ont-r10-zymo-d6300-megan-lr-nuc-hifi-minimap2-nt-recall,dna-pathogen-20261009-source-portik2022,"Table 4, dataset block 'ONT R10 Zymo D6300 (10 species, even)', row 'MEGAN-LR-Nuc-HiFi' (table row 48), column 'Recall'",1.00,result
dna-pathogen-20261009-result-portik2022-ont-r10-zymo-d6300-megan-lr-nuc-hifi-minimap2-nt-tp,dna-pathogen-20261009-source-portik2022,"Table 4, dataset block 'ONT R10 Zymo D6300 (10 species, even)', row 'MEGAN-LR-Nuc-HiFi' (table row 48), column 'True positives'",10,result
dna-pathogen-20261009-result-portik2022-ont-r10-zymo-d6300-megan-lr-nuc-ont-minimap2-nt-f0-5,dna-pathogen-20261009-source-portik2022,"Table 4, dataset block 'ONT R10 Zymo D6300 (10 species, even)', row 'MEGAN-LR-Nuc-ONT' (table row 49), column 'F0.5'",1.00,result
dna-pathogen-20261009-result-portik2022-ont-r10-zymo-d6300-megan-lr-nuc-ont-minimap2-nt-f1,dna-pathogen-20261009-source-portik2022,"Table 4, dataset block 'ONT R10 Zymo D6300 (10 species, even)', row 'MEGAN-LR-Nuc-ONT' (table row 49), column 'F1'",1.00,result
dna-pathogen-20261009-result-portik2022-ont-r10-zymo-d6300-megan-lr-nuc-ont-minimap2-nt-fn,dna-pathogen-20261009-source-portik2022,"Table 4, dataset block 'ONT R10 Zymo D6300 (10 species, even)', row 'MEGAN-LR-Nuc-ONT' (table row 49), column 'False negatives'",0,result
dna-pathogen-20261009-result-portik2022-ont-r10-zymo-d6300-megan-lr-nuc-ont-minimap2-nt-fp,dna-pathogen-20261009-source-portik2022,"Table 4, dataset block 'ONT R10 Zymo D6300 (10 species, even)', row 'MEGAN-LR-Nuc-ONT' (table row 49), column 'False positives'",0,result
dna-pathogen-20261009-result-portik2022-ont-r10-zymo-d6300-megan-lr-nuc-ont-minimap2-nt-l1,dna-pathogen-20261009-source-portik2022,"Table 4, dataset block 'ONT R10 Zymo D6300 (10 species, even)', row 'MEGAN-LR-Nuc-ONT' (table row 49), column 'L1'",81.0,result
dna-pathogen-20261009-result-portik2022-ont-r10-zymo-d6300-megan-lr-nuc-ont-minimap2-nt-precision,dna-pathogen-20261009-source-portik2022,"Table 4, dataset block 'ONT R10 Zymo D6300 (10 species, even)', row 'MEGAN-LR-Nuc-ONT' (table row 49), column 'Precision'",1.00,result
dna-pathogen-20261009-result-portik2022-ont-r10-zymo-d6300-megan-lr-nuc-ont-minimap2-nt-recall,dna-pathogen-20261009-source-portik2022,"Table 4, dataset block 'ONT R10 Zymo D6300 (10 species, even)', row 'MEGAN-LR-Nuc-ONT' (table row 49), column 'Recall'",1.00,result
dna-pathogen-20261009-result-portik2022-ont-r10-zymo-d6300-megan-lr-nuc-ont-minimap2-nt-tp,dna-pathogen-20261009-source-portik2022,"Table 4, dataset block 'ONT R10 Zymo D6300 (10 species, even)', row 'MEGAN-LR-Nuc-ONT' (table row 49), column 'True positives'",10,result
dna-pathogen-20261009-result-portik2022-ont-r10-zymo-d6300-megan-lr-prot-diamond-nr-f0-5,dna-pathogen-20261009-source-portik2022,"Table 4, dataset block 'ONT R10 Zymo D6300 (10 species, even)', row 'MEGAN-LR-Prot' (table row 47), column 'F0.5'",1.00,result
dna-pathogen-20261009-result-portik2022-ont-r10-zymo-d6300-megan-lr-prot-diamond-nr-f1,dna-pathogen-20261009-source-portik2022,"Table 4, dataset block 'ONT R10 Zymo D6300 (10 species, even)', row 'MEGAN-LR-Prot' (table row 47), column 'F1'",1.00,result
dna-pathogen-20261009-result-portik2022-ont-r10-zymo-d6300-megan-lr-prot-diamond-nr-fn,dna-pathogen-20261009-source-portik2022,"Table 4, dataset block 'ONT R10 Zymo D6300 (10 species, even)', row 'MEGAN-LR-Prot' (table row 47), column 'False negatives'",0,result
dna-pathogen-20261009-result-portik2022-ont-r10-zymo-d6300-megan-lr-prot-diamond-nr-fp,dna-pathogen-20261009-source-portik2022,"Table 4, dataset block 'ONT R10 Zymo D6300 (10 species, even)', row 'MEGAN-LR-Prot' (table row 47), column 'False positives'",0,result
dna-pathogen-20261009-result-portik2022-ont-r10-zymo-d6300-megan-lr-prot-diamond-nr-l1,dna-pathogen-20261009-source-portik2022,"Table 4, dataset block 'ONT R10 Zymo D6300 (10 species, even)', row 'MEGAN-LR-Prot' (table row 47), column 'L1'",61.6,result
dna-pathogen-20261009-result-portik2022-ont-r10-zymo-d6300-megan-lr-prot-diamond-nr-precision,dna-pathogen-20261009-source-portik2022,"Table 4, dataset block 'ONT R10 Zymo D6300 (10 species, even)', row 'MEGAN-LR-Prot' (table row 47), column 'Precision'",1.00,result
dna-pathogen-20261009-result-portik2022-ont-r10-zymo-d6300-megan-lr-prot-diamond-nr-recall,dna-pathogen-20261009-source-portik2022,"Table 4, dataset block 'ONT R10 Zymo D6300 (10 species, even)', row 'MEGAN-LR-Prot' (table row 47), column 'Recall'",1.00,result
dna-pathogen-20261009-result-portik2022-ont-r10-zymo-d6300-megan-lr-prot-diamond-nr-tp,dna-pathogen-20261009-source-portik2022,"Table 4, dataset block 'ONT R10 Zymo D6300 (10 species, even)', row 'MEGAN-LR-Prot' (table row 47), column 'True positives'",10,result
dna-pathogen-20261009-result-portik2022-ont-r10-zymo-d6300-metamaps-0-1-miniseq-h-f0-5,dna-pathogen-20261009-source-portik2022,"Table 4, dataset block 'ONT R10 Zymo D6300 (10 species, even)', row 'MetaMaps' (table row 45), column 'F0.5'",0.21,result
dna-pathogen-20261009-result-portik2022-ont-r10-zymo-d6300-metamaps-0-1-miniseq-h-f1,dna-pathogen-20261009-source-portik2022,"Table 4, dataset block 'ONT R10 Zymo D6300 (10 species, even)', row 'MetaMaps' (table row 45), column 'F1'",0.30,result
dna-pathogen-20261009-result-portik2022-ont-r10-zymo-d6300-metamaps-0-1-miniseq-h-fn,dna-pathogen-20261009-source-portik2022,"Table 4, dataset block 'ONT R10 Zymo D6300 (10 species, even)', row 'MetaMaps' (table row 45), column 'False negatives'",1,result
dna-pathogen-20261009-result-portik2022-ont-r10-zymo-d6300-metamaps-0-1-miniseq-h-fp,dna-pathogen-20261009-source-portik2022,"Table 4, dataset block 'ONT R10 Zymo D6300 (10 species, even)', row 'MetaMaps' (table row 45), column 'False positives'",41,result
dna-pathogen-20261009-result-portik2022-ont-r10-zymo-d6300-metamaps-0-1-miniseq-h-l1,dna-pathogen-20261009-source-portik2022,"Table 4, dataset block 'ONT R10 Zymo D6300 (10 species, even)', row 'MetaMaps' (table row 45), column 'L1'",22.8,result
dna-pathogen-20261009-result-portik2022-ont-r10-zymo-d6300-metamaps-0-1-miniseq-h-precision,dna-pathogen-20261009-source-portik2022,"Table 4, dataset block 'ONT R10 Zymo D6300 (10 species, even)', row 'MetaMaps' (table row 45), column 'Precision'",0.18,result
dna-pathogen-20261009-result-portik2022-ont-r10-zymo-d6300-metamaps-0-1-miniseq-h-recall,dna-pathogen-20261009-source-portik2022,"Table 4, dataset block 'ONT R10 Zymo D6300 (10 species, even)', row 'MetaMaps' (table row 45), column 'Recall'",0.90,result
dna-pathogen-20261009-result-portik2022-ont-r10-zymo-d6300-metamaps-0-1-miniseq-h-tp,dna-pathogen-20261009-source-portik2022,"Table 4, dataset block 'ONT R10 Zymo D6300 (10 species, even)', row 'MetaMaps' (table row 45), column 'True positives'",9,result
dna-pathogen-20261009-result-portik2022-ont-r10-zymo-d6300-metaphlan-3-0-7-mpa-v30-201901-f0-5,dna-pathogen-20261009-source-portik2022,"Table 4, dataset block 'ONT R10 Zymo D6300 (10 species, even)', row 'MetaPhlAn3' (table row 41), column 'F0.5'",0.34,result
dna-pathogen-20261009-result-portik2022-ont-r10-zymo-d6300-metaphlan-3-0-7-mpa-v30-201901-f1,dna-pathogen-20261009-source-portik2022,"Table 4, dataset block 'ONT R10 Zymo D6300 (10 species, even)', row 'MetaPhlAn3' (table row 41), column 'F1'",0.43,result
dna-pathogen-20261009-result-portik2022-ont-r10-zymo-d6300-metaphlan-3-0-7-mpa-v30-201901-fn,dna-pathogen-20261009-source-portik2022,"Table 4, dataset block 'ONT R10 Zymo D6300 (10 species, even)', row 'MetaPhlAn3' (table row 41), column 'False negatives'",2,result
dna-pathogen-20261009-result-portik2022-ont-r10-zymo-d6300-metaphlan-3-0-7-mpa-v30-201901-fp,dna-pathogen-20261009-source-portik2022,"Table 4, dataset block 'ONT R10 Zymo D6300 (10 species, even)', row 'MetaPhlAn3' (table row 41), column 'False positives'",19,result
dna-pathogen-20261009-result-portik2022-ont-r10-zymo-d6300-metaphlan-3-0-7-mpa-v30-201901-l1,dna-pathogen-20261009-source-portik2022,"Table 4, dataset block 'ONT R10 Zymo D6300 (10 species, even)', row 'MetaPhlAn3' (table row 41), column 'L1'",67.1,result
dna-pathogen-20261009-result-portik2022-ont-r10-zymo-d6300-metaphlan-3-0-7-mpa-v30-201901-precision,dna-pathogen-20261009-source-portik2022,"Table 4, dataset block 'ONT R10 Zymo D6300 (10 species, even)', row 'MetaPhlAn3' (table row 41), column 'Precision'",0.30,result
dna-pathogen-20261009-result-portik2022-ont-r10-zymo-d6300-metaphlan-3-0-7-mpa-v30-201901-recall,dna-pathogen-20261009-source-portik2022,"Table 4, dataset block 'ONT R10 Zymo D6300 (10 species, even)', row 'MetaPhlAn3' (table row 41), column 'Recall'",0.80,result
dna-pathogen-20261009-result-portik2022-ont-r10-zymo-d6300-metaphlan-3-0-7-mpa-v30-201901-tp,dna-pathogen-20261009-source-portik2022,"Table 4, dataset block 'ONT R10 Zymo D6300 (10 species, even)', row 'MetaPhlAn3' (table row 41), column 'True positives'",8,result
dna-pathogen-20261009-result-portik2022-ont-r10-zymo-d6300-mmseqs2-13-45111-nr-f0-5,dna-pathogen-20261009-source-portik2022,"Table 4, dataset block 'ONT R10 Zymo D6300 (10 species, even)', row 'MMseqs2' (table row 46), column 'F0.5'",0.25,result
dna-pathogen-20261009-result-portik2022-ont-r10-zymo-d6300-mmseqs2-13-45111-nr-f1,dna-pathogen-20261009-source-portik2022,"Table 4, dataset block 'ONT R10 Zymo D6300 (10 species, even)', row 'MMseqs2' (table row 46), column 'F1'",0.34,result
dna-pathogen-20261009-result-portik2022-ont-r10-zymo-d6300-mmseqs2-13-45111-nr-fn,dna-pathogen-20261009-source-portik2022,"Table 4, dataset block 'ONT R10 Zymo D6300 (10 species, even)', row 'MMseqs2' (table row 46), column 'False negatives'",0,result
dna-pathogen-20261009-result-portik2022-ont-r10-zymo-d6300-mmseqs2-13-45111-nr-fp,dna-pathogen-20261009-source-portik2022,"Table 4, dataset block 'ONT R10 Zymo D6300 (10 species, even)', row 'MMseqs2' (table row 46), column 'False positives'",38,result
dna-pathogen-20261009-result-portik2022-ont-r10-zymo-d6300-mmseqs2-13-45111-nr-l1,dna-pathogen-20261009-source-portik2022,"Table 4, dataset block 'ONT R10 Zymo D6300 (10 species, even)', row 'MMseqs2' (table row 46), column 'L1'",68.2,result
dna-pathogen-20261009-result-portik2022-ont-r10-zymo-d6300-mmseqs2-13-45111-nr-precision,dna-pathogen-20261009-source-portik2022,"Table 4, dataset block 'ONT R10 Zymo D6300 (10 species, even)', row 'MMseqs2' (table row 46), column 'Precision'",0.21,result
dna-pathogen-20261009-result-portik2022-ont-r10-zymo-d6300-mmseqs2-13-45111-nr-recall,dna-pathogen-20261009-source-portik2022,"Table 4, dataset block 'ONT R10 Zymo D6300 (10 species, even)', row 'MMseqs2' (table row 46), column 'Recall'",1.00,result
dna-pathogen-20261009-result-portik2022-ont-r10-zymo-d6300-mmseqs2-13-45111-nr-tp,dna-pathogen-20261009-source-portik2022,"Table 4, dataset block 'ONT R10 Zymo D6300 (10 species, even)', row 'MMseqs2' (table row 46), column 'True positives'",10,result
dna-pathogen-20261009-result-portik2022-ont-r10-zymo-d6300-motus2-3-0-3-f0-5,dna-pathogen-20261009-source-portik2022,"Table 4, dataset block 'ONT R10 Zymo D6300 (10 species, even)', row 'mOTUs' (table row 42), column 'F0.5'",0.95,result
dna-pathogen-20261009-result-portik2022-ont-r10-zymo-d6300-motus2-3-0-3-f1,dna-pathogen-20261009-source-portik2022,"Table 4, dataset block 'ONT R10 Zymo D6300 (10 species, even)', row 'mOTUs' (table row 42), column 'F1'",0.89,result
dna-pathogen-20261009-result-portik2022-ont-r10-zymo-d6300-motus2-3-0-3-fn,dna-pathogen-20261009-source-portik2022,"Table 4, dataset block 'ONT R10 Zymo D6300 (10 species, even)', row 'mOTUs' (table row 42), column 'False negatives'",2,result
dna-pathogen-20261009-result-portik2022-ont-r10-zymo-d6300-motus2-3-0-3-fp,dna-pathogen-20261009-source-portik2022,"Table 4, dataset block 'ONT R10 Zymo D6300 (10 species, even)', row 'mOTUs' (table row 42), column 'False positives'",0,result
dna-pathogen-20261009-result-portik2022-ont-r10-zymo-d6300-motus2-3-0-3-l1,dna-pathogen-20261009-source-portik2022,"Table 4, dataset block 'ONT R10 Zymo D6300 (10 species, even)', row 'mOTUs' (table row 42), column 'L1'",20.3,result
dna-pathogen-20261009-result-portik2022-ont-r10-zymo-d6300-motus2-3-0-3-precision,dna-pathogen-20261009-source-portik2022,"Table 4, dataset block 'ONT R10 Zymo D6300 (10 species, even)', row 'mOTUs' (table row 42), column 'Precision'",1,result
dna-pathogen-20261009-result-portik2022-ont-r10-zymo-d6300-motus2-3-0-3-recall,dna-pathogen-20261009-source-portik2022,"Table 4, dataset block 'ONT R10 Zymo D6300 (10 species, even)', row 'mOTUs' (table row 42), column 'Recall'",0.80,result
dna-pathogen-20261009-result-portik2022-ont-r10-zymo-d6300-motus2-3-0-3-tp,dna-pathogen-20261009-source-portik2022,"Table 4, dataset block 'ONT R10 Zymo D6300 (10 species, even)', row 'mOTUs' (table row 42), column 'True positives'",8,result
dna-pathogen-20261009-result-portik2022-ont-r10-zymo-d6300-sourmash-4-5-1-k31-genbank-2022-03-f0-5,dna-pathogen-20261009-source-portik2022,"Table 4, dataset block 'ONT R10 Zymo D6300 (10 species, even)', row 'Sourmash-k31' (table row 43), column 'F0.5'",0.53,result
dna-pathogen-20261009-result-portik2022-ont-r10-zymo-d6300-sourmash-4-5-1-k31-genbank-2022-03-f1,dna-pathogen-20261009-source-portik2022,"Table 4, dataset block 'ONT R10 Zymo D6300 (10 species, even)', row 'Sourmash-k31' (table row 43), column 'F1'",0.64,result
dna-pathogen-20261009-result-portik2022-ont-r10-zymo-d6300-sourmash-4-5-1-k31-genbank-2022-03-fn,dna-pathogen-20261009-source-portik2022,"Table 4, dataset block 'ONT R10 Zymo D6300 (10 species, even)', row 'Sourmash-k31' (table row 43), column 'False negatives'",0,result
dna-pathogen-20261009-result-portik2022-ont-r10-zymo-d6300-sourmash-4-5-1-k31-genbank-2022-03-fp,dna-pathogen-20261009-source-portik2022,"Table 4, dataset block 'ONT R10 Zymo D6300 (10 species, even)', row 'Sourmash-k31' (table row 43), column 'False positives'",11,result
dna-pathogen-20261009-result-portik2022-ont-r10-zymo-d6300-sourmash-4-5-1-k31-genbank-2022-03-l1,dna-pathogen-20261009-source-portik2022,"Table 4, dataset block 'ONT R10 Zymo D6300 (10 species, even)', row 'Sourmash-k31' (table row 43), column 'L1'",47.7,result
dna-pathogen-20261009-result-portik2022-ont-r10-zymo-d6300-sourmash-4-5-1-k31-genbank-2022-03-precision,dna-pathogen-20261009-source-portik2022,"Table 4, dataset block 'ONT R10 Zymo D6300 (10 species, even)', row 'Sourmash-k31' (table row 43), column 'Precision'",0.47,result
dna-pathogen-20261009-result-portik2022-ont-r10-zymo-d6300-sourmash-4-5-1-k31-genbank-2022-03-recall,dna-pathogen-20261009-source-portik2022,"Table 4, dataset block 'ONT R10 Zymo D6300 (10 species, even)', row 'Sourmash-k31' (table row 43), column 'Recall'",1.00,result
dna-pathogen-20261009-result-portik2022-ont-r10-zymo-d6300-sourmash-4-5-1-k31-genbank-2022-03-tp,dna-pathogen-20261009-source-portik2022,"Table 4, dataset block 'ONT R10 Zymo D6300 (10 species, even)', row 'Sourmash-k31' (table row 43), column 'True positives'",10,result
dna-pathogen-20261009-result-portik2022-ont-r10-zymo-d6300-sourmash-4-5-1-k51-genbank-2022-03-f0-5,dna-pathogen-20261009-source-portik2022,"Table 4, dataset block 'ONT R10 Zymo D6300 (10 species, even)', row 'Sourmash-k51' (table row 44), column 'F0.5'",0.81,result
dna-pathogen-20261009-result-portik2022-ont-r10-zymo-d6300-sourmash-4-5-1-k51-genbank-2022-03-f1,dna-pathogen-20261009-source-portik2022,"Table 4, dataset block 'ONT R10 Zymo D6300 (10 species, even)', row 'Sourmash-k51' (table row 44), column 'F1'",0.87,result
dna-pathogen-20261009-result-portik2022-ont-r10-zymo-d6300-sourmash-4-5-1-k51-genbank-2022-03-fn,dna-pathogen-20261009-source-portik2022,"Table 4, dataset block 'ONT R10 Zymo D6300 (10 species, even)', row 'Sourmash-k51' (table row 44), column 'False negatives'",0,result
dna-pathogen-20261009-result-portik2022-ont-r10-zymo-d6300-sourmash-4-5-1-k51-genbank-2022-03-fp,dna-pathogen-20261009-source-portik2022,"Table 4, dataset block 'ONT R10 Zymo D6300 (10 species, even)', row 'Sourmash-k51' (table row 44), column 'False positives'",3,result
dna-pathogen-20261009-result-portik2022-ont-r10-zymo-d6300-sourmash-4-5-1-k51-genbank-2022-03-l1,dna-pathogen-20261009-source-portik2022,"Table 4, dataset block 'ONT R10 Zymo D6300 (10 species, even)', row 'Sourmash-k51' (table row 44), column 'L1'",28.3,result
dna-pathogen-20261009-result-portik2022-ont-r10-zymo-d6300-sourmash-4-5-1-k51-genbank-2022-03-precision,dna-pathogen-20261009-source-portik2022,"Table 4, dataset block 'ONT R10 Zymo D6300 (10 species, even)', row 'Sourmash-k51' (table row 44), column 'Precision'",0.76,result
dna-pathogen-20261009-result-portik2022-ont-r10-zymo-d6300-sourmash-4-5-1-k51-genbank-2022-03-recall,dna-pathogen-20261009-source-portik2022,"Table 4, dataset block 'ONT R10 Zymo D6300 (10 species, even)', row 'Sourmash-k51' (table row 44), column 'Recall'",1.00,result
dna-pathogen-20261009-result-portik2022-ont-r10-zymo-d6300-sourmash-4-5-1-k51-genbank-2022-03-tp,dna-pathogen-20261009-source-portik2022,"Table 4, dataset block 'ONT R10 Zymo D6300 (10 species, even)', row 'Sourmash-k51' (table row 44), column 'True positives'",10,result
dna-pathogen-20261009-result-song2025-bsi-blast-nt-galaxy-negative-blood,dna-pathogen-20261009-source-song2025,"Table 2, row 'Negative blood', column 'Blast'",1.03E‐1,result
dna-pathogen-20261009-result-song2025-bsi-blast-nt-galaxy-no-template-control,dna-pathogen-20261009-source-song2025,"Table 2, row 'No template control', column 'Blast'",2.59E‐1,result
dna-pathogen-20261009-result-song2025-bsi-blast-nt-galaxy-sample-1,dna-pathogen-20261009-source-song2025,"Table 2, row 'Sample 1', column 'Blast'",1.21E‐1,result
dna-pathogen-20261009-result-song2025-bsi-blast-nt-galaxy-sample-2,dna-pathogen-20261009-source-song2025,"Table 2, row 'Sample 2', column 'Blast'",2.87E‐2,result
dna-pathogen-20261009-result-song2025-bsi-blast-nt-galaxy-sample-3,dna-pathogen-20261009-source-song2025,"Table 2, row 'Sample 3', column 'Blast'",6.49E‐1,result
dna-pathogen-20261009-result-song2025-bsi-blast-nt-galaxy-sample-4,dna-pathogen-20261009-source-song2025,"Table 2, row 'Sample 4', column 'Blast'",4.39E‐2,result
dna-pathogen-20261009-result-song2025-bsi-blast-nt-galaxy-sample-5,dna-pathogen-20261009-source-song2025,"Table 2, row 'Sample 5', column 'Blast'",2.39E‐2,result
dna-pathogen-20261009-result-song2025-bsi-kraken-native-db-galaxy-negative-blood,dna-pathogen-20261009-source-song2025,"Table 2, row 'Negative blood', column 'Kraken'",0,result
dna-pathogen-20261009-result-song2025-bsi-kraken-native-db-galaxy-no-template-control,dna-pathogen-20261009-source-song2025,"Table 2, row 'No template control', column 'Kraken'",0,result
dna-pathogen-20261009-result-song2025-bsi-kraken-native-db-galaxy-sample-1,dna-pathogen-20261009-source-song2025,"Table 2, row 'Sample 1', column 'Kraken'",1.74E‐5,result
dna-pathogen-20261009-result-song2025-bsi-kraken-native-db-galaxy-sample-2,dna-pathogen-20261009-source-song2025,"Table 2, row 'Sample 2', column 'Kraken'",0,result
dna-pathogen-20261009-result-song2025-bsi-kraken-native-db-galaxy-sample-3,dna-pathogen-20261009-source-song2025,"Table 2, row 'Sample 3', column 'Kraken'",2.03E‐2,result
dna-pathogen-20261009-result-song2025-bsi-kraken-native-db-galaxy-sample-4,dna-pathogen-20261009-source-song2025,"Table 2, row 'Sample 4', column 'Kraken'",1.69E‐5,result
dna-pathogen-20261009-result-song2025-bsi-kraken-native-db-galaxy-sample-5,dna-pathogen-20261009-source-song2025,"Table 2, row 'Sample 5', column 'Kraken'",0,result
dna-pathogen-20261009-result-song2025-bsi-metaphlan-native-db-galaxy-negative-blood,dna-pathogen-20261009-source-song2025,"Table 2, row 'Negative blood', column 'Metaphlan'",0,result
dna-pathogen-20261009-result-song2025-bsi-metaphlan-native-db-galaxy-no-template-control,dna-pathogen-20261009-source-song2025,"Table 2, row 'No template control', column 'Metaphlan'",0,result
dna-pathogen-20261009-result-song2025-bsi-metaphlan-native-db-galaxy-sample-1,dna-pathogen-20261009-source-song2025,"Table 2, row 'Sample 1', column 'Metaphlan'",0,result
dna-pathogen-20261009-result-song2025-bsi-metaphlan-native-db-galaxy-sample-2,dna-pathogen-20261009-source-song2025,"Table 2, row 'Sample 2', column 'Metaphlan'",0,result
dna-pathogen-20261009-result-song2025-bsi-metaphlan-native-db-galaxy-sample-3,dna-pathogen-20261009-source-song2025,"Table 2, row 'Sample 3', column 'Metaphlan'",2.30E‐2,result
dna-pathogen-20261009-result-song2025-bsi-metaphlan-native-db-galaxy-sample-4,dna-pathogen-20261009-source-song2025,"Table 2, row 'Sample 4', column 'Metaphlan'",0,result
dna-pathogen-20261009-result-song2025-bsi-metaphlan-native-db-galaxy-sample-5,dna-pathogen-20261009-source-song2025,"Table 2, row 'Sample 5', column 'Metaphlan'",0,result
dna-pathogen-20261009-result-song2025-bsi-rtg-core-3-12-negative-blood,dna-pathogen-20261009-source-song2025,"Table 2, row 'Negative blood', column 'RTG'",0,result
dna-pathogen-20261009-result-song2025-bsi-rtg-core-3-12-no-template-control,dna-pathogen-20261009-source-song2025,"Table 2, row 'No template control', column 'RTG'",0,result
dna-pathogen-20261009-result-song2025-bsi-rtg-core-3-12-sample-1,dna-pathogen-20261009-source-song2025,"Table 2, row 'Sample 1', column 'RTG'",0,result
dna-pathogen-20261009-result-song2025-bsi-rtg-core-3-12-sample-2,dna-pathogen-20261009-source-song2025,"Table 2, row 'Sample 2', column 'RTG'",0,result
dna-pathogen-20261009-result-song2025-bsi-rtg-core-3-12-sample-3,dna-pathogen-20261009-source-song2025,"Table 2, row 'Sample 3', column 'RTG'",2.74E‐1,result
dna-pathogen-20261009-result-song2025-bsi-rtg-core-3-12-sample-4,dna-pathogen-20261009-source-song2025,"Table 2, row 'Sample 4', column 'RTG'",0,result
dna-pathogen-20261009-result-song2025-bsi-rtg-core-3-12-sample-5,dna-pathogen-20261009-source-song2025,"Table 2, row 'Sample 5', column 'RTG'",0,result
dna-pathogen-20261009-result-song2025-zymo-blast-nt-galaxy-bacillus-subtilis,dna-pathogen-20261009-source-song2025,"Table 1, row 'Bacillus subtilis', column 'Blast'",8.82E‐3,result
dna-pathogen-20261009-result-song2025-zymo-blast-nt-galaxy-enterococcus-faecalis,dna-pathogen-20261009-source-song2025,"Table 1, row 'Enterococcus faecalis', column 'Blast'",6.07E‐6,result
dna-pathogen-20261009-result-song2025-zymo-blast-nt-galaxy-escherichia-coli,dna-pathogen-20261009-source-song2025,"Table 1, row 'Escherichia coli', column 'Blast'",1.07E‐3,result
dna-pathogen-20261009-result-song2025-zymo-blast-nt-galaxy-eta-squared,dna-pathogen-20261009-source-song2025,"Table 1, rows 'η 2' and 'p‐value', column 'Blast'",4.25E‐9; p-value > 0.999,result
dna-pathogen-20261009-result-song2025-zymo-blast-nt-galaxy-lactobacillus-fermentum,dna-pathogen-20261009-source-song2025,"Table 1, row 'Lactobacillus fermentum', column 'Blast'",1.53E‐5,result
dna-pathogen-20261009-result-song2025-zymo-blast-nt-galaxy-listeria-monocytogenes,dna-pathogen-20261009-source-song2025,"Table 1, row 'Listeria monocytogenes', column 'Blast'",8.97E‐1,result
dna-pathogen-20261009-result-song2025-zymo-blast-nt-galaxy-pseudomonas-aeruginosa,dna-pathogen-20261009-source-song2025,"Table 1, row 'Pseudomonas aeruginosa', column 'Blast'",8.03E‐2,result
dna-pathogen-20261009-result-song2025-zymo-blast-nt-galaxy-salmonella-enterica,dna-pathogen-20261009-source-song2025,"Table 1, row 'Salmonella enterica', column 'Blast'",1.84E‐4,result
dna-pathogen-20261009-result-song2025-zymo-blast-nt-galaxy-staphylococcus-aureus,dna-pathogen-20261009-source-song2025,"Table 1, row 'Staphylococcus aureus', column 'Blast'",1.90E‐6,result
dna-pathogen-20261009-result-song2025-zymo-kraken-native-db-galaxy-bacillus-subtilis,dna-pathogen-20261009-source-song2025,"Table 1, row 'Bacillus subtilis', column 'Kraken'",0,result
dna-pathogen-20261009-result-song2025-zymo-kraken-native-db-galaxy-enterococcus-faecalis,dna-pathogen-20261009-source-song2025,"Table 1, row 'Enterococcus faecalis', column 'Kraken'",5.17E‐12,result
dna-pathogen-20261009-result-song2025-zymo-kraken-native-db-galaxy-escherichia-coli,dna-pathogen-20261009-source-song2025,"Table 1, row 'Escherichia coli', column 'Kraken'",5.17E‐10,result
dna-pathogen-20261009-result-song2025-zymo-kraken-native-db-galaxy-eta-squared,dna-pathogen-20261009-source-song2025,"Table 1, rows 'η 2' and 'p‐value', column 'Kraken'",3.20E‐2; p-value 0.504,result
dna-pathogen-20261009-result-song2025-zymo-kraken-native-db-galaxy-lactobacillus-fermentum,dna-pathogen-20261009-source-song2025,"Table 1, row 'Lactobacillus fermentum', column 'Kraken'",5.17E‐11,result
dna-pathogen-20261009-result-song2025-zymo-kraken-native-db-galaxy-listeria-monocytogenes,dna-pathogen-20261009-source-song2025,"Table 1, row 'Listeria monocytogenes', column 'Kraken'",3.40E‐1,result
dna-pathogen-20261009-result-song2025-zymo-kraken-native-db-galaxy-pseudomonas-aeruginosa,dna-pathogen-20261009-source-song2025,"Table 1, row 'Pseudomonas aeruginosa', column 'Kraken'",3.30E‐3,result
dna-pathogen-20261009-result-song2025-zymo-kraken-native-db-galaxy-salmonella-enterica,dna-pathogen-20261009-source-song2025,"Table 1, row 'Salmonella enterica', column 'Kraken'",5.17E‐10,result
dna-pathogen-20261009-result-song2025-zymo-kraken-native-db-galaxy-staphylococcus-aureus,dna-pathogen-20261009-source-song2025,"Table 1, row 'Staphylococcus aureus', column 'Kraken'",0,result
dna-pathogen-20261009-result-song2025-zymo-metaphlan-native-db-galaxy-bacillus-subtilis,dna-pathogen-20261009-source-song2025,"Table 1, row 'Bacillus subtilis', column 'Metaphlan'",2.30E‐3,result
dna-pathogen-20261009-result-song2025-zymo-metaphlan-native-db-galaxy-enterococcus-faecalis,dna-pathogen-20261009-source-song2025,"Table 1, row 'Enterococcus faecalis', column 'Metaphlan'",0,result
dna-pathogen-20261009-result-song2025-zymo-metaphlan-native-db-galaxy-escherichia-coli,dna-pathogen-20261009-source-song2025,"Table 1, row 'Escherichia coli', column 'Metaphlan'",0,result
dna-pathogen-20261009-result-song2025-zymo-metaphlan-native-db-galaxy-eta-squared,dna-pathogen-20261009-source-song2025,"Table 1, rows 'η 2' and 'p‐value', column 'Metaphlan'",3.00E‐3; p-value 0.840,result
dna-pathogen-20261009-result-song2025-zymo-metaphlan-native-db-galaxy-lactobacillus-fermentum,dna-pathogen-20261009-source-song2025,"Table 1, row 'Lactobacillus fermentum', column 'Metaphlan'",0,result
dna-pathogen-20261009-result-song2025-zymo-metaphlan-native-db-galaxy-listeria-monocytogenes,dna-pathogen-20261009-source-song2025,"Table 1, row 'Listeria monocytogenes', column 'Metaphlan'",7.23E‐1,result
dna-pathogen-20261009-result-song2025-zymo-metaphlan-native-db-galaxy-pseudomonas-aeruginosa,dna-pathogen-20261009-source-song2025,"Table 1, row 'Pseudomonas aeruginosa', column 'Metaphlan'",3.00E‐2,result
dna-pathogen-20261009-result-song2025-zymo-metaphlan-native-db-galaxy-salmonella-enterica,dna-pathogen-20261009-source-song2025,"Table 1, row 'Salmonella enterica', column 'Metaphlan'",0,result
dna-pathogen-20261009-result-song2025-zymo-metaphlan-native-db-galaxy-staphylococcus-aureus,dna-pathogen-20261009-source-song2025,"Table 1, row 'Staphylococcus aureus', column 'Metaphlan'",0,result
dna-pathogen-20261009-result-song2025-zymo-rtg-core-3-12-bacillus-subtilis,dna-pathogen-20261009-source-song2025,"Table 1, row 'Bacillus subtilis', column 'RTG'",8.50E‐3,result
dna-pathogen-20261009-result-song2025-zymo-rtg-core-3-12-enterococcus-faecalis,dna-pathogen-20261009-source-song2025,"Table 1, row 'Enterococcus faecalis', column 'RTG'",9.68E‐5,result
dna-pathogen-20261009-result-song2025-zymo-rtg-core-3-12-escherichia-coli,dna-pathogen-20261009-source-song2025,"Table 1, row 'Escherichia coli', column 'RTG'",6.54E‐4,result
dna-pathogen-20261009-result-song2025-zymo-rtg-core-3-12-eta-squared,dna-pathogen-20261009-source-song2025,"Table 1, rows 'η 2' and 'p‐value', column 'RTG'",7.09E‐5; p-value 0.975,result
dna-pathogen-20261009-result-song2025-zymo-rtg-core-3-12-lactobacillus-fermentum,dna-pathogen-20261009-source-song2025,"Table 1, row 'Lactobacillus fermentum', column 'RTG'",9.36E‐5,result
dna-pathogen-20261009-result-song2025-zymo-rtg-core-3-12-listeria-monocytogenes,dna-pathogen-20261009-source-song2025,"Table 1, row 'Listeria monocytogenes', column 'RTG'",8.64E‐1,result
dna-pathogen-20261009-result-song2025-zymo-rtg-core-3-12-pseudomonas-aeruginosa,dna-pathogen-20261009-source-song2025,"Table 1, row 'Pseudomonas aeruginosa', column 'RTG'",7.65E‐2,result
dna-pathogen-20261009-result-song2025-zymo-rtg-core-3-12-salmonella-enterica,dna-pathogen-20261009-source-song2025,"Table 1, row 'Salmonella enterica', column 'RTG'",8.65E‐4,result
dna-pathogen-20261009-result-song2025-zymo-rtg-core-3-12-staphylococcus-aureus,dna-pathogen-20261009-source-song2025,"Table 1, row 'Staphylococcus aureus', column 'RTG'",0,result
