record_id,source_id,locator,printed_value,review_scope
model-execution-20261009-claim-samarakoon2025-cost-summary,model-execution-20261009-source-samarakoon2025-supplement,"Supplementary Text 03, Table 2 'Cost comparison summary'","4.01 USD/h; 48.77 USD/h; 642 USD per 100,000 GB; ~90,000 USD + 12,000 USD",claim
model-execution-20261009-claim-samarakoon2025-parabricks-version,model-execution-20261009-source-samarakoon2025-supplement,Methods 2.3; Supplementary Table S4 introduction and rows; Discussion paragraph 10,4.3.0-1 (Methods) versus 4.1.0-1 and 4.3.0-1 (Table S4) versus 4.3.1-1 (Discussion),claim
model-execution-20261009-result-franzoso2025-parabricks-germline-4-0-1-1-gcp-t4-err1955532-compute-cost,model-execution-20261009-source-franzoso2025-table-s2,"Table S2 (CTS-18-e70416-s002.xlsx), D14; ID 'ERR1955532'; Software 'Parabricks'; column 'Cost ($)'",9.43,result
model-execution-20261009-result-franzoso2025-parabricks-germline-4-0-1-1-gcp-t4-err1955532-runtime,model-execution-20261009-source-franzoso2025-table-s2,"Table S2 (CTS-18-e70416-s002.xlsx), C14; ID 'ERR1955532'; Software 'Parabricks'; column 'Runtime (h/m/s)'",4:20:00,result
model-execution-20261009-result-franzoso2025-parabricks-germline-4-0-1-1-gcp-t4-err1955536-compute-cost,model-execution-20261009-source-franzoso2025-table-s2,"Table S2 (CTS-18-e70416-s002.xlsx), D16; ID 'ERR1955536'; Software 'Parabricks'; column 'Cost ($)'",8.16,result
model-execution-20261009-result-franzoso2025-parabricks-germline-4-0-1-1-gcp-t4-err1955536-runtime,model-execution-20261009-source-franzoso2025-table-s2,"Table S2 (CTS-18-e70416-s002.xlsx), C16; ID 'ERR1955536'; Software 'Parabricks'; column 'Runtime (h/m/s)'",4:22:00,result
model-execution-20261009-result-franzoso2025-parabricks-germline-4-0-1-1-gcp-t4-err1955539-compute-cost,model-execution-20261009-source-franzoso2025-table-s2,"Table S2 (CTS-18-e70416-s002.xlsx), D18; ID 'ERR1955539'; Software 'Parabricks'; column 'Cost ($)'",10.6,result
model-execution-20261009-result-franzoso2025-parabricks-germline-4-0-1-1-gcp-t4-err1955539-runtime,model-execution-20261009-source-franzoso2025-table-s2,"Table S2 (CTS-18-e70416-s002.xlsx), C18; ID 'ERR1955539'; Software 'Parabricks'; column 'Runtime (h/m/s)'",0:04:41,result
model-execution-20261009-result-franzoso2025-parabricks-germline-4-0-1-1-gcp-t4-err1955540-compute-cost,model-execution-20261009-source-franzoso2025-table-s2,"Table S2 (CTS-18-e70416-s002.xlsx), D20; ID 'ERR1955540'; Software 'Parabricks'; column 'Cost ($)'",8.13,result
model-execution-20261009-result-franzoso2025-parabricks-germline-4-0-1-1-gcp-t4-err1955540-runtime,model-execution-20261009-source-franzoso2025-table-s2,"Table S2 (CTS-18-e70416-s002.xlsx), C20; ID 'ERR1955540'; Software 'Parabricks'; column 'Runtime (h/m/s)'",4:06:00,result
model-execution-20261009-result-franzoso2025-parabricks-germline-4-0-1-1-gcp-t4-err1955541-compute-cost,model-execution-20261009-source-franzoso2025-table-s2,"Table S2 (CTS-18-e70416-s002.xlsx), D22; ID 'ERR1955541'; Software 'Parabricks'; column 'Cost ($)'",10.6,result
model-execution-20261009-result-franzoso2025-parabricks-germline-4-0-1-1-gcp-t4-err1955541-runtime,model-execution-20261009-source-franzoso2025-table-s2,"Table S2 (CTS-18-e70416-s002.xlsx), C22; ID 'ERR1955541'; Software 'Parabricks'; column 'Runtime (h/m/s)'",4:40:00,result
model-execution-20261009-result-franzoso2025-parabricks-germline-4-0-1-1-gcp-t4-srr11012403-compute-cost,model-execution-20261009-source-franzoso2025-table-s2,"Table S2 (CTS-18-e70416-s002.xlsx), D4; ID 'SRR11012403'; Software 'Parabricks'; column 'Cost ($)'",0.77,result
model-execution-20261009-result-franzoso2025-parabricks-germline-4-0-1-1-gcp-t4-srr11012403-runtime,model-execution-20261009-source-franzoso2025-table-s2,"Table S2 (CTS-18-e70416-s002.xlsx), C4; ID 'SRR11012403'; Software 'Parabricks'; column 'Runtime (h/m/s)'",0:12:00,result
model-execution-20261009-result-franzoso2025-parabricks-germline-4-0-1-1-gcp-t4-srr11012404-compute-cost,model-execution-20261009-source-franzoso2025-table-s2,"Table S2 (CTS-18-e70416-s002.xlsx), D6; ID 'SRR11012404'; Software 'Parabricks'; column 'Cost ($)'",0.71,result
model-execution-20261009-result-franzoso2025-parabricks-germline-4-0-1-1-gcp-t4-srr11012404-runtime,model-execution-20261009-source-franzoso2025-table-s2,"Table S2 (CTS-18-e70416-s002.xlsx), C6; ID 'SRR11012404'; Software 'Parabricks'; column 'Runtime (h/m/s)'",0:12:00,result
model-execution-20261009-result-franzoso2025-parabricks-germline-4-0-1-1-gcp-t4-srr11012405-compute-cost,model-execution-20261009-source-franzoso2025-table-s2,"Table S2 (CTS-18-e70416-s002.xlsx), D8; ID 'SRR11012405'; Software 'Parabricks'; column 'Cost ($)'",0.74,result
model-execution-20261009-result-franzoso2025-parabricks-germline-4-0-1-1-gcp-t4-srr11012405-runtime,model-execution-20261009-source-franzoso2025-table-s2,"Table S2 (CTS-18-e70416-s002.xlsx), C8; ID 'SRR11012405'; Software 'Parabricks'; column 'Runtime (h/m/s)'",0:12:00,result
model-execution-20261009-result-franzoso2025-parabricks-germline-4-0-1-1-gcp-t4-srr11012406-compute-cost,model-execution-20261009-source-franzoso2025-table-s2,"Table S2 (CTS-18-e70416-s002.xlsx), D10; ID 'SRR11012406'; Software 'Parabricks'; column 'Cost ($)'",0.74,result
model-execution-20261009-result-franzoso2025-parabricks-germline-4-0-1-1-gcp-t4-srr11012406-runtime,model-execution-20261009-source-franzoso2025-table-s2,"Table S2 (CTS-18-e70416-s002.xlsx), C10; ID 'SRR11012406'; Software 'Parabricks'; column 'Runtime (h/m/s)'",0:10:00,result
model-execution-20261009-result-franzoso2025-parabricks-germline-4-0-1-1-gcp-t4-srr11012408-compute-cost,model-execution-20261009-source-franzoso2025-table-s2,"Table S2 (CTS-18-e70416-s002.xlsx), D12; ID 'SRR11012408'; Software 'Parabricks'; column 'Cost ($)'",0.93,result
model-execution-20261009-result-franzoso2025-parabricks-germline-4-0-1-1-gcp-t4-srr11012408-runtime,model-execution-20261009-source-franzoso2025-table-s2,"Table S2 (CTS-18-e70416-s002.xlsx), C12; ID 'SRR11012408'; Software 'Parabricks'; column 'Runtime (h/m/s)'",0:14:00,result
model-execution-20261009-result-franzoso2025-sentieon-dnaseq-202308-gcp-64vcpu-err1955532-compute-cost,model-execution-20261009-source-franzoso2025-table-s2,"Table S2 (CTS-18-e70416-s002.xlsx), D13; ID 'ERR1955532'; Software 'Sentieon'; column 'Cost ($)'",10.03,result
model-execution-20261009-result-franzoso2025-sentieon-dnaseq-202308-gcp-64vcpu-err1955532-runtime,model-execution-20261009-source-franzoso2025-table-s2,"Table S2 (CTS-18-e70416-s002.xlsx), C13; ID 'ERR1955532'; Software 'Sentieon'; column 'Runtime (h/m/s)'",0:03:21,result
model-execution-20261009-result-franzoso2025-sentieon-dnaseq-202308-gcp-64vcpu-err1955536-compute-cost,model-execution-20261009-source-franzoso2025-table-s2,"Table S2 (CTS-18-e70416-s002.xlsx), D15; ID 'ERR1955536'; Software 'Sentieon'; column 'Cost ($)'",10.7,result
model-execution-20261009-result-franzoso2025-sentieon-dnaseq-202308-gcp-64vcpu-err1955536-runtime,model-execution-20261009-source-franzoso2025-table-s2,"Table S2 (CTS-18-e70416-s002.xlsx), C15; ID 'ERR1955536'; Software 'Sentieon'; column 'Runtime (h/m/s)'",3:00:00,result
model-execution-20261009-result-franzoso2025-sentieon-dnaseq-202308-gcp-64vcpu-err1955539-compute-cost,model-execution-20261009-source-franzoso2025-table-s2,"Table S2 (CTS-18-e70416-s002.xlsx), D17; ID 'ERR1955539'; Software 'Sentieon'; column 'Cost ($)'",9.76,result
model-execution-20261009-result-franzoso2025-sentieon-dnaseq-202308-gcp-64vcpu-err1955539-runtime,model-execution-20261009-source-franzoso2025-table-s2,"Table S2 (CTS-18-e70416-s002.xlsx), C17; ID 'ERR1955539'; Software 'Sentieon'; column 'Runtime (h/m/s)'",3:45:00,result
model-execution-20261009-result-franzoso2025-sentieon-dnaseq-202308-gcp-64vcpu-err1955540-compute-cost,model-execution-20261009-source-franzoso2025-table-s2,"Table S2 (CTS-18-e70416-s002.xlsx), D19; ID 'ERR1955540'; Software 'Sentieon'; column 'Cost ($)'",8.02,result
model-execution-20261009-result-franzoso2025-sentieon-dnaseq-202308-gcp-64vcpu-err1955540-runtime,model-execution-20261009-source-franzoso2025-table-s2,"Table S2 (CTS-18-e70416-s002.xlsx), C19; ID 'ERR1955540'; Software 'Sentieon'; column 'Runtime (h/m/s)'",3:02:00,result
model-execution-20261009-result-franzoso2025-sentieon-dnaseq-202308-gcp-64vcpu-err1955541-compute-cost,model-execution-20261009-source-franzoso2025-table-s2,"Table S2 (CTS-18-e70416-s002.xlsx), D21; ID 'ERR1955541'; Software 'Sentieon'; column 'Cost ($)'",9.44,result
model-execution-20261009-result-franzoso2025-sentieon-dnaseq-202308-gcp-64vcpu-err1955541-runtime,model-execution-20261009-source-franzoso2025-table-s2,"Table S2 (CTS-18-e70416-s002.xlsx), C21; ID 'ERR1955541'; Software 'Sentieon'; column 'Runtime (h/m/s)'",3:50:00,result
model-execution-20261009-result-franzoso2025-sentieon-dnaseq-202308-gcp-64vcpu-srr11012403-compute-cost,model-execution-20261009-source-franzoso2025-table-s2,"Table S2 (CTS-18-e70416-s002.xlsx), D3; ID 'SRR11012403'; Software 'Sentieon'; column 'Cost ($)'",0.82,result
model-execution-20261009-result-franzoso2025-sentieon-dnaseq-202308-gcp-64vcpu-srr11012403-runtime,model-execution-20261009-source-franzoso2025-table-s2,"Table S2 (CTS-18-e70416-s002.xlsx), C3; ID 'SRR11012403'; Software 'Sentieon'; column 'Runtime (h/m/s)'",0:14:00,result
model-execution-20261009-result-franzoso2025-sentieon-dnaseq-202308-gcp-64vcpu-srr11012404-compute-cost,model-execution-20261009-source-franzoso2025-table-s2,"Table S2 (CTS-18-e70416-s002.xlsx), D5; ID 'SRR11012404'; Software 'Sentieon'; column 'Cost ($)'",0.95,result
model-execution-20261009-result-franzoso2025-sentieon-dnaseq-202308-gcp-64vcpu-srr11012404-runtime,model-execution-20261009-source-franzoso2025-table-s2,"Table S2 (CTS-18-e70416-s002.xlsx), C5; ID 'SRR11012404'; Software 'Sentieon'; column 'Runtime (h/m/s)'",0:15:03,result
model-execution-20261009-result-franzoso2025-sentieon-dnaseq-202308-gcp-64vcpu-srr11012405-compute-cost,model-execution-20261009-source-franzoso2025-table-s2,"Table S2 (CTS-18-e70416-s002.xlsx), D7; ID 'SRR11012405'; Software 'Sentieon'; column 'Cost ($)'",1.03,result
model-execution-20261009-result-franzoso2025-sentieon-dnaseq-202308-gcp-64vcpu-srr11012405-runtime,model-execution-20261009-source-franzoso2025-table-s2,"Table S2 (CTS-18-e70416-s002.xlsx), C7; ID 'SRR11012405'; Software 'Sentieon'; column 'Runtime (h/m/s)'",0:15:38,result
model-execution-20261009-result-franzoso2025-sentieon-dnaseq-202308-gcp-64vcpu-srr11012406-compute-cost,model-execution-20261009-source-franzoso2025-table-s2,"Table S2 (CTS-18-e70416-s002.xlsx), D9; ID 'SRR11012406'; Software 'Sentieon'; column 'Cost ($)'",0.97,result
model-execution-20261009-result-franzoso2025-sentieon-dnaseq-202308-gcp-64vcpu-srr11012406-runtime,model-execution-20261009-source-franzoso2025-table-s2,"Table S2 (CTS-18-e70416-s002.xlsx), C9; ID 'SRR11012406'; Software 'Sentieon'; column 'Runtime (h/m/s)'",0:14:48,result
model-execution-20261009-result-franzoso2025-sentieon-dnaseq-202308-gcp-64vcpu-srr11012408-compute-cost,model-execution-20261009-source-franzoso2025-table-s2,"Table S2 (CTS-18-e70416-s002.xlsx), D11; ID 'SRR11012408'; Software 'Sentieon'; column 'Cost ($)'",0.96,result
model-execution-20261009-result-franzoso2025-sentieon-dnaseq-202308-gcp-64vcpu-srr11012408-runtime,model-execution-20261009-source-franzoso2025-table-s2,"Table S2 (CTS-18-e70416-s002.xlsx), C11; ID 'SRR11012408'; Software 'Sentieon'; column 'Runtime (h/m/s)'",0:16:00,result
model-execution-20261009-result-oconnell2023-aws-c6i-8xlarge-deepvariant-compute-cost,model-execution-20261009-source-oconnell2023,"Table 1, row 1 (AWS, C6i.8xlarge, DeepVariant), column 'Cost ($)'",29.9,result
model-execution-20261009-result-oconnell2023-aws-c6i-8xlarge-deepvariant-runtime,model-execution-20261009-source-oconnell2023,"Table 1, row 1 (AWS, C6i.8xlarge, DeepVariant), column 'Time (min)'",1317.3,result
model-execution-20261009-result-oconnell2023-aws-c6i-8xlarge-deepvariant-runtime-hours,model-execution-20261009-source-oconnell2023,"Table 1, row 1 (AWS, C6i.8xlarge, DeepVariant), column 'Time (h)'",21.96,result
model-execution-20261009-result-oconnell2023-aws-c6i-8xlarge-haplotypecaller-compute-cost,model-execution-20261009-source-oconnell2023,"Table 1, row 12 (AWS, C6i.8xlarge, HaplotypeCaller), column 'Cost ($)'",49.32,result
model-execution-20261009-result-oconnell2023-aws-c6i-8xlarge-haplotypecaller-runtime,model-execution-20261009-source-oconnell2023,"Table 1, row 12 (AWS, C6i.8xlarge, HaplotypeCaller), column 'Time (min)'",2175.9,result
model-execution-20261009-result-oconnell2023-aws-c6i-8xlarge-haplotypecaller-runtime-hours,model-execution-20261009-source-oconnell2023,"Table 1, row 12 (AWS, C6i.8xlarge, HaplotypeCaller), column 'Time (h)'",36.26,result
model-execution-20261009-result-oconnell2023-aws-c6i-8xlarge-lofreq-compute-cost,model-execution-20261009-source-oconnell2023,"Table 1, row 23 (AWS, C6i.8xlarge, LoFreq), column 'Cost ($)'",4.1,result
model-execution-20261009-result-oconnell2023-aws-c6i-8xlarge-lofreq-runtime,model-execution-20261009-source-oconnell2023,"Table 1, row 23 (AWS, C6i.8xlarge, LoFreq), column 'Time (min)'",180.2,result
model-execution-20261009-result-oconnell2023-aws-c6i-8xlarge-lofreq-runtime-hours,model-execution-20261009-source-oconnell2023,"Table 1, row 23 (AWS, C6i.8xlarge, LoFreq), column 'Time (h)'",3,result
model-execution-20261009-result-oconnell2023-aws-c6i-8xlarge-muse-compute-cost,model-execution-20261009-source-oconnell2023,"Table 1, row 34 (AWS, C6i.8xlarge, Muse), column 'Cost ($)'",9.6,result
model-execution-20261009-result-oconnell2023-aws-c6i-8xlarge-muse-runtime,model-execution-20261009-source-oconnell2023,"Table 1, row 34 (AWS, C6i.8xlarge, Muse), column 'Time (min)'",425.1,result
model-execution-20261009-result-oconnell2023-aws-c6i-8xlarge-muse-runtime-hours,model-execution-20261009-source-oconnell2023,"Table 1, row 34 (AWS, C6i.8xlarge, Muse), column 'Time (h)'",7.09,result
model-execution-20261009-result-oconnell2023-aws-c6i-8xlarge-mutect2-compute-cost,model-execution-20261009-source-oconnell2023,"Table 1, row 45 (AWS, C6i.8xlarge, Mutect2), column 'Cost ($)'",9.40,result
model-execution-20261009-result-oconnell2023-aws-c6i-8xlarge-mutect2-runtime,model-execution-20261009-source-oconnell2023,"Table 1, row 45 (AWS, C6i.8xlarge, Mutect2), column 'Time (min)'",414.51,result
model-execution-20261009-result-oconnell2023-aws-c6i-8xlarge-mutect2-runtime-hours,model-execution-20261009-source-oconnell2023,"Table 1, row 45 (AWS, C6i.8xlarge, Mutect2), column 'Time (h)'",6.91,result
model-execution-20261009-result-oconnell2023-aws-c6i-8xlarge-somaticsniper-compute-cost,model-execution-20261009-source-oconnell2023,"Table 1, row 56 (AWS, C6i.8xlarge, SomaticSniper), column 'Cost ($)'",8.88,result
model-execution-20261009-result-oconnell2023-aws-c6i-8xlarge-somaticsniper-runtime,model-execution-20261009-source-oconnell2023,"Table 1, row 56 (AWS, C6i.8xlarge, SomaticSniper), column 'Time (min)'",391.9,result
model-execution-20261009-result-oconnell2023-aws-c6i-8xlarge-somaticsniper-runtime-hours,model-execution-20261009-source-oconnell2023,"Table 1, row 56 (AWS, C6i.8xlarge, SomaticSniper), column 'Time (h)'",6.53,result
model-execution-20261009-result-oconnell2023-aws-gpu2-deepvariant-compute-cost,model-execution-20261009-source-oconnell2023,"Table 1, row 2 (AWS, GPU2, DeepVariant), column 'Cost ($)'",29.61,result
model-execution-20261009-result-oconnell2023-aws-gpu2-deepvariant-cost-saving,model-execution-20261009-source-oconnell2023,"Table 1, row 2 (AWS, GPU2, DeepVariant), column '% cost-savings'",0.83,result
model-execution-20261009-result-oconnell2023-aws-gpu2-deepvariant-runtime,model-execution-20261009-source-oconnell2023,"Table 1, row 2 (AWS, GPU2, DeepVariant), column 'Time (min)'",145.16,result
model-execution-20261009-result-oconnell2023-aws-gpu2-deepvariant-runtime-hours,model-execution-20261009-source-oconnell2023,"Table 1, row 2 (AWS, GPU2, DeepVariant), column 'Time (h)'",2.42,result
model-execution-20261009-result-oconnell2023-aws-gpu2-deepvariant-speedup,model-execution-20261009-source-oconnell2023,"Table 1, row 2 (AWS, GPU2, DeepVariant), column 'Fold acceleration'",9.07,result
model-execution-20261009-result-oconnell2023-aws-gpu2-haplotypecaller-compute-cost,model-execution-20261009-source-oconnell2023,"Table 1, row 13 (AWS, GPU2, HaplotypeCaller), column 'Cost ($)'",26.93,result
model-execution-20261009-result-oconnell2023-aws-gpu2-haplotypecaller-cost-saving,model-execution-20261009-source-oconnell2023,"Table 1, row 13 (AWS, GPU2, HaplotypeCaller), column '% cost-savings'",45.41,result
model-execution-20261009-result-oconnell2023-aws-gpu2-haplotypecaller-runtime,model-execution-20261009-source-oconnell2023,"Table 1, row 13 (AWS, GPU2, HaplotypeCaller), column 'Time (min)'",131.99,result
model-execution-20261009-result-oconnell2023-aws-gpu2-haplotypecaller-runtime-hours,model-execution-20261009-source-oconnell2023,"Table 1, row 13 (AWS, GPU2, HaplotypeCaller), column 'Time (h)'",2.2,result
model-execution-20261009-result-oconnell2023-aws-gpu2-haplotypecaller-speedup,model-execution-20261009-source-oconnell2023,"Table 1, row 13 (AWS, GPU2, HaplotypeCaller), column 'Fold acceleration'",16.49,result
model-execution-20261009-result-oconnell2023-aws-gpu2-lofreq-compute-cost,model-execution-20261009-source-oconnell2023,"Table 1, row 24 (AWS, GPU2, LoFreq), column 'Cost ($)'",29.61,result
model-execution-20261009-result-oconnell2023-aws-gpu2-lofreq-cost-saving,model-execution-20261009-source-oconnell2023,"Table 1, row 24 (AWS, GPU2, LoFreq), column '% cost-savings'",− 625.07,result
model-execution-20261009-result-oconnell2023-aws-gpu2-lofreq-runtime,model-execution-20261009-source-oconnell2023,"Table 1, row 24 (AWS, GPU2, LoFreq), column 'Time (min)'",145.14,result
model-execution-20261009-result-oconnell2023-aws-gpu2-lofreq-runtime-hours,model-execution-20261009-source-oconnell2023,"Table 1, row 24 (AWS, GPU2, LoFreq), column 'Time (h)'",2.42,result
model-execution-20261009-result-oconnell2023-aws-gpu2-lofreq-speedup,model-execution-20261009-source-oconnell2023,"Table 1, row 24 (AWS, GPU2, LoFreq), column 'Fold acceleration'",1.24,result
model-execution-20261009-result-oconnell2023-aws-gpu2-muse-compute-cost,model-execution-20261009-source-oconnell2023,"Table 1, row 35 (AWS, GPU2, Muse), column 'Cost ($)'",13.29,result
model-execution-20261009-result-oconnell2023-aws-gpu2-muse-cost-saving,model-execution-20261009-source-oconnell2023,"Table 1, row 35 (AWS, GPU2, Muse), column '% cost-savings'",− 37.97,result
model-execution-20261009-result-oconnell2023-aws-gpu2-muse-runtime,model-execution-20261009-source-oconnell2023,"Table 1, row 35 (AWS, GPU2, Muse), column 'Time (min)'",65.17,result
model-execution-20261009-result-oconnell2023-aws-gpu2-muse-runtime-hours,model-execution-20261009-source-oconnell2023,"Table 1, row 35 (AWS, GPU2, Muse), column 'Time (h)'",1.09,result
model-execution-20261009-result-oconnell2023-aws-gpu2-muse-speedup,model-execution-20261009-source-oconnell2023,"Table 1, row 35 (AWS, GPU2, Muse), column 'Fold acceleration'",6.52,result
model-execution-20261009-result-oconnell2023-aws-gpu2-mutect2-compute-cost,model-execution-20261009-source-oconnell2023,"Table 1, row 46 (AWS, GPU2, Mutect2), column 'Cost ($)'",5.79,result
model-execution-20261009-result-oconnell2023-aws-gpu2-mutect2-cost-saving,model-execution-20261009-source-oconnell2023,"Table 1, row 46 (AWS, GPU2, Mutect2), column '% cost-savings'",38.34,result
model-execution-20261009-result-oconnell2023-aws-gpu2-mutect2-runtime,model-execution-20261009-source-oconnell2023,"Table 1, row 46 (AWS, GPU2, Mutect2), column 'Time (min)'",28.4,result
model-execution-20261009-result-oconnell2023-aws-gpu2-mutect2-runtime-hours,model-execution-20261009-source-oconnell2023,"Table 1, row 46 (AWS, GPU2, Mutect2), column 'Time (h)'",0.47,result
model-execution-20261009-result-oconnell2023-aws-gpu2-mutect2-speedup,model-execution-20261009-source-oconnell2023,"Table 1, row 46 (AWS, GPU2, Mutect2), column 'Fold acceleration'",14.60,result
model-execution-20261009-result-oconnell2023-aws-gpu2-somaticsniper-compute-cost,model-execution-20261009-source-oconnell2023,"Table 1, row 57 (AWS, GPU2, SomaticSniper), column 'Cost ($)'",17.07,result
model-execution-20261009-result-oconnell2023-aws-gpu2-somaticsniper-cost-saving,model-execution-20261009-source-oconnell2023,"Table 1, row 57 (AWS, GPU2, SomaticSniper), column '% cost-savings'",− 92.28,result
model-execution-20261009-result-oconnell2023-aws-gpu2-somaticsniper-runtime,model-execution-20261009-source-oconnell2023,"Table 1, row 57 (AWS, GPU2, SomaticSniper), column 'Time (min)'",83.7,result
model-execution-20261009-result-oconnell2023-aws-gpu2-somaticsniper-runtime-hours,model-execution-20261009-source-oconnell2023,"Table 1, row 57 (AWS, GPU2, SomaticSniper), column 'Time (h)'",1.4,result
model-execution-20261009-result-oconnell2023-aws-gpu2-somaticsniper-speedup,model-execution-20261009-source-oconnell2023,"Table 1, row 57 (AWS, GPU2, SomaticSniper), column 'Fold acceleration'",4.68,result
model-execution-20261009-result-oconnell2023-aws-gpu4-deepvariant-compute-cost,model-execution-20261009-source-oconnell2023,"Table 1, row 3 (AWS, GPU4, DeepVariant), column 'Cost ($)'",19.80,result
model-execution-20261009-result-oconnell2023-aws-gpu4-deepvariant-cost-saving,model-execution-20261009-source-oconnell2023,"Table 1, row 3 (AWS, GPU4, DeepVariant), column '% cost-savings'",33.68,result
model-execution-20261009-result-oconnell2023-aws-gpu4-deepvariant-runtime,model-execution-20261009-source-oconnell2023,"Table 1, row 3 (AWS, GPU4, DeepVariant), column 'Time (min)'",97.07,result
model-execution-20261009-result-oconnell2023-aws-gpu4-deepvariant-runtime-hours,model-execution-20261009-source-oconnell2023,"Table 1, row 3 (AWS, GPU4, DeepVariant), column 'Time (h)'",1.62,result
model-execution-20261009-result-oconnell2023-aws-gpu4-deepvariant-speedup,model-execution-20261009-source-oconnell2023,"Table 1, row 3 (AWS, GPU4, DeepVariant), column 'Fold acceleration'",13.57,result
model-execution-20261009-result-oconnell2023-aws-gpu4-haplotypecaller-compute-cost,model-execution-20261009-source-oconnell2023,"Table 1, row 14 (AWS, GPU4, HaplotypeCaller), column 'Cost ($)'",18,result
model-execution-20261009-result-oconnell2023-aws-gpu4-haplotypecaller-cost-saving,model-execution-20261009-source-oconnell2023,"Table 1, row 14 (AWS, GPU4, HaplotypeCaller), column '% cost-savings'",63.49,result
model-execution-20261009-result-oconnell2023-aws-gpu4-haplotypecaller-runtime,model-execution-20261009-source-oconnell2023,"Table 1, row 14 (AWS, GPU4, HaplotypeCaller), column 'Time (min)'",88.27,result
model-execution-20261009-result-oconnell2023-aws-gpu4-haplotypecaller-runtime-hours,model-execution-20261009-source-oconnell2023,"Table 1, row 14 (AWS, GPU4, HaplotypeCaller), column 'Time (h)'",1.47,result
model-execution-20261009-result-oconnell2023-aws-gpu4-haplotypecaller-speedup,model-execution-20261009-source-oconnell2023,"Table 1, row 14 (AWS, GPU4, HaplotypeCaller), column 'Fold acceleration'",24.65,result
model-execution-20261009-result-oconnell2023-aws-gpu4-lofreq-compute-cost,model-execution-20261009-source-oconnell2023,"Table 1, row 25 (AWS, GPU4, LoFreq), column 'Cost ($)'",22.28,result
model-execution-20261009-result-oconnell2023-aws-gpu4-lofreq-cost-saving,model-execution-20261009-source-oconnell2023,"Table 1, row 25 (AWS, GPU4, LoFreq), column '% cost-savings'",− 445.68,result
model-execution-20261009-result-oconnell2023-aws-gpu4-lofreq-runtime,model-execution-20261009-source-oconnell2023,"Table 1, row 25 (AWS, GPU4, LoFreq), column 'Time (min)'",109.23,result
model-execution-20261009-result-oconnell2023-aws-gpu4-lofreq-runtime-hours,model-execution-20261009-source-oconnell2023,"Table 1, row 25 (AWS, GPU4, LoFreq), column 'Time (h)'",1.82,result
model-execution-20261009-result-oconnell2023-aws-gpu4-lofreq-speedup,model-execution-20261009-source-oconnell2023,"Table 1, row 25 (AWS, GPU4, LoFreq), column 'Fold acceleration'",1.65,result
model-execution-20261009-result-oconnell2023-aws-gpu4-muse-compute-cost,model-execution-20261009-source-oconnell2023,"Table 1, row 36 (AWS, GPU4, Muse), column 'Cost ($)'",12.52,result
model-execution-20261009-result-oconnell2023-aws-gpu4-muse-cost-saving,model-execution-20261009-source-oconnell2023,"Table 1, row 36 (AWS, GPU4, Muse), column '% cost-savings'",− 29.88,result
model-execution-20261009-result-oconnell2023-aws-gpu4-muse-runtime,model-execution-20261009-source-oconnell2023,"Table 1, row 36 (AWS, GPU4, Muse), column 'Time (min)'",61.35,result
model-execution-20261009-result-oconnell2023-aws-gpu4-muse-runtime-hours,model-execution-20261009-source-oconnell2023,"Table 1, row 36 (AWS, GPU4, Muse), column 'Time (h)'",1.02,result
model-execution-20261009-result-oconnell2023-aws-gpu4-muse-speedup,model-execution-20261009-source-oconnell2023,"Table 1, row 36 (AWS, GPU4, Muse), column 'Fold acceleration'",6.93,result
model-execution-20261009-result-oconnell2023-aws-gpu4-mutect2-compute-cost,model-execution-20261009-source-oconnell2023,"Table 1, row 47 (AWS, GPU4, Mutect2), column 'Cost ($)'",4.39,result
model-execution-20261009-result-oconnell2023-aws-gpu4-mutect2-cost-saving,model-execution-20261009-source-oconnell2023,"Table 1, row 47 (AWS, GPU4, Mutect2), column '% cost-savings'",53.23,result
model-execution-20261009-result-oconnell2023-aws-gpu4-mutect2-runtime,model-execution-20261009-source-oconnell2023,"Table 1, row 47 (AWS, GPU4, Mutect2), column 'Time (min)'",21.54,result
model-execution-20261009-result-oconnell2023-aws-gpu4-mutect2-runtime-hours,model-execution-20261009-source-oconnell2023,"Table 1, row 47 (AWS, GPU4, Mutect2), column 'Time (h)'",0.36,result
model-execution-20261009-result-oconnell2023-aws-gpu4-mutect2-speedup,model-execution-20261009-source-oconnell2023,"Table 1, row 47 (AWS, GPU4, Mutect2), column 'Fold acceleration'",19.24,result
model-execution-20261009-result-oconnell2023-aws-gpu4-somaticsniper-compute-cost,model-execution-20261009-source-oconnell2023,"Table 1, row 58 (AWS, GPU4, SomaticSniper), column 'Cost ($)'",27.36,result
model-execution-20261009-result-oconnell2023-aws-gpu4-somaticsniper-cost-saving,model-execution-20261009-source-oconnell2023,"Table 1, row 58 (AWS, GPU4, SomaticSniper), column '% cost-savings'",− 208.11,result
model-execution-20261009-result-oconnell2023-aws-gpu4-somaticsniper-runtime,model-execution-20261009-source-oconnell2023,"Table 1, row 58 (AWS, GPU4, SomaticSniper), column 'Time (min)'",134.12,result
model-execution-20261009-result-oconnell2023-aws-gpu4-somaticsniper-runtime-hours,model-execution-20261009-source-oconnell2023,"Table 1, row 58 (AWS, GPU4, SomaticSniper), column 'Time (h)'",2.24,result
model-execution-20261009-result-oconnell2023-aws-gpu4-somaticsniper-speedup,model-execution-20261009-source-oconnell2023,"Table 1, row 58 (AWS, GPU4, SomaticSniper), column 'Fold acceleration'",2.92,result
model-execution-20261009-result-oconnell2023-aws-gpu8-deepvariant-compute-cost,model-execution-20261009-source-oconnell2023,"Table 1, row 4 (AWS, GPU8, DeepVariant), column 'Cost ($)'",21.95,result
model-execution-20261009-result-oconnell2023-aws-gpu8-deepvariant-cost-saving,model-execution-20261009-source-oconnell2023,"Table 1, row 4 (AWS, GPU8, DeepVariant), column '% cost-savings'",26.49,result
model-execution-20261009-result-oconnell2023-aws-gpu8-deepvariant-runtime,model-execution-20261009-source-oconnell2023,"Table 1, row 4 (AWS, GPU8, DeepVariant), column 'Time (min)'",42.19,result
model-execution-20261009-result-oconnell2023-aws-gpu8-deepvariant-runtime-hours,model-execution-20261009-source-oconnell2023,"Table 1, row 4 (AWS, GPU8, DeepVariant), column 'Time (h)'",0.7,result
model-execution-20261009-result-oconnell2023-aws-gpu8-deepvariant-speedup,model-execution-20261009-source-oconnell2023,"Table 1, row 4 (AWS, GPU8, DeepVariant), column 'Fold acceleration'",31.22,result
model-execution-20261009-result-oconnell2023-aws-gpu8-haplotypecaller-compute-cost,model-execution-20261009-source-oconnell2023,"Table 1, row 15 (AWS, GPU8, HaplotypeCaller), column 'Cost ($)'",21.60,result
model-execution-20261009-result-oconnell2023-aws-gpu8-haplotypecaller-cost-saving,model-execution-20261009-source-oconnell2023,"Table 1, row 15 (AWS, GPU8, HaplotypeCaller), column '% cost-savings'",56.21,result
model-execution-20261009-result-oconnell2023-aws-gpu8-haplotypecaller-runtime,model-execution-20261009-source-oconnell2023,"Table 1, row 15 (AWS, GPU8, HaplotypeCaller), column 'Time (min)'",41.51,result
model-execution-20261009-result-oconnell2023-aws-gpu8-haplotypecaller-runtime-hours,model-execution-20261009-source-oconnell2023,"Table 1, row 15 (AWS, GPU8, HaplotypeCaller), column 'Time (h)'",0.69,result
model-execution-20261009-result-oconnell2023-aws-gpu8-haplotypecaller-speedup,model-execution-20261009-source-oconnell2023,"Table 1, row 15 (AWS, GPU8, HaplotypeCaller), column 'Fold acceleration'",52.42,result
model-execution-20261009-result-oconnell2023-aws-gpu8-lofreq-compute-cost,model-execution-20261009-source-oconnell2023,"Table 1, row 26 (AWS, GPU8, LoFreq), column 'Cost ($)'",29.75,result
model-execution-20261009-result-oconnell2023-aws-gpu8-lofreq-cost-saving,model-execution-20261009-source-oconnell2023,"Table 1, row 26 (AWS, GPU8, LoFreq), column '% cost-savings'",− 628.55,result
model-execution-20261009-result-oconnell2023-aws-gpu8-lofreq-runtime,model-execution-20261009-source-oconnell2023,"Table 1, row 26 (AWS, GPU8, LoFreq), column 'Time (min)'",57.18,result
model-execution-20261009-result-oconnell2023-aws-gpu8-lofreq-runtime-hours,model-execution-20261009-source-oconnell2023,"Table 1, row 26 (AWS, GPU8, LoFreq), column 'Time (h)'",0.95,result
model-execution-20261009-result-oconnell2023-aws-gpu8-lofreq-speedup,model-execution-20261009-source-oconnell2023,"Table 1, row 26 (AWS, GPU8, LoFreq), column 'Fold acceleration'",3.15,result
model-execution-20261009-result-oconnell2023-aws-gpu8-muse-compute-cost,model-execution-20261009-source-oconnell2023,"Table 1, row 37 (AWS, GPU8, Muse), column 'Cost ($)'",11.59,result
model-execution-20261009-result-oconnell2023-aws-gpu8-muse-cost-saving,model-execution-20261009-source-oconnell2023,"Table 1, row 37 (AWS, GPU8, Muse), column '% cost-savings'",− 20.23,result
model-execution-20261009-result-oconnell2023-aws-gpu8-muse-runtime,model-execution-20261009-source-oconnell2023,"Table 1, row 37 (AWS, GPU8, Muse), column 'Time (min)'",22.27,result
model-execution-20261009-result-oconnell2023-aws-gpu8-muse-runtime-hours,model-execution-20261009-source-oconnell2023,"Table 1, row 37 (AWS, GPU8, Muse), column 'Time (h)'",0.37,result
model-execution-20261009-result-oconnell2023-aws-gpu8-muse-speedup,model-execution-20261009-source-oconnell2023,"Table 1, row 37 (AWS, GPU8, Muse), column 'Fold acceleration'",19.09,result
model-execution-20261009-result-oconnell2023-aws-gpu8-mutect2-compute-cost,model-execution-20261009-source-oconnell2023,"Table 1, row 48 (AWS, GPU8, Mutect2), column 'Cost ($)'",14.88,result
model-execution-20261009-result-oconnell2023-aws-gpu8-mutect2-cost-saving,model-execution-20261009-source-oconnell2023,"Table 1, row 48 (AWS, GPU8, Mutect2), column '% cost-savings'",− 58.36,result
model-execution-20261009-result-oconnell2023-aws-gpu8-mutect2-runtime,model-execution-20261009-source-oconnell2023,"Table 1, row 48 (AWS, GPU8, Mutect2), column 'Time (min)'",28.6,result
model-execution-20261009-result-oconnell2023-aws-gpu8-mutect2-runtime-hours,model-execution-20261009-source-oconnell2023,"Table 1, row 48 (AWS, GPU8, Mutect2), column 'Time (h)'",0.48,result
model-execution-20261009-result-oconnell2023-aws-gpu8-mutect2-speedup,model-execution-20261009-source-oconnell2023,"Table 1, row 48 (AWS, GPU8, Mutect2), column 'Fold acceleration'",14.50,result
model-execution-20261009-result-oconnell2023-aws-gpu8-somaticsniper-compute-cost,model-execution-20261009-source-oconnell2023,"Table 1, row 59 (AWS, GPU8, SomaticSniper), column 'Cost ($)'",75.17,result
model-execution-20261009-result-oconnell2023-aws-gpu8-somaticsniper-cost-saving,model-execution-20261009-source-oconnell2023,"Table 1, row 59 (AWS, GPU8, SomaticSniper), column '% cost-savings'",− 746.54,result
model-execution-20261009-result-oconnell2023-aws-gpu8-somaticsniper-runtime,model-execution-20261009-source-oconnell2023,"Table 1, row 59 (AWS, GPU8, SomaticSniper), column 'Time (min)'",144.48,result
model-execution-20261009-result-oconnell2023-aws-gpu8-somaticsniper-runtime-hours,model-execution-20261009-source-oconnell2023,"Table 1, row 59 (AWS, GPU8, SomaticSniper), column 'Time (h)'",2.41,result
model-execution-20261009-result-oconnell2023-aws-gpu8-somaticsniper-speedup,model-execution-20261009-source-oconnell2023,"Table 1, row 59 (AWS, GPU8, SomaticSniper), column 'Fold acceleration'",2.71,result
model-execution-20261009-result-oconnell2023-dgx-gpu2-deepvariant-runtime,model-execution-20261009-source-oconnell2023,"Table 1, row 9 (DGX, GPU2, DeepVariant), column 'Time (min)'",87.9,result
model-execution-20261009-result-oconnell2023-dgx-gpu2-deepvariant-runtime-hours,model-execution-20261009-source-oconnell2023,"Table 1, row 9 (DGX, GPU2, DeepVariant), column 'Time (h)'",1.47,result
model-execution-20261009-result-oconnell2023-dgx-gpu2-haplotypecaller-runtime,model-execution-20261009-source-oconnell2023,"Table 1, row 20 (DGX, GPU2, HaplotypeCaller), column 'Time (min)'",64.6,result
model-execution-20261009-result-oconnell2023-dgx-gpu2-haplotypecaller-runtime-hours,model-execution-20261009-source-oconnell2023,"Table 1, row 20 (DGX, GPU2, HaplotypeCaller), column 'Time (h)'",1.08,result
model-execution-20261009-result-oconnell2023-dgx-gpu2-lofreq-runtime,model-execution-20261009-source-oconnell2023,"Table 1, row 31 (DGX, GPU2, LoFreq), column 'Time (min)'",113.71,result
model-execution-20261009-result-oconnell2023-dgx-gpu2-lofreq-runtime-hours,model-execution-20261009-source-oconnell2023,"Table 1, row 31 (DGX, GPU2, LoFreq), column 'Time (h)'",1.9,result
model-execution-20261009-result-oconnell2023-dgx-gpu2-muse-runtime,model-execution-20261009-source-oconnell2023,"Table 1, row 42 (DGX, GPU2, Muse), column 'Time (min)'",36,result
model-execution-20261009-result-oconnell2023-dgx-gpu2-muse-runtime-hours,model-execution-20261009-source-oconnell2023,"Table 1, row 42 (DGX, GPU2, Muse), column 'Time (h)'",0.6,result
model-execution-20261009-result-oconnell2023-dgx-gpu2-mutect2-runtime,model-execution-20261009-source-oconnell2023,"Table 1, row 53 (DGX, GPU2, Mutect2), column 'Time (min)'",19.17,result
model-execution-20261009-result-oconnell2023-dgx-gpu2-mutect2-runtime-hours,model-execution-20261009-source-oconnell2023,"Table 1, row 53 (DGX, GPU2, Mutect2), column 'Time (h)'",0.32,result
model-execution-20261009-result-oconnell2023-dgx-gpu2-somaticsniper-runtime,model-execution-20261009-source-oconnell2023,"Table 1, row 64 (DGX, GPU2, SomaticSniper), column 'Time (min)'",77.54,result
model-execution-20261009-result-oconnell2023-dgx-gpu2-somaticsniper-runtime-hours,model-execution-20261009-source-oconnell2023,"Table 1, row 64 (DGX, GPU2, SomaticSniper), column 'Time (h)'",1.29,result
model-execution-20261009-result-oconnell2023-dgx-gpu4-deepvariant-runtime,model-execution-20261009-source-oconnell2023,"Table 1, row 10 (DGX, GPU4, DeepVariant), column 'Time (min)'",49.1,result
model-execution-20261009-result-oconnell2023-dgx-gpu4-deepvariant-runtime-hours,model-execution-20261009-source-oconnell2023,"Table 1, row 10 (DGX, GPU4, DeepVariant), column 'Time (h)'",0.82,result
model-execution-20261009-result-oconnell2023-dgx-gpu4-haplotypecaller-runtime,model-execution-20261009-source-oconnell2023,"Table 1, row 21 (DGX, GPU4, HaplotypeCaller), column 'Time (min)'",39,result
model-execution-20261009-result-oconnell2023-dgx-gpu4-haplotypecaller-runtime-hours,model-execution-20261009-source-oconnell2023,"Table 1, row 21 (DGX, GPU4, HaplotypeCaller), column 'Time (h)'",0.65,result
model-execution-20261009-result-oconnell2023-dgx-gpu4-lofreq-runtime,model-execution-20261009-source-oconnell2023,"Table 1, row 32 (DGX, GPU4, LoFreq), column 'Time (min)'",70.41,result
model-execution-20261009-result-oconnell2023-dgx-gpu4-lofreq-runtime-hours,model-execution-20261009-source-oconnell2023,"Table 1, row 32 (DGX, GPU4, LoFreq), column 'Time (h)'",1.18,result
model-execution-20261009-result-oconnell2023-dgx-gpu4-muse-runtime,model-execution-20261009-source-oconnell2023,"Table 1, row 43 (DGX, GPU4, Muse), column 'Time (min)'",23.84,result
model-execution-20261009-result-oconnell2023-dgx-gpu4-muse-runtime-hours,model-execution-20261009-source-oconnell2023,"Table 1, row 43 (DGX, GPU4, Muse), column 'Time (h)'",0.4,result
model-execution-20261009-result-oconnell2023-dgx-gpu4-mutect2-runtime,model-execution-20261009-source-oconnell2023,"Table 1, row 54 (DGX, GPU4, Mutect2), column 'Time (min)'",17.2,result
model-execution-20261009-result-oconnell2023-dgx-gpu4-mutect2-runtime-hours,model-execution-20261009-source-oconnell2023,"Table 1, row 54 (DGX, GPU4, Mutect2), column 'Time (h)'",0.29,result
model-execution-20261009-result-oconnell2023-dgx-gpu4-somaticsniper-runtime,model-execution-20261009-source-oconnell2023,"Table 1, row 65 (DGX, GPU4, SomaticSniper), column 'Time (min)'",65,result
model-execution-20261009-result-oconnell2023-dgx-gpu4-somaticsniper-runtime-hours,model-execution-20261009-source-oconnell2023,"Table 1, row 65 (DGX, GPU4, SomaticSniper), column 'Time (h)'",1.08,result
model-execution-20261009-result-oconnell2023-dgx-gpu8-deepvariant-runtime,model-execution-20261009-source-oconnell2023,"Table 1, row 11 (DGX, GPU8, DeepVariant), column 'Time (min)'",27.05,result
model-execution-20261009-result-oconnell2023-dgx-gpu8-deepvariant-runtime-hours,model-execution-20261009-source-oconnell2023,"Table 1, row 11 (DGX, GPU8, DeepVariant), column 'Time (h)'",0.45,result
model-execution-20261009-result-oconnell2023-dgx-gpu8-haplotypecaller-runtime,model-execution-20261009-source-oconnell2023,"Table 1, row 22 (DGX, GPU8, HaplotypeCaller), column 'Time (min)'",24.4,result
model-execution-20261009-result-oconnell2023-dgx-gpu8-haplotypecaller-runtime-hours,model-execution-20261009-source-oconnell2023,"Table 1, row 22 (DGX, GPU8, HaplotypeCaller), column 'Time (h)'",0.41,result
model-execution-20261009-result-oconnell2023-dgx-gpu8-lofreq-runtime,model-execution-20261009-source-oconnell2023,"Table 1, row 33 (DGX, GPU8, LoFreq), column 'Time (min)'",49.5,result
model-execution-20261009-result-oconnell2023-dgx-gpu8-lofreq-runtime-hours,model-execution-20261009-source-oconnell2023,"Table 1, row 33 (DGX, GPU8, LoFreq), column 'Time (h)'",0.83,result
model-execution-20261009-result-oconnell2023-dgx-gpu8-muse-runtime,model-execution-20261009-source-oconnell2023,"Table 1, row 44 (DGX, GPU8, Muse), column 'Time (min)'",22.7,result
model-execution-20261009-result-oconnell2023-dgx-gpu8-muse-runtime-hours,model-execution-20261009-source-oconnell2023,"Table 1, row 44 (DGX, GPU8, Muse), column 'Time (h)'",0.38,result
model-execution-20261009-result-oconnell2023-dgx-gpu8-mutect2-runtime,model-execution-20261009-source-oconnell2023,"Table 1, row 55 (DGX, GPU8, Mutect2), column 'Time (min)'",23.4,result
model-execution-20261009-result-oconnell2023-dgx-gpu8-mutect2-runtime-hours,model-execution-20261009-source-oconnell2023,"Table 1, row 55 (DGX, GPU8, Mutect2), column 'Time (h)'",0.39,result
model-execution-20261009-result-oconnell2023-dgx-gpu8-somaticsniper-runtime,model-execution-20261009-source-oconnell2023,"Table 1, row 66 (DGX, GPU8, SomaticSniper), column 'Time (min)'",63.5,result
model-execution-20261009-result-oconnell2023-dgx-gpu8-somaticsniper-runtime-hours,model-execution-20261009-source-oconnell2023,"Table 1, row 66 (DGX, GPU8, SomaticSniper), column 'Time (h)'",1.06,result
model-execution-20261009-result-oconnell2023-gcp-a2-gpu2-deepvariant-compute-cost,model-execution-20261009-source-oconnell2023,"Table 1, row 6 (GCP, GPU2, DeepVariant), column 'Cost ($)'",19.4,result
model-execution-20261009-result-oconnell2023-gcp-a2-gpu2-deepvariant-cost-saving,model-execution-20261009-source-oconnell2023,"Table 1, row 6 (GCP, GPU2, DeepVariant), column '% cost-savings'",41.03,result
model-execution-20261009-result-oconnell2023-gcp-a2-gpu2-deepvariant-runtime,model-execution-20261009-source-oconnell2023,"Table 1, row 6 (GCP, GPU2, DeepVariant), column 'Time (min)'",156,result
model-execution-20261009-result-oconnell2023-gcp-a2-gpu2-deepvariant-runtime-hours,model-execution-20261009-source-oconnell2023,"Table 1, row 6 (GCP, GPU2, DeepVariant), column 'Time (h)'",2.6,result
model-execution-20261009-result-oconnell2023-gcp-a2-gpu2-deepvariant-speedup,model-execution-20261009-source-oconnell2023,"Table 1, row 6 (GCP, GPU2, DeepVariant), column 'Fold acceleration'",7.2,result
model-execution-20261009-result-oconnell2023-gcp-a2-gpu2-haplotypecaller-compute-cost,model-execution-20261009-source-oconnell2023,"Table 1, row 17 (GCP, GPU2, HaplotypeCaller), column 'Cost ($)'",13.5,result
model-execution-20261009-result-oconnell2023-gcp-a2-gpu2-haplotypecaller-cost-saving,model-execution-20261009-source-oconnell2023,"Table 1, row 17 (GCP, GPU2, HaplotypeCaller), column '% cost-savings'",80.12,result
model-execution-20261009-result-oconnell2023-gcp-a2-gpu2-haplotypecaller-runtime,model-execution-20261009-source-oconnell2023,"Table 1, row 17 (GCP, GPU2, HaplotypeCaller), column 'Time (min)'",118.8,result
model-execution-20261009-result-oconnell2023-gcp-a2-gpu2-haplotypecaller-runtime-hours,model-execution-20261009-source-oconnell2023,"Table 1, row 17 (GCP, GPU2, HaplotypeCaller), column 'Time (h)'",1.98,result
model-execution-20261009-result-oconnell2023-gcp-a2-gpu2-haplotypecaller-speedup,model-execution-20261009-source-oconnell2023,"Table 1, row 17 (GCP, GPU2, HaplotypeCaller), column 'Fold acceleration'",19.6,result
model-execution-20261009-result-oconnell2023-gcp-a2-gpu2-lofreq-compute-cost,model-execution-20261009-source-oconnell2023,"Table 1, row 28 (GCP, GPU2, LoFreq), column 'Cost ($)'",19,result
model-execution-20261009-result-oconnell2023-gcp-a2-gpu2-lofreq-cost-saving,model-execution-20261009-source-oconnell2023,"Table 1, row 28 (GCP, GPU2, LoFreq), column '% cost-savings'",− 134.5,result
model-execution-20261009-result-oconnell2023-gcp-a2-gpu2-lofreq-runtime,model-execution-20261009-source-oconnell2023,"Table 1, row 28 (GCP, GPU2, LoFreq), column 'Time (min)'",155.2,result
model-execution-20261009-result-oconnell2023-gcp-a2-gpu2-lofreq-runtime-hours,model-execution-20261009-source-oconnell2023,"Table 1, row 28 (GCP, GPU2, LoFreq), column 'Time (h)'",2.59,result
model-execution-20261009-result-oconnell2023-gcp-a2-gpu2-lofreq-speedup,model-execution-20261009-source-oconnell2023,"Table 1, row 28 (GCP, GPU2, LoFreq), column 'Fold acceleration'",1.8,result
model-execution-20261009-result-oconnell2023-gcp-a2-gpu2-muse-compute-cost,model-execution-20261009-source-oconnell2023,"Table 1, row 39 (GCP, GPU2, Muse), column 'Cost ($)'",5.4,result
model-execution-20261009-result-oconnell2023-gcp-a2-gpu2-muse-cost-saving,model-execution-20261009-source-oconnell2023,"Table 1, row 39 (GCP, GPU2, Muse), column '% cost-savings'",70.1,result
model-execution-20261009-result-oconnell2023-gcp-a2-gpu2-muse-runtime,model-execution-20261009-source-oconnell2023,"Table 1, row 39 (GCP, GPU2, Muse), column 'Time (min)'",44.2,result
model-execution-20261009-result-oconnell2023-gcp-a2-gpu2-muse-runtime-hours,model-execution-20261009-source-oconnell2023,"Table 1, row 39 (GCP, GPU2, Muse), column 'Time (h)'",0.74,result
model-execution-20261009-result-oconnell2023-gcp-a2-gpu2-muse-speedup,model-execution-20261009-source-oconnell2023,"Table 1, row 39 (GCP, GPU2, Muse), column 'Fold acceleration'",14.1,result
model-execution-20261009-result-oconnell2023-gcp-a2-gpu2-mutect2-compute-cost,model-execution-20261009-source-oconnell2023,"Table 1, row 50 (GCP, GPU2, Mutect2), column 'Cost ($)'",4.03,result
model-execution-20261009-result-oconnell2023-gcp-a2-gpu2-mutect2-cost-saving,model-execution-20261009-source-oconnell2023,"Table 1, row 50 (GCP, GPU2, Mutect2), column '% cost-savings'",71.63,result
model-execution-20261009-result-oconnell2023-gcp-a2-gpu2-mutect2-runtime,model-execution-20261009-source-oconnell2023,"Table 1, row 50 (GCP, GPU2, Mutect2), column 'Time (min)'",32.9,result
model-execution-20261009-result-oconnell2023-gcp-a2-gpu2-mutect2-runtime-hours,model-execution-20261009-source-oconnell2023,"Table 1, row 50 (GCP, GPU2, Mutect2), column 'Time (h)'",0.55,result
model-execution-20261009-result-oconnell2023-gcp-a2-gpu2-mutect2-speedup,model-execution-20261009-source-oconnell2023,"Table 1, row 50 (GCP, GPU2, Mutect2), column 'Fold acceleration'",14.8,result
model-execution-20261009-result-oconnell2023-gcp-a2-gpu2-somaticsniper-compute-cost,model-execution-20261009-source-oconnell2023,"Table 1, row 61 (GCP, GPU2, SomaticSniper), column 'Cost ($)'",10.4,result
model-execution-20261009-result-oconnell2023-gcp-a2-gpu2-somaticsniper-cost-saving,model-execution-20261009-source-oconnell2023,"Table 1, row 61 (GCP, GPU2, SomaticSniper), column '% cost-savings'",26.18,result
model-execution-20261009-result-oconnell2023-gcp-a2-gpu2-somaticsniper-runtime,model-execution-20261009-source-oconnell2023,"Table 1, row 61 (GCP, GPU2, SomaticSniper), column 'Time (min)'",84.8,result
model-execution-20261009-result-oconnell2023-gcp-a2-gpu2-somaticsniper-runtime-hours,model-execution-20261009-source-oconnell2023,"Table 1, row 61 (GCP, GPU2, SomaticSniper), column 'Time (h)'",1.41,result
model-execution-20261009-result-oconnell2023-gcp-a2-gpu2-somaticsniper-speedup,model-execution-20261009-source-oconnell2023,"Table 1, row 61 (GCP, GPU2, SomaticSniper), column 'Fold acceleration'",5.7,result
model-execution-20261009-result-oconnell2023-gcp-a2-gpu4-deepvariant-compute-cost,model-execution-20261009-source-oconnell2023,"Table 1, row 7 (GCP, GPU4, DeepVariant), column 'Cost ($)'",18.3,result
model-execution-20261009-result-oconnell2023-gcp-a2-gpu4-deepvariant-cost-saving,model-execution-20261009-source-oconnell2023,"Table 1, row 7 (GCP, GPU4, DeepVariant), column '% cost-savings'",44.38,result
model-execution-20261009-result-oconnell2023-gcp-a2-gpu4-deepvariant-runtime,model-execution-20261009-source-oconnell2023,"Table 1, row 7 (GCP, GPU4, DeepVariant), column 'Time (min)'",72,result
model-execution-20261009-result-oconnell2023-gcp-a2-gpu4-deepvariant-runtime-hours,model-execution-20261009-source-oconnell2023,"Table 1, row 7 (GCP, GPU4, DeepVariant), column 'Time (h)'",1.2,result
model-execution-20261009-result-oconnell2023-gcp-a2-gpu4-deepvariant-speedup,model-execution-20261009-source-oconnell2023,"Table 1, row 7 (GCP, GPU4, DeepVariant), column 'Fold acceleration'",15.7,result
model-execution-20261009-result-oconnell2023-gcp-a2-gpu4-haplotypecaller-compute-cost,model-execution-20261009-source-oconnell2023,"Table 1, row 18 (GCP, GPU4, HaplotypeCaller), column 'Cost ($)'",14.1,result
model-execution-20261009-result-oconnell2023-gcp-a2-gpu4-haplotypecaller-cost-saving,model-execution-20261009-source-oconnell2023,"Table 1, row 18 (GCP, GPU4, HaplotypeCaller), column '% cost-savings'",79.23,result
model-execution-20261009-result-oconnell2023-gcp-a2-gpu4-haplotypecaller-runtime,model-execution-20261009-source-oconnell2023,"Table 1, row 18 (GCP, GPU4, HaplotypeCaller), column 'Time (min)'",57.6,result
model-execution-20261009-result-oconnell2023-gcp-a2-gpu4-haplotypecaller-runtime-hours,model-execution-20261009-source-oconnell2023,"Table 1, row 18 (GCP, GPU4, HaplotypeCaller), column 'Time (h)'",0.96,result
model-execution-20261009-result-oconnell2023-gcp-a2-gpu4-haplotypecaller-speedup,model-execution-20261009-source-oconnell2023,"Table 1, row 18 (GCP, GPU4, HaplotypeCaller), column 'Fold acceleration'",40,result
model-execution-20261009-result-oconnell2023-gcp-a2-gpu4-lofreq-compute-cost,model-execution-20261009-source-oconnell2023,"Table 1, row 29 (GCP, GPU4, LoFreq), column 'Cost ($)'",27.1,result
model-execution-20261009-result-oconnell2023-gcp-a2-gpu4-lofreq-cost-saving,model-execution-20261009-source-oconnell2023,"Table 1, row 29 (GCP, GPU4, LoFreq), column '% cost-savings'",− 235,result
model-execution-20261009-result-oconnell2023-gcp-a2-gpu4-lofreq-runtime,model-execution-20261009-source-oconnell2023,"Table 1, row 29 (GCP, GPU4, LoFreq), column 'Time (min)'",110.9,result
model-execution-20261009-result-oconnell2023-gcp-a2-gpu4-lofreq-runtime-hours,model-execution-20261009-source-oconnell2023,"Table 1, row 29 (GCP, GPU4, LoFreq), column 'Time (h)'",1.85,result
model-execution-20261009-result-oconnell2023-gcp-a2-gpu4-lofreq-speedup,model-execution-20261009-source-oconnell2023,"Table 1, row 29 (GCP, GPU4, LoFreq), column 'Fold acceleration'",2.5,result
model-execution-20261009-result-oconnell2023-gcp-a2-gpu4-muse-compute-cost,model-execution-20261009-source-oconnell2023,"Table 1, row 40 (GCP, GPU4, Muse), column 'Cost ($)'",7.9,result
model-execution-20261009-result-oconnell2023-gcp-a2-gpu4-muse-cost-saving,model-execution-20261009-source-oconnell2023,"Table 1, row 40 (GCP, GPU4, Muse), column '% cost-savings'",56.2,result
model-execution-20261009-result-oconnell2023-gcp-a2-gpu4-muse-runtime,model-execution-20261009-source-oconnell2023,"Table 1, row 40 (GCP, GPU4, Muse), column 'Time (min)'",32.4,result
model-execution-20261009-result-oconnell2023-gcp-a2-gpu4-muse-runtime-hours,model-execution-20261009-source-oconnell2023,"Table 1, row 40 (GCP, GPU4, Muse), column 'Time (h)'",0.54,result
model-execution-20261009-result-oconnell2023-gcp-a2-gpu4-muse-speedup,model-execution-20261009-source-oconnell2023,"Table 1, row 40 (GCP, GPU4, Muse), column 'Fold acceleration'",19.2,result
model-execution-20261009-result-oconnell2023-gcp-a2-gpu4-mutect2-compute-cost,model-execution-20261009-source-oconnell2023,"Table 1, row 51 (GCP, GPU4, Mutect2), column 'Cost ($)'",4.1,result
model-execution-20261009-result-oconnell2023-gcp-a2-gpu4-mutect2-cost-saving,model-execution-20261009-source-oconnell2023,"Table 1, row 51 (GCP, GPU4, Mutect2), column '% cost-savings'",71.29,result
model-execution-20261009-result-oconnell2023-gcp-a2-gpu4-mutect2-runtime,model-execution-20261009-source-oconnell2023,"Table 1, row 51 (GCP, GPU4, Mutect2), column 'Time (min)'",16.7,result
model-execution-20261009-result-oconnell2023-gcp-a2-gpu4-mutect2-runtime-hours,model-execution-20261009-source-oconnell2023,"Table 1, row 51 (GCP, GPU4, Mutect2), column 'Time (h)'",0.28,result
model-execution-20261009-result-oconnell2023-gcp-a2-gpu4-mutect2-speedup,model-execution-20261009-source-oconnell2023,"Table 1, row 51 (GCP, GPU4, Mutect2), column 'Fold acceleration'",29.3,result
model-execution-20261009-result-oconnell2023-gcp-a2-gpu4-somaticsniper-compute-cost,model-execution-20261009-source-oconnell2023,"Table 1, row 62 (GCP, GPU4, SomaticSniper), column 'Cost ($)'",16.9,result
model-execution-20261009-result-oconnell2023-gcp-a2-gpu4-somaticsniper-cost-saving,model-execution-20261009-source-oconnell2023,"Table 1, row 62 (GCP, GPU4, SomaticSniper), column '% cost-savings'",− 20.33,result
model-execution-20261009-result-oconnell2023-gcp-a2-gpu4-somaticsniper-runtime,model-execution-20261009-source-oconnell2023,"Table 1, row 62 (GCP, GPU4, SomaticSniper), column 'Time (min)'",69.1,result
model-execution-20261009-result-oconnell2023-gcp-a2-gpu4-somaticsniper-runtime-hours,model-execution-20261009-source-oconnell2023,"Table 1, row 62 (GCP, GPU4, SomaticSniper), column 'Time (h)'",1.15,result
model-execution-20261009-result-oconnell2023-gcp-a2-gpu4-somaticsniper-speedup,model-execution-20261009-source-oconnell2023,"Table 1, row 62 (GCP, GPU4, SomaticSniper), column 'Fold acceleration'",7,result
model-execution-20261009-result-oconnell2023-gcp-a2-gpu8-deepvariant-compute-cost,model-execution-20261009-source-oconnell2023,"Table 1, row 8 (GCP, GPU8, DeepVariant), column 'Cost ($)'",20.9,result
model-execution-20261009-result-oconnell2023-gcp-a2-gpu8-deepvariant-cost-saving,model-execution-20261009-source-oconnell2023,"Table 1, row 8 (GCP, GPU8, DeepVariant), column '% cost-savings'",36.47,result
model-execution-20261009-result-oconnell2023-gcp-a2-gpu8-deepvariant-runtime,model-execution-20261009-source-oconnell2023,"Table 1, row 8 (GCP, GPU8, DeepVariant), column 'Time (min)'",42.6,result
model-execution-20261009-result-oconnell2023-gcp-a2-gpu8-deepvariant-runtime-hours,model-execution-20261009-source-oconnell2023,"Table 1, row 8 (GCP, GPU8, DeepVariant), column 'Time (h)'",0.71,result
model-execution-20261009-result-oconnell2023-gcp-a2-gpu8-deepvariant-speedup,model-execution-20261009-source-oconnell2023,"Table 1, row 8 (GCP, GPU8, DeepVariant), column 'Fold acceleration'",26.5,result
model-execution-20261009-result-oconnell2023-gcp-a2-gpu8-haplotypecaller-compute-cost,model-execution-20261009-source-oconnell2023,"Table 1, row 19 (GCP, GPU8, HaplotypeCaller), column 'Cost ($)'",17.5,result
model-execution-20261009-result-oconnell2023-gcp-a2-gpu8-haplotypecaller-cost-saving,model-execution-20261009-source-oconnell2023,"Table 1, row 19 (GCP, GPU8, HaplotypeCaller), column '% cost-savings'",74.23,result
model-execution-20261009-result-oconnell2023-gcp-a2-gpu8-haplotypecaller-runtime,model-execution-20261009-source-oconnell2023,"Table 1, row 19 (GCP, GPU8, HaplotypeCaller), column 'Time (min)'",35.4,result
model-execution-20261009-result-oconnell2023-gcp-a2-gpu8-haplotypecaller-runtime-hours,model-execution-20261009-source-oconnell2023,"Table 1, row 19 (GCP, GPU8, HaplotypeCaller), column 'Time (h)'",0.59,result
model-execution-20261009-result-oconnell2023-gcp-a2-gpu8-haplotypecaller-speedup,model-execution-20261009-source-oconnell2023,"Table 1, row 19 (GCP, GPU8, HaplotypeCaller), column 'Fold acceleration'",65.8,result
model-execution-20261009-result-oconnell2023-gcp-a2-gpu8-lofreq-compute-cost,model-execution-20261009-source-oconnell2023,"Table 1, row 30 (GCP, GPU8, LoFreq), column 'Cost ($)'",30.1,result
model-execution-20261009-result-oconnell2023-gcp-a2-gpu8-lofreq-cost-saving,model-execution-20261009-source-oconnell2023,"Table 1, row 30 (GCP, GPU8, LoFreq), column '% cost-savings'",− 271,result
model-execution-20261009-result-oconnell2023-gcp-a2-gpu8-lofreq-runtime,model-execution-20261009-source-oconnell2023,"Table 1, row 30 (GCP, GPU8, LoFreq), column 'Time (min)'",61.4,result
model-execution-20261009-result-oconnell2023-gcp-a2-gpu8-lofreq-runtime-hours,model-execution-20261009-source-oconnell2023,"Table 1, row 30 (GCP, GPU8, LoFreq), column 'Time (h)'",1.02,result
model-execution-20261009-result-oconnell2023-gcp-a2-gpu8-lofreq-speedup,model-execution-20261009-source-oconnell2023,"Table 1, row 30 (GCP, GPU8, LoFreq), column 'Fold acceleration'",4.5,result
model-execution-20261009-result-oconnell2023-gcp-a2-gpu8-muse-compute-cost,model-execution-20261009-source-oconnell2023,"Table 1, row 41 (GCP, GPU8, Muse), column 'Cost ($)'",14,result
model-execution-20261009-result-oconnell2023-gcp-a2-gpu8-muse-cost-saving,model-execution-20261009-source-oconnell2023,"Table 1, row 41 (GCP, GPU8, Muse), column '% cost-savings'",22.9,result
model-execution-20261009-result-oconnell2023-gcp-a2-gpu8-muse-runtime,model-execution-20261009-source-oconnell2023,"Table 1, row 41 (GCP, GPU8, Muse), column 'Time (min)'",28.5,result
model-execution-20261009-result-oconnell2023-gcp-a2-gpu8-muse-runtime-hours,model-execution-20261009-source-oconnell2023,"Table 1, row 41 (GCP, GPU8, Muse), column 'Time (h)'",0.48,result
model-execution-20261009-result-oconnell2023-gcp-a2-gpu8-muse-speedup,model-execution-20261009-source-oconnell2023,"Table 1, row 41 (GCP, GPU8, Muse), column 'Fold acceleration'",21.8,result
model-execution-20261009-result-oconnell2023-gcp-a2-gpu8-mutect2-compute-cost,model-execution-20261009-source-oconnell2023,"Table 1, row 52 (GCP, GPU8, Mutect2), column 'Cost ($)'",15.2,result
model-execution-20261009-result-oconnell2023-gcp-a2-gpu8-mutect2-cost-saving,model-execution-20261009-source-oconnell2023,"Table 1, row 52 (GCP, GPU8, Mutect2), column '% cost-savings'",− 7.06,result
model-execution-20261009-result-oconnell2023-gcp-a2-gpu8-mutect2-runtime,model-execution-20261009-source-oconnell2023,"Table 1, row 52 (GCP, GPU8, Mutect2), column 'Time (min)'",31,result
model-execution-20261009-result-oconnell2023-gcp-a2-gpu8-mutect2-runtime-hours,model-execution-20261009-source-oconnell2023,"Table 1, row 52 (GCP, GPU8, Mutect2), column 'Time (h)'",0.52,result
model-execution-20261009-result-oconnell2023-gcp-a2-gpu8-mutect2-speedup,model-execution-20261009-source-oconnell2023,"Table 1, row 52 (GCP, GPU8, Mutect2), column 'Fold acceleration'",15.7,result
model-execution-20261009-result-oconnell2023-gcp-a2-gpu8-somaticsniper-compute-cost,model-execution-20261009-source-oconnell2023,"Table 1, row 63 (GCP, GPU8, SomaticSniper), column 'Cost ($)'",49.3,result
model-execution-20261009-result-oconnell2023-gcp-a2-gpu8-somaticsniper-cost-saving,model-execution-20261009-source-oconnell2023,"Table 1, row 63 (GCP, GPU8, SomaticSniper), column '% cost-savings'",− 250.2,result
model-execution-20261009-result-oconnell2023-gcp-a2-gpu8-somaticsniper-runtime,model-execution-20261009-source-oconnell2023,"Table 1, row 63 (GCP, GPU8, SomaticSniper), column 'Time (min)'",100.5,result
model-execution-20261009-result-oconnell2023-gcp-a2-gpu8-somaticsniper-runtime-hours,model-execution-20261009-source-oconnell2023,"Table 1, row 63 (GCP, GPU8, SomaticSniper), column 'Time (h)'",1.68,result
model-execution-20261009-result-oconnell2023-gcp-a2-gpu8-somaticsniper-speedup,model-execution-20261009-source-oconnell2023,"Table 1, row 63 (GCP, GPU8, SomaticSniper), column 'Fold acceleration'",4.8,result
model-execution-20261009-result-oconnell2023-gcp-n2-standard-32-deepvariant-compute-cost,model-execution-20261009-source-oconnell2023,"Table 1, row 5 (GCP, n2-32, DeepVariant), column 'Cost ($)'",32.9,result
model-execution-20261009-result-oconnell2023-gcp-n2-standard-32-deepvariant-runtime,model-execution-20261009-source-oconnell2023,"Table 1, row 5 (GCP, n2-32, DeepVariant), column 'Time (min)'",1128,result
model-execution-20261009-result-oconnell2023-gcp-n2-standard-32-deepvariant-runtime-hours,model-execution-20261009-source-oconnell2023,"Table 1, row 5 (GCP, n2-32, DeepVariant), column 'Time (h)'",18.8,result
model-execution-20261009-result-oconnell2023-gcp-n2-standard-32-haplotypecaller-compute-cost,model-execution-20261009-source-oconnell2023,"Table 1, row 16 (GCP, n2-32, HaplotypeCaller), column 'Cost ($)'",67.9,result
model-execution-20261009-result-oconnell2023-gcp-n2-standard-32-haplotypecaller-runtime,model-execution-20261009-source-oconnell2023,"Table 1, row 16 (GCP, n2-32, HaplotypeCaller), column 'Time (min)'",2328,result
model-execution-20261009-result-oconnell2023-gcp-n2-standard-32-haplotypecaller-runtime-hours,model-execution-20261009-source-oconnell2023,"Table 1, row 16 (GCP, n2-32, HaplotypeCaller), column 'Time (h)'",38.8,result
model-execution-20261009-result-oconnell2023-gcp-n2-standard-32-lofreq-compute-cost,model-execution-20261009-source-oconnell2023,"Table 1, row 27 (GCP, N2-32, LoFreq), column 'Cost ($)'",8.1,result
model-execution-20261009-result-oconnell2023-gcp-n2-standard-32-lofreq-runtime,model-execution-20261009-source-oconnell2023,"Table 1, row 27 (GCP, N2-32, LoFreq), column 'Time (min)'",277.8,result
model-execution-20261009-result-oconnell2023-gcp-n2-standard-32-lofreq-runtime-hours,model-execution-20261009-source-oconnell2023,"Table 1, row 27 (GCP, N2-32, LoFreq), column 'Time (h)'",4.63,result
model-execution-20261009-result-oconnell2023-gcp-n2-standard-32-muse-compute-cost,model-execution-20261009-source-oconnell2023,"Table 1, row 38 (GCP, N2_32, Muse), column 'Cost ($)'",18.1,result
model-execution-20261009-result-oconnell2023-gcp-n2-standard-32-muse-runtime,model-execution-20261009-source-oconnell2023,"Table 1, row 38 (GCP, N2_32, Muse), column 'Time (min)'",621.8,result
model-execution-20261009-result-oconnell2023-gcp-n2-standard-32-muse-runtime-hours,model-execution-20261009-source-oconnell2023,"Table 1, row 38 (GCP, N2_32, Muse), column 'Time (h)'",10.36,result
model-execution-20261009-result-oconnell2023-gcp-n2-standard-32-mutect2-compute-cost,model-execution-20261009-source-oconnell2023,"Table 1, row 49 (GCP, N2_32, Mutect2), column 'Cost ($)'",14.2,result
model-execution-20261009-result-oconnell2023-gcp-n2-standard-32-mutect2-runtime,model-execution-20261009-source-oconnell2023,"Table 1, row 49 (GCP, N2_32, Mutect2), column 'Time (min)'",487.7,result
model-execution-20261009-result-oconnell2023-gcp-n2-standard-32-mutect2-runtime-hours,model-execution-20261009-source-oconnell2023,"Table 1, row 49 (GCP, N2_32, Mutect2), column 'Time (h)'",8.13,result
model-execution-20261009-result-oconnell2023-gcp-n2-standard-32-somaticsniper-compute-cost,model-execution-20261009-source-oconnell2023,"Table 1, row 60 (GCP, N2_32, SomaticSniper), column 'Cost ($)'",14.1,result
model-execution-20261009-result-oconnell2023-gcp-n2-standard-32-somaticsniper-runtime,model-execution-20261009-source-oconnell2023,"Table 1, row 60 (GCP, N2_32, SomaticSniper), column 'Time (min)'",482.8,result
model-execution-20261009-result-oconnell2023-gcp-n2-standard-32-somaticsniper-runtime-hours,model-execution-20261009-source-oconnell2023,"Table 1, row 60 (GCP, N2_32, SomaticSniper), column 'Time (h)'",8.05,result
model-execution-20261009-result-samarakoon2025-cpu-epyc7702-dv-na12778,model-execution-20261009-source-samarakoon2025-supplement,"Supplementary Table S3 'b.2). Variant calling via DV', row 'NA12778', column 'CPU' (PDF page text)",337.75,result
model-execution-20261009-result-samarakoon2025-cpu-epyc7702-dv-na12812,model-execution-20261009-source-samarakoon2025-supplement,"Supplementary Table S3 'b.2). Variant calling via DV', row 'NA12812', column 'CPU' (PDF page text)",252.38,result
model-execution-20261009-result-samarakoon2025-cpu-epyc7702-dv-na12829,model-execution-20261009-source-samarakoon2025-supplement,"Supplementary Table S3 'b.2). Variant calling via DV', row 'NA12829', column 'CPU' (PDF page text)",313.45,result
model-execution-20261009-result-samarakoon2025-cpu-epyc7702-dv-na12843,model-execution-20261009-source-samarakoon2025-supplement,"Supplementary Table S3 'b.2). Variant calling via DV', row 'NA12843', column 'CPU' (PDF page text)",290.53,result
model-execution-20261009-result-samarakoon2025-cpu-epyc7702-dv-na12877,model-execution-20261009-source-samarakoon2025-supplement,"Supplementary Table S3 'b.2). Variant calling via DV', row 'NA12877', column 'CPU' (PDF page text)",429.22,result
model-execution-20261009-result-samarakoon2025-cpu-epyc7702-dv-na12878,model-execution-20261009-source-samarakoon2025-supplement,"Supplementary Table S3 'b.2). Variant calling via DV', row 'NA12878', column 'CPU' (PDF page text)",435.2,result
model-execution-20261009-result-samarakoon2025-cpu-epyc7702-dv-na12889,model-execution-20261009-source-samarakoon2025-supplement,"Supplementary Table S3 'b.2). Variant calling via DV', row 'NA12889', column 'CPU' (PDF page text)",488.38,result
model-execution-20261009-result-samarakoon2025-cpu-epyc7702-dv-na12890,model-execution-20261009-source-samarakoon2025-supplement,"Supplementary Table S3 'b.2). Variant calling via DV', row 'NA12890', column 'CPU' (PDF page text)",428.12,result
model-execution-20261009-result-samarakoon2025-cpu-epyc7702-dv-na12891,model-execution-20261009-source-samarakoon2025-supplement,"Supplementary Table S3 'b.2). Variant calling via DV', row 'NA12891', column 'CPU' (PDF page text)",465.07,result
model-execution-20261009-result-samarakoon2025-cpu-epyc7702-dv-na12892,model-execution-20261009-source-samarakoon2025-supplement,"Supplementary Table S3 'b.2). Variant calling via DV', row 'NA12892', column 'CPU' (PDF page text)",465.07,result
model-execution-20261009-result-samarakoon2025-cpu-epyc7702-hc-na12778,model-execution-20261009-source-samarakoon2025-supplement,"Supplementary Table S3 'b.1) Variant calling via HC or DRAGEN GSVC', row 'NA12778', column 'CPU' (PDF page text)",613.88,result
model-execution-20261009-result-samarakoon2025-cpu-epyc7702-hc-na12812,model-execution-20261009-source-samarakoon2025-supplement,"Supplementary Table S3 'b.1) Variant calling via HC or DRAGEN GSVC', row 'NA12812', column 'CPU' (PDF page text)",556.55,result
model-execution-20261009-result-samarakoon2025-cpu-epyc7702-hc-na12829,model-execution-20261009-source-samarakoon2025-supplement,"Supplementary Table S3 'b.1) Variant calling via HC or DRAGEN GSVC', row 'NA12829', column 'CPU' (PDF page text)",755.83,result
model-execution-20261009-result-samarakoon2025-cpu-epyc7702-hc-na12843,model-execution-20261009-source-samarakoon2025-supplement,"Supplementary Table S3 'b.1) Variant calling via HC or DRAGEN GSVC', row 'NA12843', column 'CPU' (PDF page text)",602.7,result
model-execution-20261009-result-samarakoon2025-cpu-epyc7702-hc-na12877,model-execution-20261009-source-samarakoon2025-supplement,"Supplementary Table S3 'b.1) Variant calling via HC or DRAGEN GSVC', row 'NA12877', column 'CPU' (PDF page text)",1153.62,result
model-execution-20261009-result-samarakoon2025-cpu-epyc7702-hc-na12878,model-execution-20261009-source-samarakoon2025-supplement,"Supplementary Table S3 'b.1) Variant calling via HC or DRAGEN GSVC', row 'NA12878', column 'CPU' (PDF page text)",1111.22,result
model-execution-20261009-result-samarakoon2025-cpu-epyc7702-hc-na12889,model-execution-20261009-source-samarakoon2025-supplement,"Supplementary Table S3 'b.1) Variant calling via HC or DRAGEN GSVC', row 'NA12889', column 'CPU' (PDF page text)",1345.18,result
model-execution-20261009-result-samarakoon2025-cpu-epyc7702-hc-na12890,model-execution-20261009-source-samarakoon2025-supplement,"Supplementary Table S3 'b.1) Variant calling via HC or DRAGEN GSVC', row 'NA12890', column 'CPU' (PDF page text)",1285.12,result
model-execution-20261009-result-samarakoon2025-cpu-epyc7702-hc-na12891,model-execution-20261009-source-samarakoon2025-supplement,"Supplementary Table S3 'b.1) Variant calling via HC or DRAGEN GSVC', row 'NA12891', column 'CPU' (PDF page text)",1088.73,result
model-execution-20261009-result-samarakoon2025-cpu-epyc7702-hc-na12892,model-execution-20261009-source-samarakoon2025-supplement,"Supplementary Table S3 'b.1) Variant calling via HC or DRAGEN GSVC', row 'NA12892', column 'CPU' (PDF page text)",1150.27,result
model-execution-20261009-result-samarakoon2025-cpu-epyc7702-mapping-na12778,model-execution-20261009-source-samarakoon2025-supplement,"Supplementary Table S3 'a) Read mapping', row 'NA12778', column 'CPU' (PDF page text)",334.2,result
model-execution-20261009-result-samarakoon2025-cpu-epyc7702-mapping-na12812,model-execution-20261009-source-samarakoon2025-supplement,"Supplementary Table S3 'a) Read mapping', row 'NA12812', column 'CPU' (PDF page text)",267.03,result
model-execution-20261009-result-samarakoon2025-cpu-epyc7702-mapping-na12829,model-execution-20261009-source-samarakoon2025-supplement,"Supplementary Table S3 'a) Read mapping', row 'NA12829', column 'CPU' (PDF page text)",507.82,result
model-execution-20261009-result-samarakoon2025-cpu-epyc7702-mapping-na12843,model-execution-20261009-source-samarakoon2025-supplement,"Supplementary Table S3 'a) Read mapping', row 'NA12843', column 'CPU' (PDF page text)",354.32,result
model-execution-20261009-result-samarakoon2025-cpu-epyc7702-mapping-na12877,model-execution-20261009-source-samarakoon2025-supplement,"Supplementary Table S3 'a) Read mapping', row 'NA12877', column 'CPU' (PDF page text)",1266.82,result
model-execution-20261009-result-samarakoon2025-cpu-epyc7702-mapping-na12878,model-execution-20261009-source-samarakoon2025-supplement,"Supplementary Table S3 'a) Read mapping', row 'NA12878', column 'CPU' (PDF page text)",1206.48,result
model-execution-20261009-result-samarakoon2025-cpu-epyc7702-mapping-na12889,model-execution-20261009-source-samarakoon2025-supplement,"Supplementary Table S3 'a) Read mapping', row 'NA12889', column 'CPU' (PDF page text)",1285.2,result
model-execution-20261009-result-samarakoon2025-cpu-epyc7702-mapping-na12890,model-execution-20261009-source-samarakoon2025-supplement,"Supplementary Table S3 'a) Read mapping', row 'NA12890', column 'CPU' (PDF page text)",1052.92,result
model-execution-20261009-result-samarakoon2025-cpu-epyc7702-mapping-na12891,model-execution-20261009-source-samarakoon2025-supplement,"Supplementary Table S3 'a) Read mapping', row 'NA12891', column 'CPU' (PDF page text)",1128.73,result
model-execution-20261009-result-samarakoon2025-cpu-epyc7702-mapping-na12892,model-execution-20261009-source-samarakoon2025-supplement,"Supplementary Table S3 'a) Read mapping', row 'NA12892', column 'CPU' (PDF page text)",1261.37,result
model-execution-20261009-result-samarakoon2025-cpu-epyc7702-total-na12778,model-execution-20261009-source-samarakoon2025-supplement,"Supplementary Table S3 'c.) Total processing time: Read mapping & HC or DRAGEN GSVC', row 'NA12778', column 'CPU' (PDF page text)",948.08,result
model-execution-20261009-result-samarakoon2025-cpu-epyc7702-total-na12812,model-execution-20261009-source-samarakoon2025-supplement,"Supplementary Table S3 'c.) Total processing time: Read mapping & HC or DRAGEN GSVC', row 'NA12812', column 'CPU' (PDF page text)",823.58,result
model-execution-20261009-result-samarakoon2025-cpu-epyc7702-total-na12829,model-execution-20261009-source-samarakoon2025-supplement,"Supplementary Table S3 'c.) Total processing time: Read mapping & HC or DRAGEN GSVC', row 'NA12829', column 'CPU' (PDF page text)",1263.65,result
model-execution-20261009-result-samarakoon2025-cpu-epyc7702-total-na12843,model-execution-20261009-source-samarakoon2025-supplement,"Supplementary Table S3 'c.) Total processing time: Read mapping & HC or DRAGEN GSVC', row 'NA12843', column 'CPU' (PDF page text)",957.02,result
model-execution-20261009-result-samarakoon2025-cpu-epyc7702-total-na12877,model-execution-20261009-source-samarakoon2025-supplement,"Supplementary Table S3 'c.) Total processing time: Read mapping & HC or DRAGEN GSVC', row 'NA12877', column 'CPU' (PDF page text)",2420.44,result
model-execution-20261009-result-samarakoon2025-cpu-epyc7702-total-na12878,model-execution-20261009-source-samarakoon2025-supplement,"Supplementary Table S3 'c.) Total processing time: Read mapping & HC or DRAGEN GSVC', row 'NA12878', column 'CPU' (PDF page text)",2317.7,result
model-execution-20261009-result-samarakoon2025-cpu-epyc7702-total-na12889,model-execution-20261009-source-samarakoon2025-supplement,"Supplementary Table S3 'c.) Total processing time: Read mapping & HC or DRAGEN GSVC', row 'NA12889', column 'CPU' (PDF page text)",2630.38,result
model-execution-20261009-result-samarakoon2025-cpu-epyc7702-total-na12890,model-execution-20261009-source-samarakoon2025-supplement,"Supplementary Table S3 'c.) Total processing time: Read mapping & HC or DRAGEN GSVC', row 'NA12890', column 'CPU' (PDF page text)",2338.04,result
model-execution-20261009-result-samarakoon2025-cpu-epyc7702-total-na12891,model-execution-20261009-source-samarakoon2025-supplement,"Supplementary Table S3 'c.) Total processing time: Read mapping & HC or DRAGEN GSVC', row 'NA12891', column 'CPU' (PDF page text)",2217.46,result
model-execution-20261009-result-samarakoon2025-cpu-epyc7702-total-na12892,model-execution-20261009-source-samarakoon2025-supplement,"Supplementary Table S3 'c.) Total processing time: Read mapping & HC or DRAGEN GSVC', row 'NA12892', column 'CPU' (PDF page text)",2411.64,result
model-execution-20261009-result-samarakoon2025-dragen42-server-v2-hc-na12778,model-execution-20261009-source-samarakoon2025-supplement,"Supplementary Table S3 'b.1) Variant calling via HC or DRAGEN GSVC', row 'NA12778', column 'DRAGEN' (PDF page text)",7.84,result
model-execution-20261009-result-samarakoon2025-dragen42-server-v2-hc-na12812,model-execution-20261009-source-samarakoon2025-supplement,"Supplementary Table S3 'b.1) Variant calling via HC or DRAGEN GSVC', row 'NA12812', column 'DRAGEN' (PDF page text)",7.88,result
model-execution-20261009-result-samarakoon2025-dragen42-server-v2-hc-na12829,model-execution-20261009-source-samarakoon2025-supplement,"Supplementary Table S3 'b.1) Variant calling via HC or DRAGEN GSVC', row 'NA12829', column 'DRAGEN' (PDF page text)",12.09,result
model-execution-20261009-result-samarakoon2025-dragen42-server-v2-hc-na12843,model-execution-20261009-source-samarakoon2025-supplement,"Supplementary Table S3 'b.1) Variant calling via HC or DRAGEN GSVC', row 'NA12843', column 'DRAGEN' (PDF page text)",8.19,result
model-execution-20261009-result-samarakoon2025-dragen42-server-v2-hc-na12877,model-execution-20261009-source-samarakoon2025-supplement,"Supplementary Table S3 'b.1) Variant calling via HC or DRAGEN GSVC', row 'NA12877', column 'DRAGEN' (PDF page text)",22.91,result
model-execution-20261009-result-samarakoon2025-dragen42-server-v2-hc-na12878,model-execution-20261009-source-samarakoon2025-supplement,"Supplementary Table S3 'b.1) Variant calling via HC or DRAGEN GSVC', row 'NA12878', column 'DRAGEN' (PDF page text)",21.44,result
model-execution-20261009-result-samarakoon2025-dragen42-server-v2-hc-na12889,model-execution-20261009-source-samarakoon2025-supplement,"Supplementary Table S3 'b.1) Variant calling via HC or DRAGEN GSVC', row 'NA12889', column 'DRAGEN' (PDF page text)",23.75,result
model-execution-20261009-result-samarakoon2025-dragen42-server-v2-hc-na12890,model-execution-20261009-source-samarakoon2025-supplement,"Supplementary Table S3 'b.1) Variant calling via HC or DRAGEN GSVC', row 'NA12890', column 'DRAGEN' (PDF page text)",19.85,result
model-execution-20261009-result-samarakoon2025-dragen42-server-v2-hc-na12891,model-execution-20261009-source-samarakoon2025-supplement,"Supplementary Table S3 'b.1) Variant calling via HC or DRAGEN GSVC', row 'NA12891', column 'DRAGEN' (PDF page text)",22.04,result
model-execution-20261009-result-samarakoon2025-dragen42-server-v2-hc-na12892,model-execution-20261009-source-samarakoon2025-supplement,"Supplementary Table S3 'b.1) Variant calling via HC or DRAGEN GSVC', row 'NA12892', column 'DRAGEN' (PDF page text)",23.23,result
model-execution-20261009-result-samarakoon2025-dragen42-server-v2-mapping-na12778,model-execution-20261009-source-samarakoon2025-supplement,"Supplementary Table S3 'a) Read mapping', row 'NA12778', column 'DRAGEN' (PDF page text)",14.08,result
model-execution-20261009-result-samarakoon2025-dragen42-server-v2-mapping-na12812,model-execution-20261009-source-samarakoon2025-supplement,"Supplementary Table S3 'a) Read mapping', row 'NA12812', column 'DRAGEN' (PDF page text)",12.44,result
model-execution-20261009-result-samarakoon2025-dragen42-server-v2-mapping-na12829,model-execution-20261009-source-samarakoon2025-supplement,"Supplementary Table S3 'a) Read mapping', row 'NA12829', column 'DRAGEN' (PDF page text)",21.71,result
model-execution-20261009-result-samarakoon2025-dragen42-server-v2-mapping-na12843,model-execution-20261009-source-samarakoon2025-supplement,"Supplementary Table S3 'a) Read mapping', row 'NA12843', column 'DRAGEN' (PDF page text)",15.25,result
model-execution-20261009-result-samarakoon2025-dragen42-server-v2-mapping-na12877,model-execution-20261009-source-samarakoon2025-supplement,"Supplementary Table S3 'a) Read mapping', row 'NA12877', column 'DRAGEN' (PDF page text)",41.14,result
model-execution-20261009-result-samarakoon2025-dragen42-server-v2-mapping-na12878,model-execution-20261009-source-samarakoon2025-supplement,"Supplementary Table S3 'a) Read mapping', row 'NA12878', column 'DRAGEN' (PDF page text)",38.85,result
model-execution-20261009-result-samarakoon2025-dragen42-server-v2-mapping-na12889,model-execution-20261009-source-samarakoon2025-supplement,"Supplementary Table S3 'a) Read mapping', row 'NA12889', column 'DRAGEN' (PDF page text)",43.17,result
model-execution-20261009-result-samarakoon2025-dragen42-server-v2-mapping-na12890,model-execution-20261009-source-samarakoon2025-supplement,"Supplementary Table S3 'a) Read mapping', row 'NA12890', column 'DRAGEN' (PDF page text)",36.23,result
model-execution-20261009-result-samarakoon2025-dragen42-server-v2-mapping-na12891,model-execution-20261009-source-samarakoon2025-supplement,"Supplementary Table S3 'a) Read mapping', row 'NA12891', column 'DRAGEN' (PDF page text)",39.98,result
model-execution-20261009-result-samarakoon2025-dragen42-server-v2-mapping-na12892,model-execution-20261009-source-samarakoon2025-supplement,"Supplementary Table S3 'a) Read mapping', row 'NA12892', column 'DRAGEN' (PDF page text)",41.99,result
model-execution-20261009-result-samarakoon2025-dragen42-server-v2-total-na12778,model-execution-20261009-source-samarakoon2025-supplement,"Supplementary Table S3 'c.) Total processing time: Read mapping & HC or DRAGEN GSVC', row 'NA12778', column 'DRAGEN' (PDF page text)",21.92,result
model-execution-20261009-result-samarakoon2025-dragen42-server-v2-total-na12812,model-execution-20261009-source-samarakoon2025-supplement,"Supplementary Table S3 'c.) Total processing time: Read mapping & HC or DRAGEN GSVC', row 'NA12812', column 'DRAGEN' (PDF page text)",20.32,result
model-execution-20261009-result-samarakoon2025-dragen42-server-v2-total-na12829,model-execution-20261009-source-samarakoon2025-supplement,"Supplementary Table S3 'c.) Total processing time: Read mapping & HC or DRAGEN GSVC', row 'NA12829', column 'DRAGEN' (PDF page text)",33.8,result
model-execution-20261009-result-samarakoon2025-dragen42-server-v2-total-na12843,model-execution-20261009-source-samarakoon2025-supplement,"Supplementary Table S3 'c.) Total processing time: Read mapping & HC or DRAGEN GSVC', row 'NA12843', column 'DRAGEN' (PDF page text)",23.44,result
model-execution-20261009-result-samarakoon2025-dragen42-server-v2-total-na12877,model-execution-20261009-source-samarakoon2025-supplement,"Supplementary Table S3 'c.) Total processing time: Read mapping & HC or DRAGEN GSVC', row 'NA12877', column 'DRAGEN' (PDF page text)",64.05,result
model-execution-20261009-result-samarakoon2025-dragen42-server-v2-total-na12878,model-execution-20261009-source-samarakoon2025-supplement,"Supplementary Table S3 'c.) Total processing time: Read mapping & HC or DRAGEN GSVC', row 'NA12878', column 'DRAGEN' (PDF page text)",60.29,result
model-execution-20261009-result-samarakoon2025-dragen42-server-v2-total-na12889,model-execution-20261009-source-samarakoon2025-supplement,"Supplementary Table S3 'c.) Total processing time: Read mapping & HC or DRAGEN GSVC', row 'NA12889', column 'DRAGEN' (PDF page text)",66.92,result
model-execution-20261009-result-samarakoon2025-dragen42-server-v2-total-na12890,model-execution-20261009-source-samarakoon2025-supplement,"Supplementary Table S3 'c.) Total processing time: Read mapping & HC or DRAGEN GSVC', row 'NA12890', column 'DRAGEN' (PDF page text)",56.08,result
model-execution-20261009-result-samarakoon2025-dragen42-server-v2-total-na12891,model-execution-20261009-source-samarakoon2025-supplement,"Supplementary Table S3 'c.) Total processing time: Read mapping & HC or DRAGEN GSVC', row 'NA12891', column 'DRAGEN' (PDF page text)",62.02,result
model-execution-20261009-result-samarakoon2025-dragen42-server-v2-total-na12892,model-execution-20261009-source-samarakoon2025-supplement,"Supplementary Table S3 'c.) Total processing time: Read mapping & HC or DRAGEN GSVC', row 'NA12892', column 'DRAGEN' (PDF page text)",65.22,result
model-execution-20261009-result-samarakoon2025-parabricks-4-3-0-1-8xh100-dv-version-na12878,model-execution-20261009-source-samarakoon2025-supplement,"Supplementary Table S4, row 'NA12878', column 'Parabricks DV.v4.3.0-1' (PDF page text)",16.05,result
model-execution-20261009-result-samarakoon2025-parabricks-4-3-0-1-8xh100-dv-version-na12890,model-execution-20261009-source-samarakoon2025-supplement,"Supplementary Table S4, row 'NA12890', column 'Parabricks DV.v4.3.0-1' (PDF page text)",16.13,result
model-execution-20261009-result-samarakoon2025-parabricks-4-3-0-1-8xh100-dv-version-na12892,model-execution-20261009-source-samarakoon2025-supplement,"Supplementary Table S4, row 'NA12892', column 'Parabricks DV.v4.3.0-1' (PDF page text)",17.87,result
model-execution-20261009-result-samarakoon2025-parabricks-4xa100-dv-na12778,model-execution-20261009-source-samarakoon2025-supplement,"Supplementary Table S3 'b.2). Variant calling via DV', row 'NA12778', column 'A100' (PDF page text)",5.98,result
model-execution-20261009-result-samarakoon2025-parabricks-4xa100-dv-na12812,model-execution-20261009-source-samarakoon2025-supplement,"Supplementary Table S3 'b.2). Variant calling via DV', row 'NA12812', column 'A100' (PDF page text)",4.38,result
model-execution-20261009-result-samarakoon2025-parabricks-4xa100-dv-na12829,model-execution-20261009-source-samarakoon2025-supplement,"Supplementary Table S3 'b.2). Variant calling via DV', row 'NA12829', column 'A100' (PDF page text)",7.5,result
model-execution-20261009-result-samarakoon2025-parabricks-4xa100-dv-na12843,model-execution-20261009-source-samarakoon2025-supplement,"Supplementary Table S3 'b.2). Variant calling via DV', row 'NA12843', column 'A100' (PDF page text)",5.18,result
model-execution-20261009-result-samarakoon2025-parabricks-4xa100-dv-na12877,model-execution-20261009-source-samarakoon2025-supplement,"Supplementary Table S3 'b.2). Variant calling via DV', row 'NA12877', column 'A100' (PDF page text)",15.28,result
model-execution-20261009-result-samarakoon2025-parabricks-4xa100-dv-na12878,model-execution-20261009-source-samarakoon2025-supplement,"Supplementary Table S3 'b.2). Variant calling via DV', row 'NA12878', column 'A100' (PDF page text)",16.9,result
model-execution-20261009-result-samarakoon2025-parabricks-4xa100-dv-na12889,model-execution-20261009-source-samarakoon2025-supplement,"Supplementary Table S3 'b.2). Variant calling via DV', row 'NA12889', column 'A100' (PDF page text)",17.62,result
model-execution-20261009-result-samarakoon2025-parabricks-4xa100-dv-na12890,model-execution-20261009-source-samarakoon2025-supplement,"Supplementary Table S3 'b.2). Variant calling via DV', row 'NA12890', column 'A100' (PDF page text)",13.6,result
model-execution-20261009-result-samarakoon2025-parabricks-4xa100-dv-na12891,model-execution-20261009-source-samarakoon2025-supplement,"Supplementary Table S3 'b.2). Variant calling via DV', row 'NA12891', column 'A100' (PDF page text)",17.4,result
model-execution-20261009-result-samarakoon2025-parabricks-4xa100-dv-na12892,model-execution-20261009-source-samarakoon2025-supplement,"Supplementary Table S3 'b.2). Variant calling via DV', row 'NA12892', column 'A100' (PDF page text)",17.7,result
model-execution-20261009-result-samarakoon2025-parabricks-4xa100-hc-na12778,model-execution-20261009-source-samarakoon2025-supplement,"Supplementary Table S3 'b.1) Variant calling via HC or DRAGEN GSVC', row 'NA12778', column 'A100' (PDF page text)",5.42,result
model-execution-20261009-result-samarakoon2025-parabricks-4xa100-hc-na12812,model-execution-20261009-source-samarakoon2025-supplement,"Supplementary Table S3 'b.1) Variant calling via HC or DRAGEN GSVC', row 'NA12812', column 'A100' (PDF page text)",4.75,result
model-execution-20261009-result-samarakoon2025-parabricks-4xa100-hc-na12829,model-execution-20261009-source-samarakoon2025-supplement,"Supplementary Table S3 'b.1) Variant calling via HC or DRAGEN GSVC', row 'NA12829', column 'A100' (PDF page text)",8.58,result
model-execution-20261009-result-samarakoon2025-parabricks-4xa100-hc-na12843,model-execution-20261009-source-samarakoon2025-supplement,"Supplementary Table S3 'b.1) Variant calling via HC or DRAGEN GSVC', row 'NA12843', column 'A100' (PDF page text)",6.43,result
model-execution-20261009-result-samarakoon2025-parabricks-4xa100-hc-na12877,model-execution-20261009-source-samarakoon2025-supplement,"Supplementary Table S3 'b.1) Variant calling via HC or DRAGEN GSVC', row 'NA12877', column 'A100' (PDF page text)",17.58,result
model-execution-20261009-result-samarakoon2025-parabricks-4xa100-hc-na12878,model-execution-20261009-source-samarakoon2025-supplement,"Supplementary Table S3 'b.1) Variant calling via HC or DRAGEN GSVC', row 'NA12878', column 'A100' (PDF page text)",17.6,result
model-execution-20261009-result-samarakoon2025-parabricks-4xa100-hc-na12889,model-execution-20261009-source-samarakoon2025-supplement,"Supplementary Table S3 'b.1) Variant calling via HC or DRAGEN GSVC', row 'NA12889', column 'A100' (PDF page text)",19.38,result
model-execution-20261009-result-samarakoon2025-parabricks-4xa100-hc-na12890,model-execution-20261009-source-samarakoon2025-supplement,"Supplementary Table S3 'b.1) Variant calling via HC or DRAGEN GSVC', row 'NA12890', column 'A100' (PDF page text)",15.9,result
model-execution-20261009-result-samarakoon2025-parabricks-4xa100-hc-na12891,model-execution-20261009-source-samarakoon2025-supplement,"Supplementary Table S3 'b.1) Variant calling via HC or DRAGEN GSVC', row 'NA12891', column 'A100' (PDF page text)",17.1,result
model-execution-20261009-result-samarakoon2025-parabricks-4xa100-hc-na12892,model-execution-20261009-source-samarakoon2025-supplement,"Supplementary Table S3 'b.1) Variant calling via HC or DRAGEN GSVC', row 'NA12892', column 'A100' (PDF page text)",18.77,result
model-execution-20261009-result-samarakoon2025-parabricks-4xa100-mapping-na12778,model-execution-20261009-source-samarakoon2025-supplement,"Supplementary Table S3 'a) Read mapping', row 'NA12778', column 'A100' (PDF page text)",14.98,result
model-execution-20261009-result-samarakoon2025-parabricks-4xa100-mapping-na12812,model-execution-20261009-source-samarakoon2025-supplement,"Supplementary Table S3 'a) Read mapping', row 'NA12812', column 'A100' (PDF page text)",10.9,result
model-execution-20261009-result-samarakoon2025-parabricks-4xa100-mapping-na12829,model-execution-20261009-source-samarakoon2025-supplement,"Supplementary Table S3 'a) Read mapping', row 'NA12829', column 'A100' (PDF page text)",26.98,result
model-execution-20261009-result-samarakoon2025-parabricks-4xa100-mapping-na12843,model-execution-20261009-source-samarakoon2025-supplement,"Supplementary Table S3 'a) Read mapping', row 'NA12843', column 'A100' (PDF page text)",17.87,result
model-execution-20261009-result-samarakoon2025-parabricks-4xa100-mapping-na12877,model-execution-20261009-source-samarakoon2025-supplement,"Supplementary Table S3 'a) Read mapping', row 'NA12877', column 'A100' (PDF page text)",53.95,result
model-execution-20261009-result-samarakoon2025-parabricks-4xa100-mapping-na12878,model-execution-20261009-source-samarakoon2025-supplement,"Supplementary Table S3 'a) Read mapping', row 'NA12878', column 'A100' (PDF page text)",60.52,result
model-execution-20261009-result-samarakoon2025-parabricks-4xa100-mapping-na12889,model-execution-20261009-source-samarakoon2025-supplement,"Supplementary Table S3 'a) Read mapping', row 'NA12889', column 'A100' (PDF page text)",60.1,result
model-execution-20261009-result-samarakoon2025-parabricks-4xa100-mapping-na12890,model-execution-20261009-source-samarakoon2025-supplement,"Supplementary Table S3 'a) Read mapping', row 'NA12890', column 'A100' (PDF page text)",48.27,result
model-execution-20261009-result-samarakoon2025-parabricks-4xa100-mapping-na12891,model-execution-20261009-source-samarakoon2025-supplement,"Supplementary Table S3 'a) Read mapping', row 'NA12891', column 'A100' (PDF page text)",60.55,result
model-execution-20261009-result-samarakoon2025-parabricks-4xa100-mapping-na12892,model-execution-20261009-source-samarakoon2025-supplement,"Supplementary Table S3 'a) Read mapping', row 'NA12892', column 'A100' (PDF page text)",63.58,result
model-execution-20261009-result-samarakoon2025-parabricks-4xa100-total-na12778,model-execution-20261009-source-samarakoon2025-supplement,"Supplementary Table S3 'c.) Total processing time: Read mapping & HC or DRAGEN GSVC', row 'NA12778', column 'A100' (PDF page text)",20.4,result
model-execution-20261009-result-samarakoon2025-parabricks-4xa100-total-na12812,model-execution-20261009-source-samarakoon2025-supplement,"Supplementary Table S3 'c.) Total processing time: Read mapping & HC or DRAGEN GSVC', row 'NA12812', column 'A100' (PDF page text)",15.65,result
model-execution-20261009-result-samarakoon2025-parabricks-4xa100-total-na12829,model-execution-20261009-source-samarakoon2025-supplement,"Supplementary Table S3 'c.) Total processing time: Read mapping & HC or DRAGEN GSVC', row 'NA12829', column 'A100' (PDF page text)",35.56,result
model-execution-20261009-result-samarakoon2025-parabricks-4xa100-total-na12843,model-execution-20261009-source-samarakoon2025-supplement,"Supplementary Table S3 'c.) Total processing time: Read mapping & HC or DRAGEN GSVC', row 'NA12843', column 'A100' (PDF page text)",24.3,result
model-execution-20261009-result-samarakoon2025-parabricks-4xa100-total-na12877,model-execution-20261009-source-samarakoon2025-supplement,"Supplementary Table S3 'c.) Total processing time: Read mapping & HC or DRAGEN GSVC', row 'NA12877', column 'A100' (PDF page text)",71.53,result
model-execution-20261009-result-samarakoon2025-parabricks-4xa100-total-na12878,model-execution-20261009-source-samarakoon2025-supplement,"Supplementary Table S3 'c.) Total processing time: Read mapping & HC or DRAGEN GSVC', row 'NA12878', column 'A100' (PDF page text)",78.12,result
model-execution-20261009-result-samarakoon2025-parabricks-4xa100-total-na12889,model-execution-20261009-source-samarakoon2025-supplement,"Supplementary Table S3 'c.) Total processing time: Read mapping & HC or DRAGEN GSVC', row 'NA12889', column 'A100' (PDF page text)",79.48,result
model-execution-20261009-result-samarakoon2025-parabricks-4xa100-total-na12890,model-execution-20261009-source-samarakoon2025-supplement,"Supplementary Table S3 'c.) Total processing time: Read mapping & HC or DRAGEN GSVC', row 'NA12890', column 'A100' (PDF page text)",64.17,result
model-execution-20261009-result-samarakoon2025-parabricks-4xa100-total-na12891,model-execution-20261009-source-samarakoon2025-supplement,"Supplementary Table S3 'c.) Total processing time: Read mapping & HC or DRAGEN GSVC', row 'NA12891', column 'A100' (PDF page text)",77.65,result
model-execution-20261009-result-samarakoon2025-parabricks-4xa100-total-na12892,model-execution-20261009-source-samarakoon2025-supplement,"Supplementary Table S3 'c.) Total processing time: Read mapping & HC or DRAGEN GSVC', row 'NA12892', column 'A100' (PDF page text)",82.35,result
model-execution-20261009-result-samarakoon2025-parabricks-4xl4-dv-na12778,model-execution-20261009-source-samarakoon2025-supplement,"Supplementary Table S3 'b.2). Variant calling via DV', row 'NA12778', column 'L4' (PDF page text)",12.47,result
model-execution-20261009-result-samarakoon2025-parabricks-4xl4-dv-na12812,model-execution-20261009-source-samarakoon2025-supplement,"Supplementary Table S3 'b.2). Variant calling via DV', row 'NA12812', column 'L4' (PDF page text)",9.58,result
model-execution-20261009-result-samarakoon2025-parabricks-4xl4-dv-na12829,model-execution-20261009-source-samarakoon2025-supplement,"Supplementary Table S3 'b.2). Variant calling via DV', row 'NA12829', column 'L4' (PDF page text)",17.08,result
model-execution-20261009-result-samarakoon2025-parabricks-4xl4-dv-na12843,model-execution-20261009-source-samarakoon2025-supplement,"Supplementary Table S3 'b.2). Variant calling via DV', row 'NA12843', column 'L4' (PDF page text)",11.97,result
model-execution-20261009-result-samarakoon2025-parabricks-4xl4-dv-na12877,model-execution-20261009-source-samarakoon2025-supplement,"Supplementary Table S3 'b.2). Variant calling via DV', row 'NA12877', column 'L4' (PDF page text)",29.98,result
model-execution-20261009-result-samarakoon2025-parabricks-4xl4-dv-na12878,model-execution-20261009-source-samarakoon2025-supplement,"Supplementary Table S3 'b.2). Variant calling via DV', row 'NA12878', column 'L4' (PDF page text)",30.03,result
model-execution-20261009-result-samarakoon2025-parabricks-4xl4-dv-na12889,model-execution-20261009-source-samarakoon2025-supplement,"Supplementary Table S3 'b.2). Variant calling via DV', row 'NA12889', column 'L4' (PDF page text)",33.48,result
model-execution-20261009-result-samarakoon2025-parabricks-4xl4-dv-na12890,model-execution-20261009-source-samarakoon2025-supplement,"Supplementary Table S3 'b.2). Variant calling via DV', row 'NA12890', column 'L4' (PDF page text)",26.53,result
model-execution-20261009-result-samarakoon2025-parabricks-4xl4-dv-na12891,model-execution-20261009-source-samarakoon2025-supplement,"Supplementary Table S3 'b.2). Variant calling via DV', row 'NA12891', column 'L4' (PDF page text)",28.8,result
model-execution-20261009-result-samarakoon2025-parabricks-4xl4-dv-na12892,model-execution-20261009-source-samarakoon2025-supplement,"Supplementary Table S3 'b.2). Variant calling via DV', row 'NA12892', column 'L4' (PDF page text)",31.58,result
model-execution-20261009-result-samarakoon2025-parabricks-4xl4-hc-na12778,model-execution-20261009-source-samarakoon2025-supplement,"Supplementary Table S3 'b.1) Variant calling via HC or DRAGEN GSVC', row 'NA12778', column 'L4' (PDF page text)",5.92,result
model-execution-20261009-result-samarakoon2025-parabricks-4xl4-hc-na12812,model-execution-20261009-source-samarakoon2025-supplement,"Supplementary Table S3 'b.1) Variant calling via HC or DRAGEN GSVC', row 'NA12812', column 'L4' (PDF page text)",5.63,result
model-execution-20261009-result-samarakoon2025-parabricks-4xl4-hc-na12829,model-execution-20261009-source-samarakoon2025-supplement,"Supplementary Table S3 'b.1) Variant calling via HC or DRAGEN GSVC', row 'NA12829', column 'L4' (PDF page text)",9.17,result
model-execution-20261009-result-samarakoon2025-parabricks-4xl4-hc-na12843,model-execution-20261009-source-samarakoon2025-supplement,"Supplementary Table S3 'b.1) Variant calling via HC or DRAGEN GSVC', row 'NA12843', column 'L4' (PDF page text)",7.05,result
model-execution-20261009-result-samarakoon2025-parabricks-4xl4-hc-na12877,model-execution-20261009-source-samarakoon2025-supplement,"Supplementary Table S3 'b.1) Variant calling via HC or DRAGEN GSVC', row 'NA12877', column 'L4' (PDF page text)",19.97,result
model-execution-20261009-result-samarakoon2025-parabricks-4xl4-hc-na12878,model-execution-20261009-source-samarakoon2025-supplement,"Supplementary Table S3 'b.1) Variant calling via HC or DRAGEN GSVC', row 'NA12878', column 'L4' (PDF page text)",20.67,result
model-execution-20261009-result-samarakoon2025-parabricks-4xl4-hc-na12889,model-execution-20261009-source-samarakoon2025-supplement,"Supplementary Table S3 'b.1) Variant calling via HC or DRAGEN GSVC', row 'NA12889', column 'L4' (PDF page text)",18.65,result
model-execution-20261009-result-samarakoon2025-parabricks-4xl4-hc-na12890,model-execution-20261009-source-samarakoon2025-supplement,"Supplementary Table S3 'b.1) Variant calling via HC or DRAGEN GSVC', row 'NA12890', column 'L4' (PDF page text)",21.28,result
model-execution-20261009-result-samarakoon2025-parabricks-4xl4-hc-na12891,model-execution-20261009-source-samarakoon2025-supplement,"Supplementary Table S3 'b.1) Variant calling via HC or DRAGEN GSVC', row 'NA12891', column 'L4' (PDF page text)",19.47,result
model-execution-20261009-result-samarakoon2025-parabricks-4xl4-hc-na12892,model-execution-20261009-source-samarakoon2025-supplement,"Supplementary Table S3 'b.1) Variant calling via HC or DRAGEN GSVC', row 'NA12892', column 'L4' (PDF page text)",23.4,result
model-execution-20261009-result-samarakoon2025-parabricks-4xl4-mapping-na12778,model-execution-20261009-source-samarakoon2025-supplement,"Supplementary Table S3 'a) Read mapping', row 'NA12778', column 'L4' (PDF page text)",26.02,result
model-execution-20261009-result-samarakoon2025-parabricks-4xl4-mapping-na12812,model-execution-20261009-source-samarakoon2025-supplement,"Supplementary Table S3 'a) Read mapping', row 'NA12812', column 'L4' (PDF page text)",19.05,result
model-execution-20261009-result-samarakoon2025-parabricks-4xl4-mapping-na12829,model-execution-20261009-source-samarakoon2025-supplement,"Supplementary Table S3 'a) Read mapping', row 'NA12829', column 'L4' (PDF page text)",45.12,result
model-execution-20261009-result-samarakoon2025-parabricks-4xl4-mapping-na12843,model-execution-20261009-source-samarakoon2025-supplement,"Supplementary Table S3 'a) Read mapping', row 'NA12843', column 'L4' (PDF page text)",30.6,result
model-execution-20261009-result-samarakoon2025-parabricks-4xl4-mapping-na12877,model-execution-20261009-source-samarakoon2025-supplement,"Supplementary Table S3 'a) Read mapping', row 'NA12877', column 'L4' (PDF page text)",108.13,result
model-execution-20261009-result-samarakoon2025-parabricks-4xl4-mapping-na12878,model-execution-20261009-source-samarakoon2025-supplement,"Supplementary Table S3 'a) Read mapping', row 'NA12878', column 'L4' (PDF page text)",102.78,result
model-execution-20261009-result-samarakoon2025-parabricks-4xl4-mapping-na12889,model-execution-20261009-source-samarakoon2025-supplement,"Supplementary Table S3 'a) Read mapping', row 'NA12889', column 'L4' (PDF page text)",123.33,result
model-execution-20261009-result-samarakoon2025-parabricks-4xl4-mapping-na12890,model-execution-20261009-source-samarakoon2025-supplement,"Supplementary Table S3 'a) Read mapping', row 'NA12890', column 'L4' (PDF page text)",93.9,result
model-execution-20261009-result-samarakoon2025-parabricks-4xl4-mapping-na12891,model-execution-20261009-source-samarakoon2025-supplement,"Supplementary Table S3 'a) Read mapping', row 'NA12891', column 'L4' (PDF page text)",103.17,result
model-execution-20261009-result-samarakoon2025-parabricks-4xl4-mapping-na12892,model-execution-20261009-source-samarakoon2025-supplement,"Supplementary Table S3 'a) Read mapping', row 'NA12892', column 'L4' (PDF page text)",109.77,result
model-execution-20261009-result-samarakoon2025-parabricks-4xl4-total-na12778,model-execution-20261009-source-samarakoon2025-supplement,"Supplementary Table S3 'c.) Total processing time: Read mapping & HC or DRAGEN GSVC', row 'NA12778', column 'L4' (PDF page text)",117.59,result
model-execution-20261009-result-samarakoon2025-parabricks-4xl4-total-na12812,model-execution-20261009-source-samarakoon2025-supplement,"Supplementary Table S3 'c.) Total processing time: Read mapping & HC or DRAGEN GSVC', row 'NA12812', column 'L4' (PDF page text)",24.68,result
model-execution-20261009-result-samarakoon2025-parabricks-4xl4-total-na12829,model-execution-20261009-source-samarakoon2025-supplement,"Supplementary Table S3 'c.) Total processing time: Read mapping & HC or DRAGEN GSVC', row 'NA12829', column 'L4' (PDF page text)",54.29,result
model-execution-20261009-result-samarakoon2025-parabricks-4xl4-total-na12843,model-execution-20261009-source-samarakoon2025-supplement,"Supplementary Table S3 'c.) Total processing time: Read mapping & HC or DRAGEN GSVC', row 'NA12843', column 'L4' (PDF page text)",37.65,result
model-execution-20261009-result-samarakoon2025-parabricks-4xl4-total-na12877,model-execution-20261009-source-samarakoon2025-supplement,"Supplementary Table S3 'c.) Total processing time: Read mapping & HC or DRAGEN GSVC', row 'NA12877', column 'L4' (PDF page text)",128.1,result
model-execution-20261009-result-samarakoon2025-parabricks-4xl4-total-na12878,model-execution-20261009-source-samarakoon2025-supplement,"Supplementary Table S3 'c.) Total processing time: Read mapping & HC or DRAGEN GSVC', row 'NA12878', column 'L4' (PDF page text)",123.45,result
model-execution-20261009-result-samarakoon2025-parabricks-4xl4-total-na12889,model-execution-20261009-source-samarakoon2025-supplement,"Supplementary Table S3 'c.) Total processing time: Read mapping & HC or DRAGEN GSVC', row 'NA12889', column 'L4' (PDF page text)",141.98,result
model-execution-20261009-result-samarakoon2025-parabricks-4xl4-total-na12890,model-execution-20261009-source-samarakoon2025-supplement,"Supplementary Table S3 'c.) Total processing time: Read mapping & HC or DRAGEN GSVC', row 'NA12890', column 'L4' (PDF page text)",115.18,result
model-execution-20261009-result-samarakoon2025-parabricks-4xl4-total-na12891,model-execution-20261009-source-samarakoon2025-supplement,"Supplementary Table S3 'c.) Total processing time: Read mapping & HC or DRAGEN GSVC', row 'NA12891', column 'L4' (PDF page text)",122.64,result
model-execution-20261009-result-samarakoon2025-parabricks-4xl4-total-na12892,model-execution-20261009-source-samarakoon2025-supplement,"Supplementary Table S3 'c.) Total processing time: Read mapping & HC or DRAGEN GSVC', row 'NA12892', column 'L4' (PDF page text)",133.17,result
model-execution-20261009-result-samarakoon2025-parabricks-8xh100-dv-na12778,model-execution-20261009-source-samarakoon2025-supplement,"Supplementary Table S3 'b.2). Variant calling via DV', row 'NA12778', column 'H100' (PDF page text)",6.08,result
model-execution-20261009-result-samarakoon2025-parabricks-8xh100-dv-na12812,model-execution-20261009-source-samarakoon2025-supplement,"Supplementary Table S3 'b.2). Variant calling via DV', row 'NA12812', column 'H100' (PDF page text)",4.15,result
model-execution-20261009-result-samarakoon2025-parabricks-8xh100-dv-na12829,model-execution-20261009-source-samarakoon2025-supplement,"Supplementary Table S3 'b.2). Variant calling via DV', row 'NA12829', column 'H100' (PDF page text)",9.82,result
model-execution-20261009-result-samarakoon2025-parabricks-8xh100-dv-na12843,model-execution-20261009-source-samarakoon2025-supplement,"Supplementary Table S3 'b.2). Variant calling via DV', row 'NA12843', column 'H100' (PDF page text)",6.65,result
model-execution-20261009-result-samarakoon2025-parabricks-8xh100-dv-na12877,model-execution-20261009-source-samarakoon2025-supplement,"Supplementary Table S3 'b.2). Variant calling via DV', row 'NA12877', column 'H100' (PDF page text)",16.37,result
model-execution-20261009-result-samarakoon2025-parabricks-8xh100-dv-na12878,model-execution-20261009-source-samarakoon2025-supplement,"Supplementary Table S3 'b.2). Variant calling via DV', row 'NA12878', column 'H100' (PDF page text)",14.58,result
model-execution-20261009-result-samarakoon2025-parabricks-8xh100-dv-na12889,model-execution-20261009-source-samarakoon2025-supplement,"Supplementary Table S3 'b.2). Variant calling via DV', row 'NA12889', column 'H100' (PDF page text)",20.07,result
model-execution-20261009-result-samarakoon2025-parabricks-8xh100-dv-na12890,model-execution-20261009-source-samarakoon2025-supplement,"Supplementary Table S3 'b.2). Variant calling via DV', row 'NA12890', column 'H100' (PDF page text)",14.77,result
model-execution-20261009-result-samarakoon2025-parabricks-8xh100-dv-na12891,model-execution-20261009-source-samarakoon2025-supplement,"Supplementary Table S3 'b.2). Variant calling via DV', row 'NA12891', column 'H100' (PDF page text)",22.47,result
model-execution-20261009-result-samarakoon2025-parabricks-8xh100-dv-na12892,model-execution-20261009-source-samarakoon2025-supplement,"Supplementary Table S3 'b.2). Variant calling via DV', row 'NA12892', column 'H100' (PDF page text)",16.05,result
model-execution-20261009-result-samarakoon2025-parabricks-8xh100-dv-version-na12878,model-execution-20261009-source-samarakoon2025-supplement,"Supplementary Table S4, row 'NA12878', column 'Parabricks DV.v4.1.0-1' (PDF page text)",14.58,result
model-execution-20261009-result-samarakoon2025-parabricks-8xh100-dv-version-na12890,model-execution-20261009-source-samarakoon2025-supplement,"Supplementary Table S4, row 'NA12890', column 'Parabricks DV.v4.1.0-1' (PDF page text)",14.77,result
model-execution-20261009-result-samarakoon2025-parabricks-8xh100-dv-version-na12892,model-execution-20261009-source-samarakoon2025-supplement,"Supplementary Table S4, row 'NA12892', column 'Parabricks DV.v4.1.0-1' (PDF page text)",16.05,result
model-execution-20261009-result-samarakoon2025-parabricks-8xh100-hc-na12778,model-execution-20261009-source-samarakoon2025-supplement,"Supplementary Table S3 'b.1) Variant calling via HC or DRAGEN GSVC', row 'NA12778', column 'H100' (PDF page text)",4.87,result
model-execution-20261009-result-samarakoon2025-parabricks-8xh100-hc-na12812,model-execution-20261009-source-samarakoon2025-supplement,"Supplementary Table S3 'b.1) Variant calling via HC or DRAGEN GSVC', row 'NA12812', column 'H100' (PDF page text)",4.5,result
model-execution-20261009-result-samarakoon2025-parabricks-8xh100-hc-na12829,model-execution-20261009-source-samarakoon2025-supplement,"Supplementary Table S3 'b.1) Variant calling via HC or DRAGEN GSVC', row 'NA12829', column 'H100' (PDF page text)",8,result
model-execution-20261009-result-samarakoon2025-parabricks-8xh100-hc-na12843,model-execution-20261009-source-samarakoon2025-supplement,"Supplementary Table S3 'b.1) Variant calling via HC or DRAGEN GSVC', row 'NA12843', column 'H100' (PDF page text)",5.67,result
model-execution-20261009-result-samarakoon2025-parabricks-8xh100-hc-na12877,model-execution-20261009-source-samarakoon2025-supplement,"Supplementary Table S3 'b.1) Variant calling via HC or DRAGEN GSVC', row 'NA12877', column 'H100' (PDF page text)",14.67,result
model-execution-20261009-result-samarakoon2025-parabricks-8xh100-hc-na12878,model-execution-20261009-source-samarakoon2025-supplement,"Supplementary Table S3 'b.1) Variant calling via HC or DRAGEN GSVC', row 'NA12878', column 'H100' (PDF page text)",14,result
model-execution-20261009-result-samarakoon2025-parabricks-8xh100-hc-na12889,model-execution-20261009-source-samarakoon2025-supplement,"Supplementary Table S3 'b.1) Variant calling via HC or DRAGEN GSVC', row 'NA12889', column 'H100' (PDF page text)",15.17,result
model-execution-20261009-result-samarakoon2025-parabricks-8xh100-hc-na12890,model-execution-20261009-source-samarakoon2025-supplement,"Supplementary Table S3 'b.1) Variant calling via HC or DRAGEN GSVC', row 'NA12890', column 'H100' (PDF page text)",13.83,result
model-execution-20261009-result-samarakoon2025-parabricks-8xh100-hc-na12891,model-execution-20261009-source-samarakoon2025-supplement,"Supplementary Table S3 'b.1) Variant calling via HC or DRAGEN GSVC', row 'NA12891', column 'H100' (PDF page text)",13.83,result
model-execution-20261009-result-samarakoon2025-parabricks-8xh100-hc-na12892,model-execution-20261009-source-samarakoon2025-supplement,"Supplementary Table S3 'b.1) Variant calling via HC or DRAGEN GSVC', row 'NA12892', column 'H100' (PDF page text)",15.32,result
model-execution-20261009-result-samarakoon2025-parabricks-8xh100-mapping-na12778,model-execution-20261009-source-samarakoon2025-supplement,"Supplementary Table S3 'a) Read mapping', row 'NA12778', column 'H100' (PDF page text)",14.15,result
model-execution-20261009-result-samarakoon2025-parabricks-8xh100-mapping-na12812,model-execution-20261009-source-samarakoon2025-supplement,"Supplementary Table S3 'a) Read mapping', row 'NA12812', column 'H100' (PDF page text)",10.02,result
model-execution-20261009-result-samarakoon2025-parabricks-8xh100-mapping-na12829,model-execution-20261009-source-samarakoon2025-supplement,"Supplementary Table S3 'a) Read mapping', row 'NA12829', column 'H100' (PDF page text)",24.88,result
model-execution-20261009-result-samarakoon2025-parabricks-8xh100-mapping-na12843,model-execution-20261009-source-samarakoon2025-supplement,"Supplementary Table S3 'a) Read mapping', row 'NA12843', column 'H100' (PDF page text)",15.5,result
model-execution-20261009-result-samarakoon2025-parabricks-8xh100-mapping-na12877,model-execution-20261009-source-samarakoon2025-supplement,"Supplementary Table S3 'a) Read mapping', row 'NA12877', column 'H100' (PDF page text)",43.17,result
model-execution-20261009-result-samarakoon2025-parabricks-8xh100-mapping-na12878,model-execution-20261009-source-samarakoon2025-supplement,"Supplementary Table S3 'a) Read mapping', row 'NA12878', column 'H100' (PDF page text)",40.22,result
model-execution-20261009-result-samarakoon2025-parabricks-8xh100-mapping-na12889,model-execution-20261009-source-samarakoon2025-supplement,"Supplementary Table S3 'a) Read mapping', row 'NA12889', column 'H100' (PDF page text)",45.38,result
model-execution-20261009-result-samarakoon2025-parabricks-8xh100-mapping-na12890,model-execution-20261009-source-samarakoon2025-supplement,"Supplementary Table S3 'a) Read mapping', row 'NA12890', column 'H100' (PDF page text)",34.78,result
model-execution-20261009-result-samarakoon2025-parabricks-8xh100-mapping-na12891,model-execution-20261009-source-samarakoon2025-supplement,"Supplementary Table S3 'a) Read mapping', row 'NA12891', column 'H100' (PDF page text)",39.27,result
model-execution-20261009-result-samarakoon2025-parabricks-8xh100-mapping-na12892,model-execution-20261009-source-samarakoon2025-supplement,"Supplementary Table S3 'a) Read mapping', row 'NA12892', column 'H100' (PDF page text)",42.95,result
model-execution-20261009-result-samarakoon2025-parabricks-8xh100-total-na12778,model-execution-20261009-source-samarakoon2025-supplement,"Supplementary Table S3 'c.) Total processing time: Read mapping & HC or DRAGEN GSVC', row 'NA12778', column 'H100' (PDF page text)",19.02,result
model-execution-20261009-result-samarakoon2025-parabricks-8xh100-total-na12812,model-execution-20261009-source-samarakoon2025-supplement,"Supplementary Table S3 'c.) Total processing time: Read mapping & HC or DRAGEN GSVC', row 'NA12812', column 'H100' (PDF page text)",14.52,result
model-execution-20261009-result-samarakoon2025-parabricks-8xh100-total-na12829,model-execution-20261009-source-samarakoon2025-supplement,"Supplementary Table S3 'c.) Total processing time: Read mapping & HC or DRAGEN GSVC', row 'NA12829', column 'H100' (PDF page text)",32.88,result
model-execution-20261009-result-samarakoon2025-parabricks-8xh100-total-na12843,model-execution-20261009-source-samarakoon2025-supplement,"Supplementary Table S3 'c.) Total processing time: Read mapping & HC or DRAGEN GSVC', row 'NA12843', column 'H100' (PDF page text)",21.17,result
model-execution-20261009-result-samarakoon2025-parabricks-8xh100-total-na12877,model-execution-20261009-source-samarakoon2025-supplement,"Supplementary Table S3 'c.) Total processing time: Read mapping & HC or DRAGEN GSVC', row 'NA12877', column 'H100' (PDF page text)",57.84,result
model-execution-20261009-result-samarakoon2025-parabricks-8xh100-total-na12878,model-execution-20261009-source-samarakoon2025-supplement,"Supplementary Table S3 'c.) Total processing time: Read mapping & HC or DRAGEN GSVC', row 'NA12878', column 'H100' (PDF page text)",54.22,result
model-execution-20261009-result-samarakoon2025-parabricks-8xh100-total-na12889,model-execution-20261009-source-samarakoon2025-supplement,"Supplementary Table S3 'c.) Total processing time: Read mapping & HC or DRAGEN GSVC', row 'NA12889', column 'H100' (PDF page text)",60.55,result
model-execution-20261009-result-samarakoon2025-parabricks-8xh100-total-na12890,model-execution-20261009-source-samarakoon2025-supplement,"Supplementary Table S3 'c.) Total processing time: Read mapping & HC or DRAGEN GSVC', row 'NA12890', column 'H100' (PDF page text)",48.61,result
model-execution-20261009-result-samarakoon2025-parabricks-8xh100-total-na12891,model-execution-20261009-source-samarakoon2025-supplement,"Supplementary Table S3 'c.) Total processing time: Read mapping & HC or DRAGEN GSVC', row 'NA12891', column 'H100' (PDF page text)",53.1,result
model-execution-20261009-result-samarakoon2025-parabricks-8xh100-total-na12892,model-execution-20261009-source-samarakoon2025-supplement,"Supplementary Table S3 'c.) Total processing time: Read mapping & HC or DRAGEN GSVC', row 'NA12892', column 'H100' (PDF page text)",58.27,result
