record_id,field,old_value,new_value,evidence
beacon-result-beacon-b-ssp-f1,attributes.metric_qualifier,,base pairs; binary F1 over all position pairs pooled across the test set; threshold 0.5,"BEACON downstream/train_secondary_structure.py: sigmoid(logits)>0.5 over the L x L pairing map, all test pairs concatenated, f1_score(average=""binary"") (https://github.com/terry-r123/RNABenchmark/blob/da7f9c7ac3f39605af27e1dfcdf879adba963d79/downstream/train_secondary_structure.py#L55-L63)"
beacon-result-beacon-b512-ssp-f1,attributes.metric_qualifier,,base pairs; binary F1 over all position pairs pooled across the test set; threshold 0.5,"BEACON downstream/train_secondary_structure.py: sigmoid(logits)>0.5 over the L x L pairing map, all test pairs concatenated, f1_score(average=""binary"") (https://github.com/terry-r123/RNABenchmark/blob/da7f9c7ac3f39605af27e1dfcdf879adba963d79/downstream/train_secondary_structure.py#L55-L63)"
beacon-result-cnn-ssp-f1,attributes.metric_qualifier,,base pairs; binary F1 over all position pairs pooled across the test set; threshold 0.5,"BEACON downstream/train_secondary_structure.py: sigmoid(logits)>0.5 over the L x L pairing map, all test pairs concatenated, f1_score(average=""binary"") (https://github.com/terry-r123/RNABenchmark/blob/da7f9c7ac3f39605af27e1dfcdf879adba963d79/downstream/train_secondary_structure.py#L55-L63)"
beacon-result-lstm-ssp-f1,attributes.metric_qualifier,,base pairs; binary F1 over all position pairs pooled across the test set; threshold 0.5,"BEACON downstream/train_secondary_structure.py: sigmoid(logits)>0.5 over the L x L pairing map, all test pairs concatenated, f1_score(average=""binary"") (https://github.com/terry-r123/RNABenchmark/blob/da7f9c7ac3f39605af27e1dfcdf879adba963d79/downstream/train_secondary_structure.py#L55-L63)"
beacon-result-resnet-ssp-f1,attributes.metric_qualifier,,base pairs; binary F1 over all position pairs pooled across the test set; threshold 0.5,"BEACON downstream/train_secondary_structure.py: sigmoid(logits)>0.5 over the L x L pairing map, all test pairs concatenated, f1_score(average=""binary"") (https://github.com/terry-r123/RNABenchmark/blob/da7f9c7ac3f39605af27e1dfcdf879adba963d79/downstream/train_secondary_structure.py#L55-L63)"
beacon-result-rna-fm-ssp-f1,attributes.metric_qualifier,,base pairs; binary F1 over all position pairs pooled across the test set; threshold 0.5,"BEACON downstream/train_secondary_structure.py: sigmoid(logits)>0.5 over the L x L pairing map, all test pairs concatenated, f1_score(average=""binary"") (https://github.com/terry-r123/RNABenchmark/blob/da7f9c7ac3f39605af27e1dfcdf879adba963d79/downstream/train_secondary_structure.py#L55-L63)"
beacon-result-rna-msm-ssp-f1,attributes.metric_qualifier,,base pairs; binary F1 over all position pairs pooled across the test set; threshold 0.5,"BEACON downstream/train_secondary_structure.py: sigmoid(logits)>0.5 over the L x L pairing map, all test pairs concatenated, f1_score(average=""binary"") (https://github.com/terry-r123/RNABenchmark/blob/da7f9c7ac3f39605af27e1dfcdf879adba963d79/downstream/train_secondary_structure.py#L55-L63)"
beacon-result-rnabert-ssp-f1,attributes.metric_qualifier,,base pairs; binary F1 over all position pairs pooled across the test set; threshold 0.5,"BEACON downstream/train_secondary_structure.py: sigmoid(logits)>0.5 over the L x L pairing map, all test pairs concatenated, f1_score(average=""binary"") (https://github.com/terry-r123/RNABenchmark/blob/da7f9c7ac3f39605af27e1dfcdf879adba963d79/downstream/train_secondary_structure.py#L55-L63)"
beacon-result-splice-h510-ssp-f1,attributes.metric_qualifier,,base pairs; binary F1 over all position pairs pooled across the test set; threshold 0.5,"BEACON downstream/train_secondary_structure.py: sigmoid(logits)>0.5 over the L x L pairing map, all test pairs concatenated, f1_score(average=""binary"") (https://github.com/terry-r123/RNABenchmark/blob/da7f9c7ac3f39605af27e1dfcdf879adba963d79/downstream/train_secondary_structure.py#L55-L63)"
beacon-result-splice-ms1024-ssp-f1,attributes.metric_qualifier,,base pairs; binary F1 over all position pairs pooled across the test set; threshold 0.5,"BEACON downstream/train_secondary_structure.py: sigmoid(logits)>0.5 over the L x L pairing map, all test pairs concatenated, f1_score(average=""binary"") (https://github.com/terry-r123/RNABenchmark/blob/da7f9c7ac3f39605af27e1dfcdf879adba963d79/downstream/train_secondary_structure.py#L55-L63)"
beacon-result-splice-ms510-ssp-f1,attributes.metric_qualifier,,base pairs; binary F1 over all position pairs pooled across the test set; threshold 0.5,"BEACON downstream/train_secondary_structure.py: sigmoid(logits)>0.5 over the L x L pairing map, all test pairs concatenated, f1_score(average=""binary"") (https://github.com/terry-r123/RNABenchmark/blob/da7f9c7ac3f39605af27e1dfcdf879adba963d79/downstream/train_secondary_structure.py#L55-L63)"
beacon-result-utr-lm-mrl-ssp-f1,attributes.metric_qualifier,,base pairs; binary F1 over all position pairs pooled across the test set; threshold 0.5,"BEACON downstream/train_secondary_structure.py: sigmoid(logits)>0.5 over the L x L pairing map, all test pairs concatenated, f1_score(average=""binary"") (https://github.com/terry-r123/RNABenchmark/blob/da7f9c7ac3f39605af27e1dfcdf879adba963d79/downstream/train_secondary_structure.py#L55-L63)"
beacon-result-utr-lm-te-and-el-ssp-f1,attributes.metric_qualifier,,base pairs; binary F1 over all position pairs pooled across the test set; threshold 0.5,"BEACON downstream/train_secondary_structure.py: sigmoid(logits)>0.5 over the L x L pairing map, all test pairs concatenated, f1_score(average=""binary"") (https://github.com/terry-r123/RNABenchmark/blob/da7f9c7ac3f39605af27e1dfcdf879adba963d79/downstream/train_secondary_structure.py#L55-L63)"
beacon-result-utrbert-3mer-ssp-f1,attributes.metric_qualifier,,base pairs; binary F1 over all position pairs pooled across the test set; threshold 0.5,"BEACON downstream/train_secondary_structure.py: sigmoid(logits)>0.5 over the L x L pairing map, all test pairs concatenated, f1_score(average=""binary"") (https://github.com/terry-r123/RNABenchmark/blob/da7f9c7ac3f39605af27e1dfcdf879adba963d79/downstream/train_secondary_structure.py#L55-L63)"
beacon-result-utrbert-4mer-ssp-f1,attributes.metric_qualifier,,base pairs; binary F1 over all position pairs pooled across the test set; threshold 0.5,"BEACON downstream/train_secondary_structure.py: sigmoid(logits)>0.5 over the L x L pairing map, all test pairs concatenated, f1_score(average=""binary"") (https://github.com/terry-r123/RNABenchmark/blob/da7f9c7ac3f39605af27e1dfcdf879adba963d79/downstream/train_secondary_structure.py#L55-L63)"
beacon-result-utrbert-5mer-ssp-f1,attributes.metric_qualifier,,base pairs; binary F1 over all position pairs pooled across the test set; threshold 0.5,"BEACON downstream/train_secondary_structure.py: sigmoid(logits)>0.5 over the L x L pairing map, all test pairs concatenated, f1_score(average=""binary"") (https://github.com/terry-r123/RNABenchmark/blob/da7f9c7ac3f39605af27e1dfcdf879adba963d79/downstream/train_secondary_structure.py#L55-L63)"
beacon-result-utrbert-6mer-ssp-f1,attributes.metric_qualifier,,base pairs; binary F1 over all position pairs pooled across the test set; threshold 0.5,"BEACON downstream/train_secondary_structure.py: sigmoid(logits)>0.5 over the L x L pairing map, all test pairs concatenated, f1_score(average=""binary"") (https://github.com/terry-r123/RNABenchmark/blob/da7f9c7ac3f39605af27e1dfcdf879adba963d79/downstream/train_secondary_structure.py#L55-L63)"
genomic-benchmarks-result-baseline-cnn-pytorch-demo-coding-vs-intergenomic-seqs-f1-f1,attributes.metric_qualifier,,"binary, positive class","Genomic Benchmarks src/genomic_benchmarks/models/torch.py: average=""binary"" for 2-class; tf.py: F1Score(num_classes=1, threshold=0.5) (commit f80cdbe, 2022-06-03, before the 2023 paper; https://github.com/ML-Bioinfo-CEITEC/genomic_benchmarks/blob/605d8539830e16c85abe7826990958303ffc5e1c/src/genomic_benchmarks/models/torch.py#L131)"
genomic-benchmarks-result-baseline-cnn-pytorch-demo-human-or-worm-f1-f1,attributes.metric_qualifier,,"binary, positive class","Genomic Benchmarks src/genomic_benchmarks/models/torch.py: average=""binary"" for 2-class; tf.py: F1Score(num_classes=1, threshold=0.5) (commit f80cdbe, 2022-06-03, before the 2023 paper; https://github.com/ML-Bioinfo-CEITEC/genomic_benchmarks/blob/605d8539830e16c85abe7826990958303ffc5e1c/src/genomic_benchmarks/models/torch.py#L131)"
genomic-benchmarks-result-baseline-cnn-pytorch-drosophila-enhancers-stark-f1-f1,attributes.metric_qualifier,,"binary, positive class","Genomic Benchmarks src/genomic_benchmarks/models/torch.py: average=""binary"" for 2-class; tf.py: F1Score(num_classes=1, threshold=0.5) (commit f80cdbe, 2022-06-03, before the 2023 paper; https://github.com/ML-Bioinfo-CEITEC/genomic_benchmarks/blob/605d8539830e16c85abe7826990958303ffc5e1c/src/genomic_benchmarks/models/torch.py#L131)"
genomic-benchmarks-result-baseline-cnn-pytorch-dummy-mouse-enhancers-ensembl-f1-f1,attributes.metric_qualifier,,"binary, positive class","Genomic Benchmarks src/genomic_benchmarks/models/torch.py: average=""binary"" for 2-class; tf.py: F1Score(num_classes=1, threshold=0.5) (commit f80cdbe, 2022-06-03, before the 2023 paper; https://github.com/ML-Bioinfo-CEITEC/genomic_benchmarks/blob/605d8539830e16c85abe7826990958303ffc5e1c/src/genomic_benchmarks/models/torch.py#L131)"
genomic-benchmarks-result-baseline-cnn-pytorch-human-enhancers-cohn-f1-f1,attributes.metric_qualifier,,"binary, positive class","Genomic Benchmarks src/genomic_benchmarks/models/torch.py: average=""binary"" for 2-class; tf.py: F1Score(num_classes=1, threshold=0.5) (commit f80cdbe, 2022-06-03, before the 2023 paper; https://github.com/ML-Bioinfo-CEITEC/genomic_benchmarks/blob/605d8539830e16c85abe7826990958303ffc5e1c/src/genomic_benchmarks/models/torch.py#L131)"
genomic-benchmarks-result-baseline-cnn-pytorch-human-enhancers-ensembl-f1-f1,attributes.metric_qualifier,,"binary, positive class","Genomic Benchmarks src/genomic_benchmarks/models/torch.py: average=""binary"" for 2-class; tf.py: F1Score(num_classes=1, threshold=0.5) (commit f80cdbe, 2022-06-03, before the 2023 paper; https://github.com/ML-Bioinfo-CEITEC/genomic_benchmarks/blob/605d8539830e16c85abe7826990958303ffc5e1c/src/genomic_benchmarks/models/torch.py#L131)"
genomic-benchmarks-result-baseline-cnn-pytorch-human-ensembl-regulatory-f1-f1,attributes.metric,f1-score,micro-f1,"Genomic Benchmarks models/torch.py average=""micro"" if multiclass; tf.py F1Score(average=""micro"") for >2 classes; human_ensembl_regulatory has 3 classes (paper Table 1) and Table 2 prints F1 equal to accuracy (93.3/93.3, 79.3/79.3) as micro F1 must (PMC10150520 Table 2)"
genomic-benchmarks-result-baseline-cnn-pytorch-human-nontata-promoters-f1-f1,attributes.metric_qualifier,,"binary, positive class","Genomic Benchmarks src/genomic_benchmarks/models/torch.py: average=""binary"" for 2-class; tf.py: F1Score(num_classes=1, threshold=0.5) (commit f80cdbe, 2022-06-03, before the 2023 paper; https://github.com/ML-Bioinfo-CEITEC/genomic_benchmarks/blob/605d8539830e16c85abe7826990958303ffc5e1c/src/genomic_benchmarks/models/torch.py#L131)"
genomic-benchmarks-result-baseline-cnn-pytorch-human-ocr-ensembl-f1-f1,attributes.metric_qualifier,,"binary, positive class","Genomic Benchmarks src/genomic_benchmarks/models/torch.py: average=""binary"" for 2-class; tf.py: F1Score(num_classes=1, threshold=0.5) (commit f80cdbe, 2022-06-03, before the 2023 paper; https://github.com/ML-Bioinfo-CEITEC/genomic_benchmarks/blob/605d8539830e16c85abe7826990958303ffc5e1c/src/genomic_benchmarks/models/torch.py#L131)"
genomic-benchmarks-result-baseline-cnn-tensorflow-demo-coding-vs-intergenomic-seqs-f1-f1,attributes.metric_qualifier,,"binary, positive class","Genomic Benchmarks src/genomic_benchmarks/models/torch.py: average=""binary"" for 2-class; tf.py: F1Score(num_classes=1, threshold=0.5) (commit f80cdbe, 2022-06-03, before the 2023 paper; https://github.com/ML-Bioinfo-CEITEC/genomic_benchmarks/blob/605d8539830e16c85abe7826990958303ffc5e1c/src/genomic_benchmarks/models/torch.py#L131)"
genomic-benchmarks-result-baseline-cnn-tensorflow-demo-human-or-worm-f1-f1,attributes.metric_qualifier,,"binary, positive class","Genomic Benchmarks src/genomic_benchmarks/models/torch.py: average=""binary"" for 2-class; tf.py: F1Score(num_classes=1, threshold=0.5) (commit f80cdbe, 2022-06-03, before the 2023 paper; https://github.com/ML-Bioinfo-CEITEC/genomic_benchmarks/blob/605d8539830e16c85abe7826990958303ffc5e1c/src/genomic_benchmarks/models/torch.py#L131)"
genomic-benchmarks-result-baseline-cnn-tensorflow-drosophila-enhancers-stark-f1-f1,attributes.metric_qualifier,,"binary, positive class","Genomic Benchmarks src/genomic_benchmarks/models/torch.py: average=""binary"" for 2-class; tf.py: F1Score(num_classes=1, threshold=0.5) (commit f80cdbe, 2022-06-03, before the 2023 paper; https://github.com/ML-Bioinfo-CEITEC/genomic_benchmarks/blob/605d8539830e16c85abe7826990958303ffc5e1c/src/genomic_benchmarks/models/torch.py#L131)"
genomic-benchmarks-result-baseline-cnn-tensorflow-dummy-mouse-enhancers-ensembl-f1-f1,attributes.metric_qualifier,,"binary, positive class","Genomic Benchmarks src/genomic_benchmarks/models/torch.py: average=""binary"" for 2-class; tf.py: F1Score(num_classes=1, threshold=0.5) (commit f80cdbe, 2022-06-03, before the 2023 paper; https://github.com/ML-Bioinfo-CEITEC/genomic_benchmarks/blob/605d8539830e16c85abe7826990958303ffc5e1c/src/genomic_benchmarks/models/torch.py#L131)"
genomic-benchmarks-result-baseline-cnn-tensorflow-human-enhancers-cohn-f1-f1,attributes.metric_qualifier,,"binary, positive class","Genomic Benchmarks src/genomic_benchmarks/models/torch.py: average=""binary"" for 2-class; tf.py: F1Score(num_classes=1, threshold=0.5) (commit f80cdbe, 2022-06-03, before the 2023 paper; https://github.com/ML-Bioinfo-CEITEC/genomic_benchmarks/blob/605d8539830e16c85abe7826990958303ffc5e1c/src/genomic_benchmarks/models/torch.py#L131)"
genomic-benchmarks-result-baseline-cnn-tensorflow-human-enhancers-ensembl-f1-f1,attributes.metric_qualifier,,"binary, positive class","Genomic Benchmarks src/genomic_benchmarks/models/torch.py: average=""binary"" for 2-class; tf.py: F1Score(num_classes=1, threshold=0.5) (commit f80cdbe, 2022-06-03, before the 2023 paper; https://github.com/ML-Bioinfo-CEITEC/genomic_benchmarks/blob/605d8539830e16c85abe7826990958303ffc5e1c/src/genomic_benchmarks/models/torch.py#L131)"
genomic-benchmarks-result-baseline-cnn-tensorflow-human-ensembl-regulatory-f1-f1,attributes.metric,f1-score,micro-f1,"Genomic Benchmarks models/torch.py average=""micro"" if multiclass; tf.py F1Score(average=""micro"") for >2 classes; human_ensembl_regulatory has 3 classes (paper Table 1) and Table 2 prints F1 equal to accuracy (93.3/93.3, 79.3/79.3) as micro F1 must (PMC10150520 Table 2)"
genomic-benchmarks-result-baseline-cnn-tensorflow-human-nontata-promoters-f1-f1,attributes.metric_qualifier,,"binary, positive class","Genomic Benchmarks src/genomic_benchmarks/models/torch.py: average=""binary"" for 2-class; tf.py: F1Score(num_classes=1, threshold=0.5) (commit f80cdbe, 2022-06-03, before the 2023 paper; https://github.com/ML-Bioinfo-CEITEC/genomic_benchmarks/blob/605d8539830e16c85abe7826990958303ffc5e1c/src/genomic_benchmarks/models/torch.py#L131)"
genomic-benchmarks-result-baseline-cnn-tensorflow-human-ocr-ensembl-f1-f1,attributes.metric_qualifier,,"binary, positive class","Genomic Benchmarks src/genomic_benchmarks/models/torch.py: average=""binary"" for 2-class; tf.py: F1Score(num_classes=1, threshold=0.5) (commit f80cdbe, 2022-06-03, before the 2023 paper; https://github.com/ML-Bioinfo-CEITEC/genomic_benchmarks/blob/605d8539830e16c85abe7826990958303ffc5e1c/src/genomic_benchmarks/models/torch.py#L131)"
gue-result-dnabert-2-covid-variant-classification-covid-f1,attributes.metric,f1-score,macro-f1,"DNABERT-2 finetune/train.py calculate_metric_with_sklearn: ""f1"": f1_score(average=""macro"") (https://github.com/MAGICS-LAB/DNABERT_2/blob/f25bed9ee20db966dff39e5c1571249d04e36404/finetune/train.py#L195); paper Table 12 assigns F1 to Covid variant classification"
gue-result-dnabert-2-further-pre-trained-on-gue-covid-variant-classification-covid-f1,attributes.metric,f1-score,macro-f1,"DNABERT-2 finetune/train.py calculate_metric_with_sklearn: ""f1"": f1_score(average=""macro"") (https://github.com/MAGICS-LAB/DNABERT_2/blob/f25bed9ee20db966dff39e5c1571249d04e36404/finetune/train.py#L195); paper Table 12 assigns F1 to Covid variant classification"
gue-result-dnabert-3-mer-covid-variant-classification-covid-f1,attributes.metric,f1-score,macro-f1,"DNABERT-2 finetune/train.py calculate_metric_with_sklearn: ""f1"": f1_score(average=""macro"") (https://github.com/MAGICS-LAB/DNABERT_2/blob/f25bed9ee20db966dff39e5c1571249d04e36404/finetune/train.py#L195); paper Table 12 assigns F1 to Covid variant classification"
gue-result-dnabert-4-mer-covid-variant-classification-covid-f1,attributes.metric,f1-score,macro-f1,"DNABERT-2 finetune/train.py calculate_metric_with_sklearn: ""f1"": f1_score(average=""macro"") (https://github.com/MAGICS-LAB/DNABERT_2/blob/f25bed9ee20db966dff39e5c1571249d04e36404/finetune/train.py#L195); paper Table 12 assigns F1 to Covid variant classification"
gue-result-dnabert-5-mer-covid-variant-classification-covid-f1,attributes.metric,f1-score,macro-f1,"DNABERT-2 finetune/train.py calculate_metric_with_sklearn: ""f1"": f1_score(average=""macro"") (https://github.com/MAGICS-LAB/DNABERT_2/blob/f25bed9ee20db966dff39e5c1571249d04e36404/finetune/train.py#L195); paper Table 12 assigns F1 to Covid variant classification"
gue-result-dnabert-6-mer-covid-variant-classification-covid-f1,attributes.metric,f1-score,macro-f1,"DNABERT-2 finetune/train.py calculate_metric_with_sklearn: ""f1"": f1_score(average=""macro"") (https://github.com/MAGICS-LAB/DNABERT_2/blob/f25bed9ee20db966dff39e5c1571249d04e36404/finetune/train.py#L195); paper Table 12 assigns F1 to Covid variant classification"
gue-result-nt-2500m-1000g-covid-variant-classification-covid-f1,attributes.metric,f1-score,macro-f1,"DNABERT-2 finetune/train.py calculate_metric_with_sklearn: ""f1"": f1_score(average=""macro"") (https://github.com/MAGICS-LAB/DNABERT_2/blob/f25bed9ee20db966dff39e5c1571249d04e36404/finetune/train.py#L195); paper Table 12 assigns F1 to Covid variant classification"
gue-result-nt-2500m-multi-covid-variant-classification-covid-f1,attributes.metric,f1-score,macro-f1,"DNABERT-2 finetune/train.py calculate_metric_with_sklearn: ""f1"": f1_score(average=""macro"") (https://github.com/MAGICS-LAB/DNABERT_2/blob/f25bed9ee20db966dff39e5c1571249d04e36404/finetune/train.py#L195); paper Table 12 assigns F1 to Covid variant classification"
gue-result-nt-500m-1000g-covid-variant-classification-covid-f1,attributes.metric,f1-score,macro-f1,"DNABERT-2 finetune/train.py calculate_metric_with_sklearn: ""f1"": f1_score(average=""macro"") (https://github.com/MAGICS-LAB/DNABERT_2/blob/f25bed9ee20db966dff39e5c1571249d04e36404/finetune/train.py#L195); paper Table 12 assigns F1 to Covid variant classification"
gue-result-nt-500m-human-covid-variant-classification-covid-f1,attributes.metric,f1-score,macro-f1,"DNABERT-2 finetune/train.py calculate_metric_with_sklearn: ""f1"": f1_score(average=""macro"") (https://github.com/MAGICS-LAB/DNABERT_2/blob/f25bed9ee20db966dff39e5c1571249d04e36404/finetune/train.py#L195); paper Table 12 assigns F1 to Covid variant classification"
open-problems-result-k-neighbors-classifier-log-cp10k-cengen-batch-f1-f1,attributes.metric,f1-score,weighted-f1,"openproblems v1.0.0 openproblems/tasks/label_projection/metrics/f1.py: f1() returns sklearn f1_score(average=""weighted""); f1_macro() is separate (https://github.com/openproblems-bio/openproblems/blob/v1.0.0/openproblems/tasks/label_projection/metrics/f1.py)"
open-problems-result-k-neighbors-classifier-log-cp10k-cengen-random-f1-f1,attributes.metric,f1-score,weighted-f1,"openproblems v1.0.0 openproblems/tasks/label_projection/metrics/f1.py: f1() returns sklearn f1_score(average=""weighted""); f1_macro() is separate (https://github.com/openproblems-bio/openproblems/blob/v1.0.0/openproblems/tasks/label_projection/metrics/f1.py)"
open-problems-result-k-neighbors-classifier-log-cp10k-pancreas-batch-f1-f1,attributes.metric,f1-score,weighted-f1,"openproblems v1.0.0 openproblems/tasks/label_projection/metrics/f1.py: f1() returns sklearn f1_score(average=""weighted""); f1_macro() is separate (https://github.com/openproblems-bio/openproblems/blob/v1.0.0/openproblems/tasks/label_projection/metrics/f1.py)"
open-problems-result-k-neighbors-classifier-log-cp10k-pancreas-random-f1-f1,attributes.metric,f1-score,weighted-f1,"openproblems v1.0.0 openproblems/tasks/label_projection/metrics/f1.py: f1() returns sklearn f1_score(average=""weighted""); f1_macro() is separate (https://github.com/openproblems-bio/openproblems/blob/v1.0.0/openproblems/tasks/label_projection/metrics/f1.py)"
open-problems-result-k-neighbors-classifier-log-cp10k-pancreas-random-label-noise-f1-f1,attributes.metric,f1-score,weighted-f1,"openproblems v1.0.0 openproblems/tasks/label_projection/metrics/f1.py: f1() returns sklearn f1_score(average=""weighted""); f1_macro() is separate (https://github.com/openproblems-bio/openproblems/blob/v1.0.0/openproblems/tasks/label_projection/metrics/f1.py)"
open-problems-result-k-neighbors-classifier-log-cp10k-tabula-muris-senis-lung-random-f1-f1,attributes.metric,f1-score,weighted-f1,"openproblems v1.0.0 openproblems/tasks/label_projection/metrics/f1.py: f1() returns sklearn f1_score(average=""weighted""); f1_macro() is separate (https://github.com/openproblems-bio/openproblems/blob/v1.0.0/openproblems/tasks/label_projection/metrics/f1.py)"
open-problems-result-k-neighbors-classifier-log-cp10k-zebrafish-labs-f1-f1,attributes.metric,f1-score,weighted-f1,"openproblems v1.0.0 openproblems/tasks/label_projection/metrics/f1.py: f1() returns sklearn f1_score(average=""weighted""); f1_macro() is separate (https://github.com/openproblems-bio/openproblems/blob/v1.0.0/openproblems/tasks/label_projection/metrics/f1.py)"
open-problems-result-k-neighbors-classifier-log-cp10k-zebrafish-random-f1-f1,attributes.metric,f1-score,weighted-f1,"openproblems v1.0.0 openproblems/tasks/label_projection/metrics/f1.py: f1() returns sklearn f1_score(average=""weighted""); f1_macro() is separate (https://github.com/openproblems-bio/openproblems/blob/v1.0.0/openproblems/tasks/label_projection/metrics/f1.py)"
open-problems-result-k-neighbors-classifier-log-scran-cengen-batch-f1-f1,attributes.metric,f1-score,weighted-f1,"openproblems v1.0.0 openproblems/tasks/label_projection/metrics/f1.py: f1() returns sklearn f1_score(average=""weighted""); f1_macro() is separate (https://github.com/openproblems-bio/openproblems/blob/v1.0.0/openproblems/tasks/label_projection/metrics/f1.py)"
open-problems-result-k-neighbors-classifier-log-scran-cengen-random-f1-f1,attributes.metric,f1-score,weighted-f1,"openproblems v1.0.0 openproblems/tasks/label_projection/metrics/f1.py: f1() returns sklearn f1_score(average=""weighted""); f1_macro() is separate (https://github.com/openproblems-bio/openproblems/blob/v1.0.0/openproblems/tasks/label_projection/metrics/f1.py)"
open-problems-result-k-neighbors-classifier-log-scran-pancreas-batch-f1-f1,attributes.metric,f1-score,weighted-f1,"openproblems v1.0.0 openproblems/tasks/label_projection/metrics/f1.py: f1() returns sklearn f1_score(average=""weighted""); f1_macro() is separate (https://github.com/openproblems-bio/openproblems/blob/v1.0.0/openproblems/tasks/label_projection/metrics/f1.py)"
open-problems-result-k-neighbors-classifier-log-scran-pancreas-random-f1-f1,attributes.metric,f1-score,weighted-f1,"openproblems v1.0.0 openproblems/tasks/label_projection/metrics/f1.py: f1() returns sklearn f1_score(average=""weighted""); f1_macro() is separate (https://github.com/openproblems-bio/openproblems/blob/v1.0.0/openproblems/tasks/label_projection/metrics/f1.py)"
open-problems-result-k-neighbors-classifier-log-scran-pancreas-random-label-noise-f1-f1,attributes.metric,f1-score,weighted-f1,"openproblems v1.0.0 openproblems/tasks/label_projection/metrics/f1.py: f1() returns sklearn f1_score(average=""weighted""); f1_macro() is separate (https://github.com/openproblems-bio/openproblems/blob/v1.0.0/openproblems/tasks/label_projection/metrics/f1.py)"
open-problems-result-k-neighbors-classifier-log-scran-tabula-muris-senis-lung-random-f1-f1,attributes.metric,f1-score,weighted-f1,"openproblems v1.0.0 openproblems/tasks/label_projection/metrics/f1.py: f1() returns sklearn f1_score(average=""weighted""); f1_macro() is separate (https://github.com/openproblems-bio/openproblems/blob/v1.0.0/openproblems/tasks/label_projection/metrics/f1.py)"
open-problems-result-k-neighbors-classifier-log-scran-zebrafish-labs-f1-f1,attributes.metric,f1-score,weighted-f1,"openproblems v1.0.0 openproblems/tasks/label_projection/metrics/f1.py: f1() returns sklearn f1_score(average=""weighted""); f1_macro() is separate (https://github.com/openproblems-bio/openproblems/blob/v1.0.0/openproblems/tasks/label_projection/metrics/f1.py)"
open-problems-result-k-neighbors-classifier-log-scran-zebrafish-random-f1-f1,attributes.metric,f1-score,weighted-f1,"openproblems v1.0.0 openproblems/tasks/label_projection/metrics/f1.py: f1() returns sklearn f1_score(average=""weighted""); f1_macro() is separate (https://github.com/openproblems-bio/openproblems/blob/v1.0.0/openproblems/tasks/label_projection/metrics/f1.py)"
open-problems-result-logistic-regression-log-cp10k-cengen-batch-f1-f1,attributes.metric,f1-score,weighted-f1,"openproblems v1.0.0 openproblems/tasks/label_projection/metrics/f1.py: f1() returns sklearn f1_score(average=""weighted""); f1_macro() is separate (https://github.com/openproblems-bio/openproblems/blob/v1.0.0/openproblems/tasks/label_projection/metrics/f1.py)"
open-problems-result-logistic-regression-log-cp10k-cengen-random-f1-f1,attributes.metric,f1-score,weighted-f1,"openproblems v1.0.0 openproblems/tasks/label_projection/metrics/f1.py: f1() returns sklearn f1_score(average=""weighted""); f1_macro() is separate (https://github.com/openproblems-bio/openproblems/blob/v1.0.0/openproblems/tasks/label_projection/metrics/f1.py)"
open-problems-result-logistic-regression-log-cp10k-pancreas-batch-f1-f1,attributes.metric,f1-score,weighted-f1,"openproblems v1.0.0 openproblems/tasks/label_projection/metrics/f1.py: f1() returns sklearn f1_score(average=""weighted""); f1_macro() is separate (https://github.com/openproblems-bio/openproblems/blob/v1.0.0/openproblems/tasks/label_projection/metrics/f1.py)"
open-problems-result-logistic-regression-log-cp10k-pancreas-random-f1-f1,attributes.metric,f1-score,weighted-f1,"openproblems v1.0.0 openproblems/tasks/label_projection/metrics/f1.py: f1() returns sklearn f1_score(average=""weighted""); f1_macro() is separate (https://github.com/openproblems-bio/openproblems/blob/v1.0.0/openproblems/tasks/label_projection/metrics/f1.py)"
open-problems-result-logistic-regression-log-cp10k-pancreas-random-label-noise-f1-f1,attributes.metric,f1-score,weighted-f1,"openproblems v1.0.0 openproblems/tasks/label_projection/metrics/f1.py: f1() returns sklearn f1_score(average=""weighted""); f1_macro() is separate (https://github.com/openproblems-bio/openproblems/blob/v1.0.0/openproblems/tasks/label_projection/metrics/f1.py)"
open-problems-result-logistic-regression-log-cp10k-tabula-muris-senis-lung-random-f1-f1,attributes.metric,f1-score,weighted-f1,"openproblems v1.0.0 openproblems/tasks/label_projection/metrics/f1.py: f1() returns sklearn f1_score(average=""weighted""); f1_macro() is separate (https://github.com/openproblems-bio/openproblems/blob/v1.0.0/openproblems/tasks/label_projection/metrics/f1.py)"
open-problems-result-logistic-regression-log-cp10k-zebrafish-labs-f1-f1,attributes.metric,f1-score,weighted-f1,"openproblems v1.0.0 openproblems/tasks/label_projection/metrics/f1.py: f1() returns sklearn f1_score(average=""weighted""); f1_macro() is separate (https://github.com/openproblems-bio/openproblems/blob/v1.0.0/openproblems/tasks/label_projection/metrics/f1.py)"
open-problems-result-logistic-regression-log-cp10k-zebrafish-random-f1-f1,attributes.metric,f1-score,weighted-f1,"openproblems v1.0.0 openproblems/tasks/label_projection/metrics/f1.py: f1() returns sklearn f1_score(average=""weighted""); f1_macro() is separate (https://github.com/openproblems-bio/openproblems/blob/v1.0.0/openproblems/tasks/label_projection/metrics/f1.py)"
open-problems-result-logistic-regression-log-scran-cengen-batch-f1-f1,attributes.metric,f1-score,weighted-f1,"openproblems v1.0.0 openproblems/tasks/label_projection/metrics/f1.py: f1() returns sklearn f1_score(average=""weighted""); f1_macro() is separate (https://github.com/openproblems-bio/openproblems/blob/v1.0.0/openproblems/tasks/label_projection/metrics/f1.py)"
open-problems-result-logistic-regression-log-scran-cengen-random-f1-f1,attributes.metric,f1-score,weighted-f1,"openproblems v1.0.0 openproblems/tasks/label_projection/metrics/f1.py: f1() returns sklearn f1_score(average=""weighted""); f1_macro() is separate (https://github.com/openproblems-bio/openproblems/blob/v1.0.0/openproblems/tasks/label_projection/metrics/f1.py)"
open-problems-result-logistic-regression-log-scran-pancreas-batch-f1-f1,attributes.metric,f1-score,weighted-f1,"openproblems v1.0.0 openproblems/tasks/label_projection/metrics/f1.py: f1() returns sklearn f1_score(average=""weighted""); f1_macro() is separate (https://github.com/openproblems-bio/openproblems/blob/v1.0.0/openproblems/tasks/label_projection/metrics/f1.py)"
open-problems-result-logistic-regression-log-scran-pancreas-random-f1-f1,attributes.metric,f1-score,weighted-f1,"openproblems v1.0.0 openproblems/tasks/label_projection/metrics/f1.py: f1() returns sklearn f1_score(average=""weighted""); f1_macro() is separate (https://github.com/openproblems-bio/openproblems/blob/v1.0.0/openproblems/tasks/label_projection/metrics/f1.py)"
open-problems-result-logistic-regression-log-scran-pancreas-random-label-noise-f1-f1,attributes.metric,f1-score,weighted-f1,"openproblems v1.0.0 openproblems/tasks/label_projection/metrics/f1.py: f1() returns sklearn f1_score(average=""weighted""); f1_macro() is separate (https://github.com/openproblems-bio/openproblems/blob/v1.0.0/openproblems/tasks/label_projection/metrics/f1.py)"
open-problems-result-logistic-regression-log-scran-tabula-muris-senis-lung-random-f1-f1,attributes.metric,f1-score,weighted-f1,"openproblems v1.0.0 openproblems/tasks/label_projection/metrics/f1.py: f1() returns sklearn f1_score(average=""weighted""); f1_macro() is separate (https://github.com/openproblems-bio/openproblems/blob/v1.0.0/openproblems/tasks/label_projection/metrics/f1.py)"
open-problems-result-logistic-regression-log-scran-zebrafish-labs-f1-f1,attributes.metric,f1-score,weighted-f1,"openproblems v1.0.0 openproblems/tasks/label_projection/metrics/f1.py: f1() returns sklearn f1_score(average=""weighted""); f1_macro() is separate (https://github.com/openproblems-bio/openproblems/blob/v1.0.0/openproblems/tasks/label_projection/metrics/f1.py)"
open-problems-result-logistic-regression-log-scran-zebrafish-random-f1-f1,attributes.metric,f1-score,weighted-f1,"openproblems v1.0.0 openproblems/tasks/label_projection/metrics/f1.py: f1() returns sklearn f1_score(average=""weighted""); f1_macro() is separate (https://github.com/openproblems-bio/openproblems/blob/v1.0.0/openproblems/tasks/label_projection/metrics/f1.py)"
open-problems-result-majority-vote-cengen-batch-f1-f1,attributes.metric,f1-score,weighted-f1,"openproblems v1.0.0 openproblems/tasks/label_projection/metrics/f1.py: f1() returns sklearn f1_score(average=""weighted""); f1_macro() is separate (https://github.com/openproblems-bio/openproblems/blob/v1.0.0/openproblems/tasks/label_projection/metrics/f1.py)"
open-problems-result-majority-vote-cengen-random-f1-f1,attributes.metric,f1-score,weighted-f1,"openproblems v1.0.0 openproblems/tasks/label_projection/metrics/f1.py: f1() returns sklearn f1_score(average=""weighted""); f1_macro() is separate (https://github.com/openproblems-bio/openproblems/blob/v1.0.0/openproblems/tasks/label_projection/metrics/f1.py)"
open-problems-result-majority-vote-pancreas-batch-f1-f1,attributes.metric,f1-score,weighted-f1,"openproblems v1.0.0 openproblems/tasks/label_projection/metrics/f1.py: f1() returns sklearn f1_score(average=""weighted""); f1_macro() is separate (https://github.com/openproblems-bio/openproblems/blob/v1.0.0/openproblems/tasks/label_projection/metrics/f1.py)"
open-problems-result-majority-vote-pancreas-random-f1-f1,attributes.metric,f1-score,weighted-f1,"openproblems v1.0.0 openproblems/tasks/label_projection/metrics/f1.py: f1() returns sklearn f1_score(average=""weighted""); f1_macro() is separate (https://github.com/openproblems-bio/openproblems/blob/v1.0.0/openproblems/tasks/label_projection/metrics/f1.py)"
open-problems-result-majority-vote-pancreas-random-label-noise-f1-f1,attributes.metric,f1-score,weighted-f1,"openproblems v1.0.0 openproblems/tasks/label_projection/metrics/f1.py: f1() returns sklearn f1_score(average=""weighted""); f1_macro() is separate (https://github.com/openproblems-bio/openproblems/blob/v1.0.0/openproblems/tasks/label_projection/metrics/f1.py)"
open-problems-result-majority-vote-tabula-muris-senis-lung-random-f1-f1,attributes.metric,f1-score,weighted-f1,"openproblems v1.0.0 openproblems/tasks/label_projection/metrics/f1.py: f1() returns sklearn f1_score(average=""weighted""); f1_macro() is separate (https://github.com/openproblems-bio/openproblems/blob/v1.0.0/openproblems/tasks/label_projection/metrics/f1.py)"
open-problems-result-majority-vote-zebrafish-labs-f1-f1,attributes.metric,f1-score,weighted-f1,"openproblems v1.0.0 openproblems/tasks/label_projection/metrics/f1.py: f1() returns sklearn f1_score(average=""weighted""); f1_macro() is separate (https://github.com/openproblems-bio/openproblems/blob/v1.0.0/openproblems/tasks/label_projection/metrics/f1.py)"
open-problems-result-majority-vote-zebrafish-random-f1-f1,attributes.metric,f1-score,weighted-f1,"openproblems v1.0.0 openproblems/tasks/label_projection/metrics/f1.py: f1() returns sklearn f1_score(average=""weighted""); f1_macro() is separate (https://github.com/openproblems-bio/openproblems/blob/v1.0.0/openproblems/tasks/label_projection/metrics/f1.py)"
open-problems-result-multilayer-perceptron-log-cp10k-cengen-batch-f1-f1,attributes.metric,f1-score,weighted-f1,"openproblems v1.0.0 openproblems/tasks/label_projection/metrics/f1.py: f1() returns sklearn f1_score(average=""weighted""); f1_macro() is separate (https://github.com/openproblems-bio/openproblems/blob/v1.0.0/openproblems/tasks/label_projection/metrics/f1.py)"
open-problems-result-multilayer-perceptron-log-cp10k-cengen-random-f1-f1,attributes.metric,f1-score,weighted-f1,"openproblems v1.0.0 openproblems/tasks/label_projection/metrics/f1.py: f1() returns sklearn f1_score(average=""weighted""); f1_macro() is separate (https://github.com/openproblems-bio/openproblems/blob/v1.0.0/openproblems/tasks/label_projection/metrics/f1.py)"
open-problems-result-multilayer-perceptron-log-cp10k-pancreas-batch-f1-f1,attributes.metric,f1-score,weighted-f1,"openproblems v1.0.0 openproblems/tasks/label_projection/metrics/f1.py: f1() returns sklearn f1_score(average=""weighted""); f1_macro() is separate (https://github.com/openproblems-bio/openproblems/blob/v1.0.0/openproblems/tasks/label_projection/metrics/f1.py)"
open-problems-result-multilayer-perceptron-log-cp10k-pancreas-random-f1-f1,attributes.metric,f1-score,weighted-f1,"openproblems v1.0.0 openproblems/tasks/label_projection/metrics/f1.py: f1() returns sklearn f1_score(average=""weighted""); f1_macro() is separate (https://github.com/openproblems-bio/openproblems/blob/v1.0.0/openproblems/tasks/label_projection/metrics/f1.py)"
open-problems-result-multilayer-perceptron-log-cp10k-pancreas-random-label-noise-f1-f1,attributes.metric,f1-score,weighted-f1,"openproblems v1.0.0 openproblems/tasks/label_projection/metrics/f1.py: f1() returns sklearn f1_score(average=""weighted""); f1_macro() is separate (https://github.com/openproblems-bio/openproblems/blob/v1.0.0/openproblems/tasks/label_projection/metrics/f1.py)"
open-problems-result-multilayer-perceptron-log-cp10k-tabula-muris-senis-lung-random-f1-f1,attributes.metric,f1-score,weighted-f1,"openproblems v1.0.0 openproblems/tasks/label_projection/metrics/f1.py: f1() returns sklearn f1_score(average=""weighted""); f1_macro() is separate (https://github.com/openproblems-bio/openproblems/blob/v1.0.0/openproblems/tasks/label_projection/metrics/f1.py)"
open-problems-result-multilayer-perceptron-log-cp10k-zebrafish-labs-f1-f1,attributes.metric,f1-score,weighted-f1,"openproblems v1.0.0 openproblems/tasks/label_projection/metrics/f1.py: f1() returns sklearn f1_score(average=""weighted""); f1_macro() is separate (https://github.com/openproblems-bio/openproblems/blob/v1.0.0/openproblems/tasks/label_projection/metrics/f1.py)"
open-problems-result-multilayer-perceptron-log-cp10k-zebrafish-random-f1-f1,attributes.metric,f1-score,weighted-f1,"openproblems v1.0.0 openproblems/tasks/label_projection/metrics/f1.py: f1() returns sklearn f1_score(average=""weighted""); f1_macro() is separate (https://github.com/openproblems-bio/openproblems/blob/v1.0.0/openproblems/tasks/label_projection/metrics/f1.py)"
open-problems-result-multilayer-perceptron-log-scran-cengen-batch-f1-f1,attributes.metric,f1-score,weighted-f1,"openproblems v1.0.0 openproblems/tasks/label_projection/metrics/f1.py: f1() returns sklearn f1_score(average=""weighted""); f1_macro() is separate (https://github.com/openproblems-bio/openproblems/blob/v1.0.0/openproblems/tasks/label_projection/metrics/f1.py)"
open-problems-result-multilayer-perceptron-log-scran-cengen-random-f1-f1,attributes.metric,f1-score,weighted-f1,"openproblems v1.0.0 openproblems/tasks/label_projection/metrics/f1.py: f1() returns sklearn f1_score(average=""weighted""); f1_macro() is separate (https://github.com/openproblems-bio/openproblems/blob/v1.0.0/openproblems/tasks/label_projection/metrics/f1.py)"
open-problems-result-multilayer-perceptron-log-scran-pancreas-batch-f1-f1,attributes.metric,f1-score,weighted-f1,"openproblems v1.0.0 openproblems/tasks/label_projection/metrics/f1.py: f1() returns sklearn f1_score(average=""weighted""); f1_macro() is separate (https://github.com/openproblems-bio/openproblems/blob/v1.0.0/openproblems/tasks/label_projection/metrics/f1.py)"
open-problems-result-multilayer-perceptron-log-scran-pancreas-random-f1-f1,attributes.metric,f1-score,weighted-f1,"openproblems v1.0.0 openproblems/tasks/label_projection/metrics/f1.py: f1() returns sklearn f1_score(average=""weighted""); f1_macro() is separate (https://github.com/openproblems-bio/openproblems/blob/v1.0.0/openproblems/tasks/label_projection/metrics/f1.py)"
open-problems-result-multilayer-perceptron-log-scran-pancreas-random-label-noise-f1-f1,attributes.metric,f1-score,weighted-f1,"openproblems v1.0.0 openproblems/tasks/label_projection/metrics/f1.py: f1() returns sklearn f1_score(average=""weighted""); f1_macro() is separate (https://github.com/openproblems-bio/openproblems/blob/v1.0.0/openproblems/tasks/label_projection/metrics/f1.py)"
open-problems-result-multilayer-perceptron-log-scran-tabula-muris-senis-lung-random-f1-f1,attributes.metric,f1-score,weighted-f1,"openproblems v1.0.0 openproblems/tasks/label_projection/metrics/f1.py: f1() returns sklearn f1_score(average=""weighted""); f1_macro() is separate (https://github.com/openproblems-bio/openproblems/blob/v1.0.0/openproblems/tasks/label_projection/metrics/f1.py)"
open-problems-result-multilayer-perceptron-log-scran-zebrafish-labs-f1-f1,attributes.metric,f1-score,weighted-f1,"openproblems v1.0.0 openproblems/tasks/label_projection/metrics/f1.py: f1() returns sklearn f1_score(average=""weighted""); f1_macro() is separate (https://github.com/openproblems-bio/openproblems/blob/v1.0.0/openproblems/tasks/label_projection/metrics/f1.py)"
open-problems-result-multilayer-perceptron-log-scran-zebrafish-random-f1-f1,attributes.metric,f1-score,weighted-f1,"openproblems v1.0.0 openproblems/tasks/label_projection/metrics/f1.py: f1() returns sklearn f1_score(average=""weighted""); f1_macro() is separate (https://github.com/openproblems-bio/openproblems/blob/v1.0.0/openproblems/tasks/label_projection/metrics/f1.py)"
open-problems-result-random-labels-cengen-batch-f1-f1,attributes.metric,f1-score,weighted-f1,"openproblems v1.0.0 openproblems/tasks/label_projection/metrics/f1.py: f1() returns sklearn f1_score(average=""weighted""); f1_macro() is separate (https://github.com/openproblems-bio/openproblems/blob/v1.0.0/openproblems/tasks/label_projection/metrics/f1.py)"
open-problems-result-random-labels-cengen-random-f1-f1,attributes.metric,f1-score,weighted-f1,"openproblems v1.0.0 openproblems/tasks/label_projection/metrics/f1.py: f1() returns sklearn f1_score(average=""weighted""); f1_macro() is separate (https://github.com/openproblems-bio/openproblems/blob/v1.0.0/openproblems/tasks/label_projection/metrics/f1.py)"
open-problems-result-random-labels-pancreas-batch-f1-f1,attributes.metric,f1-score,weighted-f1,"openproblems v1.0.0 openproblems/tasks/label_projection/metrics/f1.py: f1() returns sklearn f1_score(average=""weighted""); f1_macro() is separate (https://github.com/openproblems-bio/openproblems/blob/v1.0.0/openproblems/tasks/label_projection/metrics/f1.py)"
open-problems-result-random-labels-pancreas-random-f1-f1,attributes.metric,f1-score,weighted-f1,"openproblems v1.0.0 openproblems/tasks/label_projection/metrics/f1.py: f1() returns sklearn f1_score(average=""weighted""); f1_macro() is separate (https://github.com/openproblems-bio/openproblems/blob/v1.0.0/openproblems/tasks/label_projection/metrics/f1.py)"
open-problems-result-random-labels-pancreas-random-label-noise-f1-f1,attributes.metric,f1-score,weighted-f1,"openproblems v1.0.0 openproblems/tasks/label_projection/metrics/f1.py: f1() returns sklearn f1_score(average=""weighted""); f1_macro() is separate (https://github.com/openproblems-bio/openproblems/blob/v1.0.0/openproblems/tasks/label_projection/metrics/f1.py)"
open-problems-result-random-labels-tabula-muris-senis-lung-random-f1-f1,attributes.metric,f1-score,weighted-f1,"openproblems v1.0.0 openproblems/tasks/label_projection/metrics/f1.py: f1() returns sklearn f1_score(average=""weighted""); f1_macro() is separate (https://github.com/openproblems-bio/openproblems/blob/v1.0.0/openproblems/tasks/label_projection/metrics/f1.py)"
open-problems-result-random-labels-zebrafish-labs-f1-f1,attributes.metric,f1-score,weighted-f1,"openproblems v1.0.0 openproblems/tasks/label_projection/metrics/f1.py: f1() returns sklearn f1_score(average=""weighted""); f1_macro() is separate (https://github.com/openproblems-bio/openproblems/blob/v1.0.0/openproblems/tasks/label_projection/metrics/f1.py)"
open-problems-result-random-labels-zebrafish-random-f1-f1,attributes.metric,f1-score,weighted-f1,"openproblems v1.0.0 openproblems/tasks/label_projection/metrics/f1.py: f1() returns sklearn f1_score(average=""weighted""); f1_macro() is separate (https://github.com/openproblems-bio/openproblems/blob/v1.0.0/openproblems/tasks/label_projection/metrics/f1.py)"
open-problems-result-scanvi-all-genes-cengen-batch-f1-f1,attributes.metric,f1-score,weighted-f1,"openproblems v1.0.0 openproblems/tasks/label_projection/metrics/f1.py: f1() returns sklearn f1_score(average=""weighted""); f1_macro() is separate (https://github.com/openproblems-bio/openproblems/blob/v1.0.0/openproblems/tasks/label_projection/metrics/f1.py)"
open-problems-result-scanvi-all-genes-cengen-random-f1-f1,attributes.metric,f1-score,weighted-f1,"openproblems v1.0.0 openproblems/tasks/label_projection/metrics/f1.py: f1() returns sklearn f1_score(average=""weighted""); f1_macro() is separate (https://github.com/openproblems-bio/openproblems/blob/v1.0.0/openproblems/tasks/label_projection/metrics/f1.py)"
open-problems-result-scanvi-all-genes-pancreas-batch-f1-f1,attributes.metric,f1-score,weighted-f1,"openproblems v1.0.0 openproblems/tasks/label_projection/metrics/f1.py: f1() returns sklearn f1_score(average=""weighted""); f1_macro() is separate (https://github.com/openproblems-bio/openproblems/blob/v1.0.0/openproblems/tasks/label_projection/metrics/f1.py)"
open-problems-result-scanvi-all-genes-pancreas-random-f1-f1,attributes.metric,f1-score,weighted-f1,"openproblems v1.0.0 openproblems/tasks/label_projection/metrics/f1.py: f1() returns sklearn f1_score(average=""weighted""); f1_macro() is separate (https://github.com/openproblems-bio/openproblems/blob/v1.0.0/openproblems/tasks/label_projection/metrics/f1.py)"
open-problems-result-scanvi-all-genes-pancreas-random-label-noise-f1-f1,attributes.metric,f1-score,weighted-f1,"openproblems v1.0.0 openproblems/tasks/label_projection/metrics/f1.py: f1() returns sklearn f1_score(average=""weighted""); f1_macro() is separate (https://github.com/openproblems-bio/openproblems/blob/v1.0.0/openproblems/tasks/label_projection/metrics/f1.py)"
open-problems-result-scanvi-all-genes-tabula-muris-senis-lung-random-f1-f1,attributes.metric,f1-score,weighted-f1,"openproblems v1.0.0 openproblems/tasks/label_projection/metrics/f1.py: f1() returns sklearn f1_score(average=""weighted""); f1_macro() is separate (https://github.com/openproblems-bio/openproblems/blob/v1.0.0/openproblems/tasks/label_projection/metrics/f1.py)"
open-problems-result-scanvi-all-genes-zebrafish-labs-f1-f1,attributes.metric,f1-score,weighted-f1,"openproblems v1.0.0 openproblems/tasks/label_projection/metrics/f1.py: f1() returns sklearn f1_score(average=""weighted""); f1_macro() is separate (https://github.com/openproblems-bio/openproblems/blob/v1.0.0/openproblems/tasks/label_projection/metrics/f1.py)"
open-problems-result-scanvi-all-genes-zebrafish-random-f1-f1,attributes.metric,f1-score,weighted-f1,"openproblems v1.0.0 openproblems/tasks/label_projection/metrics/f1.py: f1() returns sklearn f1_score(average=""weighted""); f1_macro() is separate (https://github.com/openproblems-bio/openproblems/blob/v1.0.0/openproblems/tasks/label_projection/metrics/f1.py)"
open-problems-result-scanvi-seurat-v3-2000-hvg-cengen-batch-f1-f1,attributes.metric,f1-score,weighted-f1,"openproblems v1.0.0 openproblems/tasks/label_projection/metrics/f1.py: f1() returns sklearn f1_score(average=""weighted""); f1_macro() is separate (https://github.com/openproblems-bio/openproblems/blob/v1.0.0/openproblems/tasks/label_projection/metrics/f1.py)"
open-problems-result-scanvi-seurat-v3-2000-hvg-cengen-random-f1-f1,attributes.metric,f1-score,weighted-f1,"openproblems v1.0.0 openproblems/tasks/label_projection/metrics/f1.py: f1() returns sklearn f1_score(average=""weighted""); f1_macro() is separate (https://github.com/openproblems-bio/openproblems/blob/v1.0.0/openproblems/tasks/label_projection/metrics/f1.py)"
open-problems-result-scanvi-seurat-v3-2000-hvg-pancreas-batch-f1-f1,attributes.metric,f1-score,weighted-f1,"openproblems v1.0.0 openproblems/tasks/label_projection/metrics/f1.py: f1() returns sklearn f1_score(average=""weighted""); f1_macro() is separate (https://github.com/openproblems-bio/openproblems/blob/v1.0.0/openproblems/tasks/label_projection/metrics/f1.py)"
open-problems-result-scanvi-seurat-v3-2000-hvg-pancreas-random-f1-f1,attributes.metric,f1-score,weighted-f1,"openproblems v1.0.0 openproblems/tasks/label_projection/metrics/f1.py: f1() returns sklearn f1_score(average=""weighted""); f1_macro() is separate (https://github.com/openproblems-bio/openproblems/blob/v1.0.0/openproblems/tasks/label_projection/metrics/f1.py)"
open-problems-result-scanvi-seurat-v3-2000-hvg-pancreas-random-label-noise-f1-f1,attributes.metric,f1-score,weighted-f1,"openproblems v1.0.0 openproblems/tasks/label_projection/metrics/f1.py: f1() returns sklearn f1_score(average=""weighted""); f1_macro() is separate (https://github.com/openproblems-bio/openproblems/blob/v1.0.0/openproblems/tasks/label_projection/metrics/f1.py)"
open-problems-result-scanvi-seurat-v3-2000-hvg-tabula-muris-senis-lung-random-f1-f1,attributes.metric,f1-score,weighted-f1,"openproblems v1.0.0 openproblems/tasks/label_projection/metrics/f1.py: f1() returns sklearn f1_score(average=""weighted""); f1_macro() is separate (https://github.com/openproblems-bio/openproblems/blob/v1.0.0/openproblems/tasks/label_projection/metrics/f1.py)"
open-problems-result-scanvi-seurat-v3-2000-hvg-zebrafish-labs-f1-f1,attributes.metric,f1-score,weighted-f1,"openproblems v1.0.0 openproblems/tasks/label_projection/metrics/f1.py: f1() returns sklearn f1_score(average=""weighted""); f1_macro() is separate (https://github.com/openproblems-bio/openproblems/blob/v1.0.0/openproblems/tasks/label_projection/metrics/f1.py)"
open-problems-result-scanvi-seurat-v3-2000-hvg-zebrafish-random-f1-f1,attributes.metric,f1-score,weighted-f1,"openproblems v1.0.0 openproblems/tasks/label_projection/metrics/f1.py: f1() returns sklearn f1_score(average=""weighted""); f1_macro() is separate (https://github.com/openproblems-bio/openproblems/blob/v1.0.0/openproblems/tasks/label_projection/metrics/f1.py)"
open-problems-result-scarches-plus-scanvi-all-genes-cengen-batch-f1-f1,attributes.metric,f1-score,weighted-f1,"openproblems v1.0.0 openproblems/tasks/label_projection/metrics/f1.py: f1() returns sklearn f1_score(average=""weighted""); f1_macro() is separate (https://github.com/openproblems-bio/openproblems/blob/v1.0.0/openproblems/tasks/label_projection/metrics/f1.py)"
open-problems-result-scarches-plus-scanvi-all-genes-cengen-random-f1-f1,attributes.metric,f1-score,weighted-f1,"openproblems v1.0.0 openproblems/tasks/label_projection/metrics/f1.py: f1() returns sklearn f1_score(average=""weighted""); f1_macro() is separate (https://github.com/openproblems-bio/openproblems/blob/v1.0.0/openproblems/tasks/label_projection/metrics/f1.py)"
open-problems-result-scarches-plus-scanvi-all-genes-pancreas-batch-f1-f1,attributes.metric,f1-score,weighted-f1,"openproblems v1.0.0 openproblems/tasks/label_projection/metrics/f1.py: f1() returns sklearn f1_score(average=""weighted""); f1_macro() is separate (https://github.com/openproblems-bio/openproblems/blob/v1.0.0/openproblems/tasks/label_projection/metrics/f1.py)"
open-problems-result-scarches-plus-scanvi-all-genes-pancreas-random-f1-f1,attributes.metric,f1-score,weighted-f1,"openproblems v1.0.0 openproblems/tasks/label_projection/metrics/f1.py: f1() returns sklearn f1_score(average=""weighted""); f1_macro() is separate (https://github.com/openproblems-bio/openproblems/blob/v1.0.0/openproblems/tasks/label_projection/metrics/f1.py)"
open-problems-result-scarches-plus-scanvi-all-genes-pancreas-random-label-noise-f1-f1,attributes.metric,f1-score,weighted-f1,"openproblems v1.0.0 openproblems/tasks/label_projection/metrics/f1.py: f1() returns sklearn f1_score(average=""weighted""); f1_macro() is separate (https://github.com/openproblems-bio/openproblems/blob/v1.0.0/openproblems/tasks/label_projection/metrics/f1.py)"
open-problems-result-scarches-plus-scanvi-all-genes-tabula-muris-senis-lung-random-f1-f1,attributes.metric,f1-score,weighted-f1,"openproblems v1.0.0 openproblems/tasks/label_projection/metrics/f1.py: f1() returns sklearn f1_score(average=""weighted""); f1_macro() is separate (https://github.com/openproblems-bio/openproblems/blob/v1.0.0/openproblems/tasks/label_projection/metrics/f1.py)"
open-problems-result-scarches-plus-scanvi-all-genes-zebrafish-labs-f1-f1,attributes.metric,f1-score,weighted-f1,"openproblems v1.0.0 openproblems/tasks/label_projection/metrics/f1.py: f1() returns sklearn f1_score(average=""weighted""); f1_macro() is separate (https://github.com/openproblems-bio/openproblems/blob/v1.0.0/openproblems/tasks/label_projection/metrics/f1.py)"
open-problems-result-scarches-plus-scanvi-all-genes-zebrafish-random-f1-f1,attributes.metric,f1-score,weighted-f1,"openproblems v1.0.0 openproblems/tasks/label_projection/metrics/f1.py: f1() returns sklearn f1_score(average=""weighted""); f1_macro() is separate (https://github.com/openproblems-bio/openproblems/blob/v1.0.0/openproblems/tasks/label_projection/metrics/f1.py)"
open-problems-result-scarches-plus-scanvi-seurat-v3-2000-hvg-cengen-batch-f1-f1,attributes.metric,f1-score,weighted-f1,"openproblems v1.0.0 openproblems/tasks/label_projection/metrics/f1.py: f1() returns sklearn f1_score(average=""weighted""); f1_macro() is separate (https://github.com/openproblems-bio/openproblems/blob/v1.0.0/openproblems/tasks/label_projection/metrics/f1.py)"
open-problems-result-scarches-plus-scanvi-seurat-v3-2000-hvg-cengen-random-f1-f1,attributes.metric,f1-score,weighted-f1,"openproblems v1.0.0 openproblems/tasks/label_projection/metrics/f1.py: f1() returns sklearn f1_score(average=""weighted""); f1_macro() is separate (https://github.com/openproblems-bio/openproblems/blob/v1.0.0/openproblems/tasks/label_projection/metrics/f1.py)"
open-problems-result-scarches-plus-scanvi-seurat-v3-2000-hvg-pancreas-batch-f1-f1,attributes.metric,f1-score,weighted-f1,"openproblems v1.0.0 openproblems/tasks/label_projection/metrics/f1.py: f1() returns sklearn f1_score(average=""weighted""); f1_macro() is separate (https://github.com/openproblems-bio/openproblems/blob/v1.0.0/openproblems/tasks/label_projection/metrics/f1.py)"
open-problems-result-scarches-plus-scanvi-seurat-v3-2000-hvg-pancreas-random-f1-f1,attributes.metric,f1-score,weighted-f1,"openproblems v1.0.0 openproblems/tasks/label_projection/metrics/f1.py: f1() returns sklearn f1_score(average=""weighted""); f1_macro() is separate (https://github.com/openproblems-bio/openproblems/blob/v1.0.0/openproblems/tasks/label_projection/metrics/f1.py)"
open-problems-result-scarches-plus-scanvi-seurat-v3-2000-hvg-pancreas-random-label-noise-f1-f1,attributes.metric,f1-score,weighted-f1,"openproblems v1.0.0 openproblems/tasks/label_projection/metrics/f1.py: f1() returns sklearn f1_score(average=""weighted""); f1_macro() is separate (https://github.com/openproblems-bio/openproblems/blob/v1.0.0/openproblems/tasks/label_projection/metrics/f1.py)"
open-problems-result-scarches-plus-scanvi-seurat-v3-2000-hvg-tabula-muris-senis-lung-random-f1-f1,attributes.metric,f1-score,weighted-f1,"openproblems v1.0.0 openproblems/tasks/label_projection/metrics/f1.py: f1() returns sklearn f1_score(average=""weighted""); f1_macro() is separate (https://github.com/openproblems-bio/openproblems/blob/v1.0.0/openproblems/tasks/label_projection/metrics/f1.py)"
open-problems-result-scarches-plus-scanvi-seurat-v3-2000-hvg-zebrafish-labs-f1-f1,attributes.metric,f1-score,weighted-f1,"openproblems v1.0.0 openproblems/tasks/label_projection/metrics/f1.py: f1() returns sklearn f1_score(average=""weighted""); f1_macro() is separate (https://github.com/openproblems-bio/openproblems/blob/v1.0.0/openproblems/tasks/label_projection/metrics/f1.py)"
open-problems-result-scarches-plus-scanvi-seurat-v3-2000-hvg-zebrafish-random-f1-f1,attributes.metric,f1-score,weighted-f1,"openproblems v1.0.0 openproblems/tasks/label_projection/metrics/f1.py: f1() returns sklearn f1_score(average=""weighted""); f1_macro() is separate (https://github.com/openproblems-bio/openproblems/blob/v1.0.0/openproblems/tasks/label_projection/metrics/f1.py)"
open-problems-result-seurat-reference-mapping-sctransform-cengen-batch-f1-f1,attributes.metric,f1-score,weighted-f1,"openproblems v1.0.0 openproblems/tasks/label_projection/metrics/f1.py: f1() returns sklearn f1_score(average=""weighted""); f1_macro() is separate (https://github.com/openproblems-bio/openproblems/blob/v1.0.0/openproblems/tasks/label_projection/metrics/f1.py)"
open-problems-result-seurat-reference-mapping-sctransform-cengen-random-f1-f1,attributes.metric,f1-score,weighted-f1,"openproblems v1.0.0 openproblems/tasks/label_projection/metrics/f1.py: f1() returns sklearn f1_score(average=""weighted""); f1_macro() is separate (https://github.com/openproblems-bio/openproblems/blob/v1.0.0/openproblems/tasks/label_projection/metrics/f1.py)"
open-problems-result-seurat-reference-mapping-sctransform-pancreas-batch-f1-f1,attributes.metric,f1-score,weighted-f1,"openproblems v1.0.0 openproblems/tasks/label_projection/metrics/f1.py: f1() returns sklearn f1_score(average=""weighted""); f1_macro() is separate (https://github.com/openproblems-bio/openproblems/blob/v1.0.0/openproblems/tasks/label_projection/metrics/f1.py)"
open-problems-result-seurat-reference-mapping-sctransform-pancreas-random-f1-f1,attributes.metric,f1-score,weighted-f1,"openproblems v1.0.0 openproblems/tasks/label_projection/metrics/f1.py: f1() returns sklearn f1_score(average=""weighted""); f1_macro() is separate (https://github.com/openproblems-bio/openproblems/blob/v1.0.0/openproblems/tasks/label_projection/metrics/f1.py)"
open-problems-result-seurat-reference-mapping-sctransform-pancreas-random-label-noise-f1-f1,attributes.metric,f1-score,weighted-f1,"openproblems v1.0.0 openproblems/tasks/label_projection/metrics/f1.py: f1() returns sklearn f1_score(average=""weighted""); f1_macro() is separate (https://github.com/openproblems-bio/openproblems/blob/v1.0.0/openproblems/tasks/label_projection/metrics/f1.py)"
open-problems-result-seurat-reference-mapping-sctransform-tabula-muris-senis-lung-random-f1-f1,attributes.metric,f1-score,weighted-f1,"openproblems v1.0.0 openproblems/tasks/label_projection/metrics/f1.py: f1() returns sklearn f1_score(average=""weighted""); f1_macro() is separate (https://github.com/openproblems-bio/openproblems/blob/v1.0.0/openproblems/tasks/label_projection/metrics/f1.py)"
open-problems-result-seurat-reference-mapping-sctransform-zebrafish-labs-f1-f1,attributes.metric,f1-score,weighted-f1,"openproblems v1.0.0 openproblems/tasks/label_projection/metrics/f1.py: f1() returns sklearn f1_score(average=""weighted""); f1_macro() is separate (https://github.com/openproblems-bio/openproblems/blob/v1.0.0/openproblems/tasks/label_projection/metrics/f1.py)"
open-problems-result-seurat-reference-mapping-sctransform-zebrafish-random-f1-f1,attributes.metric,f1-score,weighted-f1,"openproblems v1.0.0 openproblems/tasks/label_projection/metrics/f1.py: f1() returns sklearn f1_score(average=""weighted""); f1_macro() is separate (https://github.com/openproblems-bio/openproblems/blob/v1.0.0/openproblems/tasks/label_projection/metrics/f1.py)"
open-problems-result-true-labels-cengen-batch-f1-f1,attributes.metric,f1-score,weighted-f1,"openproblems v1.0.0 openproblems/tasks/label_projection/metrics/f1.py: f1() returns sklearn f1_score(average=""weighted""); f1_macro() is separate (https://github.com/openproblems-bio/openproblems/blob/v1.0.0/openproblems/tasks/label_projection/metrics/f1.py)"
open-problems-result-true-labels-cengen-random-f1-f1,attributes.metric,f1-score,weighted-f1,"openproblems v1.0.0 openproblems/tasks/label_projection/metrics/f1.py: f1() returns sklearn f1_score(average=""weighted""); f1_macro() is separate (https://github.com/openproblems-bio/openproblems/blob/v1.0.0/openproblems/tasks/label_projection/metrics/f1.py)"
open-problems-result-true-labels-pancreas-batch-f1-f1,attributes.metric,f1-score,weighted-f1,"openproblems v1.0.0 openproblems/tasks/label_projection/metrics/f1.py: f1() returns sklearn f1_score(average=""weighted""); f1_macro() is separate (https://github.com/openproblems-bio/openproblems/blob/v1.0.0/openproblems/tasks/label_projection/metrics/f1.py)"
open-problems-result-true-labels-pancreas-random-f1-f1,attributes.metric,f1-score,weighted-f1,"openproblems v1.0.0 openproblems/tasks/label_projection/metrics/f1.py: f1() returns sklearn f1_score(average=""weighted""); f1_macro() is separate (https://github.com/openproblems-bio/openproblems/blob/v1.0.0/openproblems/tasks/label_projection/metrics/f1.py)"
open-problems-result-true-labels-pancreas-random-label-noise-f1-f1,attributes.metric,f1-score,weighted-f1,"openproblems v1.0.0 openproblems/tasks/label_projection/metrics/f1.py: f1() returns sklearn f1_score(average=""weighted""); f1_macro() is separate (https://github.com/openproblems-bio/openproblems/blob/v1.0.0/openproblems/tasks/label_projection/metrics/f1.py)"
open-problems-result-true-labels-tabula-muris-senis-lung-random-f1-f1,attributes.metric,f1-score,weighted-f1,"openproblems v1.0.0 openproblems/tasks/label_projection/metrics/f1.py: f1() returns sklearn f1_score(average=""weighted""); f1_macro() is separate (https://github.com/openproblems-bio/openproblems/blob/v1.0.0/openproblems/tasks/label_projection/metrics/f1.py)"
open-problems-result-true-labels-zebrafish-labs-f1-f1,attributes.metric,f1-score,weighted-f1,"openproblems v1.0.0 openproblems/tasks/label_projection/metrics/f1.py: f1() returns sklearn f1_score(average=""weighted""); f1_macro() is separate (https://github.com/openproblems-bio/openproblems/blob/v1.0.0/openproblems/tasks/label_projection/metrics/f1.py)"
open-problems-result-true-labels-zebrafish-random-f1-f1,attributes.metric,f1-score,weighted-f1,"openproblems v1.0.0 openproblems/tasks/label_projection/metrics/f1.py: f1() returns sklearn f1_score(average=""weighted""); f1_macro() is separate (https://github.com/openproblems-bio/openproblems/blob/v1.0.0/openproblems/tasks/label_projection/metrics/f1.py)"
open-problems-result-xgboost-log-cp10k-cengen-batch-f1-f1,attributes.metric,f1-score,weighted-f1,"openproblems v1.0.0 openproblems/tasks/label_projection/metrics/f1.py: f1() returns sklearn f1_score(average=""weighted""); f1_macro() is separate (https://github.com/openproblems-bio/openproblems/blob/v1.0.0/openproblems/tasks/label_projection/metrics/f1.py)"
open-problems-result-xgboost-log-cp10k-cengen-random-f1-f1,attributes.metric,f1-score,weighted-f1,"openproblems v1.0.0 openproblems/tasks/label_projection/metrics/f1.py: f1() returns sklearn f1_score(average=""weighted""); f1_macro() is separate (https://github.com/openproblems-bio/openproblems/blob/v1.0.0/openproblems/tasks/label_projection/metrics/f1.py)"
open-problems-result-xgboost-log-cp10k-pancreas-batch-f1-f1,attributes.metric,f1-score,weighted-f1,"openproblems v1.0.0 openproblems/tasks/label_projection/metrics/f1.py: f1() returns sklearn f1_score(average=""weighted""); f1_macro() is separate (https://github.com/openproblems-bio/openproblems/blob/v1.0.0/openproblems/tasks/label_projection/metrics/f1.py)"
open-problems-result-xgboost-log-cp10k-pancreas-random-f1-f1,attributes.metric,f1-score,weighted-f1,"openproblems v1.0.0 openproblems/tasks/label_projection/metrics/f1.py: f1() returns sklearn f1_score(average=""weighted""); f1_macro() is separate (https://github.com/openproblems-bio/openproblems/blob/v1.0.0/openproblems/tasks/label_projection/metrics/f1.py)"
open-problems-result-xgboost-log-cp10k-pancreas-random-label-noise-f1-f1,attributes.metric,f1-score,weighted-f1,"openproblems v1.0.0 openproblems/tasks/label_projection/metrics/f1.py: f1() returns sklearn f1_score(average=""weighted""); f1_macro() is separate (https://github.com/openproblems-bio/openproblems/blob/v1.0.0/openproblems/tasks/label_projection/metrics/f1.py)"
open-problems-result-xgboost-log-cp10k-tabula-muris-senis-lung-random-f1-f1,attributes.metric,f1-score,weighted-f1,"openproblems v1.0.0 openproblems/tasks/label_projection/metrics/f1.py: f1() returns sklearn f1_score(average=""weighted""); f1_macro() is separate (https://github.com/openproblems-bio/openproblems/blob/v1.0.0/openproblems/tasks/label_projection/metrics/f1.py)"
open-problems-result-xgboost-log-cp10k-zebrafish-labs-f1-f1,attributes.metric,f1-score,weighted-f1,"openproblems v1.0.0 openproblems/tasks/label_projection/metrics/f1.py: f1() returns sklearn f1_score(average=""weighted""); f1_macro() is separate (https://github.com/openproblems-bio/openproblems/blob/v1.0.0/openproblems/tasks/label_projection/metrics/f1.py)"
open-problems-result-xgboost-log-cp10k-zebrafish-random-f1-f1,attributes.metric,f1-score,weighted-f1,"openproblems v1.0.0 openproblems/tasks/label_projection/metrics/f1.py: f1() returns sklearn f1_score(average=""weighted""); f1_macro() is separate (https://github.com/openproblems-bio/openproblems/blob/v1.0.0/openproblems/tasks/label_projection/metrics/f1.py)"
open-problems-result-xgboost-log-scran-cengen-batch-f1-f1,attributes.metric,f1-score,weighted-f1,"openproblems v1.0.0 openproblems/tasks/label_projection/metrics/f1.py: f1() returns sklearn f1_score(average=""weighted""); f1_macro() is separate (https://github.com/openproblems-bio/openproblems/blob/v1.0.0/openproblems/tasks/label_projection/metrics/f1.py)"
open-problems-result-xgboost-log-scran-cengen-random-f1-f1,attributes.metric,f1-score,weighted-f1,"openproblems v1.0.0 openproblems/tasks/label_projection/metrics/f1.py: f1() returns sklearn f1_score(average=""weighted""); f1_macro() is separate (https://github.com/openproblems-bio/openproblems/blob/v1.0.0/openproblems/tasks/label_projection/metrics/f1.py)"
open-problems-result-xgboost-log-scran-pancreas-batch-f1-f1,attributes.metric,f1-score,weighted-f1,"openproblems v1.0.0 openproblems/tasks/label_projection/metrics/f1.py: f1() returns sklearn f1_score(average=""weighted""); f1_macro() is separate (https://github.com/openproblems-bio/openproblems/blob/v1.0.0/openproblems/tasks/label_projection/metrics/f1.py)"
open-problems-result-xgboost-log-scran-pancreas-random-f1-f1,attributes.metric,f1-score,weighted-f1,"openproblems v1.0.0 openproblems/tasks/label_projection/metrics/f1.py: f1() returns sklearn f1_score(average=""weighted""); f1_macro() is separate (https://github.com/openproblems-bio/openproblems/blob/v1.0.0/openproblems/tasks/label_projection/metrics/f1.py)"
open-problems-result-xgboost-log-scran-pancreas-random-label-noise-f1-f1,attributes.metric,f1-score,weighted-f1,"openproblems v1.0.0 openproblems/tasks/label_projection/metrics/f1.py: f1() returns sklearn f1_score(average=""weighted""); f1_macro() is separate (https://github.com/openproblems-bio/openproblems/blob/v1.0.0/openproblems/tasks/label_projection/metrics/f1.py)"
open-problems-result-xgboost-log-scran-tabula-muris-senis-lung-random-f1-f1,attributes.metric,f1-score,weighted-f1,"openproblems v1.0.0 openproblems/tasks/label_projection/metrics/f1.py: f1() returns sklearn f1_score(average=""weighted""); f1_macro() is separate (https://github.com/openproblems-bio/openproblems/blob/v1.0.0/openproblems/tasks/label_projection/metrics/f1.py)"
open-problems-result-xgboost-log-scran-zebrafish-labs-f1-f1,attributes.metric,f1-score,weighted-f1,"openproblems v1.0.0 openproblems/tasks/label_projection/metrics/f1.py: f1() returns sklearn f1_score(average=""weighted""); f1_macro() is separate (https://github.com/openproblems-bio/openproblems/blob/v1.0.0/openproblems/tasks/label_projection/metrics/f1.py)"
open-problems-result-xgboost-log-scran-zebrafish-random-f1-f1,attributes.metric,f1-score,weighted-f1,"openproblems v1.0.0 openproblems/tasks/label_projection/metrics/f1.py: f1() returns sklearn f1_score(average=""weighted""); f1_macro() is separate (https://github.com/openproblems-bio/openproblems/blob/v1.0.0/openproblems/tasks/label_projection/metrics/f1.py)"
pfmbench-result-dplm-deeploc2-f1,attributes.metric,f1-score,f1-max,"PFMBench tasks/configs/{deeploc2_multi,enzyme_commission_number}.yaml set task_type multi_labels_classification; tasks/model_interface.py returns f1_score_max (src/utils/metrics.py: max F1 over thresholds) (https://github.com/biomap-research/PFMBench/blob/53758ffcbdf1d79b5d125383e4dd52d6fd59d2a1/tasks/model_interface.py#L187-L190)"
pfmbench-result-dplm-deeploc2-f1,attributes.metric_qualifier,,multi-label; TorchDrug-style f1_score_max,"PFMBench tasks/configs/{deeploc2_multi,enzyme_commission_number}.yaml set task_type multi_labels_classification; tasks/model_interface.py returns f1_score_max (src/utils/metrics.py: max F1 over thresholds) (https://github.com/biomap-research/PFMBench/blob/53758ffcbdf1d79b5d125383e4dd52d6fd59d2a1/tasks/model_interface.py#L187-L190)"
pfmbench-result-dplm-ec-f1,attributes.metric,f1-score,f1-max,"PFMBench tasks/configs/{deeploc2_multi,enzyme_commission_number}.yaml set task_type multi_labels_classification; tasks/model_interface.py returns f1_score_max (src/utils/metrics.py: max F1 over thresholds) (https://github.com/biomap-research/PFMBench/blob/53758ffcbdf1d79b5d125383e4dd52d6fd59d2a1/tasks/model_interface.py#L187-L190)"
pfmbench-result-dplm-ec-f1,attributes.metric_qualifier,,multi-label; TorchDrug-style f1_score_max,"PFMBench tasks/configs/{deeploc2_multi,enzyme_commission_number}.yaml set task_type multi_labels_classification; tasks/model_interface.py returns f1_score_max (src/utils/metrics.py: max F1 over thresholds) (https://github.com/biomap-research/PFMBench/blob/53758ffcbdf1d79b5d125383e4dd52d6fd59d2a1/tasks/model_interface.py#L187-L190)"
pfmbench-result-esm-2-deeploc2-f1,attributes.metric,f1-score,f1-max,"PFMBench tasks/configs/{deeploc2_multi,enzyme_commission_number}.yaml set task_type multi_labels_classification; tasks/model_interface.py returns f1_score_max (src/utils/metrics.py: max F1 over thresholds) (https://github.com/biomap-research/PFMBench/blob/53758ffcbdf1d79b5d125383e4dd52d6fd59d2a1/tasks/model_interface.py#L187-L190)"
pfmbench-result-esm-2-deeploc2-f1,attributes.metric_qualifier,,multi-label; TorchDrug-style f1_score_max,"PFMBench tasks/configs/{deeploc2_multi,enzyme_commission_number}.yaml set task_type multi_labels_classification; tasks/model_interface.py returns f1_score_max (src/utils/metrics.py: max F1 over thresholds) (https://github.com/biomap-research/PFMBench/blob/53758ffcbdf1d79b5d125383e4dd52d6fd59d2a1/tasks/model_interface.py#L187-L190)"
pfmbench-result-esm-2-ec-f1,attributes.metric,f1-score,f1-max,"PFMBench tasks/configs/{deeploc2_multi,enzyme_commission_number}.yaml set task_type multi_labels_classification; tasks/model_interface.py returns f1_score_max (src/utils/metrics.py: max F1 over thresholds) (https://github.com/biomap-research/PFMBench/blob/53758ffcbdf1d79b5d125383e4dd52d6fd59d2a1/tasks/model_interface.py#L187-L190)"
pfmbench-result-esm-2-ec-f1,attributes.metric_qualifier,,multi-label; TorchDrug-style f1_score_max,"PFMBench tasks/configs/{deeploc2_multi,enzyme_commission_number}.yaml set task_type multi_labels_classification; tasks/model_interface.py returns f1_score_max (src/utils/metrics.py: max F1 over thresholds) (https://github.com/biomap-research/PFMBench/blob/53758ffcbdf1d79b5d125383e4dd52d6fd59d2a1/tasks/model_interface.py#L187-L190)"
pfmbench-result-esm-c-deeploc2-f1,attributes.metric,f1-score,f1-max,"PFMBench tasks/configs/{deeploc2_multi,enzyme_commission_number}.yaml set task_type multi_labels_classification; tasks/model_interface.py returns f1_score_max (src/utils/metrics.py: max F1 over thresholds) (https://github.com/biomap-research/PFMBench/blob/53758ffcbdf1d79b5d125383e4dd52d6fd59d2a1/tasks/model_interface.py#L187-L190)"
pfmbench-result-esm-c-deeploc2-f1,attributes.metric_qualifier,,multi-label; TorchDrug-style f1_score_max,"PFMBench tasks/configs/{deeploc2_multi,enzyme_commission_number}.yaml set task_type multi_labels_classification; tasks/model_interface.py returns f1_score_max (src/utils/metrics.py: max F1 over thresholds) (https://github.com/biomap-research/PFMBench/blob/53758ffcbdf1d79b5d125383e4dd52d6fd59d2a1/tasks/model_interface.py#L187-L190)"
pfmbench-result-esm-c-ec-f1,attributes.metric,f1-score,f1-max,"PFMBench tasks/configs/{deeploc2_multi,enzyme_commission_number}.yaml set task_type multi_labels_classification; tasks/model_interface.py returns f1_score_max (src/utils/metrics.py: max F1 over thresholds) (https://github.com/biomap-research/PFMBench/blob/53758ffcbdf1d79b5d125383e4dd52d6fd59d2a1/tasks/model_interface.py#L187-L190)"
pfmbench-result-esm-c-ec-f1,attributes.metric_qualifier,,multi-label; TorchDrug-style f1_score_max,"PFMBench tasks/configs/{deeploc2_multi,enzyme_commission_number}.yaml set task_type multi_labels_classification; tasks/model_interface.py returns f1_score_max (src/utils/metrics.py: max F1 over thresholds) (https://github.com/biomap-research/PFMBench/blob/53758ffcbdf1d79b5d125383e4dd52d6fd59d2a1/tasks/model_interface.py#L187-L190)"
pfmbench-result-esm3-deeploc2-f1,attributes.metric,f1-score,f1-max,"PFMBench tasks/configs/{deeploc2_multi,enzyme_commission_number}.yaml set task_type multi_labels_classification; tasks/model_interface.py returns f1_score_max (src/utils/metrics.py: max F1 over thresholds) (https://github.com/biomap-research/PFMBench/blob/53758ffcbdf1d79b5d125383e4dd52d6fd59d2a1/tasks/model_interface.py#L187-L190)"
pfmbench-result-esm3-deeploc2-f1,attributes.metric_qualifier,,multi-label; TorchDrug-style f1_score_max,"PFMBench tasks/configs/{deeploc2_multi,enzyme_commission_number}.yaml set task_type multi_labels_classification; tasks/model_interface.py returns f1_score_max (src/utils/metrics.py: max F1 over thresholds) (https://github.com/biomap-research/PFMBench/blob/53758ffcbdf1d79b5d125383e4dd52d6fd59d2a1/tasks/model_interface.py#L187-L190)"
pfmbench-result-esm3-ec-f1,attributes.metric,f1-score,f1-max,"PFMBench tasks/configs/{deeploc2_multi,enzyme_commission_number}.yaml set task_type multi_labels_classification; tasks/model_interface.py returns f1_score_max (src/utils/metrics.py: max F1 over thresholds) (https://github.com/biomap-research/PFMBench/blob/53758ffcbdf1d79b5d125383e4dd52d6fd59d2a1/tasks/model_interface.py#L187-L190)"
pfmbench-result-esm3-ec-f1,attributes.metric_qualifier,,multi-label; TorchDrug-style f1_score_max,"PFMBench tasks/configs/{deeploc2_multi,enzyme_commission_number}.yaml set task_type multi_labels_classification; tasks/model_interface.py returns f1_score_max (src/utils/metrics.py: max F1 over thresholds) (https://github.com/biomap-research/PFMBench/blob/53758ffcbdf1d79b5d125383e4dd52d6fd59d2a1/tasks/model_interface.py#L187-L190)"
pfmbench-result-pglm-deeploc2-f1,attributes.metric,f1-score,f1-max,"PFMBench tasks/configs/{deeploc2_multi,enzyme_commission_number}.yaml set task_type multi_labels_classification; tasks/model_interface.py returns f1_score_max (src/utils/metrics.py: max F1 over thresholds) (https://github.com/biomap-research/PFMBench/blob/53758ffcbdf1d79b5d125383e4dd52d6fd59d2a1/tasks/model_interface.py#L187-L190)"
pfmbench-result-pglm-deeploc2-f1,attributes.metric_qualifier,,multi-label; TorchDrug-style f1_score_max,"PFMBench tasks/configs/{deeploc2_multi,enzyme_commission_number}.yaml set task_type multi_labels_classification; tasks/model_interface.py returns f1_score_max (src/utils/metrics.py: max F1 over thresholds) (https://github.com/biomap-research/PFMBench/blob/53758ffcbdf1d79b5d125383e4dd52d6fd59d2a1/tasks/model_interface.py#L187-L190)"
pfmbench-result-pglm-ec-f1,attributes.metric,f1-score,f1-max,"PFMBench tasks/configs/{deeploc2_multi,enzyme_commission_number}.yaml set task_type multi_labels_classification; tasks/model_interface.py returns f1_score_max (src/utils/metrics.py: max F1 over thresholds) (https://github.com/biomap-research/PFMBench/blob/53758ffcbdf1d79b5d125383e4dd52d6fd59d2a1/tasks/model_interface.py#L187-L190)"
pfmbench-result-pglm-ec-f1,attributes.metric_qualifier,,multi-label; TorchDrug-style f1_score_max,"PFMBench tasks/configs/{deeploc2_multi,enzyme_commission_number}.yaml set task_type multi_labels_classification; tasks/model_interface.py returns f1_score_max (src/utils/metrics.py: max F1 over thresholds) (https://github.com/biomap-research/PFMBench/blob/53758ffcbdf1d79b5d125383e4dd52d6fd59d2a1/tasks/model_interface.py#L187-L190)"
pfmbench-result-prostt5-deeploc2-f1,attributes.metric,f1-score,f1-max,"PFMBench tasks/configs/{deeploc2_multi,enzyme_commission_number}.yaml set task_type multi_labels_classification; tasks/model_interface.py returns f1_score_max (src/utils/metrics.py: max F1 over thresholds) (https://github.com/biomap-research/PFMBench/blob/53758ffcbdf1d79b5d125383e4dd52d6fd59d2a1/tasks/model_interface.py#L187-L190)"
pfmbench-result-prostt5-deeploc2-f1,attributes.metric_qualifier,,multi-label; TorchDrug-style f1_score_max,"PFMBench tasks/configs/{deeploc2_multi,enzyme_commission_number}.yaml set task_type multi_labels_classification; tasks/model_interface.py returns f1_score_max (src/utils/metrics.py: max F1 over thresholds) (https://github.com/biomap-research/PFMBench/blob/53758ffcbdf1d79b5d125383e4dd52d6fd59d2a1/tasks/model_interface.py#L187-L190)"
pfmbench-result-prostt5-ec-f1,attributes.metric,f1-score,f1-max,"PFMBench tasks/configs/{deeploc2_multi,enzyme_commission_number}.yaml set task_type multi_labels_classification; tasks/model_interface.py returns f1_score_max (src/utils/metrics.py: max F1 over thresholds) (https://github.com/biomap-research/PFMBench/blob/53758ffcbdf1d79b5d125383e4dd52d6fd59d2a1/tasks/model_interface.py#L187-L190)"
pfmbench-result-prostt5-ec-f1,attributes.metric_qualifier,,multi-label; TorchDrug-style f1_score_max,"PFMBench tasks/configs/{deeploc2_multi,enzyme_commission_number}.yaml set task_type multi_labels_classification; tasks/model_interface.py returns f1_score_max (src/utils/metrics.py: max F1 over thresholds) (https://github.com/biomap-research/PFMBench/blob/53758ffcbdf1d79b5d125383e4dd52d6fd59d2a1/tasks/model_interface.py#L187-L190)"
pfmbench-result-protgpt2-deeploc2-f1,attributes.metric,f1-score,f1-max,"PFMBench tasks/configs/{deeploc2_multi,enzyme_commission_number}.yaml set task_type multi_labels_classification; tasks/model_interface.py returns f1_score_max (src/utils/metrics.py: max F1 over thresholds) (https://github.com/biomap-research/PFMBench/blob/53758ffcbdf1d79b5d125383e4dd52d6fd59d2a1/tasks/model_interface.py#L187-L190)"
pfmbench-result-protgpt2-deeploc2-f1,attributes.metric_qualifier,,multi-label; TorchDrug-style f1_score_max,"PFMBench tasks/configs/{deeploc2_multi,enzyme_commission_number}.yaml set task_type multi_labels_classification; tasks/model_interface.py returns f1_score_max (src/utils/metrics.py: max F1 over thresholds) (https://github.com/biomap-research/PFMBench/blob/53758ffcbdf1d79b5d125383e4dd52d6fd59d2a1/tasks/model_interface.py#L187-L190)"
pfmbench-result-protgpt2-ec-f1,attributes.metric,f1-score,f1-max,"PFMBench tasks/configs/{deeploc2_multi,enzyme_commission_number}.yaml set task_type multi_labels_classification; tasks/model_interface.py returns f1_score_max (src/utils/metrics.py: max F1 over thresholds) (https://github.com/biomap-research/PFMBench/blob/53758ffcbdf1d79b5d125383e4dd52d6fd59d2a1/tasks/model_interface.py#L187-L190)"
pfmbench-result-protgpt2-ec-f1,attributes.metric_qualifier,,multi-label; TorchDrug-style f1_score_max,"PFMBench tasks/configs/{deeploc2_multi,enzyme_commission_number}.yaml set task_type multi_labels_classification; tasks/model_interface.py returns f1_score_max (src/utils/metrics.py: max F1 over thresholds) (https://github.com/biomap-research/PFMBench/blob/53758ffcbdf1d79b5d125383e4dd52d6fd59d2a1/tasks/model_interface.py#L187-L190)"
pfmbench-result-protrek-deeploc2-f1,attributes.metric,f1-score,f1-max,"PFMBench tasks/configs/{deeploc2_multi,enzyme_commission_number}.yaml set task_type multi_labels_classification; tasks/model_interface.py returns f1_score_max (src/utils/metrics.py: max F1 over thresholds) (https://github.com/biomap-research/PFMBench/blob/53758ffcbdf1d79b5d125383e4dd52d6fd59d2a1/tasks/model_interface.py#L187-L190)"
pfmbench-result-protrek-deeploc2-f1,attributes.metric_qualifier,,multi-label; TorchDrug-style f1_score_max,"PFMBench tasks/configs/{deeploc2_multi,enzyme_commission_number}.yaml set task_type multi_labels_classification; tasks/model_interface.py returns f1_score_max (src/utils/metrics.py: max F1 over thresholds) (https://github.com/biomap-research/PFMBench/blob/53758ffcbdf1d79b5d125383e4dd52d6fd59d2a1/tasks/model_interface.py#L187-L190)"
pfmbench-result-protrek-ec-f1,attributes.metric,f1-score,f1-max,"PFMBench tasks/configs/{deeploc2_multi,enzyme_commission_number}.yaml set task_type multi_labels_classification; tasks/model_interface.py returns f1_score_max (src/utils/metrics.py: max F1 over thresholds) (https://github.com/biomap-research/PFMBench/blob/53758ffcbdf1d79b5d125383e4dd52d6fd59d2a1/tasks/model_interface.py#L187-L190)"
pfmbench-result-protrek-ec-f1,attributes.metric_qualifier,,multi-label; TorchDrug-style f1_score_max,"PFMBench tasks/configs/{deeploc2_multi,enzyme_commission_number}.yaml set task_type multi_labels_classification; tasks/model_interface.py returns f1_score_max (src/utils/metrics.py: max F1 over thresholds) (https://github.com/biomap-research/PFMBench/blob/53758ffcbdf1d79b5d125383e4dd52d6fd59d2a1/tasks/model_interface.py#L187-L190)"
pfmbench-result-protst-deeploc2-f1,attributes.metric,f1-score,f1-max,"PFMBench tasks/configs/{deeploc2_multi,enzyme_commission_number}.yaml set task_type multi_labels_classification; tasks/model_interface.py returns f1_score_max (src/utils/metrics.py: max F1 over thresholds) (https://github.com/biomap-research/PFMBench/blob/53758ffcbdf1d79b5d125383e4dd52d6fd59d2a1/tasks/model_interface.py#L187-L190)"
pfmbench-result-protst-deeploc2-f1,attributes.metric_qualifier,,multi-label; TorchDrug-style f1_score_max,"PFMBench tasks/configs/{deeploc2_multi,enzyme_commission_number}.yaml set task_type multi_labels_classification; tasks/model_interface.py returns f1_score_max (src/utils/metrics.py: max F1 over thresholds) (https://github.com/biomap-research/PFMBench/blob/53758ffcbdf1d79b5d125383e4dd52d6fd59d2a1/tasks/model_interface.py#L187-L190)"
pfmbench-result-protst-ec-f1,attributes.metric,f1-score,f1-max,"PFMBench tasks/configs/{deeploc2_multi,enzyme_commission_number}.yaml set task_type multi_labels_classification; tasks/model_interface.py returns f1_score_max (src/utils/metrics.py: max F1 over thresholds) (https://github.com/biomap-research/PFMBench/blob/53758ffcbdf1d79b5d125383e4dd52d6fd59d2a1/tasks/model_interface.py#L187-L190)"
pfmbench-result-protst-ec-f1,attributes.metric_qualifier,,multi-label; TorchDrug-style f1_score_max,"PFMBench tasks/configs/{deeploc2_multi,enzyme_commission_number}.yaml set task_type multi_labels_classification; tasks/model_interface.py returns f1_score_max (src/utils/metrics.py: max F1 over thresholds) (https://github.com/biomap-research/PFMBench/blob/53758ffcbdf1d79b5d125383e4dd52d6fd59d2a1/tasks/model_interface.py#L187-L190)"
pfmbench-result-prott5-deeploc2-f1,attributes.metric,f1-score,f1-max,"PFMBench tasks/configs/{deeploc2_multi,enzyme_commission_number}.yaml set task_type multi_labels_classification; tasks/model_interface.py returns f1_score_max (src/utils/metrics.py: max F1 over thresholds) (https://github.com/biomap-research/PFMBench/blob/53758ffcbdf1d79b5d125383e4dd52d6fd59d2a1/tasks/model_interface.py#L187-L190)"
pfmbench-result-prott5-deeploc2-f1,attributes.metric_qualifier,,multi-label; TorchDrug-style f1_score_max,"PFMBench tasks/configs/{deeploc2_multi,enzyme_commission_number}.yaml set task_type multi_labels_classification; tasks/model_interface.py returns f1_score_max (src/utils/metrics.py: max F1 over thresholds) (https://github.com/biomap-research/PFMBench/blob/53758ffcbdf1d79b5d125383e4dd52d6fd59d2a1/tasks/model_interface.py#L187-L190)"
pfmbench-result-prott5-ec-f1,attributes.metric,f1-score,f1-max,"PFMBench tasks/configs/{deeploc2_multi,enzyme_commission_number}.yaml set task_type multi_labels_classification; tasks/model_interface.py returns f1_score_max (src/utils/metrics.py: max F1 over thresholds) (https://github.com/biomap-research/PFMBench/blob/53758ffcbdf1d79b5d125383e4dd52d6fd59d2a1/tasks/model_interface.py#L187-L190)"
pfmbench-result-prott5-ec-f1,attributes.metric_qualifier,,multi-label; TorchDrug-style f1_score_max,"PFMBench tasks/configs/{deeploc2_multi,enzyme_commission_number}.yaml set task_type multi_labels_classification; tasks/model_interface.py returns f1_score_max (src/utils/metrics.py: max F1 over thresholds) (https://github.com/biomap-research/PFMBench/blob/53758ffcbdf1d79b5d125383e4dd52d6fd59d2a1/tasks/model_interface.py#L187-L190)"
pfmbench-result-saprot-deeploc2-f1,attributes.metric,f1-score,f1-max,"PFMBench tasks/configs/{deeploc2_multi,enzyme_commission_number}.yaml set task_type multi_labels_classification; tasks/model_interface.py returns f1_score_max (src/utils/metrics.py: max F1 over thresholds) (https://github.com/biomap-research/PFMBench/blob/53758ffcbdf1d79b5d125383e4dd52d6fd59d2a1/tasks/model_interface.py#L187-L190)"
pfmbench-result-saprot-deeploc2-f1,attributes.metric_qualifier,,multi-label; TorchDrug-style f1_score_max,"PFMBench tasks/configs/{deeploc2_multi,enzyme_commission_number}.yaml set task_type multi_labels_classification; tasks/model_interface.py returns f1_score_max (src/utils/metrics.py: max F1 over thresholds) (https://github.com/biomap-research/PFMBench/blob/53758ffcbdf1d79b5d125383e4dd52d6fd59d2a1/tasks/model_interface.py#L187-L190)"
pfmbench-result-saprot-ec-f1,attributes.metric,f1-score,f1-max,"PFMBench tasks/configs/{deeploc2_multi,enzyme_commission_number}.yaml set task_type multi_labels_classification; tasks/model_interface.py returns f1_score_max (src/utils/metrics.py: max F1 over thresholds) (https://github.com/biomap-research/PFMBench/blob/53758ffcbdf1d79b5d125383e4dd52d6fd59d2a1/tasks/model_interface.py#L187-L190)"
pfmbench-result-saprot-ec-f1,attributes.metric_qualifier,,multi-label; TorchDrug-style f1_score_max,"PFMBench tasks/configs/{deeploc2_multi,enzyme_commission_number}.yaml set task_type multi_labels_classification; tasks/model_interface.py returns f1_score_max (src/utils/metrics.py: max F1 over thresholds) (https://github.com/biomap-research/PFMBench/blob/53758ffcbdf1d79b5d125383e4dd52d6fd59d2a1/tasks/model_interface.py#L187-L190)"
pfmbench-result-venusplm-deeploc2-f1,attributes.metric,f1-score,f1-max,"PFMBench tasks/configs/{deeploc2_multi,enzyme_commission_number}.yaml set task_type multi_labels_classification; tasks/model_interface.py returns f1_score_max (src/utils/metrics.py: max F1 over thresholds) (https://github.com/biomap-research/PFMBench/blob/53758ffcbdf1d79b5d125383e4dd52d6fd59d2a1/tasks/model_interface.py#L187-L190)"
pfmbench-result-venusplm-deeploc2-f1,attributes.metric_qualifier,,multi-label; TorchDrug-style f1_score_max,"PFMBench tasks/configs/{deeploc2_multi,enzyme_commission_number}.yaml set task_type multi_labels_classification; tasks/model_interface.py returns f1_score_max (src/utils/metrics.py: max F1 over thresholds) (https://github.com/biomap-research/PFMBench/blob/53758ffcbdf1d79b5d125383e4dd52d6fd59d2a1/tasks/model_interface.py#L187-L190)"
pfmbench-result-venusplm-ec-f1,attributes.metric,f1-score,f1-max,"PFMBench tasks/configs/{deeploc2_multi,enzyme_commission_number}.yaml set task_type multi_labels_classification; tasks/model_interface.py returns f1_score_max (src/utils/metrics.py: max F1 over thresholds) (https://github.com/biomap-research/PFMBench/blob/53758ffcbdf1d79b5d125383e4dd52d6fd59d2a1/tasks/model_interface.py#L187-L190)"
pfmbench-result-venusplm-ec-f1,attributes.metric_qualifier,,multi-label; TorchDrug-style f1_score_max,"PFMBench tasks/configs/{deeploc2_multi,enzyme_commission_number}.yaml set task_type multi_labels_classification; tasks/model_interface.py returns f1_score_max (src/utils/metrics.py: max F1 over thresholds) (https://github.com/biomap-research/PFMBench/blob/53758ffcbdf1d79b5d125383e4dd52d6fd59d2a1/tasks/model_interface.py#L187-L190)"
dreams-mist-retrieval-result-dreams-fingerprint-ours-top-1-accuracy-at-1,attributes.metric_qualifier,,retrieval,DreaMS (PMC13090125) Extended Data Table 1: MIST CANOPUS fingerprint retrieval top-k accuracy
dreams-mist-retrieval-result-dreams-fingerprint-ours-top-10-accuracy-at-10,attributes.metric_qualifier,,retrieval,DreaMS (PMC13090125) Extended Data Table 1: MIST CANOPUS fingerprint retrieval top-k accuracy
dreams-mist-retrieval-result-dreams-fingerprint-ours-top-100-accuracy-at-100,attributes.metric_qualifier,,retrieval,DreaMS (PMC13090125) Extended Data Table 1: MIST CANOPUS fingerprint retrieval top-k accuracy
dreams-mist-retrieval-result-dreams-fingerprint-ours-top-20-accuracy-at-20,attributes.metric_qualifier,,retrieval,DreaMS (PMC13090125) Extended Data Table 1: MIST CANOPUS fingerprint retrieval top-k accuracy
dreams-mist-retrieval-result-dreams-fingerprint-ours-top-200-accuracy-at-200,attributes.metric_qualifier,,retrieval,DreaMS (PMC13090125) Extended Data Table 1: MIST CANOPUS fingerprint retrieval top-k accuracy
dreams-mist-retrieval-result-dreams-fingerprint-ours-top-5-accuracy-at-5,attributes.metric_qualifier,,retrieval,DreaMS (PMC13090125) Extended Data Table 1: MIST CANOPUS fingerprint retrieval top-k accuracy
dreams-mist-retrieval-result-dreams-fingerprint-ours-top-50-accuracy-at-50,attributes.metric_qualifier,,retrieval,DreaMS (PMC13090125) Extended Data Table 1: MIST CANOPUS fingerprint retrieval top-k accuracy
dreams-mist-retrieval-result-ffn-contrastive-top-1-accuracy-at-1,attributes.metric_qualifier,,retrieval,DreaMS (PMC13090125) Extended Data Table 1: MIST CANOPUS fingerprint retrieval top-k accuracy
dreams-mist-retrieval-result-ffn-contrastive-top-10-accuracy-at-10,attributes.metric_qualifier,,retrieval,DreaMS (PMC13090125) Extended Data Table 1: MIST CANOPUS fingerprint retrieval top-k accuracy
dreams-mist-retrieval-result-ffn-contrastive-top-100-accuracy-at-100,attributes.metric_qualifier,,retrieval,DreaMS (PMC13090125) Extended Data Table 1: MIST CANOPUS fingerprint retrieval top-k accuracy
dreams-mist-retrieval-result-ffn-contrastive-top-20-accuracy-at-20,attributes.metric_qualifier,,retrieval,DreaMS (PMC13090125) Extended Data Table 1: MIST CANOPUS fingerprint retrieval top-k accuracy
dreams-mist-retrieval-result-ffn-contrastive-top-200-accuracy-at-200,attributes.metric_qualifier,,retrieval,DreaMS (PMC13090125) Extended Data Table 1: MIST CANOPUS fingerprint retrieval top-k accuracy
dreams-mist-retrieval-result-ffn-contrastive-top-5-accuracy-at-5,attributes.metric_qualifier,,retrieval,DreaMS (PMC13090125) Extended Data Table 1: MIST CANOPUS fingerprint retrieval top-k accuracy
dreams-mist-retrieval-result-ffn-contrastive-top-50-accuracy-at-50,attributes.metric_qualifier,,retrieval,DreaMS (PMC13090125) Extended Data Table 1: MIST CANOPUS fingerprint retrieval top-k accuracy
dreams-mist-retrieval-result-ffn-fingerprint-top-1-accuracy-at-1,attributes.metric_qualifier,,retrieval,DreaMS (PMC13090125) Extended Data Table 1: MIST CANOPUS fingerprint retrieval top-k accuracy
dreams-mist-retrieval-result-ffn-fingerprint-top-10-accuracy-at-10,attributes.metric_qualifier,,retrieval,DreaMS (PMC13090125) Extended Data Table 1: MIST CANOPUS fingerprint retrieval top-k accuracy
dreams-mist-retrieval-result-ffn-fingerprint-top-100-accuracy-at-100,attributes.metric_qualifier,,retrieval,DreaMS (PMC13090125) Extended Data Table 1: MIST CANOPUS fingerprint retrieval top-k accuracy
dreams-mist-retrieval-result-ffn-fingerprint-top-20-accuracy-at-20,attributes.metric_qualifier,,retrieval,DreaMS (PMC13090125) Extended Data Table 1: MIST CANOPUS fingerprint retrieval top-k accuracy
dreams-mist-retrieval-result-ffn-fingerprint-top-200-accuracy-at-200,attributes.metric_qualifier,,retrieval,DreaMS (PMC13090125) Extended Data Table 1: MIST CANOPUS fingerprint retrieval top-k accuracy
dreams-mist-retrieval-result-ffn-fingerprint-top-5-accuracy-at-5,attributes.metric_qualifier,,retrieval,DreaMS (PMC13090125) Extended Data Table 1: MIST CANOPUS fingerprint retrieval top-k accuracy
dreams-mist-retrieval-result-ffn-fingerprint-top-50-accuracy-at-50,attributes.metric_qualifier,,retrieval,DreaMS (PMC13090125) Extended Data Table 1: MIST CANOPUS fingerprint retrieval top-k accuracy
dreams-mist-retrieval-result-mist-contrastive-plus-fingerprint-top-1-accuracy-at-1,attributes.metric_qualifier,,retrieval,DreaMS (PMC13090125) Extended Data Table 1: MIST CANOPUS fingerprint retrieval top-k accuracy
dreams-mist-retrieval-result-mist-contrastive-plus-fingerprint-top-10-accuracy-at-10,attributes.metric_qualifier,,retrieval,DreaMS (PMC13090125) Extended Data Table 1: MIST CANOPUS fingerprint retrieval top-k accuracy
dreams-mist-retrieval-result-mist-contrastive-plus-fingerprint-top-100-accuracy-at-100,attributes.metric_qualifier,,retrieval,DreaMS (PMC13090125) Extended Data Table 1: MIST CANOPUS fingerprint retrieval top-k accuracy
dreams-mist-retrieval-result-mist-contrastive-plus-fingerprint-top-20-accuracy-at-20,attributes.metric_qualifier,,retrieval,DreaMS (PMC13090125) Extended Data Table 1: MIST CANOPUS fingerprint retrieval top-k accuracy
dreams-mist-retrieval-result-mist-contrastive-plus-fingerprint-top-200-accuracy-at-200,attributes.metric_qualifier,,retrieval,DreaMS (PMC13090125) Extended Data Table 1: MIST CANOPUS fingerprint retrieval top-k accuracy
dreams-mist-retrieval-result-mist-contrastive-plus-fingerprint-top-5-accuracy-at-5,attributes.metric_qualifier,,retrieval,DreaMS (PMC13090125) Extended Data Table 1: MIST CANOPUS fingerprint retrieval top-k accuracy
dreams-mist-retrieval-result-mist-contrastive-plus-fingerprint-top-50-accuracy-at-50,attributes.metric_qualifier,,retrieval,DreaMS (PMC13090125) Extended Data Table 1: MIST CANOPUS fingerprint retrieval top-k accuracy
dreams-mist-retrieval-result-mist-contrastive-top-1-accuracy-at-1,attributes.metric_qualifier,,retrieval,DreaMS (PMC13090125) Extended Data Table 1: MIST CANOPUS fingerprint retrieval top-k accuracy
dreams-mist-retrieval-result-mist-contrastive-top-10-accuracy-at-10,attributes.metric_qualifier,,retrieval,DreaMS (PMC13090125) Extended Data Table 1: MIST CANOPUS fingerprint retrieval top-k accuracy
dreams-mist-retrieval-result-mist-contrastive-top-100-accuracy-at-100,attributes.metric_qualifier,,retrieval,DreaMS (PMC13090125) Extended Data Table 1: MIST CANOPUS fingerprint retrieval top-k accuracy
dreams-mist-retrieval-result-mist-contrastive-top-20-accuracy-at-20,attributes.metric_qualifier,,retrieval,DreaMS (PMC13090125) Extended Data Table 1: MIST CANOPUS fingerprint retrieval top-k accuracy
dreams-mist-retrieval-result-mist-contrastive-top-200-accuracy-at-200,attributes.metric_qualifier,,retrieval,DreaMS (PMC13090125) Extended Data Table 1: MIST CANOPUS fingerprint retrieval top-k accuracy
dreams-mist-retrieval-result-mist-contrastive-top-5-accuracy-at-5,attributes.metric_qualifier,,retrieval,DreaMS (PMC13090125) Extended Data Table 1: MIST CANOPUS fingerprint retrieval top-k accuracy
dreams-mist-retrieval-result-mist-contrastive-top-50-accuracy-at-50,attributes.metric_qualifier,,retrieval,DreaMS (PMC13090125) Extended Data Table 1: MIST CANOPUS fingerprint retrieval top-k accuracy
dreams-mist-retrieval-result-mist-fingerprint-top-1-accuracy-at-1,attributes.metric_qualifier,,retrieval,DreaMS (PMC13090125) Extended Data Table 1: MIST CANOPUS fingerprint retrieval top-k accuracy
dreams-mist-retrieval-result-mist-fingerprint-top-10-accuracy-at-10,attributes.metric_qualifier,,retrieval,DreaMS (PMC13090125) Extended Data Table 1: MIST CANOPUS fingerprint retrieval top-k accuracy
dreams-mist-retrieval-result-mist-fingerprint-top-100-accuracy-at-100,attributes.metric_qualifier,,retrieval,DreaMS (PMC13090125) Extended Data Table 1: MIST CANOPUS fingerprint retrieval top-k accuracy
dreams-mist-retrieval-result-mist-fingerprint-top-20-accuracy-at-20,attributes.metric_qualifier,,retrieval,DreaMS (PMC13090125) Extended Data Table 1: MIST CANOPUS fingerprint retrieval top-k accuracy
dreams-mist-retrieval-result-mist-fingerprint-top-200-accuracy-at-200,attributes.metric_qualifier,,retrieval,DreaMS (PMC13090125) Extended Data Table 1: MIST CANOPUS fingerprint retrieval top-k accuracy
dreams-mist-retrieval-result-mist-fingerprint-top-5-accuracy-at-5,attributes.metric_qualifier,,retrieval,DreaMS (PMC13090125) Extended Data Table 1: MIST CANOPUS fingerprint retrieval top-k accuracy
dreams-mist-retrieval-result-mist-fingerprint-top-50-accuracy-at-50,attributes.metric_qualifier,,retrieval,DreaMS (PMC13090125) Extended Data Table 1: MIST CANOPUS fingerprint retrieval top-k accuracy
msalign-2026-table3-result-deepsets-massspecgym-formula-split-no-formula-r-1-recall-at-1,attributes.metric_qualifier,,retrieval,MSAlign (arXiv 2605.19752) Table 3: R@k for spectrum-to-molecule candidate retrieval
msalign-2026-table3-result-deepsets-massspecgym-formula-split-no-formula-r-20-recall-at-20,attributes.metric_qualifier,,retrieval,MSAlign (arXiv 2605.19752) Table 3: R@k for spectrum-to-molecule candidate retrieval
msalign-2026-table3-result-deepsets-massspecgym-formula-split-no-formula-r-5-recall-at-5,attributes.metric_qualifier,,retrieval,MSAlign (arXiv 2605.19752) Table 3: R@k for spectrum-to-molecule candidate retrieval
msalign-2026-table3-result-deepsets-massspecgym-mces-split-no-formula-r-1-recall-at-1,attributes.metric_qualifier,,retrieval,MSAlign (arXiv 2605.19752) Table 3: R@k for spectrum-to-molecule candidate retrieval
msalign-2026-table3-result-deepsets-massspecgym-mces-split-no-formula-r-20-recall-at-20,attributes.metric_qualifier,,retrieval,MSAlign (arXiv 2605.19752) Table 3: R@k for spectrum-to-molecule candidate retrieval
msalign-2026-table3-result-deepsets-massspecgym-mces-split-no-formula-r-5-recall-at-5,attributes.metric_qualifier,,retrieval,MSAlign (arXiv 2605.19752) Table 3: R@k for spectrum-to-molecule candidate retrieval
msalign-2026-table3-result-deepsets-nplib1-no-formula-r-1-recall-at-1,attributes.metric_qualifier,,retrieval,MSAlign (arXiv 2605.19752) Table 3: R@k for spectrum-to-molecule candidate retrieval
msalign-2026-table3-result-deepsets-nplib1-no-formula-r-20-recall-at-20,attributes.metric_qualifier,,retrieval,MSAlign (arXiv 2605.19752) Table 3: R@k for spectrum-to-molecule candidate retrieval
msalign-2026-table3-result-deepsets-nplib1-no-formula-r-5-recall-at-5,attributes.metric_qualifier,,retrieval,MSAlign (arXiv 2605.19752) Table 3: R@k for spectrum-to-molecule candidate retrieval
msalign-2026-table3-result-deepsets-spectraverse-no-formula-r-1-recall-at-1,attributes.metric_qualifier,,retrieval,MSAlign (arXiv 2605.19752) Table 3: R@k for spectrum-to-molecule candidate retrieval
msalign-2026-table3-result-deepsets-spectraverse-no-formula-r-20-recall-at-20,attributes.metric_qualifier,,retrieval,MSAlign (arXiv 2605.19752) Table 3: R@k for spectrum-to-molecule candidate retrieval
msalign-2026-table3-result-deepsets-spectraverse-no-formula-r-5-recall-at-5,attributes.metric_qualifier,,retrieval,MSAlign (arXiv 2605.19752) Table 3: R@k for spectrum-to-molecule candidate retrieval
msalign-2026-table3-result-emb-cos-massspecgym-formula-split-no-formula-r-1-recall-at-1,attributes.metric_qualifier,,retrieval,MSAlign (arXiv 2605.19752) Table 3: R@k for spectrum-to-molecule candidate retrieval
msalign-2026-table3-result-emb-cos-massspecgym-formula-split-no-formula-r-20-recall-at-20,attributes.metric_qualifier,,retrieval,MSAlign (arXiv 2605.19752) Table 3: R@k for spectrum-to-molecule candidate retrieval
msalign-2026-table3-result-emb-cos-massspecgym-formula-split-no-formula-r-5-recall-at-5,attributes.metric_qualifier,,retrieval,MSAlign (arXiv 2605.19752) Table 3: R@k for spectrum-to-molecule candidate retrieval
msalign-2026-table3-result-emb-cos-massspecgym-mces-split-no-formula-r-1-recall-at-1,attributes.metric_qualifier,,retrieval,MSAlign (arXiv 2605.19752) Table 3: R@k for spectrum-to-molecule candidate retrieval
msalign-2026-table3-result-emb-cos-massspecgym-mces-split-no-formula-r-20-recall-at-20,attributes.metric_qualifier,,retrieval,MSAlign (arXiv 2605.19752) Table 3: R@k for spectrum-to-molecule candidate retrieval
msalign-2026-table3-result-emb-cos-massspecgym-mces-split-no-formula-r-5-recall-at-5,attributes.metric_qualifier,,retrieval,MSAlign (arXiv 2605.19752) Table 3: R@k for spectrum-to-molecule candidate retrieval
msalign-2026-table3-result-emb-cos-nplib1-no-formula-r-1-recall-at-1,attributes.metric_qualifier,,retrieval,MSAlign (arXiv 2605.19752) Table 3: R@k for spectrum-to-molecule candidate retrieval
msalign-2026-table3-result-emb-cos-nplib1-no-formula-r-20-recall-at-20,attributes.metric_qualifier,,retrieval,MSAlign (arXiv 2605.19752) Table 3: R@k for spectrum-to-molecule candidate retrieval
msalign-2026-table3-result-emb-cos-nplib1-no-formula-r-5-recall-at-5,attributes.metric_qualifier,,retrieval,MSAlign (arXiv 2605.19752) Table 3: R@k for spectrum-to-molecule candidate retrieval
msalign-2026-table3-result-emb-cos-spectraverse-no-formula-r-1-recall-at-1,attributes.metric_qualifier,,retrieval,MSAlign (arXiv 2605.19752) Table 3: R@k for spectrum-to-molecule candidate retrieval
msalign-2026-table3-result-emb-cos-spectraverse-no-formula-r-20-recall-at-20,attributes.metric_qualifier,,retrieval,MSAlign (arXiv 2605.19752) Table 3: R@k for spectrum-to-molecule candidate retrieval
msalign-2026-table3-result-emb-cos-spectraverse-no-formula-r-5-recall-at-5,attributes.metric_qualifier,,retrieval,MSAlign (arXiv 2605.19752) Table 3: R@k for spectrum-to-molecule candidate retrieval
msalign-2026-table3-result-ffn-massspecgym-formula-split-no-formula-r-1-recall-at-1,attributes.metric_qualifier,,retrieval,MSAlign (arXiv 2605.19752) Table 3: R@k for spectrum-to-molecule candidate retrieval
msalign-2026-table3-result-ffn-massspecgym-formula-split-no-formula-r-20-recall-at-20,attributes.metric_qualifier,,retrieval,MSAlign (arXiv 2605.19752) Table 3: R@k for spectrum-to-molecule candidate retrieval
msalign-2026-table3-result-ffn-massspecgym-formula-split-no-formula-r-5-recall-at-5,attributes.metric_qualifier,,retrieval,MSAlign (arXiv 2605.19752) Table 3: R@k for spectrum-to-molecule candidate retrieval
msalign-2026-table3-result-ffn-massspecgym-mces-split-no-formula-r-1-recall-at-1,attributes.metric_qualifier,,retrieval,MSAlign (arXiv 2605.19752) Table 3: R@k for spectrum-to-molecule candidate retrieval
msalign-2026-table3-result-ffn-massspecgym-mces-split-no-formula-r-20-recall-at-20,attributes.metric_qualifier,,retrieval,MSAlign (arXiv 2605.19752) Table 3: R@k for spectrum-to-molecule candidate retrieval
msalign-2026-table3-result-ffn-massspecgym-mces-split-no-formula-r-5-recall-at-5,attributes.metric_qualifier,,retrieval,MSAlign (arXiv 2605.19752) Table 3: R@k for spectrum-to-molecule candidate retrieval
msalign-2026-table3-result-ffn-nplib1-no-formula-r-1-recall-at-1,attributes.metric_qualifier,,retrieval,MSAlign (arXiv 2605.19752) Table 3: R@k for spectrum-to-molecule candidate retrieval
msalign-2026-table3-result-ffn-nplib1-no-formula-r-20-recall-at-20,attributes.metric_qualifier,,retrieval,MSAlign (arXiv 2605.19752) Table 3: R@k for spectrum-to-molecule candidate retrieval
msalign-2026-table3-result-ffn-nplib1-no-formula-r-5-recall-at-5,attributes.metric_qualifier,,retrieval,MSAlign (arXiv 2605.19752) Table 3: R@k for spectrum-to-molecule candidate retrieval
msalign-2026-table3-result-ffn-spectraverse-no-formula-r-1-recall-at-1,attributes.metric_qualifier,,retrieval,MSAlign (arXiv 2605.19752) Table 3: R@k for spectrum-to-molecule candidate retrieval
msalign-2026-table3-result-ffn-spectraverse-no-formula-r-20-recall-at-20,attributes.metric_qualifier,,retrieval,MSAlign (arXiv 2605.19752) Table 3: R@k for spectrum-to-molecule candidate retrieval
msalign-2026-table3-result-ffn-spectraverse-no-formula-r-5-recall-at-5,attributes.metric_qualifier,,retrieval,MSAlign (arXiv 2605.19752) Table 3: R@k for spectrum-to-molecule candidate retrieval
msalign-2026-table3-result-flare-massspecgym-formula-split-formula-supplied-r-1-recall-at-1,attributes.metric_qualifier,,retrieval,MSAlign (arXiv 2605.19752) Table 3: R@k for spectrum-to-molecule candidate retrieval
msalign-2026-table3-result-flare-massspecgym-formula-split-formula-supplied-r-20-recall-at-20,attributes.metric_qualifier,,retrieval,MSAlign (arXiv 2605.19752) Table 3: R@k for spectrum-to-molecule candidate retrieval
msalign-2026-table3-result-flare-massspecgym-formula-split-formula-supplied-r-5-recall-at-5,attributes.metric_qualifier,,retrieval,MSAlign (arXiv 2605.19752) Table 3: R@k for spectrum-to-molecule candidate retrieval
msalign-2026-table3-result-flare-massspecgym-mces-split-formula-supplied-r-1-recall-at-1,attributes.metric_qualifier,,retrieval,MSAlign (arXiv 2605.19752) Table 3: R@k for spectrum-to-molecule candidate retrieval
msalign-2026-table3-result-flare-massspecgym-mces-split-formula-supplied-r-20-recall-at-20,attributes.metric_qualifier,,retrieval,MSAlign (arXiv 2605.19752) Table 3: R@k for spectrum-to-molecule candidate retrieval
msalign-2026-table3-result-flare-massspecgym-mces-split-formula-supplied-r-5-recall-at-5,attributes.metric_qualifier,,retrieval,MSAlign (arXiv 2605.19752) Table 3: R@k for spectrum-to-molecule candidate retrieval
msalign-2026-table3-result-flare-nplib1-formula-supplied-r-1-recall-at-1,attributes.metric_qualifier,,retrieval,MSAlign (arXiv 2605.19752) Table 3: R@k for spectrum-to-molecule candidate retrieval
msalign-2026-table3-result-flare-nplib1-formula-supplied-r-20-recall-at-20,attributes.metric_qualifier,,retrieval,MSAlign (arXiv 2605.19752) Table 3: R@k for spectrum-to-molecule candidate retrieval
msalign-2026-table3-result-flare-nplib1-formula-supplied-r-5-recall-at-5,attributes.metric_qualifier,,retrieval,MSAlign (arXiv 2605.19752) Table 3: R@k for spectrum-to-molecule candidate retrieval
msalign-2026-table3-result-flare-spectraverse-formula-supplied-r-1-recall-at-1,attributes.metric_qualifier,,retrieval,MSAlign (arXiv 2605.19752) Table 3: R@k for spectrum-to-molecule candidate retrieval
msalign-2026-table3-result-flare-spectraverse-formula-supplied-r-20-recall-at-20,attributes.metric_qualifier,,retrieval,MSAlign (arXiv 2605.19752) Table 3: R@k for spectrum-to-molecule candidate retrieval
msalign-2026-table3-result-flare-spectraverse-formula-supplied-r-5-recall-at-5,attributes.metric_qualifier,,retrieval,MSAlign (arXiv 2605.19752) Table 3: R@k for spectrum-to-molecule candidate retrieval
msalign-2026-table3-result-jestr-massspecgym-formula-split-no-formula-r-1-recall-at-1,attributes.metric_qualifier,,retrieval,MSAlign (arXiv 2605.19752) Table 3: R@k for spectrum-to-molecule candidate retrieval
msalign-2026-table3-result-jestr-massspecgym-formula-split-no-formula-r-20-recall-at-20,attributes.metric_qualifier,,retrieval,MSAlign (arXiv 2605.19752) Table 3: R@k for spectrum-to-molecule candidate retrieval
msalign-2026-table3-result-jestr-massspecgym-formula-split-no-formula-r-5-recall-at-5,attributes.metric_qualifier,,retrieval,MSAlign (arXiv 2605.19752) Table 3: R@k for spectrum-to-molecule candidate retrieval
msalign-2026-table3-result-jestr-massspecgym-mces-split-no-formula-r-1-recall-at-1,attributes.metric_qualifier,,retrieval,MSAlign (arXiv 2605.19752) Table 3: R@k for spectrum-to-molecule candidate retrieval
msalign-2026-table3-result-jestr-massspecgym-mces-split-no-formula-r-20-recall-at-20,attributes.metric_qualifier,,retrieval,MSAlign (arXiv 2605.19752) Table 3: R@k for spectrum-to-molecule candidate retrieval
msalign-2026-table3-result-jestr-massspecgym-mces-split-no-formula-r-5-recall-at-5,attributes.metric_qualifier,,retrieval,MSAlign (arXiv 2605.19752) Table 3: R@k for spectrum-to-molecule candidate retrieval
msalign-2026-table3-result-jestr-nplib1-no-formula-r-1-recall-at-1,attributes.metric_qualifier,,retrieval,MSAlign (arXiv 2605.19752) Table 3: R@k for spectrum-to-molecule candidate retrieval
msalign-2026-table3-result-jestr-nplib1-no-formula-r-20-recall-at-20,attributes.metric_qualifier,,retrieval,MSAlign (arXiv 2605.19752) Table 3: R@k for spectrum-to-molecule candidate retrieval
msalign-2026-table3-result-jestr-nplib1-no-formula-r-5-recall-at-5,attributes.metric_qualifier,,retrieval,MSAlign (arXiv 2605.19752) Table 3: R@k for spectrum-to-molecule candidate retrieval
msalign-2026-table3-result-jestr-spectraverse-no-formula-r-1-recall-at-1,attributes.metric_qualifier,,retrieval,MSAlign (arXiv 2605.19752) Table 3: R@k for spectrum-to-molecule candidate retrieval
msalign-2026-table3-result-jestr-spectraverse-no-formula-r-20-recall-at-20,attributes.metric_qualifier,,retrieval,MSAlign (arXiv 2605.19752) Table 3: R@k for spectrum-to-molecule candidate retrieval
msalign-2026-table3-result-jestr-spectraverse-no-formula-r-5-recall-at-5,attributes.metric_qualifier,,retrieval,MSAlign (arXiv 2605.19752) Table 3: R@k for spectrum-to-molecule candidate retrieval
msalign-2026-table3-result-mist-massspecgym-formula-split-formula-supplied-r-1-recall-at-1,attributes.metric_qualifier,,retrieval,MSAlign (arXiv 2605.19752) Table 3: R@k for spectrum-to-molecule candidate retrieval
msalign-2026-table3-result-mist-massspecgym-formula-split-formula-supplied-r-20-recall-at-20,attributes.metric_qualifier,,retrieval,MSAlign (arXiv 2605.19752) Table 3: R@k for spectrum-to-molecule candidate retrieval
msalign-2026-table3-result-mist-massspecgym-formula-split-formula-supplied-r-5-recall-at-5,attributes.metric_qualifier,,retrieval,MSAlign (arXiv 2605.19752) Table 3: R@k for spectrum-to-molecule candidate retrieval
msalign-2026-table3-result-mist-massspecgym-mces-split-formula-supplied-r-1-recall-at-1,attributes.metric_qualifier,,retrieval,MSAlign (arXiv 2605.19752) Table 3: R@k for spectrum-to-molecule candidate retrieval
msalign-2026-table3-result-mist-massspecgym-mces-split-formula-supplied-r-20-recall-at-20,attributes.metric_qualifier,,retrieval,MSAlign (arXiv 2605.19752) Table 3: R@k for spectrum-to-molecule candidate retrieval
msalign-2026-table3-result-mist-massspecgym-mces-split-formula-supplied-r-5-recall-at-5,attributes.metric_qualifier,,retrieval,MSAlign (arXiv 2605.19752) Table 3: R@k for spectrum-to-molecule candidate retrieval
msalign-2026-table3-result-mist-nplib1-formula-supplied-r-1-recall-at-1,attributes.metric_qualifier,,retrieval,MSAlign (arXiv 2605.19752) Table 3: R@k for spectrum-to-molecule candidate retrieval
msalign-2026-table3-result-mist-nplib1-formula-supplied-r-20-recall-at-20,attributes.metric_qualifier,,retrieval,MSAlign (arXiv 2605.19752) Table 3: R@k for spectrum-to-molecule candidate retrieval
msalign-2026-table3-result-mist-nplib1-formula-supplied-r-5-recall-at-5,attributes.metric_qualifier,,retrieval,MSAlign (arXiv 2605.19752) Table 3: R@k for spectrum-to-molecule candidate retrieval
msalign-2026-table3-result-mist-spectraverse-formula-supplied-r-1-recall-at-1,attributes.metric_qualifier,,retrieval,MSAlign (arXiv 2605.19752) Table 3: R@k for spectrum-to-molecule candidate retrieval
msalign-2026-table3-result-mist-spectraverse-formula-supplied-r-20-recall-at-20,attributes.metric_qualifier,,retrieval,MSAlign (arXiv 2605.19752) Table 3: R@k for spectrum-to-molecule candidate retrieval
msalign-2026-table3-result-mist-spectraverse-formula-supplied-r-5-recall-at-5,attributes.metric_qualifier,,retrieval,MSAlign (arXiv 2605.19752) Table 3: R@k for spectrum-to-molecule candidate retrieval
msalign-2026-table3-result-msalign-massspecgym-formula-split-no-formula-r-1-recall-at-1,attributes.metric_qualifier,,retrieval,MSAlign (arXiv 2605.19752) Table 3: R@k for spectrum-to-molecule candidate retrieval
msalign-2026-table3-result-msalign-massspecgym-formula-split-no-formula-r-20-recall-at-20,attributes.metric_qualifier,,retrieval,MSAlign (arXiv 2605.19752) Table 3: R@k for spectrum-to-molecule candidate retrieval
msalign-2026-table3-result-msalign-massspecgym-formula-split-no-formula-r-5-recall-at-5,attributes.metric_qualifier,,retrieval,MSAlign (arXiv 2605.19752) Table 3: R@k for spectrum-to-molecule candidate retrieval
msalign-2026-table3-result-msalign-massspecgym-mces-split-no-formula-r-1-recall-at-1,attributes.metric_qualifier,,retrieval,MSAlign (arXiv 2605.19752) Table 3: R@k for spectrum-to-molecule candidate retrieval
msalign-2026-table3-result-msalign-massspecgym-mces-split-no-formula-r-20-recall-at-20,attributes.metric_qualifier,,retrieval,MSAlign (arXiv 2605.19752) Table 3: R@k for spectrum-to-molecule candidate retrieval
msalign-2026-table3-result-msalign-massspecgym-mces-split-no-formula-r-5-recall-at-5,attributes.metric_qualifier,,retrieval,MSAlign (arXiv 2605.19752) Table 3: R@k for spectrum-to-molecule candidate retrieval
msalign-2026-table3-result-msalign-nplib1-no-formula-r-1-recall-at-1,attributes.metric_qualifier,,retrieval,MSAlign (arXiv 2605.19752) Table 3: R@k for spectrum-to-molecule candidate retrieval
msalign-2026-table3-result-msalign-nplib1-no-formula-r-20-recall-at-20,attributes.metric_qualifier,,retrieval,MSAlign (arXiv 2605.19752) Table 3: R@k for spectrum-to-molecule candidate retrieval
msalign-2026-table3-result-msalign-nplib1-no-formula-r-5-recall-at-5,attributes.metric_qualifier,,retrieval,MSAlign (arXiv 2605.19752) Table 3: R@k for spectrum-to-molecule candidate retrieval
msalign-2026-table3-result-msalign-plus-filter-massspecgym-formula-split-formula-supplied-r-1-recall-at-1,attributes.metric_qualifier,,retrieval,MSAlign (arXiv 2605.19752) Table 3: R@k for spectrum-to-molecule candidate retrieval
msalign-2026-table3-result-msalign-plus-filter-massspecgym-formula-split-formula-supplied-r-20-recall-at-20,attributes.metric_qualifier,,retrieval,MSAlign (arXiv 2605.19752) Table 3: R@k for spectrum-to-molecule candidate retrieval
msalign-2026-table3-result-msalign-plus-filter-massspecgym-formula-split-formula-supplied-r-5-recall-at-5,attributes.metric_qualifier,,retrieval,MSAlign (arXiv 2605.19752) Table 3: R@k for spectrum-to-molecule candidate retrieval
msalign-2026-table3-result-msalign-plus-filter-massspecgym-mces-split-formula-supplied-r-1-recall-at-1,attributes.metric_qualifier,,retrieval,MSAlign (arXiv 2605.19752) Table 3: R@k for spectrum-to-molecule candidate retrieval
msalign-2026-table3-result-msalign-plus-filter-massspecgym-mces-split-formula-supplied-r-20-recall-at-20,attributes.metric_qualifier,,retrieval,MSAlign (arXiv 2605.19752) Table 3: R@k for spectrum-to-molecule candidate retrieval
msalign-2026-table3-result-msalign-plus-filter-massspecgym-mces-split-formula-supplied-r-5-recall-at-5,attributes.metric_qualifier,,retrieval,MSAlign (arXiv 2605.19752) Table 3: R@k for spectrum-to-molecule candidate retrieval
msalign-2026-table3-result-msalign-plus-filter-nplib1-formula-supplied-r-1-recall-at-1,attributes.metric_qualifier,,retrieval,MSAlign (arXiv 2605.19752) Table 3: R@k for spectrum-to-molecule candidate retrieval
msalign-2026-table3-result-msalign-plus-filter-nplib1-formula-supplied-r-20-recall-at-20,attributes.metric_qualifier,,retrieval,MSAlign (arXiv 2605.19752) Table 3: R@k for spectrum-to-molecule candidate retrieval
msalign-2026-table3-result-msalign-plus-filter-nplib1-formula-supplied-r-5-recall-at-5,attributes.metric_qualifier,,retrieval,MSAlign (arXiv 2605.19752) Table 3: R@k for spectrum-to-molecule candidate retrieval
msalign-2026-table3-result-msalign-plus-filter-spectraverse-formula-supplied-r-1-recall-at-1,attributes.metric_qualifier,,retrieval,MSAlign (arXiv 2605.19752) Table 3: R@k for spectrum-to-molecule candidate retrieval
msalign-2026-table3-result-msalign-plus-filter-spectraverse-formula-supplied-r-20-recall-at-20,attributes.metric_qualifier,,retrieval,MSAlign (arXiv 2605.19752) Table 3: R@k for spectrum-to-molecule candidate retrieval
msalign-2026-table3-result-msalign-plus-filter-spectraverse-formula-supplied-r-5-recall-at-5,attributes.metric_qualifier,,retrieval,MSAlign (arXiv 2605.19752) Table 3: R@k for spectrum-to-molecule candidate retrieval
msalign-2026-table3-result-msalign-spectraverse-no-formula-r-1-recall-at-1,attributes.metric_qualifier,,retrieval,MSAlign (arXiv 2605.19752) Table 3: R@k for spectrum-to-molecule candidate retrieval
msalign-2026-table3-result-msalign-spectraverse-no-formula-r-20-recall-at-20,attributes.metric_qualifier,,retrieval,MSAlign (arXiv 2605.19752) Table 3: R@k for spectrum-to-molecule candidate retrieval
msalign-2026-table3-result-msalign-spectraverse-no-formula-r-5-recall-at-5,attributes.metric_qualifier,,retrieval,MSAlign (arXiv 2605.19752) Table 3: R@k for spectrum-to-molecule candidate retrieval
msalign-2026-table3-result-sail-massspecgym-formula-split-no-formula-r-1-recall-at-1,attributes.metric_qualifier,,retrieval,MSAlign (arXiv 2605.19752) Table 3: R@k for spectrum-to-molecule candidate retrieval
msalign-2026-table3-result-sail-massspecgym-formula-split-no-formula-r-20-recall-at-20,attributes.metric_qualifier,,retrieval,MSAlign (arXiv 2605.19752) Table 3: R@k for spectrum-to-molecule candidate retrieval
msalign-2026-table3-result-sail-massspecgym-formula-split-no-formula-r-5-recall-at-5,attributes.metric_qualifier,,retrieval,MSAlign (arXiv 2605.19752) Table 3: R@k for spectrum-to-molecule candidate retrieval
msalign-2026-table3-result-sail-massspecgym-mces-split-no-formula-r-1-recall-at-1,attributes.metric_qualifier,,retrieval,MSAlign (arXiv 2605.19752) Table 3: R@k for spectrum-to-molecule candidate retrieval
msalign-2026-table3-result-sail-massspecgym-mces-split-no-formula-r-20-recall-at-20,attributes.metric_qualifier,,retrieval,MSAlign (arXiv 2605.19752) Table 3: R@k for spectrum-to-molecule candidate retrieval
msalign-2026-table3-result-sail-massspecgym-mces-split-no-formula-r-5-recall-at-5,attributes.metric_qualifier,,retrieval,MSAlign (arXiv 2605.19752) Table 3: R@k for spectrum-to-molecule candidate retrieval
msalign-2026-table3-result-sail-nplib1-no-formula-r-1-recall-at-1,attributes.metric_qualifier,,retrieval,MSAlign (arXiv 2605.19752) Table 3: R@k for spectrum-to-molecule candidate retrieval
msalign-2026-table3-result-sail-nplib1-no-formula-r-20-recall-at-20,attributes.metric_qualifier,,retrieval,MSAlign (arXiv 2605.19752) Table 3: R@k for spectrum-to-molecule candidate retrieval
msalign-2026-table3-result-sail-nplib1-no-formula-r-5-recall-at-5,attributes.metric_qualifier,,retrieval,MSAlign (arXiv 2605.19752) Table 3: R@k for spectrum-to-molecule candidate retrieval
msalign-2026-table3-result-sail-spectraverse-no-formula-r-1-recall-at-1,attributes.metric_qualifier,,retrieval,MSAlign (arXiv 2605.19752) Table 3: R@k for spectrum-to-molecule candidate retrieval
msalign-2026-table3-result-sail-spectraverse-no-formula-r-20-recall-at-20,attributes.metric_qualifier,,retrieval,MSAlign (arXiv 2605.19752) Table 3: R@k for spectrum-to-molecule candidate retrieval
msalign-2026-table3-result-sail-spectraverse-no-formula-r-5-recall-at-5,attributes.metric_qualifier,,retrieval,MSAlign (arXiv 2605.19752) Table 3: R@k for spectrum-to-molecule candidate retrieval
paper-result-001ce58c5292191491,attributes.metric_qualifier,,"de novo, exact match","MassSpecGym arXiv 2410.23326v1 Sec 3.2 Eq. 1: top-k accuracy = 1{G in predicted set of k generated graphs}, exact graph match; Table 2 de novo generation"
paper-result-002aa84a8224be7916,attributes.metric_qualifier,,retrieval,"MassSpecGym arXiv 2410.23326v1 Sec 3.2 Eq. 4: hit rate @k = 1{G in top-k of ranked candidate set C, |C|<=256}; Table 3 molecule retrieval"
paper-result-04b945325754ca6a3c,attributes.metric_qualifier,,retrieval; candidates ranked by simulated spectra,"MassSpecGym arXiv 2410.23326v1 Sec 3.2: spectrum simulation evaluated by ranking candidates by cosine similarity of simulated spectra, same hit rate @k; Table 4"
paper-result-0a64456862cd0e89be,attributes.metric_qualifier,,retrieval; candidates ranked by simulated spectra,"MassSpecGym arXiv 2410.23326v1 Sec 3.2: spectrum simulation evaluated by ranking candidates by cosine similarity of simulated spectra, same hit rate @k; Table 4"
paper-result-0dcae24f1e2c35b445,attributes.metric_qualifier,,retrieval,"MassSpecGym arXiv 2410.23326v1 Sec 3.2 Eq. 4: hit rate @k = 1{G in top-k of ranked candidate set C, |C|<=256}; Table 3 molecule retrieval"
paper-result-0eb930d3d87c1554c8,attributes.metric_qualifier,,retrieval; candidates ranked by simulated spectra,"MassSpecGym arXiv 2410.23326v1 Sec 3.2: spectrum simulation evaluated by ranking candidates by cosine similarity of simulated spectra, same hit rate @k; Table 4"
paper-result-114b6658eaef67bace,attributes.metric_qualifier,,"de novo, exact match","MassSpecGym arXiv 2410.23326v1 Sec 3.2 Eq. 1: top-k accuracy = 1{G in predicted set of k generated graphs}, exact graph match; Table 2 de novo generation"
paper-result-17366d36bcffb780c8,attributes.metric_qualifier,,retrieval; candidates ranked by simulated spectra,"MassSpecGym arXiv 2410.23326v1 Sec 3.2: spectrum simulation evaluated by ranking candidates by cosine similarity of simulated spectra, same hit rate @k; Table 4"
paper-result-1816c840f0de8bc10b,attributes.metric_qualifier,,retrieval,"MassSpecGym arXiv 2410.23326v1 Sec 3.2 Eq. 4: hit rate @k = 1{G in top-k of ranked candidate set C, |C|<=256}; Table 3 molecule retrieval"
paper-result-19979776fcf90cd085,attributes.metric_qualifier,,retrieval,"MassSpecGym arXiv 2410.23326v1 Sec 3.2 Eq. 4: hit rate @k = 1{G in top-k of ranked candidate set C, |C|<=256}; Table 3 molecule retrieval"
paper-result-1b7eee640fec71e99b,attributes.metric_qualifier,,retrieval,"MassSpecGym arXiv 2410.23326v1 Sec 3.2 Eq. 4: hit rate @k = 1{G in top-k of ranked candidate set C, |C|<=256}; Table 3 molecule retrieval"
paper-result-23d5f2a3887e324717,attributes.metric_qualifier,,retrieval; candidates ranked by simulated spectra,"MassSpecGym arXiv 2410.23326v1 Sec 3.2: spectrum simulation evaluated by ranking candidates by cosine similarity of simulated spectra, same hit rate @k; Table 4"
paper-result-23eb570af16987191b,attributes.metric_qualifier,,"de novo, exact match","MassSpecGym arXiv 2410.23326v1 Sec 3.2 Eq. 1: top-k accuracy = 1{G in predicted set of k generated graphs}, exact graph match; Table 2 de novo generation"
paper-result-23f54c2046394a9849,attributes.metric_qualifier,,retrieval; candidates ranked by simulated spectra,"MassSpecGym arXiv 2410.23326v1 Sec 3.2: spectrum simulation evaluated by ranking candidates by cosine similarity of simulated spectra, same hit rate @k; Table 4"
paper-result-252d625fb1507235e2,attributes.metric_qualifier,,"de novo, exact match","MassSpecGym arXiv 2410.23326v1 Sec 3.2 Eq. 1: top-k accuracy = 1{G in predicted set of k generated graphs}, exact graph match; Table 2 de novo generation"
paper-result-26d9400143fc2fd637,attributes.metric_qualifier,,"de novo, exact match","MassSpecGym arXiv 2410.23326v1 Sec 3.2 Eq. 1: top-k accuracy = 1{G in predicted set of k generated graphs}, exact graph match; Table 2 de novo generation"
paper-result-29a4b30ef091c9e0e8,attributes.metric_qualifier,,retrieval,"MassSpecGym arXiv 2410.23326v1 Sec 3.2 Eq. 4: hit rate @k = 1{G in top-k of ranked candidate set C, |C|<=256}; Table 3 molecule retrieval"
paper-result-2e0c5271342aa65299,attributes.metric_qualifier,,retrieval; candidates ranked by simulated spectra,"MassSpecGym arXiv 2410.23326v1 Sec 3.2: spectrum simulation evaluated by ranking candidates by cosine similarity of simulated spectra, same hit rate @k; Table 4"
paper-result-2f03b245ed9e4e81e9,attributes.metric_qualifier,,retrieval; candidates ranked by simulated spectra,"MassSpecGym arXiv 2410.23326v1 Sec 3.2: spectrum simulation evaluated by ranking candidates by cosine similarity of simulated spectra, same hit rate @k; Table 4"
paper-result-33e50c25a480666e26,attributes.metric_qualifier,,retrieval; candidates ranked by simulated spectra,"MassSpecGym arXiv 2410.23326v1 Sec 3.2: spectrum simulation evaluated by ranking candidates by cosine similarity of simulated spectra, same hit rate @k; Table 4"
paper-result-3588b0e1eb7078ee40,attributes.metric_qualifier,,retrieval,"MassSpecGym arXiv 2410.23326v1 Sec 3.2 Eq. 4: hit rate @k = 1{G in top-k of ranked candidate set C, |C|<=256}; Table 3 molecule retrieval"
paper-result-35b54face42cd4df98,attributes.metric_qualifier,,retrieval,"MassSpecGym arXiv 2410.23326v1 Sec 3.2 Eq. 4: hit rate @k = 1{G in top-k of ranked candidate set C, |C|<=256}; Table 3 molecule retrieval"
paper-result-38f0c179e79c4c9dac,attributes.metric_qualifier,,de novo; best of top-1 generated,"MassSpecGym arXiv 2410.23326v1 Sec 3.2 Eq. 1: top-k accuracy = 1{G in predicted set of k generated graphs}, exact graph match; Table 2 de novo generation"
paper-result-39e03e2651a3119076,attributes.metric_qualifier,,de novo; best of top-1 generated,"MassSpecGym arXiv 2410.23326v1 Sec 3.2 Eq. 1: top-k accuracy = 1{G in predicted set of k generated graphs}, exact graph match; Table 2 de novo generation"
paper-result-3b6baab5e2664e30e6,attributes.metric_qualifier,,retrieval,"MassSpecGym arXiv 2410.23326v1 Sec 3.2 Eq. 4: hit rate @k = 1{G in top-k of ranked candidate set C, |C|<=256}; Table 3 molecule retrieval"
paper-result-3bda21118a05d4e278,attributes.metric_qualifier,,retrieval,"MassSpecGym arXiv 2410.23326v1 Sec 3.2 Eq. 4: hit rate @k = 1{G in top-k of ranked candidate set C, |C|<=256}; Table 3 molecule retrieval"
paper-result-3ff182c671377da6da,attributes.metric_qualifier,,retrieval,"MassSpecGym arXiv 2410.23326v1 Sec 3.2 Eq. 4: hit rate @k = 1{G in top-k of ranked candidate set C, |C|<=256}; Table 3 molecule retrieval"
paper-result-46121102e555a35255,attributes.metric_qualifier,,retrieval,"MassSpecGym arXiv 2410.23326v1 Sec 3.2 Eq. 4: hit rate @k = 1{G in top-k of ranked candidate set C, |C|<=256}; Table 3 molecule retrieval"
paper-result-46e2e44bcf768e94b2,attributes.metric_qualifier,,retrieval,"MassSpecGym arXiv 2410.23326v1 Sec 3.2 Eq. 4: hit rate @k = 1{G in top-k of ranked candidate set C, |C|<=256}; Table 3 molecule retrieval"
paper-result-47e90701446fc3f6b0,attributes.metric_qualifier,,retrieval,"MassSpecGym arXiv 2410.23326v1 Sec 3.2 Eq. 4: hit rate @k = 1{G in top-k of ranked candidate set C, |C|<=256}; Table 3 molecule retrieval"
paper-result-52e51c1dd59d05f572,attributes.metric_qualifier,,"de novo, exact match","MassSpecGym arXiv 2410.23326v1 Sec 3.2 Eq. 1: top-k accuracy = 1{G in predicted set of k generated graphs}, exact graph match; Table 2 de novo generation"
paper-result-57c8c3eaa6c96fd115,attributes.metric_qualifier,,"de novo, exact match","MassSpecGym arXiv 2410.23326v1 Sec 3.2 Eq. 1: top-k accuracy = 1{G in predicted set of k generated graphs}, exact graph match; Table 2 de novo generation"
paper-result-57fd7d0cd8b73c56e2,attributes.metric_qualifier,,retrieval,"MassSpecGym arXiv 2410.23326v1 Sec 3.2 Eq. 4: hit rate @k = 1{G in top-k of ranked candidate set C, |C|<=256}; Table 3 molecule retrieval"
paper-result-5db072c636cb16b724,attributes.metric_qualifier,,retrieval; candidates ranked by simulated spectra,"MassSpecGym arXiv 2410.23326v1 Sec 3.2: spectrum simulation evaluated by ranking candidates by cosine similarity of simulated spectra, same hit rate @k; Table 4"
paper-result-5dbec6173d09a309db,attributes.metric_qualifier,,de novo; best of top-1 generated,"MassSpecGym arXiv 2410.23326v1 Sec 3.2 Eq. 1: top-k accuracy = 1{G in predicted set of k generated graphs}, exact graph match; Table 2 de novo generation"
paper-result-5e7fd1597e90064dde,attributes.metric_qualifier,,de novo; best of top-1 generated,"MassSpecGym arXiv 2410.23326v1 Sec 3.2 Eq. 1: top-k accuracy = 1{G in predicted set of k generated graphs}, exact graph match; Table 2 de novo generation"
paper-result-665810a5e1f9cada24,attributes.metric_qualifier,,retrieval; candidates ranked by simulated spectra,"MassSpecGym arXiv 2410.23326v1 Sec 3.2: spectrum simulation evaluated by ranking candidates by cosine similarity of simulated spectra, same hit rate @k; Table 4"
paper-result-6b9b0e247bfdc9c274,attributes.metric_qualifier,,retrieval,"MassSpecGym arXiv 2410.23326v1 Sec 3.2 Eq. 4: hit rate @k = 1{G in top-k of ranked candidate set C, |C|<=256}; Table 3 molecule retrieval"
paper-result-6bf388327e502fbdd6,attributes.metric_qualifier,,retrieval,"MassSpecGym arXiv 2410.23326v1 Sec 3.2 Eq. 4: hit rate @k = 1{G in top-k of ranked candidate set C, |C|<=256}; Table 3 molecule retrieval"
paper-result-6d5f81ef670db6f81b,attributes.metric_qualifier,,retrieval,"MassSpecGym arXiv 2410.23326v1 Sec 3.2 Eq. 4: hit rate @k = 1{G in top-k of ranked candidate set C, |C|<=256}; Table 3 molecule retrieval"
paper-result-761f932c6a35c888bb,attributes.metric_qualifier,,retrieval,"MassSpecGym arXiv 2410.23326v1 Sec 3.2 Eq. 4: hit rate @k = 1{G in top-k of ranked candidate set C, |C|<=256}; Table 3 molecule retrieval"
paper-result-773438d255878a0817,attributes.metric_qualifier,,retrieval,"MassSpecGym arXiv 2410.23326v1 Sec 3.2 Eq. 4: hit rate @k = 1{G in top-k of ranked candidate set C, |C|<=256}; Table 3 molecule retrieval"
paper-result-7a7bc4ebdca6051342,attributes.metric_qualifier,,retrieval,"MassSpecGym arXiv 2410.23326v1 Sec 3.2 Eq. 4: hit rate @k = 1{G in top-k of ranked candidate set C, |C|<=256}; Table 3 molecule retrieval"
paper-result-7d9d8c7b77d1529f6d,attributes.metric_qualifier,,retrieval; candidates ranked by simulated spectra,"MassSpecGym arXiv 2410.23326v1 Sec 3.2: spectrum simulation evaluated by ranking candidates by cosine similarity of simulated spectra, same hit rate @k; Table 4"
paper-result-7e55a965688b10e2cc,attributes.metric_qualifier,,retrieval,"MassSpecGym arXiv 2410.23326v1 Sec 3.2 Eq. 4: hit rate @k = 1{G in top-k of ranked candidate set C, |C|<=256}; Table 3 molecule retrieval"
paper-result-80aa6ca411586dd8e5,attributes.metric_qualifier,,retrieval,"MassSpecGym arXiv 2410.23326v1 Sec 3.2 Eq. 4: hit rate @k = 1{G in top-k of ranked candidate set C, |C|<=256}; Table 3 molecule retrieval"
paper-result-85739d66e709a022d4,attributes.metric_qualifier,,retrieval; candidates ranked by simulated spectra,"MassSpecGym arXiv 2410.23326v1 Sec 3.2: spectrum simulation evaluated by ranking candidates by cosine similarity of simulated spectra, same hit rate @k; Table 4"
paper-result-88df2cfb82ff24f522,attributes.metric_qualifier,,retrieval,"MassSpecGym arXiv 2410.23326v1 Sec 3.2 Eq. 4: hit rate @k = 1{G in top-k of ranked candidate set C, |C|<=256}; Table 3 molecule retrieval"
paper-result-89bc901270255db9e9,attributes.metric_qualifier,,retrieval; candidates ranked by simulated spectra,"MassSpecGym arXiv 2410.23326v1 Sec 3.2: spectrum simulation evaluated by ranking candidates by cosine similarity of simulated spectra, same hit rate @k; Table 4"
paper-result-8b2608a402d6ab54e6,attributes.metric_qualifier,,retrieval,"MassSpecGym arXiv 2410.23326v1 Sec 3.2 Eq. 4: hit rate @k = 1{G in top-k of ranked candidate set C, |C|<=256}; Table 3 molecule retrieval"
paper-result-8d04b85ca056e77ff0,attributes.metric_qualifier,,retrieval,"MassSpecGym arXiv 2410.23326v1 Sec 3.2 Eq. 4: hit rate @k = 1{G in top-k of ranked candidate set C, |C|<=256}; Table 3 molecule retrieval"
paper-result-96eb3d9e4116e85dc3,attributes.metric_qualifier,,retrieval,"MassSpecGym arXiv 2410.23326v1 Sec 3.2 Eq. 4: hit rate @k = 1{G in top-k of ranked candidate set C, |C|<=256}; Table 3 molecule retrieval"
paper-result-9b0cc277a3cbc6c13d,attributes.metric_qualifier,,retrieval,"MassSpecGym arXiv 2410.23326v1 Sec 3.2 Eq. 4: hit rate @k = 1{G in top-k of ranked candidate set C, |C|<=256}; Table 3 molecule retrieval"
paper-result-9e337171088dfc4bc7,attributes.metric_qualifier,,retrieval; candidates ranked by simulated spectra,"MassSpecGym arXiv 2410.23326v1 Sec 3.2: spectrum simulation evaluated by ranking candidates by cosine similarity of simulated spectra, same hit rate @k; Table 4"
paper-result-a0d4a99203b52c3a11,attributes.metric_qualifier,,retrieval; candidates ranked by simulated spectra,"MassSpecGym arXiv 2410.23326v1 Sec 3.2: spectrum simulation evaluated by ranking candidates by cosine similarity of simulated spectra, same hit rate @k; Table 4"
paper-result-a0d66c2c9d6bc8466d,attributes.metric_qualifier,,retrieval,"MassSpecGym arXiv 2410.23326v1 Sec 3.2 Eq. 4: hit rate @k = 1{G in top-k of ranked candidate set C, |C|<=256}; Table 3 molecule retrieval"
paper-result-a2021eb25d2e915417,attributes.metric_qualifier,,retrieval,"MassSpecGym arXiv 2410.23326v1 Sec 3.2 Eq. 4: hit rate @k = 1{G in top-k of ranked candidate set C, |C|<=256}; Table 3 molecule retrieval"
paper-result-a3823cbc55713c1741,attributes.metric_qualifier,,de novo; best of top-1 generated,"MassSpecGym arXiv 2410.23326v1 Sec 3.2 Eq. 1: top-k accuracy = 1{G in predicted set of k generated graphs}, exact graph match; Table 2 de novo generation"
paper-result-acf85ffa57a1906421,attributes.metric_qualifier,,retrieval,"MassSpecGym arXiv 2410.23326v1 Sec 3.2 Eq. 4: hit rate @k = 1{G in top-k of ranked candidate set C, |C|<=256}; Table 3 molecule retrieval"
paper-result-ad0be47f84a1a8fec1,attributes.metric_qualifier,,retrieval; candidates ranked by simulated spectra,"MassSpecGym arXiv 2410.23326v1 Sec 3.2: spectrum simulation evaluated by ranking candidates by cosine similarity of simulated spectra, same hit rate @k; Table 4"
paper-result-ad8080ad017d8b7953,attributes.metric_qualifier,,retrieval; candidates ranked by simulated spectra,"MassSpecGym arXiv 2410.23326v1 Sec 3.2: spectrum simulation evaluated by ranking candidates by cosine similarity of simulated spectra, same hit rate @k; Table 4"
paper-result-b11072597f662ee8a3,attributes.metric_qualifier,,"de novo, exact match","MassSpecGym arXiv 2410.23326v1 Sec 3.2 Eq. 1: top-k accuracy = 1{G in predicted set of k generated graphs}, exact graph match; Table 2 de novo generation"
paper-result-bc4465183b3bdd05e9,attributes.metric_qualifier,,"de novo, exact match","MassSpecGym arXiv 2410.23326v1 Sec 3.2 Eq. 1: top-k accuracy = 1{G in predicted set of k generated graphs}, exact graph match; Table 2 de novo generation"
paper-result-c82ea8aa8dc5772dfb,attributes.metric_qualifier,,retrieval; candidates ranked by simulated spectra,"MassSpecGym arXiv 2410.23326v1 Sec 3.2: spectrum simulation evaluated by ranking candidates by cosine similarity of simulated spectra, same hit rate @k; Table 4"
paper-result-c905d384ee9e3b5f91,attributes.metric_qualifier,,retrieval,"MassSpecGym arXiv 2410.23326v1 Sec 3.2 Eq. 4: hit rate @k = 1{G in top-k of ranked candidate set C, |C|<=256}; Table 3 molecule retrieval"
paper-result-cb2bbb66e78675cc68,attributes.metric_qualifier,,"de novo, exact match","MassSpecGym arXiv 2410.23326v1 Sec 3.2 Eq. 1: top-k accuracy = 1{G in predicted set of k generated graphs}, exact graph match; Table 2 de novo generation"
paper-result-cdb00f17075ddae1d4,attributes.metric_qualifier,,"de novo, exact match","MassSpecGym arXiv 2410.23326v1 Sec 3.2 Eq. 1: top-k accuracy = 1{G in predicted set of k generated graphs}, exact graph match; Table 2 de novo generation"
paper-result-cde595ad3523bf9f27,attributes.metric_qualifier,,retrieval,"MassSpecGym arXiv 2410.23326v1 Sec 3.2 Eq. 4: hit rate @k = 1{G in top-k of ranked candidate set C, |C|<=256}; Table 3 molecule retrieval"
paper-result-cedb7d744e7a1a1270,attributes.metric_qualifier,,"de novo, exact match","MassSpecGym arXiv 2410.23326v1 Sec 3.2 Eq. 1: top-k accuracy = 1{G in predicted set of k generated graphs}, exact graph match; Table 2 de novo generation"
paper-result-d5320e4453da6b09dd,attributes.metric_qualifier,,retrieval,"MassSpecGym arXiv 2410.23326v1 Sec 3.2 Eq. 4: hit rate @k = 1{G in top-k of ranked candidate set C, |C|<=256}; Table 3 molecule retrieval"
paper-result-d73962270e10586574,attributes.metric_qualifier,,retrieval,"MassSpecGym arXiv 2410.23326v1 Sec 3.2 Eq. 4: hit rate @k = 1{G in top-k of ranked candidate set C, |C|<=256}; Table 3 molecule retrieval"
paper-result-e0a2ae6ef5e9dac842,attributes.metric_qualifier,,retrieval; candidates ranked by simulated spectra,"MassSpecGym arXiv 2410.23326v1 Sec 3.2: spectrum simulation evaluated by ranking candidates by cosine similarity of simulated spectra, same hit rate @k; Table 4"
paper-result-e1302d68232a47d02d,attributes.metric_qualifier,,retrieval,"MassSpecGym arXiv 2410.23326v1 Sec 3.2 Eq. 4: hit rate @k = 1{G in top-k of ranked candidate set C, |C|<=256}; Table 3 molecule retrieval"
paper-result-e1dad4454a489eea14,attributes.metric_qualifier,,retrieval; candidates ranked by simulated spectra,"MassSpecGym arXiv 2410.23326v1 Sec 3.2: spectrum simulation evaluated by ranking candidates by cosine similarity of simulated spectra, same hit rate @k; Table 4"
paper-result-e3dc19ea2e9e59e293,attributes.metric_qualifier,,retrieval,"MassSpecGym arXiv 2410.23326v1 Sec 3.2 Eq. 4: hit rate @k = 1{G in top-k of ranked candidate set C, |C|<=256}; Table 3 molecule retrieval"
paper-result-e5a6f34b3603af99f9,attributes.metric_qualifier,,retrieval,"MassSpecGym arXiv 2410.23326v1 Sec 3.2 Eq. 4: hit rate @k = 1{G in top-k of ranked candidate set C, |C|<=256}; Table 3 molecule retrieval"
paper-result-ed71048c3ebde971d5,attributes.metric_qualifier,,retrieval,"MassSpecGym arXiv 2410.23326v1 Sec 3.2 Eq. 4: hit rate @k = 1{G in top-k of ranked candidate set C, |C|<=256}; Table 3 molecule retrieval"
paper-result-f1dea3c2c74bc24384,attributes.metric_qualifier,,retrieval; candidates ranked by simulated spectra,"MassSpecGym arXiv 2410.23326v1 Sec 3.2: spectrum simulation evaluated by ranking candidates by cosine similarity of simulated spectra, same hit rate @k; Table 4"
paper-result-f6b2ddc4c03e718467,attributes.metric_qualifier,,retrieval; candidates ranked by simulated spectra,"MassSpecGym arXiv 2410.23326v1 Sec 3.2: spectrum simulation evaluated by ranking candidates by cosine similarity of simulated spectra, same hit rate @k; Table 4"
paper-result-f6cbe952ed6e6a1568,attributes.metric_qualifier,,retrieval; candidates ranked by simulated spectra,"MassSpecGym arXiv 2410.23326v1 Sec 3.2: spectrum simulation evaluated by ranking candidates by cosine similarity of simulated spectra, same hit rate @k; Table 4"
paper-result-f871d7d35c275e848e,attributes.metric_qualifier,,retrieval,"MassSpecGym arXiv 2410.23326v1 Sec 3.2 Eq. 4: hit rate @k = 1{G in top-k of ranked candidate set C, |C|<=256}; Table 3 molecule retrieval"
paper-result-f9e0659ed6de1857f1,attributes.metric_qualifier,,de novo; best of top-1 generated,"MassSpecGym arXiv 2410.23326v1 Sec 3.2 Eq. 1: top-k accuracy = 1{G in predicted set of k generated graphs}, exact graph match; Table 2 de novo generation"
uc20260930-msalign-v2-result-massspecgym-formula-formula-free-deepset-r1,attributes.metric_qualifier,,retrieval,MSAlign (arXiv 2605.19752) Table 3: R@k for spectrum-to-molecule candidate retrieval
uc20260930-msalign-v2-result-massspecgym-formula-formula-free-deepset-r20,attributes.metric_qualifier,,retrieval,MSAlign (arXiv 2605.19752) Table 3: R@k for spectrum-to-molecule candidate retrieval
uc20260930-msalign-v2-result-massspecgym-formula-formula-free-deepset-r5,attributes.metric_qualifier,,retrieval,MSAlign (arXiv 2605.19752) Table 3: R@k for spectrum-to-molecule candidate retrieval
uc20260930-msalign-v2-result-massspecgym-formula-formula-free-emb-cos-r1,attributes.metric_qualifier,,retrieval,MSAlign (arXiv 2605.19752) Table 3: R@k for spectrum-to-molecule candidate retrieval
uc20260930-msalign-v2-result-massspecgym-formula-formula-free-emb-cos-r20,attributes.metric_qualifier,,retrieval,MSAlign (arXiv 2605.19752) Table 3: R@k for spectrum-to-molecule candidate retrieval
uc20260930-msalign-v2-result-massspecgym-formula-formula-free-emb-cos-r5,attributes.metric_qualifier,,retrieval,MSAlign (arXiv 2605.19752) Table 3: R@k for spectrum-to-molecule candidate retrieval
uc20260930-msalign-v2-result-massspecgym-formula-formula-free-jestr-r1,attributes.metric_qualifier,,retrieval,MSAlign (arXiv 2605.19752) Table 3: R@k for spectrum-to-molecule candidate retrieval
uc20260930-msalign-v2-result-massspecgym-formula-formula-free-jestr-r20,attributes.metric_qualifier,,retrieval,MSAlign (arXiv 2605.19752) Table 3: R@k for spectrum-to-molecule candidate retrieval
uc20260930-msalign-v2-result-massspecgym-formula-formula-free-jestr-r5,attributes.metric_qualifier,,retrieval,MSAlign (arXiv 2605.19752) Table 3: R@k for spectrum-to-molecule candidate retrieval
uc20260930-msalign-v2-result-massspecgym-formula-formula-free-msalign-r1,attributes.metric_qualifier,,retrieval,MSAlign (arXiv 2605.19752) Table 3: R@k for spectrum-to-molecule candidate retrieval
uc20260930-msalign-v2-result-massspecgym-formula-formula-free-msalign-r20,attributes.metric_qualifier,,retrieval,MSAlign (arXiv 2605.19752) Table 3: R@k for spectrum-to-molecule candidate retrieval
uc20260930-msalign-v2-result-massspecgym-formula-formula-free-msalign-r5,attributes.metric_qualifier,,retrieval,MSAlign (arXiv 2605.19752) Table 3: R@k for spectrum-to-molecule candidate retrieval
uc20260930-msalign-v2-result-massspecgym-formula-formula-free-msalign-score-fusion-overbar-r1,attributes.metric_qualifier,,retrieval,MSAlign (arXiv 2605.19752) Table 3: R@k for spectrum-to-molecule candidate retrieval
uc20260930-msalign-v2-result-massspecgym-formula-formula-free-msalign-score-fusion-overbar-r20,attributes.metric_qualifier,,retrieval,MSAlign (arXiv 2605.19752) Table 3: R@k for spectrum-to-molecule candidate retrieval
uc20260930-msalign-v2-result-massspecgym-formula-formula-free-msalign-score-fusion-overbar-r5,attributes.metric_qualifier,,retrieval,MSAlign (arXiv 2605.19752) Table 3: R@k for spectrum-to-molecule candidate retrieval
uc20260930-msalign-v2-result-massspecgym-formula-formula-oracle-flare-r1,attributes.metric_qualifier,,retrieval,MSAlign (arXiv 2605.19752) Table 3: R@k for spectrum-to-molecule candidate retrieval
uc20260930-msalign-v2-result-massspecgym-formula-formula-oracle-flare-r20,attributes.metric_qualifier,,retrieval,MSAlign (arXiv 2605.19752) Table 3: R@k for spectrum-to-molecule candidate retrieval
uc20260930-msalign-v2-result-massspecgym-formula-formula-oracle-flare-r5,attributes.metric_qualifier,,retrieval,MSAlign (arXiv 2605.19752) Table 3: R@k for spectrum-to-molecule candidate retrieval
uc20260930-msalign-v2-result-massspecgym-formula-formula-oracle-mist-r1,attributes.metric_qualifier,,retrieval,MSAlign (arXiv 2605.19752) Table 3: R@k for spectrum-to-molecule candidate retrieval
uc20260930-msalign-v2-result-massspecgym-formula-formula-oracle-mist-r20,attributes.metric_qualifier,,retrieval,MSAlign (arXiv 2605.19752) Table 3: R@k for spectrum-to-molecule candidate retrieval
uc20260930-msalign-v2-result-massspecgym-formula-formula-oracle-mist-r5,attributes.metric_qualifier,,retrieval,MSAlign (arXiv 2605.19752) Table 3: R@k for spectrum-to-molecule candidate retrieval
uc20260930-msalign-v2-result-massspecgym-formula-formula-oracle-msalign-score-fusion-filter-overbar-r1,attributes.metric_qualifier,,retrieval,MSAlign (arXiv 2605.19752) Table 3: R@k for spectrum-to-molecule candidate retrieval
uc20260930-msalign-v2-result-massspecgym-formula-formula-oracle-msalign-score-fusion-filter-overbar-r20,attributes.metric_qualifier,,retrieval,MSAlign (arXiv 2605.19752) Table 3: R@k for spectrum-to-molecule candidate retrieval
uc20260930-msalign-v2-result-massspecgym-formula-formula-oracle-msalign-score-fusion-filter-overbar-r5,attributes.metric_qualifier,,retrieval,MSAlign (arXiv 2605.19752) Table 3: R@k for spectrum-to-molecule candidate retrieval
uc20260930-msalign-v2-result-massspecgym-formula-formula-oracle-mvp-r1,attributes.metric_qualifier,,retrieval,MSAlign (arXiv 2605.19752) Table 3: R@k for spectrum-to-molecule candidate retrieval
uc20260930-msalign-v2-result-massspecgym-formula-formula-oracle-mvp-r20,attributes.metric_qualifier,,retrieval,MSAlign (arXiv 2605.19752) Table 3: R@k for spectrum-to-molecule candidate retrieval
uc20260930-msalign-v2-result-massspecgym-formula-formula-oracle-mvp-r5,attributes.metric_qualifier,,retrieval,MSAlign (arXiv 2605.19752) Table 3: R@k for spectrum-to-molecule candidate retrieval
uc20260930-msalign-v2-result-massspecgym-mces-formula-free-deepset-r1,attributes.metric_qualifier,,retrieval,MSAlign (arXiv 2605.19752) Table 3: R@k for spectrum-to-molecule candidate retrieval
uc20260930-msalign-v2-result-massspecgym-mces-formula-free-deepset-r20,attributes.metric_qualifier,,retrieval,MSAlign (arXiv 2605.19752) Table 3: R@k for spectrum-to-molecule candidate retrieval
uc20260930-msalign-v2-result-massspecgym-mces-formula-free-deepset-r5,attributes.metric_qualifier,,retrieval,MSAlign (arXiv 2605.19752) Table 3: R@k for spectrum-to-molecule candidate retrieval
uc20260930-msalign-v2-result-massspecgym-mces-formula-free-emb-cos-r1,attributes.metric_qualifier,,retrieval,MSAlign (arXiv 2605.19752) Table 3: R@k for spectrum-to-molecule candidate retrieval
uc20260930-msalign-v2-result-massspecgym-mces-formula-free-emb-cos-r20,attributes.metric_qualifier,,retrieval,MSAlign (arXiv 2605.19752) Table 3: R@k for spectrum-to-molecule candidate retrieval
uc20260930-msalign-v2-result-massspecgym-mces-formula-free-emb-cos-r5,attributes.metric_qualifier,,retrieval,MSAlign (arXiv 2605.19752) Table 3: R@k for spectrum-to-molecule candidate retrieval
uc20260930-msalign-v2-result-massspecgym-mces-formula-free-jestr-r1,attributes.metric_qualifier,,retrieval,MSAlign (arXiv 2605.19752) Table 3: R@k for spectrum-to-molecule candidate retrieval
uc20260930-msalign-v2-result-massspecgym-mces-formula-free-jestr-r20,attributes.metric_qualifier,,retrieval,MSAlign (arXiv 2605.19752) Table 3: R@k for spectrum-to-molecule candidate retrieval
uc20260930-msalign-v2-result-massspecgym-mces-formula-free-jestr-r5,attributes.metric_qualifier,,retrieval,MSAlign (arXiv 2605.19752) Table 3: R@k for spectrum-to-molecule candidate retrieval
uc20260930-msalign-v2-result-massspecgym-mces-formula-free-msalign-r1,attributes.metric_qualifier,,retrieval,MSAlign (arXiv 2605.19752) Table 3: R@k for spectrum-to-molecule candidate retrieval
uc20260930-msalign-v2-result-massspecgym-mces-formula-free-msalign-r20,attributes.metric_qualifier,,retrieval,MSAlign (arXiv 2605.19752) Table 3: R@k for spectrum-to-molecule candidate retrieval
uc20260930-msalign-v2-result-massspecgym-mces-formula-free-msalign-r5,attributes.metric_qualifier,,retrieval,MSAlign (arXiv 2605.19752) Table 3: R@k for spectrum-to-molecule candidate retrieval
uc20260930-msalign-v2-result-massspecgym-mces-formula-free-msalign-score-fusion-overbar-r1,attributes.metric_qualifier,,retrieval,MSAlign (arXiv 2605.19752) Table 3: R@k for spectrum-to-molecule candidate retrieval
uc20260930-msalign-v2-result-massspecgym-mces-formula-free-msalign-score-fusion-overbar-r20,attributes.metric_qualifier,,retrieval,MSAlign (arXiv 2605.19752) Table 3: R@k for spectrum-to-molecule candidate retrieval
uc20260930-msalign-v2-result-massspecgym-mces-formula-free-msalign-score-fusion-overbar-r5,attributes.metric_qualifier,,retrieval,MSAlign (arXiv 2605.19752) Table 3: R@k for spectrum-to-molecule candidate retrieval
uc20260930-msalign-v2-result-massspecgym-mces-formula-oracle-flare-r1,attributes.metric_qualifier,,retrieval,MSAlign (arXiv 2605.19752) Table 3: R@k for spectrum-to-molecule candidate retrieval
uc20260930-msalign-v2-result-massspecgym-mces-formula-oracle-flare-r20,attributes.metric_qualifier,,retrieval,MSAlign (arXiv 2605.19752) Table 3: R@k for spectrum-to-molecule candidate retrieval
uc20260930-msalign-v2-result-massspecgym-mces-formula-oracle-flare-r5,attributes.metric_qualifier,,retrieval,MSAlign (arXiv 2605.19752) Table 3: R@k for spectrum-to-molecule candidate retrieval
uc20260930-msalign-v2-result-massspecgym-mces-formula-oracle-mist-r1,attributes.metric_qualifier,,retrieval,MSAlign (arXiv 2605.19752) Table 3: R@k for spectrum-to-molecule candidate retrieval
uc20260930-msalign-v2-result-massspecgym-mces-formula-oracle-mist-r20,attributes.metric_qualifier,,retrieval,MSAlign (arXiv 2605.19752) Table 3: R@k for spectrum-to-molecule candidate retrieval
uc20260930-msalign-v2-result-massspecgym-mces-formula-oracle-mist-r5,attributes.metric_qualifier,,retrieval,MSAlign (arXiv 2605.19752) Table 3: R@k for spectrum-to-molecule candidate retrieval
uc20260930-msalign-v2-result-massspecgym-mces-formula-oracle-msalign-score-fusion-filter-overbar-r1,attributes.metric_qualifier,,retrieval,MSAlign (arXiv 2605.19752) Table 3: R@k for spectrum-to-molecule candidate retrieval
uc20260930-msalign-v2-result-massspecgym-mces-formula-oracle-msalign-score-fusion-filter-overbar-r20,attributes.metric_qualifier,,retrieval,MSAlign (arXiv 2605.19752) Table 3: R@k for spectrum-to-molecule candidate retrieval
uc20260930-msalign-v2-result-massspecgym-mces-formula-oracle-msalign-score-fusion-filter-overbar-r5,attributes.metric_qualifier,,retrieval,MSAlign (arXiv 2605.19752) Table 3: R@k for spectrum-to-molecule candidate retrieval
uc20260930-msalign-v2-result-massspecgym-mces-formula-oracle-mvp-r1,attributes.metric_qualifier,,retrieval,MSAlign (arXiv 2605.19752) Table 3: R@k for spectrum-to-molecule candidate retrieval
uc20260930-msalign-v2-result-massspecgym-mces-formula-oracle-mvp-r20,attributes.metric_qualifier,,retrieval,MSAlign (arXiv 2605.19752) Table 3: R@k for spectrum-to-molecule candidate retrieval
uc20260930-msalign-v2-result-massspecgym-mces-formula-oracle-mvp-r5,attributes.metric_qualifier,,retrieval,MSAlign (arXiv 2605.19752) Table 3: R@k for spectrum-to-molecule candidate retrieval
uc20260930-msalign-v2-result-spectraverse-formula-free-deepset-r1,attributes.metric_qualifier,,retrieval,MSAlign (arXiv 2605.19752) Table 3: R@k for spectrum-to-molecule candidate retrieval
uc20260930-msalign-v2-result-spectraverse-formula-free-deepset-r20,attributes.metric_qualifier,,retrieval,MSAlign (arXiv 2605.19752) Table 3: R@k for spectrum-to-molecule candidate retrieval
uc20260930-msalign-v2-result-spectraverse-formula-free-deepset-r5,attributes.metric_qualifier,,retrieval,MSAlign (arXiv 2605.19752) Table 3: R@k for spectrum-to-molecule candidate retrieval
uc20260930-msalign-v2-result-spectraverse-formula-free-emb-cos-r1,attributes.metric_qualifier,,retrieval,MSAlign (arXiv 2605.19752) Table 3: R@k for spectrum-to-molecule candidate retrieval
uc20260930-msalign-v2-result-spectraverse-formula-free-emb-cos-r20,attributes.metric_qualifier,,retrieval,MSAlign (arXiv 2605.19752) Table 3: R@k for spectrum-to-molecule candidate retrieval
uc20260930-msalign-v2-result-spectraverse-formula-free-emb-cos-r5,attributes.metric_qualifier,,retrieval,MSAlign (arXiv 2605.19752) Table 3: R@k for spectrum-to-molecule candidate retrieval
uc20260930-msalign-v2-result-spectraverse-formula-free-jestr-r1,attributes.metric_qualifier,,retrieval,MSAlign (arXiv 2605.19752) Table 3: R@k for spectrum-to-molecule candidate retrieval
uc20260930-msalign-v2-result-spectraverse-formula-free-jestr-r20,attributes.metric_qualifier,,retrieval,MSAlign (arXiv 2605.19752) Table 3: R@k for spectrum-to-molecule candidate retrieval
uc20260930-msalign-v2-result-spectraverse-formula-free-jestr-r5,attributes.metric_qualifier,,retrieval,MSAlign (arXiv 2605.19752) Table 3: R@k for spectrum-to-molecule candidate retrieval
uc20260930-msalign-v2-result-spectraverse-formula-free-msalign-r1,attributes.metric_qualifier,,retrieval,MSAlign (arXiv 2605.19752) Table 3: R@k for spectrum-to-molecule candidate retrieval
uc20260930-msalign-v2-result-spectraverse-formula-free-msalign-r20,attributes.metric_qualifier,,retrieval,MSAlign (arXiv 2605.19752) Table 3: R@k for spectrum-to-molecule candidate retrieval
uc20260930-msalign-v2-result-spectraverse-formula-free-msalign-r5,attributes.metric_qualifier,,retrieval,MSAlign (arXiv 2605.19752) Table 3: R@k for spectrum-to-molecule candidate retrieval
uc20260930-msalign-v2-result-spectraverse-formula-free-msalign-score-fusion-overbar-r1,attributes.metric_qualifier,,retrieval,MSAlign (arXiv 2605.19752) Table 3: R@k for spectrum-to-molecule candidate retrieval
uc20260930-msalign-v2-result-spectraverse-formula-free-msalign-score-fusion-overbar-r20,attributes.metric_qualifier,,retrieval,MSAlign (arXiv 2605.19752) Table 3: R@k for spectrum-to-molecule candidate retrieval
uc20260930-msalign-v2-result-spectraverse-formula-free-msalign-score-fusion-overbar-r5,attributes.metric_qualifier,,retrieval,MSAlign (arXiv 2605.19752) Table 3: R@k for spectrum-to-molecule candidate retrieval
uc20260930-msalign-v2-result-spectraverse-formula-oracle-flare-r1,attributes.metric_qualifier,,retrieval,MSAlign (arXiv 2605.19752) Table 3: R@k for spectrum-to-molecule candidate retrieval
uc20260930-msalign-v2-result-spectraverse-formula-oracle-flare-r20,attributes.metric_qualifier,,retrieval,MSAlign (arXiv 2605.19752) Table 3: R@k for spectrum-to-molecule candidate retrieval
uc20260930-msalign-v2-result-spectraverse-formula-oracle-flare-r5,attributes.metric_qualifier,,retrieval,MSAlign (arXiv 2605.19752) Table 3: R@k for spectrum-to-molecule candidate retrieval
uc20260930-msalign-v2-result-spectraverse-formula-oracle-mist-r1,attributes.metric_qualifier,,retrieval,MSAlign (arXiv 2605.19752) Table 3: R@k for spectrum-to-molecule candidate retrieval
uc20260930-msalign-v2-result-spectraverse-formula-oracle-mist-r20,attributes.metric_qualifier,,retrieval,MSAlign (arXiv 2605.19752) Table 3: R@k for spectrum-to-molecule candidate retrieval
uc20260930-msalign-v2-result-spectraverse-formula-oracle-mist-r5,attributes.metric_qualifier,,retrieval,MSAlign (arXiv 2605.19752) Table 3: R@k for spectrum-to-molecule candidate retrieval
uc20260930-msalign-v2-result-spectraverse-formula-oracle-msalign-score-fusion-filter-overbar-r1,attributes.metric_qualifier,,retrieval,MSAlign (arXiv 2605.19752) Table 3: R@k for spectrum-to-molecule candidate retrieval
uc20260930-msalign-v2-result-spectraverse-formula-oracle-msalign-score-fusion-filter-overbar-r20,attributes.metric_qualifier,,retrieval,MSAlign (arXiv 2605.19752) Table 3: R@k for spectrum-to-molecule candidate retrieval
uc20260930-msalign-v2-result-spectraverse-formula-oracle-msalign-score-fusion-filter-overbar-r5,attributes.metric_qualifier,,retrieval,MSAlign (arXiv 2605.19752) Table 3: R@k for spectrum-to-molecule candidate retrieval
uc20260930-msalign-v2-result-spectraverse-formula-oracle-mvp-r1,attributes.metric_qualifier,,retrieval,MSAlign (arXiv 2605.19752) Table 3: R@k for spectrum-to-molecule candidate retrieval
uc20260930-msalign-v2-result-spectraverse-formula-oracle-mvp-r20,attributes.metric_qualifier,,retrieval,MSAlign (arXiv 2605.19752) Table 3: R@k for spectrum-to-molecule candidate retrieval
uc20260930-msalign-v2-result-spectraverse-formula-oracle-mvp-r5,attributes.metric_qualifier,,retrieval,MSAlign (arXiv 2605.19752) Table 3: R@k for spectrum-to-molecule candidate retrieval
lit-041,attributes.metric_qualifier,,all-atom; top-scoring pose,"PMC13292216 Results and Fig. 2 legend: ""calculated the all-atom root-mean-square deviation (RMSD) of lipids"" for ""the top-scoring lipid poses""; success rate = percentage with all-atom RMSD below cutoff"
lit-042,attributes.metric_qualifier,,all-atom; top-scoring pose,"PMC13292216 Results and Fig. 2 legend: ""calculated the all-atom root-mean-square deviation (RMSD) of lipids"" for ""the top-scoring lipid poses""; success rate = percentage with all-atom RMSD below cutoff"
lit-b3-039,attributes.metric_qualifier,,top-1 pose; binding-site superposition (OpenStructure 2.8); averaged per complex; atom set not stated,"PMC11601547 (Boltz-1) Table 1 column ""L-RMSD <2A top-1""; Methods: all metrics computed with OpenStructure 2.8.0, success rates averaged over interfaces within a complex then across complexes; atom set not stated (OpenStructure SCRMSDScorer superposes the binding site and keeps hydrogens unless removed: https://openstructure.org/docs/2.8/mol/alg/ligand_scoring/)"
lit-b3-039,attributes.unit,unitless,fraction,Value 0.545 is a proportion of complexes (PMC11601547 Table 1 and Methods); fraction per unit.ttl definition
acquired-result-15f40069a96e46da45b8,attributes.metric_qualifier,,median over complexes,"PMC12658688 Table 1 footnote a: ""Protein RMSD, ligand RMSD, and bond RMSD values represent median values""; caption: all entries in the Plinder-L95 data set. Ligand RMSD after least-squares superposition of protein residues within 10 A of the ligand (Methods)"
acquired-result-1be5a5dd453cd51429eb,attributes.metric_qualifier,,median over complexes,"PMC12658688 Table 1 footnote a: ""Protein RMSD, ligand RMSD, and bond RMSD values represent median values""; caption: all entries in the Plinder-L95 data set. Ligand RMSD after least-squares superposition of protein residues within 10 A of the ligand (Methods)"
acquired-result-32f06faf32d402c4eda5,attributes.metric_qualifier,protein atoms,protein; median over complexes; atom set not stated,"PMC12658688 Table 1 footnote a: ""Protein RMSD, ligand RMSD, and bond RMSD values represent median values""; caption: all entries in the Plinder-L95 data set. Ligand RMSD after least-squares superposition of protein residues within 10 A of the ligand (Methods)"
acquired-result-3ac1fef23b9aca0a889e,attributes.metric_qualifier,,median over complexes; pocket superposition (residues within 10 A),"PMC12658688 Table 1 footnote a: ""Protein RMSD, ligand RMSD, and bond RMSD values represent median values""; caption: all entries in the Plinder-L95 data set. Ligand RMSD after least-squares superposition of protein residues within 10 A of the ligand (Methods)"
acquired-result-5263d447621b33ce5e5b,attributes.metric_qualifier,protein atoms,protein; median over complexes; atom set not stated,"PMC12658688 Table 1 footnote a: ""Protein RMSD, ligand RMSD, and bond RMSD values represent median values""; caption: all entries in the Plinder-L95 data set. Ligand RMSD after least-squares superposition of protein residues within 10 A of the ligand (Methods)"
acquired-result-650ab29b3de0ece95487,attributes.metric_qualifier,,median over complexes,"PMC12658688 Table 1 footnote a: ""Protein RMSD, ligand RMSD, and bond RMSD values represent median values""; caption: all entries in the Plinder-L95 data set. Ligand RMSD after least-squares superposition of protein residues within 10 A of the ligand (Methods)"
acquired-result-6faf6c42a6dd8edf0ac2,attributes.metric_qualifier,protein atoms,protein; median over complexes; atom set not stated,"PMC12658688 Table 1 footnote a: ""Protein RMSD, ligand RMSD, and bond RMSD values represent median values""; caption: all entries in the Plinder-L95 data set. Ligand RMSD after least-squares superposition of protein residues within 10 A of the ligand (Methods)"
acquired-result-9b8f4c327c80978893d8,attributes.metric_qualifier,,median over complexes,"PMC12658688 Table 1 footnote a: ""Protein RMSD, ligand RMSD, and bond RMSD values represent median values""; caption: all entries in the Plinder-L95 data set. Ligand RMSD after least-squares superposition of protein residues within 10 A of the ligand (Methods)"
acquired-result-a4b3c4b66fe18cc9d21b,attributes.metric_qualifier,protein atoms,protein; median over complexes; atom set not stated,"PMC12658688 Table 1 footnote a: ""Protein RMSD, ligand RMSD, and bond RMSD values represent median values""; caption: all entries in the Plinder-L95 data set. Ligand RMSD after least-squares superposition of protein residues within 10 A of the ligand (Methods)"
acquired-result-b2c020b4935269ce4d62,attributes.metric_qualifier,,median over complexes,"PMC12658688 Table 1 footnote a: ""Protein RMSD, ligand RMSD, and bond RMSD values represent median values""; caption: all entries in the Plinder-L95 data set. Ligand RMSD after least-squares superposition of protein residues within 10 A of the ligand (Methods)"
acquired-result-c2577f7dbe1d94b392d2,attributes.metric_qualifier,,median over complexes,"PMC12658688 Table 1 footnote a: ""Protein RMSD, ligand RMSD, and bond RMSD values represent median values""; caption: all entries in the Plinder-L95 data set. Ligand RMSD after least-squares superposition of protein residues within 10 A of the ligand (Methods)"
acquired-result-c619fd03d1a8cff7d664,attributes.metric_qualifier,,median over complexes; pocket superposition (residues within 10 A),"PMC12658688 Table 1 footnote a: ""Protein RMSD, ligand RMSD, and bond RMSD values represent median values""; caption: all entries in the Plinder-L95 data set. Ligand RMSD after least-squares superposition of protein residues within 10 A of the ligand (Methods)"
acquired-result-c90ec06e22944401162b,attributes.metric_qualifier,,median over complexes; pocket superposition (residues within 10 A),"PMC12658688 Table 1 footnote a: ""Protein RMSD, ligand RMSD, and bond RMSD values represent median values""; caption: all entries in the Plinder-L95 data set. Ligand RMSD after least-squares superposition of protein residues within 10 A of the ligand (Methods)"
acquired-result-e39503fce61a297296ac,attributes.metric_qualifier,,median over complexes; pocket superposition (residues within 10 A),"PMC12658688 Table 1 footnote a: ""Protein RMSD, ligand RMSD, and bond RMSD values represent median values""; caption: all entries in the Plinder-L95 data set. Ligand RMSD after least-squares superposition of protein residues within 10 A of the ligand (Methods)"
acquired-result-e9442a7a5700ebd434a1,attributes.metric_qualifier,,median over complexes,"PMC12658688 Table 1 footnote a: ""Protein RMSD, ligand RMSD, and bond RMSD values represent median values""; caption: all entries in the Plinder-L95 data set. Ligand RMSD after least-squares superposition of protein residues within 10 A of the ligand (Methods)"
acquired-result-ebd71b52c5fd9da7fed2,attributes.metric_qualifier,,median over complexes; pocket superposition (residues within 10 A),"PMC12658688 Table 1 footnote a: ""Protein RMSD, ligand RMSD, and bond RMSD values represent median values""; caption: all entries in the Plinder-L95 data set. Ligand RMSD after least-squares superposition of protein residues within 10 A of the ligand (Methods)"
acquired-result-f7218106d99c60d399cc,attributes.metric_qualifier,,median over complexes; pocket superposition (residues within 10 A),"PMC12658688 Table 1 footnote a: ""Protein RMSD, ligand RMSD, and bond RMSD values represent median values""; caption: all entries in the Plinder-L95 data set. Ligand RMSD after least-squares superposition of protein residues within 10 A of the ligand (Methods)"
acquired-result-fce7e3c9c1d46ab98128,attributes.metric_qualifier,protein atoms,protein; median over complexes; atom set not stated,"PMC12658688 Table 1 footnote a: ""Protein RMSD, ligand RMSD, and bond RMSD values represent median values""; caption: all entries in the Plinder-L95 data set. Ligand RMSD after least-squares superposition of protein residues within 10 A of the ligand (Methods)"
acquired-result-ff4210197bbd7b73b02c,attributes.metric_qualifier,,median over complexes; pocket superposition (residues within 10 A),"PMC12658688 Table 1 footnote a: ""Protein RMSD, ligand RMSD, and bond RMSD values represent median values""; caption: all entries in the Plinder-L95 data set. Ligand RMSD after least-squares superposition of protein residues within 10 A of the ligand (Methods)"
gears-2023-supp-table6-result-cpa-pearson-de-pearson-delta-expression,attributes.metric_qualifier,,all genes; mean over perturbations,"GEARS Supplementary Table 1 defines ""Pearson Correlation (Delta Expression)"" with no gene subset; Supplementary Table 2 caption: ""Pearson DE is the Pearson correlation between the change in gene expression over unperturbed control as predicted by the model to the true change"" (no subset); main Fig. 2c caption: ""across all genes""; GEARS code logs test pearson_delta over all genes, with top-20 DE genes as a separate pearson_delta_de (gears/inference.py L462-477, commit f374e43)"
gears-2023-supp-table6-result-cpa-plus-kg-pearson-de-pearson-delta-expression,attributes.metric_qualifier,,all genes; mean over perturbations,"GEARS Supplementary Table 1 defines ""Pearson Correlation (Delta Expression)"" with no gene subset; Supplementary Table 2 caption: ""Pearson DE is the Pearson correlation between the change in gene expression over unperturbed control as predicted by the model to the true change"" (no subset); main Fig. 2c caption: ""across all genes""; GEARS code logs test pearson_delta over all genes, with top-20 DE genes as a separate pearson_delta_de (gears/inference.py L462-477, commit f374e43)"
gears-2023-supp-table6-result-gears-pearson-de-pearson-delta-expression,attributes.metric_qualifier,,all genes; mean over perturbations,"GEARS Supplementary Table 1 defines ""Pearson Correlation (Delta Expression)"" with no gene subset; Supplementary Table 2 caption: ""Pearson DE is the Pearson correlation between the change in gene expression over unperturbed control as predicted by the model to the true change"" (no subset); main Fig. 2c caption: ""across all genes""; GEARS code logs test pearson_delta over all genes, with top-20 DE genes as a separate pearson_delta_de (gears/inference.py L462-477, commit f374e43)"
gears-2023-supp-table6-result-no-perturb-pearson-de-pearson-delta-expression,attributes.metric_qualifier,,all genes; mean over perturbations,"GEARS Supplementary Table 1 defines ""Pearson Correlation (Delta Expression)"" with no gene subset; Supplementary Table 2 caption: ""Pearson DE is the Pearson correlation between the change in gene expression over unperturbed control as predicted by the model to the true change"" (no subset); main Fig. 2c caption: ""across all genes""; GEARS code logs test pearson_delta over all genes, with top-20 DE genes as a separate pearson_delta_de (gears/inference.py L462-477, commit f374e43)"
ucc-docking-cluspro-bm5-2020-result-bound-antibody-top10-difficult-medium-accuracy-targets,attributes.metric_qualifier,by difficulty category,"difficult (flexible) targets; top 10 models; medium (**) as printed, overlap with high not stated","PMC7484347 Table 1 footnote b: ""Number of targets with good (acceptable or better) predictions, among them predictions with high (***) and medium (**) accuracy""; footnote c: line 1 top 10, line 2 top 30. Whether ** counts targets that also have a high-accuracy model is not stated"
ucc-docking-cluspro-bm5-2020-result-bound-antibody-top10-easy-medium-accuracy-targets,attributes.metric_qualifier,by difficulty category,"easy (rigid-body) targets; top 10 models; medium (**) as printed, overlap with high not stated","PMC7484347 Table 1 footnote b: ""Number of targets with good (acceptable or better) predictions, among them predictions with high (***) and medium (**) accuracy""; footnote c: line 1 top 10, line 2 top 30. Whether ** counts targets that also have a high-accuracy model is not stated"
ucc-docking-cluspro-bm5-2020-result-bound-antibody-top30-difficult-medium-accuracy-targets,attributes.metric_qualifier,by difficulty category,"difficult (flexible) targets; top 30 models; medium (**) as printed, overlap with high not stated","PMC7484347 Table 1 footnote b: ""Number of targets with good (acceptable or better) predictions, among them predictions with high (***) and medium (**) accuracy""; footnote c: line 1 top 10, line 2 top 30. Whether ** counts targets that also have a high-accuracy model is not stated"
ucc-docking-cluspro-bm5-2020-result-bound-antibody-top30-easy-medium-accuracy-targets,attributes.metric_qualifier,by difficulty category,"easy (rigid-body) targets; top 30 models; medium (**) as printed, overlap with high not stated","PMC7484347 Table 1 footnote b: ""Number of targets with good (acceptable or better) predictions, among them predictions with high (***) and medium (**) accuracy""; footnote c: line 1 top 10, line 2 top 30. Whether ** counts targets that also have a high-accuracy model is not stated"
ucc-docking-cluspro-bm5-2020-result-enzyme-top10-difficult-medium-accuracy-targets,attributes.metric_qualifier,by difficulty category,"difficult (flexible) targets; top 10 models; medium (**) as printed, overlap with high not stated","PMC7484347 Table 1 footnote b: ""Number of targets with good (acceptable or better) predictions, among them predictions with high (***) and medium (**) accuracy""; footnote c: line 1 top 10, line 2 top 30. Whether ** counts targets that also have a high-accuracy model is not stated"
ucc-docking-cluspro-bm5-2020-result-enzyme-top10-easy-medium-accuracy-targets,attributes.metric_qualifier,by difficulty category,"easy (rigid-body) targets; top 10 models; medium (**) as printed, overlap with high not stated","PMC7484347 Table 1 footnote b: ""Number of targets with good (acceptable or better) predictions, among them predictions with high (***) and medium (**) accuracy""; footnote c: line 1 top 10, line 2 top 30. Whether ** counts targets that also have a high-accuracy model is not stated"
ucc-docking-cluspro-bm5-2020-result-enzyme-top10-intermediate-medium-accuracy-targets,attributes.metric_qualifier,by difficulty category,"intermediate targets; top 10 models; medium (**) as printed, overlap with high not stated","PMC7484347 Table 1 footnote b: ""Number of targets with good (acceptable or better) predictions, among them predictions with high (***) and medium (**) accuracy""; footnote c: line 1 top 10, line 2 top 30. Whether ** counts targets that also have a high-accuracy model is not stated"
ucc-docking-cluspro-bm5-2020-result-enzyme-top30-difficult-medium-accuracy-targets,attributes.metric_qualifier,by difficulty category,"difficult (flexible) targets; top 30 models; medium (**) as printed, overlap with high not stated","PMC7484347 Table 1 footnote b: ""Number of targets with good (acceptable or better) predictions, among them predictions with high (***) and medium (**) accuracy""; footnote c: line 1 top 10, line 2 top 30. Whether ** counts targets that also have a high-accuracy model is not stated"
ucc-docking-cluspro-bm5-2020-result-enzyme-top30-easy-medium-accuracy-targets,attributes.metric_qualifier,by difficulty category,"easy (rigid-body) targets; top 30 models; medium (**) as printed, overlap with high not stated","PMC7484347 Table 1 footnote b: ""Number of targets with good (acceptable or better) predictions, among them predictions with high (***) and medium (**) accuracy""; footnote c: line 1 top 10, line 2 top 30. Whether ** counts targets that also have a high-accuracy model is not stated"
ucc-docking-cluspro-bm5-2020-result-enzyme-top30-intermediate-medium-accuracy-targets,attributes.metric_qualifier,by difficulty category,"intermediate targets; top 30 models; medium (**) as printed, overlap with high not stated","PMC7484347 Table 1 footnote b: ""Number of targets with good (acceptable or better) predictions, among them predictions with high (***) and medium (**) accuracy""; footnote c: line 1 top 10, line 2 top 30. Whether ** counts targets that also have a high-accuracy model is not stated"
ucc-docking-cluspro-bm5-2020-result-others-top10-difficult-medium-accuracy-targets,attributes.metric_qualifier,by difficulty category,"difficult (flexible) targets; top 10 models; medium (**) as printed, overlap with high not stated","PMC7484347 Table 1 footnote b: ""Number of targets with good (acceptable or better) predictions, among them predictions with high (***) and medium (**) accuracy""; footnote c: line 1 top 10, line 2 top 30. Whether ** counts targets that also have a high-accuracy model is not stated"
ucc-docking-cluspro-bm5-2020-result-others-top10-easy-medium-accuracy-targets,attributes.metric_qualifier,by difficulty category,"easy (rigid-body) targets; top 10 models; medium (**) as printed, overlap with high not stated","PMC7484347 Table 1 footnote b: ""Number of targets with good (acceptable or better) predictions, among them predictions with high (***) and medium (**) accuracy""; footnote c: line 1 top 10, line 2 top 30. Whether ** counts targets that also have a high-accuracy model is not stated"
ucc-docking-cluspro-bm5-2020-result-others-top10-intermediate-medium-accuracy-targets,attributes.metric_qualifier,by difficulty category,"intermediate targets; top 10 models; medium (**) as printed, overlap with high not stated","PMC7484347 Table 1 footnote b: ""Number of targets with good (acceptable or better) predictions, among them predictions with high (***) and medium (**) accuracy""; footnote c: line 1 top 10, line 2 top 30. Whether ** counts targets that also have a high-accuracy model is not stated"
ucc-docking-cluspro-bm5-2020-result-others-top30-difficult-medium-accuracy-targets,attributes.metric_qualifier,by difficulty category,"difficult (flexible) targets; top 30 models; medium (**) as printed, overlap with high not stated","PMC7484347 Table 1 footnote b: ""Number of targets with good (acceptable or better) predictions, among them predictions with high (***) and medium (**) accuracy""; footnote c: line 1 top 10, line 2 top 30. Whether ** counts targets that also have a high-accuracy model is not stated"
ucc-docking-cluspro-bm5-2020-result-others-top30-easy-medium-accuracy-targets,attributes.metric_qualifier,by difficulty category,"easy (rigid-body) targets; top 30 models; medium (**) as printed, overlap with high not stated","PMC7484347 Table 1 footnote b: ""Number of targets with good (acceptable or better) predictions, among them predictions with high (***) and medium (**) accuracy""; footnote c: line 1 top 10, line 2 top 30. Whether ** counts targets that also have a high-accuracy model is not stated"
ucc-docking-cluspro-bm5-2020-result-others-top30-intermediate-medium-accuracy-targets,attributes.metric_qualifier,by difficulty category,"intermediate targets; top 30 models; medium (**) as printed, overlap with high not stated","PMC7484347 Table 1 footnote b: ""Number of targets with good (acceptable or better) predictions, among them predictions with high (***) and medium (**) accuracy""; footnote c: line 1 top 10, line 2 top 30. Whether ** counts targets that also have a high-accuracy model is not stated"
ucc-docking-cluspro-bm5-2020-result-total-top10-difficult-medium-accuracy-targets,attributes.metric_qualifier,by difficulty category,"difficult (flexible) targets; top 10 models; medium (**) as printed, overlap with high not stated","PMC7484347 Table 1 footnote b: ""Number of targets with good (acceptable or better) predictions, among them predictions with high (***) and medium (**) accuracy""; footnote c: line 1 top 10, line 2 top 30. Whether ** counts targets that also have a high-accuracy model is not stated"
ucc-docking-cluspro-bm5-2020-result-total-top10-easy-medium-accuracy-targets,attributes.metric_qualifier,by difficulty category,"easy (rigid-body) targets; top 10 models; medium (**) as printed, overlap with high not stated","PMC7484347 Table 1 footnote b: ""Number of targets with good (acceptable or better) predictions, among them predictions with high (***) and medium (**) accuracy""; footnote c: line 1 top 10, line 2 top 30. Whether ** counts targets that also have a high-accuracy model is not stated"
ucc-docking-cluspro-bm5-2020-result-total-top10-intermediate-medium-accuracy-targets,attributes.metric_qualifier,by difficulty category,"intermediate targets; top 10 models; medium (**) as printed, overlap with high not stated","PMC7484347 Table 1 footnote b: ""Number of targets with good (acceptable or better) predictions, among them predictions with high (***) and medium (**) accuracy""; footnote c: line 1 top 10, line 2 top 30. Whether ** counts targets that also have a high-accuracy model is not stated"
ucc-docking-cluspro-bm5-2020-result-total-top30-difficult-medium-accuracy-targets,attributes.metric_qualifier,by difficulty category,"difficult (flexible) targets; top 30 models; medium (**) as printed, overlap with high not stated","PMC7484347 Table 1 footnote b: ""Number of targets with good (acceptable or better) predictions, among them predictions with high (***) and medium (**) accuracy""; footnote c: line 1 top 10, line 2 top 30. Whether ** counts targets that also have a high-accuracy model is not stated"
ucc-docking-cluspro-bm5-2020-result-total-top30-easy-medium-accuracy-targets,attributes.metric_qualifier,by difficulty category,"easy (rigid-body) targets; top 30 models; medium (**) as printed, overlap with high not stated","PMC7484347 Table 1 footnote b: ""Number of targets with good (acceptable or better) predictions, among them predictions with high (***) and medium (**) accuracy""; footnote c: line 1 top 10, line 2 top 30. Whether ** counts targets that also have a high-accuracy model is not stated"
ucc-docking-cluspro-bm5-2020-result-total-top30-intermediate-medium-accuracy-targets,attributes.metric_qualifier,by difficulty category,"intermediate targets; top 30 models; medium (**) as printed, overlap with high not stated","PMC7484347 Table 1 footnote b: ""Number of targets with good (acceptable or better) predictions, among them predictions with high (***) and medium (**) accuracy""; footnote c: line 1 top 10, line 2 top 30. Whether ** counts targets that also have a high-accuracy model is not stated"
ucc-docking-cluspro-bm5-2020-result-unbound-antibody-top10-difficult-medium-accuracy-targets,attributes.metric_qualifier,by difficulty category,"difficult (flexible) targets; top 10 models; medium (**) as printed, overlap with high not stated","PMC7484347 Table 1 footnote b: ""Number of targets with good (acceptable or better) predictions, among them predictions with high (***) and medium (**) accuracy""; footnote c: line 1 top 10, line 2 top 30. Whether ** counts targets that also have a high-accuracy model is not stated"
ucc-docking-cluspro-bm5-2020-result-unbound-antibody-top10-easy-medium-accuracy-targets,attributes.metric_qualifier,by difficulty category,"easy (rigid-body) targets; top 10 models; medium (**) as printed, overlap with high not stated","PMC7484347 Table 1 footnote b: ""Number of targets with good (acceptable or better) predictions, among them predictions with high (***) and medium (**) accuracy""; footnote c: line 1 top 10, line 2 top 30. Whether ** counts targets that also have a high-accuracy model is not stated"
ucc-docking-cluspro-bm5-2020-result-unbound-antibody-top10-intermediate-medium-accuracy-targets,attributes.metric_qualifier,by difficulty category,"intermediate targets; top 10 models; medium (**) as printed, overlap with high not stated","PMC7484347 Table 1 footnote b: ""Number of targets with good (acceptable or better) predictions, among them predictions with high (***) and medium (**) accuracy""; footnote c: line 1 top 10, line 2 top 30. Whether ** counts targets that also have a high-accuracy model is not stated"
ucc-docking-cluspro-bm5-2020-result-unbound-antibody-top30-difficult-medium-accuracy-targets,attributes.metric_qualifier,by difficulty category,"difficult (flexible) targets; top 30 models; medium (**) as printed, overlap with high not stated","PMC7484347 Table 1 footnote b: ""Number of targets with good (acceptable or better) predictions, among them predictions with high (***) and medium (**) accuracy""; footnote c: line 1 top 10, line 2 top 30. Whether ** counts targets that also have a high-accuracy model is not stated"
ucc-docking-cluspro-bm5-2020-result-unbound-antibody-top30-easy-medium-accuracy-targets,attributes.metric_qualifier,by difficulty category,"easy (rigid-body) targets; top 30 models; medium (**) as printed, overlap with high not stated","PMC7484347 Table 1 footnote b: ""Number of targets with good (acceptable or better) predictions, among them predictions with high (***) and medium (**) accuracy""; footnote c: line 1 top 10, line 2 top 30. Whether ** counts targets that also have a high-accuracy model is not stated"
ucc-docking-cluspro-bm5-2020-result-unbound-antibody-top30-intermediate-medium-accuracy-targets,attributes.metric_qualifier,by difficulty category,"intermediate targets; top 30 models; medium (**) as printed, overlap with high not stated","PMC7484347 Table 1 footnote b: ""Number of targets with good (acceptable or better) predictions, among them predictions with high (***) and medium (**) accuracy""; footnote c: line 1 top 10, line 2 top 30. Whether ** counts targets that also have a high-accuracy model is not stated"
lit-043,attributes.metric_qualifier,,top-fraction cutoff not stated; printed beside EF 1%,"PMC11815853 Table 2: ""success rate (%)"" printed under ""forward screening power"" beside EF 1%; cutoff not stated in Table 2 or Methods 4.2.1. CASF-2016 (Su et al. 2019, doi:10.1021/acs.jcim.8b00545) reports success rates at top 1%, 5% and 10%"
lit-044,attributes.metric_qualifier,,top-fraction cutoff not stated; printed beside EF 1%,"PMC11815853 Table 2: ""success rate (%)"" printed under ""forward screening power"" beside EF 1%; cutoff not stated in Table 2 or Methods 4.2.1. CASF-2016 (Su et al. 2019, doi:10.1021/acs.jcim.8b00545) reports success rates at top 1%, 5% and 10%"
b2-eden-genomic-classification-2026,attributes.unit,percent,unitless,"b2-eden source Table 5 H-CPD (MCC) column prints 70.52; MCC range is -1 to 1, so value is MCC x100"
b2-eden-genomic-classification-2026,attributes.unit_detail,,printed x100,"b2-eden source Table 5 H-CPD (MCC) column prints 70.52; MCC range is -1 to 1, so value is MCC x100"
beacon-result-beacon-b-apa-r2,attributes.unit,percent,unitless,"BEACON (arXiv 2406.10391) Table 3 prints R2 and Spearman in % columns (e.g. R2 70.59, Spearman 4.42); R2 can be negative and is not a fraction of items, so x100 scaling of a unitless statistic"
beacon-result-beacon-b-apa-r2,attributes.unit_detail,,printed x100,"BEACON (arXiv 2406.10391) Table 3 prints R2 and Spearman in % columns (e.g. R2 70.59, Spearman 4.42); R2 can be negative and is not a fraction of items, so x100 scaling of a unitless statistic"
beacon-result-beacon-b-cri-off-spearman-corr,attributes.unit,percent,unitless,"BEACON (arXiv 2406.10391) Table 3 prints R2 and Spearman in % columns (e.g. R2 70.59, Spearman 4.42); R2 can be negative and is not a fraction of items, so x100 scaling of a unitless statistic"
beacon-result-beacon-b-cri-off-spearman-corr,attributes.unit_detail,,printed x100,"BEACON (arXiv 2406.10391) Table 3 prints R2 and Spearman in % columns (e.g. R2 70.59, Spearman 4.42); R2 can be negative and is not a fraction of items, so x100 scaling of a unitless statistic"
beacon-result-beacon-b-cri-on-spearman-corr,attributes.unit,percent,unitless,"BEACON (arXiv 2406.10391) Table 3 prints R2 and Spearman in % columns (e.g. R2 70.59, Spearman 4.42); R2 can be negative and is not a fraction of items, so x100 scaling of a unitless statistic"
beacon-result-beacon-b-cri-on-spearman-corr,attributes.unit_detail,,printed x100,"BEACON (arXiv 2406.10391) Table 3 prints R2 and Spearman in % columns (e.g. R2 70.59, Spearman 4.42); R2 can be negative and is not a fraction of items, so x100 scaling of a unitless statistic"
beacon-result-beacon-b-dmp-r2,attributes.unit,percent,unitless,"BEACON (arXiv 2406.10391) Table 3 prints R2 and Spearman in % columns (e.g. R2 70.59, Spearman 4.42); R2 can be negative and is not a fraction of items, so x100 scaling of a unitless statistic"
beacon-result-beacon-b-dmp-r2,attributes.unit_detail,,printed x100,"BEACON (arXiv 2406.10391) Table 3 prints R2 and Spearman in % columns (e.g. R2 70.59, Spearman 4.42); R2 can be negative and is not a fraction of items, so x100 scaling of a unitless statistic"
beacon-result-beacon-b-modif-auc,attributes.unit,percent,unitless,AUROC is listed as unitless in data/vocab/unit.ttl (unitless definition names AUC); source prints AUC x100; BEACON Modif: mean of 12 roc_auc_score values (train_modification.py) printed x100
beacon-result-beacon-b-modif-auc,attributes.unit_detail,,printed x100,AUROC is listed as unitless in data/vocab/unit.ttl (unitless definition names AUC); source prints AUC x100; BEACON Modif: mean of 12 roc_auc_score values (train_modification.py) printed x100
beacon-result-beacon-b-mrl-r2,attributes.unit,percent,unitless,"BEACON (arXiv 2406.10391) Table 3 prints R2 and Spearman in % columns (e.g. R2 70.59, Spearman 4.42); R2 can be negative and is not a fraction of items, so x100 scaling of a unitless statistic"
beacon-result-beacon-b-mrl-r2,attributes.unit_detail,,printed x100,"BEACON (arXiv 2406.10391) Table 3 prints R2 and Spearman in % columns (e.g. R2 70.59, Spearman 4.42); R2 can be negative and is not a fraction of items, so x100 scaling of a unitless statistic"
beacon-result-beacon-b-prs-r2,attributes.unit,percent,unitless,"BEACON (arXiv 2406.10391) Table 3 prints R2 and Spearman in % columns (e.g. R2 70.59, Spearman 4.42); R2 can be negative and is not a fraction of items, so x100 scaling of a unitless statistic"
beacon-result-beacon-b-prs-r2,attributes.unit_detail,,printed x100,"BEACON (arXiv 2406.10391) Table 3 prints R2 and Spearman in % columns (e.g. R2 70.59, Spearman 4.42); R2 can be negative and is not a fraction of items, so x100 scaling of a unitless statistic"
beacon-result-beacon-b-ssi-r2,attributes.unit,percent,unitless,"BEACON (arXiv 2406.10391) Table 3 prints R2 and Spearman in % columns (e.g. R2 70.59, Spearman 4.42); R2 can be negative and is not a fraction of items, so x100 scaling of a unitless statistic"
beacon-result-beacon-b-ssi-r2,attributes.unit_detail,,printed x100,"BEACON (arXiv 2406.10391) Table 3 prints R2 and Spearman in % columns (e.g. R2 70.59, Spearman 4.42); R2 can be negative and is not a fraction of items, so x100 scaling of a unitless statistic"
beacon-result-beacon-b512-apa-r2,attributes.unit,percent,unitless,"BEACON (arXiv 2406.10391) Table 3 prints R2 and Spearman in % columns (e.g. R2 70.59, Spearman 4.42); R2 can be negative and is not a fraction of items, so x100 scaling of a unitless statistic"
beacon-result-beacon-b512-apa-r2,attributes.unit_detail,,printed x100,"BEACON (arXiv 2406.10391) Table 3 prints R2 and Spearman in % columns (e.g. R2 70.59, Spearman 4.42); R2 can be negative and is not a fraction of items, so x100 scaling of a unitless statistic"
beacon-result-beacon-b512-cri-off-spearman-corr,attributes.unit,percent,unitless,"BEACON (arXiv 2406.10391) Table 3 prints R2 and Spearman in % columns (e.g. R2 70.59, Spearman 4.42); R2 can be negative and is not a fraction of items, so x100 scaling of a unitless statistic"
beacon-result-beacon-b512-cri-off-spearman-corr,attributes.unit_detail,,printed x100,"BEACON (arXiv 2406.10391) Table 3 prints R2 and Spearman in % columns (e.g. R2 70.59, Spearman 4.42); R2 can be negative and is not a fraction of items, so x100 scaling of a unitless statistic"
beacon-result-beacon-b512-cri-on-spearman-corr,attributes.unit,percent,unitless,"BEACON (arXiv 2406.10391) Table 3 prints R2 and Spearman in % columns (e.g. R2 70.59, Spearman 4.42); R2 can be negative and is not a fraction of items, so x100 scaling of a unitless statistic"
beacon-result-beacon-b512-cri-on-spearman-corr,attributes.unit_detail,,printed x100,"BEACON (arXiv 2406.10391) Table 3 prints R2 and Spearman in % columns (e.g. R2 70.59, Spearman 4.42); R2 can be negative and is not a fraction of items, so x100 scaling of a unitless statistic"
beacon-result-beacon-b512-dmp-r2,attributes.unit,percent,unitless,"BEACON (arXiv 2406.10391) Table 3 prints R2 and Spearman in % columns (e.g. R2 70.59, Spearman 4.42); R2 can be negative and is not a fraction of items, so x100 scaling of a unitless statistic"
beacon-result-beacon-b512-dmp-r2,attributes.unit_detail,,printed x100,"BEACON (arXiv 2406.10391) Table 3 prints R2 and Spearman in % columns (e.g. R2 70.59, Spearman 4.42); R2 can be negative and is not a fraction of items, so x100 scaling of a unitless statistic"
beacon-result-beacon-b512-modif-auc,attributes.unit,percent,unitless,AUROC is listed as unitless in data/vocab/unit.ttl (unitless definition names AUC); source prints AUC x100; BEACON Modif: mean of 12 roc_auc_score values (train_modification.py) printed x100
beacon-result-beacon-b512-modif-auc,attributes.unit_detail,,printed x100,AUROC is listed as unitless in data/vocab/unit.ttl (unitless definition names AUC); source prints AUC x100; BEACON Modif: mean of 12 roc_auc_score values (train_modification.py) printed x100
beacon-result-beacon-b512-mrl-r2,attributes.unit,percent,unitless,"BEACON (arXiv 2406.10391) Table 3 prints R2 and Spearman in % columns (e.g. R2 70.59, Spearman 4.42); R2 can be negative and is not a fraction of items, so x100 scaling of a unitless statistic"
beacon-result-beacon-b512-mrl-r2,attributes.unit_detail,,printed x100,"BEACON (arXiv 2406.10391) Table 3 prints R2 and Spearman in % columns (e.g. R2 70.59, Spearman 4.42); R2 can be negative and is not a fraction of items, so x100 scaling of a unitless statistic"
beacon-result-beacon-b512-prs-r2,attributes.unit,percent,unitless,"BEACON (arXiv 2406.10391) Table 3 prints R2 and Spearman in % columns (e.g. R2 70.59, Spearman 4.42); R2 can be negative and is not a fraction of items, so x100 scaling of a unitless statistic"
beacon-result-beacon-b512-prs-r2,attributes.unit_detail,,printed x100,"BEACON (arXiv 2406.10391) Table 3 prints R2 and Spearman in % columns (e.g. R2 70.59, Spearman 4.42); R2 can be negative and is not a fraction of items, so x100 scaling of a unitless statistic"
beacon-result-beacon-b512-ssi-r2,attributes.unit,percent,unitless,"BEACON (arXiv 2406.10391) Table 3 prints R2 and Spearman in % columns (e.g. R2 70.59, Spearman 4.42); R2 can be negative and is not a fraction of items, so x100 scaling of a unitless statistic"
beacon-result-beacon-b512-ssi-r2,attributes.unit_detail,,printed x100,"BEACON (arXiv 2406.10391) Table 3 prints R2 and Spearman in % columns (e.g. R2 70.59, Spearman 4.42); R2 can be negative and is not a fraction of items, so x100 scaling of a unitless statistic"
beacon-result-cnn-apa-r2,attributes.unit,percent,unitless,"BEACON (arXiv 2406.10391) Table 3 prints R2 and Spearman in % columns (e.g. R2 70.59, Spearman 4.42); R2 can be negative and is not a fraction of items, so x100 scaling of a unitless statistic"
beacon-result-cnn-apa-r2,attributes.unit_detail,,printed x100,"BEACON (arXiv 2406.10391) Table 3 prints R2 and Spearman in % columns (e.g. R2 70.59, Spearman 4.42); R2 can be negative and is not a fraction of items, so x100 scaling of a unitless statistic"
beacon-result-cnn-cri-off-spearman-corr,attributes.unit,percent,unitless,"BEACON (arXiv 2406.10391) Table 3 prints R2 and Spearman in % columns (e.g. R2 70.59, Spearman 4.42); R2 can be negative and is not a fraction of items, so x100 scaling of a unitless statistic"
beacon-result-cnn-cri-off-spearman-corr,attributes.unit_detail,,printed x100,"BEACON (arXiv 2406.10391) Table 3 prints R2 and Spearman in % columns (e.g. R2 70.59, Spearman 4.42); R2 can be negative and is not a fraction of items, so x100 scaling of a unitless statistic"
beacon-result-cnn-cri-on-spearman-corr,attributes.unit,percent,unitless,"BEACON (arXiv 2406.10391) Table 3 prints R2 and Spearman in % columns (e.g. R2 70.59, Spearman 4.42); R2 can be negative and is not a fraction of items, so x100 scaling of a unitless statistic"
beacon-result-cnn-cri-on-spearman-corr,attributes.unit_detail,,printed x100,"BEACON (arXiv 2406.10391) Table 3 prints R2 and Spearman in % columns (e.g. R2 70.59, Spearman 4.42); R2 can be negative and is not a fraction of items, so x100 scaling of a unitless statistic"
beacon-result-cnn-dmp-r2,attributes.unit,percent,unitless,"BEACON (arXiv 2406.10391) Table 3 prints R2 and Spearman in % columns (e.g. R2 70.59, Spearman 4.42); R2 can be negative and is not a fraction of items, so x100 scaling of a unitless statistic"
beacon-result-cnn-dmp-r2,attributes.unit_detail,,printed x100,"BEACON (arXiv 2406.10391) Table 3 prints R2 and Spearman in % columns (e.g. R2 70.59, Spearman 4.42); R2 can be negative and is not a fraction of items, so x100 scaling of a unitless statistic"
beacon-result-cnn-modif-auc,attributes.unit,percent,unitless,AUROC is listed as unitless in data/vocab/unit.ttl (unitless definition names AUC); source prints AUC x100; BEACON Modif: mean of 12 roc_auc_score values (train_modification.py) printed x100
beacon-result-cnn-modif-auc,attributes.unit_detail,,printed x100,AUROC is listed as unitless in data/vocab/unit.ttl (unitless definition names AUC); source prints AUC x100; BEACON Modif: mean of 12 roc_auc_score values (train_modification.py) printed x100
beacon-result-cnn-mrl-r2,attributes.unit,percent,unitless,"BEACON (arXiv 2406.10391) Table 3 prints R2 and Spearman in % columns (e.g. R2 70.59, Spearman 4.42); R2 can be negative and is not a fraction of items, so x100 scaling of a unitless statistic"
beacon-result-cnn-mrl-r2,attributes.unit_detail,,printed x100,"BEACON (arXiv 2406.10391) Table 3 prints R2 and Spearman in % columns (e.g. R2 70.59, Spearman 4.42); R2 can be negative and is not a fraction of items, so x100 scaling of a unitless statistic"
beacon-result-cnn-prs-r2,attributes.unit,percent,unitless,"BEACON (arXiv 2406.10391) Table 3 prints R2 and Spearman in % columns (e.g. R2 70.59, Spearman 4.42); R2 can be negative and is not a fraction of items, so x100 scaling of a unitless statistic"
beacon-result-cnn-prs-r2,attributes.unit_detail,,printed x100,"BEACON (arXiv 2406.10391) Table 3 prints R2 and Spearman in % columns (e.g. R2 70.59, Spearman 4.42); R2 can be negative and is not a fraction of items, so x100 scaling of a unitless statistic"
beacon-result-cnn-ssi-r2,attributes.unit,percent,unitless,"BEACON (arXiv 2406.10391) Table 3 prints R2 and Spearman in % columns (e.g. R2 70.59, Spearman 4.42); R2 can be negative and is not a fraction of items, so x100 scaling of a unitless statistic"
beacon-result-cnn-ssi-r2,attributes.unit_detail,,printed x100,"BEACON (arXiv 2406.10391) Table 3 prints R2 and Spearman in % columns (e.g. R2 70.59, Spearman 4.42); R2 can be negative and is not a fraction of items, so x100 scaling of a unitless statistic"
beacon-result-lstm-apa-r2,attributes.unit,percent,unitless,"BEACON (arXiv 2406.10391) Table 3 prints R2 and Spearman in % columns (e.g. R2 70.59, Spearman 4.42); R2 can be negative and is not a fraction of items, so x100 scaling of a unitless statistic"
beacon-result-lstm-apa-r2,attributes.unit_detail,,printed x100,"BEACON (arXiv 2406.10391) Table 3 prints R2 and Spearman in % columns (e.g. R2 70.59, Spearman 4.42); R2 can be negative and is not a fraction of items, so x100 scaling of a unitless statistic"
beacon-result-lstm-cri-off-spearman-corr,attributes.unit,percent,unitless,"BEACON (arXiv 2406.10391) Table 3 prints R2 and Spearman in % columns (e.g. R2 70.59, Spearman 4.42); R2 can be negative and is not a fraction of items, so x100 scaling of a unitless statistic"
beacon-result-lstm-cri-off-spearman-corr,attributes.unit_detail,,printed x100,"BEACON (arXiv 2406.10391) Table 3 prints R2 and Spearman in % columns (e.g. R2 70.59, Spearman 4.42); R2 can be negative and is not a fraction of items, so x100 scaling of a unitless statistic"
beacon-result-lstm-cri-on-spearman-corr,attributes.unit,percent,unitless,"BEACON (arXiv 2406.10391) Table 3 prints R2 and Spearman in % columns (e.g. R2 70.59, Spearman 4.42); R2 can be negative and is not a fraction of items, so x100 scaling of a unitless statistic"
beacon-result-lstm-cri-on-spearman-corr,attributes.unit_detail,,printed x100,"BEACON (arXiv 2406.10391) Table 3 prints R2 and Spearman in % columns (e.g. R2 70.59, Spearman 4.42); R2 can be negative and is not a fraction of items, so x100 scaling of a unitless statistic"
beacon-result-lstm-dmp-r2,attributes.unit,percent,unitless,"BEACON (arXiv 2406.10391) Table 3 prints R2 and Spearman in % columns (e.g. R2 70.59, Spearman 4.42); R2 can be negative and is not a fraction of items, so x100 scaling of a unitless statistic"
beacon-result-lstm-dmp-r2,attributes.unit_detail,,printed x100,"BEACON (arXiv 2406.10391) Table 3 prints R2 and Spearman in % columns (e.g. R2 70.59, Spearman 4.42); R2 can be negative and is not a fraction of items, so x100 scaling of a unitless statistic"
beacon-result-lstm-modif-auc,attributes.unit,percent,unitless,AUROC is listed as unitless in data/vocab/unit.ttl (unitless definition names AUC); source prints AUC x100; BEACON Modif: mean of 12 roc_auc_score values (train_modification.py) printed x100
beacon-result-lstm-modif-auc,attributes.unit_detail,,printed x100,AUROC is listed as unitless in data/vocab/unit.ttl (unitless definition names AUC); source prints AUC x100; BEACON Modif: mean of 12 roc_auc_score values (train_modification.py) printed x100
beacon-result-lstm-mrl-r2,attributes.unit,percent,unitless,"BEACON (arXiv 2406.10391) Table 3 prints R2 and Spearman in % columns (e.g. R2 70.59, Spearman 4.42); R2 can be negative and is not a fraction of items, so x100 scaling of a unitless statistic"
beacon-result-lstm-mrl-r2,attributes.unit_detail,,printed x100,"BEACON (arXiv 2406.10391) Table 3 prints R2 and Spearman in % columns (e.g. R2 70.59, Spearman 4.42); R2 can be negative and is not a fraction of items, so x100 scaling of a unitless statistic"
beacon-result-lstm-prs-r2,attributes.unit,percent,unitless,"BEACON (arXiv 2406.10391) Table 3 prints R2 and Spearman in % columns (e.g. R2 70.59, Spearman 4.42); R2 can be negative and is not a fraction of items, so x100 scaling of a unitless statistic"
beacon-result-lstm-prs-r2,attributes.unit_detail,,printed x100,"BEACON (arXiv 2406.10391) Table 3 prints R2 and Spearman in % columns (e.g. R2 70.59, Spearman 4.42); R2 can be negative and is not a fraction of items, so x100 scaling of a unitless statistic"
beacon-result-lstm-ssi-r2,attributes.unit,percent,unitless,"BEACON (arXiv 2406.10391) Table 3 prints R2 and Spearman in % columns (e.g. R2 70.59, Spearman 4.42); R2 can be negative and is not a fraction of items, so x100 scaling of a unitless statistic"
beacon-result-lstm-ssi-r2,attributes.unit_detail,,printed x100,"BEACON (arXiv 2406.10391) Table 3 prints R2 and Spearman in % columns (e.g. R2 70.59, Spearman 4.42); R2 can be negative and is not a fraction of items, so x100 scaling of a unitless statistic"
beacon-result-resnet-apa-r2,attributes.unit,percent,unitless,"BEACON (arXiv 2406.10391) Table 3 prints R2 and Spearman in % columns (e.g. R2 70.59, Spearman 4.42); R2 can be negative and is not a fraction of items, so x100 scaling of a unitless statistic"
beacon-result-resnet-apa-r2,attributes.unit_detail,,printed x100,"BEACON (arXiv 2406.10391) Table 3 prints R2 and Spearman in % columns (e.g. R2 70.59, Spearman 4.42); R2 can be negative and is not a fraction of items, so x100 scaling of a unitless statistic"
beacon-result-resnet-cri-off-spearman-corr,attributes.unit,percent,unitless,"BEACON (arXiv 2406.10391) Table 3 prints R2 and Spearman in % columns (e.g. R2 70.59, Spearman 4.42); R2 can be negative and is not a fraction of items, so x100 scaling of a unitless statistic"
beacon-result-resnet-cri-off-spearman-corr,attributes.unit_detail,,printed x100,"BEACON (arXiv 2406.10391) Table 3 prints R2 and Spearman in % columns (e.g. R2 70.59, Spearman 4.42); R2 can be negative and is not a fraction of items, so x100 scaling of a unitless statistic"
beacon-result-resnet-cri-on-spearman-corr,attributes.unit,percent,unitless,"BEACON (arXiv 2406.10391) Table 3 prints R2 and Spearman in % columns (e.g. R2 70.59, Spearman 4.42); R2 can be negative and is not a fraction of items, so x100 scaling of a unitless statistic"
beacon-result-resnet-cri-on-spearman-corr,attributes.unit_detail,,printed x100,"BEACON (arXiv 2406.10391) Table 3 prints R2 and Spearman in % columns (e.g. R2 70.59, Spearman 4.42); R2 can be negative and is not a fraction of items, so x100 scaling of a unitless statistic"
beacon-result-resnet-dmp-r2,attributes.unit,percent,unitless,"BEACON (arXiv 2406.10391) Table 3 prints R2 and Spearman in % columns (e.g. R2 70.59, Spearman 4.42); R2 can be negative and is not a fraction of items, so x100 scaling of a unitless statistic"
beacon-result-resnet-dmp-r2,attributes.unit_detail,,printed x100,"BEACON (arXiv 2406.10391) Table 3 prints R2 and Spearman in % columns (e.g. R2 70.59, Spearman 4.42); R2 can be negative and is not a fraction of items, so x100 scaling of a unitless statistic"
beacon-result-resnet-modif-auc,attributes.unit,percent,unitless,AUROC is listed as unitless in data/vocab/unit.ttl (unitless definition names AUC); source prints AUC x100; BEACON Modif: mean of 12 roc_auc_score values (train_modification.py) printed x100
beacon-result-resnet-modif-auc,attributes.unit_detail,,printed x100,AUROC is listed as unitless in data/vocab/unit.ttl (unitless definition names AUC); source prints AUC x100; BEACON Modif: mean of 12 roc_auc_score values (train_modification.py) printed x100
beacon-result-resnet-mrl-r2,attributes.unit,percent,unitless,"BEACON (arXiv 2406.10391) Table 3 prints R2 and Spearman in % columns (e.g. R2 70.59, Spearman 4.42); R2 can be negative and is not a fraction of items, so x100 scaling of a unitless statistic"
beacon-result-resnet-mrl-r2,attributes.unit_detail,,printed x100,"BEACON (arXiv 2406.10391) Table 3 prints R2 and Spearman in % columns (e.g. R2 70.59, Spearman 4.42); R2 can be negative and is not a fraction of items, so x100 scaling of a unitless statistic"
beacon-result-resnet-prs-r2,attributes.unit,percent,unitless,"BEACON (arXiv 2406.10391) Table 3 prints R2 and Spearman in % columns (e.g. R2 70.59, Spearman 4.42); R2 can be negative and is not a fraction of items, so x100 scaling of a unitless statistic"
beacon-result-resnet-prs-r2,attributes.unit_detail,,printed x100,"BEACON (arXiv 2406.10391) Table 3 prints R2 and Spearman in % columns (e.g. R2 70.59, Spearman 4.42); R2 can be negative and is not a fraction of items, so x100 scaling of a unitless statistic"
beacon-result-resnet-ssi-r2,attributes.unit,percent,unitless,"BEACON (arXiv 2406.10391) Table 3 prints R2 and Spearman in % columns (e.g. R2 70.59, Spearman 4.42); R2 can be negative and is not a fraction of items, so x100 scaling of a unitless statistic"
beacon-result-resnet-ssi-r2,attributes.unit_detail,,printed x100,"BEACON (arXiv 2406.10391) Table 3 prints R2 and Spearman in % columns (e.g. R2 70.59, Spearman 4.42); R2 can be negative and is not a fraction of items, so x100 scaling of a unitless statistic"
beacon-result-rna-fm-apa-r2,attributes.unit,percent,unitless,"BEACON (arXiv 2406.10391) Table 3 prints R2 and Spearman in % columns (e.g. R2 70.59, Spearman 4.42); R2 can be negative and is not a fraction of items, so x100 scaling of a unitless statistic"
beacon-result-rna-fm-apa-r2,attributes.unit_detail,,printed x100,"BEACON (arXiv 2406.10391) Table 3 prints R2 and Spearman in % columns (e.g. R2 70.59, Spearman 4.42); R2 can be negative and is not a fraction of items, so x100 scaling of a unitless statistic"
beacon-result-rna-fm-cri-off-spearman-corr,attributes.unit,percent,unitless,"BEACON (arXiv 2406.10391) Table 3 prints R2 and Spearman in % columns (e.g. R2 70.59, Spearman 4.42); R2 can be negative and is not a fraction of items, so x100 scaling of a unitless statistic"
beacon-result-rna-fm-cri-off-spearman-corr,attributes.unit_detail,,printed x100,"BEACON (arXiv 2406.10391) Table 3 prints R2 and Spearman in % columns (e.g. R2 70.59, Spearman 4.42); R2 can be negative and is not a fraction of items, so x100 scaling of a unitless statistic"
beacon-result-rna-fm-cri-on-spearman-corr,attributes.unit,percent,unitless,"BEACON (arXiv 2406.10391) Table 3 prints R2 and Spearman in % columns (e.g. R2 70.59, Spearman 4.42); R2 can be negative and is not a fraction of items, so x100 scaling of a unitless statistic"
beacon-result-rna-fm-cri-on-spearman-corr,attributes.unit_detail,,printed x100,"BEACON (arXiv 2406.10391) Table 3 prints R2 and Spearman in % columns (e.g. R2 70.59, Spearman 4.42); R2 can be negative and is not a fraction of items, so x100 scaling of a unitless statistic"
beacon-result-rna-fm-dmp-r2,attributes.unit,percent,unitless,"BEACON (arXiv 2406.10391) Table 3 prints R2 and Spearman in % columns (e.g. R2 70.59, Spearman 4.42); R2 can be negative and is not a fraction of items, so x100 scaling of a unitless statistic"
beacon-result-rna-fm-dmp-r2,attributes.unit_detail,,printed x100,"BEACON (arXiv 2406.10391) Table 3 prints R2 and Spearman in % columns (e.g. R2 70.59, Spearman 4.42); R2 can be negative and is not a fraction of items, so x100 scaling of a unitless statistic"
beacon-result-rna-fm-modif-auc,attributes.unit,percent,unitless,AUROC is listed as unitless in data/vocab/unit.ttl (unitless definition names AUC); source prints AUC x100; BEACON Modif: mean of 12 roc_auc_score values (train_modification.py) printed x100
beacon-result-rna-fm-modif-auc,attributes.unit_detail,,printed x100,AUROC is listed as unitless in data/vocab/unit.ttl (unitless definition names AUC); source prints AUC x100; BEACON Modif: mean of 12 roc_auc_score values (train_modification.py) printed x100
beacon-result-rna-fm-mrl-r2,attributes.unit,percent,unitless,"BEACON (arXiv 2406.10391) Table 3 prints R2 and Spearman in % columns (e.g. R2 70.59, Spearman 4.42); R2 can be negative and is not a fraction of items, so x100 scaling of a unitless statistic"
beacon-result-rna-fm-mrl-r2,attributes.unit_detail,,printed x100,"BEACON (arXiv 2406.10391) Table 3 prints R2 and Spearman in % columns (e.g. R2 70.59, Spearman 4.42); R2 can be negative and is not a fraction of items, so x100 scaling of a unitless statistic"
beacon-result-rna-fm-prs-r2,attributes.unit,percent,unitless,"BEACON (arXiv 2406.10391) Table 3 prints R2 and Spearman in % columns (e.g. R2 70.59, Spearman 4.42); R2 can be negative and is not a fraction of items, so x100 scaling of a unitless statistic"
beacon-result-rna-fm-prs-r2,attributes.unit_detail,,printed x100,"BEACON (arXiv 2406.10391) Table 3 prints R2 and Spearman in % columns (e.g. R2 70.59, Spearman 4.42); R2 can be negative and is not a fraction of items, so x100 scaling of a unitless statistic"
beacon-result-rna-fm-ssi-r2,attributes.unit,percent,unitless,"BEACON (arXiv 2406.10391) Table 3 prints R2 and Spearman in % columns (e.g. R2 70.59, Spearman 4.42); R2 can be negative and is not a fraction of items, so x100 scaling of a unitless statistic"
beacon-result-rna-fm-ssi-r2,attributes.unit_detail,,printed x100,"BEACON (arXiv 2406.10391) Table 3 prints R2 and Spearman in % columns (e.g. R2 70.59, Spearman 4.42); R2 can be negative and is not a fraction of items, so x100 scaling of a unitless statistic"
beacon-result-rna-msm-apa-r2,attributes.unit,percent,unitless,"BEACON (arXiv 2406.10391) Table 3 prints R2 and Spearman in % columns (e.g. R2 70.59, Spearman 4.42); R2 can be negative and is not a fraction of items, so x100 scaling of a unitless statistic"
beacon-result-rna-msm-apa-r2,attributes.unit_detail,,printed x100,"BEACON (arXiv 2406.10391) Table 3 prints R2 and Spearman in % columns (e.g. R2 70.59, Spearman 4.42); R2 can be negative and is not a fraction of items, so x100 scaling of a unitless statistic"
beacon-result-rna-msm-cri-off-spearman-corr,attributes.unit,percent,unitless,"BEACON (arXiv 2406.10391) Table 3 prints R2 and Spearman in % columns (e.g. R2 70.59, Spearman 4.42); R2 can be negative and is not a fraction of items, so x100 scaling of a unitless statistic"
beacon-result-rna-msm-cri-off-spearman-corr,attributes.unit_detail,,printed x100,"BEACON (arXiv 2406.10391) Table 3 prints R2 and Spearman in % columns (e.g. R2 70.59, Spearman 4.42); R2 can be negative and is not a fraction of items, so x100 scaling of a unitless statistic"
beacon-result-rna-msm-cri-on-spearman-corr,attributes.unit,percent,unitless,"BEACON (arXiv 2406.10391) Table 3 prints R2 and Spearman in % columns (e.g. R2 70.59, Spearman 4.42); R2 can be negative and is not a fraction of items, so x100 scaling of a unitless statistic"
beacon-result-rna-msm-cri-on-spearman-corr,attributes.unit_detail,,printed x100,"BEACON (arXiv 2406.10391) Table 3 prints R2 and Spearman in % columns (e.g. R2 70.59, Spearman 4.42); R2 can be negative and is not a fraction of items, so x100 scaling of a unitless statistic"
beacon-result-rna-msm-dmp-r2,attributes.unit,percent,unitless,"BEACON (arXiv 2406.10391) Table 3 prints R2 and Spearman in % columns (e.g. R2 70.59, Spearman 4.42); R2 can be negative and is not a fraction of items, so x100 scaling of a unitless statistic"
beacon-result-rna-msm-dmp-r2,attributes.unit_detail,,printed x100,"BEACON (arXiv 2406.10391) Table 3 prints R2 and Spearman in % columns (e.g. R2 70.59, Spearman 4.42); R2 can be negative and is not a fraction of items, so x100 scaling of a unitless statistic"
beacon-result-rna-msm-modif-auc,attributes.unit,percent,unitless,AUROC is listed as unitless in data/vocab/unit.ttl (unitless definition names AUC); source prints AUC x100; BEACON Modif: mean of 12 roc_auc_score values (train_modification.py) printed x100
beacon-result-rna-msm-modif-auc,attributes.unit_detail,,printed x100,AUROC is listed as unitless in data/vocab/unit.ttl (unitless definition names AUC); source prints AUC x100; BEACON Modif: mean of 12 roc_auc_score values (train_modification.py) printed x100
beacon-result-rna-msm-mrl-r2,attributes.unit,percent,unitless,"BEACON (arXiv 2406.10391) Table 3 prints R2 and Spearman in % columns (e.g. R2 70.59, Spearman 4.42); R2 can be negative and is not a fraction of items, so x100 scaling of a unitless statistic"
beacon-result-rna-msm-mrl-r2,attributes.unit_detail,,printed x100,"BEACON (arXiv 2406.10391) Table 3 prints R2 and Spearman in % columns (e.g. R2 70.59, Spearman 4.42); R2 can be negative and is not a fraction of items, so x100 scaling of a unitless statistic"
beacon-result-rna-msm-prs-r2,attributes.unit,percent,unitless,"BEACON (arXiv 2406.10391) Table 3 prints R2 and Spearman in % columns (e.g. R2 70.59, Spearman 4.42); R2 can be negative and is not a fraction of items, so x100 scaling of a unitless statistic"
beacon-result-rna-msm-prs-r2,attributes.unit_detail,,printed x100,"BEACON (arXiv 2406.10391) Table 3 prints R2 and Spearman in % columns (e.g. R2 70.59, Spearman 4.42); R2 can be negative and is not a fraction of items, so x100 scaling of a unitless statistic"
beacon-result-rna-msm-ssi-r2,attributes.unit,percent,unitless,"BEACON (arXiv 2406.10391) Table 3 prints R2 and Spearman in % columns (e.g. R2 70.59, Spearman 4.42); R2 can be negative and is not a fraction of items, so x100 scaling of a unitless statistic"
beacon-result-rna-msm-ssi-r2,attributes.unit_detail,,printed x100,"BEACON (arXiv 2406.10391) Table 3 prints R2 and Spearman in % columns (e.g. R2 70.59, Spearman 4.42); R2 can be negative and is not a fraction of items, so x100 scaling of a unitless statistic"
beacon-result-rnabert-apa-r2,attributes.unit,percent,unitless,"BEACON (arXiv 2406.10391) Table 3 prints R2 and Spearman in % columns (e.g. R2 70.59, Spearman 4.42); R2 can be negative and is not a fraction of items, so x100 scaling of a unitless statistic"
beacon-result-rnabert-apa-r2,attributes.unit_detail,,printed x100,"BEACON (arXiv 2406.10391) Table 3 prints R2 and Spearman in % columns (e.g. R2 70.59, Spearman 4.42); R2 can be negative and is not a fraction of items, so x100 scaling of a unitless statistic"
beacon-result-rnabert-cri-off-spearman-corr,attributes.unit,percent,unitless,"BEACON (arXiv 2406.10391) Table 3 prints R2 and Spearman in % columns (e.g. R2 70.59, Spearman 4.42); R2 can be negative and is not a fraction of items, so x100 scaling of a unitless statistic"
beacon-result-rnabert-cri-off-spearman-corr,attributes.unit_detail,,printed x100,"BEACON (arXiv 2406.10391) Table 3 prints R2 and Spearman in % columns (e.g. R2 70.59, Spearman 4.42); R2 can be negative and is not a fraction of items, so x100 scaling of a unitless statistic"
beacon-result-rnabert-cri-on-spearman-corr,attributes.unit,percent,unitless,"BEACON (arXiv 2406.10391) Table 3 prints R2 and Spearman in % columns (e.g. R2 70.59, Spearman 4.42); R2 can be negative and is not a fraction of items, so x100 scaling of a unitless statistic"
beacon-result-rnabert-cri-on-spearman-corr,attributes.unit_detail,,printed x100,"BEACON (arXiv 2406.10391) Table 3 prints R2 and Spearman in % columns (e.g. R2 70.59, Spearman 4.42); R2 can be negative and is not a fraction of items, so x100 scaling of a unitless statistic"
beacon-result-rnabert-dmp-r2,attributes.unit,percent,unitless,"BEACON (arXiv 2406.10391) Table 3 prints R2 and Spearman in % columns (e.g. R2 70.59, Spearman 4.42); R2 can be negative and is not a fraction of items, so x100 scaling of a unitless statistic"
beacon-result-rnabert-dmp-r2,attributes.unit_detail,,printed x100,"BEACON (arXiv 2406.10391) Table 3 prints R2 and Spearman in % columns (e.g. R2 70.59, Spearman 4.42); R2 can be negative and is not a fraction of items, so x100 scaling of a unitless statistic"
beacon-result-rnabert-modif-auc,attributes.unit,percent,unitless,AUROC is listed as unitless in data/vocab/unit.ttl (unitless definition names AUC); source prints AUC x100; BEACON Modif: mean of 12 roc_auc_score values (train_modification.py) printed x100
beacon-result-rnabert-modif-auc,attributes.unit_detail,,printed x100,AUROC is listed as unitless in data/vocab/unit.ttl (unitless definition names AUC); source prints AUC x100; BEACON Modif: mean of 12 roc_auc_score values (train_modification.py) printed x100
beacon-result-rnabert-mrl-r2,attributes.unit,percent,unitless,"BEACON (arXiv 2406.10391) Table 3 prints R2 and Spearman in % columns (e.g. R2 70.59, Spearman 4.42); R2 can be negative and is not a fraction of items, so x100 scaling of a unitless statistic"
beacon-result-rnabert-mrl-r2,attributes.unit_detail,,printed x100,"BEACON (arXiv 2406.10391) Table 3 prints R2 and Spearman in % columns (e.g. R2 70.59, Spearman 4.42); R2 can be negative and is not a fraction of items, so x100 scaling of a unitless statistic"
beacon-result-rnabert-prs-r2,attributes.unit,percent,unitless,"BEACON (arXiv 2406.10391) Table 3 prints R2 and Spearman in % columns (e.g. R2 70.59, Spearman 4.42); R2 can be negative and is not a fraction of items, so x100 scaling of a unitless statistic"
beacon-result-rnabert-prs-r2,attributes.unit_detail,,printed x100,"BEACON (arXiv 2406.10391) Table 3 prints R2 and Spearman in % columns (e.g. R2 70.59, Spearman 4.42); R2 can be negative and is not a fraction of items, so x100 scaling of a unitless statistic"
beacon-result-rnabert-ssi-r2,attributes.unit,percent,unitless,"BEACON (arXiv 2406.10391) Table 3 prints R2 and Spearman in % columns (e.g. R2 70.59, Spearman 4.42); R2 can be negative and is not a fraction of items, so x100 scaling of a unitless statistic"
beacon-result-rnabert-ssi-r2,attributes.unit_detail,,printed x100,"BEACON (arXiv 2406.10391) Table 3 prints R2 and Spearman in % columns (e.g. R2 70.59, Spearman 4.42); R2 can be negative and is not a fraction of items, so x100 scaling of a unitless statistic"
beacon-result-splice-h510-apa-r2,attributes.unit,percent,unitless,"BEACON (arXiv 2406.10391) Table 3 prints R2 and Spearman in % columns (e.g. R2 70.59, Spearman 4.42); R2 can be negative and is not a fraction of items, so x100 scaling of a unitless statistic"
beacon-result-splice-h510-apa-r2,attributes.unit_detail,,printed x100,"BEACON (arXiv 2406.10391) Table 3 prints R2 and Spearman in % columns (e.g. R2 70.59, Spearman 4.42); R2 can be negative and is not a fraction of items, so x100 scaling of a unitless statistic"
beacon-result-splice-h510-cri-off-spearman-corr,attributes.unit,percent,unitless,"BEACON (arXiv 2406.10391) Table 3 prints R2 and Spearman in % columns (e.g. R2 70.59, Spearman 4.42); R2 can be negative and is not a fraction of items, so x100 scaling of a unitless statistic"
beacon-result-splice-h510-cri-off-spearman-corr,attributes.unit_detail,,printed x100,"BEACON (arXiv 2406.10391) Table 3 prints R2 and Spearman in % columns (e.g. R2 70.59, Spearman 4.42); R2 can be negative and is not a fraction of items, so x100 scaling of a unitless statistic"
beacon-result-splice-h510-cri-on-spearman-corr,attributes.unit,percent,unitless,"BEACON (arXiv 2406.10391) Table 3 prints R2 and Spearman in % columns (e.g. R2 70.59, Spearman 4.42); R2 can be negative and is not a fraction of items, so x100 scaling of a unitless statistic"
beacon-result-splice-h510-cri-on-spearman-corr,attributes.unit_detail,,printed x100,"BEACON (arXiv 2406.10391) Table 3 prints R2 and Spearman in % columns (e.g. R2 70.59, Spearman 4.42); R2 can be negative and is not a fraction of items, so x100 scaling of a unitless statistic"
beacon-result-splice-h510-dmp-r2,attributes.unit,percent,unitless,"BEACON (arXiv 2406.10391) Table 3 prints R2 and Spearman in % columns (e.g. R2 70.59, Spearman 4.42); R2 can be negative and is not a fraction of items, so x100 scaling of a unitless statistic"
beacon-result-splice-h510-dmp-r2,attributes.unit_detail,,printed x100,"BEACON (arXiv 2406.10391) Table 3 prints R2 and Spearman in % columns (e.g. R2 70.59, Spearman 4.42); R2 can be negative and is not a fraction of items, so x100 scaling of a unitless statistic"
beacon-result-splice-h510-modif-auc,attributes.unit,percent,unitless,AUROC is listed as unitless in data/vocab/unit.ttl (unitless definition names AUC); source prints AUC x100; BEACON Modif: mean of 12 roc_auc_score values (train_modification.py) printed x100
beacon-result-splice-h510-modif-auc,attributes.unit_detail,,printed x100,AUROC is listed as unitless in data/vocab/unit.ttl (unitless definition names AUC); source prints AUC x100; BEACON Modif: mean of 12 roc_auc_score values (train_modification.py) printed x100
beacon-result-splice-h510-mrl-r2,attributes.unit,percent,unitless,"BEACON (arXiv 2406.10391) Table 3 prints R2 and Spearman in % columns (e.g. R2 70.59, Spearman 4.42); R2 can be negative and is not a fraction of items, so x100 scaling of a unitless statistic"
beacon-result-splice-h510-mrl-r2,attributes.unit_detail,,printed x100,"BEACON (arXiv 2406.10391) Table 3 prints R2 and Spearman in % columns (e.g. R2 70.59, Spearman 4.42); R2 can be negative and is not a fraction of items, so x100 scaling of a unitless statistic"
beacon-result-splice-h510-prs-r2,attributes.unit,percent,unitless,"BEACON (arXiv 2406.10391) Table 3 prints R2 and Spearman in % columns (e.g. R2 70.59, Spearman 4.42); R2 can be negative and is not a fraction of items, so x100 scaling of a unitless statistic"
beacon-result-splice-h510-prs-r2,attributes.unit_detail,,printed x100,"BEACON (arXiv 2406.10391) Table 3 prints R2 and Spearman in % columns (e.g. R2 70.59, Spearman 4.42); R2 can be negative and is not a fraction of items, so x100 scaling of a unitless statistic"
beacon-result-splice-h510-ssi-r2,attributes.unit,percent,unitless,"BEACON (arXiv 2406.10391) Table 3 prints R2 and Spearman in % columns (e.g. R2 70.59, Spearman 4.42); R2 can be negative and is not a fraction of items, so x100 scaling of a unitless statistic"
beacon-result-splice-h510-ssi-r2,attributes.unit_detail,,printed x100,"BEACON (arXiv 2406.10391) Table 3 prints R2 and Spearman in % columns (e.g. R2 70.59, Spearman 4.42); R2 can be negative and is not a fraction of items, so x100 scaling of a unitless statistic"
beacon-result-splice-ms1024-apa-r2,attributes.unit,percent,unitless,"BEACON (arXiv 2406.10391) Table 3 prints R2 and Spearman in % columns (e.g. R2 70.59, Spearman 4.42); R2 can be negative and is not a fraction of items, so x100 scaling of a unitless statistic"
beacon-result-splice-ms1024-apa-r2,attributes.unit_detail,,printed x100,"BEACON (arXiv 2406.10391) Table 3 prints R2 and Spearman in % columns (e.g. R2 70.59, Spearman 4.42); R2 can be negative and is not a fraction of items, so x100 scaling of a unitless statistic"
beacon-result-splice-ms1024-cri-off-spearman-corr,attributes.unit,percent,unitless,"BEACON (arXiv 2406.10391) Table 3 prints R2 and Spearman in % columns (e.g. R2 70.59, Spearman 4.42); R2 can be negative and is not a fraction of items, so x100 scaling of a unitless statistic"
beacon-result-splice-ms1024-cri-off-spearman-corr,attributes.unit_detail,,printed x100,"BEACON (arXiv 2406.10391) Table 3 prints R2 and Spearman in % columns (e.g. R2 70.59, Spearman 4.42); R2 can be negative and is not a fraction of items, so x100 scaling of a unitless statistic"
beacon-result-splice-ms1024-cri-on-spearman-corr,attributes.unit,percent,unitless,"BEACON (arXiv 2406.10391) Table 3 prints R2 and Spearman in % columns (e.g. R2 70.59, Spearman 4.42); R2 can be negative and is not a fraction of items, so x100 scaling of a unitless statistic"
beacon-result-splice-ms1024-cri-on-spearman-corr,attributes.unit_detail,,printed x100,"BEACON (arXiv 2406.10391) Table 3 prints R2 and Spearman in % columns (e.g. R2 70.59, Spearman 4.42); R2 can be negative and is not a fraction of items, so x100 scaling of a unitless statistic"
beacon-result-splice-ms1024-dmp-r2,attributes.unit,percent,unitless,"BEACON (arXiv 2406.10391) Table 3 prints R2 and Spearman in % columns (e.g. R2 70.59, Spearman 4.42); R2 can be negative and is not a fraction of items, so x100 scaling of a unitless statistic"
beacon-result-splice-ms1024-dmp-r2,attributes.unit_detail,,printed x100,"BEACON (arXiv 2406.10391) Table 3 prints R2 and Spearman in % columns (e.g. R2 70.59, Spearman 4.42); R2 can be negative and is not a fraction of items, so x100 scaling of a unitless statistic"
beacon-result-splice-ms1024-modif-auc,attributes.unit,percent,unitless,AUROC is listed as unitless in data/vocab/unit.ttl (unitless definition names AUC); source prints AUC x100; BEACON Modif: mean of 12 roc_auc_score values (train_modification.py) printed x100
beacon-result-splice-ms1024-modif-auc,attributes.unit_detail,,printed x100,AUROC is listed as unitless in data/vocab/unit.ttl (unitless definition names AUC); source prints AUC x100; BEACON Modif: mean of 12 roc_auc_score values (train_modification.py) printed x100
beacon-result-splice-ms1024-mrl-r2,attributes.unit,percent,unitless,"BEACON (arXiv 2406.10391) Table 3 prints R2 and Spearman in % columns (e.g. R2 70.59, Spearman 4.42); R2 can be negative and is not a fraction of items, so x100 scaling of a unitless statistic"
beacon-result-splice-ms1024-mrl-r2,attributes.unit_detail,,printed x100,"BEACON (arXiv 2406.10391) Table 3 prints R2 and Spearman in % columns (e.g. R2 70.59, Spearman 4.42); R2 can be negative and is not a fraction of items, so x100 scaling of a unitless statistic"
beacon-result-splice-ms1024-prs-r2,attributes.unit,percent,unitless,"BEACON (arXiv 2406.10391) Table 3 prints R2 and Spearman in % columns (e.g. R2 70.59, Spearman 4.42); R2 can be negative and is not a fraction of items, so x100 scaling of a unitless statistic"
beacon-result-splice-ms1024-prs-r2,attributes.unit_detail,,printed x100,"BEACON (arXiv 2406.10391) Table 3 prints R2 and Spearman in % columns (e.g. R2 70.59, Spearman 4.42); R2 can be negative and is not a fraction of items, so x100 scaling of a unitless statistic"
beacon-result-splice-ms1024-ssi-r2,attributes.unit,percent,unitless,"BEACON (arXiv 2406.10391) Table 3 prints R2 and Spearman in % columns (e.g. R2 70.59, Spearman 4.42); R2 can be negative and is not a fraction of items, so x100 scaling of a unitless statistic"
beacon-result-splice-ms1024-ssi-r2,attributes.unit_detail,,printed x100,"BEACON (arXiv 2406.10391) Table 3 prints R2 and Spearman in % columns (e.g. R2 70.59, Spearman 4.42); R2 can be negative and is not a fraction of items, so x100 scaling of a unitless statistic"
beacon-result-splice-ms510-apa-r2,attributes.unit,percent,unitless,"BEACON (arXiv 2406.10391) Table 3 prints R2 and Spearman in % columns (e.g. R2 70.59, Spearman 4.42); R2 can be negative and is not a fraction of items, so x100 scaling of a unitless statistic"
beacon-result-splice-ms510-apa-r2,attributes.unit_detail,,printed x100,"BEACON (arXiv 2406.10391) Table 3 prints R2 and Spearman in % columns (e.g. R2 70.59, Spearman 4.42); R2 can be negative and is not a fraction of items, so x100 scaling of a unitless statistic"
beacon-result-splice-ms510-cri-off-spearman-corr,attributes.unit,percent,unitless,"BEACON (arXiv 2406.10391) Table 3 prints R2 and Spearman in % columns (e.g. R2 70.59, Spearman 4.42); R2 can be negative and is not a fraction of items, so x100 scaling of a unitless statistic"
beacon-result-splice-ms510-cri-off-spearman-corr,attributes.unit_detail,,printed x100,"BEACON (arXiv 2406.10391) Table 3 prints R2 and Spearman in % columns (e.g. R2 70.59, Spearman 4.42); R2 can be negative and is not a fraction of items, so x100 scaling of a unitless statistic"
beacon-result-splice-ms510-cri-on-spearman-corr,attributes.unit,percent,unitless,"BEACON (arXiv 2406.10391) Table 3 prints R2 and Spearman in % columns (e.g. R2 70.59, Spearman 4.42); R2 can be negative and is not a fraction of items, so x100 scaling of a unitless statistic"
beacon-result-splice-ms510-cri-on-spearman-corr,attributes.unit_detail,,printed x100,"BEACON (arXiv 2406.10391) Table 3 prints R2 and Spearman in % columns (e.g. R2 70.59, Spearman 4.42); R2 can be negative and is not a fraction of items, so x100 scaling of a unitless statistic"
beacon-result-splice-ms510-dmp-r2,attributes.unit,percent,unitless,"BEACON (arXiv 2406.10391) Table 3 prints R2 and Spearman in % columns (e.g. R2 70.59, Spearman 4.42); R2 can be negative and is not a fraction of items, so x100 scaling of a unitless statistic"
beacon-result-splice-ms510-dmp-r2,attributes.unit_detail,,printed x100,"BEACON (arXiv 2406.10391) Table 3 prints R2 and Spearman in % columns (e.g. R2 70.59, Spearman 4.42); R2 can be negative and is not a fraction of items, so x100 scaling of a unitless statistic"
beacon-result-splice-ms510-modif-auc,attributes.unit,percent,unitless,AUROC is listed as unitless in data/vocab/unit.ttl (unitless definition names AUC); source prints AUC x100; BEACON Modif: mean of 12 roc_auc_score values (train_modification.py) printed x100
beacon-result-splice-ms510-modif-auc,attributes.unit_detail,,printed x100,AUROC is listed as unitless in data/vocab/unit.ttl (unitless definition names AUC); source prints AUC x100; BEACON Modif: mean of 12 roc_auc_score values (train_modification.py) printed x100
beacon-result-splice-ms510-mrl-r2,attributes.unit,percent,unitless,"BEACON (arXiv 2406.10391) Table 3 prints R2 and Spearman in % columns (e.g. R2 70.59, Spearman 4.42); R2 can be negative and is not a fraction of items, so x100 scaling of a unitless statistic"
beacon-result-splice-ms510-mrl-r2,attributes.unit_detail,,printed x100,"BEACON (arXiv 2406.10391) Table 3 prints R2 and Spearman in % columns (e.g. R2 70.59, Spearman 4.42); R2 can be negative and is not a fraction of items, so x100 scaling of a unitless statistic"
beacon-result-splice-ms510-prs-r2,attributes.unit,percent,unitless,"BEACON (arXiv 2406.10391) Table 3 prints R2 and Spearman in % columns (e.g. R2 70.59, Spearman 4.42); R2 can be negative and is not a fraction of items, so x100 scaling of a unitless statistic"
beacon-result-splice-ms510-prs-r2,attributes.unit_detail,,printed x100,"BEACON (arXiv 2406.10391) Table 3 prints R2 and Spearman in % columns (e.g. R2 70.59, Spearman 4.42); R2 can be negative and is not a fraction of items, so x100 scaling of a unitless statistic"
beacon-result-splice-ms510-ssi-r2,attributes.unit,percent,unitless,"BEACON (arXiv 2406.10391) Table 3 prints R2 and Spearman in % columns (e.g. R2 70.59, Spearman 4.42); R2 can be negative and is not a fraction of items, so x100 scaling of a unitless statistic"
beacon-result-splice-ms510-ssi-r2,attributes.unit_detail,,printed x100,"BEACON (arXiv 2406.10391) Table 3 prints R2 and Spearman in % columns (e.g. R2 70.59, Spearman 4.42); R2 can be negative and is not a fraction of items, so x100 scaling of a unitless statistic"
beacon-result-utr-lm-mrl-apa-r2,attributes.unit,percent,unitless,"BEACON (arXiv 2406.10391) Table 3 prints R2 and Spearman in % columns (e.g. R2 70.59, Spearman 4.42); R2 can be negative and is not a fraction of items, so x100 scaling of a unitless statistic"
beacon-result-utr-lm-mrl-apa-r2,attributes.unit_detail,,printed x100,"BEACON (arXiv 2406.10391) Table 3 prints R2 and Spearman in % columns (e.g. R2 70.59, Spearman 4.42); R2 can be negative and is not a fraction of items, so x100 scaling of a unitless statistic"
beacon-result-utr-lm-mrl-cri-off-spearman-corr,attributes.unit,percent,unitless,"BEACON (arXiv 2406.10391) Table 3 prints R2 and Spearman in % columns (e.g. R2 70.59, Spearman 4.42); R2 can be negative and is not a fraction of items, so x100 scaling of a unitless statistic"
beacon-result-utr-lm-mrl-cri-off-spearman-corr,attributes.unit_detail,,printed x100,"BEACON (arXiv 2406.10391) Table 3 prints R2 and Spearman in % columns (e.g. R2 70.59, Spearman 4.42); R2 can be negative and is not a fraction of items, so x100 scaling of a unitless statistic"
beacon-result-utr-lm-mrl-cri-on-spearman-corr,attributes.unit,percent,unitless,"BEACON (arXiv 2406.10391) Table 3 prints R2 and Spearman in % columns (e.g. R2 70.59, Spearman 4.42); R2 can be negative and is not a fraction of items, so x100 scaling of a unitless statistic"
beacon-result-utr-lm-mrl-cri-on-spearman-corr,attributes.unit_detail,,printed x100,"BEACON (arXiv 2406.10391) Table 3 prints R2 and Spearman in % columns (e.g. R2 70.59, Spearman 4.42); R2 can be negative and is not a fraction of items, so x100 scaling of a unitless statistic"
beacon-result-utr-lm-mrl-dmp-r2,attributes.unit,percent,unitless,"BEACON (arXiv 2406.10391) Table 3 prints R2 and Spearman in % columns (e.g. R2 70.59, Spearman 4.42); R2 can be negative and is not a fraction of items, so x100 scaling of a unitless statistic"
beacon-result-utr-lm-mrl-dmp-r2,attributes.unit_detail,,printed x100,"BEACON (arXiv 2406.10391) Table 3 prints R2 and Spearman in % columns (e.g. R2 70.59, Spearman 4.42); R2 can be negative and is not a fraction of items, so x100 scaling of a unitless statistic"
beacon-result-utr-lm-mrl-modif-auc,attributes.unit,percent,unitless,AUROC is listed as unitless in data/vocab/unit.ttl (unitless definition names AUC); source prints AUC x100; BEACON Modif: mean of 12 roc_auc_score values (train_modification.py) printed x100
beacon-result-utr-lm-mrl-modif-auc,attributes.unit_detail,,printed x100,AUROC is listed as unitless in data/vocab/unit.ttl (unitless definition names AUC); source prints AUC x100; BEACON Modif: mean of 12 roc_auc_score values (train_modification.py) printed x100
beacon-result-utr-lm-mrl-mrl-r2,attributes.unit,percent,unitless,"BEACON (arXiv 2406.10391) Table 3 prints R2 and Spearman in % columns (e.g. R2 70.59, Spearman 4.42); R2 can be negative and is not a fraction of items, so x100 scaling of a unitless statistic"
beacon-result-utr-lm-mrl-mrl-r2,attributes.unit_detail,,printed x100,"BEACON (arXiv 2406.10391) Table 3 prints R2 and Spearman in % columns (e.g. R2 70.59, Spearman 4.42); R2 can be negative and is not a fraction of items, so x100 scaling of a unitless statistic"
beacon-result-utr-lm-mrl-prs-r2,attributes.unit,percent,unitless,"BEACON (arXiv 2406.10391) Table 3 prints R2 and Spearman in % columns (e.g. R2 70.59, Spearman 4.42); R2 can be negative and is not a fraction of items, so x100 scaling of a unitless statistic"
beacon-result-utr-lm-mrl-prs-r2,attributes.unit_detail,,printed x100,"BEACON (arXiv 2406.10391) Table 3 prints R2 and Spearman in % columns (e.g. R2 70.59, Spearman 4.42); R2 can be negative and is not a fraction of items, so x100 scaling of a unitless statistic"
beacon-result-utr-lm-mrl-ssi-r2,attributes.unit,percent,unitless,"BEACON (arXiv 2406.10391) Table 3 prints R2 and Spearman in % columns (e.g. R2 70.59, Spearman 4.42); R2 can be negative and is not a fraction of items, so x100 scaling of a unitless statistic"
beacon-result-utr-lm-mrl-ssi-r2,attributes.unit_detail,,printed x100,"BEACON (arXiv 2406.10391) Table 3 prints R2 and Spearman in % columns (e.g. R2 70.59, Spearman 4.42); R2 can be negative and is not a fraction of items, so x100 scaling of a unitless statistic"
beacon-result-utr-lm-te-and-el-apa-r2,attributes.unit,percent,unitless,"BEACON (arXiv 2406.10391) Table 3 prints R2 and Spearman in % columns (e.g. R2 70.59, Spearman 4.42); R2 can be negative and is not a fraction of items, so x100 scaling of a unitless statistic"
beacon-result-utr-lm-te-and-el-apa-r2,attributes.unit_detail,,printed x100,"BEACON (arXiv 2406.10391) Table 3 prints R2 and Spearman in % columns (e.g. R2 70.59, Spearman 4.42); R2 can be negative and is not a fraction of items, so x100 scaling of a unitless statistic"
beacon-result-utr-lm-te-and-el-cri-off-spearman-corr,attributes.unit,percent,unitless,"BEACON (arXiv 2406.10391) Table 3 prints R2 and Spearman in % columns (e.g. R2 70.59, Spearman 4.42); R2 can be negative and is not a fraction of items, so x100 scaling of a unitless statistic"
beacon-result-utr-lm-te-and-el-cri-off-spearman-corr,attributes.unit_detail,,printed x100,"BEACON (arXiv 2406.10391) Table 3 prints R2 and Spearman in % columns (e.g. R2 70.59, Spearman 4.42); R2 can be negative and is not a fraction of items, so x100 scaling of a unitless statistic"
beacon-result-utr-lm-te-and-el-cri-on-spearman-corr,attributes.unit,percent,unitless,"BEACON (arXiv 2406.10391) Table 3 prints R2 and Spearman in % columns (e.g. R2 70.59, Spearman 4.42); R2 can be negative and is not a fraction of items, so x100 scaling of a unitless statistic"
beacon-result-utr-lm-te-and-el-cri-on-spearman-corr,attributes.unit_detail,,printed x100,"BEACON (arXiv 2406.10391) Table 3 prints R2 and Spearman in % columns (e.g. R2 70.59, Spearman 4.42); R2 can be negative and is not a fraction of items, so x100 scaling of a unitless statistic"
beacon-result-utr-lm-te-and-el-dmp-r2,attributes.unit,percent,unitless,"BEACON (arXiv 2406.10391) Table 3 prints R2 and Spearman in % columns (e.g. R2 70.59, Spearman 4.42); R2 can be negative and is not a fraction of items, so x100 scaling of a unitless statistic"
beacon-result-utr-lm-te-and-el-dmp-r2,attributes.unit_detail,,printed x100,"BEACON (arXiv 2406.10391) Table 3 prints R2 and Spearman in % columns (e.g. R2 70.59, Spearman 4.42); R2 can be negative and is not a fraction of items, so x100 scaling of a unitless statistic"
beacon-result-utr-lm-te-and-el-modif-auc,attributes.unit,percent,unitless,AUROC is listed as unitless in data/vocab/unit.ttl (unitless definition names AUC); source prints AUC x100; BEACON Modif: mean of 12 roc_auc_score values (train_modification.py) printed x100
beacon-result-utr-lm-te-and-el-modif-auc,attributes.unit_detail,,printed x100,AUROC is listed as unitless in data/vocab/unit.ttl (unitless definition names AUC); source prints AUC x100; BEACON Modif: mean of 12 roc_auc_score values (train_modification.py) printed x100
beacon-result-utr-lm-te-and-el-mrl-r2,attributes.unit,percent,unitless,"BEACON (arXiv 2406.10391) Table 3 prints R2 and Spearman in % columns (e.g. R2 70.59, Spearman 4.42); R2 can be negative and is not a fraction of items, so x100 scaling of a unitless statistic"
beacon-result-utr-lm-te-and-el-mrl-r2,attributes.unit_detail,,printed x100,"BEACON (arXiv 2406.10391) Table 3 prints R2 and Spearman in % columns (e.g. R2 70.59, Spearman 4.42); R2 can be negative and is not a fraction of items, so x100 scaling of a unitless statistic"
beacon-result-utr-lm-te-and-el-prs-r2,attributes.unit,percent,unitless,"BEACON (arXiv 2406.10391) Table 3 prints R2 and Spearman in % columns (e.g. R2 70.59, Spearman 4.42); R2 can be negative and is not a fraction of items, so x100 scaling of a unitless statistic"
beacon-result-utr-lm-te-and-el-prs-r2,attributes.unit_detail,,printed x100,"BEACON (arXiv 2406.10391) Table 3 prints R2 and Spearman in % columns (e.g. R2 70.59, Spearman 4.42); R2 can be negative and is not a fraction of items, so x100 scaling of a unitless statistic"
beacon-result-utr-lm-te-and-el-ssi-r2,attributes.unit,percent,unitless,"BEACON (arXiv 2406.10391) Table 3 prints R2 and Spearman in % columns (e.g. R2 70.59, Spearman 4.42); R2 can be negative and is not a fraction of items, so x100 scaling of a unitless statistic"
beacon-result-utr-lm-te-and-el-ssi-r2,attributes.unit_detail,,printed x100,"BEACON (arXiv 2406.10391) Table 3 prints R2 and Spearman in % columns (e.g. R2 70.59, Spearman 4.42); R2 can be negative and is not a fraction of items, so x100 scaling of a unitless statistic"
beacon-result-utrbert-3mer-apa-r2,attributes.unit,percent,unitless,"BEACON (arXiv 2406.10391) Table 3 prints R2 and Spearman in % columns (e.g. R2 70.59, Spearman 4.42); R2 can be negative and is not a fraction of items, so x100 scaling of a unitless statistic"
beacon-result-utrbert-3mer-apa-r2,attributes.unit_detail,,printed x100,"BEACON (arXiv 2406.10391) Table 3 prints R2 and Spearman in % columns (e.g. R2 70.59, Spearman 4.42); R2 can be negative and is not a fraction of items, so x100 scaling of a unitless statistic"
beacon-result-utrbert-3mer-cri-off-spearman-corr,attributes.unit,percent,unitless,"BEACON (arXiv 2406.10391) Table 3 prints R2 and Spearman in % columns (e.g. R2 70.59, Spearman 4.42); R2 can be negative and is not a fraction of items, so x100 scaling of a unitless statistic"
beacon-result-utrbert-3mer-cri-off-spearman-corr,attributes.unit_detail,,printed x100,"BEACON (arXiv 2406.10391) Table 3 prints R2 and Spearman in % columns (e.g. R2 70.59, Spearman 4.42); R2 can be negative and is not a fraction of items, so x100 scaling of a unitless statistic"
beacon-result-utrbert-3mer-cri-on-spearman-corr,attributes.unit,percent,unitless,"BEACON (arXiv 2406.10391) Table 3 prints R2 and Spearman in % columns (e.g. R2 70.59, Spearman 4.42); R2 can be negative and is not a fraction of items, so x100 scaling of a unitless statistic"
beacon-result-utrbert-3mer-cri-on-spearman-corr,attributes.unit_detail,,printed x100,"BEACON (arXiv 2406.10391) Table 3 prints R2 and Spearman in % columns (e.g. R2 70.59, Spearman 4.42); R2 can be negative and is not a fraction of items, so x100 scaling of a unitless statistic"
beacon-result-utrbert-3mer-dmp-r2,attributes.unit,percent,unitless,"BEACON (arXiv 2406.10391) Table 3 prints R2 and Spearman in % columns (e.g. R2 70.59, Spearman 4.42); R2 can be negative and is not a fraction of items, so x100 scaling of a unitless statistic"
beacon-result-utrbert-3mer-dmp-r2,attributes.unit_detail,,printed x100,"BEACON (arXiv 2406.10391) Table 3 prints R2 and Spearman in % columns (e.g. R2 70.59, Spearman 4.42); R2 can be negative and is not a fraction of items, so x100 scaling of a unitless statistic"
beacon-result-utrbert-3mer-modif-auc,attributes.unit,percent,unitless,AUROC is listed as unitless in data/vocab/unit.ttl (unitless definition names AUC); source prints AUC x100; BEACON Modif: mean of 12 roc_auc_score values (train_modification.py) printed x100
beacon-result-utrbert-3mer-modif-auc,attributes.unit_detail,,printed x100,AUROC is listed as unitless in data/vocab/unit.ttl (unitless definition names AUC); source prints AUC x100; BEACON Modif: mean of 12 roc_auc_score values (train_modification.py) printed x100
beacon-result-utrbert-3mer-mrl-r2,attributes.unit,percent,unitless,"BEACON (arXiv 2406.10391) Table 3 prints R2 and Spearman in % columns (e.g. R2 70.59, Spearman 4.42); R2 can be negative and is not a fraction of items, so x100 scaling of a unitless statistic"
beacon-result-utrbert-3mer-mrl-r2,attributes.unit_detail,,printed x100,"BEACON (arXiv 2406.10391) Table 3 prints R2 and Spearman in % columns (e.g. R2 70.59, Spearman 4.42); R2 can be negative and is not a fraction of items, so x100 scaling of a unitless statistic"
beacon-result-utrbert-3mer-prs-r2,attributes.unit,percent,unitless,"BEACON (arXiv 2406.10391) Table 3 prints R2 and Spearman in % columns (e.g. R2 70.59, Spearman 4.42); R2 can be negative and is not a fraction of items, so x100 scaling of a unitless statistic"
beacon-result-utrbert-3mer-prs-r2,attributes.unit_detail,,printed x100,"BEACON (arXiv 2406.10391) Table 3 prints R2 and Spearman in % columns (e.g. R2 70.59, Spearman 4.42); R2 can be negative and is not a fraction of items, so x100 scaling of a unitless statistic"
beacon-result-utrbert-3mer-ssi-r2,attributes.unit,percent,unitless,"BEACON (arXiv 2406.10391) Table 3 prints R2 and Spearman in % columns (e.g. R2 70.59, Spearman 4.42); R2 can be negative and is not a fraction of items, so x100 scaling of a unitless statistic"
beacon-result-utrbert-3mer-ssi-r2,attributes.unit_detail,,printed x100,"BEACON (arXiv 2406.10391) Table 3 prints R2 and Spearman in % columns (e.g. R2 70.59, Spearman 4.42); R2 can be negative and is not a fraction of items, so x100 scaling of a unitless statistic"
beacon-result-utrbert-4mer-apa-r2,attributes.unit,percent,unitless,"BEACON (arXiv 2406.10391) Table 3 prints R2 and Spearman in % columns (e.g. R2 70.59, Spearman 4.42); R2 can be negative and is not a fraction of items, so x100 scaling of a unitless statistic"
beacon-result-utrbert-4mer-apa-r2,attributes.unit_detail,,printed x100,"BEACON (arXiv 2406.10391) Table 3 prints R2 and Spearman in % columns (e.g. R2 70.59, Spearman 4.42); R2 can be negative and is not a fraction of items, so x100 scaling of a unitless statistic"
beacon-result-utrbert-4mer-cri-off-spearman-corr,attributes.unit,percent,unitless,"BEACON (arXiv 2406.10391) Table 3 prints R2 and Spearman in % columns (e.g. R2 70.59, Spearman 4.42); R2 can be negative and is not a fraction of items, so x100 scaling of a unitless statistic"
beacon-result-utrbert-4mer-cri-off-spearman-corr,attributes.unit_detail,,printed x100,"BEACON (arXiv 2406.10391) Table 3 prints R2 and Spearman in % columns (e.g. R2 70.59, Spearman 4.42); R2 can be negative and is not a fraction of items, so x100 scaling of a unitless statistic"
beacon-result-utrbert-4mer-cri-on-spearman-corr,attributes.unit,percent,unitless,"BEACON (arXiv 2406.10391) Table 3 prints R2 and Spearman in % columns (e.g. R2 70.59, Spearman 4.42); R2 can be negative and is not a fraction of items, so x100 scaling of a unitless statistic"
beacon-result-utrbert-4mer-cri-on-spearman-corr,attributes.unit_detail,,printed x100,"BEACON (arXiv 2406.10391) Table 3 prints R2 and Spearman in % columns (e.g. R2 70.59, Spearman 4.42); R2 can be negative and is not a fraction of items, so x100 scaling of a unitless statistic"
beacon-result-utrbert-4mer-dmp-r2,attributes.unit,percent,unitless,"BEACON (arXiv 2406.10391) Table 3 prints R2 and Spearman in % columns (e.g. R2 70.59, Spearman 4.42); R2 can be negative and is not a fraction of items, so x100 scaling of a unitless statistic"
beacon-result-utrbert-4mer-dmp-r2,attributes.unit_detail,,printed x100,"BEACON (arXiv 2406.10391) Table 3 prints R2 and Spearman in % columns (e.g. R2 70.59, Spearman 4.42); R2 can be negative and is not a fraction of items, so x100 scaling of a unitless statistic"
beacon-result-utrbert-4mer-modif-auc,attributes.unit,percent,unitless,AUROC is listed as unitless in data/vocab/unit.ttl (unitless definition names AUC); source prints AUC x100; BEACON Modif: mean of 12 roc_auc_score values (train_modification.py) printed x100
beacon-result-utrbert-4mer-modif-auc,attributes.unit_detail,,printed x100,AUROC is listed as unitless in data/vocab/unit.ttl (unitless definition names AUC); source prints AUC x100; BEACON Modif: mean of 12 roc_auc_score values (train_modification.py) printed x100
beacon-result-utrbert-4mer-mrl-r2,attributes.unit,percent,unitless,"BEACON (arXiv 2406.10391) Table 3 prints R2 and Spearman in % columns (e.g. R2 70.59, Spearman 4.42); R2 can be negative and is not a fraction of items, so x100 scaling of a unitless statistic"
beacon-result-utrbert-4mer-mrl-r2,attributes.unit_detail,,printed x100,"BEACON (arXiv 2406.10391) Table 3 prints R2 and Spearman in % columns (e.g. R2 70.59, Spearman 4.42); R2 can be negative and is not a fraction of items, so x100 scaling of a unitless statistic"
beacon-result-utrbert-4mer-prs-r2,attributes.unit,percent,unitless,"BEACON (arXiv 2406.10391) Table 3 prints R2 and Spearman in % columns (e.g. R2 70.59, Spearman 4.42); R2 can be negative and is not a fraction of items, so x100 scaling of a unitless statistic"
beacon-result-utrbert-4mer-prs-r2,attributes.unit_detail,,printed x100,"BEACON (arXiv 2406.10391) Table 3 prints R2 and Spearman in % columns (e.g. R2 70.59, Spearman 4.42); R2 can be negative and is not a fraction of items, so x100 scaling of a unitless statistic"
beacon-result-utrbert-4mer-ssi-r2,attributes.unit,percent,unitless,"BEACON (arXiv 2406.10391) Table 3 prints R2 and Spearman in % columns (e.g. R2 70.59, Spearman 4.42); R2 can be negative and is not a fraction of items, so x100 scaling of a unitless statistic"
beacon-result-utrbert-4mer-ssi-r2,attributes.unit_detail,,printed x100,"BEACON (arXiv 2406.10391) Table 3 prints R2 and Spearman in % columns (e.g. R2 70.59, Spearman 4.42); R2 can be negative and is not a fraction of items, so x100 scaling of a unitless statistic"
beacon-result-utrbert-5mer-apa-r2,attributes.unit,percent,unitless,"BEACON (arXiv 2406.10391) Table 3 prints R2 and Spearman in % columns (e.g. R2 70.59, Spearman 4.42); R2 can be negative and is not a fraction of items, so x100 scaling of a unitless statistic"
beacon-result-utrbert-5mer-apa-r2,attributes.unit_detail,,printed x100,"BEACON (arXiv 2406.10391) Table 3 prints R2 and Spearman in % columns (e.g. R2 70.59, Spearman 4.42); R2 can be negative and is not a fraction of items, so x100 scaling of a unitless statistic"
beacon-result-utrbert-5mer-cri-off-spearman-corr,attributes.unit,percent,unitless,"BEACON (arXiv 2406.10391) Table 3 prints R2 and Spearman in % columns (e.g. R2 70.59, Spearman 4.42); R2 can be negative and is not a fraction of items, so x100 scaling of a unitless statistic"
beacon-result-utrbert-5mer-cri-off-spearman-corr,attributes.unit_detail,,printed x100,"BEACON (arXiv 2406.10391) Table 3 prints R2 and Spearman in % columns (e.g. R2 70.59, Spearman 4.42); R2 can be negative and is not a fraction of items, so x100 scaling of a unitless statistic"
beacon-result-utrbert-5mer-cri-on-spearman-corr,attributes.unit,percent,unitless,"BEACON (arXiv 2406.10391) Table 3 prints R2 and Spearman in % columns (e.g. R2 70.59, Spearman 4.42); R2 can be negative and is not a fraction of items, so x100 scaling of a unitless statistic"
beacon-result-utrbert-5mer-cri-on-spearman-corr,attributes.unit_detail,,printed x100,"BEACON (arXiv 2406.10391) Table 3 prints R2 and Spearman in % columns (e.g. R2 70.59, Spearman 4.42); R2 can be negative and is not a fraction of items, so x100 scaling of a unitless statistic"
beacon-result-utrbert-5mer-dmp-r2,attributes.unit,percent,unitless,"BEACON (arXiv 2406.10391) Table 3 prints R2 and Spearman in % columns (e.g. R2 70.59, Spearman 4.42); R2 can be negative and is not a fraction of items, so x100 scaling of a unitless statistic"
beacon-result-utrbert-5mer-dmp-r2,attributes.unit_detail,,printed x100,"BEACON (arXiv 2406.10391) Table 3 prints R2 and Spearman in % columns (e.g. R2 70.59, Spearman 4.42); R2 can be negative and is not a fraction of items, so x100 scaling of a unitless statistic"
beacon-result-utrbert-5mer-modif-auc,attributes.unit,percent,unitless,AUROC is listed as unitless in data/vocab/unit.ttl (unitless definition names AUC); source prints AUC x100; BEACON Modif: mean of 12 roc_auc_score values (train_modification.py) printed x100
beacon-result-utrbert-5mer-modif-auc,attributes.unit_detail,,printed x100,AUROC is listed as unitless in data/vocab/unit.ttl (unitless definition names AUC); source prints AUC x100; BEACON Modif: mean of 12 roc_auc_score values (train_modification.py) printed x100
beacon-result-utrbert-5mer-mrl-r2,attributes.unit,percent,unitless,"BEACON (arXiv 2406.10391) Table 3 prints R2 and Spearman in % columns (e.g. R2 70.59, Spearman 4.42); R2 can be negative and is not a fraction of items, so x100 scaling of a unitless statistic"
beacon-result-utrbert-5mer-mrl-r2,attributes.unit_detail,,printed x100,"BEACON (arXiv 2406.10391) Table 3 prints R2 and Spearman in % columns (e.g. R2 70.59, Spearman 4.42); R2 can be negative and is not a fraction of items, so x100 scaling of a unitless statistic"
beacon-result-utrbert-5mer-prs-r2,attributes.unit,percent,unitless,"BEACON (arXiv 2406.10391) Table 3 prints R2 and Spearman in % columns (e.g. R2 70.59, Spearman 4.42); R2 can be negative and is not a fraction of items, so x100 scaling of a unitless statistic"
beacon-result-utrbert-5mer-prs-r2,attributes.unit_detail,,printed x100,"BEACON (arXiv 2406.10391) Table 3 prints R2 and Spearman in % columns (e.g. R2 70.59, Spearman 4.42); R2 can be negative and is not a fraction of items, so x100 scaling of a unitless statistic"
beacon-result-utrbert-5mer-ssi-r2,attributes.unit,percent,unitless,"BEACON (arXiv 2406.10391) Table 3 prints R2 and Spearman in % columns (e.g. R2 70.59, Spearman 4.42); R2 can be negative and is not a fraction of items, so x100 scaling of a unitless statistic"
beacon-result-utrbert-5mer-ssi-r2,attributes.unit_detail,,printed x100,"BEACON (arXiv 2406.10391) Table 3 prints R2 and Spearman in % columns (e.g. R2 70.59, Spearman 4.42); R2 can be negative and is not a fraction of items, so x100 scaling of a unitless statistic"
beacon-result-utrbert-6mer-apa-r2,attributes.unit,percent,unitless,"BEACON (arXiv 2406.10391) Table 3 prints R2 and Spearman in % columns (e.g. R2 70.59, Spearman 4.42); R2 can be negative and is not a fraction of items, so x100 scaling of a unitless statistic"
beacon-result-utrbert-6mer-apa-r2,attributes.unit_detail,,printed x100,"BEACON (arXiv 2406.10391) Table 3 prints R2 and Spearman in % columns (e.g. R2 70.59, Spearman 4.42); R2 can be negative and is not a fraction of items, so x100 scaling of a unitless statistic"
beacon-result-utrbert-6mer-cri-off-spearman-corr,attributes.unit,percent,unitless,"BEACON (arXiv 2406.10391) Table 3 prints R2 and Spearman in % columns (e.g. R2 70.59, Spearman 4.42); R2 can be negative and is not a fraction of items, so x100 scaling of a unitless statistic"
beacon-result-utrbert-6mer-cri-off-spearman-corr,attributes.unit_detail,,printed x100,"BEACON (arXiv 2406.10391) Table 3 prints R2 and Spearman in % columns (e.g. R2 70.59, Spearman 4.42); R2 can be negative and is not a fraction of items, so x100 scaling of a unitless statistic"
beacon-result-utrbert-6mer-cri-on-spearman-corr,attributes.unit,percent,unitless,"BEACON (arXiv 2406.10391) Table 3 prints R2 and Spearman in % columns (e.g. R2 70.59, Spearman 4.42); R2 can be negative and is not a fraction of items, so x100 scaling of a unitless statistic"
beacon-result-utrbert-6mer-cri-on-spearman-corr,attributes.unit_detail,,printed x100,"BEACON (arXiv 2406.10391) Table 3 prints R2 and Spearman in % columns (e.g. R2 70.59, Spearman 4.42); R2 can be negative and is not a fraction of items, so x100 scaling of a unitless statistic"
beacon-result-utrbert-6mer-dmp-r2,attributes.unit,percent,unitless,"BEACON (arXiv 2406.10391) Table 3 prints R2 and Spearman in % columns (e.g. R2 70.59, Spearman 4.42); R2 can be negative and is not a fraction of items, so x100 scaling of a unitless statistic"
beacon-result-utrbert-6mer-dmp-r2,attributes.unit_detail,,printed x100,"BEACON (arXiv 2406.10391) Table 3 prints R2 and Spearman in % columns (e.g. R2 70.59, Spearman 4.42); R2 can be negative and is not a fraction of items, so x100 scaling of a unitless statistic"
beacon-result-utrbert-6mer-modif-auc,attributes.unit,percent,unitless,AUROC is listed as unitless in data/vocab/unit.ttl (unitless definition names AUC); source prints AUC x100; BEACON Modif: mean of 12 roc_auc_score values (train_modification.py) printed x100
beacon-result-utrbert-6mer-modif-auc,attributes.unit_detail,,printed x100,AUROC is listed as unitless in data/vocab/unit.ttl (unitless definition names AUC); source prints AUC x100; BEACON Modif: mean of 12 roc_auc_score values (train_modification.py) printed x100
beacon-result-utrbert-6mer-mrl-r2,attributes.unit,percent,unitless,"BEACON (arXiv 2406.10391) Table 3 prints R2 and Spearman in % columns (e.g. R2 70.59, Spearman 4.42); R2 can be negative and is not a fraction of items, so x100 scaling of a unitless statistic"
beacon-result-utrbert-6mer-mrl-r2,attributes.unit_detail,,printed x100,"BEACON (arXiv 2406.10391) Table 3 prints R2 and Spearman in % columns (e.g. R2 70.59, Spearman 4.42); R2 can be negative and is not a fraction of items, so x100 scaling of a unitless statistic"
beacon-result-utrbert-6mer-prs-r2,attributes.unit,percent,unitless,"BEACON (arXiv 2406.10391) Table 3 prints R2 and Spearman in % columns (e.g. R2 70.59, Spearman 4.42); R2 can be negative and is not a fraction of items, so x100 scaling of a unitless statistic"
beacon-result-utrbert-6mer-prs-r2,attributes.unit_detail,,printed x100,"BEACON (arXiv 2406.10391) Table 3 prints R2 and Spearman in % columns (e.g. R2 70.59, Spearman 4.42); R2 can be negative and is not a fraction of items, so x100 scaling of a unitless statistic"
beacon-result-utrbert-6mer-ssi-r2,attributes.unit,percent,unitless,"BEACON (arXiv 2406.10391) Table 3 prints R2 and Spearman in % columns (e.g. R2 70.59, Spearman 4.42); R2 can be negative and is not a fraction of items, so x100 scaling of a unitless statistic"
beacon-result-utrbert-6mer-ssi-r2,attributes.unit_detail,,printed x100,"BEACON (arXiv 2406.10391) Table 3 prints R2 and Spearman in % columns (e.g. R2 70.59, Spearman 4.42); R2 can be negative and is not a fraction of items, so x100 scaling of a unitless statistic"
gue-result-dnabert-2-core-promoter-detection-all-mcc,attributes.unit,percent,unitless,"DNABERT-2 train.py computes sklearn matthews_corrcoef (range -1 to 1); GUE tables print values such as 69.37, so values are MCC x100 (arXiv 2306.15006 Table 6)"
gue-result-dnabert-2-core-promoter-detection-all-mcc,attributes.unit_detail,,printed x100,"DNABERT-2 train.py computes sklearn matthews_corrcoef (range -1 to 1); GUE tables print values such as 69.37, so values are MCC x100 (arXiv 2306.15006 Table 6)"
gue-result-dnabert-2-core-promoter-detection-notata-mcc,attributes.unit,percent,unitless,"DNABERT-2 train.py computes sklearn matthews_corrcoef (range -1 to 1); GUE tables print values such as 69.37, so values are MCC x100 (arXiv 2306.15006 Table 6)"
gue-result-dnabert-2-core-promoter-detection-notata-mcc,attributes.unit_detail,,printed x100,"DNABERT-2 train.py computes sklearn matthews_corrcoef (range -1 to 1); GUE tables print values such as 69.37, so values are MCC x100 (arXiv 2306.15006 Table 6)"
gue-result-dnabert-2-core-promoter-detection-tata-mcc,attributes.unit,percent,unitless,"DNABERT-2 train.py computes sklearn matthews_corrcoef (range -1 to 1); GUE tables print values such as 69.37, so values are MCC x100 (arXiv 2306.15006 Table 6)"
gue-result-dnabert-2-core-promoter-detection-tata-mcc,attributes.unit_detail,,printed x100,"DNABERT-2 train.py computes sklearn matthews_corrcoef (range -1 to 1); GUE tables print values such as 69.37, so values are MCC x100 (arXiv 2306.15006 Table 6)"
gue-result-dnabert-2-epigenetic-marks-prediction-h3-mcc,attributes.unit,percent,unitless,"DNABERT-2 train.py computes sklearn matthews_corrcoef (range -1 to 1); GUE tables print values such as 69.37, so values are MCC x100 (arXiv 2306.15006 Table 6)"
gue-result-dnabert-2-epigenetic-marks-prediction-h3-mcc,attributes.unit_detail,,printed x100,"DNABERT-2 train.py computes sklearn matthews_corrcoef (range -1 to 1); GUE tables print values such as 69.37, so values are MCC x100 (arXiv 2306.15006 Table 6)"
gue-result-dnabert-2-epigenetic-marks-prediction-h3k14ac-mcc,attributes.unit,percent,unitless,"DNABERT-2 train.py computes sklearn matthews_corrcoef (range -1 to 1); GUE tables print values such as 69.37, so values are MCC x100 (arXiv 2306.15006 Table 6)"
gue-result-dnabert-2-epigenetic-marks-prediction-h3k14ac-mcc,attributes.unit_detail,,printed x100,"DNABERT-2 train.py computes sklearn matthews_corrcoef (range -1 to 1); GUE tables print values such as 69.37, so values are MCC x100 (arXiv 2306.15006 Table 6)"
gue-result-dnabert-2-epigenetic-marks-prediction-h3k36me3-mcc,attributes.unit,percent,unitless,"DNABERT-2 train.py computes sklearn matthews_corrcoef (range -1 to 1); GUE tables print values such as 69.37, so values are MCC x100 (arXiv 2306.15006 Table 6)"
gue-result-dnabert-2-epigenetic-marks-prediction-h3k36me3-mcc,attributes.unit_detail,,printed x100,"DNABERT-2 train.py computes sklearn matthews_corrcoef (range -1 to 1); GUE tables print values such as 69.37, so values are MCC x100 (arXiv 2306.15006 Table 6)"
gue-result-dnabert-2-epigenetic-marks-prediction-h3k4me1-mcc,attributes.unit,percent,unitless,"DNABERT-2 train.py computes sklearn matthews_corrcoef (range -1 to 1); GUE tables print values such as 69.37, so values are MCC x100 (arXiv 2306.15006 Table 6)"
gue-result-dnabert-2-epigenetic-marks-prediction-h3k4me1-mcc,attributes.unit_detail,,printed x100,"DNABERT-2 train.py computes sklearn matthews_corrcoef (range -1 to 1); GUE tables print values such as 69.37, so values are MCC x100 (arXiv 2306.15006 Table 6)"
gue-result-dnabert-2-epigenetic-marks-prediction-h3k4me2-mcc,attributes.unit,percent,unitless,"DNABERT-2 train.py computes sklearn matthews_corrcoef (range -1 to 1); GUE tables print values such as 69.37, so values are MCC x100 (arXiv 2306.15006 Table 6)"
gue-result-dnabert-2-epigenetic-marks-prediction-h3k4me2-mcc,attributes.unit_detail,,printed x100,"DNABERT-2 train.py computes sklearn matthews_corrcoef (range -1 to 1); GUE tables print values such as 69.37, so values are MCC x100 (arXiv 2306.15006 Table 6)"
gue-result-dnabert-2-epigenetic-marks-prediction-h3k4me3-mcc,attributes.unit,percent,unitless,"DNABERT-2 train.py computes sklearn matthews_corrcoef (range -1 to 1); GUE tables print values such as 69.37, so values are MCC x100 (arXiv 2306.15006 Table 6)"
gue-result-dnabert-2-epigenetic-marks-prediction-h3k4me3-mcc,attributes.unit_detail,,printed x100,"DNABERT-2 train.py computes sklearn matthews_corrcoef (range -1 to 1); GUE tables print values such as 69.37, so values are MCC x100 (arXiv 2306.15006 Table 6)"
gue-result-dnabert-2-epigenetic-marks-prediction-h3k79me3-mcc,attributes.unit,percent,unitless,"DNABERT-2 train.py computes sklearn matthews_corrcoef (range -1 to 1); GUE tables print values such as 69.37, so values are MCC x100 (arXiv 2306.15006 Table 6)"
gue-result-dnabert-2-epigenetic-marks-prediction-h3k79me3-mcc,attributes.unit_detail,,printed x100,"DNABERT-2 train.py computes sklearn matthews_corrcoef (range -1 to 1); GUE tables print values such as 69.37, so values are MCC x100 (arXiv 2306.15006 Table 6)"
gue-result-dnabert-2-epigenetic-marks-prediction-h3k9ac-mcc,attributes.unit,percent,unitless,"DNABERT-2 train.py computes sklearn matthews_corrcoef (range -1 to 1); GUE tables print values such as 69.37, so values are MCC x100 (arXiv 2306.15006 Table 6)"
gue-result-dnabert-2-epigenetic-marks-prediction-h3k9ac-mcc,attributes.unit_detail,,printed x100,"DNABERT-2 train.py computes sklearn matthews_corrcoef (range -1 to 1); GUE tables print values such as 69.37, so values are MCC x100 (arXiv 2306.15006 Table 6)"
gue-result-dnabert-2-epigenetic-marks-prediction-h4-mcc,attributes.unit,percent,unitless,"DNABERT-2 train.py computes sklearn matthews_corrcoef (range -1 to 1); GUE tables print values such as 69.37, so values are MCC x100 (arXiv 2306.15006 Table 6)"
gue-result-dnabert-2-epigenetic-marks-prediction-h4-mcc,attributes.unit_detail,,printed x100,"DNABERT-2 train.py computes sklearn matthews_corrcoef (range -1 to 1); GUE tables print values such as 69.37, so values are MCC x100 (arXiv 2306.15006 Table 6)"
gue-result-dnabert-2-epigenetic-marks-prediction-h4ac-mcc,attributes.unit,percent,unitless,"DNABERT-2 train.py computes sklearn matthews_corrcoef (range -1 to 1); GUE tables print values such as 69.37, so values are MCC x100 (arXiv 2306.15006 Table 6)"
gue-result-dnabert-2-epigenetic-marks-prediction-h4ac-mcc,attributes.unit_detail,,printed x100,"DNABERT-2 train.py computes sklearn matthews_corrcoef (range -1 to 1); GUE tables print values such as 69.37, so values are MCC x100 (arXiv 2306.15006 Table 6)"
gue-result-dnabert-2-further-pre-trained-on-gue-core-promoter-detection-all-mcc,attributes.unit,percent,unitless,"DNABERT-2 train.py computes sklearn matthews_corrcoef (range -1 to 1); GUE tables print values such as 69.37, so values are MCC x100 (arXiv 2306.15006 Table 6)"
gue-result-dnabert-2-further-pre-trained-on-gue-core-promoter-detection-all-mcc,attributes.unit_detail,,printed x100,"DNABERT-2 train.py computes sklearn matthews_corrcoef (range -1 to 1); GUE tables print values such as 69.37, so values are MCC x100 (arXiv 2306.15006 Table 6)"
gue-result-dnabert-2-further-pre-trained-on-gue-core-promoter-detection-notata-mcc,attributes.unit,percent,unitless,"DNABERT-2 train.py computes sklearn matthews_corrcoef (range -1 to 1); GUE tables print values such as 69.37, so values are MCC x100 (arXiv 2306.15006 Table 6)"
gue-result-dnabert-2-further-pre-trained-on-gue-core-promoter-detection-notata-mcc,attributes.unit_detail,,printed x100,"DNABERT-2 train.py computes sklearn matthews_corrcoef (range -1 to 1); GUE tables print values such as 69.37, so values are MCC x100 (arXiv 2306.15006 Table 6)"
gue-result-dnabert-2-further-pre-trained-on-gue-core-promoter-detection-tata-mcc,attributes.unit,percent,unitless,"DNABERT-2 train.py computes sklearn matthews_corrcoef (range -1 to 1); GUE tables print values such as 69.37, so values are MCC x100 (arXiv 2306.15006 Table 6)"
gue-result-dnabert-2-further-pre-trained-on-gue-core-promoter-detection-tata-mcc,attributes.unit_detail,,printed x100,"DNABERT-2 train.py computes sklearn matthews_corrcoef (range -1 to 1); GUE tables print values such as 69.37, so values are MCC x100 (arXiv 2306.15006 Table 6)"
gue-result-dnabert-2-further-pre-trained-on-gue-epigenetic-marks-prediction-h3-mcc,attributes.unit,percent,unitless,"DNABERT-2 train.py computes sklearn matthews_corrcoef (range -1 to 1); GUE tables print values such as 69.37, so values are MCC x100 (arXiv 2306.15006 Table 6)"
gue-result-dnabert-2-further-pre-trained-on-gue-epigenetic-marks-prediction-h3-mcc,attributes.unit_detail,,printed x100,"DNABERT-2 train.py computes sklearn matthews_corrcoef (range -1 to 1); GUE tables print values such as 69.37, so values are MCC x100 (arXiv 2306.15006 Table 6)"
gue-result-dnabert-2-further-pre-trained-on-gue-epigenetic-marks-prediction-h3k14ac-mcc,attributes.unit,percent,unitless,"DNABERT-2 train.py computes sklearn matthews_corrcoef (range -1 to 1); GUE tables print values such as 69.37, so values are MCC x100 (arXiv 2306.15006 Table 6)"
gue-result-dnabert-2-further-pre-trained-on-gue-epigenetic-marks-prediction-h3k14ac-mcc,attributes.unit_detail,,printed x100,"DNABERT-2 train.py computes sklearn matthews_corrcoef (range -1 to 1); GUE tables print values such as 69.37, so values are MCC x100 (arXiv 2306.15006 Table 6)"
gue-result-dnabert-2-further-pre-trained-on-gue-epigenetic-marks-prediction-h3k36me3-mcc,attributes.unit,percent,unitless,"DNABERT-2 train.py computes sklearn matthews_corrcoef (range -1 to 1); GUE tables print values such as 69.37, so values are MCC x100 (arXiv 2306.15006 Table 6)"
gue-result-dnabert-2-further-pre-trained-on-gue-epigenetic-marks-prediction-h3k36me3-mcc,attributes.unit_detail,,printed x100,"DNABERT-2 train.py computes sklearn matthews_corrcoef (range -1 to 1); GUE tables print values such as 69.37, so values are MCC x100 (arXiv 2306.15006 Table 6)"
gue-result-dnabert-2-further-pre-trained-on-gue-epigenetic-marks-prediction-h3k4me1-mcc,attributes.unit,percent,unitless,"DNABERT-2 train.py computes sklearn matthews_corrcoef (range -1 to 1); GUE tables print values such as 69.37, so values are MCC x100 (arXiv 2306.15006 Table 6)"
gue-result-dnabert-2-further-pre-trained-on-gue-epigenetic-marks-prediction-h3k4me1-mcc,attributes.unit_detail,,printed x100,"DNABERT-2 train.py computes sklearn matthews_corrcoef (range -1 to 1); GUE tables print values such as 69.37, so values are MCC x100 (arXiv 2306.15006 Table 6)"
gue-result-dnabert-2-further-pre-trained-on-gue-epigenetic-marks-prediction-h3k4me2-mcc,attributes.unit,percent,unitless,"DNABERT-2 train.py computes sklearn matthews_corrcoef (range -1 to 1); GUE tables print values such as 69.37, so values are MCC x100 (arXiv 2306.15006 Table 6)"
gue-result-dnabert-2-further-pre-trained-on-gue-epigenetic-marks-prediction-h3k4me2-mcc,attributes.unit_detail,,printed x100,"DNABERT-2 train.py computes sklearn matthews_corrcoef (range -1 to 1); GUE tables print values such as 69.37, so values are MCC x100 (arXiv 2306.15006 Table 6)"
gue-result-dnabert-2-further-pre-trained-on-gue-epigenetic-marks-prediction-h3k4me3-mcc,attributes.unit,percent,unitless,"DNABERT-2 train.py computes sklearn matthews_corrcoef (range -1 to 1); GUE tables print values such as 69.37, so values are MCC x100 (arXiv 2306.15006 Table 6)"
gue-result-dnabert-2-further-pre-trained-on-gue-epigenetic-marks-prediction-h3k4me3-mcc,attributes.unit_detail,,printed x100,"DNABERT-2 train.py computes sklearn matthews_corrcoef (range -1 to 1); GUE tables print values such as 69.37, so values are MCC x100 (arXiv 2306.15006 Table 6)"
gue-result-dnabert-2-further-pre-trained-on-gue-epigenetic-marks-prediction-h3k79me3-mcc,attributes.unit,percent,unitless,"DNABERT-2 train.py computes sklearn matthews_corrcoef (range -1 to 1); GUE tables print values such as 69.37, so values are MCC x100 (arXiv 2306.15006 Table 6)"
gue-result-dnabert-2-further-pre-trained-on-gue-epigenetic-marks-prediction-h3k79me3-mcc,attributes.unit_detail,,printed x100,"DNABERT-2 train.py computes sklearn matthews_corrcoef (range -1 to 1); GUE tables print values such as 69.37, so values are MCC x100 (arXiv 2306.15006 Table 6)"
gue-result-dnabert-2-further-pre-trained-on-gue-epigenetic-marks-prediction-h3k9ac-mcc,attributes.unit,percent,unitless,"DNABERT-2 train.py computes sklearn matthews_corrcoef (range -1 to 1); GUE tables print values such as 69.37, so values are MCC x100 (arXiv 2306.15006 Table 6)"
gue-result-dnabert-2-further-pre-trained-on-gue-epigenetic-marks-prediction-h3k9ac-mcc,attributes.unit_detail,,printed x100,"DNABERT-2 train.py computes sklearn matthews_corrcoef (range -1 to 1); GUE tables print values such as 69.37, so values are MCC x100 (arXiv 2306.15006 Table 6)"
gue-result-dnabert-2-further-pre-trained-on-gue-epigenetic-marks-prediction-h4-mcc,attributes.unit,percent,unitless,"DNABERT-2 train.py computes sklearn matthews_corrcoef (range -1 to 1); GUE tables print values such as 69.37, so values are MCC x100 (arXiv 2306.15006 Table 6)"
gue-result-dnabert-2-further-pre-trained-on-gue-epigenetic-marks-prediction-h4-mcc,attributes.unit_detail,,printed x100,"DNABERT-2 train.py computes sklearn matthews_corrcoef (range -1 to 1); GUE tables print values such as 69.37, so values are MCC x100 (arXiv 2306.15006 Table 6)"
gue-result-dnabert-2-further-pre-trained-on-gue-epigenetic-marks-prediction-h4ac-mcc,attributes.unit,percent,unitless,"DNABERT-2 train.py computes sklearn matthews_corrcoef (range -1 to 1); GUE tables print values such as 69.37, so values are MCC x100 (arXiv 2306.15006 Table 6)"
gue-result-dnabert-2-further-pre-trained-on-gue-epigenetic-marks-prediction-h4ac-mcc,attributes.unit_detail,,printed x100,"DNABERT-2 train.py computes sklearn matthews_corrcoef (range -1 to 1); GUE tables print values such as 69.37, so values are MCC x100 (arXiv 2306.15006 Table 6)"
gue-result-dnabert-2-further-pre-trained-on-gue-promoter-detection-all-mcc,attributes.unit,percent,unitless,"DNABERT-2 train.py computes sklearn matthews_corrcoef (range -1 to 1); GUE tables print values such as 69.37, so values are MCC x100 (arXiv 2306.15006 Table 6)"
gue-result-dnabert-2-further-pre-trained-on-gue-promoter-detection-all-mcc,attributes.unit_detail,,printed x100,"DNABERT-2 train.py computes sklearn matthews_corrcoef (range -1 to 1); GUE tables print values such as 69.37, so values are MCC x100 (arXiv 2306.15006 Table 6)"
gue-result-dnabert-2-further-pre-trained-on-gue-promoter-detection-notata-mcc,attributes.unit,percent,unitless,"DNABERT-2 train.py computes sklearn matthews_corrcoef (range -1 to 1); GUE tables print values such as 69.37, so values are MCC x100 (arXiv 2306.15006 Table 6)"
gue-result-dnabert-2-further-pre-trained-on-gue-promoter-detection-notata-mcc,attributes.unit_detail,,printed x100,"DNABERT-2 train.py computes sklearn matthews_corrcoef (range -1 to 1); GUE tables print values such as 69.37, so values are MCC x100 (arXiv 2306.15006 Table 6)"
gue-result-dnabert-2-further-pre-trained-on-gue-promoter-detection-tata-mcc,attributes.unit,percent,unitless,"DNABERT-2 train.py computes sklearn matthews_corrcoef (range -1 to 1); GUE tables print values such as 69.37, so values are MCC x100 (arXiv 2306.15006 Table 6)"
gue-result-dnabert-2-further-pre-trained-on-gue-promoter-detection-tata-mcc,attributes.unit_detail,,printed x100,"DNABERT-2 train.py computes sklearn matthews_corrcoef (range -1 to 1); GUE tables print values such as 69.37, so values are MCC x100 (arXiv 2306.15006 Table 6)"
gue-result-dnabert-2-further-pre-trained-on-gue-splice-site-prediction-reconstruct-mcc,attributes.unit,percent,unitless,"DNABERT-2 train.py computes sklearn matthews_corrcoef (range -1 to 1); GUE tables print values such as 69.37, so values are MCC x100 (arXiv 2306.15006 Table 6)"
gue-result-dnabert-2-further-pre-trained-on-gue-splice-site-prediction-reconstruct-mcc,attributes.unit_detail,,printed x100,"DNABERT-2 train.py computes sklearn matthews_corrcoef (range -1 to 1); GUE tables print values such as 69.37, so values are MCC x100 (arXiv 2306.15006 Table 6)"
gue-result-dnabert-2-further-pre-trained-on-gue-transcription-factor-prediction-human-0-mcc,attributes.unit,percent,unitless,"DNABERT-2 train.py computes sklearn matthews_corrcoef (range -1 to 1); GUE tables print values such as 69.37, so values are MCC x100 (arXiv 2306.15006 Table 6)"
gue-result-dnabert-2-further-pre-trained-on-gue-transcription-factor-prediction-human-0-mcc,attributes.unit_detail,,printed x100,"DNABERT-2 train.py computes sklearn matthews_corrcoef (range -1 to 1); GUE tables print values such as 69.37, so values are MCC x100 (arXiv 2306.15006 Table 6)"
gue-result-dnabert-2-further-pre-trained-on-gue-transcription-factor-prediction-human-1-mcc,attributes.unit,percent,unitless,"DNABERT-2 train.py computes sklearn matthews_corrcoef (range -1 to 1); GUE tables print values such as 69.37, so values are MCC x100 (arXiv 2306.15006 Table 6)"
gue-result-dnabert-2-further-pre-trained-on-gue-transcription-factor-prediction-human-1-mcc,attributes.unit_detail,,printed x100,"DNABERT-2 train.py computes sklearn matthews_corrcoef (range -1 to 1); GUE tables print values such as 69.37, so values are MCC x100 (arXiv 2306.15006 Table 6)"
gue-result-dnabert-2-further-pre-trained-on-gue-transcription-factor-prediction-human-2-mcc,attributes.unit,percent,unitless,"DNABERT-2 train.py computes sklearn matthews_corrcoef (range -1 to 1); GUE tables print values such as 69.37, so values are MCC x100 (arXiv 2306.15006 Table 6)"
gue-result-dnabert-2-further-pre-trained-on-gue-transcription-factor-prediction-human-2-mcc,attributes.unit_detail,,printed x100,"DNABERT-2 train.py computes sklearn matthews_corrcoef (range -1 to 1); GUE tables print values such as 69.37, so values are MCC x100 (arXiv 2306.15006 Table 6)"
gue-result-dnabert-2-further-pre-trained-on-gue-transcription-factor-prediction-human-3-mcc,attributes.unit,percent,unitless,"DNABERT-2 train.py computes sklearn matthews_corrcoef (range -1 to 1); GUE tables print values such as 69.37, so values are MCC x100 (arXiv 2306.15006 Table 6)"
gue-result-dnabert-2-further-pre-trained-on-gue-transcription-factor-prediction-human-3-mcc,attributes.unit_detail,,printed x100,"DNABERT-2 train.py computes sklearn matthews_corrcoef (range -1 to 1); GUE tables print values such as 69.37, so values are MCC x100 (arXiv 2306.15006 Table 6)"
gue-result-dnabert-2-further-pre-trained-on-gue-transcription-factor-prediction-human-4-mcc,attributes.unit,percent,unitless,"DNABERT-2 train.py computes sklearn matthews_corrcoef (range -1 to 1); GUE tables print values such as 69.37, so values are MCC x100 (arXiv 2306.15006 Table 6)"
gue-result-dnabert-2-further-pre-trained-on-gue-transcription-factor-prediction-human-4-mcc,attributes.unit_detail,,printed x100,"DNABERT-2 train.py computes sklearn matthews_corrcoef (range -1 to 1); GUE tables print values such as 69.37, so values are MCC x100 (arXiv 2306.15006 Table 6)"
gue-result-dnabert-2-further-pre-trained-on-gue-transcription-factor-prediction-mouse-0-mcc,attributes.unit,percent,unitless,"DNABERT-2 train.py computes sklearn matthews_corrcoef (range -1 to 1); GUE tables print values such as 69.37, so values are MCC x100 (arXiv 2306.15006 Table 6)"
gue-result-dnabert-2-further-pre-trained-on-gue-transcription-factor-prediction-mouse-0-mcc,attributes.unit_detail,,printed x100,"DNABERT-2 train.py computes sklearn matthews_corrcoef (range -1 to 1); GUE tables print values such as 69.37, so values are MCC x100 (arXiv 2306.15006 Table 6)"
gue-result-dnabert-2-further-pre-trained-on-gue-transcription-factor-prediction-mouse-1-mcc,attributes.unit,percent,unitless,"DNABERT-2 train.py computes sklearn matthews_corrcoef (range -1 to 1); GUE tables print values such as 69.37, so values are MCC x100 (arXiv 2306.15006 Table 6)"
gue-result-dnabert-2-further-pre-trained-on-gue-transcription-factor-prediction-mouse-1-mcc,attributes.unit_detail,,printed x100,"DNABERT-2 train.py computes sklearn matthews_corrcoef (range -1 to 1); GUE tables print values such as 69.37, so values are MCC x100 (arXiv 2306.15006 Table 6)"
gue-result-dnabert-2-further-pre-trained-on-gue-transcription-factor-prediction-mouse-2-mcc,attributes.unit,percent,unitless,"DNABERT-2 train.py computes sklearn matthews_corrcoef (range -1 to 1); GUE tables print values such as 69.37, so values are MCC x100 (arXiv 2306.15006 Table 6)"
gue-result-dnabert-2-further-pre-trained-on-gue-transcription-factor-prediction-mouse-2-mcc,attributes.unit_detail,,printed x100,"DNABERT-2 train.py computes sklearn matthews_corrcoef (range -1 to 1); GUE tables print values such as 69.37, so values are MCC x100 (arXiv 2306.15006 Table 6)"
gue-result-dnabert-2-further-pre-trained-on-gue-transcription-factor-prediction-mouse-3-mcc,attributes.unit,percent,unitless,"DNABERT-2 train.py computes sklearn matthews_corrcoef (range -1 to 1); GUE tables print values such as 69.37, so values are MCC x100 (arXiv 2306.15006 Table 6)"
gue-result-dnabert-2-further-pre-trained-on-gue-transcription-factor-prediction-mouse-3-mcc,attributes.unit_detail,,printed x100,"DNABERT-2 train.py computes sklearn matthews_corrcoef (range -1 to 1); GUE tables print values such as 69.37, so values are MCC x100 (arXiv 2306.15006 Table 6)"
gue-result-dnabert-2-further-pre-trained-on-gue-transcription-factor-prediction-mouse-4-mcc,attributes.unit,percent,unitless,"DNABERT-2 train.py computes sklearn matthews_corrcoef (range -1 to 1); GUE tables print values such as 69.37, so values are MCC x100 (arXiv 2306.15006 Table 6)"
gue-result-dnabert-2-further-pre-trained-on-gue-transcription-factor-prediction-mouse-4-mcc,attributes.unit_detail,,printed x100,"DNABERT-2 train.py computes sklearn matthews_corrcoef (range -1 to 1); GUE tables print values such as 69.37, so values are MCC x100 (arXiv 2306.15006 Table 6)"
gue-result-dnabert-2-promoter-detection-all-mcc,attributes.unit,percent,unitless,"DNABERT-2 train.py computes sklearn matthews_corrcoef (range -1 to 1); GUE tables print values such as 69.37, so values are MCC x100 (arXiv 2306.15006 Table 6)"
gue-result-dnabert-2-promoter-detection-all-mcc,attributes.unit_detail,,printed x100,"DNABERT-2 train.py computes sklearn matthews_corrcoef (range -1 to 1); GUE tables print values such as 69.37, so values are MCC x100 (arXiv 2306.15006 Table 6)"
gue-result-dnabert-2-promoter-detection-notata-mcc,attributes.unit,percent,unitless,"DNABERT-2 train.py computes sklearn matthews_corrcoef (range -1 to 1); GUE tables print values such as 69.37, so values are MCC x100 (arXiv 2306.15006 Table 6)"
gue-result-dnabert-2-promoter-detection-notata-mcc,attributes.unit_detail,,printed x100,"DNABERT-2 train.py computes sklearn matthews_corrcoef (range -1 to 1); GUE tables print values such as 69.37, so values are MCC x100 (arXiv 2306.15006 Table 6)"
gue-result-dnabert-2-promoter-detection-tata-mcc,attributes.unit,percent,unitless,"DNABERT-2 train.py computes sklearn matthews_corrcoef (range -1 to 1); GUE tables print values such as 69.37, so values are MCC x100 (arXiv 2306.15006 Table 6)"
gue-result-dnabert-2-promoter-detection-tata-mcc,attributes.unit_detail,,printed x100,"DNABERT-2 train.py computes sklearn matthews_corrcoef (range -1 to 1); GUE tables print values such as 69.37, so values are MCC x100 (arXiv 2306.15006 Table 6)"
gue-result-dnabert-2-splice-site-prediction-reconstruct-mcc,attributes.unit,percent,unitless,"DNABERT-2 train.py computes sklearn matthews_corrcoef (range -1 to 1); GUE tables print values such as 69.37, so values are MCC x100 (arXiv 2306.15006 Table 6)"
gue-result-dnabert-2-splice-site-prediction-reconstruct-mcc,attributes.unit_detail,,printed x100,"DNABERT-2 train.py computes sklearn matthews_corrcoef (range -1 to 1); GUE tables print values such as 69.37, so values are MCC x100 (arXiv 2306.15006 Table 6)"
gue-result-dnabert-2-transcription-factor-prediction-human-0-mcc,attributes.unit,percent,unitless,"DNABERT-2 train.py computes sklearn matthews_corrcoef (range -1 to 1); GUE tables print values such as 69.37, so values are MCC x100 (arXiv 2306.15006 Table 6)"
gue-result-dnabert-2-transcription-factor-prediction-human-0-mcc,attributes.unit_detail,,printed x100,"DNABERT-2 train.py computes sklearn matthews_corrcoef (range -1 to 1); GUE tables print values such as 69.37, so values are MCC x100 (arXiv 2306.15006 Table 6)"
gue-result-dnabert-2-transcription-factor-prediction-human-1-mcc,attributes.unit,percent,unitless,"DNABERT-2 train.py computes sklearn matthews_corrcoef (range -1 to 1); GUE tables print values such as 69.37, so values are MCC x100 (arXiv 2306.15006 Table 6)"
gue-result-dnabert-2-transcription-factor-prediction-human-1-mcc,attributes.unit_detail,,printed x100,"DNABERT-2 train.py computes sklearn matthews_corrcoef (range -1 to 1); GUE tables print values such as 69.37, so values are MCC x100 (arXiv 2306.15006 Table 6)"
gue-result-dnabert-2-transcription-factor-prediction-human-2-mcc,attributes.unit,percent,unitless,"DNABERT-2 train.py computes sklearn matthews_corrcoef (range -1 to 1); GUE tables print values such as 69.37, so values are MCC x100 (arXiv 2306.15006 Table 6)"
gue-result-dnabert-2-transcription-factor-prediction-human-2-mcc,attributes.unit_detail,,printed x100,"DNABERT-2 train.py computes sklearn matthews_corrcoef (range -1 to 1); GUE tables print values such as 69.37, so values are MCC x100 (arXiv 2306.15006 Table 6)"
gue-result-dnabert-2-transcription-factor-prediction-human-3-mcc,attributes.unit,percent,unitless,"DNABERT-2 train.py computes sklearn matthews_corrcoef (range -1 to 1); GUE tables print values such as 69.37, so values are MCC x100 (arXiv 2306.15006 Table 6)"
gue-result-dnabert-2-transcription-factor-prediction-human-3-mcc,attributes.unit_detail,,printed x100,"DNABERT-2 train.py computes sklearn matthews_corrcoef (range -1 to 1); GUE tables print values such as 69.37, so values are MCC x100 (arXiv 2306.15006 Table 6)"
gue-result-dnabert-2-transcription-factor-prediction-human-4-mcc,attributes.unit,percent,unitless,"DNABERT-2 train.py computes sklearn matthews_corrcoef (range -1 to 1); GUE tables print values such as 69.37, so values are MCC x100 (arXiv 2306.15006 Table 6)"
gue-result-dnabert-2-transcription-factor-prediction-human-4-mcc,attributes.unit_detail,,printed x100,"DNABERT-2 train.py computes sklearn matthews_corrcoef (range -1 to 1); GUE tables print values such as 69.37, so values are MCC x100 (arXiv 2306.15006 Table 6)"
gue-result-dnabert-2-transcription-factor-prediction-mouse-0-mcc,attributes.unit,percent,unitless,"DNABERT-2 train.py computes sklearn matthews_corrcoef (range -1 to 1); GUE tables print values such as 69.37, so values are MCC x100 (arXiv 2306.15006 Table 6)"
gue-result-dnabert-2-transcription-factor-prediction-mouse-0-mcc,attributes.unit_detail,,printed x100,"DNABERT-2 train.py computes sklearn matthews_corrcoef (range -1 to 1); GUE tables print values such as 69.37, so values are MCC x100 (arXiv 2306.15006 Table 6)"
gue-result-dnabert-2-transcription-factor-prediction-mouse-1-mcc,attributes.unit,percent,unitless,"DNABERT-2 train.py computes sklearn matthews_corrcoef (range -1 to 1); GUE tables print values such as 69.37, so values are MCC x100 (arXiv 2306.15006 Table 6)"
gue-result-dnabert-2-transcription-factor-prediction-mouse-1-mcc,attributes.unit_detail,,printed x100,"DNABERT-2 train.py computes sklearn matthews_corrcoef (range -1 to 1); GUE tables print values such as 69.37, so values are MCC x100 (arXiv 2306.15006 Table 6)"
gue-result-dnabert-2-transcription-factor-prediction-mouse-2-mcc,attributes.unit,percent,unitless,"DNABERT-2 train.py computes sklearn matthews_corrcoef (range -1 to 1); GUE tables print values such as 69.37, so values are MCC x100 (arXiv 2306.15006 Table 6)"
gue-result-dnabert-2-transcription-factor-prediction-mouse-2-mcc,attributes.unit_detail,,printed x100,"DNABERT-2 train.py computes sklearn matthews_corrcoef (range -1 to 1); GUE tables print values such as 69.37, so values are MCC x100 (arXiv 2306.15006 Table 6)"
gue-result-dnabert-2-transcription-factor-prediction-mouse-3-mcc,attributes.unit,percent,unitless,"DNABERT-2 train.py computes sklearn matthews_corrcoef (range -1 to 1); GUE tables print values such as 69.37, so values are MCC x100 (arXiv 2306.15006 Table 6)"
gue-result-dnabert-2-transcription-factor-prediction-mouse-3-mcc,attributes.unit_detail,,printed x100,"DNABERT-2 train.py computes sklearn matthews_corrcoef (range -1 to 1); GUE tables print values such as 69.37, so values are MCC x100 (arXiv 2306.15006 Table 6)"
gue-result-dnabert-2-transcription-factor-prediction-mouse-4-mcc,attributes.unit,percent,unitless,"DNABERT-2 train.py computes sklearn matthews_corrcoef (range -1 to 1); GUE tables print values such as 69.37, so values are MCC x100 (arXiv 2306.15006 Table 6)"
gue-result-dnabert-2-transcription-factor-prediction-mouse-4-mcc,attributes.unit_detail,,printed x100,"DNABERT-2 train.py computes sklearn matthews_corrcoef (range -1 to 1); GUE tables print values such as 69.37, so values are MCC x100 (arXiv 2306.15006 Table 6)"
gue-result-dnabert-3-mer-core-promoter-detection-all-mcc,attributes.unit,percent,unitless,"DNABERT-2 train.py computes sklearn matthews_corrcoef (range -1 to 1); GUE tables print values such as 69.37, so values are MCC x100 (arXiv 2306.15006 Table 6)"
gue-result-dnabert-3-mer-core-promoter-detection-all-mcc,attributes.unit_detail,,printed x100,"DNABERT-2 train.py computes sklearn matthews_corrcoef (range -1 to 1); GUE tables print values such as 69.37, so values are MCC x100 (arXiv 2306.15006 Table 6)"
gue-result-dnabert-3-mer-core-promoter-detection-notata-mcc,attributes.unit,percent,unitless,"DNABERT-2 train.py computes sklearn matthews_corrcoef (range -1 to 1); GUE tables print values such as 69.37, so values are MCC x100 (arXiv 2306.15006 Table 6)"
gue-result-dnabert-3-mer-core-promoter-detection-notata-mcc,attributes.unit_detail,,printed x100,"DNABERT-2 train.py computes sklearn matthews_corrcoef (range -1 to 1); GUE tables print values such as 69.37, so values are MCC x100 (arXiv 2306.15006 Table 6)"
gue-result-dnabert-3-mer-core-promoter-detection-tata-mcc,attributes.unit,percent,unitless,"DNABERT-2 train.py computes sklearn matthews_corrcoef (range -1 to 1); GUE tables print values such as 69.37, so values are MCC x100 (arXiv 2306.15006 Table 6)"
gue-result-dnabert-3-mer-core-promoter-detection-tata-mcc,attributes.unit_detail,,printed x100,"DNABERT-2 train.py computes sklearn matthews_corrcoef (range -1 to 1); GUE tables print values such as 69.37, so values are MCC x100 (arXiv 2306.15006 Table 6)"
gue-result-dnabert-3-mer-epigenetic-marks-prediction-h3-mcc,attributes.unit,percent,unitless,"DNABERT-2 train.py computes sklearn matthews_corrcoef (range -1 to 1); GUE tables print values such as 69.37, so values are MCC x100 (arXiv 2306.15006 Table 6)"
gue-result-dnabert-3-mer-epigenetic-marks-prediction-h3-mcc,attributes.unit_detail,,printed x100,"DNABERT-2 train.py computes sklearn matthews_corrcoef (range -1 to 1); GUE tables print values such as 69.37, so values are MCC x100 (arXiv 2306.15006 Table 6)"
gue-result-dnabert-3-mer-epigenetic-marks-prediction-h3k14ac-mcc,attributes.unit,percent,unitless,"DNABERT-2 train.py computes sklearn matthews_corrcoef (range -1 to 1); GUE tables print values such as 69.37, so values are MCC x100 (arXiv 2306.15006 Table 6)"
gue-result-dnabert-3-mer-epigenetic-marks-prediction-h3k14ac-mcc,attributes.unit_detail,,printed x100,"DNABERT-2 train.py computes sklearn matthews_corrcoef (range -1 to 1); GUE tables print values such as 69.37, so values are MCC x100 (arXiv 2306.15006 Table 6)"
gue-result-dnabert-3-mer-epigenetic-marks-prediction-h3k36me3-mcc,attributes.unit,percent,unitless,"DNABERT-2 train.py computes sklearn matthews_corrcoef (range -1 to 1); GUE tables print values such as 69.37, so values are MCC x100 (arXiv 2306.15006 Table 6)"
gue-result-dnabert-3-mer-epigenetic-marks-prediction-h3k36me3-mcc,attributes.unit_detail,,printed x100,"DNABERT-2 train.py computes sklearn matthews_corrcoef (range -1 to 1); GUE tables print values such as 69.37, so values are MCC x100 (arXiv 2306.15006 Table 6)"
gue-result-dnabert-3-mer-epigenetic-marks-prediction-h3k4me1-mcc,attributes.unit,percent,unitless,"DNABERT-2 train.py computes sklearn matthews_corrcoef (range -1 to 1); GUE tables print values such as 69.37, so values are MCC x100 (arXiv 2306.15006 Table 6)"
gue-result-dnabert-3-mer-epigenetic-marks-prediction-h3k4me1-mcc,attributes.unit_detail,,printed x100,"DNABERT-2 train.py computes sklearn matthews_corrcoef (range -1 to 1); GUE tables print values such as 69.37, so values are MCC x100 (arXiv 2306.15006 Table 6)"
gue-result-dnabert-3-mer-epigenetic-marks-prediction-h3k4me2-mcc,attributes.unit,percent,unitless,"DNABERT-2 train.py computes sklearn matthews_corrcoef (range -1 to 1); GUE tables print values such as 69.37, so values are MCC x100 (arXiv 2306.15006 Table 6)"
gue-result-dnabert-3-mer-epigenetic-marks-prediction-h3k4me2-mcc,attributes.unit_detail,,printed x100,"DNABERT-2 train.py computes sklearn matthews_corrcoef (range -1 to 1); GUE tables print values such as 69.37, so values are MCC x100 (arXiv 2306.15006 Table 6)"
gue-result-dnabert-3-mer-epigenetic-marks-prediction-h3k4me3-mcc,attributes.unit,percent,unitless,"DNABERT-2 train.py computes sklearn matthews_corrcoef (range -1 to 1); GUE tables print values such as 69.37, so values are MCC x100 (arXiv 2306.15006 Table 6)"
gue-result-dnabert-3-mer-epigenetic-marks-prediction-h3k4me3-mcc,attributes.unit_detail,,printed x100,"DNABERT-2 train.py computes sklearn matthews_corrcoef (range -1 to 1); GUE tables print values such as 69.37, so values are MCC x100 (arXiv 2306.15006 Table 6)"
gue-result-dnabert-3-mer-epigenetic-marks-prediction-h3k79me3-mcc,attributes.unit,percent,unitless,"DNABERT-2 train.py computes sklearn matthews_corrcoef (range -1 to 1); GUE tables print values such as 69.37, so values are MCC x100 (arXiv 2306.15006 Table 6)"
gue-result-dnabert-3-mer-epigenetic-marks-prediction-h3k79me3-mcc,attributes.unit_detail,,printed x100,"DNABERT-2 train.py computes sklearn matthews_corrcoef (range -1 to 1); GUE tables print values such as 69.37, so values are MCC x100 (arXiv 2306.15006 Table 6)"
gue-result-dnabert-3-mer-epigenetic-marks-prediction-h3k9ac-mcc,attributes.unit,percent,unitless,"DNABERT-2 train.py computes sklearn matthews_corrcoef (range -1 to 1); GUE tables print values such as 69.37, so values are MCC x100 (arXiv 2306.15006 Table 6)"
gue-result-dnabert-3-mer-epigenetic-marks-prediction-h3k9ac-mcc,attributes.unit_detail,,printed x100,"DNABERT-2 train.py computes sklearn matthews_corrcoef (range -1 to 1); GUE tables print values such as 69.37, so values are MCC x100 (arXiv 2306.15006 Table 6)"
gue-result-dnabert-3-mer-epigenetic-marks-prediction-h4-mcc,attributes.unit,percent,unitless,"DNABERT-2 train.py computes sklearn matthews_corrcoef (range -1 to 1); GUE tables print values such as 69.37, so values are MCC x100 (arXiv 2306.15006 Table 6)"
gue-result-dnabert-3-mer-epigenetic-marks-prediction-h4-mcc,attributes.unit_detail,,printed x100,"DNABERT-2 train.py computes sklearn matthews_corrcoef (range -1 to 1); GUE tables print values such as 69.37, so values are MCC x100 (arXiv 2306.15006 Table 6)"
gue-result-dnabert-3-mer-epigenetic-marks-prediction-h4ac-mcc,attributes.unit,percent,unitless,"DNABERT-2 train.py computes sklearn matthews_corrcoef (range -1 to 1); GUE tables print values such as 69.37, so values are MCC x100 (arXiv 2306.15006 Table 6)"
gue-result-dnabert-3-mer-epigenetic-marks-prediction-h4ac-mcc,attributes.unit_detail,,printed x100,"DNABERT-2 train.py computes sklearn matthews_corrcoef (range -1 to 1); GUE tables print values such as 69.37, so values are MCC x100 (arXiv 2306.15006 Table 6)"
gue-result-dnabert-3-mer-promoter-detection-all-mcc,attributes.unit,percent,unitless,"DNABERT-2 train.py computes sklearn matthews_corrcoef (range -1 to 1); GUE tables print values such as 69.37, so values are MCC x100 (arXiv 2306.15006 Table 6)"
gue-result-dnabert-3-mer-promoter-detection-all-mcc,attributes.unit_detail,,printed x100,"DNABERT-2 train.py computes sklearn matthews_corrcoef (range -1 to 1); GUE tables print values such as 69.37, so values are MCC x100 (arXiv 2306.15006 Table 6)"
gue-result-dnabert-3-mer-promoter-detection-notata-mcc,attributes.unit,percent,unitless,"DNABERT-2 train.py computes sklearn matthews_corrcoef (range -1 to 1); GUE tables print values such as 69.37, so values are MCC x100 (arXiv 2306.15006 Table 6)"
gue-result-dnabert-3-mer-promoter-detection-notata-mcc,attributes.unit_detail,,printed x100,"DNABERT-2 train.py computes sklearn matthews_corrcoef (range -1 to 1); GUE tables print values such as 69.37, so values are MCC x100 (arXiv 2306.15006 Table 6)"
gue-result-dnabert-3-mer-promoter-detection-tata-mcc,attributes.unit,percent,unitless,"DNABERT-2 train.py computes sklearn matthews_corrcoef (range -1 to 1); GUE tables print values such as 69.37, so values are MCC x100 (arXiv 2306.15006 Table 6)"
gue-result-dnabert-3-mer-promoter-detection-tata-mcc,attributes.unit_detail,,printed x100,"DNABERT-2 train.py computes sklearn matthews_corrcoef (range -1 to 1); GUE tables print values such as 69.37, so values are MCC x100 (arXiv 2306.15006 Table 6)"
gue-result-dnabert-3-mer-splice-site-prediction-reconstruct-mcc,attributes.unit,percent,unitless,"DNABERT-2 train.py computes sklearn matthews_corrcoef (range -1 to 1); GUE tables print values such as 69.37, so values are MCC x100 (arXiv 2306.15006 Table 6)"
gue-result-dnabert-3-mer-splice-site-prediction-reconstruct-mcc,attributes.unit_detail,,printed x100,"DNABERT-2 train.py computes sklearn matthews_corrcoef (range -1 to 1); GUE tables print values such as 69.37, so values are MCC x100 (arXiv 2306.15006 Table 6)"
gue-result-dnabert-3-mer-transcription-factor-prediction-human-0-mcc,attributes.unit,percent,unitless,"DNABERT-2 train.py computes sklearn matthews_corrcoef (range -1 to 1); GUE tables print values such as 69.37, so values are MCC x100 (arXiv 2306.15006 Table 6)"
gue-result-dnabert-3-mer-transcription-factor-prediction-human-0-mcc,attributes.unit_detail,,printed x100,"DNABERT-2 train.py computes sklearn matthews_corrcoef (range -1 to 1); GUE tables print values such as 69.37, so values are MCC x100 (arXiv 2306.15006 Table 6)"
gue-result-dnabert-3-mer-transcription-factor-prediction-human-1-mcc,attributes.unit,percent,unitless,"DNABERT-2 train.py computes sklearn matthews_corrcoef (range -1 to 1); GUE tables print values such as 69.37, so values are MCC x100 (arXiv 2306.15006 Table 6)"
gue-result-dnabert-3-mer-transcription-factor-prediction-human-1-mcc,attributes.unit_detail,,printed x100,"DNABERT-2 train.py computes sklearn matthews_corrcoef (range -1 to 1); GUE tables print values such as 69.37, so values are MCC x100 (arXiv 2306.15006 Table 6)"
gue-result-dnabert-3-mer-transcription-factor-prediction-human-2-mcc,attributes.unit,percent,unitless,"DNABERT-2 train.py computes sklearn matthews_corrcoef (range -1 to 1); GUE tables print values such as 69.37, so values are MCC x100 (arXiv 2306.15006 Table 6)"
gue-result-dnabert-3-mer-transcription-factor-prediction-human-2-mcc,attributes.unit_detail,,printed x100,"DNABERT-2 train.py computes sklearn matthews_corrcoef (range -1 to 1); GUE tables print values such as 69.37, so values are MCC x100 (arXiv 2306.15006 Table 6)"
gue-result-dnabert-3-mer-transcription-factor-prediction-human-3-mcc,attributes.unit,percent,unitless,"DNABERT-2 train.py computes sklearn matthews_corrcoef (range -1 to 1); GUE tables print values such as 69.37, so values are MCC x100 (arXiv 2306.15006 Table 6)"
gue-result-dnabert-3-mer-transcription-factor-prediction-human-3-mcc,attributes.unit_detail,,printed x100,"DNABERT-2 train.py computes sklearn matthews_corrcoef (range -1 to 1); GUE tables print values such as 69.37, so values are MCC x100 (arXiv 2306.15006 Table 6)"
gue-result-dnabert-3-mer-transcription-factor-prediction-human-4-mcc,attributes.unit,percent,unitless,"DNABERT-2 train.py computes sklearn matthews_corrcoef (range -1 to 1); GUE tables print values such as 69.37, so values are MCC x100 (arXiv 2306.15006 Table 6)"
gue-result-dnabert-3-mer-transcription-factor-prediction-human-4-mcc,attributes.unit_detail,,printed x100,"DNABERT-2 train.py computes sklearn matthews_corrcoef (range -1 to 1); GUE tables print values such as 69.37, so values are MCC x100 (arXiv 2306.15006 Table 6)"
gue-result-dnabert-3-mer-transcription-factor-prediction-mouse-0-mcc,attributes.unit,percent,unitless,"DNABERT-2 train.py computes sklearn matthews_corrcoef (range -1 to 1); GUE tables print values such as 69.37, so values are MCC x100 (arXiv 2306.15006 Table 6)"
gue-result-dnabert-3-mer-transcription-factor-prediction-mouse-0-mcc,attributes.unit_detail,,printed x100,"DNABERT-2 train.py computes sklearn matthews_corrcoef (range -1 to 1); GUE tables print values such as 69.37, so values are MCC x100 (arXiv 2306.15006 Table 6)"
gue-result-dnabert-3-mer-transcription-factor-prediction-mouse-1-mcc,attributes.unit,percent,unitless,"DNABERT-2 train.py computes sklearn matthews_corrcoef (range -1 to 1); GUE tables print values such as 69.37, so values are MCC x100 (arXiv 2306.15006 Table 6)"
gue-result-dnabert-3-mer-transcription-factor-prediction-mouse-1-mcc,attributes.unit_detail,,printed x100,"DNABERT-2 train.py computes sklearn matthews_corrcoef (range -1 to 1); GUE tables print values such as 69.37, so values are MCC x100 (arXiv 2306.15006 Table 6)"
gue-result-dnabert-3-mer-transcription-factor-prediction-mouse-2-mcc,attributes.unit,percent,unitless,"DNABERT-2 train.py computes sklearn matthews_corrcoef (range -1 to 1); GUE tables print values such as 69.37, so values are MCC x100 (arXiv 2306.15006 Table 6)"
gue-result-dnabert-3-mer-transcription-factor-prediction-mouse-2-mcc,attributes.unit_detail,,printed x100,"DNABERT-2 train.py computes sklearn matthews_corrcoef (range -1 to 1); GUE tables print values such as 69.37, so values are MCC x100 (arXiv 2306.15006 Table 6)"
gue-result-dnabert-3-mer-transcription-factor-prediction-mouse-3-mcc,attributes.unit,percent,unitless,"DNABERT-2 train.py computes sklearn matthews_corrcoef (range -1 to 1); GUE tables print values such as 69.37, so values are MCC x100 (arXiv 2306.15006 Table 6)"
gue-result-dnabert-3-mer-transcription-factor-prediction-mouse-3-mcc,attributes.unit_detail,,printed x100,"DNABERT-2 train.py computes sklearn matthews_corrcoef (range -1 to 1); GUE tables print values such as 69.37, so values are MCC x100 (arXiv 2306.15006 Table 6)"
gue-result-dnabert-3-mer-transcription-factor-prediction-mouse-4-mcc,attributes.unit,percent,unitless,"DNABERT-2 train.py computes sklearn matthews_corrcoef (range -1 to 1); GUE tables print values such as 69.37, so values are MCC x100 (arXiv 2306.15006 Table 6)"
gue-result-dnabert-3-mer-transcription-factor-prediction-mouse-4-mcc,attributes.unit_detail,,printed x100,"DNABERT-2 train.py computes sklearn matthews_corrcoef (range -1 to 1); GUE tables print values such as 69.37, so values are MCC x100 (arXiv 2306.15006 Table 6)"
gue-result-dnabert-4-mer-core-promoter-detection-all-mcc,attributes.unit,percent,unitless,"DNABERT-2 train.py computes sklearn matthews_corrcoef (range -1 to 1); GUE tables print values such as 69.37, so values are MCC x100 (arXiv 2306.15006 Table 6)"
gue-result-dnabert-4-mer-core-promoter-detection-all-mcc,attributes.unit_detail,,printed x100,"DNABERT-2 train.py computes sklearn matthews_corrcoef (range -1 to 1); GUE tables print values such as 69.37, so values are MCC x100 (arXiv 2306.15006 Table 6)"
gue-result-dnabert-4-mer-core-promoter-detection-notata-mcc,attributes.unit,percent,unitless,"DNABERT-2 train.py computes sklearn matthews_corrcoef (range -1 to 1); GUE tables print values such as 69.37, so values are MCC x100 (arXiv 2306.15006 Table 6)"
gue-result-dnabert-4-mer-core-promoter-detection-notata-mcc,attributes.unit_detail,,printed x100,"DNABERT-2 train.py computes sklearn matthews_corrcoef (range -1 to 1); GUE tables print values such as 69.37, so values are MCC x100 (arXiv 2306.15006 Table 6)"
gue-result-dnabert-4-mer-core-promoter-detection-tata-mcc,attributes.unit,percent,unitless,"DNABERT-2 train.py computes sklearn matthews_corrcoef (range -1 to 1); GUE tables print values such as 69.37, so values are MCC x100 (arXiv 2306.15006 Table 6)"
gue-result-dnabert-4-mer-core-promoter-detection-tata-mcc,attributes.unit_detail,,printed x100,"DNABERT-2 train.py computes sklearn matthews_corrcoef (range -1 to 1); GUE tables print values such as 69.37, so values are MCC x100 (arXiv 2306.15006 Table 6)"
gue-result-dnabert-4-mer-epigenetic-marks-prediction-h3-mcc,attributes.unit,percent,unitless,"DNABERT-2 train.py computes sklearn matthews_corrcoef (range -1 to 1); GUE tables print values such as 69.37, so values are MCC x100 (arXiv 2306.15006 Table 6)"
gue-result-dnabert-4-mer-epigenetic-marks-prediction-h3-mcc,attributes.unit_detail,,printed x100,"DNABERT-2 train.py computes sklearn matthews_corrcoef (range -1 to 1); GUE tables print values such as 69.37, so values are MCC x100 (arXiv 2306.15006 Table 6)"
gue-result-dnabert-4-mer-epigenetic-marks-prediction-h3k14ac-mcc,attributes.unit,percent,unitless,"DNABERT-2 train.py computes sklearn matthews_corrcoef (range -1 to 1); GUE tables print values such as 69.37, so values are MCC x100 (arXiv 2306.15006 Table 6)"
gue-result-dnabert-4-mer-epigenetic-marks-prediction-h3k14ac-mcc,attributes.unit_detail,,printed x100,"DNABERT-2 train.py computes sklearn matthews_corrcoef (range -1 to 1); GUE tables print values such as 69.37, so values are MCC x100 (arXiv 2306.15006 Table 6)"
gue-result-dnabert-4-mer-epigenetic-marks-prediction-h3k36me3-mcc,attributes.unit,percent,unitless,"DNABERT-2 train.py computes sklearn matthews_corrcoef (range -1 to 1); GUE tables print values such as 69.37, so values are MCC x100 (arXiv 2306.15006 Table 6)"
gue-result-dnabert-4-mer-epigenetic-marks-prediction-h3k36me3-mcc,attributes.unit_detail,,printed x100,"DNABERT-2 train.py computes sklearn matthews_corrcoef (range -1 to 1); GUE tables print values such as 69.37, so values are MCC x100 (arXiv 2306.15006 Table 6)"
gue-result-dnabert-4-mer-epigenetic-marks-prediction-h3k4me1-mcc,attributes.unit,percent,unitless,"DNABERT-2 train.py computes sklearn matthews_corrcoef (range -1 to 1); GUE tables print values such as 69.37, so values are MCC x100 (arXiv 2306.15006 Table 6)"
gue-result-dnabert-4-mer-epigenetic-marks-prediction-h3k4me1-mcc,attributes.unit_detail,,printed x100,"DNABERT-2 train.py computes sklearn matthews_corrcoef (range -1 to 1); GUE tables print values such as 69.37, so values are MCC x100 (arXiv 2306.15006 Table 6)"
gue-result-dnabert-4-mer-epigenetic-marks-prediction-h3k4me2-mcc,attributes.unit,percent,unitless,"DNABERT-2 train.py computes sklearn matthews_corrcoef (range -1 to 1); GUE tables print values such as 69.37, so values are MCC x100 (arXiv 2306.15006 Table 6)"
gue-result-dnabert-4-mer-epigenetic-marks-prediction-h3k4me2-mcc,attributes.unit_detail,,printed x100,"DNABERT-2 train.py computes sklearn matthews_corrcoef (range -1 to 1); GUE tables print values such as 69.37, so values are MCC x100 (arXiv 2306.15006 Table 6)"
gue-result-dnabert-4-mer-epigenetic-marks-prediction-h3k4me3-mcc,attributes.unit,percent,unitless,"DNABERT-2 train.py computes sklearn matthews_corrcoef (range -1 to 1); GUE tables print values such as 69.37, so values are MCC x100 (arXiv 2306.15006 Table 6)"
gue-result-dnabert-4-mer-epigenetic-marks-prediction-h3k4me3-mcc,attributes.unit_detail,,printed x100,"DNABERT-2 train.py computes sklearn matthews_corrcoef (range -1 to 1); GUE tables print values such as 69.37, so values are MCC x100 (arXiv 2306.15006 Table 6)"
gue-result-dnabert-4-mer-epigenetic-marks-prediction-h3k79me3-mcc,attributes.unit,percent,unitless,"DNABERT-2 train.py computes sklearn matthews_corrcoef (range -1 to 1); GUE tables print values such as 69.37, so values are MCC x100 (arXiv 2306.15006 Table 6)"
gue-result-dnabert-4-mer-epigenetic-marks-prediction-h3k79me3-mcc,attributes.unit_detail,,printed x100,"DNABERT-2 train.py computes sklearn matthews_corrcoef (range -1 to 1); GUE tables print values such as 69.37, so values are MCC x100 (arXiv 2306.15006 Table 6)"
gue-result-dnabert-4-mer-epigenetic-marks-prediction-h3k9ac-mcc,attributes.unit,percent,unitless,"DNABERT-2 train.py computes sklearn matthews_corrcoef (range -1 to 1); GUE tables print values such as 69.37, so values are MCC x100 (arXiv 2306.15006 Table 6)"
gue-result-dnabert-4-mer-epigenetic-marks-prediction-h3k9ac-mcc,attributes.unit_detail,,printed x100,"DNABERT-2 train.py computes sklearn matthews_corrcoef (range -1 to 1); GUE tables print values such as 69.37, so values are MCC x100 (arXiv 2306.15006 Table 6)"
gue-result-dnabert-4-mer-epigenetic-marks-prediction-h4-mcc,attributes.unit,percent,unitless,"DNABERT-2 train.py computes sklearn matthews_corrcoef (range -1 to 1); GUE tables print values such as 69.37, so values are MCC x100 (arXiv 2306.15006 Table 6)"
gue-result-dnabert-4-mer-epigenetic-marks-prediction-h4-mcc,attributes.unit_detail,,printed x100,"DNABERT-2 train.py computes sklearn matthews_corrcoef (range -1 to 1); GUE tables print values such as 69.37, so values are MCC x100 (arXiv 2306.15006 Table 6)"
gue-result-dnabert-4-mer-epigenetic-marks-prediction-h4ac-mcc,attributes.unit,percent,unitless,"DNABERT-2 train.py computes sklearn matthews_corrcoef (range -1 to 1); GUE tables print values such as 69.37, so values are MCC x100 (arXiv 2306.15006 Table 6)"
gue-result-dnabert-4-mer-epigenetic-marks-prediction-h4ac-mcc,attributes.unit_detail,,printed x100,"DNABERT-2 train.py computes sklearn matthews_corrcoef (range -1 to 1); GUE tables print values such as 69.37, so values are MCC x100 (arXiv 2306.15006 Table 6)"
gue-result-dnabert-4-mer-promoter-detection-all-mcc,attributes.unit,percent,unitless,"DNABERT-2 train.py computes sklearn matthews_corrcoef (range -1 to 1); GUE tables print values such as 69.37, so values are MCC x100 (arXiv 2306.15006 Table 6)"
gue-result-dnabert-4-mer-promoter-detection-all-mcc,attributes.unit_detail,,printed x100,"DNABERT-2 train.py computes sklearn matthews_corrcoef (range -1 to 1); GUE tables print values such as 69.37, so values are MCC x100 (arXiv 2306.15006 Table 6)"
gue-result-dnabert-4-mer-promoter-detection-notata-mcc,attributes.unit,percent,unitless,"DNABERT-2 train.py computes sklearn matthews_corrcoef (range -1 to 1); GUE tables print values such as 69.37, so values are MCC x100 (arXiv 2306.15006 Table 6)"
gue-result-dnabert-4-mer-promoter-detection-notata-mcc,attributes.unit_detail,,printed x100,"DNABERT-2 train.py computes sklearn matthews_corrcoef (range -1 to 1); GUE tables print values such as 69.37, so values are MCC x100 (arXiv 2306.15006 Table 6)"
gue-result-dnabert-4-mer-promoter-detection-tata-mcc,attributes.unit,percent,unitless,"DNABERT-2 train.py computes sklearn matthews_corrcoef (range -1 to 1); GUE tables print values such as 69.37, so values are MCC x100 (arXiv 2306.15006 Table 6)"
gue-result-dnabert-4-mer-promoter-detection-tata-mcc,attributes.unit_detail,,printed x100,"DNABERT-2 train.py computes sklearn matthews_corrcoef (range -1 to 1); GUE tables print values such as 69.37, so values are MCC x100 (arXiv 2306.15006 Table 6)"
gue-result-dnabert-4-mer-splice-site-prediction-reconstruct-mcc,attributes.unit,percent,unitless,"DNABERT-2 train.py computes sklearn matthews_corrcoef (range -1 to 1); GUE tables print values such as 69.37, so values are MCC x100 (arXiv 2306.15006 Table 6)"
gue-result-dnabert-4-mer-splice-site-prediction-reconstruct-mcc,attributes.unit_detail,,printed x100,"DNABERT-2 train.py computes sklearn matthews_corrcoef (range -1 to 1); GUE tables print values such as 69.37, so values are MCC x100 (arXiv 2306.15006 Table 6)"
gue-result-dnabert-4-mer-transcription-factor-prediction-human-0-mcc,attributes.unit,percent,unitless,"DNABERT-2 train.py computes sklearn matthews_corrcoef (range -1 to 1); GUE tables print values such as 69.37, so values are MCC x100 (arXiv 2306.15006 Table 6)"
gue-result-dnabert-4-mer-transcription-factor-prediction-human-0-mcc,attributes.unit_detail,,printed x100,"DNABERT-2 train.py computes sklearn matthews_corrcoef (range -1 to 1); GUE tables print values such as 69.37, so values are MCC x100 (arXiv 2306.15006 Table 6)"
gue-result-dnabert-4-mer-transcription-factor-prediction-human-1-mcc,attributes.unit,percent,unitless,"DNABERT-2 train.py computes sklearn matthews_corrcoef (range -1 to 1); GUE tables print values such as 69.37, so values are MCC x100 (arXiv 2306.15006 Table 6)"
gue-result-dnabert-4-mer-transcription-factor-prediction-human-1-mcc,attributes.unit_detail,,printed x100,"DNABERT-2 train.py computes sklearn matthews_corrcoef (range -1 to 1); GUE tables print values such as 69.37, so values are MCC x100 (arXiv 2306.15006 Table 6)"
gue-result-dnabert-4-mer-transcription-factor-prediction-human-2-mcc,attributes.unit,percent,unitless,"DNABERT-2 train.py computes sklearn matthews_corrcoef (range -1 to 1); GUE tables print values such as 69.37, so values are MCC x100 (arXiv 2306.15006 Table 6)"
gue-result-dnabert-4-mer-transcription-factor-prediction-human-2-mcc,attributes.unit_detail,,printed x100,"DNABERT-2 train.py computes sklearn matthews_corrcoef (range -1 to 1); GUE tables print values such as 69.37, so values are MCC x100 (arXiv 2306.15006 Table 6)"
gue-result-dnabert-4-mer-transcription-factor-prediction-human-3-mcc,attributes.unit,percent,unitless,"DNABERT-2 train.py computes sklearn matthews_corrcoef (range -1 to 1); GUE tables print values such as 69.37, so values are MCC x100 (arXiv 2306.15006 Table 6)"
gue-result-dnabert-4-mer-transcription-factor-prediction-human-3-mcc,attributes.unit_detail,,printed x100,"DNABERT-2 train.py computes sklearn matthews_corrcoef (range -1 to 1); GUE tables print values such as 69.37, so values are MCC x100 (arXiv 2306.15006 Table 6)"
gue-result-dnabert-4-mer-transcription-factor-prediction-human-4-mcc,attributes.unit,percent,unitless,"DNABERT-2 train.py computes sklearn matthews_corrcoef (range -1 to 1); GUE tables print values such as 69.37, so values are MCC x100 (arXiv 2306.15006 Table 6)"
gue-result-dnabert-4-mer-transcription-factor-prediction-human-4-mcc,attributes.unit_detail,,printed x100,"DNABERT-2 train.py computes sklearn matthews_corrcoef (range -1 to 1); GUE tables print values such as 69.37, so values are MCC x100 (arXiv 2306.15006 Table 6)"
gue-result-dnabert-4-mer-transcription-factor-prediction-mouse-0-mcc,attributes.unit,percent,unitless,"DNABERT-2 train.py computes sklearn matthews_corrcoef (range -1 to 1); GUE tables print values such as 69.37, so values are MCC x100 (arXiv 2306.15006 Table 6)"
gue-result-dnabert-4-mer-transcription-factor-prediction-mouse-0-mcc,attributes.unit_detail,,printed x100,"DNABERT-2 train.py computes sklearn matthews_corrcoef (range -1 to 1); GUE tables print values such as 69.37, so values are MCC x100 (arXiv 2306.15006 Table 6)"
gue-result-dnabert-4-mer-transcription-factor-prediction-mouse-1-mcc,attributes.unit,percent,unitless,"DNABERT-2 train.py computes sklearn matthews_corrcoef (range -1 to 1); GUE tables print values such as 69.37, so values are MCC x100 (arXiv 2306.15006 Table 6)"
gue-result-dnabert-4-mer-transcription-factor-prediction-mouse-1-mcc,attributes.unit_detail,,printed x100,"DNABERT-2 train.py computes sklearn matthews_corrcoef (range -1 to 1); GUE tables print values such as 69.37, so values are MCC x100 (arXiv 2306.15006 Table 6)"
gue-result-dnabert-4-mer-transcription-factor-prediction-mouse-2-mcc,attributes.unit,percent,unitless,"DNABERT-2 train.py computes sklearn matthews_corrcoef (range -1 to 1); GUE tables print values such as 69.37, so values are MCC x100 (arXiv 2306.15006 Table 6)"
gue-result-dnabert-4-mer-transcription-factor-prediction-mouse-2-mcc,attributes.unit_detail,,printed x100,"DNABERT-2 train.py computes sklearn matthews_corrcoef (range -1 to 1); GUE tables print values such as 69.37, so values are MCC x100 (arXiv 2306.15006 Table 6)"
gue-result-dnabert-4-mer-transcription-factor-prediction-mouse-3-mcc,attributes.unit,percent,unitless,"DNABERT-2 train.py computes sklearn matthews_corrcoef (range -1 to 1); GUE tables print values such as 69.37, so values are MCC x100 (arXiv 2306.15006 Table 6)"
gue-result-dnabert-4-mer-transcription-factor-prediction-mouse-3-mcc,attributes.unit_detail,,printed x100,"DNABERT-2 train.py computes sklearn matthews_corrcoef (range -1 to 1); GUE tables print values such as 69.37, so values are MCC x100 (arXiv 2306.15006 Table 6)"
gue-result-dnabert-4-mer-transcription-factor-prediction-mouse-4-mcc,attributes.unit,percent,unitless,"DNABERT-2 train.py computes sklearn matthews_corrcoef (range -1 to 1); GUE tables print values such as 69.37, so values are MCC x100 (arXiv 2306.15006 Table 6)"
gue-result-dnabert-4-mer-transcription-factor-prediction-mouse-4-mcc,attributes.unit_detail,,printed x100,"DNABERT-2 train.py computes sklearn matthews_corrcoef (range -1 to 1); GUE tables print values such as 69.37, so values are MCC x100 (arXiv 2306.15006 Table 6)"
gue-result-dnabert-5-mer-core-promoter-detection-all-mcc,attributes.unit,percent,unitless,"DNABERT-2 train.py computes sklearn matthews_corrcoef (range -1 to 1); GUE tables print values such as 69.37, so values are MCC x100 (arXiv 2306.15006 Table 6)"
gue-result-dnabert-5-mer-core-promoter-detection-all-mcc,attributes.unit_detail,,printed x100,"DNABERT-2 train.py computes sklearn matthews_corrcoef (range -1 to 1); GUE tables print values such as 69.37, so values are MCC x100 (arXiv 2306.15006 Table 6)"
gue-result-dnabert-5-mer-core-promoter-detection-notata-mcc,attributes.unit,percent,unitless,"DNABERT-2 train.py computes sklearn matthews_corrcoef (range -1 to 1); GUE tables print values such as 69.37, so values are MCC x100 (arXiv 2306.15006 Table 6)"
gue-result-dnabert-5-mer-core-promoter-detection-notata-mcc,attributes.unit_detail,,printed x100,"DNABERT-2 train.py computes sklearn matthews_corrcoef (range -1 to 1); GUE tables print values such as 69.37, so values are MCC x100 (arXiv 2306.15006 Table 6)"
gue-result-dnabert-5-mer-core-promoter-detection-tata-mcc,attributes.unit,percent,unitless,"DNABERT-2 train.py computes sklearn matthews_corrcoef (range -1 to 1); GUE tables print values such as 69.37, so values are MCC x100 (arXiv 2306.15006 Table 6)"
gue-result-dnabert-5-mer-core-promoter-detection-tata-mcc,attributes.unit_detail,,printed x100,"DNABERT-2 train.py computes sklearn matthews_corrcoef (range -1 to 1); GUE tables print values such as 69.37, so values are MCC x100 (arXiv 2306.15006 Table 6)"
gue-result-dnabert-5-mer-epigenetic-marks-prediction-h3-mcc,attributes.unit,percent,unitless,"DNABERT-2 train.py computes sklearn matthews_corrcoef (range -1 to 1); GUE tables print values such as 69.37, so values are MCC x100 (arXiv 2306.15006 Table 6)"
gue-result-dnabert-5-mer-epigenetic-marks-prediction-h3-mcc,attributes.unit_detail,,printed x100,"DNABERT-2 train.py computes sklearn matthews_corrcoef (range -1 to 1); GUE tables print values such as 69.37, so values are MCC x100 (arXiv 2306.15006 Table 6)"
gue-result-dnabert-5-mer-epigenetic-marks-prediction-h3k14ac-mcc,attributes.unit,percent,unitless,"DNABERT-2 train.py computes sklearn matthews_corrcoef (range -1 to 1); GUE tables print values such as 69.37, so values are MCC x100 (arXiv 2306.15006 Table 6)"
gue-result-dnabert-5-mer-epigenetic-marks-prediction-h3k14ac-mcc,attributes.unit_detail,,printed x100,"DNABERT-2 train.py computes sklearn matthews_corrcoef (range -1 to 1); GUE tables print values such as 69.37, so values are MCC x100 (arXiv 2306.15006 Table 6)"
gue-result-dnabert-5-mer-epigenetic-marks-prediction-h3k36me3-mcc,attributes.unit,percent,unitless,"DNABERT-2 train.py computes sklearn matthews_corrcoef (range -1 to 1); GUE tables print values such as 69.37, so values are MCC x100 (arXiv 2306.15006 Table 6)"
gue-result-dnabert-5-mer-epigenetic-marks-prediction-h3k36me3-mcc,attributes.unit_detail,,printed x100,"DNABERT-2 train.py computes sklearn matthews_corrcoef (range -1 to 1); GUE tables print values such as 69.37, so values are MCC x100 (arXiv 2306.15006 Table 6)"
gue-result-dnabert-5-mer-epigenetic-marks-prediction-h3k4me1-mcc,attributes.unit,percent,unitless,"DNABERT-2 train.py computes sklearn matthews_corrcoef (range -1 to 1); GUE tables print values such as 69.37, so values are MCC x100 (arXiv 2306.15006 Table 6)"
gue-result-dnabert-5-mer-epigenetic-marks-prediction-h3k4me1-mcc,attributes.unit_detail,,printed x100,"DNABERT-2 train.py computes sklearn matthews_corrcoef (range -1 to 1); GUE tables print values such as 69.37, so values are MCC x100 (arXiv 2306.15006 Table 6)"
gue-result-dnabert-5-mer-epigenetic-marks-prediction-h3k4me2-mcc,attributes.unit,percent,unitless,"DNABERT-2 train.py computes sklearn matthews_corrcoef (range -1 to 1); GUE tables print values such as 69.37, so values are MCC x100 (arXiv 2306.15006 Table 6)"
gue-result-dnabert-5-mer-epigenetic-marks-prediction-h3k4me2-mcc,attributes.unit_detail,,printed x100,"DNABERT-2 train.py computes sklearn matthews_corrcoef (range -1 to 1); GUE tables print values such as 69.37, so values are MCC x100 (arXiv 2306.15006 Table 6)"
gue-result-dnabert-5-mer-epigenetic-marks-prediction-h3k4me3-mcc,attributes.unit,percent,unitless,"DNABERT-2 train.py computes sklearn matthews_corrcoef (range -1 to 1); GUE tables print values such as 69.37, so values are MCC x100 (arXiv 2306.15006 Table 6)"
gue-result-dnabert-5-mer-epigenetic-marks-prediction-h3k4me3-mcc,attributes.unit_detail,,printed x100,"DNABERT-2 train.py computes sklearn matthews_corrcoef (range -1 to 1); GUE tables print values such as 69.37, so values are MCC x100 (arXiv 2306.15006 Table 6)"
gue-result-dnabert-5-mer-epigenetic-marks-prediction-h3k79me3-mcc,attributes.unit,percent,unitless,"DNABERT-2 train.py computes sklearn matthews_corrcoef (range -1 to 1); GUE tables print values such as 69.37, so values are MCC x100 (arXiv 2306.15006 Table 6)"
gue-result-dnabert-5-mer-epigenetic-marks-prediction-h3k79me3-mcc,attributes.unit_detail,,printed x100,"DNABERT-2 train.py computes sklearn matthews_corrcoef (range -1 to 1); GUE tables print values such as 69.37, so values are MCC x100 (arXiv 2306.15006 Table 6)"
gue-result-dnabert-5-mer-epigenetic-marks-prediction-h3k9ac-mcc,attributes.unit,percent,unitless,"DNABERT-2 train.py computes sklearn matthews_corrcoef (range -1 to 1); GUE tables print values such as 69.37, so values are MCC x100 (arXiv 2306.15006 Table 6)"
gue-result-dnabert-5-mer-epigenetic-marks-prediction-h3k9ac-mcc,attributes.unit_detail,,printed x100,"DNABERT-2 train.py computes sklearn matthews_corrcoef (range -1 to 1); GUE tables print values such as 69.37, so values are MCC x100 (arXiv 2306.15006 Table 6)"
gue-result-dnabert-5-mer-epigenetic-marks-prediction-h4-mcc,attributes.unit,percent,unitless,"DNABERT-2 train.py computes sklearn matthews_corrcoef (range -1 to 1); GUE tables print values such as 69.37, so values are MCC x100 (arXiv 2306.15006 Table 6)"
gue-result-dnabert-5-mer-epigenetic-marks-prediction-h4-mcc,attributes.unit_detail,,printed x100,"DNABERT-2 train.py computes sklearn matthews_corrcoef (range -1 to 1); GUE tables print values such as 69.37, so values are MCC x100 (arXiv 2306.15006 Table 6)"
gue-result-dnabert-5-mer-epigenetic-marks-prediction-h4ac-mcc,attributes.unit,percent,unitless,"DNABERT-2 train.py computes sklearn matthews_corrcoef (range -1 to 1); GUE tables print values such as 69.37, so values are MCC x100 (arXiv 2306.15006 Table 6)"
gue-result-dnabert-5-mer-epigenetic-marks-prediction-h4ac-mcc,attributes.unit_detail,,printed x100,"DNABERT-2 train.py computes sklearn matthews_corrcoef (range -1 to 1); GUE tables print values such as 69.37, so values are MCC x100 (arXiv 2306.15006 Table 6)"
gue-result-dnabert-5-mer-promoter-detection-all-mcc,attributes.unit,percent,unitless,"DNABERT-2 train.py computes sklearn matthews_corrcoef (range -1 to 1); GUE tables print values such as 69.37, so values are MCC x100 (arXiv 2306.15006 Table 6)"
gue-result-dnabert-5-mer-promoter-detection-all-mcc,attributes.unit_detail,,printed x100,"DNABERT-2 train.py computes sklearn matthews_corrcoef (range -1 to 1); GUE tables print values such as 69.37, so values are MCC x100 (arXiv 2306.15006 Table 6)"
gue-result-dnabert-5-mer-promoter-detection-notata-mcc,attributes.unit,percent,unitless,"DNABERT-2 train.py computes sklearn matthews_corrcoef (range -1 to 1); GUE tables print values such as 69.37, so values are MCC x100 (arXiv 2306.15006 Table 6)"
gue-result-dnabert-5-mer-promoter-detection-notata-mcc,attributes.unit_detail,,printed x100,"DNABERT-2 train.py computes sklearn matthews_corrcoef (range -1 to 1); GUE tables print values such as 69.37, so values are MCC x100 (arXiv 2306.15006 Table 6)"
gue-result-dnabert-5-mer-promoter-detection-tata-mcc,attributes.unit,percent,unitless,"DNABERT-2 train.py computes sklearn matthews_corrcoef (range -1 to 1); GUE tables print values such as 69.37, so values are MCC x100 (arXiv 2306.15006 Table 6)"
gue-result-dnabert-5-mer-promoter-detection-tata-mcc,attributes.unit_detail,,printed x100,"DNABERT-2 train.py computes sklearn matthews_corrcoef (range -1 to 1); GUE tables print values such as 69.37, so values are MCC x100 (arXiv 2306.15006 Table 6)"
gue-result-dnabert-5-mer-splice-site-prediction-reconstruct-mcc,attributes.unit,percent,unitless,"DNABERT-2 train.py computes sklearn matthews_corrcoef (range -1 to 1); GUE tables print values such as 69.37, so values are MCC x100 (arXiv 2306.15006 Table 6)"
gue-result-dnabert-5-mer-splice-site-prediction-reconstruct-mcc,attributes.unit_detail,,printed x100,"DNABERT-2 train.py computes sklearn matthews_corrcoef (range -1 to 1); GUE tables print values such as 69.37, so values are MCC x100 (arXiv 2306.15006 Table 6)"
gue-result-dnabert-5-mer-transcription-factor-prediction-human-0-mcc,attributes.unit,percent,unitless,"DNABERT-2 train.py computes sklearn matthews_corrcoef (range -1 to 1); GUE tables print values such as 69.37, so values are MCC x100 (arXiv 2306.15006 Table 6)"
gue-result-dnabert-5-mer-transcription-factor-prediction-human-0-mcc,attributes.unit_detail,,printed x100,"DNABERT-2 train.py computes sklearn matthews_corrcoef (range -1 to 1); GUE tables print values such as 69.37, so values are MCC x100 (arXiv 2306.15006 Table 6)"
gue-result-dnabert-5-mer-transcription-factor-prediction-human-1-mcc,attributes.unit,percent,unitless,"DNABERT-2 train.py computes sklearn matthews_corrcoef (range -1 to 1); GUE tables print values such as 69.37, so values are MCC x100 (arXiv 2306.15006 Table 6)"
gue-result-dnabert-5-mer-transcription-factor-prediction-human-1-mcc,attributes.unit_detail,,printed x100,"DNABERT-2 train.py computes sklearn matthews_corrcoef (range -1 to 1); GUE tables print values such as 69.37, so values are MCC x100 (arXiv 2306.15006 Table 6)"
gue-result-dnabert-5-mer-transcription-factor-prediction-human-2-mcc,attributes.unit,percent,unitless,"DNABERT-2 train.py computes sklearn matthews_corrcoef (range -1 to 1); GUE tables print values such as 69.37, so values are MCC x100 (arXiv 2306.15006 Table 6)"
gue-result-dnabert-5-mer-transcription-factor-prediction-human-2-mcc,attributes.unit_detail,,printed x100,"DNABERT-2 train.py computes sklearn matthews_corrcoef (range -1 to 1); GUE tables print values such as 69.37, so values are MCC x100 (arXiv 2306.15006 Table 6)"
gue-result-dnabert-5-mer-transcription-factor-prediction-human-3-mcc,attributes.unit,percent,unitless,"DNABERT-2 train.py computes sklearn matthews_corrcoef (range -1 to 1); GUE tables print values such as 69.37, so values are MCC x100 (arXiv 2306.15006 Table 6)"
gue-result-dnabert-5-mer-transcription-factor-prediction-human-3-mcc,attributes.unit_detail,,printed x100,"DNABERT-2 train.py computes sklearn matthews_corrcoef (range -1 to 1); GUE tables print values such as 69.37, so values are MCC x100 (arXiv 2306.15006 Table 6)"
gue-result-dnabert-5-mer-transcription-factor-prediction-human-4-mcc,attributes.unit,percent,unitless,"DNABERT-2 train.py computes sklearn matthews_corrcoef (range -1 to 1); GUE tables print values such as 69.37, so values are MCC x100 (arXiv 2306.15006 Table 6)"
gue-result-dnabert-5-mer-transcription-factor-prediction-human-4-mcc,attributes.unit_detail,,printed x100,"DNABERT-2 train.py computes sklearn matthews_corrcoef (range -1 to 1); GUE tables print values such as 69.37, so values are MCC x100 (arXiv 2306.15006 Table 6)"
gue-result-dnabert-5-mer-transcription-factor-prediction-mouse-0-mcc,attributes.unit,percent,unitless,"DNABERT-2 train.py computes sklearn matthews_corrcoef (range -1 to 1); GUE tables print values such as 69.37, so values are MCC x100 (arXiv 2306.15006 Table 6)"
gue-result-dnabert-5-mer-transcription-factor-prediction-mouse-0-mcc,attributes.unit_detail,,printed x100,"DNABERT-2 train.py computes sklearn matthews_corrcoef (range -1 to 1); GUE tables print values such as 69.37, so values are MCC x100 (arXiv 2306.15006 Table 6)"
gue-result-dnabert-5-mer-transcription-factor-prediction-mouse-1-mcc,attributes.unit,percent,unitless,"DNABERT-2 train.py computes sklearn matthews_corrcoef (range -1 to 1); GUE tables print values such as 69.37, so values are MCC x100 (arXiv 2306.15006 Table 6)"
gue-result-dnabert-5-mer-transcription-factor-prediction-mouse-1-mcc,attributes.unit_detail,,printed x100,"DNABERT-2 train.py computes sklearn matthews_corrcoef (range -1 to 1); GUE tables print values such as 69.37, so values are MCC x100 (arXiv 2306.15006 Table 6)"
gue-result-dnabert-5-mer-transcription-factor-prediction-mouse-2-mcc,attributes.unit,percent,unitless,"DNABERT-2 train.py computes sklearn matthews_corrcoef (range -1 to 1); GUE tables print values such as 69.37, so values are MCC x100 (arXiv 2306.15006 Table 6)"
gue-result-dnabert-5-mer-transcription-factor-prediction-mouse-2-mcc,attributes.unit_detail,,printed x100,"DNABERT-2 train.py computes sklearn matthews_corrcoef (range -1 to 1); GUE tables print values such as 69.37, so values are MCC x100 (arXiv 2306.15006 Table 6)"
gue-result-dnabert-5-mer-transcription-factor-prediction-mouse-3-mcc,attributes.unit,percent,unitless,"DNABERT-2 train.py computes sklearn matthews_corrcoef (range -1 to 1); GUE tables print values such as 69.37, so values are MCC x100 (arXiv 2306.15006 Table 6)"
gue-result-dnabert-5-mer-transcription-factor-prediction-mouse-3-mcc,attributes.unit_detail,,printed x100,"DNABERT-2 train.py computes sklearn matthews_corrcoef (range -1 to 1); GUE tables print values such as 69.37, so values are MCC x100 (arXiv 2306.15006 Table 6)"
gue-result-dnabert-5-mer-transcription-factor-prediction-mouse-4-mcc,attributes.unit,percent,unitless,"DNABERT-2 train.py computes sklearn matthews_corrcoef (range -1 to 1); GUE tables print values such as 69.37, so values are MCC x100 (arXiv 2306.15006 Table 6)"
gue-result-dnabert-5-mer-transcription-factor-prediction-mouse-4-mcc,attributes.unit_detail,,printed x100,"DNABERT-2 train.py computes sklearn matthews_corrcoef (range -1 to 1); GUE tables print values such as 69.37, so values are MCC x100 (arXiv 2306.15006 Table 6)"
gue-result-dnabert-6-mer-core-promoter-detection-all-mcc,attributes.unit,percent,unitless,"DNABERT-2 train.py computes sklearn matthews_corrcoef (range -1 to 1); GUE tables print values such as 69.37, so values are MCC x100 (arXiv 2306.15006 Table 6)"
gue-result-dnabert-6-mer-core-promoter-detection-all-mcc,attributes.unit_detail,,printed x100,"DNABERT-2 train.py computes sklearn matthews_corrcoef (range -1 to 1); GUE tables print values such as 69.37, so values are MCC x100 (arXiv 2306.15006 Table 6)"
gue-result-dnabert-6-mer-core-promoter-detection-notata-mcc,attributes.unit,percent,unitless,"DNABERT-2 train.py computes sklearn matthews_corrcoef (range -1 to 1); GUE tables print values such as 69.37, so values are MCC x100 (arXiv 2306.15006 Table 6)"
gue-result-dnabert-6-mer-core-promoter-detection-notata-mcc,attributes.unit_detail,,printed x100,"DNABERT-2 train.py computes sklearn matthews_corrcoef (range -1 to 1); GUE tables print values such as 69.37, so values are MCC x100 (arXiv 2306.15006 Table 6)"
gue-result-dnabert-6-mer-core-promoter-detection-tata-mcc,attributes.unit,percent,unitless,"DNABERT-2 train.py computes sklearn matthews_corrcoef (range -1 to 1); GUE tables print values such as 69.37, so values are MCC x100 (arXiv 2306.15006 Table 6)"
gue-result-dnabert-6-mer-core-promoter-detection-tata-mcc,attributes.unit_detail,,printed x100,"DNABERT-2 train.py computes sklearn matthews_corrcoef (range -1 to 1); GUE tables print values such as 69.37, so values are MCC x100 (arXiv 2306.15006 Table 6)"
gue-result-dnabert-6-mer-epigenetic-marks-prediction-h3-mcc,attributes.unit,percent,unitless,"DNABERT-2 train.py computes sklearn matthews_corrcoef (range -1 to 1); GUE tables print values such as 69.37, so values are MCC x100 (arXiv 2306.15006 Table 6)"
gue-result-dnabert-6-mer-epigenetic-marks-prediction-h3-mcc,attributes.unit_detail,,printed x100,"DNABERT-2 train.py computes sklearn matthews_corrcoef (range -1 to 1); GUE tables print values such as 69.37, so values are MCC x100 (arXiv 2306.15006 Table 6)"
gue-result-dnabert-6-mer-epigenetic-marks-prediction-h3k14ac-mcc,attributes.unit,percent,unitless,"DNABERT-2 train.py computes sklearn matthews_corrcoef (range -1 to 1); GUE tables print values such as 69.37, so values are MCC x100 (arXiv 2306.15006 Table 6)"
gue-result-dnabert-6-mer-epigenetic-marks-prediction-h3k14ac-mcc,attributes.unit_detail,,printed x100,"DNABERT-2 train.py computes sklearn matthews_corrcoef (range -1 to 1); GUE tables print values such as 69.37, so values are MCC x100 (arXiv 2306.15006 Table 6)"
gue-result-dnabert-6-mer-epigenetic-marks-prediction-h3k36me3-mcc,attributes.unit,percent,unitless,"DNABERT-2 train.py computes sklearn matthews_corrcoef (range -1 to 1); GUE tables print values such as 69.37, so values are MCC x100 (arXiv 2306.15006 Table 6)"
gue-result-dnabert-6-mer-epigenetic-marks-prediction-h3k36me3-mcc,attributes.unit_detail,,printed x100,"DNABERT-2 train.py computes sklearn matthews_corrcoef (range -1 to 1); GUE tables print values such as 69.37, so values are MCC x100 (arXiv 2306.15006 Table 6)"
gue-result-dnabert-6-mer-epigenetic-marks-prediction-h3k4me1-mcc,attributes.unit,percent,unitless,"DNABERT-2 train.py computes sklearn matthews_corrcoef (range -1 to 1); GUE tables print values such as 69.37, so values are MCC x100 (arXiv 2306.15006 Table 6)"
gue-result-dnabert-6-mer-epigenetic-marks-prediction-h3k4me1-mcc,attributes.unit_detail,,printed x100,"DNABERT-2 train.py computes sklearn matthews_corrcoef (range -1 to 1); GUE tables print values such as 69.37, so values are MCC x100 (arXiv 2306.15006 Table 6)"
gue-result-dnabert-6-mer-epigenetic-marks-prediction-h3k4me2-mcc,attributes.unit,percent,unitless,"DNABERT-2 train.py computes sklearn matthews_corrcoef (range -1 to 1); GUE tables print values such as 69.37, so values are MCC x100 (arXiv 2306.15006 Table 6)"
gue-result-dnabert-6-mer-epigenetic-marks-prediction-h3k4me2-mcc,attributes.unit_detail,,printed x100,"DNABERT-2 train.py computes sklearn matthews_corrcoef (range -1 to 1); GUE tables print values such as 69.37, so values are MCC x100 (arXiv 2306.15006 Table 6)"
gue-result-dnabert-6-mer-epigenetic-marks-prediction-h3k4me3-mcc,attributes.unit,percent,unitless,"DNABERT-2 train.py computes sklearn matthews_corrcoef (range -1 to 1); GUE tables print values such as 69.37, so values are MCC x100 (arXiv 2306.15006 Table 6)"
gue-result-dnabert-6-mer-epigenetic-marks-prediction-h3k4me3-mcc,attributes.unit_detail,,printed x100,"DNABERT-2 train.py computes sklearn matthews_corrcoef (range -1 to 1); GUE tables print values such as 69.37, so values are MCC x100 (arXiv 2306.15006 Table 6)"
gue-result-dnabert-6-mer-epigenetic-marks-prediction-h3k79me3-mcc,attributes.unit,percent,unitless,"DNABERT-2 train.py computes sklearn matthews_corrcoef (range -1 to 1); GUE tables print values such as 69.37, so values are MCC x100 (arXiv 2306.15006 Table 6)"
gue-result-dnabert-6-mer-epigenetic-marks-prediction-h3k79me3-mcc,attributes.unit_detail,,printed x100,"DNABERT-2 train.py computes sklearn matthews_corrcoef (range -1 to 1); GUE tables print values such as 69.37, so values are MCC x100 (arXiv 2306.15006 Table 6)"
gue-result-dnabert-6-mer-epigenetic-marks-prediction-h3k9ac-mcc,attributes.unit,percent,unitless,"DNABERT-2 train.py computes sklearn matthews_corrcoef (range -1 to 1); GUE tables print values such as 69.37, so values are MCC x100 (arXiv 2306.15006 Table 6)"
gue-result-dnabert-6-mer-epigenetic-marks-prediction-h3k9ac-mcc,attributes.unit_detail,,printed x100,"DNABERT-2 train.py computes sklearn matthews_corrcoef (range -1 to 1); GUE tables print values such as 69.37, so values are MCC x100 (arXiv 2306.15006 Table 6)"
gue-result-dnabert-6-mer-epigenetic-marks-prediction-h4-mcc,attributes.unit,percent,unitless,"DNABERT-2 train.py computes sklearn matthews_corrcoef (range -1 to 1); GUE tables print values such as 69.37, so values are MCC x100 (arXiv 2306.15006 Table 6)"
gue-result-dnabert-6-mer-epigenetic-marks-prediction-h4-mcc,attributes.unit_detail,,printed x100,"DNABERT-2 train.py computes sklearn matthews_corrcoef (range -1 to 1); GUE tables print values such as 69.37, so values are MCC x100 (arXiv 2306.15006 Table 6)"
gue-result-dnabert-6-mer-epigenetic-marks-prediction-h4ac-mcc,attributes.unit,percent,unitless,"DNABERT-2 train.py computes sklearn matthews_corrcoef (range -1 to 1); GUE tables print values such as 69.37, so values are MCC x100 (arXiv 2306.15006 Table 6)"
gue-result-dnabert-6-mer-epigenetic-marks-prediction-h4ac-mcc,attributes.unit_detail,,printed x100,"DNABERT-2 train.py computes sklearn matthews_corrcoef (range -1 to 1); GUE tables print values such as 69.37, so values are MCC x100 (arXiv 2306.15006 Table 6)"
gue-result-dnabert-6-mer-promoter-detection-all-mcc,attributes.unit,percent,unitless,"DNABERT-2 train.py computes sklearn matthews_corrcoef (range -1 to 1); GUE tables print values such as 69.37, so values are MCC x100 (arXiv 2306.15006 Table 6)"
gue-result-dnabert-6-mer-promoter-detection-all-mcc,attributes.unit_detail,,printed x100,"DNABERT-2 train.py computes sklearn matthews_corrcoef (range -1 to 1); GUE tables print values such as 69.37, so values are MCC x100 (arXiv 2306.15006 Table 6)"
gue-result-dnabert-6-mer-promoter-detection-notata-mcc,attributes.unit,percent,unitless,"DNABERT-2 train.py computes sklearn matthews_corrcoef (range -1 to 1); GUE tables print values such as 69.37, so values are MCC x100 (arXiv 2306.15006 Table 6)"
gue-result-dnabert-6-mer-promoter-detection-notata-mcc,attributes.unit_detail,,printed x100,"DNABERT-2 train.py computes sklearn matthews_corrcoef (range -1 to 1); GUE tables print values such as 69.37, so values are MCC x100 (arXiv 2306.15006 Table 6)"
gue-result-dnabert-6-mer-promoter-detection-tata-mcc,attributes.unit,percent,unitless,"DNABERT-2 train.py computes sklearn matthews_corrcoef (range -1 to 1); GUE tables print values such as 69.37, so values are MCC x100 (arXiv 2306.15006 Table 6)"
gue-result-dnabert-6-mer-promoter-detection-tata-mcc,attributes.unit_detail,,printed x100,"DNABERT-2 train.py computes sklearn matthews_corrcoef (range -1 to 1); GUE tables print values such as 69.37, so values are MCC x100 (arXiv 2306.15006 Table 6)"
gue-result-dnabert-6-mer-splice-site-prediction-reconstruct-mcc,attributes.unit,percent,unitless,"DNABERT-2 train.py computes sklearn matthews_corrcoef (range -1 to 1); GUE tables print values such as 69.37, so values are MCC x100 (arXiv 2306.15006 Table 6)"
gue-result-dnabert-6-mer-splice-site-prediction-reconstruct-mcc,attributes.unit_detail,,printed x100,"DNABERT-2 train.py computes sklearn matthews_corrcoef (range -1 to 1); GUE tables print values such as 69.37, so values are MCC x100 (arXiv 2306.15006 Table 6)"
gue-result-dnabert-6-mer-transcription-factor-prediction-human-0-mcc,attributes.unit,percent,unitless,"DNABERT-2 train.py computes sklearn matthews_corrcoef (range -1 to 1); GUE tables print values such as 69.37, so values are MCC x100 (arXiv 2306.15006 Table 6)"
gue-result-dnabert-6-mer-transcription-factor-prediction-human-0-mcc,attributes.unit_detail,,printed x100,"DNABERT-2 train.py computes sklearn matthews_corrcoef (range -1 to 1); GUE tables print values such as 69.37, so values are MCC x100 (arXiv 2306.15006 Table 6)"
gue-result-dnabert-6-mer-transcription-factor-prediction-human-1-mcc,attributes.unit,percent,unitless,"DNABERT-2 train.py computes sklearn matthews_corrcoef (range -1 to 1); GUE tables print values such as 69.37, so values are MCC x100 (arXiv 2306.15006 Table 6)"
gue-result-dnabert-6-mer-transcription-factor-prediction-human-1-mcc,attributes.unit_detail,,printed x100,"DNABERT-2 train.py computes sklearn matthews_corrcoef (range -1 to 1); GUE tables print values such as 69.37, so values are MCC x100 (arXiv 2306.15006 Table 6)"
gue-result-dnabert-6-mer-transcription-factor-prediction-human-2-mcc,attributes.unit,percent,unitless,"DNABERT-2 train.py computes sklearn matthews_corrcoef (range -1 to 1); GUE tables print values such as 69.37, so values are MCC x100 (arXiv 2306.15006 Table 6)"
gue-result-dnabert-6-mer-transcription-factor-prediction-human-2-mcc,attributes.unit_detail,,printed x100,"DNABERT-2 train.py computes sklearn matthews_corrcoef (range -1 to 1); GUE tables print values such as 69.37, so values are MCC x100 (arXiv 2306.15006 Table 6)"
gue-result-dnabert-6-mer-transcription-factor-prediction-human-3-mcc,attributes.unit,percent,unitless,"DNABERT-2 train.py computes sklearn matthews_corrcoef (range -1 to 1); GUE tables print values such as 69.37, so values are MCC x100 (arXiv 2306.15006 Table 6)"
gue-result-dnabert-6-mer-transcription-factor-prediction-human-3-mcc,attributes.unit_detail,,printed x100,"DNABERT-2 train.py computes sklearn matthews_corrcoef (range -1 to 1); GUE tables print values such as 69.37, so values are MCC x100 (arXiv 2306.15006 Table 6)"
gue-result-dnabert-6-mer-transcription-factor-prediction-human-4-mcc,attributes.unit,percent,unitless,"DNABERT-2 train.py computes sklearn matthews_corrcoef (range -1 to 1); GUE tables print values such as 69.37, so values are MCC x100 (arXiv 2306.15006 Table 6)"
gue-result-dnabert-6-mer-transcription-factor-prediction-human-4-mcc,attributes.unit_detail,,printed x100,"DNABERT-2 train.py computes sklearn matthews_corrcoef (range -1 to 1); GUE tables print values such as 69.37, so values are MCC x100 (arXiv 2306.15006 Table 6)"
gue-result-dnabert-6-mer-transcription-factor-prediction-mouse-0-mcc,attributes.unit,percent,unitless,"DNABERT-2 train.py computes sklearn matthews_corrcoef (range -1 to 1); GUE tables print values such as 69.37, so values are MCC x100 (arXiv 2306.15006 Table 6)"
gue-result-dnabert-6-mer-transcription-factor-prediction-mouse-0-mcc,attributes.unit_detail,,printed x100,"DNABERT-2 train.py computes sklearn matthews_corrcoef (range -1 to 1); GUE tables print values such as 69.37, so values are MCC x100 (arXiv 2306.15006 Table 6)"
gue-result-dnabert-6-mer-transcription-factor-prediction-mouse-1-mcc,attributes.unit,percent,unitless,"DNABERT-2 train.py computes sklearn matthews_corrcoef (range -1 to 1); GUE tables print values such as 69.37, so values are MCC x100 (arXiv 2306.15006 Table 6)"
gue-result-dnabert-6-mer-transcription-factor-prediction-mouse-1-mcc,attributes.unit_detail,,printed x100,"DNABERT-2 train.py computes sklearn matthews_corrcoef (range -1 to 1); GUE tables print values such as 69.37, so values are MCC x100 (arXiv 2306.15006 Table 6)"
gue-result-dnabert-6-mer-transcription-factor-prediction-mouse-2-mcc,attributes.unit,percent,unitless,"DNABERT-2 train.py computes sklearn matthews_corrcoef (range -1 to 1); GUE tables print values such as 69.37, so values are MCC x100 (arXiv 2306.15006 Table 6)"
gue-result-dnabert-6-mer-transcription-factor-prediction-mouse-2-mcc,attributes.unit_detail,,printed x100,"DNABERT-2 train.py computes sklearn matthews_corrcoef (range -1 to 1); GUE tables print values such as 69.37, so values are MCC x100 (arXiv 2306.15006 Table 6)"
gue-result-dnabert-6-mer-transcription-factor-prediction-mouse-3-mcc,attributes.unit,percent,unitless,"DNABERT-2 train.py computes sklearn matthews_corrcoef (range -1 to 1); GUE tables print values such as 69.37, so values are MCC x100 (arXiv 2306.15006 Table 6)"
gue-result-dnabert-6-mer-transcription-factor-prediction-mouse-3-mcc,attributes.unit_detail,,printed x100,"DNABERT-2 train.py computes sklearn matthews_corrcoef (range -1 to 1); GUE tables print values such as 69.37, so values are MCC x100 (arXiv 2306.15006 Table 6)"
gue-result-dnabert-6-mer-transcription-factor-prediction-mouse-4-mcc,attributes.unit,percent,unitless,"DNABERT-2 train.py computes sklearn matthews_corrcoef (range -1 to 1); GUE tables print values such as 69.37, so values are MCC x100 (arXiv 2306.15006 Table 6)"
gue-result-dnabert-6-mer-transcription-factor-prediction-mouse-4-mcc,attributes.unit_detail,,printed x100,"DNABERT-2 train.py computes sklearn matthews_corrcoef (range -1 to 1); GUE tables print values such as 69.37, so values are MCC x100 (arXiv 2306.15006 Table 6)"
gue-result-nt-2500m-1000g-core-promoter-detection-all-mcc,attributes.unit,percent,unitless,"DNABERT-2 train.py computes sklearn matthews_corrcoef (range -1 to 1); GUE tables print values such as 69.37, so values are MCC x100 (arXiv 2306.15006 Table 6)"
gue-result-nt-2500m-1000g-core-promoter-detection-all-mcc,attributes.unit_detail,,printed x100,"DNABERT-2 train.py computes sklearn matthews_corrcoef (range -1 to 1); GUE tables print values such as 69.37, so values are MCC x100 (arXiv 2306.15006 Table 6)"
gue-result-nt-2500m-1000g-core-promoter-detection-notata-mcc,attributes.unit,percent,unitless,"DNABERT-2 train.py computes sklearn matthews_corrcoef (range -1 to 1); GUE tables print values such as 69.37, so values are MCC x100 (arXiv 2306.15006 Table 6)"
gue-result-nt-2500m-1000g-core-promoter-detection-notata-mcc,attributes.unit_detail,,printed x100,"DNABERT-2 train.py computes sklearn matthews_corrcoef (range -1 to 1); GUE tables print values such as 69.37, so values are MCC x100 (arXiv 2306.15006 Table 6)"
gue-result-nt-2500m-1000g-core-promoter-detection-tata-mcc,attributes.unit,percent,unitless,"DNABERT-2 train.py computes sklearn matthews_corrcoef (range -1 to 1); GUE tables print values such as 69.37, so values are MCC x100 (arXiv 2306.15006 Table 6)"
gue-result-nt-2500m-1000g-core-promoter-detection-tata-mcc,attributes.unit_detail,,printed x100,"DNABERT-2 train.py computes sklearn matthews_corrcoef (range -1 to 1); GUE tables print values such as 69.37, so values are MCC x100 (arXiv 2306.15006 Table 6)"
gue-result-nt-2500m-1000g-epigenetic-marks-prediction-h3-mcc,attributes.unit,percent,unitless,"DNABERT-2 train.py computes sklearn matthews_corrcoef (range -1 to 1); GUE tables print values such as 69.37, so values are MCC x100 (arXiv 2306.15006 Table 6)"
gue-result-nt-2500m-1000g-epigenetic-marks-prediction-h3-mcc,attributes.unit_detail,,printed x100,"DNABERT-2 train.py computes sklearn matthews_corrcoef (range -1 to 1); GUE tables print values such as 69.37, so values are MCC x100 (arXiv 2306.15006 Table 6)"
gue-result-nt-2500m-1000g-epigenetic-marks-prediction-h3k14ac-mcc,attributes.unit,percent,unitless,"DNABERT-2 train.py computes sklearn matthews_corrcoef (range -1 to 1); GUE tables print values such as 69.37, so values are MCC x100 (arXiv 2306.15006 Table 6)"
gue-result-nt-2500m-1000g-epigenetic-marks-prediction-h3k14ac-mcc,attributes.unit_detail,,printed x100,"DNABERT-2 train.py computes sklearn matthews_corrcoef (range -1 to 1); GUE tables print values such as 69.37, so values are MCC x100 (arXiv 2306.15006 Table 6)"
gue-result-nt-2500m-1000g-epigenetic-marks-prediction-h3k36me3-mcc,attributes.unit,percent,unitless,"DNABERT-2 train.py computes sklearn matthews_corrcoef (range -1 to 1); GUE tables print values such as 69.37, so values are MCC x100 (arXiv 2306.15006 Table 6)"
gue-result-nt-2500m-1000g-epigenetic-marks-prediction-h3k36me3-mcc,attributes.unit_detail,,printed x100,"DNABERT-2 train.py computes sklearn matthews_corrcoef (range -1 to 1); GUE tables print values such as 69.37, so values are MCC x100 (arXiv 2306.15006 Table 6)"
gue-result-nt-2500m-1000g-epigenetic-marks-prediction-h3k4me1-mcc,attributes.unit,percent,unitless,"DNABERT-2 train.py computes sklearn matthews_corrcoef (range -1 to 1); GUE tables print values such as 69.37, so values are MCC x100 (arXiv 2306.15006 Table 6)"
gue-result-nt-2500m-1000g-epigenetic-marks-prediction-h3k4me1-mcc,attributes.unit_detail,,printed x100,"DNABERT-2 train.py computes sklearn matthews_corrcoef (range -1 to 1); GUE tables print values such as 69.37, so values are MCC x100 (arXiv 2306.15006 Table 6)"
gue-result-nt-2500m-1000g-epigenetic-marks-prediction-h3k4me2-mcc,attributes.unit,percent,unitless,"DNABERT-2 train.py computes sklearn matthews_corrcoef (range -1 to 1); GUE tables print values such as 69.37, so values are MCC x100 (arXiv 2306.15006 Table 6)"
gue-result-nt-2500m-1000g-epigenetic-marks-prediction-h3k4me2-mcc,attributes.unit_detail,,printed x100,"DNABERT-2 train.py computes sklearn matthews_corrcoef (range -1 to 1); GUE tables print values such as 69.37, so values are MCC x100 (arXiv 2306.15006 Table 6)"
gue-result-nt-2500m-1000g-epigenetic-marks-prediction-h3k4me3-mcc,attributes.unit,percent,unitless,"DNABERT-2 train.py computes sklearn matthews_corrcoef (range -1 to 1); GUE tables print values such as 69.37, so values are MCC x100 (arXiv 2306.15006 Table 6)"
gue-result-nt-2500m-1000g-epigenetic-marks-prediction-h3k4me3-mcc,attributes.unit_detail,,printed x100,"DNABERT-2 train.py computes sklearn matthews_corrcoef (range -1 to 1); GUE tables print values such as 69.37, so values are MCC x100 (arXiv 2306.15006 Table 6)"
gue-result-nt-2500m-1000g-epigenetic-marks-prediction-h3k79me3-mcc,attributes.unit,percent,unitless,"DNABERT-2 train.py computes sklearn matthews_corrcoef (range -1 to 1); GUE tables print values such as 69.37, so values are MCC x100 (arXiv 2306.15006 Table 6)"
gue-result-nt-2500m-1000g-epigenetic-marks-prediction-h3k79me3-mcc,attributes.unit_detail,,printed x100,"DNABERT-2 train.py computes sklearn matthews_corrcoef (range -1 to 1); GUE tables print values such as 69.37, so values are MCC x100 (arXiv 2306.15006 Table 6)"
gue-result-nt-2500m-1000g-epigenetic-marks-prediction-h3k9ac-mcc,attributes.unit,percent,unitless,"DNABERT-2 train.py computes sklearn matthews_corrcoef (range -1 to 1); GUE tables print values such as 69.37, so values are MCC x100 (arXiv 2306.15006 Table 6)"
gue-result-nt-2500m-1000g-epigenetic-marks-prediction-h3k9ac-mcc,attributes.unit_detail,,printed x100,"DNABERT-2 train.py computes sklearn matthews_corrcoef (range -1 to 1); GUE tables print values such as 69.37, so values are MCC x100 (arXiv 2306.15006 Table 6)"
gue-result-nt-2500m-1000g-epigenetic-marks-prediction-h4-mcc,attributes.unit,percent,unitless,"DNABERT-2 train.py computes sklearn matthews_corrcoef (range -1 to 1); GUE tables print values such as 69.37, so values are MCC x100 (arXiv 2306.15006 Table 6)"
gue-result-nt-2500m-1000g-epigenetic-marks-prediction-h4-mcc,attributes.unit_detail,,printed x100,"DNABERT-2 train.py computes sklearn matthews_corrcoef (range -1 to 1); GUE tables print values such as 69.37, so values are MCC x100 (arXiv 2306.15006 Table 6)"
gue-result-nt-2500m-1000g-epigenetic-marks-prediction-h4ac-mcc,attributes.unit,percent,unitless,"DNABERT-2 train.py computes sklearn matthews_corrcoef (range -1 to 1); GUE tables print values such as 69.37, so values are MCC x100 (arXiv 2306.15006 Table 6)"
gue-result-nt-2500m-1000g-epigenetic-marks-prediction-h4ac-mcc,attributes.unit_detail,,printed x100,"DNABERT-2 train.py computes sklearn matthews_corrcoef (range -1 to 1); GUE tables print values such as 69.37, so values are MCC x100 (arXiv 2306.15006 Table 6)"
gue-result-nt-2500m-1000g-promoter-detection-all-mcc,attributes.unit,percent,unitless,"DNABERT-2 train.py computes sklearn matthews_corrcoef (range -1 to 1); GUE tables print values such as 69.37, so values are MCC x100 (arXiv 2306.15006 Table 6)"
gue-result-nt-2500m-1000g-promoter-detection-all-mcc,attributes.unit_detail,,printed x100,"DNABERT-2 train.py computes sklearn matthews_corrcoef (range -1 to 1); GUE tables print values such as 69.37, so values are MCC x100 (arXiv 2306.15006 Table 6)"
gue-result-nt-2500m-1000g-promoter-detection-notata-mcc,attributes.unit,percent,unitless,"DNABERT-2 train.py computes sklearn matthews_corrcoef (range -1 to 1); GUE tables print values such as 69.37, so values are MCC x100 (arXiv 2306.15006 Table 6)"
gue-result-nt-2500m-1000g-promoter-detection-notata-mcc,attributes.unit_detail,,printed x100,"DNABERT-2 train.py computes sklearn matthews_corrcoef (range -1 to 1); GUE tables print values such as 69.37, so values are MCC x100 (arXiv 2306.15006 Table 6)"
gue-result-nt-2500m-1000g-promoter-detection-tata-mcc,attributes.unit,percent,unitless,"DNABERT-2 train.py computes sklearn matthews_corrcoef (range -1 to 1); GUE tables print values such as 69.37, so values are MCC x100 (arXiv 2306.15006 Table 6)"
gue-result-nt-2500m-1000g-promoter-detection-tata-mcc,attributes.unit_detail,,printed x100,"DNABERT-2 train.py computes sklearn matthews_corrcoef (range -1 to 1); GUE tables print values such as 69.37, so values are MCC x100 (arXiv 2306.15006 Table 6)"
gue-result-nt-2500m-1000g-splice-site-prediction-reconstruct-mcc,attributes.unit,percent,unitless,"DNABERT-2 train.py computes sklearn matthews_corrcoef (range -1 to 1); GUE tables print values such as 69.37, so values are MCC x100 (arXiv 2306.15006 Table 6)"
gue-result-nt-2500m-1000g-splice-site-prediction-reconstruct-mcc,attributes.unit_detail,,printed x100,"DNABERT-2 train.py computes sklearn matthews_corrcoef (range -1 to 1); GUE tables print values such as 69.37, so values are MCC x100 (arXiv 2306.15006 Table 6)"
gue-result-nt-2500m-1000g-transcription-factor-prediction-human-0-mcc,attributes.unit,percent,unitless,"DNABERT-2 train.py computes sklearn matthews_corrcoef (range -1 to 1); GUE tables print values such as 69.37, so values are MCC x100 (arXiv 2306.15006 Table 6)"
gue-result-nt-2500m-1000g-transcription-factor-prediction-human-0-mcc,attributes.unit_detail,,printed x100,"DNABERT-2 train.py computes sklearn matthews_corrcoef (range -1 to 1); GUE tables print values such as 69.37, so values are MCC x100 (arXiv 2306.15006 Table 6)"
gue-result-nt-2500m-1000g-transcription-factor-prediction-human-1-mcc,attributes.unit,percent,unitless,"DNABERT-2 train.py computes sklearn matthews_corrcoef (range -1 to 1); GUE tables print values such as 69.37, so values are MCC x100 (arXiv 2306.15006 Table 6)"
gue-result-nt-2500m-1000g-transcription-factor-prediction-human-1-mcc,attributes.unit_detail,,printed x100,"DNABERT-2 train.py computes sklearn matthews_corrcoef (range -1 to 1); GUE tables print values such as 69.37, so values are MCC x100 (arXiv 2306.15006 Table 6)"
gue-result-nt-2500m-1000g-transcription-factor-prediction-human-2-mcc,attributes.unit,percent,unitless,"DNABERT-2 train.py computes sklearn matthews_corrcoef (range -1 to 1); GUE tables print values such as 69.37, so values are MCC x100 (arXiv 2306.15006 Table 6)"
gue-result-nt-2500m-1000g-transcription-factor-prediction-human-2-mcc,attributes.unit_detail,,printed x100,"DNABERT-2 train.py computes sklearn matthews_corrcoef (range -1 to 1); GUE tables print values such as 69.37, so values are MCC x100 (arXiv 2306.15006 Table 6)"
gue-result-nt-2500m-1000g-transcription-factor-prediction-human-3-mcc,attributes.unit,percent,unitless,"DNABERT-2 train.py computes sklearn matthews_corrcoef (range -1 to 1); GUE tables print values such as 69.37, so values are MCC x100 (arXiv 2306.15006 Table 6)"
gue-result-nt-2500m-1000g-transcription-factor-prediction-human-3-mcc,attributes.unit_detail,,printed x100,"DNABERT-2 train.py computes sklearn matthews_corrcoef (range -1 to 1); GUE tables print values such as 69.37, so values are MCC x100 (arXiv 2306.15006 Table 6)"
gue-result-nt-2500m-1000g-transcription-factor-prediction-human-4-mcc,attributes.unit,percent,unitless,"DNABERT-2 train.py computes sklearn matthews_corrcoef (range -1 to 1); GUE tables print values such as 69.37, so values are MCC x100 (arXiv 2306.15006 Table 6)"
gue-result-nt-2500m-1000g-transcription-factor-prediction-human-4-mcc,attributes.unit_detail,,printed x100,"DNABERT-2 train.py computes sklearn matthews_corrcoef (range -1 to 1); GUE tables print values such as 69.37, so values are MCC x100 (arXiv 2306.15006 Table 6)"
gue-result-nt-2500m-1000g-transcription-factor-prediction-mouse-0-mcc,attributes.unit,percent,unitless,"DNABERT-2 train.py computes sklearn matthews_corrcoef (range -1 to 1); GUE tables print values such as 69.37, so values are MCC x100 (arXiv 2306.15006 Table 6)"
gue-result-nt-2500m-1000g-transcription-factor-prediction-mouse-0-mcc,attributes.unit_detail,,printed x100,"DNABERT-2 train.py computes sklearn matthews_corrcoef (range -1 to 1); GUE tables print values such as 69.37, so values are MCC x100 (arXiv 2306.15006 Table 6)"
gue-result-nt-2500m-1000g-transcription-factor-prediction-mouse-1-mcc,attributes.unit,percent,unitless,"DNABERT-2 train.py computes sklearn matthews_corrcoef (range -1 to 1); GUE tables print values such as 69.37, so values are MCC x100 (arXiv 2306.15006 Table 6)"
gue-result-nt-2500m-1000g-transcription-factor-prediction-mouse-1-mcc,attributes.unit_detail,,printed x100,"DNABERT-2 train.py computes sklearn matthews_corrcoef (range -1 to 1); GUE tables print values such as 69.37, so values are MCC x100 (arXiv 2306.15006 Table 6)"
gue-result-nt-2500m-1000g-transcription-factor-prediction-mouse-2-mcc,attributes.unit,percent,unitless,"DNABERT-2 train.py computes sklearn matthews_corrcoef (range -1 to 1); GUE tables print values such as 69.37, so values are MCC x100 (arXiv 2306.15006 Table 6)"
gue-result-nt-2500m-1000g-transcription-factor-prediction-mouse-2-mcc,attributes.unit_detail,,printed x100,"DNABERT-2 train.py computes sklearn matthews_corrcoef (range -1 to 1); GUE tables print values such as 69.37, so values are MCC x100 (arXiv 2306.15006 Table 6)"
gue-result-nt-2500m-1000g-transcription-factor-prediction-mouse-3-mcc,attributes.unit,percent,unitless,"DNABERT-2 train.py computes sklearn matthews_corrcoef (range -1 to 1); GUE tables print values such as 69.37, so values are MCC x100 (arXiv 2306.15006 Table 6)"
gue-result-nt-2500m-1000g-transcription-factor-prediction-mouse-3-mcc,attributes.unit_detail,,printed x100,"DNABERT-2 train.py computes sklearn matthews_corrcoef (range -1 to 1); GUE tables print values such as 69.37, so values are MCC x100 (arXiv 2306.15006 Table 6)"
gue-result-nt-2500m-1000g-transcription-factor-prediction-mouse-4-mcc,attributes.unit,percent,unitless,"DNABERT-2 train.py computes sklearn matthews_corrcoef (range -1 to 1); GUE tables print values such as 69.37, so values are MCC x100 (arXiv 2306.15006 Table 6)"
gue-result-nt-2500m-1000g-transcription-factor-prediction-mouse-4-mcc,attributes.unit_detail,,printed x100,"DNABERT-2 train.py computes sklearn matthews_corrcoef (range -1 to 1); GUE tables print values such as 69.37, so values are MCC x100 (arXiv 2306.15006 Table 6)"
gue-result-nt-2500m-multi-core-promoter-detection-all-mcc,attributes.unit,percent,unitless,"DNABERT-2 train.py computes sklearn matthews_corrcoef (range -1 to 1); GUE tables print values such as 69.37, so values are MCC x100 (arXiv 2306.15006 Table 6)"
gue-result-nt-2500m-multi-core-promoter-detection-all-mcc,attributes.unit_detail,,printed x100,"DNABERT-2 train.py computes sklearn matthews_corrcoef (range -1 to 1); GUE tables print values such as 69.37, so values are MCC x100 (arXiv 2306.15006 Table 6)"
gue-result-nt-2500m-multi-core-promoter-detection-notata-mcc,attributes.unit,percent,unitless,"DNABERT-2 train.py computes sklearn matthews_corrcoef (range -1 to 1); GUE tables print values such as 69.37, so values are MCC x100 (arXiv 2306.15006 Table 6)"
gue-result-nt-2500m-multi-core-promoter-detection-notata-mcc,attributes.unit_detail,,printed x100,"DNABERT-2 train.py computes sklearn matthews_corrcoef (range -1 to 1); GUE tables print values such as 69.37, so values are MCC x100 (arXiv 2306.15006 Table 6)"
gue-result-nt-2500m-multi-core-promoter-detection-tata-mcc,attributes.unit,percent,unitless,"DNABERT-2 train.py computes sklearn matthews_corrcoef (range -1 to 1); GUE tables print values such as 69.37, so values are MCC x100 (arXiv 2306.15006 Table 6)"
gue-result-nt-2500m-multi-core-promoter-detection-tata-mcc,attributes.unit_detail,,printed x100,"DNABERT-2 train.py computes sklearn matthews_corrcoef (range -1 to 1); GUE tables print values such as 69.37, so values are MCC x100 (arXiv 2306.15006 Table 6)"
gue-result-nt-2500m-multi-epigenetic-marks-prediction-h3-mcc,attributes.unit,percent,unitless,"DNABERT-2 train.py computes sklearn matthews_corrcoef (range -1 to 1); GUE tables print values such as 69.37, so values are MCC x100 (arXiv 2306.15006 Table 6)"
gue-result-nt-2500m-multi-epigenetic-marks-prediction-h3-mcc,attributes.unit_detail,,printed x100,"DNABERT-2 train.py computes sklearn matthews_corrcoef (range -1 to 1); GUE tables print values such as 69.37, so values are MCC x100 (arXiv 2306.15006 Table 6)"
gue-result-nt-2500m-multi-epigenetic-marks-prediction-h3k14ac-mcc,attributes.unit,percent,unitless,"DNABERT-2 train.py computes sklearn matthews_corrcoef (range -1 to 1); GUE tables print values such as 69.37, so values are MCC x100 (arXiv 2306.15006 Table 6)"
gue-result-nt-2500m-multi-epigenetic-marks-prediction-h3k14ac-mcc,attributes.unit_detail,,printed x100,"DNABERT-2 train.py computes sklearn matthews_corrcoef (range -1 to 1); GUE tables print values such as 69.37, so values are MCC x100 (arXiv 2306.15006 Table 6)"
gue-result-nt-2500m-multi-epigenetic-marks-prediction-h3k36me3-mcc,attributes.unit,percent,unitless,"DNABERT-2 train.py computes sklearn matthews_corrcoef (range -1 to 1); GUE tables print values such as 69.37, so values are MCC x100 (arXiv 2306.15006 Table 6)"
gue-result-nt-2500m-multi-epigenetic-marks-prediction-h3k36me3-mcc,attributes.unit_detail,,printed x100,"DNABERT-2 train.py computes sklearn matthews_corrcoef (range -1 to 1); GUE tables print values such as 69.37, so values are MCC x100 (arXiv 2306.15006 Table 6)"
gue-result-nt-2500m-multi-epigenetic-marks-prediction-h3k4me1-mcc,attributes.unit,percent,unitless,"DNABERT-2 train.py computes sklearn matthews_corrcoef (range -1 to 1); GUE tables print values such as 69.37, so values are MCC x100 (arXiv 2306.15006 Table 6)"
gue-result-nt-2500m-multi-epigenetic-marks-prediction-h3k4me1-mcc,attributes.unit_detail,,printed x100,"DNABERT-2 train.py computes sklearn matthews_corrcoef (range -1 to 1); GUE tables print values such as 69.37, so values are MCC x100 (arXiv 2306.15006 Table 6)"
gue-result-nt-2500m-multi-epigenetic-marks-prediction-h3k4me2-mcc,attributes.unit,percent,unitless,"DNABERT-2 train.py computes sklearn matthews_corrcoef (range -1 to 1); GUE tables print values such as 69.37, so values are MCC x100 (arXiv 2306.15006 Table 6)"
gue-result-nt-2500m-multi-epigenetic-marks-prediction-h3k4me2-mcc,attributes.unit_detail,,printed x100,"DNABERT-2 train.py computes sklearn matthews_corrcoef (range -1 to 1); GUE tables print values such as 69.37, so values are MCC x100 (arXiv 2306.15006 Table 6)"
gue-result-nt-2500m-multi-epigenetic-marks-prediction-h3k4me3-mcc,attributes.unit,percent,unitless,"DNABERT-2 train.py computes sklearn matthews_corrcoef (range -1 to 1); GUE tables print values such as 69.37, so values are MCC x100 (arXiv 2306.15006 Table 6)"
gue-result-nt-2500m-multi-epigenetic-marks-prediction-h3k4me3-mcc,attributes.unit_detail,,printed x100,"DNABERT-2 train.py computes sklearn matthews_corrcoef (range -1 to 1); GUE tables print values such as 69.37, so values are MCC x100 (arXiv 2306.15006 Table 6)"
gue-result-nt-2500m-multi-epigenetic-marks-prediction-h3k79me3-mcc,attributes.unit,percent,unitless,"DNABERT-2 train.py computes sklearn matthews_corrcoef (range -1 to 1); GUE tables print values such as 69.37, so values are MCC x100 (arXiv 2306.15006 Table 6)"
gue-result-nt-2500m-multi-epigenetic-marks-prediction-h3k79me3-mcc,attributes.unit_detail,,printed x100,"DNABERT-2 train.py computes sklearn matthews_corrcoef (range -1 to 1); GUE tables print values such as 69.37, so values are MCC x100 (arXiv 2306.15006 Table 6)"
gue-result-nt-2500m-multi-epigenetic-marks-prediction-h3k9ac-mcc,attributes.unit,percent,unitless,"DNABERT-2 train.py computes sklearn matthews_corrcoef (range -1 to 1); GUE tables print values such as 69.37, so values are MCC x100 (arXiv 2306.15006 Table 6)"
gue-result-nt-2500m-multi-epigenetic-marks-prediction-h3k9ac-mcc,attributes.unit_detail,,printed x100,"DNABERT-2 train.py computes sklearn matthews_corrcoef (range -1 to 1); GUE tables print values such as 69.37, so values are MCC x100 (arXiv 2306.15006 Table 6)"
gue-result-nt-2500m-multi-epigenetic-marks-prediction-h4-mcc,attributes.unit,percent,unitless,"DNABERT-2 train.py computes sklearn matthews_corrcoef (range -1 to 1); GUE tables print values such as 69.37, so values are MCC x100 (arXiv 2306.15006 Table 6)"
gue-result-nt-2500m-multi-epigenetic-marks-prediction-h4-mcc,attributes.unit_detail,,printed x100,"DNABERT-2 train.py computes sklearn matthews_corrcoef (range -1 to 1); GUE tables print values such as 69.37, so values are MCC x100 (arXiv 2306.15006 Table 6)"
gue-result-nt-2500m-multi-epigenetic-marks-prediction-h4ac-mcc,attributes.unit,percent,unitless,"DNABERT-2 train.py computes sklearn matthews_corrcoef (range -1 to 1); GUE tables print values such as 69.37, so values are MCC x100 (arXiv 2306.15006 Table 6)"
gue-result-nt-2500m-multi-epigenetic-marks-prediction-h4ac-mcc,attributes.unit_detail,,printed x100,"DNABERT-2 train.py computes sklearn matthews_corrcoef (range -1 to 1); GUE tables print values such as 69.37, so values are MCC x100 (arXiv 2306.15006 Table 6)"
gue-result-nt-2500m-multi-promoter-detection-all-mcc,attributes.unit,percent,unitless,"DNABERT-2 train.py computes sklearn matthews_corrcoef (range -1 to 1); GUE tables print values such as 69.37, so values are MCC x100 (arXiv 2306.15006 Table 6)"
gue-result-nt-2500m-multi-promoter-detection-all-mcc,attributes.unit_detail,,printed x100,"DNABERT-2 train.py computes sklearn matthews_corrcoef (range -1 to 1); GUE tables print values such as 69.37, so values are MCC x100 (arXiv 2306.15006 Table 6)"
gue-result-nt-2500m-multi-promoter-detection-notata-mcc,attributes.unit,percent,unitless,"DNABERT-2 train.py computes sklearn matthews_corrcoef (range -1 to 1); GUE tables print values such as 69.37, so values are MCC x100 (arXiv 2306.15006 Table 6)"
gue-result-nt-2500m-multi-promoter-detection-notata-mcc,attributes.unit_detail,,printed x100,"DNABERT-2 train.py computes sklearn matthews_corrcoef (range -1 to 1); GUE tables print values such as 69.37, so values are MCC x100 (arXiv 2306.15006 Table 6)"
gue-result-nt-2500m-multi-promoter-detection-tata-mcc,attributes.unit,percent,unitless,"DNABERT-2 train.py computes sklearn matthews_corrcoef (range -1 to 1); GUE tables print values such as 69.37, so values are MCC x100 (arXiv 2306.15006 Table 6)"
gue-result-nt-2500m-multi-promoter-detection-tata-mcc,attributes.unit_detail,,printed x100,"DNABERT-2 train.py computes sklearn matthews_corrcoef (range -1 to 1); GUE tables print values such as 69.37, so values are MCC x100 (arXiv 2306.15006 Table 6)"
gue-result-nt-2500m-multi-splice-site-prediction-reconstruct-mcc,attributes.unit,percent,unitless,"DNABERT-2 train.py computes sklearn matthews_corrcoef (range -1 to 1); GUE tables print values such as 69.37, so values are MCC x100 (arXiv 2306.15006 Table 6)"
gue-result-nt-2500m-multi-splice-site-prediction-reconstruct-mcc,attributes.unit_detail,,printed x100,"DNABERT-2 train.py computes sklearn matthews_corrcoef (range -1 to 1); GUE tables print values such as 69.37, so values are MCC x100 (arXiv 2306.15006 Table 6)"
gue-result-nt-2500m-multi-transcription-factor-prediction-human-0-mcc,attributes.unit,percent,unitless,"DNABERT-2 train.py computes sklearn matthews_corrcoef (range -1 to 1); GUE tables print values such as 69.37, so values are MCC x100 (arXiv 2306.15006 Table 6)"
gue-result-nt-2500m-multi-transcription-factor-prediction-human-0-mcc,attributes.unit_detail,,printed x100,"DNABERT-2 train.py computes sklearn matthews_corrcoef (range -1 to 1); GUE tables print values such as 69.37, so values are MCC x100 (arXiv 2306.15006 Table 6)"
gue-result-nt-2500m-multi-transcription-factor-prediction-human-1-mcc,attributes.unit,percent,unitless,"DNABERT-2 train.py computes sklearn matthews_corrcoef (range -1 to 1); GUE tables print values such as 69.37, so values are MCC x100 (arXiv 2306.15006 Table 6)"
gue-result-nt-2500m-multi-transcription-factor-prediction-human-1-mcc,attributes.unit_detail,,printed x100,"DNABERT-2 train.py computes sklearn matthews_corrcoef (range -1 to 1); GUE tables print values such as 69.37, so values are MCC x100 (arXiv 2306.15006 Table 6)"
gue-result-nt-2500m-multi-transcription-factor-prediction-human-2-mcc,attributes.unit,percent,unitless,"DNABERT-2 train.py computes sklearn matthews_corrcoef (range -1 to 1); GUE tables print values such as 69.37, so values are MCC x100 (arXiv 2306.15006 Table 6)"
gue-result-nt-2500m-multi-transcription-factor-prediction-human-2-mcc,attributes.unit_detail,,printed x100,"DNABERT-2 train.py computes sklearn matthews_corrcoef (range -1 to 1); GUE tables print values such as 69.37, so values are MCC x100 (arXiv 2306.15006 Table 6)"
gue-result-nt-2500m-multi-transcription-factor-prediction-human-3-mcc,attributes.unit,percent,unitless,"DNABERT-2 train.py computes sklearn matthews_corrcoef (range -1 to 1); GUE tables print values such as 69.37, so values are MCC x100 (arXiv 2306.15006 Table 6)"
gue-result-nt-2500m-multi-transcription-factor-prediction-human-3-mcc,attributes.unit_detail,,printed x100,"DNABERT-2 train.py computes sklearn matthews_corrcoef (range -1 to 1); GUE tables print values such as 69.37, so values are MCC x100 (arXiv 2306.15006 Table 6)"
gue-result-nt-2500m-multi-transcription-factor-prediction-human-4-mcc,attributes.unit,percent,unitless,"DNABERT-2 train.py computes sklearn matthews_corrcoef (range -1 to 1); GUE tables print values such as 69.37, so values are MCC x100 (arXiv 2306.15006 Table 6)"
gue-result-nt-2500m-multi-transcription-factor-prediction-human-4-mcc,attributes.unit_detail,,printed x100,"DNABERT-2 train.py computes sklearn matthews_corrcoef (range -1 to 1); GUE tables print values such as 69.37, so values are MCC x100 (arXiv 2306.15006 Table 6)"
gue-result-nt-2500m-multi-transcription-factor-prediction-mouse-0-mcc,attributes.unit,percent,unitless,"DNABERT-2 train.py computes sklearn matthews_corrcoef (range -1 to 1); GUE tables print values such as 69.37, so values are MCC x100 (arXiv 2306.15006 Table 6)"
gue-result-nt-2500m-multi-transcription-factor-prediction-mouse-0-mcc,attributes.unit_detail,,printed x100,"DNABERT-2 train.py computes sklearn matthews_corrcoef (range -1 to 1); GUE tables print values such as 69.37, so values are MCC x100 (arXiv 2306.15006 Table 6)"
gue-result-nt-2500m-multi-transcription-factor-prediction-mouse-1-mcc,attributes.unit,percent,unitless,"DNABERT-2 train.py computes sklearn matthews_corrcoef (range -1 to 1); GUE tables print values such as 69.37, so values are MCC x100 (arXiv 2306.15006 Table 6)"
gue-result-nt-2500m-multi-transcription-factor-prediction-mouse-1-mcc,attributes.unit_detail,,printed x100,"DNABERT-2 train.py computes sklearn matthews_corrcoef (range -1 to 1); GUE tables print values such as 69.37, so values are MCC x100 (arXiv 2306.15006 Table 6)"
gue-result-nt-2500m-multi-transcription-factor-prediction-mouse-2-mcc,attributes.unit,percent,unitless,"DNABERT-2 train.py computes sklearn matthews_corrcoef (range -1 to 1); GUE tables print values such as 69.37, so values are MCC x100 (arXiv 2306.15006 Table 6)"
gue-result-nt-2500m-multi-transcription-factor-prediction-mouse-2-mcc,attributes.unit_detail,,printed x100,"DNABERT-2 train.py computes sklearn matthews_corrcoef (range -1 to 1); GUE tables print values such as 69.37, so values are MCC x100 (arXiv 2306.15006 Table 6)"
gue-result-nt-2500m-multi-transcription-factor-prediction-mouse-3-mcc,attributes.unit,percent,unitless,"DNABERT-2 train.py computes sklearn matthews_corrcoef (range -1 to 1); GUE tables print values such as 69.37, so values are MCC x100 (arXiv 2306.15006 Table 6)"
gue-result-nt-2500m-multi-transcription-factor-prediction-mouse-3-mcc,attributes.unit_detail,,printed x100,"DNABERT-2 train.py computes sklearn matthews_corrcoef (range -1 to 1); GUE tables print values such as 69.37, so values are MCC x100 (arXiv 2306.15006 Table 6)"
gue-result-nt-2500m-multi-transcription-factor-prediction-mouse-4-mcc,attributes.unit,percent,unitless,"DNABERT-2 train.py computes sklearn matthews_corrcoef (range -1 to 1); GUE tables print values such as 69.37, so values are MCC x100 (arXiv 2306.15006 Table 6)"
gue-result-nt-2500m-multi-transcription-factor-prediction-mouse-4-mcc,attributes.unit_detail,,printed x100,"DNABERT-2 train.py computes sklearn matthews_corrcoef (range -1 to 1); GUE tables print values such as 69.37, so values are MCC x100 (arXiv 2306.15006 Table 6)"
gue-result-nt-500m-1000g-core-promoter-detection-all-mcc,attributes.unit,percent,unitless,"DNABERT-2 train.py computes sklearn matthews_corrcoef (range -1 to 1); GUE tables print values such as 69.37, so values are MCC x100 (arXiv 2306.15006 Table 6)"
gue-result-nt-500m-1000g-core-promoter-detection-all-mcc,attributes.unit_detail,,printed x100,"DNABERT-2 train.py computes sklearn matthews_corrcoef (range -1 to 1); GUE tables print values such as 69.37, so values are MCC x100 (arXiv 2306.15006 Table 6)"
gue-result-nt-500m-1000g-core-promoter-detection-notata-mcc,attributes.unit,percent,unitless,"DNABERT-2 train.py computes sklearn matthews_corrcoef (range -1 to 1); GUE tables print values such as 69.37, so values are MCC x100 (arXiv 2306.15006 Table 6)"
gue-result-nt-500m-1000g-core-promoter-detection-notata-mcc,attributes.unit_detail,,printed x100,"DNABERT-2 train.py computes sklearn matthews_corrcoef (range -1 to 1); GUE tables print values such as 69.37, so values are MCC x100 (arXiv 2306.15006 Table 6)"
gue-result-nt-500m-1000g-core-promoter-detection-tata-mcc,attributes.unit,percent,unitless,"DNABERT-2 train.py computes sklearn matthews_corrcoef (range -1 to 1); GUE tables print values such as 69.37, so values are MCC x100 (arXiv 2306.15006 Table 6)"
gue-result-nt-500m-1000g-core-promoter-detection-tata-mcc,attributes.unit_detail,,printed x100,"DNABERT-2 train.py computes sklearn matthews_corrcoef (range -1 to 1); GUE tables print values such as 69.37, so values are MCC x100 (arXiv 2306.15006 Table 6)"
gue-result-nt-500m-1000g-epigenetic-marks-prediction-h3-mcc,attributes.unit,percent,unitless,"DNABERT-2 train.py computes sklearn matthews_corrcoef (range -1 to 1); GUE tables print values such as 69.37, so values are MCC x100 (arXiv 2306.15006 Table 6)"
gue-result-nt-500m-1000g-epigenetic-marks-prediction-h3-mcc,attributes.unit_detail,,printed x100,"DNABERT-2 train.py computes sklearn matthews_corrcoef (range -1 to 1); GUE tables print values such as 69.37, so values are MCC x100 (arXiv 2306.15006 Table 6)"
gue-result-nt-500m-1000g-epigenetic-marks-prediction-h3k14ac-mcc,attributes.unit,percent,unitless,"DNABERT-2 train.py computes sklearn matthews_corrcoef (range -1 to 1); GUE tables print values such as 69.37, so values are MCC x100 (arXiv 2306.15006 Table 6)"
gue-result-nt-500m-1000g-epigenetic-marks-prediction-h3k14ac-mcc,attributes.unit_detail,,printed x100,"DNABERT-2 train.py computes sklearn matthews_corrcoef (range -1 to 1); GUE tables print values such as 69.37, so values are MCC x100 (arXiv 2306.15006 Table 6)"
gue-result-nt-500m-1000g-epigenetic-marks-prediction-h3k36me3-mcc,attributes.unit,percent,unitless,"DNABERT-2 train.py computes sklearn matthews_corrcoef (range -1 to 1); GUE tables print values such as 69.37, so values are MCC x100 (arXiv 2306.15006 Table 6)"
gue-result-nt-500m-1000g-epigenetic-marks-prediction-h3k36me3-mcc,attributes.unit_detail,,printed x100,"DNABERT-2 train.py computes sklearn matthews_corrcoef (range -1 to 1); GUE tables print values such as 69.37, so values are MCC x100 (arXiv 2306.15006 Table 6)"
gue-result-nt-500m-1000g-epigenetic-marks-prediction-h3k4me1-mcc,attributes.unit,percent,unitless,"DNABERT-2 train.py computes sklearn matthews_corrcoef (range -1 to 1); GUE tables print values such as 69.37, so values are MCC x100 (arXiv 2306.15006 Table 6)"
gue-result-nt-500m-1000g-epigenetic-marks-prediction-h3k4me1-mcc,attributes.unit_detail,,printed x100,"DNABERT-2 train.py computes sklearn matthews_corrcoef (range -1 to 1); GUE tables print values such as 69.37, so values are MCC x100 (arXiv 2306.15006 Table 6)"
gue-result-nt-500m-1000g-epigenetic-marks-prediction-h3k4me2-mcc,attributes.unit,percent,unitless,"DNABERT-2 train.py computes sklearn matthews_corrcoef (range -1 to 1); GUE tables print values such as 69.37, so values are MCC x100 (arXiv 2306.15006 Table 6)"
gue-result-nt-500m-1000g-epigenetic-marks-prediction-h3k4me2-mcc,attributes.unit_detail,,printed x100,"DNABERT-2 train.py computes sklearn matthews_corrcoef (range -1 to 1); GUE tables print values such as 69.37, so values are MCC x100 (arXiv 2306.15006 Table 6)"
gue-result-nt-500m-1000g-epigenetic-marks-prediction-h3k4me3-mcc,attributes.unit,percent,unitless,"DNABERT-2 train.py computes sklearn matthews_corrcoef (range -1 to 1); GUE tables print values such as 69.37, so values are MCC x100 (arXiv 2306.15006 Table 6)"
gue-result-nt-500m-1000g-epigenetic-marks-prediction-h3k4me3-mcc,attributes.unit_detail,,printed x100,"DNABERT-2 train.py computes sklearn matthews_corrcoef (range -1 to 1); GUE tables print values such as 69.37, so values are MCC x100 (arXiv 2306.15006 Table 6)"
gue-result-nt-500m-1000g-epigenetic-marks-prediction-h3k79me3-mcc,attributes.unit,percent,unitless,"DNABERT-2 train.py computes sklearn matthews_corrcoef (range -1 to 1); GUE tables print values such as 69.37, so values are MCC x100 (arXiv 2306.15006 Table 6)"
gue-result-nt-500m-1000g-epigenetic-marks-prediction-h3k79me3-mcc,attributes.unit_detail,,printed x100,"DNABERT-2 train.py computes sklearn matthews_corrcoef (range -1 to 1); GUE tables print values such as 69.37, so values are MCC x100 (arXiv 2306.15006 Table 6)"
gue-result-nt-500m-1000g-epigenetic-marks-prediction-h3k9ac-mcc,attributes.unit,percent,unitless,"DNABERT-2 train.py computes sklearn matthews_corrcoef (range -1 to 1); GUE tables print values such as 69.37, so values are MCC x100 (arXiv 2306.15006 Table 6)"
gue-result-nt-500m-1000g-epigenetic-marks-prediction-h3k9ac-mcc,attributes.unit_detail,,printed x100,"DNABERT-2 train.py computes sklearn matthews_corrcoef (range -1 to 1); GUE tables print values such as 69.37, so values are MCC x100 (arXiv 2306.15006 Table 6)"
gue-result-nt-500m-1000g-epigenetic-marks-prediction-h4-mcc,attributes.unit,percent,unitless,"DNABERT-2 train.py computes sklearn matthews_corrcoef (range -1 to 1); GUE tables print values such as 69.37, so values are MCC x100 (arXiv 2306.15006 Table 6)"
gue-result-nt-500m-1000g-epigenetic-marks-prediction-h4-mcc,attributes.unit_detail,,printed x100,"DNABERT-2 train.py computes sklearn matthews_corrcoef (range -1 to 1); GUE tables print values such as 69.37, so values are MCC x100 (arXiv 2306.15006 Table 6)"
gue-result-nt-500m-1000g-epigenetic-marks-prediction-h4ac-mcc,attributes.unit,percent,unitless,"DNABERT-2 train.py computes sklearn matthews_corrcoef (range -1 to 1); GUE tables print values such as 69.37, so values are MCC x100 (arXiv 2306.15006 Table 6)"
gue-result-nt-500m-1000g-epigenetic-marks-prediction-h4ac-mcc,attributes.unit_detail,,printed x100,"DNABERT-2 train.py computes sklearn matthews_corrcoef (range -1 to 1); GUE tables print values such as 69.37, so values are MCC x100 (arXiv 2306.15006 Table 6)"
gue-result-nt-500m-1000g-promoter-detection-all-mcc,attributes.unit,percent,unitless,"DNABERT-2 train.py computes sklearn matthews_corrcoef (range -1 to 1); GUE tables print values such as 69.37, so values are MCC x100 (arXiv 2306.15006 Table 6)"
gue-result-nt-500m-1000g-promoter-detection-all-mcc,attributes.unit_detail,,printed x100,"DNABERT-2 train.py computes sklearn matthews_corrcoef (range -1 to 1); GUE tables print values such as 69.37, so values are MCC x100 (arXiv 2306.15006 Table 6)"
gue-result-nt-500m-1000g-promoter-detection-notata-mcc,attributes.unit,percent,unitless,"DNABERT-2 train.py computes sklearn matthews_corrcoef (range -1 to 1); GUE tables print values such as 69.37, so values are MCC x100 (arXiv 2306.15006 Table 6)"
gue-result-nt-500m-1000g-promoter-detection-notata-mcc,attributes.unit_detail,,printed x100,"DNABERT-2 train.py computes sklearn matthews_corrcoef (range -1 to 1); GUE tables print values such as 69.37, so values are MCC x100 (arXiv 2306.15006 Table 6)"
gue-result-nt-500m-1000g-promoter-detection-tata-mcc,attributes.unit,percent,unitless,"DNABERT-2 train.py computes sklearn matthews_corrcoef (range -1 to 1); GUE tables print values such as 69.37, so values are MCC x100 (arXiv 2306.15006 Table 6)"
gue-result-nt-500m-1000g-promoter-detection-tata-mcc,attributes.unit_detail,,printed x100,"DNABERT-2 train.py computes sklearn matthews_corrcoef (range -1 to 1); GUE tables print values such as 69.37, so values are MCC x100 (arXiv 2306.15006 Table 6)"
gue-result-nt-500m-1000g-splice-site-prediction-reconstruct-mcc,attributes.unit,percent,unitless,"DNABERT-2 train.py computes sklearn matthews_corrcoef (range -1 to 1); GUE tables print values such as 69.37, so values are MCC x100 (arXiv 2306.15006 Table 6)"
gue-result-nt-500m-1000g-splice-site-prediction-reconstruct-mcc,attributes.unit_detail,,printed x100,"DNABERT-2 train.py computes sklearn matthews_corrcoef (range -1 to 1); GUE tables print values such as 69.37, so values are MCC x100 (arXiv 2306.15006 Table 6)"
gue-result-nt-500m-1000g-transcription-factor-prediction-human-0-mcc,attributes.unit,percent,unitless,"DNABERT-2 train.py computes sklearn matthews_corrcoef (range -1 to 1); GUE tables print values such as 69.37, so values are MCC x100 (arXiv 2306.15006 Table 6)"
gue-result-nt-500m-1000g-transcription-factor-prediction-human-0-mcc,attributes.unit_detail,,printed x100,"DNABERT-2 train.py computes sklearn matthews_corrcoef (range -1 to 1); GUE tables print values such as 69.37, so values are MCC x100 (arXiv 2306.15006 Table 6)"
gue-result-nt-500m-1000g-transcription-factor-prediction-human-1-mcc,attributes.unit,percent,unitless,"DNABERT-2 train.py computes sklearn matthews_corrcoef (range -1 to 1); GUE tables print values such as 69.37, so values are MCC x100 (arXiv 2306.15006 Table 6)"
gue-result-nt-500m-1000g-transcription-factor-prediction-human-1-mcc,attributes.unit_detail,,printed x100,"DNABERT-2 train.py computes sklearn matthews_corrcoef (range -1 to 1); GUE tables print values such as 69.37, so values are MCC x100 (arXiv 2306.15006 Table 6)"
gue-result-nt-500m-1000g-transcription-factor-prediction-human-2-mcc,attributes.unit,percent,unitless,"DNABERT-2 train.py computes sklearn matthews_corrcoef (range -1 to 1); GUE tables print values such as 69.37, so values are MCC x100 (arXiv 2306.15006 Table 6)"
gue-result-nt-500m-1000g-transcription-factor-prediction-human-2-mcc,attributes.unit_detail,,printed x100,"DNABERT-2 train.py computes sklearn matthews_corrcoef (range -1 to 1); GUE tables print values such as 69.37, so values are MCC x100 (arXiv 2306.15006 Table 6)"
gue-result-nt-500m-1000g-transcription-factor-prediction-human-3-mcc,attributes.unit,percent,unitless,"DNABERT-2 train.py computes sklearn matthews_corrcoef (range -1 to 1); GUE tables print values such as 69.37, so values are MCC x100 (arXiv 2306.15006 Table 6)"
gue-result-nt-500m-1000g-transcription-factor-prediction-human-3-mcc,attributes.unit_detail,,printed x100,"DNABERT-2 train.py computes sklearn matthews_corrcoef (range -1 to 1); GUE tables print values such as 69.37, so values are MCC x100 (arXiv 2306.15006 Table 6)"
gue-result-nt-500m-1000g-transcription-factor-prediction-human-4-mcc,attributes.unit,percent,unitless,"DNABERT-2 train.py computes sklearn matthews_corrcoef (range -1 to 1); GUE tables print values such as 69.37, so values are MCC x100 (arXiv 2306.15006 Table 6)"
gue-result-nt-500m-1000g-transcription-factor-prediction-human-4-mcc,attributes.unit_detail,,printed x100,"DNABERT-2 train.py computes sklearn matthews_corrcoef (range -1 to 1); GUE tables print values such as 69.37, so values are MCC x100 (arXiv 2306.15006 Table 6)"
gue-result-nt-500m-1000g-transcription-factor-prediction-mouse-0-mcc,attributes.unit,percent,unitless,"DNABERT-2 train.py computes sklearn matthews_corrcoef (range -1 to 1); GUE tables print values such as 69.37, so values are MCC x100 (arXiv 2306.15006 Table 6)"
gue-result-nt-500m-1000g-transcription-factor-prediction-mouse-0-mcc,attributes.unit_detail,,printed x100,"DNABERT-2 train.py computes sklearn matthews_corrcoef (range -1 to 1); GUE tables print values such as 69.37, so values are MCC x100 (arXiv 2306.15006 Table 6)"
gue-result-nt-500m-1000g-transcription-factor-prediction-mouse-1-mcc,attributes.unit,percent,unitless,"DNABERT-2 train.py computes sklearn matthews_corrcoef (range -1 to 1); GUE tables print values such as 69.37, so values are MCC x100 (arXiv 2306.15006 Table 6)"
gue-result-nt-500m-1000g-transcription-factor-prediction-mouse-1-mcc,attributes.unit_detail,,printed x100,"DNABERT-2 train.py computes sklearn matthews_corrcoef (range -1 to 1); GUE tables print values such as 69.37, so values are MCC x100 (arXiv 2306.15006 Table 6)"
gue-result-nt-500m-1000g-transcription-factor-prediction-mouse-2-mcc,attributes.unit,percent,unitless,"DNABERT-2 train.py computes sklearn matthews_corrcoef (range -1 to 1); GUE tables print values such as 69.37, so values are MCC x100 (arXiv 2306.15006 Table 6)"
gue-result-nt-500m-1000g-transcription-factor-prediction-mouse-2-mcc,attributes.unit_detail,,printed x100,"DNABERT-2 train.py computes sklearn matthews_corrcoef (range -1 to 1); GUE tables print values such as 69.37, so values are MCC x100 (arXiv 2306.15006 Table 6)"
gue-result-nt-500m-1000g-transcription-factor-prediction-mouse-3-mcc,attributes.unit,percent,unitless,"DNABERT-2 train.py computes sklearn matthews_corrcoef (range -1 to 1); GUE tables print values such as 69.37, so values are MCC x100 (arXiv 2306.15006 Table 6)"
gue-result-nt-500m-1000g-transcription-factor-prediction-mouse-3-mcc,attributes.unit_detail,,printed x100,"DNABERT-2 train.py computes sklearn matthews_corrcoef (range -1 to 1); GUE tables print values such as 69.37, so values are MCC x100 (arXiv 2306.15006 Table 6)"
gue-result-nt-500m-1000g-transcription-factor-prediction-mouse-4-mcc,attributes.unit,percent,unitless,"DNABERT-2 train.py computes sklearn matthews_corrcoef (range -1 to 1); GUE tables print values such as 69.37, so values are MCC x100 (arXiv 2306.15006 Table 6)"
gue-result-nt-500m-1000g-transcription-factor-prediction-mouse-4-mcc,attributes.unit_detail,,printed x100,"DNABERT-2 train.py computes sklearn matthews_corrcoef (range -1 to 1); GUE tables print values such as 69.37, so values are MCC x100 (arXiv 2306.15006 Table 6)"
gue-result-nt-500m-human-core-promoter-detection-all-mcc,attributes.unit,percent,unitless,"DNABERT-2 train.py computes sklearn matthews_corrcoef (range -1 to 1); GUE tables print values such as 69.37, so values are MCC x100 (arXiv 2306.15006 Table 6)"
gue-result-nt-500m-human-core-promoter-detection-all-mcc,attributes.unit_detail,,printed x100,"DNABERT-2 train.py computes sklearn matthews_corrcoef (range -1 to 1); GUE tables print values such as 69.37, so values are MCC x100 (arXiv 2306.15006 Table 6)"
gue-result-nt-500m-human-core-promoter-detection-notata-mcc,attributes.unit,percent,unitless,"DNABERT-2 train.py computes sklearn matthews_corrcoef (range -1 to 1); GUE tables print values such as 69.37, so values are MCC x100 (arXiv 2306.15006 Table 6)"
gue-result-nt-500m-human-core-promoter-detection-notata-mcc,attributes.unit_detail,,printed x100,"DNABERT-2 train.py computes sklearn matthews_corrcoef (range -1 to 1); GUE tables print values such as 69.37, so values are MCC x100 (arXiv 2306.15006 Table 6)"
gue-result-nt-500m-human-core-promoter-detection-tata-mcc,attributes.unit,percent,unitless,"DNABERT-2 train.py computes sklearn matthews_corrcoef (range -1 to 1); GUE tables print values such as 69.37, so values are MCC x100 (arXiv 2306.15006 Table 6)"
gue-result-nt-500m-human-core-promoter-detection-tata-mcc,attributes.unit_detail,,printed x100,"DNABERT-2 train.py computes sklearn matthews_corrcoef (range -1 to 1); GUE tables print values such as 69.37, so values are MCC x100 (arXiv 2306.15006 Table 6)"
gue-result-nt-500m-human-epigenetic-marks-prediction-h3-mcc,attributes.unit,percent,unitless,"DNABERT-2 train.py computes sklearn matthews_corrcoef (range -1 to 1); GUE tables print values such as 69.37, so values are MCC x100 (arXiv 2306.15006 Table 6)"
gue-result-nt-500m-human-epigenetic-marks-prediction-h3-mcc,attributes.unit_detail,,printed x100,"DNABERT-2 train.py computes sklearn matthews_corrcoef (range -1 to 1); GUE tables print values such as 69.37, so values are MCC x100 (arXiv 2306.15006 Table 6)"
gue-result-nt-500m-human-epigenetic-marks-prediction-h3k14ac-mcc,attributes.unit,percent,unitless,"DNABERT-2 train.py computes sklearn matthews_corrcoef (range -1 to 1); GUE tables print values such as 69.37, so values are MCC x100 (arXiv 2306.15006 Table 6)"
gue-result-nt-500m-human-epigenetic-marks-prediction-h3k14ac-mcc,attributes.unit_detail,,printed x100,"DNABERT-2 train.py computes sklearn matthews_corrcoef (range -1 to 1); GUE tables print values such as 69.37, so values are MCC x100 (arXiv 2306.15006 Table 6)"
gue-result-nt-500m-human-epigenetic-marks-prediction-h3k36me3-mcc,attributes.unit,percent,unitless,"DNABERT-2 train.py computes sklearn matthews_corrcoef (range -1 to 1); GUE tables print values such as 69.37, so values are MCC x100 (arXiv 2306.15006 Table 6)"
gue-result-nt-500m-human-epigenetic-marks-prediction-h3k36me3-mcc,attributes.unit_detail,,printed x100,"DNABERT-2 train.py computes sklearn matthews_corrcoef (range -1 to 1); GUE tables print values such as 69.37, so values are MCC x100 (arXiv 2306.15006 Table 6)"
gue-result-nt-500m-human-epigenetic-marks-prediction-h3k4me1-mcc,attributes.unit,percent,unitless,"DNABERT-2 train.py computes sklearn matthews_corrcoef (range -1 to 1); GUE tables print values such as 69.37, so values are MCC x100 (arXiv 2306.15006 Table 6)"
gue-result-nt-500m-human-epigenetic-marks-prediction-h3k4me1-mcc,attributes.unit_detail,,printed x100,"DNABERT-2 train.py computes sklearn matthews_corrcoef (range -1 to 1); GUE tables print values such as 69.37, so values are MCC x100 (arXiv 2306.15006 Table 6)"
gue-result-nt-500m-human-epigenetic-marks-prediction-h3k4me2-mcc,attributes.unit,percent,unitless,"DNABERT-2 train.py computes sklearn matthews_corrcoef (range -1 to 1); GUE tables print values such as 69.37, so values are MCC x100 (arXiv 2306.15006 Table 6)"
gue-result-nt-500m-human-epigenetic-marks-prediction-h3k4me2-mcc,attributes.unit_detail,,printed x100,"DNABERT-2 train.py computes sklearn matthews_corrcoef (range -1 to 1); GUE tables print values such as 69.37, so values are MCC x100 (arXiv 2306.15006 Table 6)"
gue-result-nt-500m-human-epigenetic-marks-prediction-h3k4me3-mcc,attributes.unit,percent,unitless,"DNABERT-2 train.py computes sklearn matthews_corrcoef (range -1 to 1); GUE tables print values such as 69.37, so values are MCC x100 (arXiv 2306.15006 Table 6)"
gue-result-nt-500m-human-epigenetic-marks-prediction-h3k4me3-mcc,attributes.unit_detail,,printed x100,"DNABERT-2 train.py computes sklearn matthews_corrcoef (range -1 to 1); GUE tables print values such as 69.37, so values are MCC x100 (arXiv 2306.15006 Table 6)"
gue-result-nt-500m-human-epigenetic-marks-prediction-h3k79me3-mcc,attributes.unit,percent,unitless,"DNABERT-2 train.py computes sklearn matthews_corrcoef (range -1 to 1); GUE tables print values such as 69.37, so values are MCC x100 (arXiv 2306.15006 Table 6)"
gue-result-nt-500m-human-epigenetic-marks-prediction-h3k79me3-mcc,attributes.unit_detail,,printed x100,"DNABERT-2 train.py computes sklearn matthews_corrcoef (range -1 to 1); GUE tables print values such as 69.37, so values are MCC x100 (arXiv 2306.15006 Table 6)"
gue-result-nt-500m-human-epigenetic-marks-prediction-h3k9ac-mcc,attributes.unit,percent,unitless,"DNABERT-2 train.py computes sklearn matthews_corrcoef (range -1 to 1); GUE tables print values such as 69.37, so values are MCC x100 (arXiv 2306.15006 Table 6)"
gue-result-nt-500m-human-epigenetic-marks-prediction-h3k9ac-mcc,attributes.unit_detail,,printed x100,"DNABERT-2 train.py computes sklearn matthews_corrcoef (range -1 to 1); GUE tables print values such as 69.37, so values are MCC x100 (arXiv 2306.15006 Table 6)"
gue-result-nt-500m-human-epigenetic-marks-prediction-h4-mcc,attributes.unit,percent,unitless,"DNABERT-2 train.py computes sklearn matthews_corrcoef (range -1 to 1); GUE tables print values such as 69.37, so values are MCC x100 (arXiv 2306.15006 Table 6)"
gue-result-nt-500m-human-epigenetic-marks-prediction-h4-mcc,attributes.unit_detail,,printed x100,"DNABERT-2 train.py computes sklearn matthews_corrcoef (range -1 to 1); GUE tables print values such as 69.37, so values are MCC x100 (arXiv 2306.15006 Table 6)"
gue-result-nt-500m-human-epigenetic-marks-prediction-h4ac-mcc,attributes.unit,percent,unitless,"DNABERT-2 train.py computes sklearn matthews_corrcoef (range -1 to 1); GUE tables print values such as 69.37, so values are MCC x100 (arXiv 2306.15006 Table 6)"
gue-result-nt-500m-human-epigenetic-marks-prediction-h4ac-mcc,attributes.unit_detail,,printed x100,"DNABERT-2 train.py computes sklearn matthews_corrcoef (range -1 to 1); GUE tables print values such as 69.37, so values are MCC x100 (arXiv 2306.15006 Table 6)"
gue-result-nt-500m-human-promoter-detection-all-mcc,attributes.unit,percent,unitless,"DNABERT-2 train.py computes sklearn matthews_corrcoef (range -1 to 1); GUE tables print values such as 69.37, so values are MCC x100 (arXiv 2306.15006 Table 6)"
gue-result-nt-500m-human-promoter-detection-all-mcc,attributes.unit_detail,,printed x100,"DNABERT-2 train.py computes sklearn matthews_corrcoef (range -1 to 1); GUE tables print values such as 69.37, so values are MCC x100 (arXiv 2306.15006 Table 6)"
gue-result-nt-500m-human-promoter-detection-notata-mcc,attributes.unit,percent,unitless,"DNABERT-2 train.py computes sklearn matthews_corrcoef (range -1 to 1); GUE tables print values such as 69.37, so values are MCC x100 (arXiv 2306.15006 Table 6)"
gue-result-nt-500m-human-promoter-detection-notata-mcc,attributes.unit_detail,,printed x100,"DNABERT-2 train.py computes sklearn matthews_corrcoef (range -1 to 1); GUE tables print values such as 69.37, so values are MCC x100 (arXiv 2306.15006 Table 6)"
gue-result-nt-500m-human-promoter-detection-tata-mcc,attributes.unit,percent,unitless,"DNABERT-2 train.py computes sklearn matthews_corrcoef (range -1 to 1); GUE tables print values such as 69.37, so values are MCC x100 (arXiv 2306.15006 Table 6)"
gue-result-nt-500m-human-promoter-detection-tata-mcc,attributes.unit_detail,,printed x100,"DNABERT-2 train.py computes sklearn matthews_corrcoef (range -1 to 1); GUE tables print values such as 69.37, so values are MCC x100 (arXiv 2306.15006 Table 6)"
gue-result-nt-500m-human-splice-site-prediction-reconstruct-mcc,attributes.unit,percent,unitless,"DNABERT-2 train.py computes sklearn matthews_corrcoef (range -1 to 1); GUE tables print values such as 69.37, so values are MCC x100 (arXiv 2306.15006 Table 6)"
gue-result-nt-500m-human-splice-site-prediction-reconstruct-mcc,attributes.unit_detail,,printed x100,"DNABERT-2 train.py computes sklearn matthews_corrcoef (range -1 to 1); GUE tables print values such as 69.37, so values are MCC x100 (arXiv 2306.15006 Table 6)"
gue-result-nt-500m-human-transcription-factor-prediction-human-0-mcc,attributes.unit,percent,unitless,"DNABERT-2 train.py computes sklearn matthews_corrcoef (range -1 to 1); GUE tables print values such as 69.37, so values are MCC x100 (arXiv 2306.15006 Table 6)"
gue-result-nt-500m-human-transcription-factor-prediction-human-0-mcc,attributes.unit_detail,,printed x100,"DNABERT-2 train.py computes sklearn matthews_corrcoef (range -1 to 1); GUE tables print values such as 69.37, so values are MCC x100 (arXiv 2306.15006 Table 6)"
gue-result-nt-500m-human-transcription-factor-prediction-human-1-mcc,attributes.unit,percent,unitless,"DNABERT-2 train.py computes sklearn matthews_corrcoef (range -1 to 1); GUE tables print values such as 69.37, so values are MCC x100 (arXiv 2306.15006 Table 6)"
gue-result-nt-500m-human-transcription-factor-prediction-human-1-mcc,attributes.unit_detail,,printed x100,"DNABERT-2 train.py computes sklearn matthews_corrcoef (range -1 to 1); GUE tables print values such as 69.37, so values are MCC x100 (arXiv 2306.15006 Table 6)"
gue-result-nt-500m-human-transcription-factor-prediction-human-2-mcc,attributes.unit,percent,unitless,"DNABERT-2 train.py computes sklearn matthews_corrcoef (range -1 to 1); GUE tables print values such as 69.37, so values are MCC x100 (arXiv 2306.15006 Table 6)"
gue-result-nt-500m-human-transcription-factor-prediction-human-2-mcc,attributes.unit_detail,,printed x100,"DNABERT-2 train.py computes sklearn matthews_corrcoef (range -1 to 1); GUE tables print values such as 69.37, so values are MCC x100 (arXiv 2306.15006 Table 6)"
gue-result-nt-500m-human-transcription-factor-prediction-human-3-mcc,attributes.unit,percent,unitless,"DNABERT-2 train.py computes sklearn matthews_corrcoef (range -1 to 1); GUE tables print values such as 69.37, so values are MCC x100 (arXiv 2306.15006 Table 6)"
gue-result-nt-500m-human-transcription-factor-prediction-human-3-mcc,attributes.unit_detail,,printed x100,"DNABERT-2 train.py computes sklearn matthews_corrcoef (range -1 to 1); GUE tables print values such as 69.37, so values are MCC x100 (arXiv 2306.15006 Table 6)"
gue-result-nt-500m-human-transcription-factor-prediction-human-4-mcc,attributes.unit,percent,unitless,"DNABERT-2 train.py computes sklearn matthews_corrcoef (range -1 to 1); GUE tables print values such as 69.37, so values are MCC x100 (arXiv 2306.15006 Table 6)"
gue-result-nt-500m-human-transcription-factor-prediction-human-4-mcc,attributes.unit_detail,,printed x100,"DNABERT-2 train.py computes sklearn matthews_corrcoef (range -1 to 1); GUE tables print values such as 69.37, so values are MCC x100 (arXiv 2306.15006 Table 6)"
gue-result-nt-500m-human-transcription-factor-prediction-mouse-0-mcc,attributes.unit,percent,unitless,"DNABERT-2 train.py computes sklearn matthews_corrcoef (range -1 to 1); GUE tables print values such as 69.37, so values are MCC x100 (arXiv 2306.15006 Table 6)"
gue-result-nt-500m-human-transcription-factor-prediction-mouse-0-mcc,attributes.unit_detail,,printed x100,"DNABERT-2 train.py computes sklearn matthews_corrcoef (range -1 to 1); GUE tables print values such as 69.37, so values are MCC x100 (arXiv 2306.15006 Table 6)"
gue-result-nt-500m-human-transcription-factor-prediction-mouse-1-mcc,attributes.unit,percent,unitless,"DNABERT-2 train.py computes sklearn matthews_corrcoef (range -1 to 1); GUE tables print values such as 69.37, so values are MCC x100 (arXiv 2306.15006 Table 6)"
gue-result-nt-500m-human-transcription-factor-prediction-mouse-1-mcc,attributes.unit_detail,,printed x100,"DNABERT-2 train.py computes sklearn matthews_corrcoef (range -1 to 1); GUE tables print values such as 69.37, so values are MCC x100 (arXiv 2306.15006 Table 6)"
gue-result-nt-500m-human-transcription-factor-prediction-mouse-2-mcc,attributes.unit,percent,unitless,"DNABERT-2 train.py computes sklearn matthews_corrcoef (range -1 to 1); GUE tables print values such as 69.37, so values are MCC x100 (arXiv 2306.15006 Table 6)"
gue-result-nt-500m-human-transcription-factor-prediction-mouse-2-mcc,attributes.unit_detail,,printed x100,"DNABERT-2 train.py computes sklearn matthews_corrcoef (range -1 to 1); GUE tables print values such as 69.37, so values are MCC x100 (arXiv 2306.15006 Table 6)"
gue-result-nt-500m-human-transcription-factor-prediction-mouse-3-mcc,attributes.unit,percent,unitless,"DNABERT-2 train.py computes sklearn matthews_corrcoef (range -1 to 1); GUE tables print values such as 69.37, so values are MCC x100 (arXiv 2306.15006 Table 6)"
gue-result-nt-500m-human-transcription-factor-prediction-mouse-3-mcc,attributes.unit_detail,,printed x100,"DNABERT-2 train.py computes sklearn matthews_corrcoef (range -1 to 1); GUE tables print values such as 69.37, so values are MCC x100 (arXiv 2306.15006 Table 6)"
gue-result-nt-500m-human-transcription-factor-prediction-mouse-4-mcc,attributes.unit,percent,unitless,"DNABERT-2 train.py computes sklearn matthews_corrcoef (range -1 to 1); GUE tables print values such as 69.37, so values are MCC x100 (arXiv 2306.15006 Table 6)"
gue-result-nt-500m-human-transcription-factor-prediction-mouse-4-mcc,attributes.unit_detail,,printed x100,"DNABERT-2 train.py computes sklearn matthews_corrcoef (range -1 to 1); GUE tables print values such as 69.37, so values are MCC x100 (arXiv 2306.15006 Table 6)"
lit-b4-008,attributes.unit,percent,unitless,AUROC is listed as unitless in data/vocab/unit.ttl (unitless definition names AUC); source prints AUC x100; column headed AUC (%)
lit-b4-008,attributes.unit_detail,,printed x100,AUROC is listed as unitless in data/vocab/unit.ttl (unitless definition names AUC); source prints AUC x100; column headed AUC (%)
lit-b4-009,attributes.unit,percent,unitless,AUROC is listed as unitless in data/vocab/unit.ttl (unitless definition names AUC); source prints AUC x100; column headed AUC (%)
lit-b4-009,attributes.unit_detail,,printed x100,AUROC is listed as unitless in data/vocab/unit.ttl (unitless definition names AUC); source prints AUC x100; column headed AUC (%)
paper-result-088aaf71a44cdc5709,attributes.unit,percent,unitless,AUROC is listed as unitless in data/vocab/unit.ttl (unitless definition names AUC); source prints AUC x100; column headed AUC (%)
paper-result-088aaf71a44cdc5709,attributes.unit_detail,,printed x100,AUROC is listed as unitless in data/vocab/unit.ttl (unitless definition names AUC); source prints AUC x100; column headed AUC (%)
paper-result-13ca62957ffa02eef1,attributes.unit,percent,unitless,AUROC is listed as unitless in data/vocab/unit.ttl (unitless definition names AUC); source prints AUC x100; column headed AUC (%)
paper-result-13ca62957ffa02eef1,attributes.unit_detail,,printed x100,AUROC is listed as unitless in data/vocab/unit.ttl (unitless definition names AUC); source prints AUC x100; column headed AUC (%)
paper-result-6536626a03a3ef62f0,attributes.unit,percent,unitless,AUROC is listed as unitless in data/vocab/unit.ttl (unitless definition names AUC); source prints AUC x100; column headed AUC (%)
paper-result-6536626a03a3ef62f0,attributes.unit_detail,,printed x100,AUROC is listed as unitless in data/vocab/unit.ttl (unitless definition names AUC); source prints AUC x100; column headed AUC (%)
paper-result-a19e0533c00420b50c,attributes.unit,percent,unitless,AUROC is listed as unitless in data/vocab/unit.ttl (unitless definition names AUC); source prints AUC x100; column headed AUC (%)
paper-result-a19e0533c00420b50c,attributes.unit_detail,,printed x100,AUROC is listed as unitless in data/vocab/unit.ttl (unitless definition names AUC); source prints AUC x100; column headed AUC (%)
paper-result-a541b9f3a77eec62e2,attributes.unit,percent,unitless,AUROC is listed as unitless in data/vocab/unit.ttl (unitless definition names AUC); source prints AUC x100; column headed AUC (%)
paper-result-a541b9f3a77eec62e2,attributes.unit_detail,,printed x100,AUROC is listed as unitless in data/vocab/unit.ttl (unitless definition names AUC); source prints AUC x100; column headed AUC (%)
paper-result-b740d08b806206779f,attributes.unit,percent,unitless,AUROC is listed as unitless in data/vocab/unit.ttl (unitless definition names AUC); source prints AUC x100; column headed AUC (%)
paper-result-b740d08b806206779f,attributes.unit_detail,,printed x100,AUROC is listed as unitless in data/vocab/unit.ttl (unitless definition names AUC); source prints AUC x100; column headed AUC (%)
paper-result-e2941183edbcf0f806,attributes.unit,percent,unitless,AUROC is listed as unitless in data/vocab/unit.ttl (unitless definition names AUC); source prints AUC x100; column headed AUC (%)
paper-result-e2941183edbcf0f806,attributes.unit_detail,,printed x100,AUROC is listed as unitless in data/vocab/unit.ttl (unitless definition names AUC); source prints AUC x100; column headed AUC (%)
acquired-result-01c287c3c5592a9df6ee,attributes.unit,fraction,unitless,"TM-score is a length-normalised sum of distance-weighted residue terms in (0,1], not a proportion of items (Zhang & Skolnick 2004, Proteins 57:702, doi:10.1002/prot.20264)"
acquired-result-027181e7314f8e7c23fb,attributes.unit,fraction,unitless,"TM-score is a length-normalised sum of distance-weighted residue terms in (0,1], not a proportion of items (Zhang & Skolnick 2004, Proteins 57:702, doi:10.1002/prot.20264)"
acquired-result-04f94e84183c47db1764,attributes.unit,fraction,unitless,"TM-score is a length-normalised sum of distance-weighted residue terms in (0,1], not a proportion of items (Zhang & Skolnick 2004, Proteins 57:702, doi:10.1002/prot.20264)"
acquired-result-063e0f0e2e3b1d4fe0c2,attributes.unit,fraction,unitless,"TM-score is a length-normalised sum of distance-weighted residue terms in (0,1], not a proportion of items (Zhang & Skolnick 2004, Proteins 57:702, doi:10.1002/prot.20264)"
acquired-result-0660946fb50e11ca560c,attributes.unit,fraction,unitless,"TM-score is a length-normalised sum of distance-weighted residue terms in (0,1], not a proportion of items (Zhang & Skolnick 2004, Proteins 57:702, doi:10.1002/prot.20264)"
acquired-result-0ad8058ee3314985a5d4,attributes.unit,fraction,unitless,"TM-score is a length-normalised sum of distance-weighted residue terms in (0,1], not a proportion of items (Zhang & Skolnick 2004, Proteins 57:702, doi:10.1002/prot.20264)"
acquired-result-0afb8420f0b41beec370,attributes.unit,fraction,unitless,"TM-score is a length-normalised sum of distance-weighted residue terms in (0,1], not a proportion of items (Zhang & Skolnick 2004, Proteins 57:702, doi:10.1002/prot.20264)"
acquired-result-0ca994abd1b9c4ba5da6,attributes.unit,fraction,unitless,"TM-score is a length-normalised sum of distance-weighted residue terms in (0,1], not a proportion of items (Zhang & Skolnick 2004, Proteins 57:702, doi:10.1002/prot.20264)"
acquired-result-1108c549c63e51ca412e,attributes.unit,fraction,unitless,"TM-score is a length-normalised sum of distance-weighted residue terms in (0,1], not a proportion of items (Zhang & Skolnick 2004, Proteins 57:702, doi:10.1002/prot.20264)"
acquired-result-1a1235dbea71ec373991,attributes.unit,fraction,unitless,"TM-score is a length-normalised sum of distance-weighted residue terms in (0,1], not a proportion of items (Zhang & Skolnick 2004, Proteins 57:702, doi:10.1002/prot.20264)"
acquired-result-1b61e4c426506a09c88d,attributes.unit,fraction,unitless,"TM-score is a length-normalised sum of distance-weighted residue terms in (0,1], not a proportion of items (Zhang & Skolnick 2004, Proteins 57:702, doi:10.1002/prot.20264)"
acquired-result-1bd2c290cf7c705fdd80,attributes.unit,fraction,unitless,"TM-score is a length-normalised sum of distance-weighted residue terms in (0,1], not a proportion of items (Zhang & Skolnick 2004, Proteins 57:702, doi:10.1002/prot.20264)"
acquired-result-206a4c0d46ddad87c4ae,attributes.unit,fraction,unitless,"TM-score is a length-normalised sum of distance-weighted residue terms in (0,1], not a proportion of items (Zhang & Skolnick 2004, Proteins 57:702, doi:10.1002/prot.20264)"
acquired-result-22e59cd2d5e6ca5325dc,attributes.unit,fraction,unitless,"TM-score is a length-normalised sum of distance-weighted residue terms in (0,1], not a proportion of items (Zhang & Skolnick 2004, Proteins 57:702, doi:10.1002/prot.20264)"
acquired-result-2a6d9728249ec21ee83e,attributes.unit,fraction,unitless,"TM-score is a length-normalised sum of distance-weighted residue terms in (0,1], not a proportion of items (Zhang & Skolnick 2004, Proteins 57:702, doi:10.1002/prot.20264)"
acquired-result-2b5711022a06424309ed,attributes.unit,fraction,unitless,"TM-score is a length-normalised sum of distance-weighted residue terms in (0,1], not a proportion of items (Zhang & Skolnick 2004, Proteins 57:702, doi:10.1002/prot.20264)"
acquired-result-2d07fa76f0a35a4f6f2f,attributes.unit,fraction,unitless,"TM-score is a length-normalised sum of distance-weighted residue terms in (0,1], not a proportion of items (Zhang & Skolnick 2004, Proteins 57:702, doi:10.1002/prot.20264)"
acquired-result-30827e4d0d2ecadf05b7,attributes.unit,fraction,unitless,"TM-score is a length-normalised sum of distance-weighted residue terms in (0,1], not a proportion of items (Zhang & Skolnick 2004, Proteins 57:702, doi:10.1002/prot.20264)"
acquired-result-313bf40b5655791a5b3e,attributes.unit,fraction,unitless,"TM-score is a length-normalised sum of distance-weighted residue terms in (0,1], not a proportion of items (Zhang & Skolnick 2004, Proteins 57:702, doi:10.1002/prot.20264)"
acquired-result-31c2a5ee2fef6caabe6e,attributes.unit,fraction,unitless,"TM-score is a length-normalised sum of distance-weighted residue terms in (0,1], not a proportion of items (Zhang & Skolnick 2004, Proteins 57:702, doi:10.1002/prot.20264)"
acquired-result-39e2224c93c3d999d912,attributes.unit,fraction,unitless,"TM-score is a length-normalised sum of distance-weighted residue terms in (0,1], not a proportion of items (Zhang & Skolnick 2004, Proteins 57:702, doi:10.1002/prot.20264)"
acquired-result-3bc2a2b58c1124ff5ddc,attributes.unit,fraction,unitless,"TM-score is a length-normalised sum of distance-weighted residue terms in (0,1], not a proportion of items (Zhang & Skolnick 2004, Proteins 57:702, doi:10.1002/prot.20264)"
acquired-result-3c43bd4dbceeee8d2357,attributes.unit,fraction,unitless,"TM-score is a length-normalised sum of distance-weighted residue terms in (0,1], not a proportion of items (Zhang & Skolnick 2004, Proteins 57:702, doi:10.1002/prot.20264)"
acquired-result-3fd652e61e46b9ef097a,attributes.unit,fraction,unitless,"TM-score is a length-normalised sum of distance-weighted residue terms in (0,1], not a proportion of items (Zhang & Skolnick 2004, Proteins 57:702, doi:10.1002/prot.20264)"
acquired-result-43078b1f204f52868c1f,attributes.unit,fraction,unitless,"TM-score is a length-normalised sum of distance-weighted residue terms in (0,1], not a proportion of items (Zhang & Skolnick 2004, Proteins 57:702, doi:10.1002/prot.20264)"
acquired-result-45d8250d2208b2173254,attributes.unit,fraction,unitless,"TM-score is a length-normalised sum of distance-weighted residue terms in (0,1], not a proportion of items (Zhang & Skolnick 2004, Proteins 57:702, doi:10.1002/prot.20264)"
acquired-result-464ecddeefec0b652769,attributes.unit,fraction,unitless,"TM-score is a length-normalised sum of distance-weighted residue terms in (0,1], not a proportion of items (Zhang & Skolnick 2004, Proteins 57:702, doi:10.1002/prot.20264)"
acquired-result-4c47355d208752d574db,attributes.unit,fraction,unitless,"TM-score is a length-normalised sum of distance-weighted residue terms in (0,1], not a proportion of items (Zhang & Skolnick 2004, Proteins 57:702, doi:10.1002/prot.20264)"
acquired-result-5164bfc755e886cad942,attributes.unit,fraction,unitless,"TM-score is a length-normalised sum of distance-weighted residue terms in (0,1], not a proportion of items (Zhang & Skolnick 2004, Proteins 57:702, doi:10.1002/prot.20264)"
acquired-result-5829b99d35eb27d1725c,attributes.unit,fraction,unitless,"TM-score is a length-normalised sum of distance-weighted residue terms in (0,1], not a proportion of items (Zhang & Skolnick 2004, Proteins 57:702, doi:10.1002/prot.20264)"
acquired-result-59e358ee053aaa73f464,attributes.unit,fraction,unitless,"TM-score is a length-normalised sum of distance-weighted residue terms in (0,1], not a proportion of items (Zhang & Skolnick 2004, Proteins 57:702, doi:10.1002/prot.20264)"
acquired-result-61151a86bfdf14b6d617,attributes.unit,fraction,unitless,"TM-score is a length-normalised sum of distance-weighted residue terms in (0,1], not a proportion of items (Zhang & Skolnick 2004, Proteins 57:702, doi:10.1002/prot.20264)"
acquired-result-65ecd9134561c82396d2,attributes.unit,fraction,unitless,"TM-score is a length-normalised sum of distance-weighted residue terms in (0,1], not a proportion of items (Zhang & Skolnick 2004, Proteins 57:702, doi:10.1002/prot.20264)"
acquired-result-6cd4d2e030fe5930a333,attributes.unit,fraction,unitless,"TM-score is a length-normalised sum of distance-weighted residue terms in (0,1], not a proportion of items (Zhang & Skolnick 2004, Proteins 57:702, doi:10.1002/prot.20264)"
acquired-result-6f577211dad2014eeb09,attributes.unit,fraction,unitless,"TM-score is a length-normalised sum of distance-weighted residue terms in (0,1], not a proportion of items (Zhang & Skolnick 2004, Proteins 57:702, doi:10.1002/prot.20264)"
acquired-result-72ccd7da4fb52cb5b813,attributes.unit,fraction,unitless,"TM-score is a length-normalised sum of distance-weighted residue terms in (0,1], not a proportion of items (Zhang & Skolnick 2004, Proteins 57:702, doi:10.1002/prot.20264)"
acquired-result-76aa9706d40fac0fe86b,attributes.unit,fraction,unitless,"TM-score is a length-normalised sum of distance-weighted residue terms in (0,1], not a proportion of items (Zhang & Skolnick 2004, Proteins 57:702, doi:10.1002/prot.20264)"
acquired-result-7d7b37407c2c577cdbc9,attributes.unit,fraction,unitless,"TM-score is a length-normalised sum of distance-weighted residue terms in (0,1], not a proportion of items (Zhang & Skolnick 2004, Proteins 57:702, doi:10.1002/prot.20264)"
acquired-result-8764d25503a55930e54b,attributes.unit,fraction,unitless,"TM-score is a length-normalised sum of distance-weighted residue terms in (0,1], not a proportion of items (Zhang & Skolnick 2004, Proteins 57:702, doi:10.1002/prot.20264)"
acquired-result-8c342bdda206cb87f50c,attributes.unit,fraction,unitless,"TM-score is a length-normalised sum of distance-weighted residue terms in (0,1], not a proportion of items (Zhang & Skolnick 2004, Proteins 57:702, doi:10.1002/prot.20264)"
acquired-result-96cccff69ac704524be0,attributes.unit,fraction,unitless,"TM-score is a length-normalised sum of distance-weighted residue terms in (0,1], not a proportion of items (Zhang & Skolnick 2004, Proteins 57:702, doi:10.1002/prot.20264)"
acquired-result-97055ee00889a371b169,attributes.unit,fraction,unitless,"TM-score is a length-normalised sum of distance-weighted residue terms in (0,1], not a proportion of items (Zhang & Skolnick 2004, Proteins 57:702, doi:10.1002/prot.20264)"
acquired-result-9843c41b56af47d75fbe,attributes.unit,fraction,unitless,"TM-score is a length-normalised sum of distance-weighted residue terms in (0,1], not a proportion of items (Zhang & Skolnick 2004, Proteins 57:702, doi:10.1002/prot.20264)"
acquired-result-9846bb3c02daa22dd0d7,attributes.unit,fraction,unitless,"TM-score is a length-normalised sum of distance-weighted residue terms in (0,1], not a proportion of items (Zhang & Skolnick 2004, Proteins 57:702, doi:10.1002/prot.20264)"
acquired-result-99b994bdd5a80ef7fe57,attributes.unit,fraction,unitless,"TM-score is a length-normalised sum of distance-weighted residue terms in (0,1], not a proportion of items (Zhang & Skolnick 2004, Proteins 57:702, doi:10.1002/prot.20264)"
acquired-result-9b2d500f0ad25b559cae,attributes.unit,fraction,unitless,"TM-score is a length-normalised sum of distance-weighted residue terms in (0,1], not a proportion of items (Zhang & Skolnick 2004, Proteins 57:702, doi:10.1002/prot.20264)"
acquired-result-9d639a454c4a055fa487,attributes.unit,fraction,unitless,"TM-score is a length-normalised sum of distance-weighted residue terms in (0,1], not a proportion of items (Zhang & Skolnick 2004, Proteins 57:702, doi:10.1002/prot.20264)"
acquired-result-9de11730ae14df25b941,attributes.unit,fraction,unitless,"TM-score is a length-normalised sum of distance-weighted residue terms in (0,1], not a proportion of items (Zhang & Skolnick 2004, Proteins 57:702, doi:10.1002/prot.20264)"
acquired-result-9fa3b6e0995af50a56dc,attributes.unit,fraction,unitless,"TM-score is a length-normalised sum of distance-weighted residue terms in (0,1], not a proportion of items (Zhang & Skolnick 2004, Proteins 57:702, doi:10.1002/prot.20264)"
acquired-result-a04b3c0e9ffabeef173c,attributes.unit,fraction,unitless,"TM-score is a length-normalised sum of distance-weighted residue terms in (0,1], not a proportion of items (Zhang & Skolnick 2004, Proteins 57:702, doi:10.1002/prot.20264)"
acquired-result-a0e26cb49a2e50c117d9,attributes.unit,fraction,unitless,"TM-score is a length-normalised sum of distance-weighted residue terms in (0,1], not a proportion of items (Zhang & Skolnick 2004, Proteins 57:702, doi:10.1002/prot.20264)"
acquired-result-a306bda1e516796118f4,attributes.unit,fraction,unitless,"TM-score is a length-normalised sum of distance-weighted residue terms in (0,1], not a proportion of items (Zhang & Skolnick 2004, Proteins 57:702, doi:10.1002/prot.20264)"
acquired-result-a350dfa874371f6cd022,attributes.unit,fraction,unitless,"TM-score is a length-normalised sum of distance-weighted residue terms in (0,1], not a proportion of items (Zhang & Skolnick 2004, Proteins 57:702, doi:10.1002/prot.20264)"
acquired-result-a812b4e85591004e4d77,attributes.unit,fraction,unitless,"TM-score is a length-normalised sum of distance-weighted residue terms in (0,1], not a proportion of items (Zhang & Skolnick 2004, Proteins 57:702, doi:10.1002/prot.20264)"
acquired-result-aa8cc98c0fb553b8329a,attributes.unit,fraction,unitless,"TM-score is a length-normalised sum of distance-weighted residue terms in (0,1], not a proportion of items (Zhang & Skolnick 2004, Proteins 57:702, doi:10.1002/prot.20264)"
acquired-result-aff3969417e6d07979e2,attributes.unit,fraction,unitless,"TM-score is a length-normalised sum of distance-weighted residue terms in (0,1], not a proportion of items (Zhang & Skolnick 2004, Proteins 57:702, doi:10.1002/prot.20264)"
acquired-result-b4996f78ed70efa272f6,attributes.unit,fraction,unitless,"TM-score is a length-normalised sum of distance-weighted residue terms in (0,1], not a proportion of items (Zhang & Skolnick 2004, Proteins 57:702, doi:10.1002/prot.20264)"
acquired-result-b89110e07062aed56dd7,attributes.unit,fraction,unitless,"TM-score is a length-normalised sum of distance-weighted residue terms in (0,1], not a proportion of items (Zhang & Skolnick 2004, Proteins 57:702, doi:10.1002/prot.20264)"
acquired-result-bc95fec17bc5051ca10a,attributes.unit,fraction,unitless,"TM-score is a length-normalised sum of distance-weighted residue terms in (0,1], not a proportion of items (Zhang & Skolnick 2004, Proteins 57:702, doi:10.1002/prot.20264)"
acquired-result-bd317b9624999dbeb2a2,attributes.unit,fraction,unitless,"TM-score is a length-normalised sum of distance-weighted residue terms in (0,1], not a proportion of items (Zhang & Skolnick 2004, Proteins 57:702, doi:10.1002/prot.20264)"
acquired-result-c18b00eabf68ecc84c26,attributes.unit,fraction,unitless,"TM-score is a length-normalised sum of distance-weighted residue terms in (0,1], not a proportion of items (Zhang & Skolnick 2004, Proteins 57:702, doi:10.1002/prot.20264)"
acquired-result-cb6b817b228f0574ef3b,attributes.unit,fraction,unitless,"TM-score is a length-normalised sum of distance-weighted residue terms in (0,1], not a proportion of items (Zhang & Skolnick 2004, Proteins 57:702, doi:10.1002/prot.20264)"
acquired-result-cc05c8e1b87fc72550b3,attributes.unit,fraction,unitless,"TM-score is a length-normalised sum of distance-weighted residue terms in (0,1], not a proportion of items (Zhang & Skolnick 2004, Proteins 57:702, doi:10.1002/prot.20264)"
acquired-result-cd8e67f25c1a48bf64a7,attributes.unit,fraction,unitless,"TM-score is a length-normalised sum of distance-weighted residue terms in (0,1], not a proportion of items (Zhang & Skolnick 2004, Proteins 57:702, doi:10.1002/prot.20264)"
acquired-result-d0a00bed8f4c8404c65b,attributes.unit,fraction,unitless,"TM-score is a length-normalised sum of distance-weighted residue terms in (0,1], not a proportion of items (Zhang & Skolnick 2004, Proteins 57:702, doi:10.1002/prot.20264)"
acquired-result-d38c55eacb0054b4518b,attributes.unit,fraction,unitless,"TM-score is a length-normalised sum of distance-weighted residue terms in (0,1], not a proportion of items (Zhang & Skolnick 2004, Proteins 57:702, doi:10.1002/prot.20264)"
acquired-result-d3c13e4df79f302e73cd,attributes.unit,fraction,unitless,"TM-score is a length-normalised sum of distance-weighted residue terms in (0,1], not a proportion of items (Zhang & Skolnick 2004, Proteins 57:702, doi:10.1002/prot.20264)"
acquired-result-d4c78d1f946ff70e09b7,attributes.unit,fraction,unitless,"TM-score is a length-normalised sum of distance-weighted residue terms in (0,1], not a proportion of items (Zhang & Skolnick 2004, Proteins 57:702, doi:10.1002/prot.20264)"
acquired-result-d50a150f31e0c50b6eb1,attributes.unit,fraction,unitless,"TM-score is a length-normalised sum of distance-weighted residue terms in (0,1], not a proportion of items (Zhang & Skolnick 2004, Proteins 57:702, doi:10.1002/prot.20264)"
acquired-result-d6e17972ae2a086d8a39,attributes.unit,fraction,unitless,"TM-score is a length-normalised sum of distance-weighted residue terms in (0,1], not a proportion of items (Zhang & Skolnick 2004, Proteins 57:702, doi:10.1002/prot.20264)"
acquired-result-d9d66c2fc9c2d911faad,attributes.unit,fraction,unitless,"TM-score is a length-normalised sum of distance-weighted residue terms in (0,1], not a proportion of items (Zhang & Skolnick 2004, Proteins 57:702, doi:10.1002/prot.20264)"
acquired-result-dcfc315f3b95b3aed49a,attributes.unit,fraction,unitless,"TM-score is a length-normalised sum of distance-weighted residue terms in (0,1], not a proportion of items (Zhang & Skolnick 2004, Proteins 57:702, doi:10.1002/prot.20264)"
acquired-result-ded8f9b793feac17ef28,attributes.unit,fraction,unitless,"TM-score is a length-normalised sum of distance-weighted residue terms in (0,1], not a proportion of items (Zhang & Skolnick 2004, Proteins 57:702, doi:10.1002/prot.20264)"
acquired-result-e0a8d1f00f6079e88605,attributes.unit,fraction,unitless,"TM-score is a length-normalised sum of distance-weighted residue terms in (0,1], not a proportion of items (Zhang & Skolnick 2004, Proteins 57:702, doi:10.1002/prot.20264)"
acquired-result-e6fde2c4af69880493e8,attributes.unit,fraction,unitless,"TM-score is a length-normalised sum of distance-weighted residue terms in (0,1], not a proportion of items (Zhang & Skolnick 2004, Proteins 57:702, doi:10.1002/prot.20264)"
acquired-result-e9d5e077e1be593f55c1,attributes.unit,fraction,unitless,"TM-score is a length-normalised sum of distance-weighted residue terms in (0,1], not a proportion of items (Zhang & Skolnick 2004, Proteins 57:702, doi:10.1002/prot.20264)"
acquired-result-ebddfc874162e436fcb6,attributes.unit,fraction,unitless,"TM-score is a length-normalised sum of distance-weighted residue terms in (0,1], not a proportion of items (Zhang & Skolnick 2004, Proteins 57:702, doi:10.1002/prot.20264)"
acquired-result-ecde711587358b1a29a3,attributes.unit,fraction,unitless,"TM-score is a length-normalised sum of distance-weighted residue terms in (0,1], not a proportion of items (Zhang & Skolnick 2004, Proteins 57:702, doi:10.1002/prot.20264)"
acquired-result-ee08917b27075169eb60,attributes.unit,fraction,unitless,"TM-score is a length-normalised sum of distance-weighted residue terms in (0,1], not a proportion of items (Zhang & Skolnick 2004, Proteins 57:702, doi:10.1002/prot.20264)"
acquired-result-eff2731173f3ff1bd385,attributes.unit,fraction,unitless,"TM-score is a length-normalised sum of distance-weighted residue terms in (0,1], not a proportion of items (Zhang & Skolnick 2004, Proteins 57:702, doi:10.1002/prot.20264)"
acquired-result-f1501037bb5a93cc326b,attributes.unit,fraction,unitless,"TM-score is a length-normalised sum of distance-weighted residue terms in (0,1], not a proportion of items (Zhang & Skolnick 2004, Proteins 57:702, doi:10.1002/prot.20264)"
acquired-result-f3d8a61fd83e598d8137,attributes.unit,fraction,unitless,"TM-score is a length-normalised sum of distance-weighted residue terms in (0,1], not a proportion of items (Zhang & Skolnick 2004, Proteins 57:702, doi:10.1002/prot.20264)"
acquired-result-f50ffdfc0c11a8810fb3,attributes.unit,fraction,unitless,"TM-score is a length-normalised sum of distance-weighted residue terms in (0,1], not a proportion of items (Zhang & Skolnick 2004, Proteins 57:702, doi:10.1002/prot.20264)"
acquired-result-f53b8c169e46e84b9a34,attributes.unit,fraction,unitless,"TM-score is a length-normalised sum of distance-weighted residue terms in (0,1], not a proportion of items (Zhang & Skolnick 2004, Proteins 57:702, doi:10.1002/prot.20264)"
acquired-result-f83dc81efddd7074a82a,attributes.unit,fraction,unitless,"TM-score is a length-normalised sum of distance-weighted residue terms in (0,1], not a proportion of items (Zhang & Skolnick 2004, Proteins 57:702, doi:10.1002/prot.20264)"
acquired-result-f8dc4ccdd0af8ad55454,attributes.unit,fraction,unitless,"TM-score is a length-normalised sum of distance-weighted residue terms in (0,1], not a proportion of items (Zhang & Skolnick 2004, Proteins 57:702, doi:10.1002/prot.20264)"
acquired-result-fa91cb0312ac9dcbd866,attributes.unit,fraction,unitless,"TM-score is a length-normalised sum of distance-weighted residue terms in (0,1], not a proportion of items (Zhang & Skolnick 2004, Proteins 57:702, doi:10.1002/prot.20264)"
acquired-result-fa94eb642e0ea8b8b194,attributes.unit,fraction,unitless,"TM-score is a length-normalised sum of distance-weighted residue terms in (0,1], not a proportion of items (Zhang & Skolnick 2004, Proteins 57:702, doi:10.1002/prot.20264)"
acquired-result-fb44f2d8ecbdca1386e1,attributes.unit,fraction,unitless,"TM-score is a length-normalised sum of distance-weighted residue terms in (0,1], not a proportion of items (Zhang & Skolnick 2004, Proteins 57:702, doi:10.1002/prot.20264)"
acquired-result-fe0ea1d4131be5cd6c53,attributes.unit,fraction,unitless,"TM-score is a length-normalised sum of distance-weighted residue terms in (0,1], not a proportion of items (Zhang & Skolnick 2004, Proteins 57:702, doi:10.1002/prot.20264)"
atom3d-result-3dcnn-lep-auroc-auroc,attributes.unit,fraction,unitless,"data/vocab/unit.ttl defines unitless as covering ""scores, correlations, effect sizes, AUC""; 120 AUROC rows already use unitless"
atom3d-result-3dcnn-msp-auroc,attributes.unit,fraction,unitless,"data/vocab/unit.ttl defines unitless as covering ""scores, correlations, effect sizes, AUC""; 120 AUROC rows already use unitless"
atom3d-result-3dcnn-pip-auroc,attributes.unit,fraction,unitless,"data/vocab/unit.ttl defines unitless as covering ""scores, correlations, effect sizes, AUC""; 120 AUROC rows already use unitless"
atom3d-result-enn-lep-auroc-auroc,attributes.unit,fraction,unitless,"data/vocab/unit.ttl defines unitless as covering ""scores, correlations, effect sizes, AUC""; 120 AUROC rows already use unitless"
atom3d-result-enn-msp-auroc,attributes.unit,fraction,unitless,"data/vocab/unit.ttl defines unitless as covering ""scores, correlations, effect sizes, AUC""; 120 AUROC rows already use unitless"
atom3d-result-gnn-lep-auroc-auroc,attributes.unit,fraction,unitless,"data/vocab/unit.ttl defines unitless as covering ""scores, correlations, effect sizes, AUC""; 120 AUROC rows already use unitless"
atom3d-result-gnn-msp-auroc,attributes.unit,fraction,unitless,"data/vocab/unit.ttl defines unitless as covering ""scores, correlations, effect sizes, AUC""; 120 AUROC rows already use unitless"
atom3d-result-gnn-pip-auroc,attributes.unit,fraction,unitless,"data/vocab/unit.ttl defines unitless as covering ""scores, correlations, effect sizes, AUC""; 120 AUROC rows already use unitless"
atom3d-result-rao-et-al-2019-msp-auroc,attributes.unit,fraction,unitless,"data/vocab/unit.ttl defines unitless as covering ""scores, correlations, effect sizes, AUC""; 120 AUROC rows already use unitless"
atom3d-result-sanchez-garcia-et-al-2018-pip-auroc,attributes.unit,fraction,unitless,"data/vocab/unit.ttl defines unitless as covering ""scores, correlations, effect sizes, AUC""; 120 AUROC rows already use unitless"
atom3d-result-zt-rk-et-al-2018-lep-auroc-auroc,attributes.unit,fraction,unitless,"data/vocab/unit.ttl defines unitless as covering ""scores, correlations, effect sizes, AUC""; 120 AUROC rows already use unitless"
b2-2ome-lm-2025,attributes.unit,fraction,unitless,"data/vocab/unit.ttl defines unitless as covering ""scores, correlations, effect sizes, AUC""; 120 AUROC rows already use unitless"
b2-dnabert2-enhancer-2025,attributes.unit,fraction,unitless,"data/vocab/unit.ttl defines unitless as covering ""scores, correlations, effect sizes, AUC""; 120 AUROC rows already use unitless"
b2-fusion-breakpoint-foundation-models-2026,attributes.unit,fraction,unitless,"data/vocab/unit.ttl defines unitless as covering ""scores, correlations, effect sizes, AUC""; 120 AUROC rows already use unitless"
b2-gsmformer-ppi-2026,attributes.unit,fraction,unitless,"data/vocab/unit.ttl defines unitless as covering ""scores, correlations, effect sizes, AUC""; 120 AUROC rows already use unitless"
b2-megsite-2025,attributes.unit,fraction,unitless,"data/vocab/unit.ttl defines unitless as covering ""scores, correlations, effect sizes, AUC""; 120 AUROC rows already use unitless"
b2-mulan-2025,attributes.unit,fraction,unitless,"data/vocab/unit.ttl defines unitless as covering ""scores, correlations, effect sizes, AUC""; 120 AUROC rows already use unitless"
b2-phylogpn-2025,attributes.unit,fraction,unitless,"data/vocab/unit.ttl defines unitless as covering ""scores, correlations, effect sizes, AUC""; 120 AUROC rows already use unitless"
b2-polya-glm-2025,attributes.unit,fraction,unitless,"data/vocab/unit.ttl defines unitless as covering ""scores, correlations, effect sizes, AUC""; 120 AUROC rows already use unitless"
b2-rlsite-rna-binding-2025,attributes.unit,fraction,unitless,"data/vocab/unit.ttl defines unitless as covering ""scores, correlations, effect sizes, AUC""; 120 AUROC rows already use unitless"
b2-structure-informed-plm-2025,attributes.unit,fraction,unitless,"data/vocab/unit.ttl defines unitless as covering ""scores, correlations, effect sizes, AUC""; 120 AUROC rows already use unitless"
bend-result-awd-lstm-chromatin-auroc,attributes.unit,fraction,unitless,"data/vocab/unit.ttl defines unitless as covering ""scores, correlations, effect sizes, AUC""; 120 AUROC rows already use unitless"
bend-result-awd-lstm-cpg-auroc,attributes.unit,fraction,unitless,"data/vocab/unit.ttl defines unitless as covering ""scores, correlations, effect sizes, AUC""; 120 AUROC rows already use unitless"
bend-result-awd-lstm-histone-auroc,attributes.unit,fraction,unitless,"data/vocab/unit.ttl defines unitless as covering ""scores, correlations, effect sizes, AUC""; 120 AUROC rows already use unitless"
bend-result-awd-lstm-variant-disease-auroc,attributes.unit,fraction,unitless,"data/vocab/unit.ttl defines unitless as covering ""scores, correlations, effect sizes, AUC""; 120 AUROC rows already use unitless"
bend-result-awd-lstm-variant-expression-auroc,attributes.unit,fraction,unitless,"data/vocab/unit.ttl defines unitless as covering ""scores, correlations, effect sizes, AUC""; 120 AUROC rows already use unitless"
bend-result-basset-chromatin-auroc,attributes.unit,fraction,unitless,"data/vocab/unit.ttl defines unitless as covering ""scores, correlations, effect sizes, AUC""; 120 AUROC rows already use unitless"
bend-result-basset-cpg-auroc,attributes.unit,fraction,unitless,"data/vocab/unit.ttl defines unitless as covering ""scores, correlations, effect sizes, AUC""; 120 AUROC rows already use unitless"
bend-result-basset-histone-auroc,attributes.unit,fraction,unitless,"data/vocab/unit.ttl defines unitless as covering ""scores, correlations, effect sizes, AUC""; 120 AUROC rows already use unitless"
bend-result-cnn-chromatin-auroc,attributes.unit,fraction,unitless,"data/vocab/unit.ttl defines unitless as covering ""scores, correlations, effect sizes, AUC""; 120 AUROC rows already use unitless"
bend-result-cnn-cpg-auroc,attributes.unit,fraction,unitless,"data/vocab/unit.ttl defines unitless as covering ""scores, correlations, effect sizes, AUC""; 120 AUROC rows already use unitless"
bend-result-cnn-histone-auroc,attributes.unit,fraction,unitless,"data/vocab/unit.ttl defines unitless as covering ""scores, correlations, effect sizes, AUC""; 120 AUROC rows already use unitless"
bend-result-deepsea-variant-disease-auroc,attributes.unit,fraction,unitless,"data/vocab/unit.ttl defines unitless as covering ""scores, correlations, effect sizes, AUC""; 120 AUROC rows already use unitless"
bend-result-deepsea-variant-expression-auroc,attributes.unit,fraction,unitless,"data/vocab/unit.ttl defines unitless as covering ""scores, correlations, effect sizes, AUC""; 120 AUROC rows already use unitless"
bend-result-dnabert-2-chromatin-auroc,attributes.unit,fraction,unitless,"data/vocab/unit.ttl defines unitless as covering ""scores, correlations, effect sizes, AUC""; 120 AUROC rows already use unitless"
bend-result-dnabert-2-cpg-auroc,attributes.unit,fraction,unitless,"data/vocab/unit.ttl defines unitless as covering ""scores, correlations, effect sizes, AUC""; 120 AUROC rows already use unitless"
bend-result-dnabert-2-histone-auroc,attributes.unit,fraction,unitless,"data/vocab/unit.ttl defines unitless as covering ""scores, correlations, effect sizes, AUC""; 120 AUROC rows already use unitless"
bend-result-dnabert-2-variant-disease-auroc,attributes.unit,fraction,unitless,"data/vocab/unit.ttl defines unitless as covering ""scores, correlations, effect sizes, AUC""; 120 AUROC rows already use unitless"
bend-result-dnabert-2-variant-expression-auroc,attributes.unit,fraction,unitless,"data/vocab/unit.ttl defines unitless as covering ""scores, correlations, effect sizes, AUC""; 120 AUROC rows already use unitless"
bend-result-dnabert-chromatin-auroc,attributes.unit,fraction,unitless,"data/vocab/unit.ttl defines unitless as covering ""scores, correlations, effect sizes, AUC""; 120 AUROC rows already use unitless"
bend-result-dnabert-cpg-auroc,attributes.unit,fraction,unitless,"data/vocab/unit.ttl defines unitless as covering ""scores, correlations, effect sizes, AUC""; 120 AUROC rows already use unitless"
bend-result-dnabert-histone-auroc,attributes.unit,fraction,unitless,"data/vocab/unit.ttl defines unitless as covering ""scores, correlations, effect sizes, AUC""; 120 AUROC rows already use unitless"
bend-result-dnabert-variant-disease-auroc,attributes.unit,fraction,unitless,"data/vocab/unit.ttl defines unitless as covering ""scores, correlations, effect sizes, AUC""; 120 AUROC rows already use unitless"
bend-result-dnabert-variant-expression-auroc,attributes.unit,fraction,unitless,"data/vocab/unit.ttl defines unitless as covering ""scores, correlations, effect sizes, AUC""; 120 AUROC rows already use unitless"
bend-result-gena-lm-bert-chromatin-auroc,attributes.unit,fraction,unitless,"data/vocab/unit.ttl defines unitless as covering ""scores, correlations, effect sizes, AUC""; 120 AUROC rows already use unitless"
bend-result-gena-lm-bert-cpg-auroc,attributes.unit,fraction,unitless,"data/vocab/unit.ttl defines unitless as covering ""scores, correlations, effect sizes, AUC""; 120 AUROC rows already use unitless"
bend-result-gena-lm-bert-histone-auroc,attributes.unit,fraction,unitless,"data/vocab/unit.ttl defines unitless as covering ""scores, correlations, effect sizes, AUC""; 120 AUROC rows already use unitless"
bend-result-gena-lm-bert-variant-disease-auroc,attributes.unit,fraction,unitless,"data/vocab/unit.ttl defines unitless as covering ""scores, correlations, effect sizes, AUC""; 120 AUROC rows already use unitless"
bend-result-gena-lm-bert-variant-expression-auroc,attributes.unit,fraction,unitless,"data/vocab/unit.ttl defines unitless as covering ""scores, correlations, effect sizes, AUC""; 120 AUROC rows already use unitless"
bend-result-gena-lm-bigbird-chromatin-auroc,attributes.unit,fraction,unitless,"data/vocab/unit.ttl defines unitless as covering ""scores, correlations, effect sizes, AUC""; 120 AUROC rows already use unitless"
bend-result-gena-lm-bigbird-cpg-auroc,attributes.unit,fraction,unitless,"data/vocab/unit.ttl defines unitless as covering ""scores, correlations, effect sizes, AUC""; 120 AUROC rows already use unitless"
bend-result-gena-lm-bigbird-histone-auroc,attributes.unit,fraction,unitless,"data/vocab/unit.ttl defines unitless as covering ""scores, correlations, effect sizes, AUC""; 120 AUROC rows already use unitless"
bend-result-gena-lm-bigbird-variant-disease-auroc,attributes.unit,fraction,unitless,"data/vocab/unit.ttl defines unitless as covering ""scores, correlations, effect sizes, AUC""; 120 AUROC rows already use unitless"
bend-result-gena-lm-bigbird-variant-expression-auroc,attributes.unit,fraction,unitless,"data/vocab/unit.ttl defines unitless as covering ""scores, correlations, effect sizes, AUC""; 120 AUROC rows already use unitless"
bend-result-grover-chromatin-auroc,attributes.unit,fraction,unitless,"data/vocab/unit.ttl defines unitless as covering ""scores, correlations, effect sizes, AUC""; 120 AUROC rows already use unitless"
bend-result-grover-cpg-auroc,attributes.unit,fraction,unitless,"data/vocab/unit.ttl defines unitless as covering ""scores, correlations, effect sizes, AUC""; 120 AUROC rows already use unitless"
bend-result-grover-histone-auroc,attributes.unit,fraction,unitless,"data/vocab/unit.ttl defines unitless as covering ""scores, correlations, effect sizes, AUC""; 120 AUROC rows already use unitless"
bend-result-grover-variant-disease-auroc,attributes.unit,fraction,unitless,"data/vocab/unit.ttl defines unitless as covering ""scores, correlations, effect sizes, AUC""; 120 AUROC rows already use unitless"
bend-result-grover-variant-expression-auroc,attributes.unit,fraction,unitless,"data/vocab/unit.ttl defines unitless as covering ""scores, correlations, effect sizes, AUC""; 120 AUROC rows already use unitless"
bend-result-hyenadna-large-chromatin-auroc,attributes.unit,fraction,unitless,"data/vocab/unit.ttl defines unitless as covering ""scores, correlations, effect sizes, AUC""; 120 AUROC rows already use unitless"
bend-result-hyenadna-large-cpg-auroc,attributes.unit,fraction,unitless,"data/vocab/unit.ttl defines unitless as covering ""scores, correlations, effect sizes, AUC""; 120 AUROC rows already use unitless"
bend-result-hyenadna-large-histone-auroc,attributes.unit,fraction,unitless,"data/vocab/unit.ttl defines unitless as covering ""scores, correlations, effect sizes, AUC""; 120 AUROC rows already use unitless"
bend-result-hyenadna-large-variant-disease-auroc,attributes.unit,fraction,unitless,"data/vocab/unit.ttl defines unitless as covering ""scores, correlations, effect sizes, AUC""; 120 AUROC rows already use unitless"
bend-result-hyenadna-large-variant-expression-auroc,attributes.unit,fraction,unitless,"data/vocab/unit.ttl defines unitless as covering ""scores, correlations, effect sizes, AUC""; 120 AUROC rows already use unitless"
bend-result-hyenadna-tiny-chromatin-auroc,attributes.unit,fraction,unitless,"data/vocab/unit.ttl defines unitless as covering ""scores, correlations, effect sizes, AUC""; 120 AUROC rows already use unitless"
bend-result-hyenadna-tiny-cpg-auroc,attributes.unit,fraction,unitless,"data/vocab/unit.ttl defines unitless as covering ""scores, correlations, effect sizes, AUC""; 120 AUROC rows already use unitless"
bend-result-hyenadna-tiny-histone-auroc,attributes.unit,fraction,unitless,"data/vocab/unit.ttl defines unitless as covering ""scores, correlations, effect sizes, AUC""; 120 AUROC rows already use unitless"
bend-result-hyenadna-tiny-variant-disease-auroc,attributes.unit,fraction,unitless,"data/vocab/unit.ttl defines unitless as covering ""scores, correlations, effect sizes, AUC""; 120 AUROC rows already use unitless"
bend-result-hyenadna-tiny-variant-expression-auroc,attributes.unit,fraction,unitless,"data/vocab/unit.ttl defines unitless as covering ""scores, correlations, effect sizes, AUC""; 120 AUROC rows already use unitless"
bend-result-nt-1000g-chromatin-auroc,attributes.unit,fraction,unitless,"data/vocab/unit.ttl defines unitless as covering ""scores, correlations, effect sizes, AUC""; 120 AUROC rows already use unitless"
bend-result-nt-1000g-cpg-auroc,attributes.unit,fraction,unitless,"data/vocab/unit.ttl defines unitless as covering ""scores, correlations, effect sizes, AUC""; 120 AUROC rows already use unitless"
bend-result-nt-1000g-histone-auroc,attributes.unit,fraction,unitless,"data/vocab/unit.ttl defines unitless as covering ""scores, correlations, effect sizes, AUC""; 120 AUROC rows already use unitless"
bend-result-nt-1000g-variant-disease-auroc,attributes.unit,fraction,unitless,"data/vocab/unit.ttl defines unitless as covering ""scores, correlations, effect sizes, AUC""; 120 AUROC rows already use unitless"
bend-result-nt-1000g-variant-expression-auroc,attributes.unit,fraction,unitless,"data/vocab/unit.ttl defines unitless as covering ""scores, correlations, effect sizes, AUC""; 120 AUROC rows already use unitless"
bend-result-nt-h-chromatin-auroc,attributes.unit,fraction,unitless,"data/vocab/unit.ttl defines unitless as covering ""scores, correlations, effect sizes, AUC""; 120 AUROC rows already use unitless"
bend-result-nt-h-cpg-auroc,attributes.unit,fraction,unitless,"data/vocab/unit.ttl defines unitless as covering ""scores, correlations, effect sizes, AUC""; 120 AUROC rows already use unitless"
bend-result-nt-h-histone-auroc,attributes.unit,fraction,unitless,"data/vocab/unit.ttl defines unitless as covering ""scores, correlations, effect sizes, AUC""; 120 AUROC rows already use unitless"
bend-result-nt-h-variant-disease-auroc,attributes.unit,fraction,unitless,"data/vocab/unit.ttl defines unitless as covering ""scores, correlations, effect sizes, AUC""; 120 AUROC rows already use unitless"
bend-result-nt-h-variant-expression-auroc,attributes.unit,fraction,unitless,"data/vocab/unit.ttl defines unitless as covering ""scores, correlations, effect sizes, AUC""; 120 AUROC rows already use unitless"
bend-result-nt-ms-chromatin-auroc,attributes.unit,fraction,unitless,"data/vocab/unit.ttl defines unitless as covering ""scores, correlations, effect sizes, AUC""; 120 AUROC rows already use unitless"
bend-result-nt-ms-cpg-auroc,attributes.unit,fraction,unitless,"data/vocab/unit.ttl defines unitless as covering ""scores, correlations, effect sizes, AUC""; 120 AUROC rows already use unitless"
bend-result-nt-ms-histone-auroc,attributes.unit,fraction,unitless,"data/vocab/unit.ttl defines unitless as covering ""scores, correlations, effect sizes, AUC""; 120 AUROC rows already use unitless"
bend-result-nt-ms-variant-disease-auroc,attributes.unit,fraction,unitless,"data/vocab/unit.ttl defines unitless as covering ""scores, correlations, effect sizes, AUC""; 120 AUROC rows already use unitless"
bend-result-nt-ms-variant-expression-auroc,attributes.unit,fraction,unitless,"data/vocab/unit.ttl defines unitless as covering ""scores, correlations, effect sizes, AUC""; 120 AUROC rows already use unitless"
bend-result-nt-v2-chromatin-auroc,attributes.unit,fraction,unitless,"data/vocab/unit.ttl defines unitless as covering ""scores, correlations, effect sizes, AUC""; 120 AUROC rows already use unitless"
bend-result-nt-v2-cpg-auroc,attributes.unit,fraction,unitless,"data/vocab/unit.ttl defines unitless as covering ""scores, correlations, effect sizes, AUC""; 120 AUROC rows already use unitless"
bend-result-nt-v2-histone-auroc,attributes.unit,fraction,unitless,"data/vocab/unit.ttl defines unitless as covering ""scores, correlations, effect sizes, AUC""; 120 AUROC rows already use unitless"
bend-result-nt-v2-variant-disease-auroc,attributes.unit,fraction,unitless,"data/vocab/unit.ttl defines unitless as covering ""scores, correlations, effect sizes, AUC""; 120 AUROC rows already use unitless"
bend-result-nt-v2-variant-expression-auroc,attributes.unit,fraction,unitless,"data/vocab/unit.ttl defines unitless as covering ""scores, correlations, effect sizes, AUC""; 120 AUROC rows already use unitless"
bend-result-resnet-lm-chromatin-auroc,attributes.unit,fraction,unitless,"data/vocab/unit.ttl defines unitless as covering ""scores, correlations, effect sizes, AUC""; 120 AUROC rows already use unitless"
bend-result-resnet-lm-cpg-auroc,attributes.unit,fraction,unitless,"data/vocab/unit.ttl defines unitless as covering ""scores, correlations, effect sizes, AUC""; 120 AUROC rows already use unitless"
bend-result-resnet-lm-histone-auroc,attributes.unit,fraction,unitless,"data/vocab/unit.ttl defines unitless as covering ""scores, correlations, effect sizes, AUC""; 120 AUROC rows already use unitless"
bend-result-resnet-lm-variant-disease-auroc,attributes.unit,fraction,unitless,"data/vocab/unit.ttl defines unitless as covering ""scores, correlations, effect sizes, AUC""; 120 AUROC rows already use unitless"
bend-result-resnet-lm-variant-expression-auroc,attributes.unit,fraction,unitless,"data/vocab/unit.ttl defines unitless as covering ""scores, correlations, effect sizes, AUC""; 120 AUROC rows already use unitless"
dart-eval-result-caduceus-fine-tuned-ca-auroc-gm12878-auroc,attributes.unit,fraction,unitless,"data/vocab/unit.ttl defines unitless as covering ""scores, correlations, effect sizes, AUC""; 120 AUROC rows already use unitless"
dart-eval-result-caduceus-fine-tuned-ca-auroc-h1esc-auroc,attributes.unit,fraction,unitless,"data/vocab/unit.ttl defines unitless as covering ""scores, correlations, effect sizes, AUC""; 120 AUROC rows already use unitless"
dart-eval-result-caduceus-fine-tuned-ca-auroc-hepg2-auroc,attributes.unit,fraction,unitless,"data/vocab/unit.ttl defines unitless as covering ""scores, correlations, effect sizes, AUC""; 120 AUROC rows already use unitless"
dart-eval-result-caduceus-fine-tuned-ca-auroc-imr90-auroc,attributes.unit,fraction,unitless,"data/vocab/unit.ttl defines unitless as covering ""scores, correlations, effect sizes, AUC""; 120 AUROC rows already use unitless"
dart-eval-result-caduceus-fine-tuned-ca-auroc-k562-auroc,attributes.unit,fraction,unitless,"data/vocab/unit.ttl defines unitless as covering ""scores, correlations, effect sizes, AUC""; 120 AUROC rows already use unitless"
dart-eval-result-caduceus-fine-tuned-cts-gm12878-auroc,attributes.unit,fraction,unitless,"data/vocab/unit.ttl defines unitless as covering ""scores, correlations, effect sizes, AUC""; 120 AUROC rows already use unitless"
dart-eval-result-caduceus-fine-tuned-cts-h1esc-auroc,attributes.unit,fraction,unitless,"data/vocab/unit.ttl defines unitless as covering ""scores, correlations, effect sizes, AUC""; 120 AUROC rows already use unitless"
dart-eval-result-caduceus-fine-tuned-cts-hepg2-auroc,attributes.unit,fraction,unitless,"data/vocab/unit.ttl defines unitless as covering ""scores, correlations, effect sizes, AUC""; 120 AUROC rows already use unitless"
dart-eval-result-caduceus-fine-tuned-cts-imr90-auroc,attributes.unit,fraction,unitless,"data/vocab/unit.ttl defines unitless as covering ""scores, correlations, effect sizes, AUC""; 120 AUROC rows already use unitless"
dart-eval-result-caduceus-fine-tuned-cts-k562-auroc,attributes.unit,fraction,unitless,"data/vocab/unit.ttl defines unitless as covering ""scores, correlations, effect sizes, AUC""; 120 AUROC rows already use unitless"
dart-eval-result-caduceus-fine-tuned-vs-african-auroc-auroc,attributes.unit,fraction,unitless,"data/vocab/unit.ttl defines unitless as covering ""scores, correlations, effect sizes, AUC""; 120 AUROC rows already use unitless"
dart-eval-result-caduceus-fine-tuned-vs-yoruban-auroc-auroc,attributes.unit,fraction,unitless,"data/vocab/unit.ttl defines unitless as covering ""scores, correlations, effect sizes, AUC""; 120 AUROC rows already use unitless"
dart-eval-result-caduceus-probed-ca-auroc-gm12878-auroc,attributes.unit,fraction,unitless,"data/vocab/unit.ttl defines unitless as covering ""scores, correlations, effect sizes, AUC""; 120 AUROC rows already use unitless"
dart-eval-result-caduceus-probed-ca-auroc-h1esc-auroc,attributes.unit,fraction,unitless,"data/vocab/unit.ttl defines unitless as covering ""scores, correlations, effect sizes, AUC""; 120 AUROC rows already use unitless"
dart-eval-result-caduceus-probed-ca-auroc-hepg2-auroc,attributes.unit,fraction,unitless,"data/vocab/unit.ttl defines unitless as covering ""scores, correlations, effect sizes, AUC""; 120 AUROC rows already use unitless"
dart-eval-result-caduceus-probed-ca-auroc-imr90-auroc,attributes.unit,fraction,unitless,"data/vocab/unit.ttl defines unitless as covering ""scores, correlations, effect sizes, AUC""; 120 AUROC rows already use unitless"
dart-eval-result-caduceus-probed-ca-auroc-k562-auroc,attributes.unit,fraction,unitless,"data/vocab/unit.ttl defines unitless as covering ""scores, correlations, effect sizes, AUC""; 120 AUROC rows already use unitless"
dart-eval-result-caduceus-probed-cts-gm12878-auroc,attributes.unit,fraction,unitless,"data/vocab/unit.ttl defines unitless as covering ""scores, correlations, effect sizes, AUC""; 120 AUROC rows already use unitless"
dart-eval-result-caduceus-probed-cts-h1esc-auroc,attributes.unit,fraction,unitless,"data/vocab/unit.ttl defines unitless as covering ""scores, correlations, effect sizes, AUC""; 120 AUROC rows already use unitless"
dart-eval-result-caduceus-probed-cts-hepg2-auroc,attributes.unit,fraction,unitless,"data/vocab/unit.ttl defines unitless as covering ""scores, correlations, effect sizes, AUC""; 120 AUROC rows already use unitless"
dart-eval-result-caduceus-probed-cts-imr90-auroc,attributes.unit,fraction,unitless,"data/vocab/unit.ttl defines unitless as covering ""scores, correlations, effect sizes, AUC""; 120 AUROC rows already use unitless"
dart-eval-result-caduceus-probed-cts-k562-auroc,attributes.unit,fraction,unitless,"data/vocab/unit.ttl defines unitless as covering ""scores, correlations, effect sizes, AUC""; 120 AUROC rows already use unitless"
dart-eval-result-caduceus-probed-vs-african-auroc-auroc,attributes.unit,fraction,unitless,"data/vocab/unit.ttl defines unitless as covering ""scores, correlations, effect sizes, AUC""; 120 AUROC rows already use unitless"
dart-eval-result-caduceus-probed-vs-yoruban-auroc-auroc,attributes.unit,fraction,unitless,"data/vocab/unit.ttl defines unitless as covering ""scores, correlations, effect sizes, AUC""; 120 AUROC rows already use unitless"
dart-eval-result-caduceus-zero-shot-embedding-vs-african-auroc-auroc,attributes.unit,fraction,unitless,"data/vocab/unit.ttl defines unitless as covering ""scores, correlations, effect sizes, AUC""; 120 AUROC rows already use unitless"
dart-eval-result-caduceus-zero-shot-embedding-vs-yoruban-auroc-auroc,attributes.unit,fraction,unitless,"data/vocab/unit.ttl defines unitless as covering ""scores, correlations, effect sizes, AUC""; 120 AUROC rows already use unitless"
dart-eval-result-caduceus-zero-shot-likelihood-vs-african-auroc-auroc,attributes.unit,fraction,unitless,"data/vocab/unit.ttl defines unitless as covering ""scores, correlations, effect sizes, AUC""; 120 AUROC rows already use unitless"
dart-eval-result-caduceus-zero-shot-likelihood-vs-yoruban-auroc-auroc,attributes.unit,fraction,unitless,"data/vocab/unit.ttl defines unitless as covering ""scores, correlations, effect sizes, AUC""; 120 AUROC rows already use unitless"
dart-eval-result-chrombpnet-ab-initio-ca-auroc-gm12878-auroc,attributes.unit,fraction,unitless,"data/vocab/unit.ttl defines unitless as covering ""scores, correlations, effect sizes, AUC""; 120 AUROC rows already use unitless"
dart-eval-result-chrombpnet-ab-initio-ca-auroc-h1esc-auroc,attributes.unit,fraction,unitless,"data/vocab/unit.ttl defines unitless as covering ""scores, correlations, effect sizes, AUC""; 120 AUROC rows already use unitless"
dart-eval-result-chrombpnet-ab-initio-ca-auroc-hepg2-auroc,attributes.unit,fraction,unitless,"data/vocab/unit.ttl defines unitless as covering ""scores, correlations, effect sizes, AUC""; 120 AUROC rows already use unitless"
dart-eval-result-chrombpnet-ab-initio-ca-auroc-imr90-auroc,attributes.unit,fraction,unitless,"data/vocab/unit.ttl defines unitless as covering ""scores, correlations, effect sizes, AUC""; 120 AUROC rows already use unitless"
dart-eval-result-chrombpnet-ab-initio-ca-auroc-k562-auroc,attributes.unit,fraction,unitless,"data/vocab/unit.ttl defines unitless as covering ""scores, correlations, effect sizes, AUC""; 120 AUROC rows already use unitless"
dart-eval-result-chrombpnet-ab-initio-vs-african-auroc-auroc,attributes.unit,fraction,unitless,"data/vocab/unit.ttl defines unitless as covering ""scores, correlations, effect sizes, AUC""; 120 AUROC rows already use unitless"
dart-eval-result-chrombpnet-ab-initio-vs-yoruban-auroc-auroc,attributes.unit,fraction,unitless,"data/vocab/unit.ttl defines unitless as covering ""scores, correlations, effect sizes, AUC""; 120 AUROC rows already use unitless"
dart-eval-result-chrombpnet-like-ab-initio-cts-gm12878-auroc,attributes.unit,fraction,unitless,"data/vocab/unit.ttl defines unitless as covering ""scores, correlations, effect sizes, AUC""; 120 AUROC rows already use unitless"
dart-eval-result-chrombpnet-like-ab-initio-cts-h1esc-auroc,attributes.unit,fraction,unitless,"data/vocab/unit.ttl defines unitless as covering ""scores, correlations, effect sizes, AUC""; 120 AUROC rows already use unitless"
dart-eval-result-chrombpnet-like-ab-initio-cts-hepg2-auroc,attributes.unit,fraction,unitless,"data/vocab/unit.ttl defines unitless as covering ""scores, correlations, effect sizes, AUC""; 120 AUROC rows already use unitless"
dart-eval-result-chrombpnet-like-ab-initio-cts-imr90-auroc,attributes.unit,fraction,unitless,"data/vocab/unit.ttl defines unitless as covering ""scores, correlations, effect sizes, AUC""; 120 AUROC rows already use unitless"
dart-eval-result-chrombpnet-like-ab-initio-cts-k562-auroc,attributes.unit,fraction,unitless,"data/vocab/unit.ttl defines unitless as covering ""scores, correlations, effect sizes, AUC""; 120 AUROC rows already use unitless"
dart-eval-result-dnabert-2-fine-tuned-ca-auroc-gm12878-auroc,attributes.unit,fraction,unitless,"data/vocab/unit.ttl defines unitless as covering ""scores, correlations, effect sizes, AUC""; 120 AUROC rows already use unitless"
dart-eval-result-dnabert-2-fine-tuned-ca-auroc-h1esc-auroc,attributes.unit,fraction,unitless,"data/vocab/unit.ttl defines unitless as covering ""scores, correlations, effect sizes, AUC""; 120 AUROC rows already use unitless"
dart-eval-result-dnabert-2-fine-tuned-ca-auroc-hepg2-auroc,attributes.unit,fraction,unitless,"data/vocab/unit.ttl defines unitless as covering ""scores, correlations, effect sizes, AUC""; 120 AUROC rows already use unitless"
dart-eval-result-dnabert-2-fine-tuned-ca-auroc-imr90-auroc,attributes.unit,fraction,unitless,"data/vocab/unit.ttl defines unitless as covering ""scores, correlations, effect sizes, AUC""; 120 AUROC rows already use unitless"
dart-eval-result-dnabert-2-fine-tuned-ca-auroc-k562-auroc,attributes.unit,fraction,unitless,"data/vocab/unit.ttl defines unitless as covering ""scores, correlations, effect sizes, AUC""; 120 AUROC rows already use unitless"
dart-eval-result-dnabert-2-fine-tuned-cts-gm12878-auroc,attributes.unit,fraction,unitless,"data/vocab/unit.ttl defines unitless as covering ""scores, correlations, effect sizes, AUC""; 120 AUROC rows already use unitless"
dart-eval-result-dnabert-2-fine-tuned-cts-h1esc-auroc,attributes.unit,fraction,unitless,"data/vocab/unit.ttl defines unitless as covering ""scores, correlations, effect sizes, AUC""; 120 AUROC rows already use unitless"
dart-eval-result-dnabert-2-fine-tuned-cts-hepg2-auroc,attributes.unit,fraction,unitless,"data/vocab/unit.ttl defines unitless as covering ""scores, correlations, effect sizes, AUC""; 120 AUROC rows already use unitless"
dart-eval-result-dnabert-2-fine-tuned-cts-imr90-auroc,attributes.unit,fraction,unitless,"data/vocab/unit.ttl defines unitless as covering ""scores, correlations, effect sizes, AUC""; 120 AUROC rows already use unitless"
dart-eval-result-dnabert-2-fine-tuned-cts-k562-auroc,attributes.unit,fraction,unitless,"data/vocab/unit.ttl defines unitless as covering ""scores, correlations, effect sizes, AUC""; 120 AUROC rows already use unitless"
dart-eval-result-dnabert-2-fine-tuned-vs-african-auroc-auroc,attributes.unit,fraction,unitless,"data/vocab/unit.ttl defines unitless as covering ""scores, correlations, effect sizes, AUC""; 120 AUROC rows already use unitless"
dart-eval-result-dnabert-2-fine-tuned-vs-yoruban-auroc-auroc,attributes.unit,fraction,unitless,"data/vocab/unit.ttl defines unitless as covering ""scores, correlations, effect sizes, AUC""; 120 AUROC rows already use unitless"
dart-eval-result-dnabert-2-probed-ca-auroc-gm12878-auroc,attributes.unit,fraction,unitless,"data/vocab/unit.ttl defines unitless as covering ""scores, correlations, effect sizes, AUC""; 120 AUROC rows already use unitless"
dart-eval-result-dnabert-2-probed-ca-auroc-h1esc-auroc,attributes.unit,fraction,unitless,"data/vocab/unit.ttl defines unitless as covering ""scores, correlations, effect sizes, AUC""; 120 AUROC rows already use unitless"
dart-eval-result-dnabert-2-probed-ca-auroc-hepg2-auroc,attributes.unit,fraction,unitless,"data/vocab/unit.ttl defines unitless as covering ""scores, correlations, effect sizes, AUC""; 120 AUROC rows already use unitless"
dart-eval-result-dnabert-2-probed-ca-auroc-imr90-auroc,attributes.unit,fraction,unitless,"data/vocab/unit.ttl defines unitless as covering ""scores, correlations, effect sizes, AUC""; 120 AUROC rows already use unitless"
dart-eval-result-dnabert-2-probed-ca-auroc-k562-auroc,attributes.unit,fraction,unitless,"data/vocab/unit.ttl defines unitless as covering ""scores, correlations, effect sizes, AUC""; 120 AUROC rows already use unitless"
dart-eval-result-dnabert-2-probed-cts-gm12878-auroc,attributes.unit,fraction,unitless,"data/vocab/unit.ttl defines unitless as covering ""scores, correlations, effect sizes, AUC""; 120 AUROC rows already use unitless"
dart-eval-result-dnabert-2-probed-cts-h1esc-auroc,attributes.unit,fraction,unitless,"data/vocab/unit.ttl defines unitless as covering ""scores, correlations, effect sizes, AUC""; 120 AUROC rows already use unitless"
dart-eval-result-dnabert-2-probed-cts-hepg2-auroc,attributes.unit,fraction,unitless,"data/vocab/unit.ttl defines unitless as covering ""scores, correlations, effect sizes, AUC""; 120 AUROC rows already use unitless"
dart-eval-result-dnabert-2-probed-cts-imr90-auroc,attributes.unit,fraction,unitless,"data/vocab/unit.ttl defines unitless as covering ""scores, correlations, effect sizes, AUC""; 120 AUROC rows already use unitless"
dart-eval-result-dnabert-2-probed-cts-k562-auroc,attributes.unit,fraction,unitless,"data/vocab/unit.ttl defines unitless as covering ""scores, correlations, effect sizes, AUC""; 120 AUROC rows already use unitless"
dart-eval-result-dnabert-2-probed-vs-african-auroc-auroc,attributes.unit,fraction,unitless,"data/vocab/unit.ttl defines unitless as covering ""scores, correlations, effect sizes, AUC""; 120 AUROC rows already use unitless"
dart-eval-result-dnabert-2-probed-vs-yoruban-auroc-auroc,attributes.unit,fraction,unitless,"data/vocab/unit.ttl defines unitless as covering ""scores, correlations, effect sizes, AUC""; 120 AUROC rows already use unitless"
dart-eval-result-dnabert-2-zero-shot-embedding-vs-african-auroc-auroc,attributes.unit,fraction,unitless,"data/vocab/unit.ttl defines unitless as covering ""scores, correlations, effect sizes, AUC""; 120 AUROC rows already use unitless"
dart-eval-result-dnabert-2-zero-shot-embedding-vs-yoruban-auroc-auroc,attributes.unit,fraction,unitless,"data/vocab/unit.ttl defines unitless as covering ""scores, correlations, effect sizes, AUC""; 120 AUROC rows already use unitless"
dart-eval-result-gena-lm-fine-tuned-ca-auroc-gm12878-auroc,attributes.unit,fraction,unitless,"data/vocab/unit.ttl defines unitless as covering ""scores, correlations, effect sizes, AUC""; 120 AUROC rows already use unitless"
dart-eval-result-gena-lm-fine-tuned-ca-auroc-h1esc-auroc,attributes.unit,fraction,unitless,"data/vocab/unit.ttl defines unitless as covering ""scores, correlations, effect sizes, AUC""; 120 AUROC rows already use unitless"
dart-eval-result-gena-lm-fine-tuned-ca-auroc-hepg2-auroc,attributes.unit,fraction,unitless,"data/vocab/unit.ttl defines unitless as covering ""scores, correlations, effect sizes, AUC""; 120 AUROC rows already use unitless"
dart-eval-result-gena-lm-fine-tuned-ca-auroc-imr90-auroc,attributes.unit,fraction,unitless,"data/vocab/unit.ttl defines unitless as covering ""scores, correlations, effect sizes, AUC""; 120 AUROC rows already use unitless"
dart-eval-result-gena-lm-fine-tuned-ca-auroc-k562-auroc,attributes.unit,fraction,unitless,"data/vocab/unit.ttl defines unitless as covering ""scores, correlations, effect sizes, AUC""; 120 AUROC rows already use unitless"
dart-eval-result-gena-lm-fine-tuned-cts-gm12878-auroc,attributes.unit,fraction,unitless,"data/vocab/unit.ttl defines unitless as covering ""scores, correlations, effect sizes, AUC""; 120 AUROC rows already use unitless"
dart-eval-result-gena-lm-fine-tuned-cts-h1esc-auroc,attributes.unit,fraction,unitless,"data/vocab/unit.ttl defines unitless as covering ""scores, correlations, effect sizes, AUC""; 120 AUROC rows already use unitless"
dart-eval-result-gena-lm-fine-tuned-cts-hepg2-auroc,attributes.unit,fraction,unitless,"data/vocab/unit.ttl defines unitless as covering ""scores, correlations, effect sizes, AUC""; 120 AUROC rows already use unitless"
dart-eval-result-gena-lm-fine-tuned-cts-imr90-auroc,attributes.unit,fraction,unitless,"data/vocab/unit.ttl defines unitless as covering ""scores, correlations, effect sizes, AUC""; 120 AUROC rows already use unitless"
dart-eval-result-gena-lm-fine-tuned-cts-k562-auroc,attributes.unit,fraction,unitless,"data/vocab/unit.ttl defines unitless as covering ""scores, correlations, effect sizes, AUC""; 120 AUROC rows already use unitless"
dart-eval-result-gena-lm-fine-tuned-vs-african-auroc-auroc,attributes.unit,fraction,unitless,"data/vocab/unit.ttl defines unitless as covering ""scores, correlations, effect sizes, AUC""; 120 AUROC rows already use unitless"
dart-eval-result-gena-lm-fine-tuned-vs-yoruban-auroc-auroc,attributes.unit,fraction,unitless,"data/vocab/unit.ttl defines unitless as covering ""scores, correlations, effect sizes, AUC""; 120 AUROC rows already use unitless"
dart-eval-result-gena-lm-probed-ca-auroc-gm12878-auroc,attributes.unit,fraction,unitless,"data/vocab/unit.ttl defines unitless as covering ""scores, correlations, effect sizes, AUC""; 120 AUROC rows already use unitless"
dart-eval-result-gena-lm-probed-ca-auroc-h1esc-auroc,attributes.unit,fraction,unitless,"data/vocab/unit.ttl defines unitless as covering ""scores, correlations, effect sizes, AUC""; 120 AUROC rows already use unitless"
dart-eval-result-gena-lm-probed-ca-auroc-hepg2-auroc,attributes.unit,fraction,unitless,"data/vocab/unit.ttl defines unitless as covering ""scores, correlations, effect sizes, AUC""; 120 AUROC rows already use unitless"
dart-eval-result-gena-lm-probed-ca-auroc-imr90-auroc,attributes.unit,fraction,unitless,"data/vocab/unit.ttl defines unitless as covering ""scores, correlations, effect sizes, AUC""; 120 AUROC rows already use unitless"
dart-eval-result-gena-lm-probed-ca-auroc-k562-auroc,attributes.unit,fraction,unitless,"data/vocab/unit.ttl defines unitless as covering ""scores, correlations, effect sizes, AUC""; 120 AUROC rows already use unitless"
dart-eval-result-gena-lm-probed-cts-gm12878-auroc,attributes.unit,fraction,unitless,"data/vocab/unit.ttl defines unitless as covering ""scores, correlations, effect sizes, AUC""; 120 AUROC rows already use unitless"
dart-eval-result-gena-lm-probed-cts-h1esc-auroc,attributes.unit,fraction,unitless,"data/vocab/unit.ttl defines unitless as covering ""scores, correlations, effect sizes, AUC""; 120 AUROC rows already use unitless"
dart-eval-result-gena-lm-probed-cts-hepg2-auroc,attributes.unit,fraction,unitless,"data/vocab/unit.ttl defines unitless as covering ""scores, correlations, effect sizes, AUC""; 120 AUROC rows already use unitless"
dart-eval-result-gena-lm-probed-cts-imr90-auroc,attributes.unit,fraction,unitless,"data/vocab/unit.ttl defines unitless as covering ""scores, correlations, effect sizes, AUC""; 120 AUROC rows already use unitless"
dart-eval-result-gena-lm-probed-cts-k562-auroc,attributes.unit,fraction,unitless,"data/vocab/unit.ttl defines unitless as covering ""scores, correlations, effect sizes, AUC""; 120 AUROC rows already use unitless"
dart-eval-result-gena-lm-probed-vs-african-auroc-auroc,attributes.unit,fraction,unitless,"data/vocab/unit.ttl defines unitless as covering ""scores, correlations, effect sizes, AUC""; 120 AUROC rows already use unitless"
dart-eval-result-gena-lm-probed-vs-yoruban-auroc-auroc,attributes.unit,fraction,unitless,"data/vocab/unit.ttl defines unitless as covering ""scores, correlations, effect sizes, AUC""; 120 AUROC rows already use unitless"
dart-eval-result-gena-lm-zero-shot-embedding-vs-african-auroc-auroc,attributes.unit,fraction,unitless,"data/vocab/unit.ttl defines unitless as covering ""scores, correlations, effect sizes, AUC""; 120 AUROC rows already use unitless"
dart-eval-result-gena-lm-zero-shot-embedding-vs-yoruban-auroc-auroc,attributes.unit,fraction,unitless,"data/vocab/unit.ttl defines unitless as covering ""scores, correlations, effect sizes, AUC""; 120 AUROC rows already use unitless"
dart-eval-result-hyenadna-fine-tuned-ca-auroc-gm12878-auroc,attributes.unit,fraction,unitless,"data/vocab/unit.ttl defines unitless as covering ""scores, correlations, effect sizes, AUC""; 120 AUROC rows already use unitless"
dart-eval-result-hyenadna-fine-tuned-ca-auroc-h1esc-auroc,attributes.unit,fraction,unitless,"data/vocab/unit.ttl defines unitless as covering ""scores, correlations, effect sizes, AUC""; 120 AUROC rows already use unitless"
dart-eval-result-hyenadna-fine-tuned-ca-auroc-hepg2-auroc,attributes.unit,fraction,unitless,"data/vocab/unit.ttl defines unitless as covering ""scores, correlations, effect sizes, AUC""; 120 AUROC rows already use unitless"
dart-eval-result-hyenadna-fine-tuned-ca-auroc-imr90-auroc,attributes.unit,fraction,unitless,"data/vocab/unit.ttl defines unitless as covering ""scores, correlations, effect sizes, AUC""; 120 AUROC rows already use unitless"
dart-eval-result-hyenadna-fine-tuned-ca-auroc-k562-auroc,attributes.unit,fraction,unitless,"data/vocab/unit.ttl defines unitless as covering ""scores, correlations, effect sizes, AUC""; 120 AUROC rows already use unitless"
dart-eval-result-hyenadna-fine-tuned-cts-gm12878-auroc,attributes.unit,fraction,unitless,"data/vocab/unit.ttl defines unitless as covering ""scores, correlations, effect sizes, AUC""; 120 AUROC rows already use unitless"
dart-eval-result-hyenadna-fine-tuned-cts-h1esc-auroc,attributes.unit,fraction,unitless,"data/vocab/unit.ttl defines unitless as covering ""scores, correlations, effect sizes, AUC""; 120 AUROC rows already use unitless"
dart-eval-result-hyenadna-fine-tuned-cts-hepg2-auroc,attributes.unit,fraction,unitless,"data/vocab/unit.ttl defines unitless as covering ""scores, correlations, effect sizes, AUC""; 120 AUROC rows already use unitless"
dart-eval-result-hyenadna-fine-tuned-cts-imr90-auroc,attributes.unit,fraction,unitless,"data/vocab/unit.ttl defines unitless as covering ""scores, correlations, effect sizes, AUC""; 120 AUROC rows already use unitless"
dart-eval-result-hyenadna-fine-tuned-cts-k562-auroc,attributes.unit,fraction,unitless,"data/vocab/unit.ttl defines unitless as covering ""scores, correlations, effect sizes, AUC""; 120 AUROC rows already use unitless"
dart-eval-result-hyenadna-fine-tuned-vs-african-auroc-auroc,attributes.unit,fraction,unitless,"data/vocab/unit.ttl defines unitless as covering ""scores, correlations, effect sizes, AUC""; 120 AUROC rows already use unitless"
dart-eval-result-hyenadna-fine-tuned-vs-yoruban-auroc-auroc,attributes.unit,fraction,unitless,"data/vocab/unit.ttl defines unitless as covering ""scores, correlations, effect sizes, AUC""; 120 AUROC rows already use unitless"
dart-eval-result-hyenadna-probed-ca-auroc-gm12878-auroc,attributes.unit,fraction,unitless,"data/vocab/unit.ttl defines unitless as covering ""scores, correlations, effect sizes, AUC""; 120 AUROC rows already use unitless"
dart-eval-result-hyenadna-probed-ca-auroc-h1esc-auroc,attributes.unit,fraction,unitless,"data/vocab/unit.ttl defines unitless as covering ""scores, correlations, effect sizes, AUC""; 120 AUROC rows already use unitless"
dart-eval-result-hyenadna-probed-ca-auroc-hepg2-auroc,attributes.unit,fraction,unitless,"data/vocab/unit.ttl defines unitless as covering ""scores, correlations, effect sizes, AUC""; 120 AUROC rows already use unitless"
dart-eval-result-hyenadna-probed-ca-auroc-imr90-auroc,attributes.unit,fraction,unitless,"data/vocab/unit.ttl defines unitless as covering ""scores, correlations, effect sizes, AUC""; 120 AUROC rows already use unitless"
dart-eval-result-hyenadna-probed-ca-auroc-k562-auroc,attributes.unit,fraction,unitless,"data/vocab/unit.ttl defines unitless as covering ""scores, correlations, effect sizes, AUC""; 120 AUROC rows already use unitless"
dart-eval-result-hyenadna-probed-cts-gm12878-auroc,attributes.unit,fraction,unitless,"data/vocab/unit.ttl defines unitless as covering ""scores, correlations, effect sizes, AUC""; 120 AUROC rows already use unitless"
dart-eval-result-hyenadna-probed-cts-h1esc-auroc,attributes.unit,fraction,unitless,"data/vocab/unit.ttl defines unitless as covering ""scores, correlations, effect sizes, AUC""; 120 AUROC rows already use unitless"
dart-eval-result-hyenadna-probed-cts-hepg2-auroc,attributes.unit,fraction,unitless,"data/vocab/unit.ttl defines unitless as covering ""scores, correlations, effect sizes, AUC""; 120 AUROC rows already use unitless"
dart-eval-result-hyenadna-probed-cts-imr90-auroc,attributes.unit,fraction,unitless,"data/vocab/unit.ttl defines unitless as covering ""scores, correlations, effect sizes, AUC""; 120 AUROC rows already use unitless"
dart-eval-result-hyenadna-probed-cts-k562-auroc,attributes.unit,fraction,unitless,"data/vocab/unit.ttl defines unitless as covering ""scores, correlations, effect sizes, AUC""; 120 AUROC rows already use unitless"
dart-eval-result-hyenadna-probed-vs-african-auroc-auroc,attributes.unit,fraction,unitless,"data/vocab/unit.ttl defines unitless as covering ""scores, correlations, effect sizes, AUC""; 120 AUROC rows already use unitless"
dart-eval-result-hyenadna-probed-vs-yoruban-auroc-auroc,attributes.unit,fraction,unitless,"data/vocab/unit.ttl defines unitless as covering ""scores, correlations, effect sizes, AUC""; 120 AUROC rows already use unitless"
dart-eval-result-hyenadna-zero-shot-embedding-vs-african-auroc-auroc,attributes.unit,fraction,unitless,"data/vocab/unit.ttl defines unitless as covering ""scores, correlations, effect sizes, AUC""; 120 AUROC rows already use unitless"
dart-eval-result-hyenadna-zero-shot-embedding-vs-yoruban-auroc-auroc,attributes.unit,fraction,unitless,"data/vocab/unit.ttl defines unitless as covering ""scores, correlations, effect sizes, AUC""; 120 AUROC rows already use unitless"
dart-eval-result-hyenadna-zero-shot-likelihood-vs-african-auroc-auroc,attributes.unit,fraction,unitless,"data/vocab/unit.ttl defines unitless as covering ""scores, correlations, effect sizes, AUC""; 120 AUROC rows already use unitless"
dart-eval-result-hyenadna-zero-shot-likelihood-vs-yoruban-auroc-auroc,attributes.unit,fraction,unitless,"data/vocab/unit.ttl defines unitless as covering ""scores, correlations, effect sizes, AUC""; 120 AUROC rows already use unitless"
dart-eval-result-mistral-dna-fine-tuned-ca-auroc-gm12878-auroc,attributes.unit,fraction,unitless,"data/vocab/unit.ttl defines unitless as covering ""scores, correlations, effect sizes, AUC""; 120 AUROC rows already use unitless"
dart-eval-result-mistral-dna-fine-tuned-ca-auroc-h1esc-auroc,attributes.unit,fraction,unitless,"data/vocab/unit.ttl defines unitless as covering ""scores, correlations, effect sizes, AUC""; 120 AUROC rows already use unitless"
dart-eval-result-mistral-dna-fine-tuned-ca-auroc-hepg2-auroc,attributes.unit,fraction,unitless,"data/vocab/unit.ttl defines unitless as covering ""scores, correlations, effect sizes, AUC""; 120 AUROC rows already use unitless"
dart-eval-result-mistral-dna-fine-tuned-ca-auroc-imr90-auroc,attributes.unit,fraction,unitless,"data/vocab/unit.ttl defines unitless as covering ""scores, correlations, effect sizes, AUC""; 120 AUROC rows already use unitless"
dart-eval-result-mistral-dna-fine-tuned-ca-auroc-k562-auroc,attributes.unit,fraction,unitless,"data/vocab/unit.ttl defines unitless as covering ""scores, correlations, effect sizes, AUC""; 120 AUROC rows already use unitless"
dart-eval-result-mistral-dna-fine-tuned-cts-gm12878-auroc,attributes.unit,fraction,unitless,"data/vocab/unit.ttl defines unitless as covering ""scores, correlations, effect sizes, AUC""; 120 AUROC rows already use unitless"
dart-eval-result-mistral-dna-fine-tuned-cts-h1esc-auroc,attributes.unit,fraction,unitless,"data/vocab/unit.ttl defines unitless as covering ""scores, correlations, effect sizes, AUC""; 120 AUROC rows already use unitless"
dart-eval-result-mistral-dna-fine-tuned-cts-hepg2-auroc,attributes.unit,fraction,unitless,"data/vocab/unit.ttl defines unitless as covering ""scores, correlations, effect sizes, AUC""; 120 AUROC rows already use unitless"
dart-eval-result-mistral-dna-fine-tuned-cts-imr90-auroc,attributes.unit,fraction,unitless,"data/vocab/unit.ttl defines unitless as covering ""scores, correlations, effect sizes, AUC""; 120 AUROC rows already use unitless"
dart-eval-result-mistral-dna-fine-tuned-cts-k562-auroc,attributes.unit,fraction,unitless,"data/vocab/unit.ttl defines unitless as covering ""scores, correlations, effect sizes, AUC""; 120 AUROC rows already use unitless"
dart-eval-result-mistral-dna-fine-tuned-vs-african-auroc-auroc,attributes.unit,fraction,unitless,"data/vocab/unit.ttl defines unitless as covering ""scores, correlations, effect sizes, AUC""; 120 AUROC rows already use unitless"
dart-eval-result-mistral-dna-fine-tuned-vs-yoruban-auroc-auroc,attributes.unit,fraction,unitless,"data/vocab/unit.ttl defines unitless as covering ""scores, correlations, effect sizes, AUC""; 120 AUROC rows already use unitless"
dart-eval-result-mistral-dna-probed-ca-auroc-gm12878-auroc,attributes.unit,fraction,unitless,"data/vocab/unit.ttl defines unitless as covering ""scores, correlations, effect sizes, AUC""; 120 AUROC rows already use unitless"
dart-eval-result-mistral-dna-probed-ca-auroc-h1esc-auroc,attributes.unit,fraction,unitless,"data/vocab/unit.ttl defines unitless as covering ""scores, correlations, effect sizes, AUC""; 120 AUROC rows already use unitless"
dart-eval-result-mistral-dna-probed-ca-auroc-hepg2-auroc,attributes.unit,fraction,unitless,"data/vocab/unit.ttl defines unitless as covering ""scores, correlations, effect sizes, AUC""; 120 AUROC rows already use unitless"
dart-eval-result-mistral-dna-probed-ca-auroc-imr90-auroc,attributes.unit,fraction,unitless,"data/vocab/unit.ttl defines unitless as covering ""scores, correlations, effect sizes, AUC""; 120 AUROC rows already use unitless"
dart-eval-result-mistral-dna-probed-ca-auroc-k562-auroc,attributes.unit,fraction,unitless,"data/vocab/unit.ttl defines unitless as covering ""scores, correlations, effect sizes, AUC""; 120 AUROC rows already use unitless"
dart-eval-result-mistral-dna-probed-cts-gm12878-auroc,attributes.unit,fraction,unitless,"data/vocab/unit.ttl defines unitless as covering ""scores, correlations, effect sizes, AUC""; 120 AUROC rows already use unitless"
dart-eval-result-mistral-dna-probed-cts-h1esc-auroc,attributes.unit,fraction,unitless,"data/vocab/unit.ttl defines unitless as covering ""scores, correlations, effect sizes, AUC""; 120 AUROC rows already use unitless"
dart-eval-result-mistral-dna-probed-cts-hepg2-auroc,attributes.unit,fraction,unitless,"data/vocab/unit.ttl defines unitless as covering ""scores, correlations, effect sizes, AUC""; 120 AUROC rows already use unitless"
dart-eval-result-mistral-dna-probed-cts-imr90-auroc,attributes.unit,fraction,unitless,"data/vocab/unit.ttl defines unitless as covering ""scores, correlations, effect sizes, AUC""; 120 AUROC rows already use unitless"
dart-eval-result-mistral-dna-probed-cts-k562-auroc,attributes.unit,fraction,unitless,"data/vocab/unit.ttl defines unitless as covering ""scores, correlations, effect sizes, AUC""; 120 AUROC rows already use unitless"
dart-eval-result-mistral-dna-probed-vs-african-auroc-auroc,attributes.unit,fraction,unitless,"data/vocab/unit.ttl defines unitless as covering ""scores, correlations, effect sizes, AUC""; 120 AUROC rows already use unitless"
dart-eval-result-mistral-dna-probed-vs-yoruban-auroc-auroc,attributes.unit,fraction,unitless,"data/vocab/unit.ttl defines unitless as covering ""scores, correlations, effect sizes, AUC""; 120 AUROC rows already use unitless"
dart-eval-result-mistral-dna-zero-shot-embedding-vs-african-auroc-auroc,attributes.unit,fraction,unitless,"data/vocab/unit.ttl defines unitless as covering ""scores, correlations, effect sizes, AUC""; 120 AUROC rows already use unitless"
dart-eval-result-mistral-dna-zero-shot-embedding-vs-yoruban-auroc-auroc,attributes.unit,fraction,unitless,"data/vocab/unit.ttl defines unitless as covering ""scores, correlations, effect sizes, AUC""; 120 AUROC rows already use unitless"
dart-eval-result-nucleotide-transformer-fine-tuned-ca-auroc-gm12878-auroc,attributes.unit,fraction,unitless,"data/vocab/unit.ttl defines unitless as covering ""scores, correlations, effect sizes, AUC""; 120 AUROC rows already use unitless"
dart-eval-result-nucleotide-transformer-fine-tuned-ca-auroc-h1esc-auroc,attributes.unit,fraction,unitless,"data/vocab/unit.ttl defines unitless as covering ""scores, correlations, effect sizes, AUC""; 120 AUROC rows already use unitless"
dart-eval-result-nucleotide-transformer-fine-tuned-ca-auroc-hepg2-auroc,attributes.unit,fraction,unitless,"data/vocab/unit.ttl defines unitless as covering ""scores, correlations, effect sizes, AUC""; 120 AUROC rows already use unitless"
dart-eval-result-nucleotide-transformer-fine-tuned-ca-auroc-imr90-auroc,attributes.unit,fraction,unitless,"data/vocab/unit.ttl defines unitless as covering ""scores, correlations, effect sizes, AUC""; 120 AUROC rows already use unitless"
dart-eval-result-nucleotide-transformer-fine-tuned-ca-auroc-k562-auroc,attributes.unit,fraction,unitless,"data/vocab/unit.ttl defines unitless as covering ""scores, correlations, effect sizes, AUC""; 120 AUROC rows already use unitless"
dart-eval-result-nucleotide-transformer-fine-tuned-cts-gm12878-auroc,attributes.unit,fraction,unitless,"data/vocab/unit.ttl defines unitless as covering ""scores, correlations, effect sizes, AUC""; 120 AUROC rows already use unitless"
dart-eval-result-nucleotide-transformer-fine-tuned-cts-h1esc-auroc,attributes.unit,fraction,unitless,"data/vocab/unit.ttl defines unitless as covering ""scores, correlations, effect sizes, AUC""; 120 AUROC rows already use unitless"
dart-eval-result-nucleotide-transformer-fine-tuned-cts-hepg2-auroc,attributes.unit,fraction,unitless,"data/vocab/unit.ttl defines unitless as covering ""scores, correlations, effect sizes, AUC""; 120 AUROC rows already use unitless"
dart-eval-result-nucleotide-transformer-fine-tuned-cts-imr90-auroc,attributes.unit,fraction,unitless,"data/vocab/unit.ttl defines unitless as covering ""scores, correlations, effect sizes, AUC""; 120 AUROC rows already use unitless"
dart-eval-result-nucleotide-transformer-fine-tuned-cts-k562-auroc,attributes.unit,fraction,unitless,"data/vocab/unit.ttl defines unitless as covering ""scores, correlations, effect sizes, AUC""; 120 AUROC rows already use unitless"
dart-eval-result-nucleotide-transformer-fine-tuned-vs-african-auroc-auroc,attributes.unit,fraction,unitless,"data/vocab/unit.ttl defines unitless as covering ""scores, correlations, effect sizes, AUC""; 120 AUROC rows already use unitless"
dart-eval-result-nucleotide-transformer-fine-tuned-vs-yoruban-auroc-auroc,attributes.unit,fraction,unitless,"data/vocab/unit.ttl defines unitless as covering ""scores, correlations, effect sizes, AUC""; 120 AUROC rows already use unitless"
dart-eval-result-nucleotide-transformer-probed-ca-auroc-gm12878-auroc,attributes.unit,fraction,unitless,"data/vocab/unit.ttl defines unitless as covering ""scores, correlations, effect sizes, AUC""; 120 AUROC rows already use unitless"
dart-eval-result-nucleotide-transformer-probed-ca-auroc-h1esc-auroc,attributes.unit,fraction,unitless,"data/vocab/unit.ttl defines unitless as covering ""scores, correlations, effect sizes, AUC""; 120 AUROC rows already use unitless"
dart-eval-result-nucleotide-transformer-probed-ca-auroc-hepg2-auroc,attributes.unit,fraction,unitless,"data/vocab/unit.ttl defines unitless as covering ""scores, correlations, effect sizes, AUC""; 120 AUROC rows already use unitless"
dart-eval-result-nucleotide-transformer-probed-ca-auroc-imr90-auroc,attributes.unit,fraction,unitless,"data/vocab/unit.ttl defines unitless as covering ""scores, correlations, effect sizes, AUC""; 120 AUROC rows already use unitless"
dart-eval-result-nucleotide-transformer-probed-ca-auroc-k562-auroc,attributes.unit,fraction,unitless,"data/vocab/unit.ttl defines unitless as covering ""scores, correlations, effect sizes, AUC""; 120 AUROC rows already use unitless"
dart-eval-result-nucleotide-transformer-probed-cts-gm12878-auroc,attributes.unit,fraction,unitless,"data/vocab/unit.ttl defines unitless as covering ""scores, correlations, effect sizes, AUC""; 120 AUROC rows already use unitless"
dart-eval-result-nucleotide-transformer-probed-cts-h1esc-auroc,attributes.unit,fraction,unitless,"data/vocab/unit.ttl defines unitless as covering ""scores, correlations, effect sizes, AUC""; 120 AUROC rows already use unitless"
dart-eval-result-nucleotide-transformer-probed-cts-hepg2-auroc,attributes.unit,fraction,unitless,"data/vocab/unit.ttl defines unitless as covering ""scores, correlations, effect sizes, AUC""; 120 AUROC rows already use unitless"
dart-eval-result-nucleotide-transformer-probed-cts-imr90-auroc,attributes.unit,fraction,unitless,"data/vocab/unit.ttl defines unitless as covering ""scores, correlations, effect sizes, AUC""; 120 AUROC rows already use unitless"
dart-eval-result-nucleotide-transformer-probed-cts-k562-auroc,attributes.unit,fraction,unitless,"data/vocab/unit.ttl defines unitless as covering ""scores, correlations, effect sizes, AUC""; 120 AUROC rows already use unitless"
dart-eval-result-nucleotide-transformer-probed-vs-african-auroc-auroc,attributes.unit,fraction,unitless,"data/vocab/unit.ttl defines unitless as covering ""scores, correlations, effect sizes, AUC""; 120 AUROC rows already use unitless"
dart-eval-result-nucleotide-transformer-probed-vs-yoruban-auroc-auroc,attributes.unit,fraction,unitless,"data/vocab/unit.ttl defines unitless as covering ""scores, correlations, effect sizes, AUC""; 120 AUROC rows already use unitless"
dart-eval-result-nucleotide-transformer-zero-shot-embedding-vs-african-auroc-auroc,attributes.unit,fraction,unitless,"data/vocab/unit.ttl defines unitless as covering ""scores, correlations, effect sizes, AUC""; 120 AUROC rows already use unitless"
dart-eval-result-nucleotide-transformer-zero-shot-embedding-vs-yoruban-auroc-auroc,attributes.unit,fraction,unitless,"data/vocab/unit.ttl defines unitless as covering ""scores, correlations, effect sizes, AUC""; 120 AUROC rows already use unitless"
dart-eval-result-nucleotide-transformer-zero-shot-likelihood-vs-african-auroc-auroc,attributes.unit,fraction,unitless,"data/vocab/unit.ttl defines unitless as covering ""scores, correlations, effect sizes, AUC""; 120 AUROC rows already use unitless"
dart-eval-result-nucleotide-transformer-zero-shot-likelihood-vs-yoruban-auroc-auroc,attributes.unit,fraction,unitless,"data/vocab/unit.ttl defines unitless as covering ""scores, correlations, effect sizes, AUC""; 120 AUROC rows already use unitless"
dart-eval-result-probing-head-like-ab-initio-cts-gm12878-auroc,attributes.unit,fraction,unitless,"data/vocab/unit.ttl defines unitless as covering ""scores, correlations, effect sizes, AUC""; 120 AUROC rows already use unitless"
dart-eval-result-probing-head-like-ab-initio-cts-h1esc-auroc,attributes.unit,fraction,unitless,"data/vocab/unit.ttl defines unitless as covering ""scores, correlations, effect sizes, AUC""; 120 AUROC rows already use unitless"
dart-eval-result-probing-head-like-ab-initio-cts-hepg2-auroc,attributes.unit,fraction,unitless,"data/vocab/unit.ttl defines unitless as covering ""scores, correlations, effect sizes, AUC""; 120 AUROC rows already use unitless"
dart-eval-result-probing-head-like-ab-initio-cts-imr90-auroc,attributes.unit,fraction,unitless,"data/vocab/unit.ttl defines unitless as covering ""scores, correlations, effect sizes, AUC""; 120 AUROC rows already use unitless"
dart-eval-result-probing-head-like-ab-initio-cts-k562-auroc,attributes.unit,fraction,unitless,"data/vocab/unit.ttl defines unitless as covering ""scores, correlations, effect sizes, AUC""; 120 AUROC rows already use unitless"
lit-b4-001,attributes.unit,fraction,unitless,"data/vocab/unit.ttl defines unitless as covering ""scores, correlations, effect sizes, AUC""; 120 AUROC rows already use unitless"
lit-b4-002,attributes.unit,fraction,unitless,"data/vocab/unit.ttl defines unitless as covering ""scores, correlations, effect sizes, AUC""; 120 AUROC rows already use unitless"
lit-b4-004,attributes.unit,fraction,unitless,"data/vocab/unit.ttl defines unitless as covering ""scores, correlations, effect sizes, AUC""; 120 AUROC rows already use unitless"
lit-b4-007,attributes.unit,fraction,unitless,"data/vocab/unit.ttl defines unitless as covering ""scores, correlations, effect sizes, AUC""; 120 AUROC rows already use unitless"
lit-b4-010,attributes.unit,fraction,unitless,"data/vocab/unit.ttl defines unitless as covering ""scores, correlations, effect sizes, AUC""; 120 AUROC rows already use unitless"
lit-b4-011,attributes.unit,fraction,unitless,"data/vocab/unit.ttl defines unitless as covering ""scores, correlations, effect sizes, AUC""; 120 AUROC rows already use unitless"
lit-b4-013,attributes.unit,fraction,unitless,"data/vocab/unit.ttl defines unitless as covering ""scores, correlations, effect sizes, AUC""; 120 AUROC rows already use unitless"
lit-b4-022,attributes.unit,fraction,unitless,"data/vocab/unit.ttl defines unitless as covering ""scores, correlations, effect sizes, AUC""; 120 AUROC rows already use unitless"
lit-b4-023,attributes.unit,fraction,unitless,"data/vocab/unit.ttl defines unitless as covering ""scores, correlations, effect sizes, AUC""; 120 AUROC rows already use unitless"
lit-b4-024,attributes.unit,fraction,unitless,"data/vocab/unit.ttl defines unitless as covering ""scores, correlations, effect sizes, AUC""; 120 AUROC rows already use unitless"
nabench-result-aido-rna-dms-zs-auc-auc,attributes.unit,fraction,unitless,"data/vocab/unit.ttl defines unitless as covering ""scores, correlations, effect sizes, AUC""; 120 AUROC rows already use unitless"
nabench-result-aido-rna-dms-zs-ndcg-ndcg,attributes.unit,fraction,unitless,"NDCG is DCG divided by ideal DCG, a normalised score, not a proportion of items (Jarvelin & Kekalainen 2002, ACM TOIS 20:422, doi:10.1145/582415.582418)"
nabench-result-aido-rna-selex-zs-auc-auc,attributes.unit,fraction,unitless,"data/vocab/unit.ttl defines unitless as covering ""scores, correlations, effect sizes, AUC""; 120 AUROC rows already use unitless"
nabench-result-aido-rna-selex-zs-ndcg-ndcg,attributes.unit,fraction,unitless,"NDCG is DCG divided by ideal DCG, a normalised score, not a proportion of items (Jarvelin & Kekalainen 2002, ACM TOIS 20:422, doi:10.1145/582415.582418)"
nabench-result-aido-rna-zs-auc-aptamer-auc,attributes.unit,fraction,unitless,"data/vocab/unit.ttl defines unitless as covering ""scores, correlations, effect sizes, AUC""; 120 AUROC rows already use unitless"
nabench-result-aido-rna-zs-auc-enhancer-auc,attributes.unit,fraction,unitless,"data/vocab/unit.ttl defines unitless as covering ""scores, correlations, effect sizes, AUC""; 120 AUROC rows already use unitless"
nabench-result-aido-rna-zs-auc-mrna-auc,attributes.unit,fraction,unitless,"data/vocab/unit.ttl defines unitless as covering ""scores, correlations, effect sizes, AUC""; 120 AUROC rows already use unitless"
nabench-result-aido-rna-zs-auc-promoter-auc,attributes.unit,fraction,unitless,"data/vocab/unit.ttl defines unitless as covering ""scores, correlations, effect sizes, AUC""; 120 AUROC rows already use unitless"
nabench-result-aido-rna-zs-auc-ribozyme-auc,attributes.unit,fraction,unitless,"data/vocab/unit.ttl defines unitless as covering ""scores, correlations, effect sizes, AUC""; 120 AUROC rows already use unitless"
nabench-result-aido-rna-zs-auc-trna-auc,attributes.unit,fraction,unitless,"data/vocab/unit.ttl defines unitless as covering ""scores, correlations, effect sizes, AUC""; 120 AUROC rows already use unitless"
nabench-result-birna-bert-dms-zs-auc-auc,attributes.unit,fraction,unitless,"data/vocab/unit.ttl defines unitless as covering ""scores, correlations, effect sizes, AUC""; 120 AUROC rows already use unitless"
nabench-result-birna-bert-dms-zs-ndcg-ndcg,attributes.unit,fraction,unitless,"NDCG is DCG divided by ideal DCG, a normalised score, not a proportion of items (Jarvelin & Kekalainen 2002, ACM TOIS 20:422, doi:10.1145/582415.582418)"
nabench-result-birna-bert-selex-zs-auc-auc,attributes.unit,fraction,unitless,"data/vocab/unit.ttl defines unitless as covering ""scores, correlations, effect sizes, AUC""; 120 AUROC rows already use unitless"
nabench-result-birna-bert-selex-zs-ndcg-ndcg,attributes.unit,fraction,unitless,"NDCG is DCG divided by ideal DCG, a normalised score, not a proportion of items (Jarvelin & Kekalainen 2002, ACM TOIS 20:422, doi:10.1145/582415.582418)"
nabench-result-birna-bert-zs-auc-aptamer-auc,attributes.unit,fraction,unitless,"data/vocab/unit.ttl defines unitless as covering ""scores, correlations, effect sizes, AUC""; 120 AUROC rows already use unitless"
nabench-result-birna-bert-zs-auc-enhancer-auc,attributes.unit,fraction,unitless,"data/vocab/unit.ttl defines unitless as covering ""scores, correlations, effect sizes, AUC""; 120 AUROC rows already use unitless"
nabench-result-birna-bert-zs-auc-mrna-auc,attributes.unit,fraction,unitless,"data/vocab/unit.ttl defines unitless as covering ""scores, correlations, effect sizes, AUC""; 120 AUROC rows already use unitless"
nabench-result-birna-bert-zs-auc-promoter-auc,attributes.unit,fraction,unitless,"data/vocab/unit.ttl defines unitless as covering ""scores, correlations, effect sizes, AUC""; 120 AUROC rows already use unitless"
nabench-result-birna-bert-zs-auc-ribozyme-auc,attributes.unit,fraction,unitless,"data/vocab/unit.ttl defines unitless as covering ""scores, correlations, effect sizes, AUC""; 120 AUROC rows already use unitless"
nabench-result-birna-bert-zs-auc-trna-auc,attributes.unit,fraction,unitless,"data/vocab/unit.ttl defines unitless as covering ""scores, correlations, effect sizes, AUC""; 120 AUROC rows already use unitless"
nabench-result-crafts-dms-zs-auc-auc,attributes.unit,fraction,unitless,"data/vocab/unit.ttl defines unitless as covering ""scores, correlations, effect sizes, AUC""; 120 AUROC rows already use unitless"
nabench-result-crafts-dms-zs-ndcg-ndcg,attributes.unit,fraction,unitless,"NDCG is DCG divided by ideal DCG, a normalised score, not a proportion of items (Jarvelin & Kekalainen 2002, ACM TOIS 20:422, doi:10.1145/582415.582418)"
nabench-result-crafts-selex-zs-auc-auc,attributes.unit,fraction,unitless,"data/vocab/unit.ttl defines unitless as covering ""scores, correlations, effect sizes, AUC""; 120 AUROC rows already use unitless"
nabench-result-crafts-selex-zs-ndcg-ndcg,attributes.unit,fraction,unitless,"NDCG is DCG divided by ideal DCG, a normalised score, not a proportion of items (Jarvelin & Kekalainen 2002, ACM TOIS 20:422, doi:10.1145/582415.582418)"
nabench-result-crafts-zs-auc-aptamer-auc,attributes.unit,fraction,unitless,"data/vocab/unit.ttl defines unitless as covering ""scores, correlations, effect sizes, AUC""; 120 AUROC rows already use unitless"
nabench-result-crafts-zs-auc-enhancer-auc,attributes.unit,fraction,unitless,"data/vocab/unit.ttl defines unitless as covering ""scores, correlations, effect sizes, AUC""; 120 AUROC rows already use unitless"
nabench-result-crafts-zs-auc-mrna-auc,attributes.unit,fraction,unitless,"data/vocab/unit.ttl defines unitless as covering ""scores, correlations, effect sizes, AUC""; 120 AUROC rows already use unitless"
nabench-result-crafts-zs-auc-promoter-auc,attributes.unit,fraction,unitless,"data/vocab/unit.ttl defines unitless as covering ""scores, correlations, effect sizes, AUC""; 120 AUROC rows already use unitless"
nabench-result-crafts-zs-auc-ribozyme-auc,attributes.unit,fraction,unitless,"data/vocab/unit.ttl defines unitless as covering ""scores, correlations, effect sizes, AUC""; 120 AUROC rows already use unitless"
nabench-result-crafts-zs-auc-trna-auc,attributes.unit,fraction,unitless,"data/vocab/unit.ttl defines unitless as covering ""scores, correlations, effect sizes, AUC""; 120 AUROC rows already use unitless"
nabench-result-dnabert-6-dms-zs-auc-auc,attributes.unit,fraction,unitless,"data/vocab/unit.ttl defines unitless as covering ""scores, correlations, effect sizes, AUC""; 120 AUROC rows already use unitless"
nabench-result-dnabert-6-dms-zs-ndcg-ndcg,attributes.unit,fraction,unitless,"NDCG is DCG divided by ideal DCG, a normalised score, not a proportion of items (Jarvelin & Kekalainen 2002, ACM TOIS 20:422, doi:10.1145/582415.582418)"
nabench-result-dnabert-6-selex-zs-auc-auc,attributes.unit,fraction,unitless,"data/vocab/unit.ttl defines unitless as covering ""scores, correlations, effect sizes, AUC""; 120 AUROC rows already use unitless"
nabench-result-dnabert-6-selex-zs-ndcg-ndcg,attributes.unit,fraction,unitless,"NDCG is DCG divided by ideal DCG, a normalised score, not a proportion of items (Jarvelin & Kekalainen 2002, ACM TOIS 20:422, doi:10.1145/582415.582418)"
nabench-result-dnabert-6-zs-auc-aptamer-auc,attributes.unit,fraction,unitless,"data/vocab/unit.ttl defines unitless as covering ""scores, correlations, effect sizes, AUC""; 120 AUROC rows already use unitless"
nabench-result-dnabert-6-zs-auc-enhancer-auc,attributes.unit,fraction,unitless,"data/vocab/unit.ttl defines unitless as covering ""scores, correlations, effect sizes, AUC""; 120 AUROC rows already use unitless"
nabench-result-dnabert-6-zs-auc-mrna-auc,attributes.unit,fraction,unitless,"data/vocab/unit.ttl defines unitless as covering ""scores, correlations, effect sizes, AUC""; 120 AUROC rows already use unitless"
nabench-result-dnabert-6-zs-auc-promoter-auc,attributes.unit,fraction,unitless,"data/vocab/unit.ttl defines unitless as covering ""scores, correlations, effect sizes, AUC""; 120 AUROC rows already use unitless"
nabench-result-dnabert-6-zs-auc-ribozyme-auc,attributes.unit,fraction,unitless,"data/vocab/unit.ttl defines unitless as covering ""scores, correlations, effect sizes, AUC""; 120 AUROC rows already use unitless"
nabench-result-dnabert-6-zs-auc-trna-auc,attributes.unit,fraction,unitless,"data/vocab/unit.ttl defines unitless as covering ""scores, correlations, effect sizes, AUC""; 120 AUROC rows already use unitless"
nabench-result-dnabert-dms-zs-auc-auc,attributes.unit,fraction,unitless,"data/vocab/unit.ttl defines unitless as covering ""scores, correlations, effect sizes, AUC""; 120 AUROC rows already use unitless"
nabench-result-dnabert-dms-zs-ndcg-ndcg,attributes.unit,fraction,unitless,"NDCG is DCG divided by ideal DCG, a normalised score, not a proportion of items (Jarvelin & Kekalainen 2002, ACM TOIS 20:422, doi:10.1145/582415.582418)"
nabench-result-dnabert-selex-zs-auc-auc,attributes.unit,fraction,unitless,"data/vocab/unit.ttl defines unitless as covering ""scores, correlations, effect sizes, AUC""; 120 AUROC rows already use unitless"
nabench-result-dnabert-selex-zs-ndcg-ndcg,attributes.unit,fraction,unitless,"NDCG is DCG divided by ideal DCG, a normalised score, not a proportion of items (Jarvelin & Kekalainen 2002, ACM TOIS 20:422, doi:10.1145/582415.582418)"
nabench-result-dnabert-zs-auc-aptamer-auc,attributes.unit,fraction,unitless,"data/vocab/unit.ttl defines unitless as covering ""scores, correlations, effect sizes, AUC""; 120 AUROC rows already use unitless"
nabench-result-dnabert-zs-auc-enhancer-auc,attributes.unit,fraction,unitless,"data/vocab/unit.ttl defines unitless as covering ""scores, correlations, effect sizes, AUC""; 120 AUROC rows already use unitless"
nabench-result-dnabert-zs-auc-mrna-auc,attributes.unit,fraction,unitless,"data/vocab/unit.ttl defines unitless as covering ""scores, correlations, effect sizes, AUC""; 120 AUROC rows already use unitless"
nabench-result-dnabert-zs-auc-promoter-auc,attributes.unit,fraction,unitless,"data/vocab/unit.ttl defines unitless as covering ""scores, correlations, effect sizes, AUC""; 120 AUROC rows already use unitless"
nabench-result-dnabert-zs-auc-ribozyme-auc,attributes.unit,fraction,unitless,"data/vocab/unit.ttl defines unitless as covering ""scores, correlations, effect sizes, AUC""; 120 AUROC rows already use unitless"
nabench-result-dnabert-zs-auc-trna-auc,attributes.unit,fraction,unitless,"data/vocab/unit.ttl defines unitless as covering ""scores, correlations, effect sizes, AUC""; 120 AUROC rows already use unitless"
nabench-result-enformer-dms-zs-auc-auc,attributes.unit,fraction,unitless,"data/vocab/unit.ttl defines unitless as covering ""scores, correlations, effect sizes, AUC""; 120 AUROC rows already use unitless"
nabench-result-enformer-dms-zs-ndcg-ndcg,attributes.unit,fraction,unitless,"NDCG is DCG divided by ideal DCG, a normalised score, not a proportion of items (Jarvelin & Kekalainen 2002, ACM TOIS 20:422, doi:10.1145/582415.582418)"
nabench-result-enformer-selex-zs-auc-auc,attributes.unit,fraction,unitless,"data/vocab/unit.ttl defines unitless as covering ""scores, correlations, effect sizes, AUC""; 120 AUROC rows already use unitless"
nabench-result-enformer-selex-zs-ndcg-ndcg,attributes.unit,fraction,unitless,"NDCG is DCG divided by ideal DCG, a normalised score, not a proportion of items (Jarvelin & Kekalainen 2002, ACM TOIS 20:422, doi:10.1145/582415.582418)"
nabench-result-enformer-zs-auc-aptamer-auc,attributes.unit,fraction,unitless,"data/vocab/unit.ttl defines unitless as covering ""scores, correlations, effect sizes, AUC""; 120 AUROC rows already use unitless"
nabench-result-enformer-zs-auc-enhancer-auc,attributes.unit,fraction,unitless,"data/vocab/unit.ttl defines unitless as covering ""scores, correlations, effect sizes, AUC""; 120 AUROC rows already use unitless"
nabench-result-enformer-zs-auc-mrna-auc,attributes.unit,fraction,unitless,"data/vocab/unit.ttl defines unitless as covering ""scores, correlations, effect sizes, AUC""; 120 AUROC rows already use unitless"
nabench-result-enformer-zs-auc-promoter-auc,attributes.unit,fraction,unitless,"data/vocab/unit.ttl defines unitless as covering ""scores, correlations, effect sizes, AUC""; 120 AUROC rows already use unitless"
nabench-result-enformer-zs-auc-ribozyme-auc,attributes.unit,fraction,unitless,"data/vocab/unit.ttl defines unitless as covering ""scores, correlations, effect sizes, AUC""; 120 AUROC rows already use unitless"
nabench-result-enformer-zs-auc-trna-auc,attributes.unit,fraction,unitless,"data/vocab/unit.ttl defines unitless as covering ""scores, correlations, effect sizes, AUC""; 120 AUROC rows already use unitless"
nabench-result-evo-1-5-8k-base-dms-zs-auc-auc,attributes.unit,fraction,unitless,"data/vocab/unit.ttl defines unitless as covering ""scores, correlations, effect sizes, AUC""; 120 AUROC rows already use unitless"
nabench-result-evo-1-5-8k-base-dms-zs-ndcg-ndcg,attributes.unit,fraction,unitless,"NDCG is DCG divided by ideal DCG, a normalised score, not a proportion of items (Jarvelin & Kekalainen 2002, ACM TOIS 20:422, doi:10.1145/582415.582418)"
nabench-result-evo-1-5-8k-base-selex-zs-auc-auc,attributes.unit,fraction,unitless,"data/vocab/unit.ttl defines unitless as covering ""scores, correlations, effect sizes, AUC""; 120 AUROC rows already use unitless"
nabench-result-evo-1-5-8k-base-selex-zs-ndcg-ndcg,attributes.unit,fraction,unitless,"NDCG is DCG divided by ideal DCG, a normalised score, not a proportion of items (Jarvelin & Kekalainen 2002, ACM TOIS 20:422, doi:10.1145/582415.582418)"
nabench-result-evo-1-5-8k-base-zs-auc-aptamer-auc,attributes.unit,fraction,unitless,"data/vocab/unit.ttl defines unitless as covering ""scores, correlations, effect sizes, AUC""; 120 AUROC rows already use unitless"
nabench-result-evo-1-5-8k-base-zs-auc-enhancer-auc,attributes.unit,fraction,unitless,"data/vocab/unit.ttl defines unitless as covering ""scores, correlations, effect sizes, AUC""; 120 AUROC rows already use unitless"
nabench-result-evo-1-5-8k-base-zs-auc-mrna-auc,attributes.unit,fraction,unitless,"data/vocab/unit.ttl defines unitless as covering ""scores, correlations, effect sizes, AUC""; 120 AUROC rows already use unitless"
nabench-result-evo-1-5-8k-base-zs-auc-promoter-auc,attributes.unit,fraction,unitless,"data/vocab/unit.ttl defines unitless as covering ""scores, correlations, effect sizes, AUC""; 120 AUROC rows already use unitless"
nabench-result-evo-1-5-8k-base-zs-auc-ribozyme-auc,attributes.unit,fraction,unitless,"data/vocab/unit.ttl defines unitless as covering ""scores, correlations, effect sizes, AUC""; 120 AUROC rows already use unitless"
nabench-result-evo-1-5-8k-base-zs-auc-trna-auc,attributes.unit,fraction,unitless,"data/vocab/unit.ttl defines unitless as covering ""scores, correlations, effect sizes, AUC""; 120 AUROC rows already use unitless"
nabench-result-evo-1-8k-base-dms-zs-auc-auc,attributes.unit,fraction,unitless,"data/vocab/unit.ttl defines unitless as covering ""scores, correlations, effect sizes, AUC""; 120 AUROC rows already use unitless"
nabench-result-evo-1-8k-base-dms-zs-ndcg-ndcg,attributes.unit,fraction,unitless,"NDCG is DCG divided by ideal DCG, a normalised score, not a proportion of items (Jarvelin & Kekalainen 2002, ACM TOIS 20:422, doi:10.1145/582415.582418)"
nabench-result-evo-1-8k-base-selex-zs-auc-auc,attributes.unit,fraction,unitless,"data/vocab/unit.ttl defines unitless as covering ""scores, correlations, effect sizes, AUC""; 120 AUROC rows already use unitless"
nabench-result-evo-1-8k-base-selex-zs-ndcg-ndcg,attributes.unit,fraction,unitless,"NDCG is DCG divided by ideal DCG, a normalised score, not a proportion of items (Jarvelin & Kekalainen 2002, ACM TOIS 20:422, doi:10.1145/582415.582418)"
nabench-result-evo-1-8k-base-zs-auc-aptamer-auc,attributes.unit,fraction,unitless,"data/vocab/unit.ttl defines unitless as covering ""scores, correlations, effect sizes, AUC""; 120 AUROC rows already use unitless"
nabench-result-evo-1-8k-base-zs-auc-enhancer-auc,attributes.unit,fraction,unitless,"data/vocab/unit.ttl defines unitless as covering ""scores, correlations, effect sizes, AUC""; 120 AUROC rows already use unitless"
nabench-result-evo-1-8k-base-zs-auc-mrna-auc,attributes.unit,fraction,unitless,"data/vocab/unit.ttl defines unitless as covering ""scores, correlations, effect sizes, AUC""; 120 AUROC rows already use unitless"
nabench-result-evo-1-8k-base-zs-auc-promoter-auc,attributes.unit,fraction,unitless,"data/vocab/unit.ttl defines unitless as covering ""scores, correlations, effect sizes, AUC""; 120 AUROC rows already use unitless"
nabench-result-evo-1-8k-base-zs-auc-ribozyme-auc,attributes.unit,fraction,unitless,"data/vocab/unit.ttl defines unitless as covering ""scores, correlations, effect sizes, AUC""; 120 AUROC rows already use unitless"
nabench-result-evo-1-8k-base-zs-auc-trna-auc,attributes.unit,fraction,unitless,"data/vocab/unit.ttl defines unitless as covering ""scores, correlations, effect sizes, AUC""; 120 AUROC rows already use unitless"
nabench-result-evo-1-8k-dms-zs-auc-auc,attributes.unit,fraction,unitless,"data/vocab/unit.ttl defines unitless as covering ""scores, correlations, effect sizes, AUC""; 120 AUROC rows already use unitless"
nabench-result-evo-1-8k-dms-zs-ndcg-ndcg,attributes.unit,fraction,unitless,"NDCG is DCG divided by ideal DCG, a normalised score, not a proportion of items (Jarvelin & Kekalainen 2002, ACM TOIS 20:422, doi:10.1145/582415.582418)"
nabench-result-evo-1-8k-selex-zs-auc-auc,attributes.unit,fraction,unitless,"data/vocab/unit.ttl defines unitless as covering ""scores, correlations, effect sizes, AUC""; 120 AUROC rows already use unitless"
nabench-result-evo-1-8k-selex-zs-ndcg-ndcg,attributes.unit,fraction,unitless,"NDCG is DCG divided by ideal DCG, a normalised score, not a proportion of items (Jarvelin & Kekalainen 2002, ACM TOIS 20:422, doi:10.1145/582415.582418)"
nabench-result-evo-1-8k-zs-auc-aptamer-auc,attributes.unit,fraction,unitless,"data/vocab/unit.ttl defines unitless as covering ""scores, correlations, effect sizes, AUC""; 120 AUROC rows already use unitless"
nabench-result-evo-1-8k-zs-auc-enhancer-auc,attributes.unit,fraction,unitless,"data/vocab/unit.ttl defines unitless as covering ""scores, correlations, effect sizes, AUC""; 120 AUROC rows already use unitless"
nabench-result-evo-1-8k-zs-auc-mrna-auc,attributes.unit,fraction,unitless,"data/vocab/unit.ttl defines unitless as covering ""scores, correlations, effect sizes, AUC""; 120 AUROC rows already use unitless"
nabench-result-evo-1-8k-zs-auc-promoter-auc,attributes.unit,fraction,unitless,"data/vocab/unit.ttl defines unitless as covering ""scores, correlations, effect sizes, AUC""; 120 AUROC rows already use unitless"
nabench-result-evo-1-8k-zs-auc-ribozyme-auc,attributes.unit,fraction,unitless,"data/vocab/unit.ttl defines unitless as covering ""scores, correlations, effect sizes, AUC""; 120 AUROC rows already use unitless"
nabench-result-evo-1-8k-zs-auc-trna-auc,attributes.unit,fraction,unitless,"data/vocab/unit.ttl defines unitless as covering ""scores, correlations, effect sizes, AUC""; 120 AUROC rows already use unitless"
nabench-result-evo2-7b-base-dms-zs-auc-auc,attributes.unit,fraction,unitless,"data/vocab/unit.ttl defines unitless as covering ""scores, correlations, effect sizes, AUC""; 120 AUROC rows already use unitless"
nabench-result-evo2-7b-base-dms-zs-ndcg-ndcg,attributes.unit,fraction,unitless,"NDCG is DCG divided by ideal DCG, a normalised score, not a proportion of items (Jarvelin & Kekalainen 2002, ACM TOIS 20:422, doi:10.1145/582415.582418)"
nabench-result-evo2-7b-base-selex-zs-auc-auc,attributes.unit,fraction,unitless,"data/vocab/unit.ttl defines unitless as covering ""scores, correlations, effect sizes, AUC""; 120 AUROC rows already use unitless"
nabench-result-evo2-7b-base-selex-zs-ndcg-ndcg,attributes.unit,fraction,unitless,"NDCG is DCG divided by ideal DCG, a normalised score, not a proportion of items (Jarvelin & Kekalainen 2002, ACM TOIS 20:422, doi:10.1145/582415.582418)"
nabench-result-evo2-7b-base-zs-auc-aptamer-auc,attributes.unit,fraction,unitless,"data/vocab/unit.ttl defines unitless as covering ""scores, correlations, effect sizes, AUC""; 120 AUROC rows already use unitless"
nabench-result-evo2-7b-base-zs-auc-enhancer-auc,attributes.unit,fraction,unitless,"data/vocab/unit.ttl defines unitless as covering ""scores, correlations, effect sizes, AUC""; 120 AUROC rows already use unitless"
nabench-result-evo2-7b-base-zs-auc-mrna-auc,attributes.unit,fraction,unitless,"data/vocab/unit.ttl defines unitless as covering ""scores, correlations, effect sizes, AUC""; 120 AUROC rows already use unitless"
nabench-result-evo2-7b-base-zs-auc-promoter-auc,attributes.unit,fraction,unitless,"data/vocab/unit.ttl defines unitless as covering ""scores, correlations, effect sizes, AUC""; 120 AUROC rows already use unitless"
nabench-result-evo2-7b-base-zs-auc-ribozyme-auc,attributes.unit,fraction,unitless,"data/vocab/unit.ttl defines unitless as covering ""scores, correlations, effect sizes, AUC""; 120 AUROC rows already use unitless"
nabench-result-evo2-7b-base-zs-auc-trna-auc,attributes.unit,fraction,unitless,"data/vocab/unit.ttl defines unitless as covering ""scores, correlations, effect sizes, AUC""; 120 AUROC rows already use unitless"
nabench-result-evo2-7b-dms-zs-auc-auc,attributes.unit,fraction,unitless,"data/vocab/unit.ttl defines unitless as covering ""scores, correlations, effect sizes, AUC""; 120 AUROC rows already use unitless"
nabench-result-evo2-7b-dms-zs-ndcg-ndcg,attributes.unit,fraction,unitless,"NDCG is DCG divided by ideal DCG, a normalised score, not a proportion of items (Jarvelin & Kekalainen 2002, ACM TOIS 20:422, doi:10.1145/582415.582418)"
nabench-result-evo2-7b-selex-zs-auc-auc,attributes.unit,fraction,unitless,"data/vocab/unit.ttl defines unitless as covering ""scores, correlations, effect sizes, AUC""; 120 AUROC rows already use unitless"
nabench-result-evo2-7b-selex-zs-ndcg-ndcg,attributes.unit,fraction,unitless,"NDCG is DCG divided by ideal DCG, a normalised score, not a proportion of items (Jarvelin & Kekalainen 2002, ACM TOIS 20:422, doi:10.1145/582415.582418)"
nabench-result-evo2-7b-zs-auc-aptamer-auc,attributes.unit,fraction,unitless,"data/vocab/unit.ttl defines unitless as covering ""scores, correlations, effect sizes, AUC""; 120 AUROC rows already use unitless"
nabench-result-evo2-7b-zs-auc-enhancer-auc,attributes.unit,fraction,unitless,"data/vocab/unit.ttl defines unitless as covering ""scores, correlations, effect sizes, AUC""; 120 AUROC rows already use unitless"
nabench-result-evo2-7b-zs-auc-mrna-auc,attributes.unit,fraction,unitless,"data/vocab/unit.ttl defines unitless as covering ""scores, correlations, effect sizes, AUC""; 120 AUROC rows already use unitless"
nabench-result-evo2-7b-zs-auc-promoter-auc,attributes.unit,fraction,unitless,"data/vocab/unit.ttl defines unitless as covering ""scores, correlations, effect sizes, AUC""; 120 AUROC rows already use unitless"
nabench-result-evo2-7b-zs-auc-ribozyme-auc,attributes.unit,fraction,unitless,"data/vocab/unit.ttl defines unitless as covering ""scores, correlations, effect sizes, AUC""; 120 AUROC rows already use unitless"
nabench-result-evo2-7b-zs-auc-trna-auc,attributes.unit,fraction,unitless,"data/vocab/unit.ttl defines unitless as covering ""scores, correlations, effect sizes, AUC""; 120 AUROC rows already use unitless"
nabench-result-gena-lm-large-dms-zs-auc-auc,attributes.unit,fraction,unitless,"data/vocab/unit.ttl defines unitless as covering ""scores, correlations, effect sizes, AUC""; 120 AUROC rows already use unitless"
nabench-result-gena-lm-large-dms-zs-ndcg-ndcg,attributes.unit,fraction,unitless,"NDCG is DCG divided by ideal DCG, a normalised score, not a proportion of items (Jarvelin & Kekalainen 2002, ACM TOIS 20:422, doi:10.1145/582415.582418)"
nabench-result-gena-lm-large-selex-zs-auc-auc,attributes.unit,fraction,unitless,"data/vocab/unit.ttl defines unitless as covering ""scores, correlations, effect sizes, AUC""; 120 AUROC rows already use unitless"
nabench-result-gena-lm-large-selex-zs-ndcg-ndcg,attributes.unit,fraction,unitless,"NDCG is DCG divided by ideal DCG, a normalised score, not a proportion of items (Jarvelin & Kekalainen 2002, ACM TOIS 20:422, doi:10.1145/582415.582418)"
nabench-result-gena-lm-large-zs-auc-aptamer-auc,attributes.unit,fraction,unitless,"data/vocab/unit.ttl defines unitless as covering ""scores, correlations, effect sizes, AUC""; 120 AUROC rows already use unitless"
nabench-result-gena-lm-large-zs-auc-enhancer-auc,attributes.unit,fraction,unitless,"data/vocab/unit.ttl defines unitless as covering ""scores, correlations, effect sizes, AUC""; 120 AUROC rows already use unitless"
nabench-result-gena-lm-large-zs-auc-mrna-auc,attributes.unit,fraction,unitless,"data/vocab/unit.ttl defines unitless as covering ""scores, correlations, effect sizes, AUC""; 120 AUROC rows already use unitless"
nabench-result-gena-lm-large-zs-auc-promoter-auc,attributes.unit,fraction,unitless,"data/vocab/unit.ttl defines unitless as covering ""scores, correlations, effect sizes, AUC""; 120 AUROC rows already use unitless"
nabench-result-gena-lm-large-zs-auc-ribozyme-auc,attributes.unit,fraction,unitless,"data/vocab/unit.ttl defines unitless as covering ""scores, correlations, effect sizes, AUC""; 120 AUROC rows already use unitless"
nabench-result-generator-3b-dms-zs-auc-auc,attributes.unit,fraction,unitless,"data/vocab/unit.ttl defines unitless as covering ""scores, correlations, effect sizes, AUC""; 120 AUROC rows already use unitless"
nabench-result-generator-3b-dms-zs-ndcg-ndcg,attributes.unit,fraction,unitless,"NDCG is DCG divided by ideal DCG, a normalised score, not a proportion of items (Jarvelin & Kekalainen 2002, ACM TOIS 20:422, doi:10.1145/582415.582418)"
nabench-result-generator-3b-selex-zs-auc-auc,attributes.unit,fraction,unitless,"data/vocab/unit.ttl defines unitless as covering ""scores, correlations, effect sizes, AUC""; 120 AUROC rows already use unitless"
nabench-result-generator-3b-selex-zs-ndcg-ndcg,attributes.unit,fraction,unitless,"NDCG is DCG divided by ideal DCG, a normalised score, not a proportion of items (Jarvelin & Kekalainen 2002, ACM TOIS 20:422, doi:10.1145/582415.582418)"
nabench-result-generator-3b-zs-auc-aptamer-auc,attributes.unit,fraction,unitless,"data/vocab/unit.ttl defines unitless as covering ""scores, correlations, effect sizes, AUC""; 120 AUROC rows already use unitless"
nabench-result-generator-3b-zs-auc-enhancer-auc,attributes.unit,fraction,unitless,"data/vocab/unit.ttl defines unitless as covering ""scores, correlations, effect sizes, AUC""; 120 AUROC rows already use unitless"
nabench-result-generator-3b-zs-auc-mrna-auc,attributes.unit,fraction,unitless,"data/vocab/unit.ttl defines unitless as covering ""scores, correlations, effect sizes, AUC""; 120 AUROC rows already use unitless"
nabench-result-generator-3b-zs-auc-promoter-auc,attributes.unit,fraction,unitless,"data/vocab/unit.ttl defines unitless as covering ""scores, correlations, effect sizes, AUC""; 120 AUROC rows already use unitless"
nabench-result-generator-3b-zs-auc-ribozyme-auc,attributes.unit,fraction,unitless,"data/vocab/unit.ttl defines unitless as covering ""scores, correlations, effect sizes, AUC""; 120 AUROC rows already use unitless"
nabench-result-generator-3b-zs-auc-trna-auc,attributes.unit,fraction,unitless,"data/vocab/unit.ttl defines unitless as covering ""scores, correlations, effect sizes, AUC""; 120 AUROC rows already use unitless"
nabench-result-generrna-dms-zs-auc-auc,attributes.unit,fraction,unitless,"data/vocab/unit.ttl defines unitless as covering ""scores, correlations, effect sizes, AUC""; 120 AUROC rows already use unitless"
nabench-result-generrna-dms-zs-ndcg-ndcg,attributes.unit,fraction,unitless,"NDCG is DCG divided by ideal DCG, a normalised score, not a proportion of items (Jarvelin & Kekalainen 2002, ACM TOIS 20:422, doi:10.1145/582415.582418)"
nabench-result-generrna-selex-zs-auc-auc,attributes.unit,fraction,unitless,"data/vocab/unit.ttl defines unitless as covering ""scores, correlations, effect sizes, AUC""; 120 AUROC rows already use unitless"
nabench-result-generrna-selex-zs-ndcg-ndcg,attributes.unit,fraction,unitless,"NDCG is DCG divided by ideal DCG, a normalised score, not a proportion of items (Jarvelin & Kekalainen 2002, ACM TOIS 20:422, doi:10.1145/582415.582418)"
nabench-result-generrna-zs-auc-aptamer-auc,attributes.unit,fraction,unitless,"data/vocab/unit.ttl defines unitless as covering ""scores, correlations, effect sizes, AUC""; 120 AUROC rows already use unitless"
nabench-result-generrna-zs-auc-enhancer-auc,attributes.unit,fraction,unitless,"data/vocab/unit.ttl defines unitless as covering ""scores, correlations, effect sizes, AUC""; 120 AUROC rows already use unitless"
nabench-result-generrna-zs-auc-mrna-auc,attributes.unit,fraction,unitless,"data/vocab/unit.ttl defines unitless as covering ""scores, correlations, effect sizes, AUC""; 120 AUROC rows already use unitless"
nabench-result-generrna-zs-auc-promoter-auc,attributes.unit,fraction,unitless,"data/vocab/unit.ttl defines unitless as covering ""scores, correlations, effect sizes, AUC""; 120 AUROC rows already use unitless"
nabench-result-generrna-zs-auc-ribozyme-auc,attributes.unit,fraction,unitless,"data/vocab/unit.ttl defines unitless as covering ""scores, correlations, effect sizes, AUC""; 120 AUROC rows already use unitless"
nabench-result-generrna-zs-auc-trna-auc,attributes.unit,fraction,unitless,"data/vocab/unit.ttl defines unitless as covering ""scores, correlations, effect sizes, AUC""; 120 AUROC rows already use unitless"
nabench-result-genslm-dms-zs-auc-auc,attributes.unit,fraction,unitless,"data/vocab/unit.ttl defines unitless as covering ""scores, correlations, effect sizes, AUC""; 120 AUROC rows already use unitless"
nabench-result-genslm-dms-zs-ndcg-ndcg,attributes.unit,fraction,unitless,"NDCG is DCG divided by ideal DCG, a normalised score, not a proportion of items (Jarvelin & Kekalainen 2002, ACM TOIS 20:422, doi:10.1145/582415.582418)"
nabench-result-genslm-selex-zs-auc-auc,attributes.unit,fraction,unitless,"data/vocab/unit.ttl defines unitless as covering ""scores, correlations, effect sizes, AUC""; 120 AUROC rows already use unitless"
nabench-result-genslm-selex-zs-ndcg-ndcg,attributes.unit,fraction,unitless,"NDCG is DCG divided by ideal DCG, a normalised score, not a proportion of items (Jarvelin & Kekalainen 2002, ACM TOIS 20:422, doi:10.1145/582415.582418)"
nabench-result-genslm-zs-auc-aptamer-auc,attributes.unit,fraction,unitless,"data/vocab/unit.ttl defines unitless as covering ""scores, correlations, effect sizes, AUC""; 120 AUROC rows already use unitless"
nabench-result-genslm-zs-auc-enhancer-auc,attributes.unit,fraction,unitless,"data/vocab/unit.ttl defines unitless as covering ""scores, correlations, effect sizes, AUC""; 120 AUROC rows already use unitless"
nabench-result-genslm-zs-auc-mrna-auc,attributes.unit,fraction,unitless,"data/vocab/unit.ttl defines unitless as covering ""scores, correlations, effect sizes, AUC""; 120 AUROC rows already use unitless"
nabench-result-genslm-zs-auc-promoter-auc,attributes.unit,fraction,unitless,"data/vocab/unit.ttl defines unitless as covering ""scores, correlations, effect sizes, AUC""; 120 AUROC rows already use unitless"
nabench-result-genslm-zs-auc-ribozyme-auc,attributes.unit,fraction,unitless,"data/vocab/unit.ttl defines unitless as covering ""scores, correlations, effect sizes, AUC""; 120 AUROC rows already use unitless"
nabench-result-genslm-zs-auc-trna-auc,attributes.unit,fraction,unitless,"data/vocab/unit.ttl defines unitless as covering ""scores, correlations, effect sizes, AUC""; 120 AUROC rows already use unitless"
nabench-result-hyenadna-dms-zs-auc-auc,attributes.unit,fraction,unitless,"data/vocab/unit.ttl defines unitless as covering ""scores, correlations, effect sizes, AUC""; 120 AUROC rows already use unitless"
nabench-result-hyenadna-dms-zs-ndcg-ndcg,attributes.unit,fraction,unitless,"NDCG is DCG divided by ideal DCG, a normalised score, not a proportion of items (Jarvelin & Kekalainen 2002, ACM TOIS 20:422, doi:10.1145/582415.582418)"
nabench-result-hyenadna-selex-zs-auc-auc,attributes.unit,fraction,unitless,"data/vocab/unit.ttl defines unitless as covering ""scores, correlations, effect sizes, AUC""; 120 AUROC rows already use unitless"
nabench-result-hyenadna-selex-zs-ndcg-ndcg,attributes.unit,fraction,unitless,"NDCG is DCG divided by ideal DCG, a normalised score, not a proportion of items (Jarvelin & Kekalainen 2002, ACM TOIS 20:422, doi:10.1145/582415.582418)"
nabench-result-hyenadna-zs-auc-aptamer-auc,attributes.unit,fraction,unitless,"data/vocab/unit.ttl defines unitless as covering ""scores, correlations, effect sizes, AUC""; 120 AUROC rows already use unitless"
nabench-result-hyenadna-zs-auc-enhancer-auc,attributes.unit,fraction,unitless,"data/vocab/unit.ttl defines unitless as covering ""scores, correlations, effect sizes, AUC""; 120 AUROC rows already use unitless"
nabench-result-hyenadna-zs-auc-mrna-auc,attributes.unit,fraction,unitless,"data/vocab/unit.ttl defines unitless as covering ""scores, correlations, effect sizes, AUC""; 120 AUROC rows already use unitless"
nabench-result-hyenadna-zs-auc-promoter-auc,attributes.unit,fraction,unitless,"data/vocab/unit.ttl defines unitless as covering ""scores, correlations, effect sizes, AUC""; 120 AUROC rows already use unitless"
nabench-result-hyenadna-zs-auc-ribozyme-auc,attributes.unit,fraction,unitless,"data/vocab/unit.ttl defines unitless as covering ""scores, correlations, effect sizes, AUC""; 120 AUROC rows already use unitless"
nabench-result-hyenadna-zs-auc-trna-auc,attributes.unit,fraction,unitless,"data/vocab/unit.ttl defines unitless as covering ""scores, correlations, effect sizes, AUC""; 120 AUROC rows already use unitless"
nabench-result-lucaone-dms-zs-auc-auc,attributes.unit,fraction,unitless,"data/vocab/unit.ttl defines unitless as covering ""scores, correlations, effect sizes, AUC""; 120 AUROC rows already use unitless"
nabench-result-lucaone-dms-zs-ndcg-ndcg,attributes.unit,fraction,unitless,"NDCG is DCG divided by ideal DCG, a normalised score, not a proportion of items (Jarvelin & Kekalainen 2002, ACM TOIS 20:422, doi:10.1145/582415.582418)"
nabench-result-lucaone-selex-zs-auc-auc,attributes.unit,fraction,unitless,"data/vocab/unit.ttl defines unitless as covering ""scores, correlations, effect sizes, AUC""; 120 AUROC rows already use unitless"
nabench-result-lucaone-selex-zs-ndcg-ndcg,attributes.unit,fraction,unitless,"NDCG is DCG divided by ideal DCG, a normalised score, not a proportion of items (Jarvelin & Kekalainen 2002, ACM TOIS 20:422, doi:10.1145/582415.582418)"
nabench-result-lucaone-zs-auc-aptamer-auc,attributes.unit,fraction,unitless,"data/vocab/unit.ttl defines unitless as covering ""scores, correlations, effect sizes, AUC""; 120 AUROC rows already use unitless"
nabench-result-lucaone-zs-auc-enhancer-auc,attributes.unit,fraction,unitless,"data/vocab/unit.ttl defines unitless as covering ""scores, correlations, effect sizes, AUC""; 120 AUROC rows already use unitless"
nabench-result-lucaone-zs-auc-mrna-auc,attributes.unit,fraction,unitless,"data/vocab/unit.ttl defines unitless as covering ""scores, correlations, effect sizes, AUC""; 120 AUROC rows already use unitless"
nabench-result-lucaone-zs-auc-promoter-auc,attributes.unit,fraction,unitless,"data/vocab/unit.ttl defines unitless as covering ""scores, correlations, effect sizes, AUC""; 120 AUROC rows already use unitless"
nabench-result-lucaone-zs-auc-ribozyme-auc,attributes.unit,fraction,unitless,"data/vocab/unit.ttl defines unitless as covering ""scores, correlations, effect sizes, AUC""; 120 AUROC rows already use unitless"
nabench-result-lucaone-zs-auc-trna-auc,attributes.unit,fraction,unitless,"data/vocab/unit.ttl defines unitless as covering ""scores, correlations, effect sizes, AUC""; 120 AUROC rows already use unitless"
nabench-result-lucavirus-dms-zs-auc-auc,attributes.unit,fraction,unitless,"data/vocab/unit.ttl defines unitless as covering ""scores, correlations, effect sizes, AUC""; 120 AUROC rows already use unitless"
nabench-result-lucavirus-dms-zs-ndcg-ndcg,attributes.unit,fraction,unitless,"NDCG is DCG divided by ideal DCG, a normalised score, not a proportion of items (Jarvelin & Kekalainen 2002, ACM TOIS 20:422, doi:10.1145/582415.582418)"
nabench-result-lucavirus-selex-zs-auc-auc,attributes.unit,fraction,unitless,"data/vocab/unit.ttl defines unitless as covering ""scores, correlations, effect sizes, AUC""; 120 AUROC rows already use unitless"
nabench-result-lucavirus-selex-zs-ndcg-ndcg,attributes.unit,fraction,unitless,"NDCG is DCG divided by ideal DCG, a normalised score, not a proportion of items (Jarvelin & Kekalainen 2002, ACM TOIS 20:422, doi:10.1145/582415.582418)"
nabench-result-lucavirus-zs-auc-aptamer-auc,attributes.unit,fraction,unitless,"data/vocab/unit.ttl defines unitless as covering ""scores, correlations, effect sizes, AUC""; 120 AUROC rows already use unitless"
nabench-result-lucavirus-zs-auc-enhancer-auc,attributes.unit,fraction,unitless,"data/vocab/unit.ttl defines unitless as covering ""scores, correlations, effect sizes, AUC""; 120 AUROC rows already use unitless"
nabench-result-lucavirus-zs-auc-mrna-auc,attributes.unit,fraction,unitless,"data/vocab/unit.ttl defines unitless as covering ""scores, correlations, effect sizes, AUC""; 120 AUROC rows already use unitless"
nabench-result-lucavirus-zs-auc-promoter-auc,attributes.unit,fraction,unitless,"data/vocab/unit.ttl defines unitless as covering ""scores, correlations, effect sizes, AUC""; 120 AUROC rows already use unitless"
nabench-result-lucavirus-zs-auc-ribozyme-auc,attributes.unit,fraction,unitless,"data/vocab/unit.ttl defines unitless as covering ""scores, correlations, effect sizes, AUC""; 120 AUROC rows already use unitless"
nabench-result-lucavirus-zs-auc-trna-auc,attributes.unit,fraction,unitless,"data/vocab/unit.ttl defines unitless as covering ""scores, correlations, effect sizes, AUC""; 120 AUROC rows already use unitless"
nabench-result-n-t-v2-500m-selex-zs-auc-auc,attributes.unit,fraction,unitless,"data/vocab/unit.ttl defines unitless as covering ""scores, correlations, effect sizes, AUC""; 120 AUROC rows already use unitless"
nabench-result-n-t-v2-500m-selex-zs-ndcg-ndcg,attributes.unit,fraction,unitless,"NDCG is DCG divided by ideal DCG, a normalised score, not a proportion of items (Jarvelin & Kekalainen 2002, ACM TOIS 20:422, doi:10.1145/582415.582418)"
nabench-result-n-t-v2-500m-zs-auc-aptamer-auc,attributes.unit,fraction,unitless,"data/vocab/unit.ttl defines unitless as covering ""scores, correlations, effect sizes, AUC""; 120 AUROC rows already use unitless"
nabench-result-n-t-v2-500m-zs-auc-enhancer-auc,attributes.unit,fraction,unitless,"data/vocab/unit.ttl defines unitless as covering ""scores, correlations, effect sizes, AUC""; 120 AUROC rows already use unitless"
nabench-result-n-t-v2-500m-zs-auc-mrna-auc,attributes.unit,fraction,unitless,"data/vocab/unit.ttl defines unitless as covering ""scores, correlations, effect sizes, AUC""; 120 AUROC rows already use unitless"
nabench-result-n-t-v2-500m-zs-auc-promoter-auc,attributes.unit,fraction,unitless,"data/vocab/unit.ttl defines unitless as covering ""scores, correlations, effect sizes, AUC""; 120 AUROC rows already use unitless"
nabench-result-n-t-v2-500m-zs-auc-ribozyme-auc,attributes.unit,fraction,unitless,"data/vocab/unit.ttl defines unitless as covering ""scores, correlations, effect sizes, AUC""; 120 AUROC rows already use unitless"
nabench-result-n-t-v2-50m-dms-zs-auc-auc,attributes.unit,fraction,unitless,"data/vocab/unit.ttl defines unitless as covering ""scores, correlations, effect sizes, AUC""; 120 AUROC rows already use unitless"
nabench-result-n-t-v2-50m-dms-zs-ndcg-ndcg,attributes.unit,fraction,unitless,"NDCG is DCG divided by ideal DCG, a normalised score, not a proportion of items (Jarvelin & Kekalainen 2002, ACM TOIS 20:422, doi:10.1145/582415.582418)"
nabench-result-n-t-v2-50m-selex-zs-auc-auc,attributes.unit,fraction,unitless,"data/vocab/unit.ttl defines unitless as covering ""scores, correlations, effect sizes, AUC""; 120 AUROC rows already use unitless"
nabench-result-n-t-v2-50m-selex-zs-ndcg-ndcg,attributes.unit,fraction,unitless,"NDCG is DCG divided by ideal DCG, a normalised score, not a proportion of items (Jarvelin & Kekalainen 2002, ACM TOIS 20:422, doi:10.1145/582415.582418)"
nabench-result-n-t-v2-50m-zs-auc-aptamer-auc,attributes.unit,fraction,unitless,"data/vocab/unit.ttl defines unitless as covering ""scores, correlations, effect sizes, AUC""; 120 AUROC rows already use unitless"
nabench-result-n-t-v2-50m-zs-auc-enhancer-auc,attributes.unit,fraction,unitless,"data/vocab/unit.ttl defines unitless as covering ""scores, correlations, effect sizes, AUC""; 120 AUROC rows already use unitless"
nabench-result-n-t-v2-50m-zs-auc-mrna-auc,attributes.unit,fraction,unitless,"data/vocab/unit.ttl defines unitless as covering ""scores, correlations, effect sizes, AUC""; 120 AUROC rows already use unitless"
nabench-result-n-t-v2-50m-zs-auc-promoter-auc,attributes.unit,fraction,unitless,"data/vocab/unit.ttl defines unitless as covering ""scores, correlations, effect sizes, AUC""; 120 AUROC rows already use unitless"
nabench-result-n-t-v2-50m-zs-auc-ribozyme-auc,attributes.unit,fraction,unitless,"data/vocab/unit.ttl defines unitless as covering ""scores, correlations, effect sizes, AUC""; 120 AUROC rows already use unitless"
nabench-result-n-t-v2-50m-zs-auc-trna-auc,attributes.unit,fraction,unitless,"data/vocab/unit.ttl defines unitless as covering ""scores, correlations, effect sizes, AUC""; 120 AUROC rows already use unitless"
nabench-result-resm-dms-zs-auc-auc,attributes.unit,fraction,unitless,"data/vocab/unit.ttl defines unitless as covering ""scores, correlations, effect sizes, AUC""; 120 AUROC rows already use unitless"
nabench-result-resm-dms-zs-ndcg-ndcg,attributes.unit,fraction,unitless,"NDCG is DCG divided by ideal DCG, a normalised score, not a proportion of items (Jarvelin & Kekalainen 2002, ACM TOIS 20:422, doi:10.1145/582415.582418)"
nabench-result-resm-selex-zs-auc-auc,attributes.unit,fraction,unitless,"data/vocab/unit.ttl defines unitless as covering ""scores, correlations, effect sizes, AUC""; 120 AUROC rows already use unitless"
nabench-result-resm-selex-zs-ndcg-ndcg,attributes.unit,fraction,unitless,"NDCG is DCG divided by ideal DCG, a normalised score, not a proportion of items (Jarvelin & Kekalainen 2002, ACM TOIS 20:422, doi:10.1145/582415.582418)"
nabench-result-resm-zs-auc-aptamer-auc,attributes.unit,fraction,unitless,"data/vocab/unit.ttl defines unitless as covering ""scores, correlations, effect sizes, AUC""; 120 AUROC rows already use unitless"
nabench-result-resm-zs-auc-enhancer-auc,attributes.unit,fraction,unitless,"data/vocab/unit.ttl defines unitless as covering ""scores, correlations, effect sizes, AUC""; 120 AUROC rows already use unitless"
nabench-result-resm-zs-auc-mrna-auc,attributes.unit,fraction,unitless,"data/vocab/unit.ttl defines unitless as covering ""scores, correlations, effect sizes, AUC""; 120 AUROC rows already use unitless"
nabench-result-resm-zs-auc-promoter-auc,attributes.unit,fraction,unitless,"data/vocab/unit.ttl defines unitless as covering ""scores, correlations, effect sizes, AUC""; 120 AUROC rows already use unitless"
nabench-result-resm-zs-auc-ribozyme-auc,attributes.unit,fraction,unitless,"data/vocab/unit.ttl defines unitless as covering ""scores, correlations, effect sizes, AUC""; 120 AUROC rows already use unitless"
nabench-result-resm-zs-auc-trna-auc,attributes.unit,fraction,unitless,"data/vocab/unit.ttl defines unitless as covering ""scores, correlations, effect sizes, AUC""; 120 AUROC rows already use unitless"
nabench-result-rinalmo-giga-dms-zs-auc-auc,attributes.unit,fraction,unitless,"data/vocab/unit.ttl defines unitless as covering ""scores, correlations, effect sizes, AUC""; 120 AUROC rows already use unitless"
nabench-result-rinalmo-giga-dms-zs-ndcg-ndcg,attributes.unit,fraction,unitless,"NDCG is DCG divided by ideal DCG, a normalised score, not a proportion of items (Jarvelin & Kekalainen 2002, ACM TOIS 20:422, doi:10.1145/582415.582418)"
nabench-result-rinalmo-giga-selex-zs-auc-auc,attributes.unit,fraction,unitless,"data/vocab/unit.ttl defines unitless as covering ""scores, correlations, effect sizes, AUC""; 120 AUROC rows already use unitless"
nabench-result-rinalmo-giga-selex-zs-ndcg-ndcg,attributes.unit,fraction,unitless,"NDCG is DCG divided by ideal DCG, a normalised score, not a proportion of items (Jarvelin & Kekalainen 2002, ACM TOIS 20:422, doi:10.1145/582415.582418)"
nabench-result-rinalmo-giga-zs-auc-aptamer-auc,attributes.unit,fraction,unitless,"data/vocab/unit.ttl defines unitless as covering ""scores, correlations, effect sizes, AUC""; 120 AUROC rows already use unitless"
nabench-result-rinalmo-giga-zs-auc-enhancer-auc,attributes.unit,fraction,unitless,"data/vocab/unit.ttl defines unitless as covering ""scores, correlations, effect sizes, AUC""; 120 AUROC rows already use unitless"
nabench-result-rinalmo-giga-zs-auc-mrna-auc,attributes.unit,fraction,unitless,"data/vocab/unit.ttl defines unitless as covering ""scores, correlations, effect sizes, AUC""; 120 AUROC rows already use unitless"
nabench-result-rinalmo-giga-zs-auc-promoter-auc,attributes.unit,fraction,unitless,"data/vocab/unit.ttl defines unitless as covering ""scores, correlations, effect sizes, AUC""; 120 AUROC rows already use unitless"
nabench-result-rinalmo-giga-zs-auc-ribozyme-auc,attributes.unit,fraction,unitless,"data/vocab/unit.ttl defines unitless as covering ""scores, correlations, effect sizes, AUC""; 120 AUROC rows already use unitless"
nabench-result-rinalmo-giga-zs-auc-trna-auc,attributes.unit,fraction,unitless,"data/vocab/unit.ttl defines unitless as covering ""scores, correlations, effect sizes, AUC""; 120 AUROC rows already use unitless"
nabench-result-rna-fm-dms-zs-auc-auc,attributes.unit,fraction,unitless,"data/vocab/unit.ttl defines unitless as covering ""scores, correlations, effect sizes, AUC""; 120 AUROC rows already use unitless"
nabench-result-rna-fm-dms-zs-ndcg-ndcg,attributes.unit,fraction,unitless,"NDCG is DCG divided by ideal DCG, a normalised score, not a proportion of items (Jarvelin & Kekalainen 2002, ACM TOIS 20:422, doi:10.1145/582415.582418)"
nabench-result-rna-fm-selex-zs-auc-auc,attributes.unit,fraction,unitless,"data/vocab/unit.ttl defines unitless as covering ""scores, correlations, effect sizes, AUC""; 120 AUROC rows already use unitless"
nabench-result-rna-fm-selex-zs-ndcg-ndcg,attributes.unit,fraction,unitless,"NDCG is DCG divided by ideal DCG, a normalised score, not a proportion of items (Jarvelin & Kekalainen 2002, ACM TOIS 20:422, doi:10.1145/582415.582418)"
nabench-result-rna-fm-zs-auc-aptamer-auc,attributes.unit,fraction,unitless,"data/vocab/unit.ttl defines unitless as covering ""scores, correlations, effect sizes, AUC""; 120 AUROC rows already use unitless"
nabench-result-rna-fm-zs-auc-enhancer-auc,attributes.unit,fraction,unitless,"data/vocab/unit.ttl defines unitless as covering ""scores, correlations, effect sizes, AUC""; 120 AUROC rows already use unitless"
nabench-result-rna-fm-zs-auc-mrna-auc,attributes.unit,fraction,unitless,"data/vocab/unit.ttl defines unitless as covering ""scores, correlations, effect sizes, AUC""; 120 AUROC rows already use unitless"
nabench-result-rna-fm-zs-auc-promoter-auc,attributes.unit,fraction,unitless,"data/vocab/unit.ttl defines unitless as covering ""scores, correlations, effect sizes, AUC""; 120 AUROC rows already use unitless"
nabench-result-rna-fm-zs-auc-ribozyme-auc,attributes.unit,fraction,unitless,"data/vocab/unit.ttl defines unitless as covering ""scores, correlations, effect sizes, AUC""; 120 AUROC rows already use unitless"
nabench-result-rna-fm-zs-auc-trna-auc,attributes.unit,fraction,unitless,"data/vocab/unit.ttl defines unitless as covering ""scores, correlations, effect sizes, AUC""; 120 AUROC rows already use unitless"
nabench-result-rnaernie-dms-zs-auc-auc,attributes.unit,fraction,unitless,"data/vocab/unit.ttl defines unitless as covering ""scores, correlations, effect sizes, AUC""; 120 AUROC rows already use unitless"
nabench-result-rnaernie-dms-zs-ndcg-ndcg,attributes.unit,fraction,unitless,"NDCG is DCG divided by ideal DCG, a normalised score, not a proportion of items (Jarvelin & Kekalainen 2002, ACM TOIS 20:422, doi:10.1145/582415.582418)"
nabench-result-rnaernie-selex-zs-auc-auc,attributes.unit,fraction,unitless,"data/vocab/unit.ttl defines unitless as covering ""scores, correlations, effect sizes, AUC""; 120 AUROC rows already use unitless"
nabench-result-rnaernie-selex-zs-ndcg-ndcg,attributes.unit,fraction,unitless,"NDCG is DCG divided by ideal DCG, a normalised score, not a proportion of items (Jarvelin & Kekalainen 2002, ACM TOIS 20:422, doi:10.1145/582415.582418)"
nabench-result-rnaernie-zs-auc-aptamer-auc,attributes.unit,fraction,unitless,"data/vocab/unit.ttl defines unitless as covering ""scores, correlations, effect sizes, AUC""; 120 AUROC rows already use unitless"
nabench-result-rnaernie-zs-auc-enhancer-auc,attributes.unit,fraction,unitless,"data/vocab/unit.ttl defines unitless as covering ""scores, correlations, effect sizes, AUC""; 120 AUROC rows already use unitless"
nabench-result-rnaernie-zs-auc-mrna-auc,attributes.unit,fraction,unitless,"data/vocab/unit.ttl defines unitless as covering ""scores, correlations, effect sizes, AUC""; 120 AUROC rows already use unitless"
nabench-result-rnaernie-zs-auc-promoter-auc,attributes.unit,fraction,unitless,"data/vocab/unit.ttl defines unitless as covering ""scores, correlations, effect sizes, AUC""; 120 AUROC rows already use unitless"
nabench-result-rnaernie-zs-auc-ribozyme-auc,attributes.unit,fraction,unitless,"data/vocab/unit.ttl defines unitless as covering ""scores, correlations, effect sizes, AUC""; 120 AUROC rows already use unitless"
nabench-result-rnaernie-zs-auc-trna-auc,attributes.unit,fraction,unitless,"data/vocab/unit.ttl defines unitless as covering ""scores, correlations, effect sizes, AUC""; 120 AUROC rows already use unitless"
nabench-result-space-dms-zs-auc-auc,attributes.unit,fraction,unitless,"data/vocab/unit.ttl defines unitless as covering ""scores, correlations, effect sizes, AUC""; 120 AUROC rows already use unitless"
nabench-result-space-dms-zs-ndcg-ndcg,attributes.unit,fraction,unitless,"NDCG is DCG divided by ideal DCG, a normalised score, not a proportion of items (Jarvelin & Kekalainen 2002, ACM TOIS 20:422, doi:10.1145/582415.582418)"
nabench-result-space-selex-zs-auc-auc,attributes.unit,fraction,unitless,"data/vocab/unit.ttl defines unitless as covering ""scores, correlations, effect sizes, AUC""; 120 AUROC rows already use unitless"
nabench-result-space-selex-zs-ndcg-ndcg,attributes.unit,fraction,unitless,"NDCG is DCG divided by ideal DCG, a normalised score, not a proportion of items (Jarvelin & Kekalainen 2002, ACM TOIS 20:422, doi:10.1145/582415.582418)"
nabench-result-space-zs-auc-aptamer-auc,attributes.unit,fraction,unitless,"data/vocab/unit.ttl defines unitless as covering ""scores, correlations, effect sizes, AUC""; 120 AUROC rows already use unitless"
nabench-result-space-zs-auc-enhancer-auc,attributes.unit,fraction,unitless,"data/vocab/unit.ttl defines unitless as covering ""scores, correlations, effect sizes, AUC""; 120 AUROC rows already use unitless"
nabench-result-space-zs-auc-mrna-auc,attributes.unit,fraction,unitless,"data/vocab/unit.ttl defines unitless as covering ""scores, correlations, effect sizes, AUC""; 120 AUROC rows already use unitless"
nabench-result-space-zs-auc-promoter-auc,attributes.unit,fraction,unitless,"data/vocab/unit.ttl defines unitless as covering ""scores, correlations, effect sizes, AUC""; 120 AUROC rows already use unitless"
nabench-result-space-zs-auc-ribozyme-auc,attributes.unit,fraction,unitless,"data/vocab/unit.ttl defines unitless as covering ""scores, correlations, effect sizes, AUC""; 120 AUROC rows already use unitless"
nabench-result-space-zs-auc-trna-auc,attributes.unit,fraction,unitless,"data/vocab/unit.ttl defines unitless as covering ""scores, correlations, effect sizes, AUC""; 120 AUROC rows already use unitless"
nabench-result-structrfm-dms-zs-auc-auc,attributes.unit,fraction,unitless,"data/vocab/unit.ttl defines unitless as covering ""scores, correlations, effect sizes, AUC""; 120 AUROC rows already use unitless"
nabench-result-structrfm-dms-zs-ndcg-ndcg,attributes.unit,fraction,unitless,"NDCG is DCG divided by ideal DCG, a normalised score, not a proportion of items (Jarvelin & Kekalainen 2002, ACM TOIS 20:422, doi:10.1145/582415.582418)"
nabench-result-structrfm-selex-zs-auc-auc,attributes.unit,fraction,unitless,"data/vocab/unit.ttl defines unitless as covering ""scores, correlations, effect sizes, AUC""; 120 AUROC rows already use unitless"
nabench-result-structrfm-selex-zs-ndcg-ndcg,attributes.unit,fraction,unitless,"NDCG is DCG divided by ideal DCG, a normalised score, not a proportion of items (Jarvelin & Kekalainen 2002, ACM TOIS 20:422, doi:10.1145/582415.582418)"
nabench-result-structrfm-zs-auc-aptamer-auc,attributes.unit,fraction,unitless,"data/vocab/unit.ttl defines unitless as covering ""scores, correlations, effect sizes, AUC""; 120 AUROC rows already use unitless"
nabench-result-structrfm-zs-auc-enhancer-auc,attributes.unit,fraction,unitless,"data/vocab/unit.ttl defines unitless as covering ""scores, correlations, effect sizes, AUC""; 120 AUROC rows already use unitless"
nabench-result-structrfm-zs-auc-mrna-auc,attributes.unit,fraction,unitless,"data/vocab/unit.ttl defines unitless as covering ""scores, correlations, effect sizes, AUC""; 120 AUROC rows already use unitless"
nabench-result-structrfm-zs-auc-promoter-auc,attributes.unit,fraction,unitless,"data/vocab/unit.ttl defines unitless as covering ""scores, correlations, effect sizes, AUC""; 120 AUROC rows already use unitless"
nabench-result-structrfm-zs-auc-ribozyme-auc,attributes.unit,fraction,unitless,"data/vocab/unit.ttl defines unitless as covering ""scores, correlations, effect sizes, AUC""; 120 AUROC rows already use unitless"
nabench-result-structrfm-zs-auc-trna-auc,attributes.unit,fraction,unitless,"data/vocab/unit.ttl defines unitless as covering ""scores, correlations, effect sizes, AUC""; 120 AUROC rows already use unitless"
paper-result-11bf48c7b68484cc04,attributes.unit,fraction,unitless,"data/vocab/unit.ttl defines unitless as covering ""scores, correlations, effect sizes, AUC""; 120 AUROC rows already use unitless"
paper-result-138834d6ec841f6c4d,attributes.unit,fraction,unitless,"data/vocab/unit.ttl defines unitless as covering ""scores, correlations, effect sizes, AUC""; 120 AUROC rows already use unitless"
paper-result-1d4fe2cf1475e26a45,attributes.unit,fraction,unitless,"data/vocab/unit.ttl defines unitless as covering ""scores, correlations, effect sizes, AUC""; 120 AUROC rows already use unitless"
paper-result-29145ccafb7fa248fb,attributes.unit,fraction,unitless,"data/vocab/unit.ttl defines unitless as covering ""scores, correlations, effect sizes, AUC""; 120 AUROC rows already use unitless"
paper-result-2eaf94777fc7f857fc,attributes.unit,fraction,unitless,"data/vocab/unit.ttl defines unitless as covering ""scores, correlations, effect sizes, AUC""; 120 AUROC rows already use unitless"
paper-result-3741a0c6925f2947e2,attributes.unit,fraction,unitless,"data/vocab/unit.ttl defines unitless as covering ""scores, correlations, effect sizes, AUC""; 120 AUROC rows already use unitless"
paper-result-3753a3981ea1aeabec,attributes.unit,fraction,unitless,"data/vocab/unit.ttl defines unitless as covering ""scores, correlations, effect sizes, AUC""; 120 AUROC rows already use unitless"
paper-result-4138022a44ce806e42,attributes.unit,fraction,unitless,"data/vocab/unit.ttl defines unitless as covering ""scores, correlations, effect sizes, AUC""; 120 AUROC rows already use unitless"
paper-result-47d350f89848982a43,attributes.unit,fraction,unitless,"data/vocab/unit.ttl defines unitless as covering ""scores, correlations, effect sizes, AUC""; 120 AUROC rows already use unitless"
paper-result-48c539e46e8e0de49c,attributes.unit,fraction,unitless,"data/vocab/unit.ttl defines unitless as covering ""scores, correlations, effect sizes, AUC""; 120 AUROC rows already use unitless"
paper-result-5046ce3e5b1283c839,attributes.unit,fraction,unitless,"data/vocab/unit.ttl defines unitless as covering ""scores, correlations, effect sizes, AUC""; 120 AUROC rows already use unitless"
paper-result-5250d6a1217d2812cf,attributes.unit,fraction,unitless,"data/vocab/unit.ttl defines unitless as covering ""scores, correlations, effect sizes, AUC""; 120 AUROC rows already use unitless"
paper-result-5c446c8d7902f5ff2b,attributes.unit,fraction,unitless,"data/vocab/unit.ttl defines unitless as covering ""scores, correlations, effect sizes, AUC""; 120 AUROC rows already use unitless"
paper-result-65a00f3c782a024fa3,attributes.unit,fraction,unitless,"data/vocab/unit.ttl defines unitless as covering ""scores, correlations, effect sizes, AUC""; 120 AUROC rows already use unitless"
paper-result-684ff8c686809c84b0,attributes.unit,fraction,unitless,"data/vocab/unit.ttl defines unitless as covering ""scores, correlations, effect sizes, AUC""; 120 AUROC rows already use unitless"
paper-result-71f635574e69fdb267,attributes.unit,fraction,unitless,"data/vocab/unit.ttl defines unitless as covering ""scores, correlations, effect sizes, AUC""; 120 AUROC rows already use unitless"
paper-result-76e7297a1974a4704a,attributes.unit,fraction,unitless,"data/vocab/unit.ttl defines unitless as covering ""scores, correlations, effect sizes, AUC""; 120 AUROC rows already use unitless"
paper-result-7ef5e7bcd2b4a87ef9,attributes.unit,fraction,unitless,"data/vocab/unit.ttl defines unitless as covering ""scores, correlations, effect sizes, AUC""; 120 AUROC rows already use unitless"
paper-result-888e32ae1ab2ab63d6,attributes.unit,fraction,unitless,"data/vocab/unit.ttl defines unitless as covering ""scores, correlations, effect sizes, AUC""; 120 AUROC rows already use unitless"
paper-result-8e4b88567c025003ed,attributes.unit,fraction,unitless,"data/vocab/unit.ttl defines unitless as covering ""scores, correlations, effect sizes, AUC""; 120 AUROC rows already use unitless"
paper-result-928adade90586a2477,attributes.unit,fraction,unitless,"data/vocab/unit.ttl defines unitless as covering ""scores, correlations, effect sizes, AUC""; 120 AUROC rows already use unitless"
paper-result-9565fcdb350e8db673,attributes.unit,fraction,unitless,"data/vocab/unit.ttl defines unitless as covering ""scores, correlations, effect sizes, AUC""; 120 AUROC rows already use unitless"
paper-result-9c2aeff72feeb82f45,attributes.unit,fraction,unitless,"data/vocab/unit.ttl defines unitless as covering ""scores, correlations, effect sizes, AUC""; 120 AUROC rows already use unitless"
paper-result-9ce02fe7f446cb3868,attributes.unit,fraction,unitless,"data/vocab/unit.ttl defines unitless as covering ""scores, correlations, effect sizes, AUC""; 120 AUROC rows already use unitless"
paper-result-ab057b14f1c421f3ca,attributes.unit,fraction,unitless,"data/vocab/unit.ttl defines unitless as covering ""scores, correlations, effect sizes, AUC""; 120 AUROC rows already use unitless"
paper-result-ad1e11f4f3b25e62ed,attributes.unit,fraction,unitless,"data/vocab/unit.ttl defines unitless as covering ""scores, correlations, effect sizes, AUC""; 120 AUROC rows already use unitless"
paper-result-b3a1db1d2e30c1ab66,attributes.unit,fraction,unitless,"data/vocab/unit.ttl defines unitless as covering ""scores, correlations, effect sizes, AUC""; 120 AUROC rows already use unitless"
paper-result-c5e158015fb2c59552,attributes.unit,fraction,unitless,"data/vocab/unit.ttl defines unitless as covering ""scores, correlations, effect sizes, AUC""; 120 AUROC rows already use unitless"
paper-result-ca68d167787e314805,attributes.unit,fraction,unitless,"data/vocab/unit.ttl defines unitless as covering ""scores, correlations, effect sizes, AUC""; 120 AUROC rows already use unitless"
paper-result-ce07a0b8b72a4068f5,attributes.unit,fraction,unitless,"data/vocab/unit.ttl defines unitless as covering ""scores, correlations, effect sizes, AUC""; 120 AUROC rows already use unitless"
paper-result-ced903b7d93ba17186,attributes.unit,fraction,unitless,"data/vocab/unit.ttl defines unitless as covering ""scores, correlations, effect sizes, AUC""; 120 AUROC rows already use unitless"
paper-result-d002da139f31ba9e3f,attributes.unit,fraction,unitless,"data/vocab/unit.ttl defines unitless as covering ""scores, correlations, effect sizes, AUC""; 120 AUROC rows already use unitless"
paper-result-d2c72c9538f864b13d,attributes.unit,fraction,unitless,"data/vocab/unit.ttl defines unitless as covering ""scores, correlations, effect sizes, AUC""; 120 AUROC rows already use unitless"
paper-result-da8a9134bd3530143b,attributes.unit,fraction,unitless,"data/vocab/unit.ttl defines unitless as covering ""scores, correlations, effect sizes, AUC""; 120 AUROC rows already use unitless"
paper-result-e0a382c956e9add325,attributes.unit,fraction,unitless,"data/vocab/unit.ttl defines unitless as covering ""scores, correlations, effect sizes, AUC""; 120 AUROC rows already use unitless"
paper-result-e274031e8e17dc0933,attributes.unit,fraction,unitless,"data/vocab/unit.ttl defines unitless as covering ""scores, correlations, effect sizes, AUC""; 120 AUROC rows already use unitless"
paper-result-f1a86ea15cd7479d5b,attributes.unit,fraction,unitless,"data/vocab/unit.ttl defines unitless as covering ""scores, correlations, effect sizes, AUC""; 120 AUROC rows already use unitless"
paper-result-ff4ba6f92feb183bff,attributes.unit,fraction,unitless,"data/vocab/unit.ttl defines unitless as covering ""scores, correlations, effect sizes, AUC""; 120 AUROC rows already use unitless"
pfmbench-result-dplm-cloning-clf-auroc,attributes.unit,fraction,unitless,"data/vocab/unit.ttl defines unitless as covering ""scores, correlations, effect sizes, AUC""; 120 AUROC rows already use unitless"
pfmbench-result-dplm-deepsol-auroc,attributes.unit,fraction,unitless,"data/vocab/unit.ttl defines unitless as covering ""scores, correlations, effect sizes, AUC""; 120 AUROC rows already use unitless"
pfmbench-result-esm-2-cloning-clf-auroc,attributes.unit,fraction,unitless,"data/vocab/unit.ttl defines unitless as covering ""scores, correlations, effect sizes, AUC""; 120 AUROC rows already use unitless"
pfmbench-result-esm-2-deepsol-auroc,attributes.unit,fraction,unitless,"data/vocab/unit.ttl defines unitless as covering ""scores, correlations, effect sizes, AUC""; 120 AUROC rows already use unitless"
pfmbench-result-esm-c-cloning-clf-auroc,attributes.unit,fraction,unitless,"data/vocab/unit.ttl defines unitless as covering ""scores, correlations, effect sizes, AUC""; 120 AUROC rows already use unitless"
pfmbench-result-esm-c-deepsol-auroc,attributes.unit,fraction,unitless,"data/vocab/unit.ttl defines unitless as covering ""scores, correlations, effect sizes, AUC""; 120 AUROC rows already use unitless"
pfmbench-result-esm3-cloning-clf-auroc,attributes.unit,fraction,unitless,"data/vocab/unit.ttl defines unitless as covering ""scores, correlations, effect sizes, AUC""; 120 AUROC rows already use unitless"
pfmbench-result-esm3-deepsol-auroc,attributes.unit,fraction,unitless,"data/vocab/unit.ttl defines unitless as covering ""scores, correlations, effect sizes, AUC""; 120 AUROC rows already use unitless"
pfmbench-result-pglm-cloning-clf-auroc,attributes.unit,fraction,unitless,"data/vocab/unit.ttl defines unitless as covering ""scores, correlations, effect sizes, AUC""; 120 AUROC rows already use unitless"
pfmbench-result-pglm-deepsol-auroc,attributes.unit,fraction,unitless,"data/vocab/unit.ttl defines unitless as covering ""scores, correlations, effect sizes, AUC""; 120 AUROC rows already use unitless"
pfmbench-result-prostt5-cloning-clf-auroc,attributes.unit,fraction,unitless,"data/vocab/unit.ttl defines unitless as covering ""scores, correlations, effect sizes, AUC""; 120 AUROC rows already use unitless"
pfmbench-result-prostt5-deepsol-auroc,attributes.unit,fraction,unitless,"data/vocab/unit.ttl defines unitless as covering ""scores, correlations, effect sizes, AUC""; 120 AUROC rows already use unitless"
pfmbench-result-protgpt2-cloning-clf-auroc,attributes.unit,fraction,unitless,"data/vocab/unit.ttl defines unitless as covering ""scores, correlations, effect sizes, AUC""; 120 AUROC rows already use unitless"
pfmbench-result-protgpt2-deepsol-auroc,attributes.unit,fraction,unitless,"data/vocab/unit.ttl defines unitless as covering ""scores, correlations, effect sizes, AUC""; 120 AUROC rows already use unitless"
pfmbench-result-protrek-cloning-clf-auroc,attributes.unit,fraction,unitless,"data/vocab/unit.ttl defines unitless as covering ""scores, correlations, effect sizes, AUC""; 120 AUROC rows already use unitless"
pfmbench-result-protrek-deepsol-auroc,attributes.unit,fraction,unitless,"data/vocab/unit.ttl defines unitless as covering ""scores, correlations, effect sizes, AUC""; 120 AUROC rows already use unitless"
pfmbench-result-protst-cloning-clf-auroc,attributes.unit,fraction,unitless,"data/vocab/unit.ttl defines unitless as covering ""scores, correlations, effect sizes, AUC""; 120 AUROC rows already use unitless"
pfmbench-result-protst-deepsol-auroc,attributes.unit,fraction,unitless,"data/vocab/unit.ttl defines unitless as covering ""scores, correlations, effect sizes, AUC""; 120 AUROC rows already use unitless"
pfmbench-result-prott5-cloning-clf-auroc,attributes.unit,fraction,unitless,"data/vocab/unit.ttl defines unitless as covering ""scores, correlations, effect sizes, AUC""; 120 AUROC rows already use unitless"
pfmbench-result-prott5-deepsol-auroc,attributes.unit,fraction,unitless,"data/vocab/unit.ttl defines unitless as covering ""scores, correlations, effect sizes, AUC""; 120 AUROC rows already use unitless"
pfmbench-result-saprot-cloning-clf-auroc,attributes.unit,fraction,unitless,"data/vocab/unit.ttl defines unitless as covering ""scores, correlations, effect sizes, AUC""; 120 AUROC rows already use unitless"
pfmbench-result-saprot-deepsol-auroc,attributes.unit,fraction,unitless,"data/vocab/unit.ttl defines unitless as covering ""scores, correlations, effect sizes, AUC""; 120 AUROC rows already use unitless"
pfmbench-result-venusplm-cloning-clf-auroc,attributes.unit,fraction,unitless,"data/vocab/unit.ttl defines unitless as covering ""scores, correlations, effect sizes, AUC""; 120 AUROC rows already use unitless"
pfmbench-result-venusplm-deepsol-auroc,attributes.unit,fraction,unitless,"data/vocab/unit.ttl defines unitless as covering ""scores, correlations, effect sizes, AUC""; 120 AUROC rows already use unitless"
proteingym-result-carp-640m-zs-sub-auc-auc,attributes.unit,fraction,unitless,"data/vocab/unit.ttl defines unitless as covering ""scores, correlations, effect sizes, AUC""; 120 AUROC rows already use unitless"
proteingym-result-carp-640m-zs-sub-ndcg-ndcg,attributes.unit,fraction,unitless,"NDCG is DCG divided by ideal DCG, a normalised score, not a proportion of items (Jarvelin & Kekalainen 2002, ACM TOIS 20:422, doi:10.1145/582415.582418)"
proteingym-result-deepsequence-ensemble-zs-sub-auc-auc,attributes.unit,fraction,unitless,"data/vocab/unit.ttl defines unitless as covering ""scores, correlations, effect sizes, AUC""; 120 AUROC rows already use unitless"
proteingym-result-deepsequence-ensemble-zs-sub-ndcg-ndcg,attributes.unit,fraction,unitless,"NDCG is DCG divided by ideal DCG, a normalised score, not a proportion of items (Jarvelin & Kekalainen 2002, ACM TOIS 20:422, doi:10.1145/582415.582418)"
proteingym-result-esm-1b-zs-sub-auc-auc,attributes.unit,fraction,unitless,"data/vocab/unit.ttl defines unitless as covering ""scores, correlations, effect sizes, AUC""; 120 AUROC rows already use unitless"
proteingym-result-esm-1b-zs-sub-ndcg-ndcg,attributes.unit,fraction,unitless,"NDCG is DCG divided by ideal DCG, a normalised score, not a proportion of items (Jarvelin & Kekalainen 2002, ACM TOIS 20:422, doi:10.1145/582415.582418)"
proteingym-result-esm-1v-ensemble-zs-sub-auc-auc,attributes.unit,fraction,unitless,"data/vocab/unit.ttl defines unitless as covering ""scores, correlations, effect sizes, AUC""; 120 AUROC rows already use unitless"
proteingym-result-esm-1v-ensemble-zs-sub-ndcg-ndcg,attributes.unit,fraction,unitless,"NDCG is DCG divided by ideal DCG, a normalised score, not a proportion of items (Jarvelin & Kekalainen 2002, ACM TOIS 20:422, doi:10.1145/582415.582418)"
proteingym-result-esm-2-15b-zs-sub-auc-auc,attributes.unit,fraction,unitless,"data/vocab/unit.ttl defines unitless as covering ""scores, correlations, effect sizes, AUC""; 120 AUROC rows already use unitless"
proteingym-result-esm-2-15b-zs-sub-ndcg-ndcg,attributes.unit,fraction,unitless,"NDCG is DCG divided by ideal DCG, a normalised score, not a proportion of items (Jarvelin & Kekalainen 2002, ACM TOIS 20:422, doi:10.1145/582415.582418)"
proteingym-result-esm-if1-zs-sub-auc-auc,attributes.unit,fraction,unitless,"data/vocab/unit.ttl defines unitless as covering ""scores, correlations, effect sizes, AUC""; 120 AUROC rows already use unitless"
proteingym-result-esm-if1-zs-sub-ndcg-ndcg,attributes.unit,fraction,unitless,"NDCG is DCG divided by ideal DCG, a normalised score, not a proportion of items (Jarvelin & Kekalainen 2002, ACM TOIS 20:422, doi:10.1145/582415.582418)"
proteingym-result-eve-ensemble-zs-sub-auc-auc,attributes.unit,fraction,unitless,"data/vocab/unit.ttl defines unitless as covering ""scores, correlations, effect sizes, AUC""; 120 AUROC rows already use unitless"
proteingym-result-eve-ensemble-zs-sub-ndcg-ndcg,attributes.unit,fraction,unitless,"NDCG is DCG divided by ideal DCG, a normalised score, not a proportion of items (Jarvelin & Kekalainen 2002, ACM TOIS 20:422, doi:10.1145/582415.582418)"
proteingym-result-evmutation-zs-sub-auc-auc,attributes.unit,fraction,unitless,"data/vocab/unit.ttl defines unitless as covering ""scores, correlations, effect sizes, AUC""; 120 AUROC rows already use unitless"
proteingym-result-evmutation-zs-sub-ndcg-ndcg,attributes.unit,fraction,unitless,"NDCG is DCG divided by ideal DCG, a normalised score, not a proportion of items (Jarvelin & Kekalainen 2002, ACM TOIS 20:422, doi:10.1145/582415.582418)"
proteingym-result-gemme-zs-sub-auc-auc,attributes.unit,fraction,unitless,"data/vocab/unit.ttl defines unitless as covering ""scores, correlations, effect sizes, AUC""; 120 AUROC rows already use unitless"
proteingym-result-gemme-zs-sub-ndcg-ndcg,attributes.unit,fraction,unitless,"NDCG is DCG divided by ideal DCG, a normalised score, not a proportion of items (Jarvelin & Kekalainen 2002, ACM TOIS 20:422, doi:10.1145/582415.582418)"
proteingym-result-hmm-zs-indel-auc-auc,attributes.unit,fraction,unitless,"data/vocab/unit.ttl defines unitless as covering ""scores, correlations, effect sizes, AUC""; 120 AUROC rows already use unitless"
proteingym-result-mif-st-zs-sub-auc-auc,attributes.unit,fraction,unitless,"data/vocab/unit.ttl defines unitless as covering ""scores, correlations, effect sizes, AUC""; 120 AUROC rows already use unitless"
proteingym-result-mif-st-zs-sub-ndcg-ndcg,attributes.unit,fraction,unitless,"NDCG is DCG divided by ideal DCG, a normalised score, not a proportion of items (Jarvelin & Kekalainen 2002, ACM TOIS 20:422, doi:10.1145/582415.582418)"
proteingym-result-msa-transformer-ensemble-zs-sub-auc-auc,attributes.unit,fraction,unitless,"data/vocab/unit.ttl defines unitless as covering ""scores, correlations, effect sizes, AUC""; 120 AUROC rows already use unitless"
proteingym-result-msa-transformer-ensemble-zs-sub-ndcg-ndcg,attributes.unit,fraction,unitless,"NDCG is DCG divided by ideal DCG, a normalised score, not a proportion of items (Jarvelin & Kekalainen 2002, ACM TOIS 20:422, doi:10.1145/582415.582418)"
proteingym-result-progen2-m-zs-indel-auc-auc,attributes.unit,fraction,unitless,"data/vocab/unit.ttl defines unitless as covering ""scores, correlations, effect sizes, AUC""; 120 AUROC rows already use unitless"
proteingym-result-progen2-xl-zs-sub-auc-auc,attributes.unit,fraction,unitless,"data/vocab/unit.ttl defines unitless as covering ""scores, correlations, effect sizes, AUC""; 120 AUROC rows already use unitless"
proteingym-result-progen2-xl-zs-sub-ndcg-ndcg,attributes.unit,fraction,unitless,"NDCG is DCG divided by ideal DCG, a normalised score, not a proportion of items (Jarvelin & Kekalainen 2002, ACM TOIS 20:422, doi:10.1145/582415.582418)"
proteingym-result-proteinmpnn-zs-sub-auc-auc,attributes.unit,fraction,unitless,"data/vocab/unit.ttl defines unitless as covering ""scores, correlations, effect sizes, AUC""; 120 AUROC rows already use unitless"
proteingym-result-proteinmpnn-zs-sub-ndcg-ndcg,attributes.unit,fraction,unitless,"NDCG is DCG divided by ideal DCG, a normalised score, not a proportion of items (Jarvelin & Kekalainen 2002, ACM TOIS 20:422, doi:10.1145/582415.582418)"
proteingym-result-protgpt2-zs-indel-auc-auc,attributes.unit,fraction,unitless,"data/vocab/unit.ttl defines unitless as covering ""scores, correlations, effect sizes, AUC""; 120 AUROC rows already use unitless"
proteingym-result-provean-zs-indel-auc-auc,attributes.unit,fraction,unitless,"data/vocab/unit.ttl defines unitless as covering ""scores, correlations, effect sizes, AUC""; 120 AUROC rows already use unitless"
proteingym-result-rita-l-zs-indel-auc-auc,attributes.unit,fraction,unitless,"data/vocab/unit.ttl defines unitless as covering ""scores, correlations, effect sizes, AUC""; 120 AUROC rows already use unitless"
proteingym-result-rita-xl-zs-sub-auc-auc,attributes.unit,fraction,unitless,"data/vocab/unit.ttl defines unitless as covering ""scores, correlations, effect sizes, AUC""; 120 AUROC rows already use unitless"
proteingym-result-rita-xl-zs-sub-ndcg-ndcg,attributes.unit,fraction,unitless,"NDCG is DCG divided by ideal DCG, a normalised score, not a proportion of items (Jarvelin & Kekalainen 2002, ACM TOIS 20:422, doi:10.1145/582415.582418)"
proteingym-result-site-independent-zs-sub-auc-auc,attributes.unit,fraction,unitless,"data/vocab/unit.ttl defines unitless as covering ""scores, correlations, effect sizes, AUC""; 120 AUROC rows already use unitless"
proteingym-result-site-independent-zs-sub-ndcg-ndcg,attributes.unit,fraction,unitless,"NDCG is DCG divided by ideal DCG, a normalised score, not a proportion of items (Jarvelin & Kekalainen 2002, ACM TOIS 20:422, doi:10.1145/582415.582418)"
proteingym-result-trancepteve-l-zs-sub-auc-auc,attributes.unit,fraction,unitless,"data/vocab/unit.ttl defines unitless as covering ""scores, correlations, effect sizes, AUC""; 120 AUROC rows already use unitless"
proteingym-result-trancepteve-l-zs-sub-ndcg-ndcg,attributes.unit,fraction,unitless,"NDCG is DCG divided by ideal DCG, a normalised score, not a proportion of items (Jarvelin & Kekalainen 2002, ACM TOIS 20:422, doi:10.1145/582415.582418)"
proteingym-result-trancepteve-m-zs-indel-auc-auc,attributes.unit,fraction,unitless,"data/vocab/unit.ttl defines unitless as covering ""scores, correlations, effect sizes, AUC""; 120 AUROC rows already use unitless"
proteingym-result-tranception-l-zs-indel-auc-auc,attributes.unit,fraction,unitless,"data/vocab/unit.ttl defines unitless as covering ""scores, correlations, effect sizes, AUC""; 120 AUROC rows already use unitless"
proteingym-result-tranception-l-zs-sub-auc-auc,attributes.unit,fraction,unitless,"data/vocab/unit.ttl defines unitless as covering ""scores, correlations, effect sizes, AUC""; 120 AUROC rows already use unitless"
proteingym-result-tranception-l-zs-sub-ndcg-ndcg,attributes.unit,fraction,unitless,"NDCG is DCG divided by ideal DCG, a normalised score, not a proportion of items (Jarvelin & Kekalainen 2002, ACM TOIS 20:422, doi:10.1145/582415.582418)"
proteingym-result-tranception-m-zs-indel-auc-auc,attributes.unit,fraction,unitless,"data/vocab/unit.ttl defines unitless as covering ""scores, correlations, effect sizes, AUC""; 120 AUROC rows already use unitless"
proteingym-result-unirep-evotuned-zs-sub-auc-auc,attributes.unit,fraction,unitless,"data/vocab/unit.ttl defines unitless as covering ""scores, correlations, effect sizes, AUC""; 120 AUROC rows already use unitless"
proteingym-result-unirep-evotuned-zs-sub-ndcg-ndcg,attributes.unit,fraction,unitless,"NDCG is DCG divided by ideal DCG, a normalised score, not a proportion of items (Jarvelin & Kekalainen 2002, ACM TOIS 20:422, doi:10.1145/582415.582418)"
proteingym-result-unirep-zs-sub-auc-auc,attributes.unit,fraction,unitless,"data/vocab/unit.ttl defines unitless as covering ""scores, correlations, effect sizes, AUC""; 120 AUROC rows already use unitless"
proteingym-result-unirep-zs-sub-ndcg-ndcg,attributes.unit,fraction,unitless,"NDCG is DCG divided by ideal DCG, a normalised score, not a proportion of items (Jarvelin & Kekalainen 2002, ACM TOIS 20:422, doi:10.1145/582415.582418)"
proteingym-result-vespa-zs-sub-auc-auc,attributes.unit,fraction,unitless,"data/vocab/unit.ttl defines unitless as covering ""scores, correlations, effect sizes, AUC""; 120 AUROC rows already use unitless"
proteingym-result-vespa-zs-sub-ndcg-ndcg,attributes.unit,fraction,unitless,"NDCG is DCG divided by ideal DCG, a normalised score, not a proportion of items (Jarvelin & Kekalainen 2002, ACM TOIS 20:422, doi:10.1145/582415.582418)"
proteingym-result-wavenet-zs-indel-auc-auc,attributes.unit,fraction,unitless,"data/vocab/unit.ttl defines unitless as covering ""scores, correlations, effect sizes, AUC""; 120 AUROC rows already use unitless"
proteingym-result-wavenet-zs-sub-auc-auc,attributes.unit,fraction,unitless,"data/vocab/unit.ttl defines unitless as covering ""scores, correlations, effect sizes, AUC""; 120 AUROC rows already use unitless"
proteingym-result-wavenet-zs-sub-ndcg-ndcg,attributes.unit,fraction,unitless,"NDCG is DCG divided by ideal DCG, a normalised score, not a proportion of items (Jarvelin & Kekalainen 2002, ACM TOIS 20:422, doi:10.1145/582415.582418)"
rewire-result-baseline-kmer-position-v2-auroc,attributes.unit,fraction,unitless,"data/vocab/unit.ttl defines unitless as covering ""scores, correlations, effect sizes, AUC""; 120 AUROC rows already use unitless"
rewire-result-dnabert2-117m-frozen-pair-logreg-auroc,attributes.unit,fraction,unitless,"data/vocab/unit.ttl defines unitless as covering ""scores, correlations, effect sizes, AUC""; 120 AUROC rows already use unitless"
rewire-result-pangolin-maskfalse-auroc,attributes.unit,fraction,unitless,"data/vocab/unit.ttl defines unitless as covering ""scores, correlations, effect sizes, AUC""; 120 AUROC rows already use unitless"
rewire-result-spliceai-1-3-1-auroc,attributes.unit,fraction,unitless,"data/vocab/unit.ttl defines unitless as covering ""scores, correlations, effect sizes, AUC""; 120 AUROC rows already use unitless"
tdc-result-cnn-tdc-ames-auroc,attributes.unit,fraction,unitless,"data/vocab/unit.ttl defines unitless as covering ""scores, correlations, effect sizes, AUC""; 120 AUROC rows already use unitless"
tdc-result-cnn-tdc-bbb-auroc,attributes.unit,fraction,unitless,"data/vocab/unit.ttl defines unitless as covering ""scores, correlations, effect sizes, AUC""; 120 AUROC rows already use unitless"
tdc-result-cnn-tdc-bioav-auroc,attributes.unit,fraction,unitless,"data/vocab/unit.ttl defines unitless as covering ""scores, correlations, effect sizes, AUC""; 120 AUROC rows already use unitless"
tdc-result-cnn-tdc-cyp3a4-substrate-auroc,attributes.unit,fraction,unitless,"data/vocab/unit.ttl defines unitless as covering ""scores, correlations, effect sizes, AUC""; 120 AUROC rows already use unitless"
tdc-result-cnn-tdc-dili-auroc,attributes.unit,fraction,unitless,"data/vocab/unit.ttl defines unitless as covering ""scores, correlations, effect sizes, AUC""; 120 AUROC rows already use unitless"
tdc-result-cnn-tdc-herg-auroc,attributes.unit,fraction,unitless,"data/vocab/unit.ttl defines unitless as covering ""scores, correlations, effect sizes, AUC""; 120 AUROC rows already use unitless"
tdc-result-cnn-tdc-hia-auroc,attributes.unit,fraction,unitless,"data/vocab/unit.ttl defines unitless as covering ""scores, correlations, effect sizes, AUC""; 120 AUROC rows already use unitless"
tdc-result-cnn-tdc-pgp-auroc,attributes.unit,fraction,unitless,"data/vocab/unit.ttl defines unitless as covering ""scores, correlations, effect sizes, AUC""; 120 AUROC rows already use unitless"
tdc-result-morgan-plus-mlp-tdc-ames-auroc,attributes.unit,fraction,unitless,"data/vocab/unit.ttl defines unitless as covering ""scores, correlations, effect sizes, AUC""; 120 AUROC rows already use unitless"
tdc-result-morgan-plus-mlp-tdc-bbb-auroc,attributes.unit,fraction,unitless,"data/vocab/unit.ttl defines unitless as covering ""scores, correlations, effect sizes, AUC""; 120 AUROC rows already use unitless"
tdc-result-morgan-plus-mlp-tdc-bioav-auroc,attributes.unit,fraction,unitless,"data/vocab/unit.ttl defines unitless as covering ""scores, correlations, effect sizes, AUC""; 120 AUROC rows already use unitless"
tdc-result-morgan-plus-mlp-tdc-cyp3a4-substrate-auroc,attributes.unit,fraction,unitless,"data/vocab/unit.ttl defines unitless as covering ""scores, correlations, effect sizes, AUC""; 120 AUROC rows already use unitless"
tdc-result-morgan-plus-mlp-tdc-dili-auroc,attributes.unit,fraction,unitless,"data/vocab/unit.ttl defines unitless as covering ""scores, correlations, effect sizes, AUC""; 120 AUROC rows already use unitless"
tdc-result-morgan-plus-mlp-tdc-herg-auroc,attributes.unit,fraction,unitless,"data/vocab/unit.ttl defines unitless as covering ""scores, correlations, effect sizes, AUC""; 120 AUROC rows already use unitless"
tdc-result-morgan-plus-mlp-tdc-hia-auroc,attributes.unit,fraction,unitless,"data/vocab/unit.ttl defines unitless as covering ""scores, correlations, effect sizes, AUC""; 120 AUROC rows already use unitless"
tdc-result-morgan-plus-mlp-tdc-pgp-auroc,attributes.unit,fraction,unitless,"data/vocab/unit.ttl defines unitless as covering ""scores, correlations, effect sizes, AUC""; 120 AUROC rows already use unitless"
tdc-result-rdkit2d-plus-mlp-tdc-ames-auroc,attributes.unit,fraction,unitless,"data/vocab/unit.ttl defines unitless as covering ""scores, correlations, effect sizes, AUC""; 120 AUROC rows already use unitless"
tdc-result-rdkit2d-plus-mlp-tdc-bbb-auroc,attributes.unit,fraction,unitless,"data/vocab/unit.ttl defines unitless as covering ""scores, correlations, effect sizes, AUC""; 120 AUROC rows already use unitless"
tdc-result-rdkit2d-plus-mlp-tdc-bioav-auroc,attributes.unit,fraction,unitless,"data/vocab/unit.ttl defines unitless as covering ""scores, correlations, effect sizes, AUC""; 120 AUROC rows already use unitless"
tdc-result-rdkit2d-plus-mlp-tdc-cyp3a4-substrate-auroc,attributes.unit,fraction,unitless,"data/vocab/unit.ttl defines unitless as covering ""scores, correlations, effect sizes, AUC""; 120 AUROC rows already use unitless"
tdc-result-rdkit2d-plus-mlp-tdc-dili-auroc,attributes.unit,fraction,unitless,"data/vocab/unit.ttl defines unitless as covering ""scores, correlations, effect sizes, AUC""; 120 AUROC rows already use unitless"
tdc-result-rdkit2d-plus-mlp-tdc-herg-auroc,attributes.unit,fraction,unitless,"data/vocab/unit.ttl defines unitless as covering ""scores, correlations, effect sizes, AUC""; 120 AUROC rows already use unitless"
tdc-result-rdkit2d-plus-mlp-tdc-hia-auroc,attributes.unit,fraction,unitless,"data/vocab/unit.ttl defines unitless as covering ""scores, correlations, effect sizes, AUC""; 120 AUROC rows already use unitless"
tdc-result-rdkit2d-plus-mlp-tdc-pgp-auroc,attributes.unit,fraction,unitless,"data/vocab/unit.ttl defines unitless as covering ""scores, correlations, effect sizes, AUC""; 120 AUROC rows already use unitless"
ucc-research-result-foldbench-dna-monomer-af3-tm-score,attributes.unit,fraction,unitless,"TM-score is a length-normalised sum of distance-weighted residue terms in (0,1], not a proportion of items (Zhang & Skolnick 2004, Proteins 57:702, doi:10.1002/prot.20264)"
ucc-research-result-foldbench-dna-monomer-boltz1-tm-score,attributes.unit,fraction,unitless,"TM-score is a length-normalised sum of distance-weighted residue terms in (0,1], not a proportion of items (Zhang & Skolnick 2004, Proteins 57:702, doi:10.1002/prot.20264)"
ucc-research-result-foldbench-dna-monomer-chai1-tm-score,attributes.unit,fraction,unitless,"TM-score is a length-normalised sum of distance-weighted residue terms in (0,1], not a proportion of items (Zhang & Skolnick 2004, Proteins 57:702, doi:10.1002/prot.20264)"
ucc-research-result-foldbench-dna-monomer-helixfold3-tm-score,attributes.unit,fraction,unitless,"TM-score is a length-normalised sum of distance-weighted residue terms in (0,1], not a proportion of items (Zhang & Skolnick 2004, Proteins 57:702, doi:10.1002/prot.20264)"
ucc-research-result-foldbench-dna-monomer-protenix-tm-score,attributes.unit,fraction,unitless,"TM-score is a length-normalised sum of distance-weighted residue terms in (0,1], not a proportion of items (Zhang & Skolnick 2004, Proteins 57:702, doi:10.1002/prot.20264)"
ucc-research-result-foldbench-protein-monomer-af3-tm-score,attributes.unit,fraction,unitless,"TM-score is a length-normalised sum of distance-weighted residue terms in (0,1], not a proportion of items (Zhang & Skolnick 2004, Proteins 57:702, doi:10.1002/prot.20264)"
ucc-research-result-foldbench-protein-monomer-boltz1-tm-score,attributes.unit,fraction,unitless,"TM-score is a length-normalised sum of distance-weighted residue terms in (0,1], not a proportion of items (Zhang & Skolnick 2004, Proteins 57:702, doi:10.1002/prot.20264)"
ucc-research-result-foldbench-protein-monomer-chai1-tm-score,attributes.unit,fraction,unitless,"TM-score is a length-normalised sum of distance-weighted residue terms in (0,1], not a proportion of items (Zhang & Skolnick 2004, Proteins 57:702, doi:10.1002/prot.20264)"
ucc-research-result-foldbench-protein-monomer-helixfold3-tm-score,attributes.unit,fraction,unitless,"TM-score is a length-normalised sum of distance-weighted residue terms in (0,1], not a proportion of items (Zhang & Skolnick 2004, Proteins 57:702, doi:10.1002/prot.20264)"
ucc-research-result-foldbench-protein-monomer-protenix-tm-score,attributes.unit,fraction,unitless,"TM-score is a length-normalised sum of distance-weighted residue terms in (0,1], not a proportion of items (Zhang & Skolnick 2004, Proteins 57:702, doi:10.1002/prot.20264)"
ucc-research-result-foldbench-rna-monomer-af3-tm-score,attributes.unit,fraction,unitless,"TM-score is a length-normalised sum of distance-weighted residue terms in (0,1], not a proportion of items (Zhang & Skolnick 2004, Proteins 57:702, doi:10.1002/prot.20264)"
ucc-research-result-foldbench-rna-monomer-boltz1-tm-score,attributes.unit,fraction,unitless,"TM-score is a length-normalised sum of distance-weighted residue terms in (0,1], not a proportion of items (Zhang & Skolnick 2004, Proteins 57:702, doi:10.1002/prot.20264)"
ucc-research-result-foldbench-rna-monomer-chai1-tm-score,attributes.unit,fraction,unitless,"TM-score is a length-normalised sum of distance-weighted residue terms in (0,1], not a proportion of items (Zhang & Skolnick 2004, Proteins 57:702, doi:10.1002/prot.20264)"
ucc-research-result-foldbench-rna-monomer-helixfold3-tm-score,attributes.unit,fraction,unitless,"TM-score is a length-normalised sum of distance-weighted residue terms in (0,1], not a proportion of items (Zhang & Skolnick 2004, Proteins 57:702, doi:10.1002/prot.20264)"
ucc-research-result-foldbench-rna-monomer-protenix-tm-score,attributes.unit,fraction,unitless,"TM-score is a length-normalised sum of distance-weighted residue terms in (0,1], not a proportion of items (Zhang & Skolnick 2004, Proteins 57:702, doi:10.1002/prot.20264)"
ucc-research-result-sctab-uncertainty-absent-rocauc,attributes.unit,fraction,unitless,"data/vocab/unit.ttl defines unitless as covering ""scores, correlations, effect sizes, AUC""; 120 AUROC rows already use unitless"
ucc-research-result-sctab-uncertainty-error-rocauc,attributes.unit,fraction,unitless,"data/vocab/unit.ttl defines unitless as covering ""scores, correlations, effect sizes, AUC""; 120 AUROC rows already use unitless"
paper-result-002aa84a8224be7916,attributes.unit,count,unitless,"MassSpecGym arXiv 2410.23326v1 Appendix (MCES distance): MCES = |E1|+|E2|-2|Ec|, computed with myopicMCES, ""the distance is weighted by bond order"", exact below threshold 15 and a lower bound above; Sec 3.2: averaged across test examples. Not a count of discrete items"
paper-result-002aa84a8224be7916,attributes.unit_detail,edge-edit distance (MCES): count of edge edits,"MCES edge-edit distance, bond-order weighted, mean over test spectra","MassSpecGym arXiv 2410.23326v1 Appendix (MCES distance): MCES = |E1|+|E2|-2|Ec|, computed with myopicMCES, ""the distance is weighted by bond order"", exact below threshold 15 and a lower bound above; Sec 3.2: averaged across test examples. Not a count of discrete items"
paper-result-041cb47a464089a409,attributes.unit,count,unitless,"MassSpecGym arXiv 2410.23326v1 Appendix (MCES distance): MCES = |E1|+|E2|-2|Ec|, computed with myopicMCES, ""the distance is weighted by bond order"", exact below threshold 15 and a lower bound above; Sec 3.2: averaged across test examples. Not a count of discrete items"
paper-result-041cb47a464089a409,attributes.unit_detail,edge-edit distance (MCES): count of edge edits,"MCES edge-edit distance, bond-order weighted, mean over test spectra","MassSpecGym arXiv 2410.23326v1 Appendix (MCES distance): MCES = |E1|+|E2|-2|Ec|, computed with myopicMCES, ""the distance is weighted by bond order"", exact below threshold 15 and a lower bound above; Sec 3.2: averaged across test examples. Not a count of discrete items"
paper-result-0cba6df8abf3e80c3e,attributes.unit,count,unitless,"MassSpecGym arXiv 2410.23326v1 Appendix (MCES distance): MCES = |E1|+|E2|-2|Ec|, computed with myopicMCES, ""the distance is weighted by bond order"", exact below threshold 15 and a lower bound above; Sec 3.2: averaged across test examples. Not a count of discrete items"
paper-result-0cba6df8abf3e80c3e,attributes.unit_detail,edge-edit distance (MCES): count of edge edits,"MCES edge-edit distance, bond-order weighted, mean over test spectra","MassSpecGym arXiv 2410.23326v1 Appendix (MCES distance): MCES = |E1|+|E2|-2|Ec|, computed with myopicMCES, ""the distance is weighted by bond order"", exact below threshold 15 and a lower bound above; Sec 3.2: averaged across test examples. Not a count of discrete items"
paper-result-0dcae24f1e2c35b445,attributes.unit,count,unitless,"MassSpecGym arXiv 2410.23326v1 Appendix (MCES distance): MCES = |E1|+|E2|-2|Ec|, computed with myopicMCES, ""the distance is weighted by bond order"", exact below threshold 15 and a lower bound above; Sec 3.2: averaged across test examples. Not a count of discrete items"
paper-result-0dcae24f1e2c35b445,attributes.unit_detail,edge-edit distance (MCES): count of edge edits,"MCES edge-edit distance, bond-order weighted, mean over test spectra","MassSpecGym arXiv 2410.23326v1 Appendix (MCES distance): MCES = |E1|+|E2|-2|Ec|, computed with myopicMCES, ""the distance is weighted by bond order"", exact below threshold 15 and a lower bound above; Sec 3.2: averaged across test examples. Not a count of discrete items"
paper-result-198ffa156afdd9aafa,attributes.unit,count,unitless,"MassSpecGym arXiv 2410.23326v1 Appendix (MCES distance): MCES = |E1|+|E2|-2|Ec|, computed with myopicMCES, ""the distance is weighted by bond order"", exact below threshold 15 and a lower bound above; Sec 3.2: averaged across test examples. Not a count of discrete items"
paper-result-198ffa156afdd9aafa,attributes.unit_detail,edge-edit distance (MCES): count of edge edits,"MCES edge-edit distance, bond-order weighted, mean over test spectra","MassSpecGym arXiv 2410.23326v1 Appendix (MCES distance): MCES = |E1|+|E2|-2|Ec|, computed with myopicMCES, ""the distance is weighted by bond order"", exact below threshold 15 and a lower bound above; Sec 3.2: averaged across test examples. Not a count of discrete items"
paper-result-38f0c179e79c4c9dac,attributes.unit,count,unitless,"MassSpecGym arXiv 2410.23326v1 Appendix (MCES distance): MCES = |E1|+|E2|-2|Ec|, computed with myopicMCES, ""the distance is weighted by bond order"", exact below threshold 15 and a lower bound above; Sec 3.2: averaged across test examples. Not a count of discrete items"
paper-result-38f0c179e79c4c9dac,attributes.unit_detail,edge-edit distance (MCES): count of edge edits,"MCES edge-edit distance, bond-order weighted, mean over test spectra","MassSpecGym arXiv 2410.23326v1 Appendix (MCES distance): MCES = |E1|+|E2|-2|Ec|, computed with myopicMCES, ""the distance is weighted by bond order"", exact below threshold 15 and a lower bound above; Sec 3.2: averaged across test examples. Not a count of discrete items"
paper-result-39e03e2651a3119076,attributes.unit,count,unitless,"MassSpecGym arXiv 2410.23326v1 Appendix (MCES distance): MCES = |E1|+|E2|-2|Ec|, computed with myopicMCES, ""the distance is weighted by bond order"", exact below threshold 15 and a lower bound above; Sec 3.2: averaged across test examples. Not a count of discrete items"
paper-result-39e03e2651a3119076,attributes.unit_detail,edge-edit distance (MCES): count of edge edits,"MCES edge-edit distance, bond-order weighted, mean over test spectra","MassSpecGym arXiv 2410.23326v1 Appendix (MCES distance): MCES = |E1|+|E2|-2|Ec|, computed with myopicMCES, ""the distance is weighted by bond order"", exact below threshold 15 and a lower bound above; Sec 3.2: averaged across test examples. Not a count of discrete items"
paper-result-3ff182c671377da6da,attributes.unit,count,unitless,"MassSpecGym arXiv 2410.23326v1 Appendix (MCES distance): MCES = |E1|+|E2|-2|Ec|, computed with myopicMCES, ""the distance is weighted by bond order"", exact below threshold 15 and a lower bound above; Sec 3.2: averaged across test examples. Not a count of discrete items"
paper-result-3ff182c671377da6da,attributes.unit_detail,edge-edit distance (MCES): count of edge edits,"MCES edge-edit distance, bond-order weighted, mean over test spectra","MassSpecGym arXiv 2410.23326v1 Appendix (MCES distance): MCES = |E1|+|E2|-2|Ec|, computed with myopicMCES, ""the distance is weighted by bond order"", exact below threshold 15 and a lower bound above; Sec 3.2: averaged across test examples. Not a count of discrete items"
paper-result-47e90701446fc3f6b0,attributes.unit,count,unitless,"MassSpecGym arXiv 2410.23326v1 Appendix (MCES distance): MCES = |E1|+|E2|-2|Ec|, computed with myopicMCES, ""the distance is weighted by bond order"", exact below threshold 15 and a lower bound above; Sec 3.2: averaged across test examples. Not a count of discrete items"
paper-result-47e90701446fc3f6b0,attributes.unit_detail,edge-edit distance (MCES): count of edge edits,"MCES edge-edit distance, bond-order weighted, mean over test spectra","MassSpecGym arXiv 2410.23326v1 Appendix (MCES distance): MCES = |E1|+|E2|-2|Ec|, computed with myopicMCES, ""the distance is weighted by bond order"", exact below threshold 15 and a lower bound above; Sec 3.2: averaged across test examples. Not a count of discrete items"
paper-result-57fd7d0cd8b73c56e2,attributes.unit,count,unitless,"MassSpecGym arXiv 2410.23326v1 Appendix (MCES distance): MCES = |E1|+|E2|-2|Ec|, computed with myopicMCES, ""the distance is weighted by bond order"", exact below threshold 15 and a lower bound above; Sec 3.2: averaged across test examples. Not a count of discrete items"
paper-result-57fd7d0cd8b73c56e2,attributes.unit_detail,edge-edit distance (MCES): count of edge edits,"MCES edge-edit distance, bond-order weighted, mean over test spectra","MassSpecGym arXiv 2410.23326v1 Appendix (MCES distance): MCES = |E1|+|E2|-2|Ec|, computed with myopicMCES, ""the distance is weighted by bond order"", exact below threshold 15 and a lower bound above; Sec 3.2: averaged across test examples. Not a count of discrete items"
paper-result-5dbec6173d09a309db,attributes.unit,count,unitless,"MassSpecGym arXiv 2410.23326v1 Appendix (MCES distance): MCES = |E1|+|E2|-2|Ec|, computed with myopicMCES, ""the distance is weighted by bond order"", exact below threshold 15 and a lower bound above; Sec 3.2: averaged across test examples. Not a count of discrete items"
paper-result-5dbec6173d09a309db,attributes.unit_detail,edge-edit distance (MCES): count of edge edits,"MCES edge-edit distance, bond-order weighted, mean over test spectra","MassSpecGym arXiv 2410.23326v1 Appendix (MCES distance): MCES = |E1|+|E2|-2|Ec|, computed with myopicMCES, ""the distance is weighted by bond order"", exact below threshold 15 and a lower bound above; Sec 3.2: averaged across test examples. Not a count of discrete items"
paper-result-5e7fd1597e90064dde,attributes.unit,count,unitless,"MassSpecGym arXiv 2410.23326v1 Appendix (MCES distance): MCES = |E1|+|E2|-2|Ec|, computed with myopicMCES, ""the distance is weighted by bond order"", exact below threshold 15 and a lower bound above; Sec 3.2: averaged across test examples. Not a count of discrete items"
paper-result-5e7fd1597e90064dde,attributes.unit_detail,edge-edit distance (MCES): count of edge edits,"MCES edge-edit distance, bond-order weighted, mean over test spectra","MassSpecGym arXiv 2410.23326v1 Appendix (MCES distance): MCES = |E1|+|E2|-2|Ec|, computed with myopicMCES, ""the distance is weighted by bond order"", exact below threshold 15 and a lower bound above; Sec 3.2: averaged across test examples. Not a count of discrete items"
paper-result-80aa6ca411586dd8e5,attributes.unit,count,unitless,"MassSpecGym arXiv 2410.23326v1 Appendix (MCES distance): MCES = |E1|+|E2|-2|Ec|, computed with myopicMCES, ""the distance is weighted by bond order"", exact below threshold 15 and a lower bound above; Sec 3.2: averaged across test examples. Not a count of discrete items"
paper-result-80aa6ca411586dd8e5,attributes.unit_detail,edge-edit distance (MCES): count of edge edits,"MCES edge-edit distance, bond-order weighted, mean over test spectra","MassSpecGym arXiv 2410.23326v1 Appendix (MCES distance): MCES = |E1|+|E2|-2|Ec|, computed with myopicMCES, ""the distance is weighted by bond order"", exact below threshold 15 and a lower bound above; Sec 3.2: averaged across test examples. Not a count of discrete items"
paper-result-88df2cfb82ff24f522,attributes.unit,count,unitless,"MassSpecGym arXiv 2410.23326v1 Appendix (MCES distance): MCES = |E1|+|E2|-2|Ec|, computed with myopicMCES, ""the distance is weighted by bond order"", exact below threshold 15 and a lower bound above; Sec 3.2: averaged across test examples. Not a count of discrete items"
paper-result-88df2cfb82ff24f522,attributes.unit_detail,edge-edit distance (MCES): count of edge edits,"MCES edge-edit distance, bond-order weighted, mean over test spectra","MassSpecGym arXiv 2410.23326v1 Appendix (MCES distance): MCES = |E1|+|E2|-2|Ec|, computed with myopicMCES, ""the distance is weighted by bond order"", exact below threshold 15 and a lower bound above; Sec 3.2: averaged across test examples. Not a count of discrete items"
paper-result-8b2608a402d6ab54e6,attributes.unit,count,unitless,"MassSpecGym arXiv 2410.23326v1 Appendix (MCES distance): MCES = |E1|+|E2|-2|Ec|, computed with myopicMCES, ""the distance is weighted by bond order"", exact below threshold 15 and a lower bound above; Sec 3.2: averaged across test examples. Not a count of discrete items"
paper-result-8b2608a402d6ab54e6,attributes.unit_detail,edge-edit distance (MCES): count of edge edits,"MCES edge-edit distance, bond-order weighted, mean over test spectra","MassSpecGym arXiv 2410.23326v1 Appendix (MCES distance): MCES = |E1|+|E2|-2|Ec|, computed with myopicMCES, ""the distance is weighted by bond order"", exact below threshold 15 and a lower bound above; Sec 3.2: averaged across test examples. Not a count of discrete items"
paper-result-8d04b85ca056e77ff0,attributes.unit,count,unitless,"MassSpecGym arXiv 2410.23326v1 Appendix (MCES distance): MCES = |E1|+|E2|-2|Ec|, computed with myopicMCES, ""the distance is weighted by bond order"", exact below threshold 15 and a lower bound above; Sec 3.2: averaged across test examples. Not a count of discrete items"
paper-result-8d04b85ca056e77ff0,attributes.unit_detail,edge-edit distance (MCES): count of edge edits,"MCES edge-edit distance, bond-order weighted, mean over test spectra","MassSpecGym arXiv 2410.23326v1 Appendix (MCES distance): MCES = |E1|+|E2|-2|Ec|, computed with myopicMCES, ""the distance is weighted by bond order"", exact below threshold 15 and a lower bound above; Sec 3.2: averaged across test examples. Not a count of discrete items"
paper-result-a3823cbc55713c1741,attributes.unit,count,unitless,"MassSpecGym arXiv 2410.23326v1 Appendix (MCES distance): MCES = |E1|+|E2|-2|Ec|, computed with myopicMCES, ""the distance is weighted by bond order"", exact below threshold 15 and a lower bound above; Sec 3.2: averaged across test examples. Not a count of discrete items"
paper-result-a3823cbc55713c1741,attributes.unit_detail,edge-edit distance (MCES): count of edge edits,"MCES edge-edit distance, bond-order weighted, mean over test spectra","MassSpecGym arXiv 2410.23326v1 Appendix (MCES distance): MCES = |E1|+|E2|-2|Ec|, computed with myopicMCES, ""the distance is weighted by bond order"", exact below threshold 15 and a lower bound above; Sec 3.2: averaged across test examples. Not a count of discrete items"
paper-result-b288a91a9b8d3c0ac3,attributes.unit,count,unitless,"MassSpecGym arXiv 2410.23326v1 Appendix (MCES distance): MCES = |E1|+|E2|-2|Ec|, computed with myopicMCES, ""the distance is weighted by bond order"", exact below threshold 15 and a lower bound above; Sec 3.2: averaged across test examples. Not a count of discrete items"
paper-result-b288a91a9b8d3c0ac3,attributes.unit_detail,edge-edit distance (MCES): count of edge edits,"MCES edge-edit distance, bond-order weighted, mean over test spectra","MassSpecGym arXiv 2410.23326v1 Appendix (MCES distance): MCES = |E1|+|E2|-2|Ec|, computed with myopicMCES, ""the distance is weighted by bond order"", exact below threshold 15 and a lower bound above; Sec 3.2: averaged across test examples. Not a count of discrete items"
paper-result-c4d079d645b148475c,attributes.unit,count,unitless,"MassSpecGym arXiv 2410.23326v1 Appendix (MCES distance): MCES = |E1|+|E2|-2|Ec|, computed with myopicMCES, ""the distance is weighted by bond order"", exact below threshold 15 and a lower bound above; Sec 3.2: averaged across test examples. Not a count of discrete items"
paper-result-c4d079d645b148475c,attributes.unit_detail,edge-edit distance (MCES): count of edge edits,"MCES edge-edit distance, bond-order weighted, mean over test spectra","MassSpecGym arXiv 2410.23326v1 Appendix (MCES distance): MCES = |E1|+|E2|-2|Ec|, computed with myopicMCES, ""the distance is weighted by bond order"", exact below threshold 15 and a lower bound above; Sec 3.2: averaged across test examples. Not a count of discrete items"
paper-result-e5a6f34b3603af99f9,attributes.unit,count,unitless,"MassSpecGym arXiv 2410.23326v1 Appendix (MCES distance): MCES = |E1|+|E2|-2|Ec|, computed with myopicMCES, ""the distance is weighted by bond order"", exact below threshold 15 and a lower bound above; Sec 3.2: averaged across test examples. Not a count of discrete items"
paper-result-e5a6f34b3603af99f9,attributes.unit_detail,edge-edit distance (MCES): count of edge edits,"MCES edge-edit distance, bond-order weighted, mean over test spectra","MassSpecGym arXiv 2410.23326v1 Appendix (MCES distance): MCES = |E1|+|E2|-2|Ec|, computed with myopicMCES, ""the distance is weighted by bond order"", exact below threshold 15 and a lower bound above; Sec 3.2: averaged across test examples. Not a count of discrete items"
paper-result-ef245bf2ce8115f850,attributes.unit,count,unitless,"MassSpecGym arXiv 2410.23326v1 Appendix (MCES distance): MCES = |E1|+|E2|-2|Ec|, computed with myopicMCES, ""the distance is weighted by bond order"", exact below threshold 15 and a lower bound above; Sec 3.2: averaged across test examples. Not a count of discrete items"
paper-result-ef245bf2ce8115f850,attributes.unit_detail,edge-edit distance (MCES): count of edge edits,"MCES edge-edit distance, bond-order weighted, mean over test spectra","MassSpecGym arXiv 2410.23326v1 Appendix (MCES distance): MCES = |E1|+|E2|-2|Ec|, computed with myopicMCES, ""the distance is weighted by bond order"", exact below threshold 15 and a lower bound above; Sec 3.2: averaged across test examples. Not a count of discrete items"
paper-result-f9e0659ed6de1857f1,attributes.unit,count,unitless,"MassSpecGym arXiv 2410.23326v1 Appendix (MCES distance): MCES = |E1|+|E2|-2|Ec|, computed with myopicMCES, ""the distance is weighted by bond order"", exact below threshold 15 and a lower bound above; Sec 3.2: averaged across test examples. Not a count of discrete items"
paper-result-f9e0659ed6de1857f1,attributes.unit_detail,edge-edit distance (MCES): count of edge edits,"MCES edge-edit distance, bond-order weighted, mean over test spectra","MassSpecGym arXiv 2410.23326v1 Appendix (MCES distance): MCES = |E1|+|E2|-2|Ec|, computed with myopicMCES, ""the distance is weighted by bond order"", exact below threshold 15 and a lower bound above; Sec 3.2: averaged across test examples. Not a count of discrete items"
coverage-source-gears-supp,facets.areas,cells-tissues,single-cell,"Originally cells-spatial-multiomics (git 9b5cf04^). GEARS Supp Table 6 uses Norman et al. 2019 Perturb-seq, single-cell CRISPR screen with scRNA-seq readout (GEARS paper PMC11180609); area.csv note confirms no spatial or multiomic data; single-cell closeMatch EDAM topic_4028 Single-cell sequencing"
coverage-source-scfoundation-supp,facets.areas,cells-tissues,single-cell,Originally cells-spatial-multiomics (git 9b5cf04^). scFoundation Supp Table 4 cell-type annotation on Segerstolpe and Zheng68K scRNA-seq data (doi:10.1038/s41592-024-02305-7); area.csv note confirms no spatial or multiomic data; single-cell closeMatch EDAM topic_4028 Single-cell sequencing
gears-2023-supp-table6-association-mse,facets.areas,cells-tissues,single-cell,"Originally cells-spatial-multiomics (git 9b5cf04^). GEARS Supp Table 6 uses Norman et al. 2019 Perturb-seq, single-cell CRISPR screen with scRNA-seq readout (GEARS paper PMC11180609); area.csv note confirms no spatial or multiomic data; single-cell closeMatch EDAM topic_4028 Single-cell sequencing"
gears-2023-supp-table6-association-pearson-de,facets.areas,cells-tissues,single-cell,"Originally cells-spatial-multiomics (git 9b5cf04^). GEARS Supp Table 6 uses Norman et al. 2019 Perturb-seq, single-cell CRISPR screen with scRNA-seq readout (GEARS paper PMC11180609); area.csv note confirms no spatial or multiomic data; single-cell closeMatch EDAM topic_4028 Single-cell sequencing"
gears-2023-supp-table6-dataset-norman-et-al-2019-perturbation-data-used-in-gears-supplementary-table6,facets.areas,cells-tissues,single-cell,"Originally cells-spatial-multiomics (git 9b5cf04^). GEARS Supp Table 6 uses Norman et al. 2019 Perturb-seq, single-cell CRISPR screen with scRNA-seq readout (GEARS paper PMC11180609); area.csv note confirms no spatial or multiomic data; single-cell closeMatch EDAM topic_4028 Single-cell sequencing"
gears-2023-supp-table6-evaluation-cpa-mse,facets.areas,cells-tissues,single-cell,"Originally cells-spatial-multiomics (git 9b5cf04^). GEARS Supp Table 6 uses Norman et al. 2019 Perturb-seq, single-cell CRISPR screen with scRNA-seq readout (GEARS paper PMC11180609); area.csv note confirms no spatial or multiomic data; single-cell closeMatch EDAM topic_4028 Single-cell sequencing"
gears-2023-supp-table6-evaluation-cpa-pearson-de,facets.areas,cells-tissues,single-cell,"Originally cells-spatial-multiomics (git 9b5cf04^). GEARS Supp Table 6 uses Norman et al. 2019 Perturb-seq, single-cell CRISPR screen with scRNA-seq readout (GEARS paper PMC11180609); area.csv note confirms no spatial or multiomic data; single-cell closeMatch EDAM topic_4028 Single-cell sequencing"
gears-2023-supp-table6-evaluation-cpa-plus-kg-mse,facets.areas,cells-tissues,single-cell,"Originally cells-spatial-multiomics (git 9b5cf04^). GEARS Supp Table 6 uses Norman et al. 2019 Perturb-seq, single-cell CRISPR screen with scRNA-seq readout (GEARS paper PMC11180609); area.csv note confirms no spatial or multiomic data; single-cell closeMatch EDAM topic_4028 Single-cell sequencing"
gears-2023-supp-table6-evaluation-cpa-plus-kg-pearson-de,facets.areas,cells-tissues,single-cell,"Originally cells-spatial-multiomics (git 9b5cf04^). GEARS Supp Table 6 uses Norman et al. 2019 Perturb-seq, single-cell CRISPR screen with scRNA-seq readout (GEARS paper PMC11180609); area.csv note confirms no spatial or multiomic data; single-cell closeMatch EDAM topic_4028 Single-cell sequencing"
gears-2023-supp-table6-evaluation-gears-mse,facets.areas,cells-tissues,single-cell,"Originally cells-spatial-multiomics (git 9b5cf04^). GEARS Supp Table 6 uses Norman et al. 2019 Perturb-seq, single-cell CRISPR screen with scRNA-seq readout (GEARS paper PMC11180609); area.csv note confirms no spatial or multiomic data; single-cell closeMatch EDAM topic_4028 Single-cell sequencing"
gears-2023-supp-table6-evaluation-gears-pearson-de,facets.areas,cells-tissues,single-cell,"Originally cells-spatial-multiomics (git 9b5cf04^). GEARS Supp Table 6 uses Norman et al. 2019 Perturb-seq, single-cell CRISPR screen with scRNA-seq readout (GEARS paper PMC11180609); area.csv note confirms no spatial or multiomic data; single-cell closeMatch EDAM topic_4028 Single-cell sequencing"
gears-2023-supp-table6-evaluation-no-perturb-mse,facets.areas,cells-tissues,single-cell,"Originally cells-spatial-multiomics (git 9b5cf04^). GEARS Supp Table 6 uses Norman et al. 2019 Perturb-seq, single-cell CRISPR screen with scRNA-seq readout (GEARS paper PMC11180609); area.csv note confirms no spatial or multiomic data; single-cell closeMatch EDAM topic_4028 Single-cell sequencing"
gears-2023-supp-table6-evaluation-no-perturb-pearson-de,facets.areas,cells-tissues,single-cell,"Originally cells-spatial-multiomics (git 9b5cf04^). GEARS Supp Table 6 uses Norman et al. 2019 Perturb-seq, single-cell CRISPR screen with scRNA-seq readout (GEARS paper PMC11180609); area.csv note confirms no spatial or multiomic data; single-cell closeMatch EDAM topic_4028 Single-cell sequencing"
gears-2023-supp-table6-method-cpa,facets.areas,cells-tissues,single-cell,"Originally cells-spatial-multiomics (git 9b5cf04^). GEARS Supp Table 6 uses Norman et al. 2019 Perturb-seq, single-cell CRISPR screen with scRNA-seq readout (GEARS paper PMC11180609); area.csv note confirms no spatial or multiomic data; single-cell closeMatch EDAM topic_4028 Single-cell sequencing"
gears-2023-supp-table6-method-cpa-plus-kg,facets.areas,cells-tissues,single-cell,"Originally cells-spatial-multiomics (git 9b5cf04^). GEARS Supp Table 6 uses Norman et al. 2019 Perturb-seq, single-cell CRISPR screen with scRNA-seq readout (GEARS paper PMC11180609); area.csv note confirms no spatial or multiomic data; single-cell closeMatch EDAM topic_4028 Single-cell sequencing"
gears-2023-supp-table6-method-gears,facets.areas,cells-tissues,single-cell,"Originally cells-spatial-multiomics (git 9b5cf04^). GEARS Supp Table 6 uses Norman et al. 2019 Perturb-seq, single-cell CRISPR screen with scRNA-seq readout (GEARS paper PMC11180609); area.csv note confirms no spatial or multiomic data; single-cell closeMatch EDAM topic_4028 Single-cell sequencing"
gears-2023-supp-table6-method-gears-catalog-model-gears-identity-claim,facets.areas,cells-tissues,single-cell,"Originally cells-spatial-multiomics (git 9b5cf04^). GEARS Supp Table 6 uses Norman et al. 2019 Perturb-seq, single-cell CRISPR screen with scRNA-seq readout (GEARS paper PMC11180609); area.csv note confirms no spatial or multiomic data; single-cell closeMatch EDAM topic_4028 Single-cell sequencing"
gears-2023-supp-table6-method-gears-discovery-model-gears-identity-claim,facets.areas,cells-tissues,single-cell,"Originally cells-spatial-multiomics (git 9b5cf04^). GEARS Supp Table 6 uses Norman et al. 2019 Perturb-seq, single-cell CRISPR screen with scRNA-seq readout (GEARS paper PMC11180609); area.csv note confirms no spatial or multiomic data; single-cell closeMatch EDAM topic_4028 Single-cell sequencing"
gears-2023-supp-table6-method-no-perturb,facets.areas,cells-tissues,single-cell,"Originally cells-spatial-multiomics (git 9b5cf04^). GEARS Supp Table 6 uses Norman et al. 2019 Perturb-seq, single-cell CRISPR screen with scRNA-seq readout (GEARS paper PMC11180609); area.csv note confirms no spatial or multiomic data; single-cell closeMatch EDAM topic_4028 Single-cell sequencing"
gears-2023-supp-table6-result-cpa-mse-mse,facets.areas,cells-tissues,single-cell,"Originally cells-spatial-multiomics (git 9b5cf04^). GEARS Supp Table 6 uses Norman et al. 2019 Perturb-seq, single-cell CRISPR screen with scRNA-seq readout (GEARS paper PMC11180609); area.csv note confirms no spatial or multiomic data; single-cell closeMatch EDAM topic_4028 Single-cell sequencing"
gears-2023-supp-table6-result-cpa-pearson-de-pearson-delta-expression,facets.areas,cells-tissues,single-cell,"Originally cells-spatial-multiomics (git 9b5cf04^). GEARS Supp Table 6 uses Norman et al. 2019 Perturb-seq, single-cell CRISPR screen with scRNA-seq readout (GEARS paper PMC11180609); area.csv note confirms no spatial or multiomic data; single-cell closeMatch EDAM topic_4028 Single-cell sequencing"
gears-2023-supp-table6-result-cpa-plus-kg-mse-mse,facets.areas,cells-tissues,single-cell,"Originally cells-spatial-multiomics (git 9b5cf04^). GEARS Supp Table 6 uses Norman et al. 2019 Perturb-seq, single-cell CRISPR screen with scRNA-seq readout (GEARS paper PMC11180609); area.csv note confirms no spatial or multiomic data; single-cell closeMatch EDAM topic_4028 Single-cell sequencing"
gears-2023-supp-table6-result-cpa-plus-kg-pearson-de-pearson-delta-expression,facets.areas,cells-tissues,single-cell,"Originally cells-spatial-multiomics (git 9b5cf04^). GEARS Supp Table 6 uses Norman et al. 2019 Perturb-seq, single-cell CRISPR screen with scRNA-seq readout (GEARS paper PMC11180609); area.csv note confirms no spatial or multiomic data; single-cell closeMatch EDAM topic_4028 Single-cell sequencing"
gears-2023-supp-table6-result-gears-mse-mse,facets.areas,cells-tissues,single-cell,"Originally cells-spatial-multiomics (git 9b5cf04^). GEARS Supp Table 6 uses Norman et al. 2019 Perturb-seq, single-cell CRISPR screen with scRNA-seq readout (GEARS paper PMC11180609); area.csv note confirms no spatial or multiomic data; single-cell closeMatch EDAM topic_4028 Single-cell sequencing"
gears-2023-supp-table6-result-gears-pearson-de-pearson-delta-expression,facets.areas,cells-tissues,single-cell,"Originally cells-spatial-multiomics (git 9b5cf04^). GEARS Supp Table 6 uses Norman et al. 2019 Perturb-seq, single-cell CRISPR screen with scRNA-seq readout (GEARS paper PMC11180609); area.csv note confirms no spatial or multiomic data; single-cell closeMatch EDAM topic_4028 Single-cell sequencing"
gears-2023-supp-table6-result-no-perturb-mse-mse,facets.areas,cells-tissues,single-cell,"Originally cells-spatial-multiomics (git 9b5cf04^). GEARS Supp Table 6 uses Norman et al. 2019 Perturb-seq, single-cell CRISPR screen with scRNA-seq readout (GEARS paper PMC11180609); area.csv note confirms no spatial or multiomic data; single-cell closeMatch EDAM topic_4028 Single-cell sequencing"
gears-2023-supp-table6-result-no-perturb-pearson-de-pearson-delta-expression,facets.areas,cells-tissues,single-cell,"Originally cells-spatial-multiomics (git 9b5cf04^). GEARS Supp Table 6 uses Norman et al. 2019 Perturb-seq, single-cell CRISPR screen with scRNA-seq readout (GEARS paper PMC11180609); area.csv note confirms no spatial or multiomic data; single-cell closeMatch EDAM topic_4028 Single-cell sequencing"
gears-2023-supp-table6-task-mse,facets.areas,cells-tissues,single-cell,"Originally cells-spatial-multiomics (git 9b5cf04^). GEARS Supp Table 6 uses Norman et al. 2019 Perturb-seq, single-cell CRISPR screen with scRNA-seq readout (GEARS paper PMC11180609); area.csv note confirms no spatial or multiomic data; single-cell closeMatch EDAM topic_4028 Single-cell sequencing"
gears-2023-supp-table6-task-pearson-de,facets.areas,cells-tissues,single-cell,"Originally cells-spatial-multiomics (git 9b5cf04^). GEARS Supp Table 6 uses Norman et al. 2019 Perturb-seq, single-cell CRISPR screen with scRNA-seq readout (GEARS paper PMC11180609); area.csv note confirms no spatial or multiomic data; single-cell closeMatch EDAM topic_4028 Single-cell sequencing"
model-coverage-gears-norman-cpa-controls,facets.areas,cells-tissues,single-cell,"Originally cells-spatial-multiomics (git 9b5cf04^). GEARS Supp Table 6 uses Norman et al. 2019 Perturb-seq, single-cell CRISPR screen with scRNA-seq readout (GEARS paper PMC11180609); area.csv note confirms no spatial or multiomic data; single-cell closeMatch EDAM topic_4028 Single-cell sequencing"
model-coverage-scfoundation-cell-annotation,facets.areas,cells-tissues,single-cell,Originally cells-spatial-multiomics (git 9b5cf04^). scFoundation Supp Table 4 cell-type annotation on Segerstolpe and Zheng68K scRNA-seq data (doi:10.1038/s41592-024-02305-7); area.csv note confirms no spatial or multiomic data; single-cell closeMatch EDAM topic_4028 Single-cell sequencing
perteval-scfm-2025-dataset-norman-single-2000hvg,facets.areas,cells-tissues,single-cell,Originally cells-spatial-multiomics (git 9b5cf04^). PertEval-scFM evaluates single-cell foundation models on Norman 2019 single-cell perturbation data (PMLR v267 wenteler25a); area.csv note confirms no spatial or multiomic data; single-cell closeMatch EDAM topic_4028 Single-cell sequencing
perteval-scfm-2025-evaluation-gears,facets.areas,cells-tissues,single-cell,"Originally cells-spatial-multiomics (git 9b5cf04^). GEARS Supp Table 6 uses Norman et al. 2019 Perturb-seq, single-cell CRISPR screen with scRNA-seq readout (GEARS paper PMC11180609); area.csv note confirms no spatial or multiomic data; single-cell closeMatch EDAM topic_4028 Single-cell sequencing"
perteval-scfm-2025-evaluation-mean-baseline,facets.areas,cells-tissues,single-cell,Originally cells-spatial-multiomics (git 9b5cf04^). PertEval-scFM evaluates single-cell foundation models on Norman 2019 single-cell perturbation data (PMLR v267 wenteler25a); area.csv note confirms no spatial or multiomic data; single-cell closeMatch EDAM topic_4028 Single-cell sequencing
perteval-scfm-2025-evaluation-mlp-baseline,facets.areas,cells-tissues,single-cell,Originally cells-spatial-multiomics (git 9b5cf04^). PertEval-scFM evaluates single-cell foundation models on Norman 2019 single-cell perturbation data (PMLR v267 wenteler25a); area.csv note confirms no spatial or multiomic data; single-cell closeMatch EDAM topic_4028 Single-cell sequencing
perteval-scfm-2025-method-gears,facets.areas,cells-tissues,single-cell,"Originally cells-spatial-multiomics (git 9b5cf04^). GEARS Supp Table 6 uses Norman et al. 2019 Perturb-seq, single-cell CRISPR screen with scRNA-seq readout (GEARS paper PMC11180609); area.csv note confirms no spatial or multiomic data; single-cell closeMatch EDAM topic_4028 Single-cell sequencing"
perteval-scfm-2025-method-mean-baseline,facets.areas,cells-tissues,single-cell,Originally cells-spatial-multiomics (git 9b5cf04^). PertEval-scFM evaluates single-cell foundation models on Norman 2019 single-cell perturbation data (PMLR v267 wenteler25a); area.csv note confirms no spatial or multiomic data; single-cell closeMatch EDAM topic_4028 Single-cell sequencing
perteval-scfm-2025-method-mlp-baseline,facets.areas,cells-tissues,single-cell,Originally cells-spatial-multiomics (git 9b5cf04^). PertEval-scFM evaluates single-cell foundation models on Norman 2019 single-cell perturbation data (PMLR v267 wenteler25a); area.csv note confirms no spatial or multiomic data; single-cell closeMatch EDAM topic_4028 Single-cell sequencing
perteval-scfm-2025-protocol-norman-single-2000hvg-auspc,facets.areas,cells-tissues,single-cell,Originally cells-spatial-multiomics (git 9b5cf04^). PertEval-scFM evaluates single-cell foundation models on Norman 2019 single-cell perturbation data (PMLR v267 wenteler25a); area.csv note confirms no spatial or multiomic data; single-cell closeMatch EDAM topic_4028 Single-cell sequencing
perteval-scfm-2025-result-gears-auspc,facets.areas,cells-tissues,single-cell,"Originally cells-spatial-multiomics (git 9b5cf04^). GEARS Supp Table 6 uses Norman et al. 2019 Perturb-seq, single-cell CRISPR screen with scRNA-seq readout (GEARS paper PMC11180609); area.csv note confirms no spatial or multiomic data; single-cell closeMatch EDAM topic_4028 Single-cell sequencing"
perteval-scfm-2025-result-mean-baseline-auspc,facets.areas,cells-tissues,single-cell,Originally cells-spatial-multiomics (git 9b5cf04^). PertEval-scFM evaluates single-cell foundation models on Norman 2019 single-cell perturbation data (PMLR v267 wenteler25a); area.csv note confirms no spatial or multiomic data; single-cell closeMatch EDAM topic_4028 Single-cell sequencing
perteval-scfm-2025-result-mlp-baseline-auspc,facets.areas,cells-tissues,single-cell,Originally cells-spatial-multiomics (git 9b5cf04^). PertEval-scFM evaluates single-cell foundation models on Norman 2019 single-cell perturbation data (PMLR v267 wenteler25a); area.csv note confirms no spatial or multiomic data; single-cell closeMatch EDAM topic_4028 Single-cell sequencing
perteval-scfm-2025-source,facets.areas,cells-tissues,single-cell,Originally cells-spatial-multiomics (git 9b5cf04^). PertEval-scFM evaluates single-cell foundation models on Norman 2019 single-cell perturbation data (PMLR v267 wenteler25a); area.csv note confirms no spatial or multiomic data; single-cell closeMatch EDAM topic_4028 Single-cell sequencing
profile-evidence-20260923-scgpt-cell-emb-py,facets.areas,cells-tissues,single-cell,"Originally cells-spatial-multiomics (git 9b5cf04^). scGPT single-cell foundation model sources (scGPT repo cell_emb.py, CELLxGENE corpus); area.csv note confirms no spatial or multiomic data; single-cell closeMatch EDAM topic_4028 Single-cell sequencing"
profile-evidence-20260923-scgpt-data-config-py,facets.areas,cells-tissues,single-cell,"Originally cells-spatial-multiomics (git 9b5cf04^). scGPT single-cell foundation model sources (scGPT repo cell_emb.py, CELLxGENE corpus); area.csv note confirms no spatial or multiomic data; single-cell closeMatch EDAM topic_4028 Single-cell sequencing"
profile-evidence-20260923-scgpt-data-readme-md,facets.areas,cells-tissues,single-cell,"Originally cells-spatial-multiomics (git 9b5cf04^). scGPT single-cell foundation model sources (scGPT repo cell_emb.py, CELLxGENE corpus); area.csv note confirms no spatial or multiomic data; single-cell closeMatch EDAM topic_4028 Single-cell sequencing"
profile-evidence-20260923-scgpt-issue233-json,facets.areas,cells-tissues,single-cell,"Originally cells-spatial-multiomics (git 9b5cf04^). scGPT single-cell foundation model sources (scGPT repo cell_emb.py, CELLxGENE corpus); area.csv note confirms no spatial or multiomic data; single-cell closeMatch EDAM topic_4028 Single-cell sequencing"
profile-evidence-20260923-scgpt-supp-pdf,facets.areas,cells-tissues,single-cell,"Originally cells-spatial-multiomics (git 9b5cf04^). scGPT single-cell foundation model sources (scGPT repo cell_emb.py, CELLxGENE corpus); area.csv note confirms no spatial or multiomic data; single-cell closeMatch EDAM topic_4028 Single-cell sequencing"
scfoundation-2024-supp-table4-association-segerstolpe,facets.areas,cells-tissues,single-cell,Originally cells-spatial-multiomics (git 9b5cf04^). scFoundation Supp Table 4 cell-type annotation on Segerstolpe and Zheng68K scRNA-seq data (doi:10.1038/s41592-024-02305-7); area.csv note confirms no spatial or multiomic data; single-cell closeMatch EDAM topic_4028 Single-cell sequencing
scfoundation-2024-supp-table4-association-zheng68k,facets.areas,cells-tissues,single-cell,Originally cells-spatial-multiomics (git 9b5cf04^). scFoundation Supp Table 4 cell-type annotation on Segerstolpe and Zheng68K scRNA-seq data (doi:10.1038/s41592-024-02305-7); area.csv note confirms no spatial or multiomic data; single-cell closeMatch EDAM topic_4028 Single-cell sequencing
scfoundation-2024-supp-table4-dataset-segerstolpe-subset-used-in-scfoundation-supplementary-table4,facets.areas,cells-tissues,single-cell,Originally cells-spatial-multiomics (git 9b5cf04^). scFoundation Supp Table 4 cell-type annotation on Segerstolpe and Zheng68K scRNA-seq data (doi:10.1038/s41592-024-02305-7); area.csv note confirms no spatial or multiomic data; single-cell closeMatch EDAM topic_4028 Single-cell sequencing
scfoundation-2024-supp-table4-dataset-zheng68k-subset-used-in-scfoundation-supplementary-table4,facets.areas,cells-tissues,single-cell,Originally cells-spatial-multiomics (git 9b5cf04^). scFoundation Supp Table 4 cell-type annotation on Segerstolpe and Zheng68K scRNA-seq data (doi:10.1038/s41592-024-02305-7); area.csv note confirms no spatial or multiomic data; single-cell closeMatch EDAM topic_4028 Single-cell sequencing
scfoundation-2024-supp-table4-evaluation-actinn-segerstolpe,facets.areas,cells-tissues,single-cell,Originally cells-spatial-multiomics (git 9b5cf04^). scFoundation Supp Table 4 cell-type annotation on Segerstolpe and Zheng68K scRNA-seq data (doi:10.1038/s41592-024-02305-7); area.csv note confirms no spatial or multiomic data; single-cell closeMatch EDAM topic_4028 Single-cell sequencing
scfoundation-2024-supp-table4-evaluation-actinn-zheng68k,facets.areas,cells-tissues,single-cell,Originally cells-spatial-multiomics (git 9b5cf04^). scFoundation Supp Table 4 cell-type annotation on Segerstolpe and Zheng68K scRNA-seq data (doi:10.1038/s41592-024-02305-7); area.csv note confirms no spatial or multiomic data; single-cell closeMatch EDAM topic_4028 Single-cell sequencing
scfoundation-2024-supp-table4-evaluation-celltypist-segerstolpe,facets.areas,cells-tissues,single-cell,Originally cells-spatial-multiomics (git 9b5cf04^). scFoundation Supp Table 4 cell-type annotation on Segerstolpe and Zheng68K scRNA-seq data (doi:10.1038/s41592-024-02305-7); area.csv note confirms no spatial or multiomic data; single-cell closeMatch EDAM topic_4028 Single-cell sequencing
scfoundation-2024-supp-table4-evaluation-celltypist-zheng68k,facets.areas,cells-tissues,single-cell,Originally cells-spatial-multiomics (git 9b5cf04^). scFoundation Supp Table 4 cell-type annotation on Segerstolpe and Zheng68K scRNA-seq data (doi:10.1038/s41592-024-02305-7); area.csv note confirms no spatial or multiomic data; single-cell closeMatch EDAM topic_4028 Single-cell sequencing
scfoundation-2024-supp-table4-evaluation-scanpy-segerstolpe,facets.areas,cells-tissues,single-cell,Originally cells-spatial-multiomics (git 9b5cf04^). scFoundation Supp Table 4 cell-type annotation on Segerstolpe and Zheng68K scRNA-seq data (doi:10.1038/s41592-024-02305-7); area.csv note confirms no spatial or multiomic data; single-cell closeMatch EDAM topic_4028 Single-cell sequencing
scfoundation-2024-supp-table4-evaluation-scanpy-zheng68k,facets.areas,cells-tissues,single-cell,Originally cells-spatial-multiomics (git 9b5cf04^). scFoundation Supp Table 4 cell-type annotation on Segerstolpe and Zheng68K scRNA-seq data (doi:10.1038/s41592-024-02305-7); area.csv note confirms no spatial or multiomic data; single-cell closeMatch EDAM topic_4028 Single-cell sequencing
scfoundation-2024-supp-table4-evaluation-scanvi-segerstolpe,facets.areas,cells-tissues,single-cell,Originally cells-spatial-multiomics (git 9b5cf04^). scFoundation Supp Table 4 cell-type annotation on Segerstolpe and Zheng68K scRNA-seq data (doi:10.1038/s41592-024-02305-7); area.csv note confirms no spatial or multiomic data; single-cell closeMatch EDAM topic_4028 Single-cell sequencing
scfoundation-2024-supp-table4-evaluation-scanvi-zheng68k,facets.areas,cells-tissues,single-cell,Originally cells-spatial-multiomics (git 9b5cf04^). scFoundation Supp Table 4 cell-type annotation on Segerstolpe and Zheng68K scRNA-seq data (doi:10.1038/s41592-024-02305-7); area.csv note confirms no spatial or multiomic data; single-cell closeMatch EDAM topic_4028 Single-cell sequencing
scfoundation-2024-supp-table4-evaluation-scbert-segerstolpe,facets.areas,cells-tissues,single-cell,Originally cells-spatial-multiomics (git 9b5cf04^). scFoundation Supp Table 4 cell-type annotation on Segerstolpe and Zheng68K scRNA-seq data (doi:10.1038/s41592-024-02305-7); area.csv note confirms no spatial or multiomic data; single-cell closeMatch EDAM topic_4028 Single-cell sequencing
scfoundation-2024-supp-table4-evaluation-scbert-zheng68k,facets.areas,cells-tissues,single-cell,Originally cells-spatial-multiomics (git 9b5cf04^). scFoundation Supp Table 4 cell-type annotation on Segerstolpe and Zheng68K scRNA-seq data (doi:10.1038/s41592-024-02305-7); area.csv note confirms no spatial or multiomic data; single-cell closeMatch EDAM topic_4028 Single-cell sequencing
scfoundation-2024-supp-table4-evaluation-scfoundation-segerstolpe,facets.areas,cells-tissues,single-cell,Originally cells-spatial-multiomics (git 9b5cf04^). scFoundation Supp Table 4 cell-type annotation on Segerstolpe and Zheng68K scRNA-seq data (doi:10.1038/s41592-024-02305-7); area.csv note confirms no spatial or multiomic data; single-cell closeMatch EDAM topic_4028 Single-cell sequencing
scfoundation-2024-supp-table4-evaluation-scfoundation-zheng68k,facets.areas,cells-tissues,single-cell,Originally cells-spatial-multiomics (git 9b5cf04^). scFoundation Supp Table 4 cell-type annotation on Segerstolpe and Zheng68K scRNA-seq data (doi:10.1038/s41592-024-02305-7); area.csv note confirms no spatial or multiomic data; single-cell closeMatch EDAM topic_4028 Single-cell sequencing
scfoundation-2024-supp-table4-evaluation-singlecellnet-segerstolpe,facets.areas,cells-tissues,single-cell,Originally cells-spatial-multiomics (git 9b5cf04^). scFoundation Supp Table 4 cell-type annotation on Segerstolpe and Zheng68K scRNA-seq data (doi:10.1038/s41592-024-02305-7); area.csv note confirms no spatial or multiomic data; single-cell closeMatch EDAM topic_4028 Single-cell sequencing
scfoundation-2024-supp-table4-evaluation-singlecellnet-zheng68k,facets.areas,cells-tissues,single-cell,Originally cells-spatial-multiomics (git 9b5cf04^). scFoundation Supp Table 4 cell-type annotation on Segerstolpe and Zheng68K scRNA-seq data (doi:10.1038/s41592-024-02305-7); area.csv note confirms no spatial or multiomic data; single-cell closeMatch EDAM topic_4028 Single-cell sequencing
scfoundation-2024-supp-table4-method-actinn,facets.areas,cells-tissues,single-cell,Originally cells-spatial-multiomics (git 9b5cf04^). scFoundation Supp Table 4 cell-type annotation on Segerstolpe and Zheng68K scRNA-seq data (doi:10.1038/s41592-024-02305-7); area.csv note confirms no spatial or multiomic data; single-cell closeMatch EDAM topic_4028 Single-cell sequencing
scfoundation-2024-supp-table4-method-celltypist,facets.areas,cells-tissues,single-cell,Originally cells-spatial-multiomics (git 9b5cf04^). scFoundation Supp Table 4 cell-type annotation on Segerstolpe and Zheng68K scRNA-seq data (doi:10.1038/s41592-024-02305-7); area.csv note confirms no spatial or multiomic data; single-cell closeMatch EDAM topic_4028 Single-cell sequencing
scfoundation-2024-supp-table4-method-scanpy,facets.areas,cells-tissues,single-cell,Originally cells-spatial-multiomics (git 9b5cf04^). scFoundation Supp Table 4 cell-type annotation on Segerstolpe and Zheng68K scRNA-seq data (doi:10.1038/s41592-024-02305-7); area.csv note confirms no spatial or multiomic data; single-cell closeMatch EDAM topic_4028 Single-cell sequencing
scfoundation-2024-supp-table4-method-scanvi,facets.areas,cells-tissues,single-cell,Originally cells-spatial-multiomics (git 9b5cf04^). scFoundation Supp Table 4 cell-type annotation on Segerstolpe and Zheng68K scRNA-seq data (doi:10.1038/s41592-024-02305-7); area.csv note confirms no spatial or multiomic data; single-cell closeMatch EDAM topic_4028 Single-cell sequencing
scfoundation-2024-supp-table4-method-scbert,facets.areas,cells-tissues,single-cell,Originally cells-spatial-multiomics (git 9b5cf04^). scFoundation Supp Table 4 cell-type annotation on Segerstolpe and Zheng68K scRNA-seq data (doi:10.1038/s41592-024-02305-7); area.csv note confirms no spatial or multiomic data; single-cell closeMatch EDAM topic_4028 Single-cell sequencing
scfoundation-2024-supp-table4-method-scfoundation,facets.areas,cells-tissues,single-cell,Originally cells-spatial-multiomics (git 9b5cf04^). scFoundation Supp Table 4 cell-type annotation on Segerstolpe and Zheng68K scRNA-seq data (doi:10.1038/s41592-024-02305-7); area.csv note confirms no spatial or multiomic data; single-cell closeMatch EDAM topic_4028 Single-cell sequencing
scfoundation-2024-supp-table4-method-scfoundation-catalog-model-scfoundation-identity-claim,facets.areas,cells-tissues,single-cell,Originally cells-spatial-multiomics (git 9b5cf04^). scFoundation Supp Table 4 cell-type annotation on Segerstolpe and Zheng68K scRNA-seq data (doi:10.1038/s41592-024-02305-7); area.csv note confirms no spatial or multiomic data; single-cell closeMatch EDAM topic_4028 Single-cell sequencing
scfoundation-2024-supp-table4-method-singlecellnet,facets.areas,cells-tissues,single-cell,Originally cells-spatial-multiomics (git 9b5cf04^). scFoundation Supp Table 4 cell-type annotation on Segerstolpe and Zheng68K scRNA-seq data (doi:10.1038/s41592-024-02305-7); area.csv note confirms no spatial or multiomic data; single-cell closeMatch EDAM topic_4028 Single-cell sequencing
scfoundation-2024-supp-table4-result-actinn-segerstolpe-macro-f1,facets.areas,cells-tissues,single-cell,Originally cells-spatial-multiomics (git 9b5cf04^). scFoundation Supp Table 4 cell-type annotation on Segerstolpe and Zheng68K scRNA-seq data (doi:10.1038/s41592-024-02305-7); area.csv note confirms no spatial or multiomic data; single-cell closeMatch EDAM topic_4028 Single-cell sequencing
scfoundation-2024-supp-table4-result-actinn-zheng68k-macro-f1,facets.areas,cells-tissues,single-cell,Originally cells-spatial-multiomics (git 9b5cf04^). scFoundation Supp Table 4 cell-type annotation on Segerstolpe and Zheng68K scRNA-seq data (doi:10.1038/s41592-024-02305-7); area.csv note confirms no spatial or multiomic data; single-cell closeMatch EDAM topic_4028 Single-cell sequencing
scfoundation-2024-supp-table4-result-celltypist-segerstolpe-macro-f1,facets.areas,cells-tissues,single-cell,Originally cells-spatial-multiomics (git 9b5cf04^). scFoundation Supp Table 4 cell-type annotation on Segerstolpe and Zheng68K scRNA-seq data (doi:10.1038/s41592-024-02305-7); area.csv note confirms no spatial or multiomic data; single-cell closeMatch EDAM topic_4028 Single-cell sequencing
scfoundation-2024-supp-table4-result-celltypist-zheng68k-macro-f1,facets.areas,cells-tissues,single-cell,Originally cells-spatial-multiomics (git 9b5cf04^). scFoundation Supp Table 4 cell-type annotation on Segerstolpe and Zheng68K scRNA-seq data (doi:10.1038/s41592-024-02305-7); area.csv note confirms no spatial or multiomic data; single-cell closeMatch EDAM topic_4028 Single-cell sequencing
scfoundation-2024-supp-table4-result-scanpy-segerstolpe-macro-f1,facets.areas,cells-tissues,single-cell,Originally cells-spatial-multiomics (git 9b5cf04^). scFoundation Supp Table 4 cell-type annotation on Segerstolpe and Zheng68K scRNA-seq data (doi:10.1038/s41592-024-02305-7); area.csv note confirms no spatial or multiomic data; single-cell closeMatch EDAM topic_4028 Single-cell sequencing
scfoundation-2024-supp-table4-result-scanpy-zheng68k-macro-f1,facets.areas,cells-tissues,single-cell,Originally cells-spatial-multiomics (git 9b5cf04^). scFoundation Supp Table 4 cell-type annotation on Segerstolpe and Zheng68K scRNA-seq data (doi:10.1038/s41592-024-02305-7); area.csv note confirms no spatial or multiomic data; single-cell closeMatch EDAM topic_4028 Single-cell sequencing
scfoundation-2024-supp-table4-result-scanvi-segerstolpe-macro-f1,facets.areas,cells-tissues,single-cell,Originally cells-spatial-multiomics (git 9b5cf04^). scFoundation Supp Table 4 cell-type annotation on Segerstolpe and Zheng68K scRNA-seq data (doi:10.1038/s41592-024-02305-7); area.csv note confirms no spatial or multiomic data; single-cell closeMatch EDAM topic_4028 Single-cell sequencing
scfoundation-2024-supp-table4-result-scanvi-zheng68k-macro-f1,facets.areas,cells-tissues,single-cell,Originally cells-spatial-multiomics (git 9b5cf04^). scFoundation Supp Table 4 cell-type annotation on Segerstolpe and Zheng68K scRNA-seq data (doi:10.1038/s41592-024-02305-7); area.csv note confirms no spatial or multiomic data; single-cell closeMatch EDAM topic_4028 Single-cell sequencing
scfoundation-2024-supp-table4-result-scbert-segerstolpe-macro-f1,facets.areas,cells-tissues,single-cell,Originally cells-spatial-multiomics (git 9b5cf04^). scFoundation Supp Table 4 cell-type annotation on Segerstolpe and Zheng68K scRNA-seq data (doi:10.1038/s41592-024-02305-7); area.csv note confirms no spatial or multiomic data; single-cell closeMatch EDAM topic_4028 Single-cell sequencing
scfoundation-2024-supp-table4-result-scbert-zheng68k-macro-f1,facets.areas,cells-tissues,single-cell,Originally cells-spatial-multiomics (git 9b5cf04^). scFoundation Supp Table 4 cell-type annotation on Segerstolpe and Zheng68K scRNA-seq data (doi:10.1038/s41592-024-02305-7); area.csv note confirms no spatial or multiomic data; single-cell closeMatch EDAM topic_4028 Single-cell sequencing
scfoundation-2024-supp-table4-result-scfoundation-segerstolpe-macro-f1,facets.areas,cells-tissues,single-cell,Originally cells-spatial-multiomics (git 9b5cf04^). scFoundation Supp Table 4 cell-type annotation on Segerstolpe and Zheng68K scRNA-seq data (doi:10.1038/s41592-024-02305-7); area.csv note confirms no spatial or multiomic data; single-cell closeMatch EDAM topic_4028 Single-cell sequencing
scfoundation-2024-supp-table4-result-scfoundation-zheng68k-macro-f1,facets.areas,cells-tissues,single-cell,Originally cells-spatial-multiomics (git 9b5cf04^). scFoundation Supp Table 4 cell-type annotation on Segerstolpe and Zheng68K scRNA-seq data (doi:10.1038/s41592-024-02305-7); area.csv note confirms no spatial or multiomic data; single-cell closeMatch EDAM topic_4028 Single-cell sequencing
scfoundation-2024-supp-table4-result-singlecellnet-segerstolpe-macro-f1,facets.areas,cells-tissues,single-cell,Originally cells-spatial-multiomics (git 9b5cf04^). scFoundation Supp Table 4 cell-type annotation on Segerstolpe and Zheng68K scRNA-seq data (doi:10.1038/s41592-024-02305-7); area.csv note confirms no spatial or multiomic data; single-cell closeMatch EDAM topic_4028 Single-cell sequencing
scfoundation-2024-supp-table4-result-singlecellnet-zheng68k-macro-f1,facets.areas,cells-tissues,single-cell,Originally cells-spatial-multiomics (git 9b5cf04^). scFoundation Supp Table 4 cell-type annotation on Segerstolpe and Zheng68K scRNA-seq data (doi:10.1038/s41592-024-02305-7); area.csv note confirms no spatial or multiomic data; single-cell closeMatch EDAM topic_4028 Single-cell sequencing
scfoundation-2024-supp-table4-task-segerstolpe,facets.areas,cells-tissues,single-cell,Originally cells-spatial-multiomics (git 9b5cf04^). scFoundation Supp Table 4 cell-type annotation on Segerstolpe and Zheng68K scRNA-seq data (doi:10.1038/s41592-024-02305-7); area.csv note confirms no spatial or multiomic data; single-cell closeMatch EDAM topic_4028 Single-cell sequencing
scfoundation-2024-supp-table4-task-zheng68k,facets.areas,cells-tissues,single-cell,Originally cells-spatial-multiomics (git 9b5cf04^). scFoundation Supp Table 4 cell-type annotation on Segerstolpe and Zheng68K scRNA-seq data (doi:10.1038/s41592-024-02305-7); area.csv note confirms no spatial or multiomic data; single-cell closeMatch EDAM topic_4028 Single-cell sequencing
catalog-model-kraken2,facets.method_types,baseline,specialist,"Kraken 2 is a k-mer based taxonomic sequence classifier built for one task (Wood, Lu & Langmead 2019, Genome Biol 20:257, doi:10.1186/s13059-019-1891-0); sibling profiler catalog-model-metaphlan is specialist; comparator role kept by catalog-baseline-kraken2"
catalog-model-kraken2,attributes.method_type,baseline,specialist,"Kraken 2 is a k-mer based taxonomic sequence classifier built for one task (Wood, Lu & Langmead 2019, Genome Biol 20:257, doi:10.1186/s13059-019-1891-0); sibling profiler catalog-model-metaphlan is specialist; comparator role kept by catalog-baseline-kraken2"
catalog-model-vina,facets.method_types,baseline,specialist,"AutoDock Vina is a task-specific docking program (Trott & Olson 2010, J Comput Chem 31:455, doi:10.1002/jcc.21334); docking model catalog-model-diffdock-l is specialist; comparator role kept by catalog-baseline-vina"
catalog-model-vina,attributes.method_type,baseline,specialist,"AutoDock Vina is a task-specific docking program (Trott & Olson 2010, J Comput Chem 31:455, doi:10.1002/jcc.21334); docking model catalog-model-diffdock-l is specialist; comparator role kept by catalog-baseline-vina"
catalog-model-scvi,facets.method_types,baseline,specialist,"scVI is a task-specific deep generative model fitted per scRNA-seq dataset (Lopez et al. 2018, Nat Methods 15:1053, doi:10.1038/s41592-018-0229-2); catalog-model-gears is specialist; comparator role kept by catalog-baseline-scvi"
catalog-model-scvi,attributes.method_type,baseline,specialist,"scVI is a task-specific deep generative model fitted per scRNA-seq dataset (Lopez et al. 2018, Nat Methods 15:1053, doi:10.1038/s41592-018-0229-2); catalog-model-gears is specialist; comparator role kept by catalog-baseline-scvi"
uc20260930-framepool-baseline-3mer-random-forest,attributes.baseline_type,random_forest,simple_statistical,"Karollus et al. 2021 PLoS Comput Biol (PMC8136849) Methods ""Random forest models"": scikit-learn random forests on k-mer counts, default hyperparameters; simple_statistical covers low-capacity models on hand-made sequence features (baseline-type.ttl)"
uc20260930-framepool-baseline-3mer-random-forest,attributes.baseline_algorithm,,random_forest,"Karollus et al. 2021 PLoS Comput Biol (PMC8136849) Methods ""Random forest models"": scikit-learn random forests on k-mer counts, default hyperparameters"
uc20260930-framepool-baseline-4mer-random-forest,attributes.baseline_type,random_forest,simple_statistical,"Karollus et al. 2021 (PMC8136849) Methods ""Random forest models"": 4-mer count random forest; simple_statistical covers low-capacity models on hand-made sequence features (baseline-type.ttl)"
uc20260930-framepool-baseline-4mer-random-forest,attributes.baseline_algorithm,,random_forest,"Karollus et al. 2021 (PMC8136849) Methods ""Random forest models"": 4-mer count random forest"
uc20260930-framepool-baseline-5mer-frame-forest,attributes.baseline_type,random_forest,simple_statistical,Karollus et al. 2021 (PMC8136849) Methods: random forests supplied with frame-specific k-mer counts; simple_statistical covers low-capacity models on hand-made sequence features (baseline-type.ttl)
uc20260930-framepool-baseline-5mer-frame-forest,attributes.baseline_algorithm,,random_forest,Karollus et al. 2021 (PMC8136849) Methods: random forests supplied with frame-specific k-mer counts
uc20260930-framepool-baseline-frame-forest-4mer,attributes.baseline_type,random_forest,simple_statistical,Karollus et al. 2021 (PMC8136849) Methods: random forests supplied with frame-specific k-mer counts; simple_statistical covers low-capacity models on hand-made sequence features (baseline-type.ttl)
uc20260930-framepool-baseline-frame-forest-4mer,attributes.baseline_algorithm,,random_forest,Karollus et al. 2021 (PMC8136849) Methods: random forests supplied with frame-specific k-mer counts
uc20260930-framepool-baseline-frame-forest-hyperopt,attributes.baseline_type,random_forest,simple_statistical,Karollus et al. 2021 (PMC8136849) Methods: frame random forest with tuned hyperparameters; simple_statistical covers low-capacity models on hand-made sequence features (baseline-type.ttl)
uc20260930-framepool-baseline-frame-forest-hyperopt,attributes.baseline_algorithm,,random_forest,Karollus et al. 2021 (PMC8136849) Methods: frame random forest with tuned hyperparameters
uc20260930-jores-baseline-maize-protoplasts,attributes.baseline_type,linear_regression,simple_statistical,"Jores et al. 2021 Nat Plants, Figure 8a: linear regression on GC content and motif features; simple_statistical covers low-capacity models on hand-made sequence features (baseline-type.ttl)"
uc20260930-jores-baseline-maize-protoplasts,attributes.baseline_algorithm,,linear_regression,"Jores et al. 2021 Nat Plants, Figure 8a: linear regression on GC content and motif features"
uc20260930-jores-baseline-tobacco-leaves,attributes.baseline_type,linear_regression,simple_statistical,"Jores et al. 2021 Nat Plants, Figure 8a: linear regression on GC content and motif features; simple_statistical covers low-capacity models on hand-made sequence features (baseline-type.ttl)"
uc20260930-jores-baseline-tobacco-leaves,attributes.baseline_algorithm,,linear_regression,"Jores et al. 2021 Nat Plants, Figure 8a: linear regression on GC content and motif features"
uc20260930-baseline-rewire-model-baseline-kmer-position-v2,attributes.baseline_type,gradient_boosted_trees,simple_statistical,"rewire-benchmarks benchmarks/mfass/src/mfass/run_baseline.py@bee9133: local k-mer, allele, exon position and conservation features ""fed to gradient-boosted trees"" (sklearn HistGradientBoostingClassifier); simple_statistical covers low-capacity models on hand-made sequence features (baseline-type.ttl)"
uc20260930-baseline-rewire-model-baseline-kmer-position-v2,attributes.baseline_algorithm,,gradient_boosted_trees,"rewire-benchmarks benchmarks/mfass/src/mfass/run_baseline.py@bee9133: local k-mer, allele, exon position and conservation features ""fed to gradient-boosted trees"" (sklearn HistGradientBoostingClassifier)"
uc20260930-baseline-rewire-local-20260920-configuration-flip2-composition,attributes.baseline_type,established_method,simple_statistical,"rewire-benchmarks research/local-runs-2026-09-20/flip2-composition/report.json@ca73fa4: ""Amino-acid composition + fixed ridge (Rewire control)"", protocol_owned_probe, alpha 10; a Rewire control, not a published named method; simple_statistical covers low-capacity models on hand-made sequence features (baseline-type.ttl)"
uc20260930-baseline-rewire-local-20260920-configuration-flip2-composition,attributes.baseline_algorithm,,ridge_regression,"rewire-benchmarks research/local-runs-2026-09-20/flip2-composition/report.json@ca73fa4: ""Amino-acid composition + fixed ridge (Rewire control)"", protocol_owned_probe, alpha 10; a Rewire control, not a published named method"
uc20260930-baseline-rewire-local-20260920-configuration-mrnabench-composition,attributes.baseline_type,established_method,simple_statistical,"rewire-benchmarks research/local-runs-2026-09-20/mrnabench-composition/report.json@ca73fa4: ""Sequence composition + RidgeCV (Rewire control)"", protocol_owned_probe; a Rewire control, not a published named method; simple_statistical covers low-capacity models on hand-made sequence features (baseline-type.ttl)"
uc20260930-baseline-rewire-local-20260920-configuration-mrnabench-composition,attributes.baseline_algorithm,,ridge_regression,"rewire-benchmarks research/local-runs-2026-09-20/mrnabench-composition/report.json@ca73fa4: ""Sequence composition + RidgeCV (Rewire control)"", protocol_owned_probe; a Rewire control, not a published named method"
uc20260930-baseline-rewire-local-20260921-configuration-composition22,attributes.baseline_type,established_method,simple_statistical,"rewire-benchmarks research/baseline-programme-2026-09-21/rhomax/protein-composition-probe-v1.report.json@1663d1f: ""Protein composition + fixed ridge probe"", protocol_owned_probe; a Rewire control, not a published named method; simple_statistical covers low-capacity models on hand-made sequence features (baseline-type.ttl)"
uc20260930-baseline-rewire-local-20260921-configuration-composition22,attributes.baseline_algorithm,,ridge_regression,"rewire-benchmarks research/baseline-programme-2026-09-21/rhomax/protein-composition-probe-v1.report.json@1663d1f: ""Protein composition + fixed ridge probe"", protocol_owned_probe; a Rewire control, not a published named method"
