record_id,source_id,locator,printed_value,review_scope
rna-pathogen-20261009-claim-carbo2022-human-read-removal,rna-pathogen-20261009-source-carbo2022,Section 3.1 paragraph 1,"Removing human reads before classification gave comparable sensitivity for all classifiers except CLARK, whose sensitivity fell at species and genus level; selectivity mostly increased, except for Kaiju and Kraken2 at family level.",claim
rna-pathogen-20261009-claim-carbo2022-roc-distance-label,rna-pathogen-20261009-source-carbo2022,"Section 2.7 paragraph 1; Supplementary Table 1, column 'Informedness'","The Supplementary Table 1 column headed 'Informedness' holds the ROC distance to the error-free point: Section 2.7 defines it so, and for every row with in-range sensitivity and selectivity the printed value equals sqrt((1 - SN)^2 + (1 - SL)^2) within rounding.",claim
rna-pathogen-20261009-claim-devries2021-negative-control,rna-pathogen-20261009-source-devries2021-supp,Supplementary Table 4 column C and footnote C44; Results 'Additional virus hits and positive predictive value' paragraph 1,"Rotavirus A was reported in sample cs10 by most pipelines and was also detected in the negative run control, which was not given to participants. Additional viruses reported by several pipelines included RD114 retrovirus, feline leukemia virus and bovine viral diarrhea virus; the article calls BVDV a likely fetal bovine serum contaminant and says RD114 and the leukemia viruses may be genuinely present.",claim
rna-pathogen-20261009-eval-carbo2022-family-cutoff-0-centrifuge-excl-human,rna-pathogen-20261009-source-carbo2022-supp,"Supplementary Table 1 sheet 'Suppl table 1-Family', A19 ('#')",3,evaluation_attribute
rna-pathogen-20261009-eval-carbo2022-family-cutoff-0-centrifuge-excl-human-norm,rna-pathogen-20261009-source-carbo2022-supp,"Supplementary Table 1 sheet 'Suppl table 1-Family', A29 ('#')",3,evaluation_attribute
rna-pathogen-20261009-eval-carbo2022-family-cutoff-0-centrifuge-incl-human,rna-pathogen-20261009-source-carbo2022-supp,"Supplementary Table 1 sheet 'Suppl table 1-Family', A8 ('#')",4,evaluation_attribute
rna-pathogen-20261009-eval-carbo2022-family-cutoff-0-clark-excl-human,rna-pathogen-20261009-source-carbo2022-supp,"Supplementary Table 1 sheet 'Suppl table 1-Family', A18 ('#')",5,evaluation_attribute
rna-pathogen-20261009-eval-carbo2022-family-cutoff-0-clark-excl-human-norm,rna-pathogen-20261009-source-carbo2022-supp,"Supplementary Table 1 sheet 'Suppl table 1-Family', A28 ('#')",5,evaluation_attribute
rna-pathogen-20261009-eval-carbo2022-family-cutoff-0-clark-incl-human,rna-pathogen-20261009-source-carbo2022-supp,"Supplementary Table 1 sheet 'Suppl table 1-Family', A9 ('#')",5,evaluation_attribute
rna-pathogen-20261009-eval-carbo2022-family-cutoff-0-genome-detective-excl-human,rna-pathogen-20261009-source-carbo2022-supp,"Supplementary Table 1 sheet 'Suppl table 1-Family', A17 ('#')",2,evaluation_attribute
rna-pathogen-20261009-eval-carbo2022-family-cutoff-0-genome-detective-excl-human-norm,rna-pathogen-20261009-source-carbo2022-supp,"Supplementary Table 1 sheet 'Suppl table 1-Family', A27 ('#')",1,evaluation_attribute
rna-pathogen-20261009-eval-carbo2022-family-cutoff-0-genome-detective-incl-human,rna-pathogen-20261009-source-carbo2022-supp,"Supplementary Table 1 sheet 'Suppl table 1-Family', A10 ('#')",3,evaluation_attribute
rna-pathogen-20261009-eval-carbo2022-family-cutoff-0-kaiju-excl-human,rna-pathogen-20261009-source-carbo2022-supp,"Supplementary Table 1 sheet 'Suppl table 1-Family', A16 ('#')",1,evaluation_attribute
rna-pathogen-20261009-eval-carbo2022-family-cutoff-0-kaiju-excl-human-norm,rna-pathogen-20261009-source-carbo2022-supp,"Supplementary Table 1 sheet 'Suppl table 1-Family', A26 ('#')",2,evaluation_attribute
rna-pathogen-20261009-eval-carbo2022-family-cutoff-0-kaiju-incl-human,rna-pathogen-20261009-source-carbo2022-supp,"Supplementary Table 1 sheet 'Suppl table 1-Family', A6 ('#')",2,evaluation_attribute
rna-pathogen-20261009-eval-carbo2022-family-cutoff-0-kraken2-excl-human,rna-pathogen-20261009-source-carbo2022-supp,"Supplementary Table 1 sheet 'Suppl table 1-Family', A20 ('#')",4,evaluation_attribute
rna-pathogen-20261009-eval-carbo2022-family-cutoff-0-kraken2-excl-human-norm,rna-pathogen-20261009-source-carbo2022-supp,"Supplementary Table 1 sheet 'Suppl table 1-Family', A30 ('#')",4,evaluation_attribute
rna-pathogen-20261009-eval-carbo2022-family-cutoff-0-kraken2-incl-human,rna-pathogen-20261009-source-carbo2022-supp,"Supplementary Table 1 sheet 'Suppl table 1-Family', A7 ('#')",1,evaluation_attribute
rna-pathogen-20261009-eval-carbo2022-genus-cutoff-0-centrifuge-excl-human,rna-pathogen-20261009-source-carbo2022-supp,"Supplementary Table 1 sheet 'Suppl table 1-Genus', A19 ('#')",4,evaluation_attribute
rna-pathogen-20261009-eval-carbo2022-genus-cutoff-0-centrifuge-excl-human-norm,rna-pathogen-20261009-source-carbo2022-supp,"Supplementary Table 1 sheet 'Suppl table 1-Genus', A29 ('#')",3,evaluation_attribute
rna-pathogen-20261009-eval-carbo2022-genus-cutoff-0-centrifuge-incl-human,rna-pathogen-20261009-source-carbo2022-supp,"Supplementary Table 1 sheet 'Suppl table 1-Genus', A7 ('#')",5,evaluation_attribute
rna-pathogen-20261009-eval-carbo2022-genus-cutoff-0-clark-excl-human,rna-pathogen-20261009-source-carbo2022-supp,"Supplementary Table 1 sheet 'Suppl table 1-Genus', A20 ('#')",5,evaluation_attribute
rna-pathogen-20261009-eval-carbo2022-genus-cutoff-0-clark-excl-human-norm,rna-pathogen-20261009-source-carbo2022-supp,"Supplementary Table 1 sheet 'Suppl table 1-Genus', A30 ('#')",5,evaluation_attribute
rna-pathogen-20261009-eval-carbo2022-genus-cutoff-0-clark-incl-human,rna-pathogen-20261009-source-carbo2022-supp,"Supplementary Table 1 sheet 'Suppl table 1-Genus', A10 ('#')",4,evaluation_attribute
rna-pathogen-20261009-eval-carbo2022-genus-cutoff-0-genome-detective-excl-human,rna-pathogen-20261009-source-carbo2022-supp,"Supplementary Table 1 sheet 'Suppl table 1-Genus', A18 ('#')",3,evaluation_attribute
rna-pathogen-20261009-eval-carbo2022-genus-cutoff-0-genome-detective-excl-human-norm,rna-pathogen-20261009-source-carbo2022-supp,"Supplementary Table 1 sheet 'Suppl table 1-Genus', A28 ('#')",4,evaluation_attribute
rna-pathogen-20261009-eval-carbo2022-genus-cutoff-0-genome-detective-incl-human,rna-pathogen-20261009-source-carbo2022-supp,"Supplementary Table 1 sheet 'Suppl table 1-Genus', A9 ('#')",3,evaluation_attribute
rna-pathogen-20261009-eval-carbo2022-genus-cutoff-0-kaiju-excl-human,rna-pathogen-20261009-source-carbo2022-supp,"Supplementary Table 1 sheet 'Suppl table 1-Genus', A17 ('#')",1,evaluation_attribute
rna-pathogen-20261009-eval-carbo2022-genus-cutoff-0-kaiju-excl-human-norm,rna-pathogen-20261009-source-carbo2022-supp,"Supplementary Table 1 sheet 'Suppl table 1-Genus', A27 ('#')",1,evaluation_attribute
rna-pathogen-20261009-eval-carbo2022-genus-cutoff-0-kaiju-incl-human,rna-pathogen-20261009-source-carbo2022-supp,"Supplementary Table 1 sheet 'Suppl table 1-Genus', A8 ('#')",1,evaluation_attribute
rna-pathogen-20261009-eval-carbo2022-genus-cutoff-0-kraken2-excl-human,rna-pathogen-20261009-source-carbo2022-supp,"Supplementary Table 1 sheet 'Suppl table 1-Genus', A16 ('#')",2,evaluation_attribute
rna-pathogen-20261009-eval-carbo2022-genus-cutoff-0-kraken2-excl-human-norm,rna-pathogen-20261009-source-carbo2022-supp,"Supplementary Table 1 sheet 'Suppl table 1-Genus', A26 ('#')",2,evaluation_attribute
rna-pathogen-20261009-eval-carbo2022-genus-cutoff-0-kraken2-incl-human,rna-pathogen-20261009-source-carbo2022-supp,"Supplementary Table 1 sheet 'Suppl table 1-Genus', A6 ('#')",2,evaluation_attribute
rna-pathogen-20261009-eval-carbo2022-species-cutoff-0-centrifuge-excl-human,rna-pathogen-20261009-source-carbo2022-supp,"Supplementary Table 1 sheet 'Suppl table 1-Species', A21 ('#')",3,evaluation_attribute
rna-pathogen-20261009-eval-carbo2022-species-cutoff-0-centrifuge-excl-human-norm,rna-pathogen-20261009-source-carbo2022-supp,"Supplementary Table 1 sheet 'Suppl table 1-Species', A31 ('#')",3,evaluation_attribute
rna-pathogen-20261009-eval-carbo2022-species-cutoff-0-centrifuge-incl-human,rna-pathogen-20261009-source-carbo2022-supp,"Supplementary Table 1 sheet 'Suppl table 1-Species', A12 ('#')",5,evaluation_attribute
rna-pathogen-20261009-eval-carbo2022-species-cutoff-0-clark-excl-human,rna-pathogen-20261009-source-carbo2022-supp,"Supplementary Table 1 sheet 'Suppl table 1-Species', A19 ('#')",5,evaluation_attribute
rna-pathogen-20261009-eval-carbo2022-species-cutoff-0-clark-excl-human-norm,rna-pathogen-20261009-source-carbo2022-supp,"Supplementary Table 1 sheet 'Suppl table 1-Species', A29 ('#')",5,evaluation_attribute
rna-pathogen-20261009-eval-carbo2022-species-cutoff-0-clark-incl-human,rna-pathogen-20261009-source-carbo2022-supp,"Supplementary Table 1 sheet 'Suppl table 1-Species', A9 ('#')",2,evaluation_attribute
rna-pathogen-20261009-eval-carbo2022-species-cutoff-0-genome-detective-excl-human,rna-pathogen-20261009-source-carbo2022-supp,"Supplementary Table 1 sheet 'Suppl table 1-Species', A20 ('#')",2,evaluation_attribute
rna-pathogen-20261009-eval-carbo2022-species-cutoff-0-genome-detective-excl-human-norm,rna-pathogen-20261009-source-carbo2022-supp,"Supplementary Table 1 sheet 'Suppl table 1-Species', A30 ('#')",2,evaluation_attribute
rna-pathogen-20261009-eval-carbo2022-species-cutoff-0-genome-detective-incl-human,rna-pathogen-20261009-source-carbo2022-supp,"Supplementary Table 1 sheet 'Suppl table 1-Species', A10 ('#')",3,evaluation_attribute
rna-pathogen-20261009-eval-carbo2022-species-cutoff-0-kaiju-excl-human,rna-pathogen-20261009-source-carbo2022-supp,"Supplementary Table 1 sheet 'Suppl table 1-Species', A23 ('#')",1,evaluation_attribute
rna-pathogen-20261009-eval-carbo2022-species-cutoff-0-kaiju-excl-human-norm,rna-pathogen-20261009-source-carbo2022-supp,"Supplementary Table 1 sheet 'Suppl table 1-Species', A33 ('#')",1,evaluation_attribute
rna-pathogen-20261009-eval-carbo2022-species-cutoff-0-kaiju-incl-human,rna-pathogen-20261009-source-carbo2022-supp,"Supplementary Table 1 sheet 'Suppl table 1-Species', A13 ('#')",1,evaluation_attribute
rna-pathogen-20261009-eval-carbo2022-species-cutoff-0-kraken2-excl-human,rna-pathogen-20261009-source-carbo2022-supp,"Supplementary Table 1 sheet 'Suppl table 1-Species', A22 ('#')",4,evaluation_attribute
rna-pathogen-20261009-eval-carbo2022-species-cutoff-0-kraken2-excl-human-norm,rna-pathogen-20261009-source-carbo2022-supp,"Supplementary Table 1 sheet 'Suppl table 1-Species', A32 ('#')",4,evaluation_attribute
rna-pathogen-20261009-eval-carbo2022-species-cutoff-0-kraken2-incl-human,rna-pathogen-20261009-source-carbo2022-supp,"Supplementary Table 1 sheet 'Suppl table 1-Species', A11 ('#')",4,evaluation_attribute
rna-pathogen-20261009-eval-carbo2022-species-cutoff-10-centrifuge-excl-human,rna-pathogen-20261009-source-carbo2022-supp,"Supplementary Table 1 sheet 'Suppl table 1-Species', P23 ('#')",1,evaluation_attribute
rna-pathogen-20261009-eval-carbo2022-species-cutoff-10-centrifuge-excl-human-norm,rna-pathogen-20261009-source-carbo2022-supp,"Supplementary Table 1 sheet 'Suppl table 1-Species', P31 ('#')",3,evaluation_attribute
rna-pathogen-20261009-eval-carbo2022-species-cutoff-10-centrifuge-incl-human,rna-pathogen-20261009-source-carbo2022-supp,"Supplementary Table 1 sheet 'Suppl table 1-Species', P10 ('#')",2,evaluation_attribute
rna-pathogen-20261009-eval-carbo2022-species-cutoff-10-clark-excl-human,rna-pathogen-20261009-source-carbo2022-supp,"Supplementary Table 1 sheet 'Suppl table 1-Species', P19 ('#')",5,evaluation_attribute
rna-pathogen-20261009-eval-carbo2022-species-cutoff-10-clark-excl-human-norm,rna-pathogen-20261009-source-carbo2022-supp,"Supplementary Table 1 sheet 'Suppl table 1-Species', P29 ('#')",5,evaluation_attribute
rna-pathogen-20261009-eval-carbo2022-species-cutoff-10-clark-incl-human,rna-pathogen-20261009-source-carbo2022-supp,"Supplementary Table 1 sheet 'Suppl table 1-Species', P11 ('#')",5,evaluation_attribute
rna-pathogen-20261009-eval-carbo2022-species-cutoff-10-genome-detective-excl-human,rna-pathogen-20261009-source-carbo2022-supp,"Supplementary Table 1 sheet 'Suppl table 1-Species', P21 ('#')",3,evaluation_attribute
rna-pathogen-20261009-eval-carbo2022-species-cutoff-10-genome-detective-excl-human-norm,rna-pathogen-20261009-source-carbo2022-supp,"Supplementary Table 1 sheet 'Suppl table 1-Species', P33 ('#')",1,evaluation_attribute
rna-pathogen-20261009-eval-carbo2022-species-cutoff-10-genome-detective-incl-human,rna-pathogen-20261009-source-carbo2022-supp,"Supplementary Table 1 sheet 'Suppl table 1-Species', P13 ('#')",3,evaluation_attribute
rna-pathogen-20261009-eval-carbo2022-species-cutoff-10-kaiju-excl-human,rna-pathogen-20261009-source-carbo2022-supp,"Supplementary Table 1 sheet 'Suppl table 1-Species', P22 ('#')",4,evaluation_attribute
rna-pathogen-20261009-eval-carbo2022-species-cutoff-10-kaiju-excl-human-norm,rna-pathogen-20261009-source-carbo2022-supp,"Supplementary Table 1 sheet 'Suppl table 1-Species', P30 ('#')",2,evaluation_attribute
rna-pathogen-20261009-eval-carbo2022-species-cutoff-10-kaiju-incl-human,rna-pathogen-20261009-source-carbo2022-supp,"Supplementary Table 1 sheet 'Suppl table 1-Species', P9 ('#')",4,evaluation_attribute
rna-pathogen-20261009-eval-carbo2022-species-cutoff-10-kraken2-excl-human,rna-pathogen-20261009-source-carbo2022-supp,"Supplementary Table 1 sheet 'Suppl table 1-Species', P20 ('#')",2,evaluation_attribute
rna-pathogen-20261009-eval-carbo2022-species-cutoff-10-kraken2-excl-human-norm,rna-pathogen-20261009-source-carbo2022-supp,"Supplementary Table 1 sheet 'Suppl table 1-Species', P32 ('#')",4,evaluation_attribute
rna-pathogen-20261009-eval-carbo2022-species-cutoff-10-kraken2-incl-human,rna-pathogen-20261009-source-carbo2022-supp,"Supplementary Table 1 sheet 'Suppl table 1-Species', P12 ('#')",1,evaluation_attribute
rna-pathogen-20261009-eval-meyer2022-bracken-v2-2,rna-pathogen-20261009-source-meyer2022-supp,"Supplementary Table 39 cell D3, row 'Bracken v2.2', column 'Reproducibility'",Manually curated,evaluation_attribute
rna-pathogen-20261009-eval-meyer2022-bracken-v2-5,rna-pathogen-20261009-source-meyer2022-supp,"Supplementary Table 39 cell D4, row 'Bracken v2.5', column 'Reproducibility'",Manually curated,evaluation_attribute
rna-pathogen-20261009-eval-meyer2022-ccmetagen-v1-1-3,rna-pathogen-20261009-source-meyer2022-supp,"Supplementary Table 39 cell D12, row 'CCMetagen v1.1.3', column 'Reproducibility'",Manually curated,evaluation_attribute
rna-pathogen-20261009-eval-meyer2022-lshvec,rna-pathogen-20261009-source-meyer2022-supp,"Supplementary Table 39 cell D5, row 'LSHVec', column 'Reproducibility'",Manually curated,evaluation_attribute
rna-pathogen-20261009-eval-meyer2022-metaphlan-v2-2-0,rna-pathogen-20261009-source-meyer2022-supp,"Supplementary Table 39 cell D6, row 'MetaPhlAn v2.2.0', column 'Reproducibility'",Manually curated,evaluation_attribute
rna-pathogen-20261009-eval-meyer2022-metaphlan-v2-9-14,rna-pathogen-20261009-source-meyer2022-supp,"Supplementary Table 39 cell D7, row 'MetaPhlAn v2.9.14', column 'Reproducibility'",Manually curated,evaluation_attribute
rna-pathogen-20261009-eval-meyer2022-metaphyler-v1-25,rna-pathogen-20261009-source-meyer2022-supp,"Supplementary Table 39 cell D8, row 'MetaPhyler v1.25', column 'Reproducibility'",Manually curated,evaluation_attribute
rna-pathogen-20261009-eval-meyer2022-nssac-assembly,rna-pathogen-20261009-source-meyer2022-supp,"Supplementary Table 39 cell D10, row 'NSSAC (assembly)', column 'Reproducibility'",Not specified,evaluation_attribute
rna-pathogen-20261009-eval-meyer2022-nssac-full-genome,rna-pathogen-20261009-source-meyer2022-supp,"Supplementary Table 39 cell D9, row 'NSSAC (full genome)', column 'Reproducibility'",Not specified,evaluation_attribute
rna-pathogen-20261009-eval-meyer2022-pathoscope-v2-0-7,rna-pathogen-20261009-source-meyer2022-supp,"Supplementary Table 39 cell D11, row 'Pathoscope v2.0.7', column 'Reproducibility'",Manually curated,evaluation_attribute
rna-pathogen-20261009-result-carbo2022-family-cutoff-0-centrifuge-excl-human-auc,rna-pathogen-20261009-source-carbo2022-supp,"Supplementary Table 1 sheet 'Suppl table 1-Family', block 'excl. human reads', cell D19, row 'Centrifuge', column 'AUC'",0.9411,result
rna-pathogen-20261009-result-carbo2022-family-cutoff-0-centrifuge-excl-human-lr-intercept,rna-pathogen-20261009-source-carbo2022-supp,"Supplementary Table 1 sheet 'Suppl table 1-Family', block 'excl. human reads', cell J19, row 'Centrifuge', column 'LR intercept'",35.5,result
rna-pathogen-20261009-result-carbo2022-family-cutoff-0-centrifuge-excl-human-lr-r2,rna-pathogen-20261009-source-carbo2022-supp,"Supplementary Table 1 sheet 'Suppl table 1-Family', block 'excl. human reads', cell K19, row 'Centrifuge', column 'LR r2, %'",34.8,result
rna-pathogen-20261009-result-carbo2022-family-cutoff-0-centrifuge-excl-human-lr-slope,rna-pathogen-20261009-source-carbo2022-supp,"Supplementary Table 1 sheet 'Suppl table 1-Family', block 'excl. human reads', cell I19, row 'Centrifuge', column 'LR slope'",-1.97,result
rna-pathogen-20261009-result-carbo2022-family-cutoff-0-centrifuge-excl-human-norm-auc,rna-pathogen-20261009-source-carbo2022-supp,"Supplementary Table 1 sheet 'Suppl table 1-Family', block 'excl. human reads and normalized', cell D29, row 'Centrifuge', column 'AUC'",0.9411,result
rna-pathogen-20261009-result-carbo2022-family-cutoff-0-centrifuge-excl-human-norm-lr-intercept,rna-pathogen-20261009-source-carbo2022-supp,"Supplementary Table 1 sheet 'Suppl table 1-Family', block 'excl. human reads and normalized', cell J29, row 'Centrifuge', column 'LR intercept'",27.3,result
rna-pathogen-20261009-result-carbo2022-family-cutoff-0-centrifuge-excl-human-norm-lr-r2,rna-pathogen-20261009-source-carbo2022-supp,"Supplementary Table 1 sheet 'Suppl table 1-Family', block 'excl. human reads and normalized', cell K29, row 'Centrifuge', column 'LR r2, %'",40.2,result
rna-pathogen-20261009-result-carbo2022-family-cutoff-0-centrifuge-excl-human-norm-lr-slope,rna-pathogen-20261009-source-carbo2022-supp,"Supplementary Table 1 sheet 'Suppl table 1-Family', block 'excl. human reads and normalized', cell I29, row 'Centrifuge', column 'LR slope'",-2.17,result
rna-pathogen-20261009-result-carbo2022-family-cutoff-0-centrifuge-excl-human-norm-npv,rna-pathogen-20261009-source-carbo2022-supp,"Supplementary Table 1 sheet 'Suppl table 1-Family', block 'excl. human reads and normalized', cell H29, row 'Centrifuge', column 'NPV (ROC)'",0.9986,result
rna-pathogen-20261009-result-carbo2022-family-cutoff-0-centrifuge-excl-human-norm-ppv,rna-pathogen-20261009-source-carbo2022-supp,"Supplementary Table 1 sheet 'Suppl table 1-Family', block 'excl. human reads and normalized', cell G29, row 'Centrifuge', column 'PPV (ROC)'",0.3538,result
rna-pathogen-20261009-result-carbo2022-family-cutoff-0-centrifuge-excl-human-norm-roc-distance,rna-pathogen-20261009-source-carbo2022-supp,"Supplementary Table 1 sheet 'Suppl table 1-Family', block 'excl. human reads and normalized', cell C29, row 'Centrifuge', column 'Informedness'",0.0688,result
rna-pathogen-20261009-result-carbo2022-family-cutoff-0-centrifuge-excl-human-norm-sensitivity,rna-pathogen-20261009-source-carbo2022-supp,"Supplementary Table 1 sheet 'Suppl table 1-Family', block 'excl. human reads and normalized', cell E29, row 'Centrifuge', column 'SN (ROC)'",0.9583,result
rna-pathogen-20261009-result-carbo2022-family-cutoff-0-centrifuge-excl-human-norm-specificity,rna-pathogen-20261009-source-carbo2022-supp,"Supplementary Table 1 sheet 'Suppl table 1-Family', block 'excl. human reads and normalized', cell F29, row 'Centrifuge', column 'SL (ROC)'",0.9453,result
rna-pathogen-20261009-result-carbo2022-family-cutoff-0-centrifuge-excl-human-norm-taxa,rna-pathogen-20261009-source-carbo2022-supp,"Supplementary Table 1 sheet 'Suppl table 1-Family', block 'excl. human reads and normalized', cell L29, row 'Centrifuge', column 'Taxa'",5,result
rna-pathogen-20261009-result-carbo2022-family-cutoff-0-centrifuge-excl-human-norm-taxa-with-reads,rna-pathogen-20261009-source-carbo2022-supp,"Supplementary Table 1 sheet 'Suppl table 1-Family', block 'excl. human reads and normalized', cell M29, row 'Centrifuge', column 'Taxa with reads >0'",5,result
rna-pathogen-20261009-result-carbo2022-family-cutoff-0-centrifuge-excl-human-npv,rna-pathogen-20261009-source-carbo2022-supp,"Supplementary Table 1 sheet 'Suppl table 1-Family', block 'excl. human reads', cell H19, row 'Centrifuge', column 'NPV (ROC)'",0.9986,result
rna-pathogen-20261009-result-carbo2022-family-cutoff-0-centrifuge-excl-human-ppv,rna-pathogen-20261009-source-carbo2022-supp,"Supplementary Table 1 sheet 'Suppl table 1-Family', block 'excl. human reads', cell G19, row 'Centrifuge', column 'PPV (ROC)'",0.3538,result
rna-pathogen-20261009-result-carbo2022-family-cutoff-0-centrifuge-excl-human-roc-distance,rna-pathogen-20261009-source-carbo2022-supp,"Supplementary Table 1 sheet 'Suppl table 1-Family', block 'excl. human reads', cell C19, row 'Centrifuge', column 'Informedness'",0.0688,result
rna-pathogen-20261009-result-carbo2022-family-cutoff-0-centrifuge-excl-human-sensitivity,rna-pathogen-20261009-source-carbo2022-supp,"Supplementary Table 1 sheet 'Suppl table 1-Family', block 'excl. human reads', cell E19, row 'Centrifuge', column 'SN (ROC)'",0.9583,result
rna-pathogen-20261009-result-carbo2022-family-cutoff-0-centrifuge-excl-human-specificity,rna-pathogen-20261009-source-carbo2022-supp,"Supplementary Table 1 sheet 'Suppl table 1-Family', block 'excl. human reads', cell F19, row 'Centrifuge', column 'SL (ROC)'",0.9453,result
rna-pathogen-20261009-result-carbo2022-family-cutoff-0-centrifuge-excl-human-taxa,rna-pathogen-20261009-source-carbo2022-supp,"Supplementary Table 1 sheet 'Suppl table 1-Family', block 'excl. human reads', cell L19, row 'Centrifuge', column 'Taxa'",5,result
rna-pathogen-20261009-result-carbo2022-family-cutoff-0-centrifuge-excl-human-taxa-with-reads,rna-pathogen-20261009-source-carbo2022-supp,"Supplementary Table 1 sheet 'Suppl table 1-Family', block 'excl. human reads', cell M19, row 'Centrifuge', column 'Taxa with reads >0'",5,result
rna-pathogen-20261009-result-carbo2022-family-cutoff-0-centrifuge-incl-human-auc,rna-pathogen-20261009-source-carbo2022-supp,"Supplementary Table 1 sheet 'Suppl table 1-Family', block 'incl. human reads', cell D8, row 'Centrifuge', column 'AUC'",0.9692,result
rna-pathogen-20261009-result-carbo2022-family-cutoff-0-centrifuge-incl-human-lr-intercept,rna-pathogen-20261009-source-carbo2022-supp,"Supplementary Table 1 sheet 'Suppl table 1-Family', block 'incl. human reads', cell J8, row 'Centrifuge', column 'LR intercept'",38.8,result
rna-pathogen-20261009-result-carbo2022-family-cutoff-0-centrifuge-incl-human-lr-r2,rna-pathogen-20261009-source-carbo2022-supp,"Supplementary Table 1 sheet 'Suppl table 1-Family', block 'incl. human reads', cell K8, row 'Centrifuge', column 'LR r2, %'",50.5,result
rna-pathogen-20261009-result-carbo2022-family-cutoff-0-centrifuge-incl-human-lr-slope,rna-pathogen-20261009-source-carbo2022-supp,"Supplementary Table 1 sheet 'Suppl table 1-Family', block 'incl. human reads', cell I8, row 'Centrifuge', column 'LR slope'",-2.7,result
rna-pathogen-20261009-result-carbo2022-family-cutoff-0-centrifuge-incl-human-npv,rna-pathogen-20261009-source-carbo2022-supp,"Supplementary Table 1 sheet 'Suppl table 1-Family', block 'incl. human reads', cell H8, row 'Centrifuge', column 'NPV (ROC)'",0.9973,result
rna-pathogen-20261009-result-carbo2022-family-cutoff-0-centrifuge-incl-human-ppv,rna-pathogen-20261009-source-carbo2022-supp,"Supplementary Table 1 sheet 'Suppl table 1-Family', block 'incl. human reads', cell G8, row 'Centrifuge', column 'PPV (ROC)'",0.3607,result
rna-pathogen-20261009-result-carbo2022-family-cutoff-0-centrifuge-incl-human-roc-distance,rna-pathogen-20261009-source-carbo2022-supp,"Supplementary Table 1 sheet 'Suppl table 1-Family', block 'incl. human reads', cell C8, row 'Centrifuge', column 'Informedness'",0.0976,result
rna-pathogen-20261009-result-carbo2022-family-cutoff-0-centrifuge-incl-human-sensitivity,rna-pathogen-20261009-source-carbo2022-supp,"Supplementary Table 1 sheet 'Suppl table 1-Family', block 'incl. human reads', cell E8, row 'Centrifuge', column 'SN (ROC)'",0.9167,result
rna-pathogen-20261009-result-carbo2022-family-cutoff-0-centrifuge-incl-human-specificity,rna-pathogen-20261009-source-carbo2022-supp,"Supplementary Table 1 sheet 'Suppl table 1-Family', block 'incl. human reads', cell F8, row 'Centrifuge', column 'SL (ROC)'",0.9492,result
rna-pathogen-20261009-result-carbo2022-family-cutoff-0-centrifuge-incl-human-taxa,rna-pathogen-20261009-source-carbo2022-supp,"Supplementary Table 1 sheet 'Suppl table 1-Family', block 'incl. human reads', cell L8, row 'Centrifuge', column 'Taxa'",5,result
rna-pathogen-20261009-result-carbo2022-family-cutoff-0-centrifuge-incl-human-taxa-with-reads,rna-pathogen-20261009-source-carbo2022-supp,"Supplementary Table 1 sheet 'Suppl table 1-Family', block 'incl. human reads', cell M8, row 'Centrifuge', column 'Taxa with reads >0'",5,result
rna-pathogen-20261009-result-carbo2022-family-cutoff-0-clark-excl-human-auc,rna-pathogen-20261009-source-carbo2022-supp,"Supplementary Table 1 sheet 'Suppl table 1-Family', block 'excl. human reads', cell D18, row 'CLARK', column 'AUC'",0.9526,result
rna-pathogen-20261009-result-carbo2022-family-cutoff-0-clark-excl-human-lr-intercept,rna-pathogen-20261009-source-carbo2022-supp,"Supplementary Table 1 sheet 'Suppl table 1-Family', block 'excl. human reads', cell J18, row 'CLARK', column 'LR intercept'",37.3,result
rna-pathogen-20261009-result-carbo2022-family-cutoff-0-clark-excl-human-lr-r2,rna-pathogen-20261009-source-carbo2022-supp,"Supplementary Table 1 sheet 'Suppl table 1-Family', block 'excl. human reads', cell K18, row 'CLARK', column 'LR r2, %'",44.4,result
rna-pathogen-20261009-result-carbo2022-family-cutoff-0-clark-excl-human-lr-slope,rna-pathogen-20261009-source-carbo2022-supp,"Supplementary Table 1 sheet 'Suppl table 1-Family', block 'excl. human reads', cell I18, row 'CLARK', column 'LR slope'",-2.45,result
rna-pathogen-20261009-result-carbo2022-family-cutoff-0-clark-excl-human-norm-auc,rna-pathogen-20261009-source-carbo2022-supp,"Supplementary Table 1 sheet 'Suppl table 1-Family', block 'excl. human reads and normalized', cell D28, row 'CLARK', column 'AUC'",0.9527,result
rna-pathogen-20261009-result-carbo2022-family-cutoff-0-clark-excl-human-norm-lr-intercept,rna-pathogen-20261009-source-carbo2022-supp,"Supplementary Table 1 sheet 'Suppl table 1-Family', block 'excl. human reads and normalized', cell J28, row 'CLARK', column 'LR intercept'",27.2,result
rna-pathogen-20261009-result-carbo2022-family-cutoff-0-clark-excl-human-norm-lr-r2,rna-pathogen-20261009-source-carbo2022-supp,"Supplementary Table 1 sheet 'Suppl table 1-Family', block 'excl. human reads and normalized', cell K28, row 'CLARK', column 'LR r2, %'",48.5,result
rna-pathogen-20261009-result-carbo2022-family-cutoff-0-clark-excl-human-norm-lr-slope,rna-pathogen-20261009-source-carbo2022-supp,"Supplementary Table 1 sheet 'Suppl table 1-Family', block 'excl. human reads and normalized', cell I28, row 'CLARK', column 'LR slope'",-2.67,result
rna-pathogen-20261009-result-carbo2022-family-cutoff-0-clark-excl-human-norm-npv,rna-pathogen-20261009-source-carbo2022-supp,"Supplementary Table 1 sheet 'Suppl table 1-Family', block 'excl. human reads and normalized', cell H28, row 'CLARK', column 'NPV (ROC)'",0.9986,result
rna-pathogen-20261009-result-carbo2022-family-cutoff-0-clark-excl-human-norm-ppv,rna-pathogen-20261009-source-carbo2022-supp,"Supplementary Table 1 sheet 'Suppl table 1-Family', block 'excl. human reads and normalized', cell G28, row 'CLARK', column 'PPV (ROC)'",0.3108,result
rna-pathogen-20261009-result-carbo2022-family-cutoff-0-clark-excl-human-norm-roc-distance,rna-pathogen-20261009-source-carbo2022-supp,"Supplementary Table 1 sheet 'Suppl table 1-Family', block 'excl. human reads and normalized', cell C28, row 'CLARK', column 'Informedness'",0.0784,result
rna-pathogen-20261009-result-carbo2022-family-cutoff-0-clark-excl-human-norm-sensitivity,rna-pathogen-20261009-source-carbo2022-supp,"Supplementary Table 1 sheet 'Suppl table 1-Family', block 'excl. human reads and normalized', cell E28, row 'CLARK', column 'SN (ROC)'",0.9583,result
rna-pathogen-20261009-result-carbo2022-family-cutoff-0-clark-excl-human-norm-specificity,rna-pathogen-20261009-source-carbo2022-supp,"Supplementary Table 1 sheet 'Suppl table 1-Family', block 'excl. human reads and normalized', cell F28, row 'CLARK', column 'SL (ROC)'",0.9336,result
rna-pathogen-20261009-result-carbo2022-family-cutoff-0-clark-excl-human-norm-taxa,rna-pathogen-20261009-source-carbo2022-supp,"Supplementary Table 1 sheet 'Suppl table 1-Family', block 'excl. human reads and normalized', cell L28, row 'CLARK', column 'Taxa'",5,result
rna-pathogen-20261009-result-carbo2022-family-cutoff-0-clark-excl-human-norm-taxa-with-reads,rna-pathogen-20261009-source-carbo2022-supp,"Supplementary Table 1 sheet 'Suppl table 1-Family', block 'excl. human reads and normalized', cell M28, row 'CLARK', column 'Taxa with reads >0'",5,result
rna-pathogen-20261009-result-carbo2022-family-cutoff-0-clark-excl-human-npv,rna-pathogen-20261009-source-carbo2022-supp,"Supplementary Table 1 sheet 'Suppl table 1-Family', block 'excl. human reads', cell H18, row 'CLARK', column 'NPV (ROC)'",10000,result
rna-pathogen-20261009-result-carbo2022-family-cutoff-0-clark-excl-human-ppv,rna-pathogen-20261009-source-carbo2022-supp,"Supplementary Table 1 sheet 'Suppl table 1-Family', block 'excl. human reads', cell G18, row 'CLARK', column 'PPV (ROC)'",0.2892,result
rna-pathogen-20261009-result-carbo2022-family-cutoff-0-clark-excl-human-roc-distance,rna-pathogen-20261009-source-carbo2022-supp,"Supplementary Table 1 sheet 'Suppl table 1-Family', block 'excl. human reads', cell C18, row 'CLARK', column 'Informedness'",0.0768,result
rna-pathogen-20261009-result-carbo2022-family-cutoff-0-clark-excl-human-sensitivity,rna-pathogen-20261009-source-carbo2022-supp,"Supplementary Table 1 sheet 'Suppl table 1-Family', block 'excl. human reads', cell E18, row 'CLARK', column 'SN (ROC)'",10000,result
rna-pathogen-20261009-result-carbo2022-family-cutoff-0-clark-excl-human-specificity,rna-pathogen-20261009-source-carbo2022-supp,"Supplementary Table 1 sheet 'Suppl table 1-Family', block 'excl. human reads', cell F18, row 'CLARK', column 'SL (ROC)'",0.9232,result
rna-pathogen-20261009-result-carbo2022-family-cutoff-0-clark-excl-human-taxa,rna-pathogen-20261009-source-carbo2022-supp,"Supplementary Table 1 sheet 'Suppl table 1-Family', block 'excl. human reads', cell L18, row 'CLARK', column 'Taxa'",5,result
rna-pathogen-20261009-result-carbo2022-family-cutoff-0-clark-excl-human-taxa-with-reads,rna-pathogen-20261009-source-carbo2022-supp,"Supplementary Table 1 sheet 'Suppl table 1-Family', block 'excl. human reads', cell M18, row 'CLARK', column 'Taxa with reads >0'",5,result
rna-pathogen-20261009-result-carbo2022-family-cutoff-0-clark-incl-human-auc,rna-pathogen-20261009-source-carbo2022-supp,"Supplementary Table 1 sheet 'Suppl table 1-Family', block 'incl. human reads', cell D9, row 'CLARK', column 'AUC'",0.9631,result
rna-pathogen-20261009-result-carbo2022-family-cutoff-0-clark-incl-human-lr-intercept,rna-pathogen-20261009-source-carbo2022-supp,"Supplementary Table 1 sheet 'Suppl table 1-Family', block 'incl. human reads', cell J9, row 'CLARK', column 'LR intercept'",39.3,result
rna-pathogen-20261009-result-carbo2022-family-cutoff-0-clark-incl-human-lr-r2,rna-pathogen-20261009-source-carbo2022-supp,"Supplementary Table 1 sheet 'Suppl table 1-Family', block 'incl. human reads', cell K9, row 'CLARK', column 'LR r2, %'",36.6,result
rna-pathogen-20261009-result-carbo2022-family-cutoff-0-clark-incl-human-lr-slope,rna-pathogen-20261009-source-carbo2022-supp,"Supplementary Table 1 sheet 'Suppl table 1-Family', block 'incl. human reads', cell I9, row 'CLARK', column 'LR slope'",-2.73,result
rna-pathogen-20261009-result-carbo2022-family-cutoff-0-clark-incl-human-npv,rna-pathogen-20261009-source-carbo2022-supp,"Supplementary Table 1 sheet 'Suppl table 1-Family', block 'incl. human reads', cell H9, row 'CLARK', column 'NPV (ROC)'",0.9971,result
rna-pathogen-20261009-result-carbo2022-family-cutoff-0-clark-incl-human-ppv,rna-pathogen-20261009-source-carbo2022-supp,"Supplementary Table 1 sheet 'Suppl table 1-Family', block 'incl. human reads', cell G9, row 'CLARK', column 'PPV (ROC)'",0.2292,result
rna-pathogen-20261009-result-carbo2022-family-cutoff-0-clark-incl-human-roc-distance,rna-pathogen-20261009-source-carbo2022-supp,"Supplementary Table 1 sheet 'Suppl table 1-Family', block 'incl. human reads', cell C9, row 'CLARK', column 'Informedness'",0.1274,result
rna-pathogen-20261009-result-carbo2022-family-cutoff-0-clark-incl-human-sensitivity,rna-pathogen-20261009-source-carbo2022-supp,"Supplementary Table 1 sheet 'Suppl table 1-Family', block 'incl. human reads', cell E9, row 'CLARK', column 'SN (ROC)'",0.9167,result
rna-pathogen-20261009-result-carbo2022-family-cutoff-0-clark-incl-human-specificity,rna-pathogen-20261009-source-carbo2022-supp,"Supplementary Table 1 sheet 'Suppl table 1-Family', block 'incl. human reads', cell F9, row 'CLARK', column 'SL (ROC)'",0.9036,result
rna-pathogen-20261009-result-carbo2022-family-cutoff-0-clark-incl-human-taxa,rna-pathogen-20261009-source-carbo2022-supp,"Supplementary Table 1 sheet 'Suppl table 1-Family', block 'incl. human reads', cell L9, row 'CLARK', column 'Taxa'",5,result
rna-pathogen-20261009-result-carbo2022-family-cutoff-0-clark-incl-human-taxa-with-reads,rna-pathogen-20261009-source-carbo2022-supp,"Supplementary Table 1 sheet 'Suppl table 1-Family', block 'incl. human reads', cell M9, row 'CLARK', column 'Taxa with reads >0'",5,result
rna-pathogen-20261009-result-carbo2022-family-cutoff-0-genome-detective-excl-human-auc,rna-pathogen-20261009-source-carbo2022-supp,"Supplementary Table 1 sheet 'Suppl table 1-Family', block 'excl. human reads', cell D17, row 'GD', column 'AUC'",0.9612,result
rna-pathogen-20261009-result-carbo2022-family-cutoff-0-genome-detective-excl-human-lr-intercept,rna-pathogen-20261009-source-carbo2022-supp,"Supplementary Table 1 sheet 'Suppl table 1-Family', block 'excl. human reads', cell J17, row 'GD', column 'LR intercept'",38,result
rna-pathogen-20261009-result-carbo2022-family-cutoff-0-genome-detective-excl-human-lr-r2,rna-pathogen-20261009-source-carbo2022-supp,"Supplementary Table 1 sheet 'Suppl table 1-Family', block 'excl. human reads', cell K17, row 'GD', column 'LR r2, %'",43.4,result
rna-pathogen-20261009-result-carbo2022-family-cutoff-0-genome-detective-excl-human-lr-slope,rna-pathogen-20261009-source-carbo2022-supp,"Supplementary Table 1 sheet 'Suppl table 1-Family', block 'excl. human reads', cell I17, row 'GD', column 'LR slope'",-2.17,result
rna-pathogen-20261009-result-carbo2022-family-cutoff-0-genome-detective-excl-human-norm-auc,rna-pathogen-20261009-source-carbo2022-supp,"Supplementary Table 1 sheet 'Suppl table 1-Family', block 'excl. human reads and normalized', cell D27, row 'GD', column 'AUC'",0.9612,result
rna-pathogen-20261009-result-carbo2022-family-cutoff-0-genome-detective-excl-human-norm-lr-intercept,rna-pathogen-20261009-source-carbo2022-supp,"Supplementary Table 1 sheet 'Suppl table 1-Family', block 'excl. human reads and normalized', cell J27, row 'GD', column 'LR intercept'",29.2,result
rna-pathogen-20261009-result-carbo2022-family-cutoff-0-genome-detective-excl-human-norm-lr-r2,rna-pathogen-20261009-source-carbo2022-supp,"Supplementary Table 1 sheet 'Suppl table 1-Family', block 'excl. human reads and normalized', cell K27, row 'GD', column 'LR r2, %'",45.1,result
rna-pathogen-20261009-result-carbo2022-family-cutoff-0-genome-detective-excl-human-norm-lr-slope,rna-pathogen-20261009-source-carbo2022-supp,"Supplementary Table 1 sheet 'Suppl table 1-Family', block 'excl. human reads and normalized', cell I27, row 'GD', column 'LR slope'",-2.23,result
rna-pathogen-20261009-result-carbo2022-family-cutoff-0-genome-detective-excl-human-norm-npv,rna-pathogen-20261009-source-carbo2022-supp,"Supplementary Table 1 sheet 'Suppl table 1-Family', block 'excl. human reads and normalized', cell H27, row 'GD', column 'NPV (ROC)'",0.9987,result
rna-pathogen-20261009-result-carbo2022-family-cutoff-0-genome-detective-excl-human-norm-ppv,rna-pathogen-20261009-source-carbo2022-supp,"Supplementary Table 1 sheet 'Suppl table 1-Family', block 'excl. human reads and normalized', cell G27, row 'GD', column 'PPV (ROC)'",0.4694,result
rna-pathogen-20261009-result-carbo2022-family-cutoff-0-genome-detective-excl-human-norm-roc-distance,rna-pathogen-20261009-source-carbo2022-supp,"Supplementary Table 1 sheet 'Suppl table 1-Family', block 'excl. human reads and normalized', cell C27, row 'GD', column 'Informedness'",0.0537,result
rna-pathogen-20261009-result-carbo2022-family-cutoff-0-genome-detective-excl-human-norm-sensitivity,rna-pathogen-20261009-source-carbo2022-supp,"Supplementary Table 1 sheet 'Suppl table 1-Family', block 'excl. human reads and normalized', cell E27, row 'GD', column 'SN (ROC)'",0.9583,result
rna-pathogen-20261009-result-carbo2022-family-cutoff-0-genome-detective-excl-human-norm-specificity,rna-pathogen-20261009-source-carbo2022-supp,"Supplementary Table 1 sheet 'Suppl table 1-Family', block 'excl. human reads and normalized', cell F27, row 'GD', column 'SL (ROC)'",0.9661,result
rna-pathogen-20261009-result-carbo2022-family-cutoff-0-genome-detective-excl-human-norm-taxa,rna-pathogen-20261009-source-carbo2022-supp,"Supplementary Table 1 sheet 'Suppl table 1-Family', block 'excl. human reads and normalized', cell L27, row 'GD', column 'Taxa'",5,result
rna-pathogen-20261009-result-carbo2022-family-cutoff-0-genome-detective-excl-human-norm-taxa-with-reads,rna-pathogen-20261009-source-carbo2022-supp,"Supplementary Table 1 sheet 'Suppl table 1-Family', block 'excl. human reads and normalized', cell M27, row 'GD', column 'Taxa with reads >0'",5,result
rna-pathogen-20261009-result-carbo2022-family-cutoff-0-genome-detective-excl-human-npv,rna-pathogen-20261009-source-carbo2022-supp,"Supplementary Table 1 sheet 'Suppl table 1-Family', block 'excl. human reads', cell H17, row 'GD', column 'NPV (ROC)'",0.9987,result
rna-pathogen-20261009-result-carbo2022-family-cutoff-0-genome-detective-excl-human-ppv,rna-pathogen-20261009-source-carbo2022-supp,"Supplementary Table 1 sheet 'Suppl table 1-Family', block 'excl. human reads', cell G17, row 'GD', column 'PPV (ROC)'",0.4694,result
rna-pathogen-20261009-result-carbo2022-family-cutoff-0-genome-detective-excl-human-roc-distance,rna-pathogen-20261009-source-carbo2022-supp,"Supplementary Table 1 sheet 'Suppl table 1-Family', block 'excl. human reads', cell C17, row 'GD', column 'Informedness'",0.0537,result
rna-pathogen-20261009-result-carbo2022-family-cutoff-0-genome-detective-excl-human-sensitivity,rna-pathogen-20261009-source-carbo2022-supp,"Supplementary Table 1 sheet 'Suppl table 1-Family', block 'excl. human reads', cell E17, row 'GD', column 'SN (ROC)'",0.9583,result
rna-pathogen-20261009-result-carbo2022-family-cutoff-0-genome-detective-excl-human-specificity,rna-pathogen-20261009-source-carbo2022-supp,"Supplementary Table 1 sheet 'Suppl table 1-Family', block 'excl. human reads', cell F17, row 'GD', column 'SL (ROC)'",0.9661,result
rna-pathogen-20261009-result-carbo2022-family-cutoff-0-genome-detective-excl-human-taxa,rna-pathogen-20261009-source-carbo2022-supp,"Supplementary Table 1 sheet 'Suppl table 1-Family', block 'excl. human reads', cell L17, row 'GD', column 'Taxa'",5,result
rna-pathogen-20261009-result-carbo2022-family-cutoff-0-genome-detective-excl-human-taxa-with-reads,rna-pathogen-20261009-source-carbo2022-supp,"Supplementary Table 1 sheet 'Suppl table 1-Family', block 'excl. human reads', cell M17, row 'GD', column 'Taxa with reads >0'",5,result
rna-pathogen-20261009-result-carbo2022-family-cutoff-0-genome-detective-incl-human-auc,rna-pathogen-20261009-source-carbo2022-supp,"Supplementary Table 1 sheet 'Suppl table 1-Family', block 'incl. human reads', cell D10, row 'GD', column 'AUC'",0.9612,result
rna-pathogen-20261009-result-carbo2022-family-cutoff-0-genome-detective-incl-human-lr-intercept,rna-pathogen-20261009-source-carbo2022-supp,"Supplementary Table 1 sheet 'Suppl table 1-Family', block 'incl. human reads', cell J10, row 'GD', column 'LR intercept'",38,result
rna-pathogen-20261009-result-carbo2022-family-cutoff-0-genome-detective-incl-human-lr-r2,rna-pathogen-20261009-source-carbo2022-supp,"Supplementary Table 1 sheet 'Suppl table 1-Family', block 'incl. human reads', cell K10, row 'GD', column 'LR r2, %'",43.4,result
rna-pathogen-20261009-result-carbo2022-family-cutoff-0-genome-detective-incl-human-lr-slope,rna-pathogen-20261009-source-carbo2022-supp,"Supplementary Table 1 sheet 'Suppl table 1-Family', block 'incl. human reads', cell I10, row 'GD', column 'LR slope'",-2.17,result
rna-pathogen-20261009-result-carbo2022-family-cutoff-0-genome-detective-incl-human-npv,rna-pathogen-20261009-source-carbo2022-supp,"Supplementary Table 1 sheet 'Suppl table 1-Family', block 'incl. human reads', cell H10, row 'GD', column 'NPV (ROC)'",0.9987,result
rna-pathogen-20261009-result-carbo2022-family-cutoff-0-genome-detective-incl-human-ppv,rna-pathogen-20261009-source-carbo2022-supp,"Supplementary Table 1 sheet 'Suppl table 1-Family', block 'incl. human reads', cell G10, row 'GD', column 'PPV (ROC)'",0.4694,result
rna-pathogen-20261009-result-carbo2022-family-cutoff-0-genome-detective-incl-human-roc-distance,rna-pathogen-20261009-source-carbo2022-supp,"Supplementary Table 1 sheet 'Suppl table 1-Family', block 'incl. human reads', cell C10, row 'GD', column 'Informedness'",0.0537,result
rna-pathogen-20261009-result-carbo2022-family-cutoff-0-genome-detective-incl-human-sensitivity,rna-pathogen-20261009-source-carbo2022-supp,"Supplementary Table 1 sheet 'Suppl table 1-Family', block 'incl. human reads', cell E10, row 'GD', column 'SN (ROC)'",0.9583,result
rna-pathogen-20261009-result-carbo2022-family-cutoff-0-genome-detective-incl-human-specificity,rna-pathogen-20261009-source-carbo2022-supp,"Supplementary Table 1 sheet 'Suppl table 1-Family', block 'incl. human reads', cell F10, row 'GD', column 'SL (ROC)'",0.9661,result
rna-pathogen-20261009-result-carbo2022-family-cutoff-0-genome-detective-incl-human-taxa,rna-pathogen-20261009-source-carbo2022-supp,"Supplementary Table 1 sheet 'Suppl table 1-Family', block 'incl. human reads', cell L10, row 'GD', column 'Taxa'",5,result
rna-pathogen-20261009-result-carbo2022-family-cutoff-0-genome-detective-incl-human-taxa-with-reads,rna-pathogen-20261009-source-carbo2022-supp,"Supplementary Table 1 sheet 'Suppl table 1-Family', block 'incl. human reads', cell M10, row 'GD', column 'Taxa with reads >0'",5,result
rna-pathogen-20261009-result-carbo2022-family-cutoff-0-kaiju-excl-human-auc,rna-pathogen-20261009-source-carbo2022-supp,"Supplementary Table 1 sheet 'Suppl table 1-Family', block 'excl. human reads', cell D16, row 'Kaiju', column 'AUC'",0.9629,result
rna-pathogen-20261009-result-carbo2022-family-cutoff-0-kaiju-excl-human-lr-intercept,rna-pathogen-20261009-source-carbo2022-supp,"Supplementary Table 1 sheet 'Suppl table 1-Family', block 'excl. human reads', cell J16, row 'Kaiju', column 'LR intercept'",39.3,result
rna-pathogen-20261009-result-carbo2022-family-cutoff-0-kaiju-excl-human-lr-r2,rna-pathogen-20261009-source-carbo2022-supp,"Supplementary Table 1 sheet 'Suppl table 1-Family', block 'excl. human reads', cell K16, row 'Kaiju', column 'LR r2, %'",62.3,result
rna-pathogen-20261009-result-carbo2022-family-cutoff-0-kaiju-excl-human-lr-slope,rna-pathogen-20261009-source-carbo2022-supp,"Supplementary Table 1 sheet 'Suppl table 1-Family', block 'excl. human reads', cell I16, row 'Kaiju', column 'LR slope'",-2.59,result
rna-pathogen-20261009-result-carbo2022-family-cutoff-0-kaiju-excl-human-norm-auc,rna-pathogen-20261009-source-carbo2022-supp,"Supplementary Table 1 sheet 'Suppl table 1-Family', block 'excl. human reads and normalized', cell D26, row 'Kaiju', column 'AUC'",0.9629,result
rna-pathogen-20261009-result-carbo2022-family-cutoff-0-kaiju-excl-human-norm-lr-intercept,rna-pathogen-20261009-source-carbo2022-supp,"Supplementary Table 1 sheet 'Suppl table 1-Family', block 'excl. human reads and normalized', cell J26, row 'Kaiju', column 'LR intercept'",28.8,result
rna-pathogen-20261009-result-carbo2022-family-cutoff-0-kaiju-excl-human-norm-lr-r2,rna-pathogen-20261009-source-carbo2022-supp,"Supplementary Table 1 sheet 'Suppl table 1-Family', block 'excl. human reads and normalized', cell K26, row 'Kaiju', column 'LR r2, %'",63.4,result
rna-pathogen-20261009-result-carbo2022-family-cutoff-0-kaiju-excl-human-norm-lr-slope,rna-pathogen-20261009-source-carbo2022-supp,"Supplementary Table 1 sheet 'Suppl table 1-Family', block 'excl. human reads and normalized', cell I26, row 'Kaiju', column 'LR slope'",-2.64,result
rna-pathogen-20261009-result-carbo2022-family-cutoff-0-kaiju-excl-human-norm-npv,rna-pathogen-20261009-source-carbo2022-supp,"Supplementary Table 1 sheet 'Suppl table 1-Family', block 'excl. human reads and normalized', cell H26, row 'Kaiju', column 'NPV (ROC)'",10000,result
rna-pathogen-20261009-result-carbo2022-family-cutoff-0-kaiju-excl-human-norm-ppv,rna-pathogen-20261009-source-carbo2022-supp,"Supplementary Table 1 sheet 'Suppl table 1-Family', block 'excl. human reads and normalized', cell G26, row 'Kaiju', column 'PPV (ROC)'",0.3636,result
rna-pathogen-20261009-result-carbo2022-family-cutoff-0-kaiju-excl-human-norm-roc-distance,rna-pathogen-20261009-source-carbo2022-supp,"Supplementary Table 1 sheet 'Suppl table 1-Family', block 'excl. human reads and normalized', cell C26, row 'Kaiju', column 'Informedness'",0.0547,result
rna-pathogen-20261009-result-carbo2022-family-cutoff-0-kaiju-excl-human-norm-sensitivity,rna-pathogen-20261009-source-carbo2022-supp,"Supplementary Table 1 sheet 'Suppl table 1-Family', block 'excl. human reads and normalized', cell E26, row 'Kaiju', column 'SN (ROC)'",10000,result
rna-pathogen-20261009-result-carbo2022-family-cutoff-0-kaiju-excl-human-norm-specificity,rna-pathogen-20261009-source-carbo2022-supp,"Supplementary Table 1 sheet 'Suppl table 1-Family', block 'excl. human reads and normalized', cell F26, row 'Kaiju', column 'SL (ROC)'",0.9453,result
rna-pathogen-20261009-result-carbo2022-family-cutoff-0-kaiju-excl-human-norm-taxa,rna-pathogen-20261009-source-carbo2022-supp,"Supplementary Table 1 sheet 'Suppl table 1-Family', block 'excl. human reads and normalized', cell L26, row 'Kaiju', column 'Taxa'",5,result
rna-pathogen-20261009-result-carbo2022-family-cutoff-0-kaiju-excl-human-norm-taxa-with-reads,rna-pathogen-20261009-source-carbo2022-supp,"Supplementary Table 1 sheet 'Suppl table 1-Family', block 'excl. human reads and normalized', cell M26, row 'Kaiju', column 'Taxa with reads >0'",5,result
rna-pathogen-20261009-result-carbo2022-family-cutoff-0-kaiju-excl-human-npv,rna-pathogen-20261009-source-carbo2022-supp,"Supplementary Table 1 sheet 'Suppl table 1-Family', block 'excl. human reads', cell H16, row 'Kaiju', column 'NPV (ROC)'",10000,result
rna-pathogen-20261009-result-carbo2022-family-cutoff-0-kaiju-excl-human-ppv,rna-pathogen-20261009-source-carbo2022-supp,"Supplementary Table 1 sheet 'Suppl table 1-Family', block 'excl. human reads', cell G16, row 'Kaiju', column 'PPV (ROC)'",0.3692,result
rna-pathogen-20261009-result-carbo2022-family-cutoff-0-kaiju-excl-human-roc-distance,rna-pathogen-20261009-source-carbo2022-supp,"Supplementary Table 1 sheet 'Suppl table 1-Family', block 'excl. human reads', cell C16, row 'Kaiju', column 'Informedness'",0.0534,result
rna-pathogen-20261009-result-carbo2022-family-cutoff-0-kaiju-excl-human-sensitivity,rna-pathogen-20261009-source-carbo2022-supp,"Supplementary Table 1 sheet 'Suppl table 1-Family', block 'excl. human reads', cell E16, row 'Kaiju', column 'SN (ROC)'",10000,result
rna-pathogen-20261009-result-carbo2022-family-cutoff-0-kaiju-excl-human-specificity,rna-pathogen-20261009-source-carbo2022-supp,"Supplementary Table 1 sheet 'Suppl table 1-Family', block 'excl. human reads', cell F16, row 'Kaiju', column 'SL (ROC)'",0.9466,result
rna-pathogen-20261009-result-carbo2022-family-cutoff-0-kaiju-excl-human-taxa,rna-pathogen-20261009-source-carbo2022-supp,"Supplementary Table 1 sheet 'Suppl table 1-Family', block 'excl. human reads', cell L16, row 'Kaiju', column 'Taxa'",5,result
rna-pathogen-20261009-result-carbo2022-family-cutoff-0-kaiju-excl-human-taxa-with-reads,rna-pathogen-20261009-source-carbo2022-supp,"Supplementary Table 1 sheet 'Suppl table 1-Family', block 'excl. human reads', cell M16, row 'Kaiju', column 'Taxa with reads >0'",5,result
rna-pathogen-20261009-result-carbo2022-family-cutoff-0-kaiju-incl-human-auc,rna-pathogen-20261009-source-carbo2022-supp,"Supplementary Table 1 sheet 'Suppl table 1-Family', block 'incl. human reads', cell D6, row 'Kaiju', column 'AUC'",0.9807,result
rna-pathogen-20261009-result-carbo2022-family-cutoff-0-kaiju-incl-human-lr-intercept,rna-pathogen-20261009-source-carbo2022-supp,"Supplementary Table 1 sheet 'Suppl table 1-Family', block 'incl. human reads', cell J6, row 'Kaiju', column 'LR intercept'",39.7,result
rna-pathogen-20261009-result-carbo2022-family-cutoff-0-kaiju-incl-human-lr-r2,rna-pathogen-20261009-source-carbo2022-supp,"Supplementary Table 1 sheet 'Suppl table 1-Family', block 'incl. human reads', cell K6, row 'Kaiju', column 'LR r2, %'",60,result
rna-pathogen-20261009-result-carbo2022-family-cutoff-0-kaiju-incl-human-lr-slope,rna-pathogen-20261009-source-carbo2022-supp,"Supplementary Table 1 sheet 'Suppl table 1-Family', block 'incl. human reads', cell I6, row 'Kaiju', column 'LR slope'",-2.65,result
rna-pathogen-20261009-result-carbo2022-family-cutoff-0-kaiju-incl-human-npv,rna-pathogen-20261009-source-carbo2022-supp,"Supplementary Table 1 sheet 'Suppl table 1-Family', block 'incl. human reads', cell H6, row 'Kaiju', column 'NPV (ROC)'",0.9987,result
rna-pathogen-20261009-result-carbo2022-family-cutoff-0-kaiju-incl-human-ppv,rna-pathogen-20261009-source-carbo2022-supp,"Supplementary Table 1 sheet 'Suppl table 1-Family', block 'incl. human reads', cell G6, row 'Kaiju', column 'PPV (ROC)'",0.5227,result
rna-pathogen-20261009-result-carbo2022-family-cutoff-0-kaiju-incl-human-roc-distance,rna-pathogen-20261009-source-carbo2022-supp,"Supplementary Table 1 sheet 'Suppl table 1-Family', block 'incl. human reads', cell C6, row 'Kaiju', column 'Informedness'",0.0498,result
rna-pathogen-20261009-result-carbo2022-family-cutoff-0-kaiju-incl-human-sensitivity,rna-pathogen-20261009-source-carbo2022-supp,"Supplementary Table 1 sheet 'Suppl table 1-Family', block 'incl. human reads', cell E6, row 'Kaiju', column 'SN (ROC)'",0.9583,result
rna-pathogen-20261009-result-carbo2022-family-cutoff-0-kaiju-incl-human-specificity,rna-pathogen-20261009-source-carbo2022-supp,"Supplementary Table 1 sheet 'Suppl table 1-Family', block 'incl. human reads', cell F6, row 'Kaiju', column 'SL (ROC)'",0.9727,result
rna-pathogen-20261009-result-carbo2022-family-cutoff-0-kaiju-incl-human-taxa,rna-pathogen-20261009-source-carbo2022-supp,"Supplementary Table 1 sheet 'Suppl table 1-Family', block 'incl. human reads', cell L6, row 'Kaiju', column 'Taxa'",5,result
rna-pathogen-20261009-result-carbo2022-family-cutoff-0-kaiju-incl-human-taxa-with-reads,rna-pathogen-20261009-source-carbo2022-supp,"Supplementary Table 1 sheet 'Suppl table 1-Family', block 'incl. human reads', cell M6, row 'Kaiju', column 'Taxa with reads >0'",5,result
rna-pathogen-20261009-result-carbo2022-family-cutoff-0-kraken2-excl-human-auc,rna-pathogen-20261009-source-carbo2022-supp,"Supplementary Table 1 sheet 'Suppl table 1-Family', block 'excl. human reads', cell D20, row 'Kraken2', column 'AUC'",0.9378,result
rna-pathogen-20261009-result-carbo2022-family-cutoff-0-kraken2-excl-human-lr-intercept,rna-pathogen-20261009-source-carbo2022-supp,"Supplementary Table 1 sheet 'Suppl table 1-Family', block 'excl. human reads', cell J20, row 'Kraken2', column 'LR intercept'",35,result
rna-pathogen-20261009-result-carbo2022-family-cutoff-0-kraken2-excl-human-lr-r2,rna-pathogen-20261009-source-carbo2022-supp,"Supplementary Table 1 sheet 'Suppl table 1-Family', block 'excl. human reads', cell K20, row 'Kraken2', column 'LR r2, %'",32,result
rna-pathogen-20261009-result-carbo2022-family-cutoff-0-kraken2-excl-human-lr-slope,rna-pathogen-20261009-source-carbo2022-supp,"Supplementary Table 1 sheet 'Suppl table 1-Family', block 'excl. human reads', cell I20, row 'Kraken2', column 'LR slope'",-1.9,result
rna-pathogen-20261009-result-carbo2022-family-cutoff-0-kraken2-excl-human-norm-auc,rna-pathogen-20261009-source-carbo2022-supp,"Supplementary Table 1 sheet 'Suppl table 1-Family', block 'excl. human reads and normalized', cell D30, row 'Kraken2', column 'AUC'",0.9379,result
rna-pathogen-20261009-result-carbo2022-family-cutoff-0-kraken2-excl-human-norm-lr-intercept,rna-pathogen-20261009-source-carbo2022-supp,"Supplementary Table 1 sheet 'Suppl table 1-Family', block 'excl. human reads and normalized', cell J30, row 'Kraken2', column 'LR intercept'",27.1,result
rna-pathogen-20261009-result-carbo2022-family-cutoff-0-kraken2-excl-human-norm-lr-r2,rna-pathogen-20261009-source-carbo2022-supp,"Supplementary Table 1 sheet 'Suppl table 1-Family', block 'excl. human reads and normalized', cell K30, row 'Kraken2', column 'LR r2, %'",37.6,result
rna-pathogen-20261009-result-carbo2022-family-cutoff-0-kraken2-excl-human-norm-lr-slope,rna-pathogen-20261009-source-carbo2022-supp,"Supplementary Table 1 sheet 'Suppl table 1-Family', block 'excl. human reads and normalized', cell I30, row 'Kraken2', column 'LR slope'",-2.12,result
rna-pathogen-20261009-result-carbo2022-family-cutoff-0-kraken2-excl-human-norm-npv,rna-pathogen-20261009-source-carbo2022-supp,"Supplementary Table 1 sheet 'Suppl table 1-Family', block 'excl. human reads and normalized', cell H30, row 'Kraken2', column 'NPV (ROC)'",0.9986,result
rna-pathogen-20261009-result-carbo2022-family-cutoff-0-kraken2-excl-human-norm-ppv,rna-pathogen-20261009-source-carbo2022-supp,"Supplementary Table 1 sheet 'Suppl table 1-Family', block 'excl. human reads and normalized', cell G30, row 'Kraken2', column 'PPV (ROC)'",0.3333,result
rna-pathogen-20261009-result-carbo2022-family-cutoff-0-kraken2-excl-human-norm-roc-distance,rna-pathogen-20261009-source-carbo2022-supp,"Supplementary Table 1 sheet 'Suppl table 1-Family', block 'excl. human reads and normalized', cell C30, row 'Kraken2', column 'Informedness'",0.0730,result
rna-pathogen-20261009-result-carbo2022-family-cutoff-0-kraken2-excl-human-norm-sensitivity,rna-pathogen-20261009-source-carbo2022-supp,"Supplementary Table 1 sheet 'Suppl table 1-Family', block 'excl. human reads and normalized', cell E30, row 'Kraken2', column 'SN (ROC)'",0.9583,result
rna-pathogen-20261009-result-carbo2022-family-cutoff-0-kraken2-excl-human-norm-specificity,rna-pathogen-20261009-source-carbo2022-supp,"Supplementary Table 1 sheet 'Suppl table 1-Family', block 'excl. human reads and normalized', cell F30, row 'Kraken2', column 'SL (ROC)'",0.9401,result
rna-pathogen-20261009-result-carbo2022-family-cutoff-0-kraken2-excl-human-norm-taxa,rna-pathogen-20261009-source-carbo2022-supp,"Supplementary Table 1 sheet 'Suppl table 1-Family', block 'excl. human reads and normalized', cell L30, row 'Kraken2', column 'Taxa'",5,result
rna-pathogen-20261009-result-carbo2022-family-cutoff-0-kraken2-excl-human-norm-taxa-with-reads,rna-pathogen-20261009-source-carbo2022-supp,"Supplementary Table 1 sheet 'Suppl table 1-Family', block 'excl. human reads and normalized', cell M30, row 'Kraken2', column 'Taxa with reads >0'",5,result
rna-pathogen-20261009-result-carbo2022-family-cutoff-0-kraken2-excl-human-npv,rna-pathogen-20261009-source-carbo2022-supp,"Supplementary Table 1 sheet 'Suppl table 1-Family', block 'excl. human reads', cell H20, row 'Kraken2', column 'NPV (ROC)'",0.9986,result
rna-pathogen-20261009-result-carbo2022-family-cutoff-0-kraken2-excl-human-ppv,rna-pathogen-20261009-source-carbo2022-supp,"Supplementary Table 1 sheet 'Suppl table 1-Family', block 'excl. human reads', cell G20, row 'Kraken2', column 'PPV (ROC)'",0.3333,result
rna-pathogen-20261009-result-carbo2022-family-cutoff-0-kraken2-excl-human-roc-distance,rna-pathogen-20261009-source-carbo2022-supp,"Supplementary Table 1 sheet 'Suppl table 1-Family', block 'excl. human reads', cell C20, row 'Kraken2', column 'Informedness'",0.0730,result
rna-pathogen-20261009-result-carbo2022-family-cutoff-0-kraken2-excl-human-sensitivity,rna-pathogen-20261009-source-carbo2022-supp,"Supplementary Table 1 sheet 'Suppl table 1-Family', block 'excl. human reads', cell E20, row 'Kraken2', column 'SN (ROC)'",0.9583,result
rna-pathogen-20261009-result-carbo2022-family-cutoff-0-kraken2-excl-human-specificity,rna-pathogen-20261009-source-carbo2022-supp,"Supplementary Table 1 sheet 'Suppl table 1-Family', block 'excl. human reads', cell F20, row 'Kraken2', column 'SL (ROC)'",0.9401,result
rna-pathogen-20261009-result-carbo2022-family-cutoff-0-kraken2-excl-human-taxa,rna-pathogen-20261009-source-carbo2022-supp,"Supplementary Table 1 sheet 'Suppl table 1-Family', block 'excl. human reads', cell L20, row 'Kraken2', column 'Taxa'",5,result
rna-pathogen-20261009-result-carbo2022-family-cutoff-0-kraken2-excl-human-taxa-with-reads,rna-pathogen-20261009-source-carbo2022-supp,"Supplementary Table 1 sheet 'Suppl table 1-Family', block 'excl. human reads', cell M20, row 'Kraken2', column 'Taxa with reads >0'",5,result
rna-pathogen-20261009-result-carbo2022-family-cutoff-0-kraken2-incl-human-auc,rna-pathogen-20261009-source-carbo2022-supp,"Supplementary Table 1 sheet 'Suppl table 1-Family', block 'incl. human reads', cell D7, row 'Kraken2', column 'AUC'",0.9785,result
rna-pathogen-20261009-result-carbo2022-family-cutoff-0-kraken2-incl-human-lr-intercept,rna-pathogen-20261009-source-carbo2022-supp,"Supplementary Table 1 sheet 'Suppl table 1-Family', block 'incl. human reads', cell J7, row 'Kraken2', column 'LR intercept'",38.5,result
rna-pathogen-20261009-result-carbo2022-family-cutoff-0-kraken2-incl-human-lr-r2,rna-pathogen-20261009-source-carbo2022-supp,"Supplementary Table 1 sheet 'Suppl table 1-Family', block 'incl. human reads', cell K7, row 'Kraken2', column 'LR r2, %'",48.2,result
rna-pathogen-20261009-result-carbo2022-family-cutoff-0-kraken2-incl-human-lr-slope,rna-pathogen-20261009-source-carbo2022-supp,"Supplementary Table 1 sheet 'Suppl table 1-Family', block 'incl. human reads', cell I7, row 'Kraken2', column 'LR slope'",-2.67,result
rna-pathogen-20261009-result-carbo2022-family-cutoff-0-kraken2-incl-human-npv,rna-pathogen-20261009-source-carbo2022-supp,"Supplementary Table 1 sheet 'Suppl table 1-Family', block 'incl. human reads', cell H7, row 'Kraken2', column 'NPV (ROC)'",0.9987,result
rna-pathogen-20261009-result-carbo2022-family-cutoff-0-kraken2-incl-human-ppv,rna-pathogen-20261009-source-carbo2022-supp,"Supplementary Table 1 sheet 'Suppl table 1-Family', block 'incl. human reads', cell G7, row 'Kraken2', column 'PPV (ROC)'",0.5610,result
rna-pathogen-20261009-result-carbo2022-family-cutoff-0-kraken2-incl-human-roc-distance,rna-pathogen-20261009-source-carbo2022-supp,"Supplementary Table 1 sheet 'Suppl table 1-Family', block 'incl. human reads', cell C7, row 'Kraken2', column 'Informedness'",0.0478,result
rna-pathogen-20261009-result-carbo2022-family-cutoff-0-kraken2-incl-human-sensitivity,rna-pathogen-20261009-source-carbo2022-supp,"Supplementary Table 1 sheet 'Suppl table 1-Family', block 'incl. human reads', cell E7, row 'Kraken2', column 'SN (ROC)'",0.9583,result
rna-pathogen-20261009-result-carbo2022-family-cutoff-0-kraken2-incl-human-specificity,rna-pathogen-20261009-source-carbo2022-supp,"Supplementary Table 1 sheet 'Suppl table 1-Family', block 'incl. human reads', cell F7, row 'Kraken2', column 'SL (ROC)'",0.9766,result
rna-pathogen-20261009-result-carbo2022-family-cutoff-0-kraken2-incl-human-taxa,rna-pathogen-20261009-source-carbo2022-supp,"Supplementary Table 1 sheet 'Suppl table 1-Family', block 'incl. human reads', cell L7, row 'Kraken2', column 'Taxa'",5,result
rna-pathogen-20261009-result-carbo2022-family-cutoff-0-kraken2-incl-human-taxa-with-reads,rna-pathogen-20261009-source-carbo2022-supp,"Supplementary Table 1 sheet 'Suppl table 1-Family', block 'incl. human reads', cell M7, row 'Kraken2', column 'Taxa with reads >0'",5,result
rna-pathogen-20261009-result-carbo2022-genus-cutoff-0-centrifuge-excl-human-auc,rna-pathogen-20261009-source-carbo2022-supp,"Supplementary Table 1 sheet 'Suppl table 1-Genus', block 'excl. human reads', cell D19, row 'Centrifuge', column 'AUC'",0.9407,result
rna-pathogen-20261009-result-carbo2022-genus-cutoff-0-centrifuge-excl-human-lr-intercept,rna-pathogen-20261009-source-carbo2022-supp,"Supplementary Table 1 sheet 'Suppl table 1-Genus', block 'excl. human reads', cell J19, row 'Centrifuge', column 'LR intercept'",35.4,result
rna-pathogen-20261009-result-carbo2022-genus-cutoff-0-centrifuge-excl-human-lr-r2,rna-pathogen-20261009-source-carbo2022-supp,"Supplementary Table 1 sheet 'Suppl table 1-Genus', block 'excl. human reads', cell K19, row 'Centrifuge', column 'LR r2, %'",33.2,result
rna-pathogen-20261009-result-carbo2022-genus-cutoff-0-centrifuge-excl-human-lr-slope,rna-pathogen-20261009-source-carbo2022-supp,"Supplementary Table 1 sheet 'Suppl table 1-Genus', block 'excl. human reads', cell I19, row 'Centrifuge', column 'LR slope'",-1.95,result
rna-pathogen-20261009-result-carbo2022-genus-cutoff-0-centrifuge-excl-human-norm-auc,rna-pathogen-20261009-source-carbo2022-supp,"Supplementary Table 1 sheet 'Suppl table 1-Genus', block 'excl. human reads and normalized', cell D29, row 'Centrifuge', column 'AUC'",0.9407,result
rna-pathogen-20261009-result-carbo2022-genus-cutoff-0-centrifuge-excl-human-norm-lr-intercept,rna-pathogen-20261009-source-carbo2022-supp,"Supplementary Table 1 sheet 'Suppl table 1-Genus', block 'excl. human reads and normalized', cell J29, row 'Centrifuge', column 'LR intercept'",27.4,result
rna-pathogen-20261009-result-carbo2022-genus-cutoff-0-centrifuge-excl-human-norm-lr-r2,rna-pathogen-20261009-source-carbo2022-supp,"Supplementary Table 1 sheet 'Suppl table 1-Genus', block 'excl. human reads and normalized', cell K29, row 'Centrifuge', column 'LR r2, %'",39.1,result
rna-pathogen-20261009-result-carbo2022-genus-cutoff-0-centrifuge-excl-human-norm-lr-slope,rna-pathogen-20261009-source-carbo2022-supp,"Supplementary Table 1 sheet 'Suppl table 1-Genus', block 'excl. human reads and normalized', cell I29, row 'Centrifuge', column 'LR slope'",-2.15,result
rna-pathogen-20261009-result-carbo2022-genus-cutoff-0-centrifuge-excl-human-norm-npv,rna-pathogen-20261009-source-carbo2022-supp,"Supplementary Table 1 sheet 'Suppl table 1-Genus', block 'excl. human reads and normalized', cell H29, row 'Centrifuge', column 'NPV (ROC)'",0.9973,result
rna-pathogen-20261009-result-carbo2022-genus-cutoff-0-centrifuge-excl-human-norm-ppv,rna-pathogen-20261009-source-carbo2022-supp,"Supplementary Table 1 sheet 'Suppl table 1-Genus', block 'excl. human reads and normalized', cell G29, row 'Centrifuge', column 'PPV (ROC)'",0.5641,result
rna-pathogen-20261009-result-carbo2022-genus-cutoff-0-centrifuge-excl-human-norm-roc-distance,rna-pathogen-20261009-source-carbo2022-supp,"Supplementary Table 1 sheet 'Suppl table 1-Genus', block 'excl. human reads and normalized', cell C29, row 'Centrifuge', column 'Informedness'",0.0862,result
rna-pathogen-20261009-result-carbo2022-genus-cutoff-0-centrifuge-excl-human-norm-sensitivity,rna-pathogen-20261009-source-carbo2022-supp,"Supplementary Table 1 sheet 'Suppl table 1-Genus', block 'excl. human reads and normalized', cell E29, row 'Centrifuge', column 'SN (ROC)'",0.9167,result
rna-pathogen-20261009-result-carbo2022-genus-cutoff-0-centrifuge-excl-human-norm-specificity,rna-pathogen-20261009-source-carbo2022-supp,"Supplementary Table 1 sheet 'Suppl table 1-Genus', block 'excl. human reads and normalized', cell F29, row 'Centrifuge', column 'SL (ROC)'",0.9779,result
rna-pathogen-20261009-result-carbo2022-genus-cutoff-0-centrifuge-excl-human-norm-taxa,rna-pathogen-20261009-source-carbo2022-supp,"Supplementary Table 1 sheet 'Suppl table 1-Genus', block 'excl. human reads and normalized', cell L29, row 'Centrifuge', column 'Taxa'",10,result
rna-pathogen-20261009-result-carbo2022-genus-cutoff-0-centrifuge-excl-human-norm-taxa-with-reads,rna-pathogen-20261009-source-carbo2022-supp,"Supplementary Table 1 sheet 'Suppl table 1-Genus', block 'excl. human reads and normalized', cell M29, row 'Centrifuge', column 'Taxa with reads >0'",10,result
rna-pathogen-20261009-result-carbo2022-genus-cutoff-0-centrifuge-excl-human-npv,rna-pathogen-20261009-source-carbo2022-supp,"Supplementary Table 1 sheet 'Suppl table 1-Genus', block 'excl. human reads', cell H19, row 'Centrifuge', column 'NPV (ROC)'",0.9973,result
rna-pathogen-20261009-result-carbo2022-genus-cutoff-0-centrifuge-excl-human-ppv,rna-pathogen-20261009-source-carbo2022-supp,"Supplementary Table 1 sheet 'Suppl table 1-Genus', block 'excl. human reads', cell G19, row 'Centrifuge', column 'PPV (ROC)'",0.5641,result
rna-pathogen-20261009-result-carbo2022-genus-cutoff-0-centrifuge-excl-human-roc-distance,rna-pathogen-20261009-source-carbo2022-supp,"Supplementary Table 1 sheet 'Suppl table 1-Genus', block 'excl. human reads', cell C19, row 'Centrifuge', column 'Informedness'",0.0862,result
rna-pathogen-20261009-result-carbo2022-genus-cutoff-0-centrifuge-excl-human-sensitivity,rna-pathogen-20261009-source-carbo2022-supp,"Supplementary Table 1 sheet 'Suppl table 1-Genus', block 'excl. human reads', cell E19, row 'Centrifuge', column 'SN (ROC)'",0.9167,result
rna-pathogen-20261009-result-carbo2022-genus-cutoff-0-centrifuge-excl-human-specificity,rna-pathogen-20261009-source-carbo2022-supp,"Supplementary Table 1 sheet 'Suppl table 1-Genus', block 'excl. human reads', cell F19, row 'Centrifuge', column 'SL (ROC)'",0.9779,result
rna-pathogen-20261009-result-carbo2022-genus-cutoff-0-centrifuge-excl-human-taxa,rna-pathogen-20261009-source-carbo2022-supp,"Supplementary Table 1 sheet 'Suppl table 1-Genus', block 'excl. human reads', cell L19, row 'Centrifuge', column 'Taxa'",10,result
rna-pathogen-20261009-result-carbo2022-genus-cutoff-0-centrifuge-excl-human-taxa-with-reads,rna-pathogen-20261009-source-carbo2022-supp,"Supplementary Table 1 sheet 'Suppl table 1-Genus', block 'excl. human reads', cell M19, row 'Centrifuge', column 'Taxa with reads >0'",10,result
rna-pathogen-20261009-result-carbo2022-genus-cutoff-0-centrifuge-incl-human-auc,rna-pathogen-20261009-source-carbo2022-supp,"Supplementary Table 1 sheet 'Suppl table 1-Genus', block 'incl. human reads', cell D7, row 'Centrifuge', column 'AUC'",0.9663,result
rna-pathogen-20261009-result-carbo2022-genus-cutoff-0-centrifuge-incl-human-lr-intercept,rna-pathogen-20261009-source-carbo2022-supp,"Supplementary Table 1 sheet 'Suppl table 1-Genus', block 'incl. human reads', cell J7, row 'Centrifuge', column 'LR intercept'",36.4,result
rna-pathogen-20261009-result-carbo2022-genus-cutoff-0-centrifuge-incl-human-lr-r2,rna-pathogen-20261009-source-carbo2022-supp,"Supplementary Table 1 sheet 'Suppl table 1-Genus', block 'incl. human reads', cell K7, row 'Centrifuge', column 'LR r2, %'",39.3,result
rna-pathogen-20261009-result-carbo2022-genus-cutoff-0-centrifuge-incl-human-lr-slope,rna-pathogen-20261009-source-carbo2022-supp,"Supplementary Table 1 sheet 'Suppl table 1-Genus', block 'incl. human reads', cell I7, row 'Centrifuge', column 'LR slope'",-2.19,result
rna-pathogen-20261009-result-carbo2022-genus-cutoff-0-centrifuge-incl-human-npv,rna-pathogen-20261009-source-carbo2022-supp,"Supplementary Table 1 sheet 'Suppl table 1-Genus', block 'incl. human reads', cell H7, row 'Centrifuge', column 'NPV (ROC)'",0.9961,result
rna-pathogen-20261009-result-carbo2022-genus-cutoff-0-centrifuge-incl-human-ppv,rna-pathogen-20261009-source-carbo2022-supp,"Supplementary Table 1 sheet 'Suppl table 1-Genus', block 'incl. human reads', cell G7, row 'Centrifuge', column 'PPV (ROC)'",0.8077,result
rna-pathogen-20261009-result-carbo2022-genus-cutoff-0-centrifuge-incl-human-roc-distance,rna-pathogen-20261009-source-carbo2022-supp,"Supplementary Table 1 sheet 'Suppl table 1-Genus', block 'incl. human reads', cell C7, row 'Centrifuge', column 'Informedness'",0.1252,result
rna-pathogen-20261009-result-carbo2022-genus-cutoff-0-centrifuge-incl-human-sensitivity,rna-pathogen-20261009-source-carbo2022-supp,"Supplementary Table 1 sheet 'Suppl table 1-Genus', block 'incl. human reads', cell E7, row 'Centrifuge', column 'SN (ROC)'",0.8750,result
rna-pathogen-20261009-result-carbo2022-genus-cutoff-0-centrifuge-incl-human-specificity,rna-pathogen-20261009-source-carbo2022-supp,"Supplementary Table 1 sheet 'Suppl table 1-Genus', block 'incl. human reads', cell F7, row 'Centrifuge', column 'SL (ROC)'",0.9935,result
rna-pathogen-20261009-result-carbo2022-genus-cutoff-0-centrifuge-incl-human-taxa,rna-pathogen-20261009-source-carbo2022-supp,"Supplementary Table 1 sheet 'Suppl table 1-Genus', block 'incl. human reads', cell L7, row 'Centrifuge', column 'Taxa'",10,result
rna-pathogen-20261009-result-carbo2022-genus-cutoff-0-centrifuge-incl-human-taxa-with-reads,rna-pathogen-20261009-source-carbo2022-supp,"Supplementary Table 1 sheet 'Suppl table 1-Genus', block 'incl. human reads', cell M7, row 'Centrifuge', column 'Taxa with reads >0'",10,result
rna-pathogen-20261009-result-carbo2022-genus-cutoff-0-clark-excl-human-auc,rna-pathogen-20261009-source-carbo2022-supp,"Supplementary Table 1 sheet 'Suppl table 1-Genus', block 'excl. human reads', cell D20, row 'CLARK', column 'AUC'",0.9044,result
rna-pathogen-20261009-result-carbo2022-genus-cutoff-0-clark-excl-human-lr-intercept,rna-pathogen-20261009-source-carbo2022-supp,"Supplementary Table 1 sheet 'Suppl table 1-Genus', block 'excl. human reads', cell J20, row 'CLARK', column 'LR intercept'",34.3,result
rna-pathogen-20261009-result-carbo2022-genus-cutoff-0-clark-excl-human-lr-r2,rna-pathogen-20261009-source-carbo2022-supp,"Supplementary Table 1 sheet 'Suppl table 1-Genus', block 'excl. human reads', cell K20, row 'CLARK', column 'LR r2, %'",25.1,result
rna-pathogen-20261009-result-carbo2022-genus-cutoff-0-clark-excl-human-lr-slope,rna-pathogen-20261009-source-carbo2022-supp,"Supplementary Table 1 sheet 'Suppl table 1-Genus', block 'excl. human reads', cell I20, row 'CLARK', column 'LR slope'",-1.58,result
rna-pathogen-20261009-result-carbo2022-genus-cutoff-0-clark-excl-human-norm-auc,rna-pathogen-20261009-source-carbo2022-supp,"Supplementary Table 1 sheet 'Suppl table 1-Genus', block 'excl. human reads and normalized', cell D30, row 'CLARK', column 'AUC'",0.9044,result
rna-pathogen-20261009-result-carbo2022-genus-cutoff-0-clark-excl-human-norm-lr-intercept,rna-pathogen-20261009-source-carbo2022-supp,"Supplementary Table 1 sheet 'Suppl table 1-Genus', block 'excl. human reads and normalized', cell J30, row 'CLARK', column 'LR intercept'",27.7,result
rna-pathogen-20261009-result-carbo2022-genus-cutoff-0-clark-excl-human-norm-lr-r2,rna-pathogen-20261009-source-carbo2022-supp,"Supplementary Table 1 sheet 'Suppl table 1-Genus', block 'excl. human reads and normalized', cell K30, row 'CLARK', column 'LR r2, %'",30.4,result
rna-pathogen-20261009-result-carbo2022-genus-cutoff-0-clark-excl-human-norm-lr-slope,rna-pathogen-20261009-source-carbo2022-supp,"Supplementary Table 1 sheet 'Suppl table 1-Genus', block 'excl. human reads and normalized', cell I30, row 'CLARK', column 'LR slope'",-1.82,result
rna-pathogen-20261009-result-carbo2022-genus-cutoff-0-clark-excl-human-norm-npv,rna-pathogen-20261009-source-carbo2022-supp,"Supplementary Table 1 sheet 'Suppl table 1-Genus', block 'excl. human reads and normalized', cell H30, row 'CLARK', column 'NPV (ROC)'",0.9947,result
rna-pathogen-20261009-result-carbo2022-genus-cutoff-0-clark-excl-human-norm-ppv,rna-pathogen-20261009-source-carbo2022-supp,"Supplementary Table 1 sheet 'Suppl table 1-Genus', block 'excl. human reads and normalized', cell G30, row 'CLARK', column 'PPV (ROC)'",0.6250,result
rna-pathogen-20261009-result-carbo2022-genus-cutoff-0-clark-excl-human-norm-roc-distance,rna-pathogen-20261009-source-carbo2022-supp,"Supplementary Table 1 sheet 'Suppl table 1-Genus', block 'excl. human reads and normalized', cell C30, row 'CLARK', column 'Informedness'",0.1674,result
rna-pathogen-20261009-result-carbo2022-genus-cutoff-0-clark-excl-human-norm-sensitivity,rna-pathogen-20261009-source-carbo2022-supp,"Supplementary Table 1 sheet 'Suppl table 1-Genus', block 'excl. human reads and normalized', cell E30, row 'CLARK', column 'SN (ROC)'",0.8333,result
rna-pathogen-20261009-result-carbo2022-genus-cutoff-0-clark-excl-human-norm-specificity,rna-pathogen-20261009-source-carbo2022-supp,"Supplementary Table 1 sheet 'Suppl table 1-Genus', block 'excl. human reads and normalized', cell F30, row 'CLARK', column 'SL (ROC)'",0.9844,result
rna-pathogen-20261009-result-carbo2022-genus-cutoff-0-clark-excl-human-norm-taxa,rna-pathogen-20261009-source-carbo2022-supp,"Supplementary Table 1 sheet 'Suppl table 1-Genus', block 'excl. human reads and normalized', cell L30, row 'CLARK', column 'Taxa'",10,result
rna-pathogen-20261009-result-carbo2022-genus-cutoff-0-clark-excl-human-norm-taxa-with-reads,rna-pathogen-20261009-source-carbo2022-supp,"Supplementary Table 1 sheet 'Suppl table 1-Genus', block 'excl. human reads and normalized', cell M30, row 'CLARK', column 'Taxa with reads >0'",10,result
rna-pathogen-20261009-result-carbo2022-genus-cutoff-0-clark-excl-human-npv,rna-pathogen-20261009-source-carbo2022-supp,"Supplementary Table 1 sheet 'Suppl table 1-Genus', block 'excl. human reads', cell H20, row 'CLARK', column 'NPV (ROC)'",0.9947,result
rna-pathogen-20261009-result-carbo2022-genus-cutoff-0-clark-excl-human-ppv,rna-pathogen-20261009-source-carbo2022-supp,"Supplementary Table 1 sheet 'Suppl table 1-Genus', block 'excl. human reads', cell G20, row 'CLARK', column 'PPV (ROC)'",0.6250,result
rna-pathogen-20261009-result-carbo2022-genus-cutoff-0-clark-excl-human-roc-distance,rna-pathogen-20261009-source-carbo2022-supp,"Supplementary Table 1 sheet 'Suppl table 1-Genus', block 'excl. human reads', cell C20, row 'CLARK', column 'Informedness'",0.1674,result
rna-pathogen-20261009-result-carbo2022-genus-cutoff-0-clark-excl-human-sensitivity,rna-pathogen-20261009-source-carbo2022-supp,"Supplementary Table 1 sheet 'Suppl table 1-Genus', block 'excl. human reads', cell E20, row 'CLARK', column 'SN (ROC)'",0.8333,result
rna-pathogen-20261009-result-carbo2022-genus-cutoff-0-clark-excl-human-specificity,rna-pathogen-20261009-source-carbo2022-supp,"Supplementary Table 1 sheet 'Suppl table 1-Genus', block 'excl. human reads', cell F20, row 'CLARK', column 'SL (ROC)'",0.9844,result
rna-pathogen-20261009-result-carbo2022-genus-cutoff-0-clark-excl-human-taxa,rna-pathogen-20261009-source-carbo2022-supp,"Supplementary Table 1 sheet 'Suppl table 1-Genus', block 'excl. human reads', cell L20, row 'CLARK', column 'Taxa'",10,result
rna-pathogen-20261009-result-carbo2022-genus-cutoff-0-clark-excl-human-taxa-with-reads,rna-pathogen-20261009-source-carbo2022-supp,"Supplementary Table 1 sheet 'Suppl table 1-Genus', block 'excl. human reads', cell M20, row 'CLARK', column 'Taxa with reads >0'",10,result
rna-pathogen-20261009-result-carbo2022-genus-cutoff-0-clark-incl-human-auc,rna-pathogen-20261009-source-carbo2022-supp,"Supplementary Table 1 sheet 'Suppl table 1-Genus', block 'incl. human reads', cell D10, row 'CLARK', column 'AUC'",0.9471,result
rna-pathogen-20261009-result-carbo2022-genus-cutoff-0-clark-incl-human-lr-intercept,rna-pathogen-20261009-source-carbo2022-supp,"Supplementary Table 1 sheet 'Suppl table 1-Genus', block 'incl. human reads', cell J10, row 'CLARK', column 'LR intercept'",35.2,result
rna-pathogen-20261009-result-carbo2022-genus-cutoff-0-clark-incl-human-lr-r2,rna-pathogen-20261009-source-carbo2022-supp,"Supplementary Table 1 sheet 'Suppl table 1-Genus', block 'incl. human reads', cell K10, row 'CLARK', column 'LR r2, %'",34.9,result
rna-pathogen-20261009-result-carbo2022-genus-cutoff-0-clark-incl-human-lr-slope,rna-pathogen-20261009-source-carbo2022-supp,"Supplementary Table 1 sheet 'Suppl table 1-Genus', block 'incl. human reads', cell I10, row 'CLARK', column 'LR slope'",-1.95,result
rna-pathogen-20261009-result-carbo2022-genus-cutoff-0-clark-incl-human-npv,rna-pathogen-20261009-source-carbo2022-supp,"Supplementary Table 1 sheet 'Suppl table 1-Genus', block 'incl. human reads', cell H10, row 'CLARK', column 'NPV (ROC)'",0.9972,result
rna-pathogen-20261009-result-carbo2022-genus-cutoff-0-clark-incl-human-ppv,rna-pathogen-20261009-source-carbo2022-supp,"Supplementary Table 1 sheet 'Suppl table 1-Genus', block 'incl. human reads', cell G10, row 'CLARK', column 'PPV (ROC)'",0.2444,result
rna-pathogen-20261009-result-carbo2022-genus-cutoff-0-clark-incl-human-roc-distance,rna-pathogen-20261009-source-carbo2022-supp,"Supplementary Table 1 sheet 'Suppl table 1-Genus', block 'incl. human reads', cell C10, row 'CLARK', column 'Informedness'",0.1216,result
rna-pathogen-20261009-result-carbo2022-genus-cutoff-0-clark-incl-human-sensitivity,rna-pathogen-20261009-source-carbo2022-supp,"Supplementary Table 1 sheet 'Suppl table 1-Genus', block 'incl. human reads', cell E10, row 'CLARK', column 'SN (ROC)'",0.9167,result
rna-pathogen-20261009-result-carbo2022-genus-cutoff-0-clark-incl-human-specificity,rna-pathogen-20261009-source-carbo2022-supp,"Supplementary Table 1 sheet 'Suppl table 1-Genus', block 'incl. human reads', cell F10, row 'CLARK', column 'SL (ROC)'",0.9115,result
rna-pathogen-20261009-result-carbo2022-genus-cutoff-0-clark-incl-human-taxa,rna-pathogen-20261009-source-carbo2022-supp,"Supplementary Table 1 sheet 'Suppl table 1-Genus', block 'incl. human reads', cell L10, row 'CLARK', column 'Taxa'",10,result
rna-pathogen-20261009-result-carbo2022-genus-cutoff-0-clark-incl-human-taxa-with-reads,rna-pathogen-20261009-source-carbo2022-supp,"Supplementary Table 1 sheet 'Suppl table 1-Genus', block 'incl. human reads', cell M10, row 'CLARK', column 'Taxa with reads >0'",10,result
rna-pathogen-20261009-result-carbo2022-genus-cutoff-0-genome-detective-excl-human-auc,rna-pathogen-20261009-source-carbo2022-supp,"Supplementary Table 1 sheet 'Suppl table 1-Genus', block 'excl. human reads', cell D18, row 'GD', column 'AUC'",0.9479,result
rna-pathogen-20261009-result-carbo2022-genus-cutoff-0-genome-detective-excl-human-lr-intercept,rna-pathogen-20261009-source-carbo2022-supp,"Supplementary Table 1 sheet 'Suppl table 1-Genus', block 'excl. human reads', cell J18, row 'GD', column 'LR intercept'",38,result
rna-pathogen-20261009-result-carbo2022-genus-cutoff-0-genome-detective-excl-human-lr-r2,rna-pathogen-20261009-source-carbo2022-supp,"Supplementary Table 1 sheet 'Suppl table 1-Genus', block 'excl. human reads', cell K18, row 'GD', column 'LR r2, %'",42.3,result
rna-pathogen-20261009-result-carbo2022-genus-cutoff-0-genome-detective-excl-human-lr-slope,rna-pathogen-20261009-source-carbo2022-supp,"Supplementary Table 1 sheet 'Suppl table 1-Genus', block 'excl. human reads', cell I18, row 'GD', column 'LR slope'",-2.14,result
rna-pathogen-20261009-result-carbo2022-genus-cutoff-0-genome-detective-excl-human-norm-auc,rna-pathogen-20261009-source-carbo2022-supp,"Supplementary Table 1 sheet 'Suppl table 1-Genus', block 'excl. human reads and normalized', cell D28, row 'GD', column 'AUC'",0.9476,result
rna-pathogen-20261009-result-carbo2022-genus-cutoff-0-genome-detective-excl-human-norm-lr-intercept,rna-pathogen-20261009-source-carbo2022-supp,"Supplementary Table 1 sheet 'Suppl table 1-Genus', block 'excl. human reads and normalized', cell J28, row 'GD', column 'LR intercept'",29.4,result
rna-pathogen-20261009-result-carbo2022-genus-cutoff-0-genome-detective-excl-human-norm-lr-r2,rna-pathogen-20261009-source-carbo2022-supp,"Supplementary Table 1 sheet 'Suppl table 1-Genus', block 'excl. human reads and normalized', cell K28, row 'GD', column 'LR r2, %'",44.1,result
rna-pathogen-20261009-result-carbo2022-genus-cutoff-0-genome-detective-excl-human-norm-lr-slope,rna-pathogen-20261009-source-carbo2022-supp,"Supplementary Table 1 sheet 'Suppl table 1-Genus', block 'excl. human reads and normalized', cell I28, row 'GD', column 'LR slope'",-2.2,result
rna-pathogen-20261009-result-carbo2022-genus-cutoff-0-genome-detective-excl-human-norm-npv,rna-pathogen-20261009-source-carbo2022-supp,"Supplementary Table 1 sheet 'Suppl table 1-Genus', block 'excl. human reads and normalized', cell H28, row 'GD', column 'NPV (ROC)'",0.9973,result
rna-pathogen-20261009-result-carbo2022-genus-cutoff-0-genome-detective-excl-human-norm-ppv,rna-pathogen-20261009-source-carbo2022-supp,"Supplementary Table 1 sheet 'Suppl table 1-Genus', block 'excl. human reads and normalized', cell G28, row 'GD', column 'PPV (ROC)'",0.5641,result
rna-pathogen-20261009-result-carbo2022-genus-cutoff-0-genome-detective-excl-human-norm-roc-distance,rna-pathogen-20261009-source-carbo2022-supp,"Supplementary Table 1 sheet 'Suppl table 1-Genus', block 'excl. human reads and normalized', cell C28, row 'GD', column 'Informedness'",0.0862,result
rna-pathogen-20261009-result-carbo2022-genus-cutoff-0-genome-detective-excl-human-norm-sensitivity,rna-pathogen-20261009-source-carbo2022-supp,"Supplementary Table 1 sheet 'Suppl table 1-Genus', block 'excl. human reads and normalized', cell E28, row 'GD', column 'SN (ROC)'",0.9167,result
rna-pathogen-20261009-result-carbo2022-genus-cutoff-0-genome-detective-excl-human-norm-specificity,rna-pathogen-20261009-source-carbo2022-supp,"Supplementary Table 1 sheet 'Suppl table 1-Genus', block 'excl. human reads and normalized', cell F28, row 'GD', column 'SL (ROC)'",0.9779,result
rna-pathogen-20261009-result-carbo2022-genus-cutoff-0-genome-detective-excl-human-norm-taxa,rna-pathogen-20261009-source-carbo2022-supp,"Supplementary Table 1 sheet 'Suppl table 1-Genus', block 'excl. human reads and normalized', cell L28, row 'GD', column 'Taxa'",10,result
rna-pathogen-20261009-result-carbo2022-genus-cutoff-0-genome-detective-excl-human-norm-taxa-with-reads,rna-pathogen-20261009-source-carbo2022-supp,"Supplementary Table 1 sheet 'Suppl table 1-Genus', block 'excl. human reads and normalized', cell M28, row 'GD', column 'Taxa with reads >0'",10,result
rna-pathogen-20261009-result-carbo2022-genus-cutoff-0-genome-detective-excl-human-npv,rna-pathogen-20261009-source-carbo2022-supp,"Supplementary Table 1 sheet 'Suppl table 1-Genus', block 'excl. human reads', cell H18, row 'GD', column 'NPV (ROC)'",0.9974,result
rna-pathogen-20261009-result-carbo2022-genus-cutoff-0-genome-detective-excl-human-ppv,rna-pathogen-20261009-source-carbo2022-supp,"Supplementary Table 1 sheet 'Suppl table 1-Genus', block 'excl. human reads', cell G18, row 'GD', column 'PPV (ROC)'",0.6111,result
rna-pathogen-20261009-result-carbo2022-genus-cutoff-0-genome-detective-excl-human-roc-distance,rna-pathogen-20261009-source-carbo2022-supp,"Supplementary Table 1 sheet 'Suppl table 1-Genus', block 'excl. human reads', cell C18, row 'GD', column 'Informedness'",0.0853,result
rna-pathogen-20261009-result-carbo2022-genus-cutoff-0-genome-detective-excl-human-sensitivity,rna-pathogen-20261009-source-carbo2022-supp,"Supplementary Table 1 sheet 'Suppl table 1-Genus', block 'excl. human reads', cell E18, row 'GD', column 'SN (ROC)'",0.9167,result
rna-pathogen-20261009-result-carbo2022-genus-cutoff-0-genome-detective-excl-human-specificity,rna-pathogen-20261009-source-carbo2022-supp,"Supplementary Table 1 sheet 'Suppl table 1-Genus', block 'excl. human reads', cell F18, row 'GD', column 'SL (ROC)'",0.9818,result
rna-pathogen-20261009-result-carbo2022-genus-cutoff-0-genome-detective-excl-human-taxa,rna-pathogen-20261009-source-carbo2022-supp,"Supplementary Table 1 sheet 'Suppl table 1-Genus', block 'excl. human reads', cell L18, row 'GD', column 'Taxa'",10,result
rna-pathogen-20261009-result-carbo2022-genus-cutoff-0-genome-detective-excl-human-taxa-with-reads,rna-pathogen-20261009-source-carbo2022-supp,"Supplementary Table 1 sheet 'Suppl table 1-Genus', block 'excl. human reads', cell M18, row 'GD', column 'Taxa with reads >0'",10,result
rna-pathogen-20261009-result-carbo2022-genus-cutoff-0-genome-detective-incl-human-auc,rna-pathogen-20261009-source-carbo2022-supp,"Supplementary Table 1 sheet 'Suppl table 1-Genus', block 'incl. human reads', cell D9, row 'GD', column 'AUC'",0.9479,result
rna-pathogen-20261009-result-carbo2022-genus-cutoff-0-genome-detective-incl-human-lr-intercept,rna-pathogen-20261009-source-carbo2022-supp,"Supplementary Table 1 sheet 'Suppl table 1-Genus', block 'incl. human reads', cell J9, row 'GD', column 'LR intercept'",38,result
rna-pathogen-20261009-result-carbo2022-genus-cutoff-0-genome-detective-incl-human-lr-r2,rna-pathogen-20261009-source-carbo2022-supp,"Supplementary Table 1 sheet 'Suppl table 1-Genus', block 'incl. human reads', cell K9, row 'GD', column 'LR r2, %'",42.3,result
rna-pathogen-20261009-result-carbo2022-genus-cutoff-0-genome-detective-incl-human-lr-slope,rna-pathogen-20261009-source-carbo2022-supp,"Supplementary Table 1 sheet 'Suppl table 1-Genus', block 'incl. human reads', cell I9, row 'GD', column 'LR slope'",-2.14,result
rna-pathogen-20261009-result-carbo2022-genus-cutoff-0-genome-detective-incl-human-npv,rna-pathogen-20261009-source-carbo2022-supp,"Supplementary Table 1 sheet 'Suppl table 1-Genus', block 'incl. human reads', cell H9, row 'GD', column 'NPV (ROC)'",0.9974,result
rna-pathogen-20261009-result-carbo2022-genus-cutoff-0-genome-detective-incl-human-ppv,rna-pathogen-20261009-source-carbo2022-supp,"Supplementary Table 1 sheet 'Suppl table 1-Genus', block 'incl. human reads', cell G9, row 'GD', column 'PPV (ROC)'",0.6111,result
rna-pathogen-20261009-result-carbo2022-genus-cutoff-0-genome-detective-incl-human-roc-distance,rna-pathogen-20261009-source-carbo2022-supp,"Supplementary Table 1 sheet 'Suppl table 1-Genus', block 'incl. human reads', cell C9, row 'GD', column 'Informedness'",0.0853,result
rna-pathogen-20261009-result-carbo2022-genus-cutoff-0-genome-detective-incl-human-sensitivity,rna-pathogen-20261009-source-carbo2022-supp,"Supplementary Table 1 sheet 'Suppl table 1-Genus', block 'incl. human reads', cell E9, row 'GD', column 'SN (ROC)'",0.9167,result
rna-pathogen-20261009-result-carbo2022-genus-cutoff-0-genome-detective-incl-human-specificity,rna-pathogen-20261009-source-carbo2022-supp,"Supplementary Table 1 sheet 'Suppl table 1-Genus', block 'incl. human reads', cell F9, row 'GD', column 'SL (ROC)'",0.9818,result
rna-pathogen-20261009-result-carbo2022-genus-cutoff-0-genome-detective-incl-human-taxa,rna-pathogen-20261009-source-carbo2022-supp,"Supplementary Table 1 sheet 'Suppl table 1-Genus', block 'incl. human reads', cell L9, row 'GD', column 'Taxa'",10,result
rna-pathogen-20261009-result-carbo2022-genus-cutoff-0-genome-detective-incl-human-taxa-with-reads,rna-pathogen-20261009-source-carbo2022-supp,"Supplementary Table 1 sheet 'Suppl table 1-Genus', block 'incl. human reads', cell M9, row 'GD', column 'Taxa with reads >0'",10,result
rna-pathogen-20261009-result-carbo2022-genus-cutoff-0-kaiju-excl-human-auc,rna-pathogen-20261009-source-carbo2022-supp,"Supplementary Table 1 sheet 'Suppl table 1-Genus', block 'excl. human reads', cell D17, row 'Kaiju', column 'AUC'",0.9540,result
rna-pathogen-20261009-result-carbo2022-genus-cutoff-0-kaiju-excl-human-lr-intercept,rna-pathogen-20261009-source-carbo2022-supp,"Supplementary Table 1 sheet 'Suppl table 1-Genus', block 'excl. human reads', cell J17, row 'Kaiju', column 'LR intercept'",39.3,result
rna-pathogen-20261009-result-carbo2022-genus-cutoff-0-kaiju-excl-human-lr-r2,rna-pathogen-20261009-source-carbo2022-supp,"Supplementary Table 1 sheet 'Suppl table 1-Genus', block 'excl. human reads', cell K17, row 'Kaiju', column 'LR r2, %'",61.5,result
rna-pathogen-20261009-result-carbo2022-genus-cutoff-0-kaiju-excl-human-lr-slope,rna-pathogen-20261009-source-carbo2022-supp,"Supplementary Table 1 sheet 'Suppl table 1-Genus', block 'excl. human reads', cell I17, row 'Kaiju', column 'LR slope'",-2.56,result
rna-pathogen-20261009-result-carbo2022-genus-cutoff-0-kaiju-excl-human-norm-auc,rna-pathogen-20261009-source-carbo2022-supp,"Supplementary Table 1 sheet 'Suppl table 1-Genus', block 'excl. human reads and normalized', cell D27, row 'Kaiju', column 'AUC'",0.9540,result
rna-pathogen-20261009-result-carbo2022-genus-cutoff-0-kaiju-excl-human-norm-lr-intercept,rna-pathogen-20261009-source-carbo2022-supp,"Supplementary Table 1 sheet 'Suppl table 1-Genus', block 'excl. human reads and normalized', cell J27, row 'Kaiju', column 'LR intercept'",28.9,result
rna-pathogen-20261009-result-carbo2022-genus-cutoff-0-kaiju-excl-human-norm-lr-r2,rna-pathogen-20261009-source-carbo2022-supp,"Supplementary Table 1 sheet 'Suppl table 1-Genus', block 'excl. human reads and normalized', cell K27, row 'Kaiju', column 'LR r2, %'",62.6,result
rna-pathogen-20261009-result-carbo2022-genus-cutoff-0-kaiju-excl-human-norm-lr-slope,rna-pathogen-20261009-source-carbo2022-supp,"Supplementary Table 1 sheet 'Suppl table 1-Genus', block 'excl. human reads and normalized', cell I27, row 'Kaiju', column 'LR slope'",-2.61,result
rna-pathogen-20261009-result-carbo2022-genus-cutoff-0-kaiju-excl-human-norm-npv,rna-pathogen-20261009-source-carbo2022-supp,"Supplementary Table 1 sheet 'Suppl table 1-Genus', block 'excl. human reads and normalized', cell H27, row 'Kaiju', column 'NPV (ROC)'",0.9987,result
rna-pathogen-20261009-result-carbo2022-genus-cutoff-0-kaiju-excl-human-norm-ppv,rna-pathogen-20261009-source-carbo2022-supp,"Supplementary Table 1 sheet 'Suppl table 1-Genus', block 'excl. human reads and normalized', cell G27, row 'Kaiju', column 'PPV (ROC)'",0.4792,result
rna-pathogen-20261009-result-carbo2022-genus-cutoff-0-kaiju-excl-human-norm-roc-distance,rna-pathogen-20261009-source-carbo2022-supp,"Supplementary Table 1 sheet 'Suppl table 1-Genus', block 'excl. human reads and normalized', cell C27, row 'Kaiju', column 'Informedness'",0.0529,result
rna-pathogen-20261009-result-carbo2022-genus-cutoff-0-kaiju-excl-human-norm-sensitivity,rna-pathogen-20261009-source-carbo2022-supp,"Supplementary Table 1 sheet 'Suppl table 1-Genus', block 'excl. human reads and normalized', cell E27, row 'Kaiju', column 'SN (ROC)'",0.9583,result
rna-pathogen-20261009-result-carbo2022-genus-cutoff-0-kaiju-excl-human-norm-specificity,rna-pathogen-20261009-source-carbo2022-supp,"Supplementary Table 1 sheet 'Suppl table 1-Genus', block 'excl. human reads and normalized', cell F27, row 'Kaiju', column 'SL (ROC)'",0.9674,result
rna-pathogen-20261009-result-carbo2022-genus-cutoff-0-kaiju-excl-human-norm-taxa,rna-pathogen-20261009-source-carbo2022-supp,"Supplementary Table 1 sheet 'Suppl table 1-Genus', block 'excl. human reads and normalized', cell L27, row 'Kaiju', column 'Taxa'",10,result
rna-pathogen-20261009-result-carbo2022-genus-cutoff-0-kaiju-excl-human-norm-taxa-with-reads,rna-pathogen-20261009-source-carbo2022-supp,"Supplementary Table 1 sheet 'Suppl table 1-Genus', block 'excl. human reads and normalized', cell M27, row 'Kaiju', column 'Taxa with reads >0'",10,result
rna-pathogen-20261009-result-carbo2022-genus-cutoff-0-kaiju-excl-human-npv,rna-pathogen-20261009-source-carbo2022-supp,"Supplementary Table 1 sheet 'Suppl table 1-Genus', block 'excl. human reads', cell H17, row 'Kaiju', column 'NPV (ROC)'",0.9987,result
rna-pathogen-20261009-result-carbo2022-genus-cutoff-0-kaiju-excl-human-ppv,rna-pathogen-20261009-source-carbo2022-supp,"Supplementary Table 1 sheet 'Suppl table 1-Genus', block 'excl. human reads', cell G17, row 'Kaiju', column 'PPV (ROC)'",0.4894,result
rna-pathogen-20261009-result-carbo2022-genus-cutoff-0-kaiju-excl-human-roc-distance,rna-pathogen-20261009-source-carbo2022-supp,"Supplementary Table 1 sheet 'Suppl table 1-Genus', block 'excl. human reads', cell C17, row 'Kaiju', column 'Informedness'",0.0521,result
rna-pathogen-20261009-result-carbo2022-genus-cutoff-0-kaiju-excl-human-sensitivity,rna-pathogen-20261009-source-carbo2022-supp,"Supplementary Table 1 sheet 'Suppl table 1-Genus', block 'excl. human reads', cell E17, row 'Kaiju', column 'SN (ROC)'",0.9583,result
rna-pathogen-20261009-result-carbo2022-genus-cutoff-0-kaiju-excl-human-specificity,rna-pathogen-20261009-source-carbo2022-supp,"Supplementary Table 1 sheet 'Suppl table 1-Genus', block 'excl. human reads', cell F17, row 'Kaiju', column 'SL (ROC)'",0.9688,result
rna-pathogen-20261009-result-carbo2022-genus-cutoff-0-kaiju-excl-human-taxa,rna-pathogen-20261009-source-carbo2022-supp,"Supplementary Table 1 sheet 'Suppl table 1-Genus', block 'excl. human reads', cell L17, row 'Kaiju', column 'Taxa'",10,result
rna-pathogen-20261009-result-carbo2022-genus-cutoff-0-kaiju-excl-human-taxa-with-reads,rna-pathogen-20261009-source-carbo2022-supp,"Supplementary Table 1 sheet 'Suppl table 1-Genus', block 'excl. human reads', cell M17, row 'Kaiju', column 'Taxa with reads >0'",10,result
rna-pathogen-20261009-result-carbo2022-genus-cutoff-0-kaiju-incl-human-auc,rna-pathogen-20261009-source-carbo2022-supp,"Supplementary Table 1 sheet 'Suppl table 1-Genus', block 'incl. human reads', cell D8, row 'Kaiju', column 'AUC'",0.9538,result
rna-pathogen-20261009-result-carbo2022-genus-cutoff-0-kaiju-incl-human-lr-intercept,rna-pathogen-20261009-source-carbo2022-supp,"Supplementary Table 1 sheet 'Suppl table 1-Genus', block 'incl. human reads', cell J8, row 'Kaiju', column 'LR intercept'",39.3,result
rna-pathogen-20261009-result-carbo2022-genus-cutoff-0-kaiju-incl-human-lr-r2,rna-pathogen-20261009-source-carbo2022-supp,"Supplementary Table 1 sheet 'Suppl table 1-Genus', block 'incl. human reads', cell K8, row 'Kaiju', column 'LR r2, %'",61.3,result
rna-pathogen-20261009-result-carbo2022-genus-cutoff-0-kaiju-incl-human-lr-slope,rna-pathogen-20261009-source-carbo2022-supp,"Supplementary Table 1 sheet 'Suppl table 1-Genus', block 'incl. human reads', cell I8, row 'Kaiju', column 'LR slope'",-2.57,result
rna-pathogen-20261009-result-carbo2022-genus-cutoff-0-kaiju-incl-human-npv,rna-pathogen-20261009-source-carbo2022-supp,"Supplementary Table 1 sheet 'Suppl table 1-Genus', block 'incl. human reads', cell H8, row 'Kaiju', column 'NPV (ROC)'",0.9986,result
rna-pathogen-20261009-result-carbo2022-genus-cutoff-0-kaiju-incl-human-ppv,rna-pathogen-20261009-source-carbo2022-supp,"Supplementary Table 1 sheet 'Suppl table 1-Genus', block 'incl. human reads', cell G8, row 'Kaiju', column 'PPV (ROC)'",0.2875,result
rna-pathogen-20261009-result-carbo2022-genus-cutoff-0-kaiju-incl-human-roc-distance,rna-pathogen-20261009-source-carbo2022-supp,"Supplementary Table 1 sheet 'Suppl table 1-Genus', block 'incl. human reads', cell C8, row 'Kaiju', column 'Informedness'",0.0851,result
rna-pathogen-20261009-result-carbo2022-genus-cutoff-0-kaiju-incl-human-sensitivity,rna-pathogen-20261009-source-carbo2022-supp,"Supplementary Table 1 sheet 'Suppl table 1-Genus', block 'incl. human reads', cell E8, row 'Kaiju', column 'SN (ROC)'",0.9583,result
rna-pathogen-20261009-result-carbo2022-genus-cutoff-0-kaiju-incl-human-specificity,rna-pathogen-20261009-source-carbo2022-supp,"Supplementary Table 1 sheet 'Suppl table 1-Genus', block 'incl. human reads', cell F8, row 'Kaiju', column 'SL (ROC)'",0.9258,result
rna-pathogen-20261009-result-carbo2022-genus-cutoff-0-kaiju-incl-human-taxa,rna-pathogen-20261009-source-carbo2022-supp,"Supplementary Table 1 sheet 'Suppl table 1-Genus', block 'incl. human reads', cell L8, row 'Kaiju', column 'Taxa'",10,result
rna-pathogen-20261009-result-carbo2022-genus-cutoff-0-kaiju-incl-human-taxa-with-reads,rna-pathogen-20261009-source-carbo2022-supp,"Supplementary Table 1 sheet 'Suppl table 1-Genus', block 'incl. human reads', cell M8, row 'Kaiju', column 'Taxa with reads >0'",10,result
rna-pathogen-20261009-result-carbo2022-genus-cutoff-0-kraken2-excl-human-auc,rna-pathogen-20261009-source-carbo2022-supp,"Supplementary Table 1 sheet 'Suppl table 1-Genus', block 'excl. human reads', cell D16, row 'Kraken2', column 'AUC'",0.9576,result
rna-pathogen-20261009-result-carbo2022-genus-cutoff-0-kraken2-excl-human-lr-intercept,rna-pathogen-20261009-source-carbo2022-supp,"Supplementary Table 1 sheet 'Suppl table 1-Genus', block 'excl. human reads', cell J16, row 'Kraken2', column 'LR intercept'",33.4,result
rna-pathogen-20261009-result-carbo2022-genus-cutoff-0-kraken2-excl-human-lr-r2,rna-pathogen-20261009-source-carbo2022-supp,"Supplementary Table 1 sheet 'Suppl table 1-Genus', block 'excl. human reads', cell K16, row 'Kraken2', column 'LR r2, %'",21.3,result
rna-pathogen-20261009-result-carbo2022-genus-cutoff-0-kraken2-excl-human-lr-slope,rna-pathogen-20261009-source-carbo2022-supp,"Supplementary Table 1 sheet 'Suppl table 1-Genus', block 'excl. human reads', cell I16, row 'Kraken2', column 'LR slope'",-1.5,result
rna-pathogen-20261009-result-carbo2022-genus-cutoff-0-kraken2-excl-human-norm-auc,rna-pathogen-20261009-source-carbo2022-supp,"Supplementary Table 1 sheet 'Suppl table 1-Genus', block 'excl. human reads and normalized', cell D26, row 'Kraken2', column 'AUC'",0.9576,result
rna-pathogen-20261009-result-carbo2022-genus-cutoff-0-kraken2-excl-human-norm-lr-intercept,rna-pathogen-20261009-source-carbo2022-supp,"Supplementary Table 1 sheet 'Suppl table 1-Genus', block 'excl. human reads and normalized', cell J26, row 'Kraken2', column 'LR intercept'",27.1,result
rna-pathogen-20261009-result-carbo2022-genus-cutoff-0-kraken2-excl-human-norm-lr-r2,rna-pathogen-20261009-source-carbo2022-supp,"Supplementary Table 1 sheet 'Suppl table 1-Genus', block 'excl. human reads and normalized', cell K26, row 'Kraken2', column 'LR r2, %'",25.3,result
rna-pathogen-20261009-result-carbo2022-genus-cutoff-0-kraken2-excl-human-norm-lr-slope,rna-pathogen-20261009-source-carbo2022-supp,"Supplementary Table 1 sheet 'Suppl table 1-Genus', block 'excl. human reads and normalized', cell I26, row 'Kraken2', column 'LR slope'",-1.66,result
rna-pathogen-20261009-result-carbo2022-genus-cutoff-0-kraken2-excl-human-norm-npv,rna-pathogen-20261009-source-carbo2022-supp,"Supplementary Table 1 sheet 'Suppl table 1-Genus', block 'excl. human reads and normalized', cell H26, row 'Kraken2', column 'NPV (ROC)'",0.9986,result
rna-pathogen-20261009-result-carbo2022-genus-cutoff-0-kraken2-excl-human-norm-ppv,rna-pathogen-20261009-source-carbo2022-supp,"Supplementary Table 1 sheet 'Suppl table 1-Genus', block 'excl. human reads and normalized', cell G26, row 'Kraken2', column 'PPV (ROC)'",0.3108,result
rna-pathogen-20261009-result-carbo2022-genus-cutoff-0-kraken2-excl-human-norm-roc-distance,rna-pathogen-20261009-source-carbo2022-supp,"Supplementary Table 1 sheet 'Suppl table 1-Genus', block 'excl. human reads and normalized', cell C26, row 'Kraken2', column 'Informedness'",0.0784,result
rna-pathogen-20261009-result-carbo2022-genus-cutoff-0-kraken2-excl-human-norm-sensitivity,rna-pathogen-20261009-source-carbo2022-supp,"Supplementary Table 1 sheet 'Suppl table 1-Genus', block 'excl. human reads and normalized', cell E26, row 'Kraken2', column 'SN (ROC)'",0.9583,result
rna-pathogen-20261009-result-carbo2022-genus-cutoff-0-kraken2-excl-human-norm-specificity,rna-pathogen-20261009-source-carbo2022-supp,"Supplementary Table 1 sheet 'Suppl table 1-Genus', block 'excl. human reads and normalized', cell F26, row 'Kraken2', column 'SL (ROC)'",0.9336,result
rna-pathogen-20261009-result-carbo2022-genus-cutoff-0-kraken2-excl-human-norm-taxa,rna-pathogen-20261009-source-carbo2022-supp,"Supplementary Table 1 sheet 'Suppl table 1-Genus', block 'excl. human reads and normalized', cell L26, row 'Kraken2', column 'Taxa'",10,result
rna-pathogen-20261009-result-carbo2022-genus-cutoff-0-kraken2-excl-human-norm-taxa-with-reads,rna-pathogen-20261009-source-carbo2022-supp,"Supplementary Table 1 sheet 'Suppl table 1-Genus', block 'excl. human reads and normalized', cell M26, row 'Kraken2', column 'Taxa with reads >0'",10,result
rna-pathogen-20261009-result-carbo2022-genus-cutoff-0-kraken2-excl-human-npv,rna-pathogen-20261009-source-carbo2022-supp,"Supplementary Table 1 sheet 'Suppl table 1-Genus', block 'excl. human reads', cell H16, row 'Kraken2', column 'NPV (ROC)'",0.9986,result
rna-pathogen-20261009-result-carbo2022-genus-cutoff-0-kraken2-excl-human-ppv,rna-pathogen-20261009-source-carbo2022-supp,"Supplementary Table 1 sheet 'Suppl table 1-Genus', block 'excl. human reads', cell G16, row 'Kraken2', column 'PPV (ROC)'",0.3108,result
rna-pathogen-20261009-result-carbo2022-genus-cutoff-0-kraken2-excl-human-roc-distance,rna-pathogen-20261009-source-carbo2022-supp,"Supplementary Table 1 sheet 'Suppl table 1-Genus', block 'excl. human reads', cell C16, row 'Kraken2', column 'Informedness'",0.0784,result
rna-pathogen-20261009-result-carbo2022-genus-cutoff-0-kraken2-excl-human-sensitivity,rna-pathogen-20261009-source-carbo2022-supp,"Supplementary Table 1 sheet 'Suppl table 1-Genus', block 'excl. human reads', cell E16, row 'Kraken2', column 'SN (ROC)'",0.9583,result
rna-pathogen-20261009-result-carbo2022-genus-cutoff-0-kraken2-excl-human-specificity,rna-pathogen-20261009-source-carbo2022-supp,"Supplementary Table 1 sheet 'Suppl table 1-Genus', block 'excl. human reads', cell F16, row 'Kraken2', column 'SL (ROC)'",0.9336,result
rna-pathogen-20261009-result-carbo2022-genus-cutoff-0-kraken2-excl-human-taxa,rna-pathogen-20261009-source-carbo2022-supp,"Supplementary Table 1 sheet 'Suppl table 1-Genus', block 'excl. human reads', cell L16, row 'Kraken2', column 'Taxa'",10,result
rna-pathogen-20261009-result-carbo2022-genus-cutoff-0-kraken2-excl-human-taxa-with-reads,rna-pathogen-20261009-source-carbo2022-supp,"Supplementary Table 1 sheet 'Suppl table 1-Genus', block 'excl. human reads', cell M16, row 'Kraken2', column 'Taxa with reads >0'",10,result
rna-pathogen-20261009-result-carbo2022-genus-cutoff-0-kraken2-incl-human-auc,rna-pathogen-20261009-source-carbo2022-supp,"Supplementary Table 1 sheet 'Suppl table 1-Genus', block 'incl. human reads', cell D6, row 'Kraken2', column 'AUC'",0.9690,result
rna-pathogen-20261009-result-carbo2022-genus-cutoff-0-kraken2-incl-human-lr-intercept,rna-pathogen-20261009-source-carbo2022-supp,"Supplementary Table 1 sheet 'Suppl table 1-Genus', block 'incl. human reads', cell J6, row 'Kraken2', column 'LR intercept'",36.2,result
rna-pathogen-20261009-result-carbo2022-genus-cutoff-0-kraken2-incl-human-lr-r2,rna-pathogen-20261009-source-carbo2022-supp,"Supplementary Table 1 sheet 'Suppl table 1-Genus', block 'incl. human reads', cell K6, row 'Kraken2', column 'LR r2, %'",35.3,result
rna-pathogen-20261009-result-carbo2022-genus-cutoff-0-kraken2-incl-human-lr-slope,rna-pathogen-20261009-source-carbo2022-supp,"Supplementary Table 1 sheet 'Suppl table 1-Genus', block 'incl. human reads', cell I6, row 'Kraken2', column 'LR slope'",-2.16,result
rna-pathogen-20261009-result-carbo2022-genus-cutoff-0-kraken2-incl-human-npv,rna-pathogen-20261009-source-carbo2022-supp,"Supplementary Table 1 sheet 'Suppl table 1-Genus', block 'incl. human reads', cell H6, row 'Kraken2', column 'NPV (ROC)'",0.9986,result
rna-pathogen-20261009-result-carbo2022-genus-cutoff-0-kraken2-incl-human-ppv,rna-pathogen-20261009-source-carbo2022-supp,"Supplementary Table 1 sheet 'Suppl table 1-Genus', block 'incl. human reads', cell G6, row 'Kraken2', column 'PPV (ROC)'",0.2875,result
rna-pathogen-20261009-result-carbo2022-genus-cutoff-0-kraken2-incl-human-roc-distance,rna-pathogen-20261009-source-carbo2022-supp,"Supplementary Table 1 sheet 'Suppl table 1-Genus', block 'incl. human reads', cell C6, row 'Kraken2', column 'Informedness'",0.0851,result
rna-pathogen-20261009-result-carbo2022-genus-cutoff-0-kraken2-incl-human-sensitivity,rna-pathogen-20261009-source-carbo2022-supp,"Supplementary Table 1 sheet 'Suppl table 1-Genus', block 'incl. human reads', cell E6, row 'Kraken2', column 'SN (ROC)'",0.9583,result
rna-pathogen-20261009-result-carbo2022-genus-cutoff-0-kraken2-incl-human-specificity,rna-pathogen-20261009-source-carbo2022-supp,"Supplementary Table 1 sheet 'Suppl table 1-Genus', block 'incl. human reads', cell F6, row 'Kraken2', column 'SL (ROC)'",0.9258,result
rna-pathogen-20261009-result-carbo2022-genus-cutoff-0-kraken2-incl-human-taxa,rna-pathogen-20261009-source-carbo2022-supp,"Supplementary Table 1 sheet 'Suppl table 1-Genus', block 'incl. human reads', cell L6, row 'Kraken2', column 'Taxa'",10,result
rna-pathogen-20261009-result-carbo2022-genus-cutoff-0-kraken2-incl-human-taxa-with-reads,rna-pathogen-20261009-source-carbo2022-supp,"Supplementary Table 1 sheet 'Suppl table 1-Genus', block 'incl. human reads', cell M6, row 'Kraken2', column 'Taxa with reads >0'",10,result
rna-pathogen-20261009-result-carbo2022-species-cutoff-0-centrifuge-excl-human-auc,rna-pathogen-20261009-source-carbo2022-supp,"Supplementary Table 1 sheet 'Suppl table 1-Species', block 'excl. human reads', cell D21, row 'Centrifuge', column 'AUC'",0.9425,result
rna-pathogen-20261009-result-carbo2022-species-cutoff-0-centrifuge-excl-human-lr-intercept,rna-pathogen-20261009-source-carbo2022-supp,"Supplementary Table 1 sheet 'Suppl table 1-Species', block 'excl. human reads', cell J21, row 'Centrifuge', column 'LR intercept'",35.2,result
rna-pathogen-20261009-result-carbo2022-species-cutoff-0-centrifuge-excl-human-lr-r2,rna-pathogen-20261009-source-carbo2022-supp,"Supplementary Table 1 sheet 'Suppl table 1-Species', block 'excl. human reads', cell K21, row 'Centrifuge', column 'LR r2, %'",32.2,result
rna-pathogen-20261009-result-carbo2022-species-cutoff-0-centrifuge-excl-human-lr-slope,rna-pathogen-20261009-source-carbo2022-supp,"Supplementary Table 1 sheet 'Suppl table 1-Species', block 'excl. human reads', cell I21, row 'Centrifuge', column 'LR slope'",-1.93,result
rna-pathogen-20261009-result-carbo2022-species-cutoff-0-centrifuge-excl-human-norm-auc,rna-pathogen-20261009-source-carbo2022-supp,"Supplementary Table 1 sheet 'Suppl table 1-Species', block 'excl. human reads and normalized', cell D31, row 'Centrifuge', column 'AUC'",0.9425,result
rna-pathogen-20261009-result-carbo2022-species-cutoff-0-centrifuge-excl-human-norm-lr-intercept,rna-pathogen-20261009-source-carbo2022-supp,"Supplementary Table 1 sheet 'Suppl table 1-Species', block 'excl. human reads and normalized', cell J31, row 'Centrifuge', column 'LR intercept'",27.2,result
rna-pathogen-20261009-result-carbo2022-species-cutoff-0-centrifuge-excl-human-norm-lr-r2,rna-pathogen-20261009-source-carbo2022-supp,"Supplementary Table 1 sheet 'Suppl table 1-Species', block 'excl. human reads and normalized', cell K31, row 'Centrifuge', column 'LR r2, %'",38.2,result
rna-pathogen-20261009-result-carbo2022-species-cutoff-0-centrifuge-excl-human-norm-lr-slope,rna-pathogen-20261009-source-carbo2022-supp,"Supplementary Table 1 sheet 'Suppl table 1-Species', block 'excl. human reads and normalized', cell I31, row 'Centrifuge', column 'LR slope'",-2.15,result
rna-pathogen-20261009-result-carbo2022-species-cutoff-0-centrifuge-excl-human-norm-npv,rna-pathogen-20261009-source-carbo2022-supp,"Supplementary Table 1 sheet 'Suppl table 1-Species', block 'excl. human reads and normalized', cell H31, row 'Centrifuge', column 'NPV (ROC)'",0.9973,result
rna-pathogen-20261009-result-carbo2022-species-cutoff-0-centrifuge-excl-human-norm-ppv,rna-pathogen-20261009-source-carbo2022-supp,"Supplementary Table 1 sheet 'Suppl table 1-Species', block 'excl. human reads and normalized', cell G31, row 'Centrifuge', column 'PPV (ROC)'",0.5789,result
rna-pathogen-20261009-result-carbo2022-species-cutoff-0-centrifuge-excl-human-norm-roc-distance,rna-pathogen-20261009-source-carbo2022-supp,"Supplementary Table 1 sheet 'Suppl table 1-Species', block 'excl. human reads and normalized', cell C31, row 'Centrifuge', column 'Informedness'",0.0859,result
rna-pathogen-20261009-result-carbo2022-species-cutoff-0-centrifuge-excl-human-norm-sensitivity,rna-pathogen-20261009-source-carbo2022-supp,"Supplementary Table 1 sheet 'Suppl table 1-Species', block 'excl. human reads and normalized', cell E31, row 'Centrifuge', column 'SN (ROC)'",0.9167,result
rna-pathogen-20261009-result-carbo2022-species-cutoff-0-centrifuge-excl-human-norm-specificity,rna-pathogen-20261009-source-carbo2022-supp,"Supplementary Table 1 sheet 'Suppl table 1-Species', block 'excl. human reads and normalized', cell F31, row 'Centrifuge', column 'SL (ROC)'",0.9792,result
rna-pathogen-20261009-result-carbo2022-species-cutoff-0-centrifuge-excl-human-norm-taxa,rna-pathogen-20261009-source-carbo2022-supp,"Supplementary Table 1 sheet 'Suppl table 1-Species', block 'excl. human reads and normalized', cell L31, row 'Centrifuge', column 'Taxa'",17,result
rna-pathogen-20261009-result-carbo2022-species-cutoff-0-centrifuge-excl-human-norm-taxa-with-reads,rna-pathogen-20261009-source-carbo2022-supp,"Supplementary Table 1 sheet 'Suppl table 1-Species', block 'excl. human reads and normalized', cell M31, row 'Centrifuge', column 'Taxa with reads >0'",17,result
rna-pathogen-20261009-result-carbo2022-species-cutoff-0-centrifuge-excl-human-npv,rna-pathogen-20261009-source-carbo2022-supp,"Supplementary Table 1 sheet 'Suppl table 1-Species', block 'excl. human reads', cell H21, row 'Centrifuge', column 'NPV (ROC)'",0.9973,result
rna-pathogen-20261009-result-carbo2022-species-cutoff-0-centrifuge-excl-human-ppv,rna-pathogen-20261009-source-carbo2022-supp,"Supplementary Table 1 sheet 'Suppl table 1-Species', block 'excl. human reads', cell G21, row 'Centrifuge', column 'PPV (ROC)'",0.5789,result
rna-pathogen-20261009-result-carbo2022-species-cutoff-0-centrifuge-excl-human-roc-distance,rna-pathogen-20261009-source-carbo2022-supp,"Supplementary Table 1 sheet 'Suppl table 1-Species', block 'excl. human reads', cell C21, row 'Centrifuge', column 'Informedness'",0.0859,result
rna-pathogen-20261009-result-carbo2022-species-cutoff-0-centrifuge-excl-human-sensitivity,rna-pathogen-20261009-source-carbo2022-supp,"Supplementary Table 1 sheet 'Suppl table 1-Species', block 'excl. human reads', cell E21, row 'Centrifuge', column 'SN (ROC)'",0.9167,result
rna-pathogen-20261009-result-carbo2022-species-cutoff-0-centrifuge-excl-human-specificity,rna-pathogen-20261009-source-carbo2022-supp,"Supplementary Table 1 sheet 'Suppl table 1-Species', block 'excl. human reads', cell F21, row 'Centrifuge', column 'SL (ROC)'",0.9792,result
rna-pathogen-20261009-result-carbo2022-species-cutoff-0-centrifuge-excl-human-taxa,rna-pathogen-20261009-source-carbo2022-supp,"Supplementary Table 1 sheet 'Suppl table 1-Species', block 'excl. human reads', cell L21, row 'Centrifuge', column 'Taxa'",17,result
rna-pathogen-20261009-result-carbo2022-species-cutoff-0-centrifuge-excl-human-taxa-with-reads,rna-pathogen-20261009-source-carbo2022-supp,"Supplementary Table 1 sheet 'Suppl table 1-Species', block 'excl. human reads', cell M21, row 'Centrifuge', column 'Taxa with reads >0'",17,result
rna-pathogen-20261009-result-carbo2022-species-cutoff-0-centrifuge-incl-human-auc,rna-pathogen-20261009-source-carbo2022-supp,"Supplementary Table 1 sheet 'Suppl table 1-Species', block 'incl. human reads', cell D12, row 'Centrifuge', column 'AUC'",0.9681,result
rna-pathogen-20261009-result-carbo2022-species-cutoff-0-centrifuge-incl-human-lr-intercept,rna-pathogen-20261009-source-carbo2022-supp,"Supplementary Table 1 sheet 'Suppl table 1-Species', block 'incl. human reads', cell J12, row 'Centrifuge', column 'LR intercept'",35.5,result
rna-pathogen-20261009-result-carbo2022-species-cutoff-0-centrifuge-incl-human-lr-r2,rna-pathogen-20261009-source-carbo2022-supp,"Supplementary Table 1 sheet 'Suppl table 1-Species', block 'incl. human reads', cell K12, row 'Centrifuge', column 'LR r2, %'",35.5,result
rna-pathogen-20261009-result-carbo2022-species-cutoff-0-centrifuge-incl-human-lr-slope,rna-pathogen-20261009-source-carbo2022-supp,"Supplementary Table 1 sheet 'Suppl table 1-Species', block 'incl. human reads', cell I12, row 'Centrifuge', column 'LR slope'",-2.03,result
rna-pathogen-20261009-result-carbo2022-species-cutoff-0-centrifuge-incl-human-npv,rna-pathogen-20261009-source-carbo2022-supp,"Supplementary Table 1 sheet 'Suppl table 1-Species', block 'incl. human reads', cell H12, row 'Centrifuge', column 'NPV (ROC)'",0.9973,result
rna-pathogen-20261009-result-carbo2022-species-cutoff-0-centrifuge-incl-human-ppv,rna-pathogen-20261009-source-carbo2022-supp,"Supplementary Table 1 sheet 'Suppl table 1-Species', block 'incl. human reads', cell G12, row 'Centrifuge', column 'PPV (ROC)'",0.4151,result
rna-pathogen-20261009-result-carbo2022-species-cutoff-0-centrifuge-incl-human-roc-distance,rna-pathogen-20261009-source-carbo2022-supp,"Supplementary Table 1 sheet 'Suppl table 1-Species', block 'incl. human reads', cell C12, row 'Centrifuge', column 'Informedness'",0.0926,result
rna-pathogen-20261009-result-carbo2022-species-cutoff-0-centrifuge-incl-human-sensitivity,rna-pathogen-20261009-source-carbo2022-supp,"Supplementary Table 1 sheet 'Suppl table 1-Species', block 'incl. human reads', cell E12, row 'Centrifuge', column 'SN (ROC)'",0.9167,result
rna-pathogen-20261009-result-carbo2022-species-cutoff-0-centrifuge-incl-human-specificity,rna-pathogen-20261009-source-carbo2022-supp,"Supplementary Table 1 sheet 'Suppl table 1-Species', block 'incl. human reads', cell F12, row 'Centrifuge', column 'SL (ROC)'",0.9596,result
rna-pathogen-20261009-result-carbo2022-species-cutoff-0-centrifuge-incl-human-taxa,rna-pathogen-20261009-source-carbo2022-supp,"Supplementary Table 1 sheet 'Suppl table 1-Species', block 'incl. human reads', cell L12, row 'Centrifuge', column 'Taxa'",17,result
rna-pathogen-20261009-result-carbo2022-species-cutoff-0-centrifuge-incl-human-taxa-with-reads,rna-pathogen-20261009-source-carbo2022-supp,"Supplementary Table 1 sheet 'Suppl table 1-Species', block 'incl. human reads', cell M12, row 'Centrifuge', column 'Taxa with reads >0'",17,result
rna-pathogen-20261009-result-carbo2022-species-cutoff-0-clark-excl-human-auc,rna-pathogen-20261009-source-carbo2022-supp,"Supplementary Table 1 sheet 'Suppl table 1-Species', block 'excl. human reads', cell D19, row 'CLARK', column 'AUC'",0.9064,result
rna-pathogen-20261009-result-carbo2022-species-cutoff-0-clark-excl-human-lr-intercept,rna-pathogen-20261009-source-carbo2022-supp,"Supplementary Table 1 sheet 'Suppl table 1-Species', block 'excl. human reads', cell J19, row 'CLARK', column 'LR intercept'",34.3,result
rna-pathogen-20261009-result-carbo2022-species-cutoff-0-clark-excl-human-lr-r2,rna-pathogen-20261009-source-carbo2022-supp,"Supplementary Table 1 sheet 'Suppl table 1-Species', block 'excl. human reads', cell K19, row 'CLARK', column 'LR r2, %'",29,result
rna-pathogen-20261009-result-carbo2022-species-cutoff-0-clark-excl-human-lr-slope,rna-pathogen-20261009-source-carbo2022-supp,"Supplementary Table 1 sheet 'Suppl table 1-Species', block 'excl. human reads', cell I19, row 'CLARK', column 'LR slope'",-1.68,result
rna-pathogen-20261009-result-carbo2022-species-cutoff-0-clark-excl-human-norm-auc,rna-pathogen-20261009-source-carbo2022-supp,"Supplementary Table 1 sheet 'Suppl table 1-Species', block 'excl. human reads and normalized', cell D29, row 'CLARK', column 'AUC'",0.9065,result
rna-pathogen-20261009-result-carbo2022-species-cutoff-0-clark-excl-human-norm-lr-intercept,rna-pathogen-20261009-source-carbo2022-supp,"Supplementary Table 1 sheet 'Suppl table 1-Species', block 'excl. human reads and normalized', cell J29, row 'CLARK', column 'LR intercept'",27.2,result
rna-pathogen-20261009-result-carbo2022-species-cutoff-0-clark-excl-human-norm-lr-r2,rna-pathogen-20261009-source-carbo2022-supp,"Supplementary Table 1 sheet 'Suppl table 1-Species', block 'excl. human reads and normalized', cell K29, row 'CLARK', column 'LR r2, %'",35.6,result
rna-pathogen-20261009-result-carbo2022-species-cutoff-0-clark-excl-human-norm-lr-slope,rna-pathogen-20261009-source-carbo2022-supp,"Supplementary Table 1 sheet 'Suppl table 1-Species', block 'excl. human reads and normalized', cell I29, row 'CLARK', column 'LR slope'",-1.96,result
rna-pathogen-20261009-result-carbo2022-species-cutoff-0-clark-excl-human-norm-npv,rna-pathogen-20261009-source-carbo2022-supp,"Supplementary Table 1 sheet 'Suppl table 1-Species', block 'excl. human reads and normalized', cell H29, row 'CLARK', column 'NPV (ROC)'",0.9948,result
rna-pathogen-20261009-result-carbo2022-species-cutoff-0-clark-excl-human-norm-ppv,rna-pathogen-20261009-source-carbo2022-supp,"Supplementary Table 1 sheet 'Suppl table 1-Species', block 'excl. human reads and normalized', cell G29, row 'CLARK', column 'PPV (ROC)'",0.6667,result
rna-pathogen-20261009-result-carbo2022-species-cutoff-0-clark-excl-human-norm-roc-distance,rna-pathogen-20261009-source-carbo2022-supp,"Supplementary Table 1 sheet 'Suppl table 1-Species', block 'excl. human reads and normalized', cell C29, row 'CLARK', column 'Informedness'",0.1672,result
rna-pathogen-20261009-result-carbo2022-species-cutoff-0-clark-excl-human-norm-sensitivity,rna-pathogen-20261009-source-carbo2022-supp,"Supplementary Table 1 sheet 'Suppl table 1-Species', block 'excl. human reads and normalized', cell E29, row 'CLARK', column 'SN (ROC)'",0.8333,result
rna-pathogen-20261009-result-carbo2022-species-cutoff-0-clark-excl-human-norm-specificity,rna-pathogen-20261009-source-carbo2022-supp,"Supplementary Table 1 sheet 'Suppl table 1-Species', block 'excl. human reads and normalized', cell F29, row 'CLARK', column 'SL (ROC)'",0.9870,result
rna-pathogen-20261009-result-carbo2022-species-cutoff-0-clark-excl-human-norm-taxa,rna-pathogen-20261009-source-carbo2022-supp,"Supplementary Table 1 sheet 'Suppl table 1-Species', block 'excl. human reads and normalized', cell L29, row 'CLARK', column 'Taxa'",17,result
rna-pathogen-20261009-result-carbo2022-species-cutoff-0-clark-excl-human-norm-taxa-with-reads,rna-pathogen-20261009-source-carbo2022-supp,"Supplementary Table 1 sheet 'Suppl table 1-Species', block 'excl. human reads and normalized', cell M29, row 'CLARK', column 'Taxa with reads >0'",17,result
rna-pathogen-20261009-result-carbo2022-species-cutoff-0-clark-excl-human-npv,rna-pathogen-20261009-source-carbo2022-supp,"Supplementary Table 1 sheet 'Suppl table 1-Species', block 'excl. human reads', cell H19, row 'CLARK', column 'NPV (ROC)'",0.9948,result
rna-pathogen-20261009-result-carbo2022-species-cutoff-0-clark-excl-human-ppv,rna-pathogen-20261009-source-carbo2022-supp,"Supplementary Table 1 sheet 'Suppl table 1-Species', block 'excl. human reads', cell G19, row 'CLARK', column 'PPV (ROC)'",0.6667,result
rna-pathogen-20261009-result-carbo2022-species-cutoff-0-clark-excl-human-roc-distance,rna-pathogen-20261009-source-carbo2022-supp,"Supplementary Table 1 sheet 'Suppl table 1-Species', block 'excl. human reads', cell C19, row 'CLARK', column 'Informedness'",0.1672,result
rna-pathogen-20261009-result-carbo2022-species-cutoff-0-clark-excl-human-sensitivity,rna-pathogen-20261009-source-carbo2022-supp,"Supplementary Table 1 sheet 'Suppl table 1-Species', block 'excl. human reads', cell E19, row 'CLARK', column 'SN (ROC)'",0.8333,result
rna-pathogen-20261009-result-carbo2022-species-cutoff-0-clark-excl-human-specificity,rna-pathogen-20261009-source-carbo2022-supp,"Supplementary Table 1 sheet 'Suppl table 1-Species', block 'excl. human reads', cell F19, row 'CLARK', column 'SL (ROC)'",0.9870,result
rna-pathogen-20261009-result-carbo2022-species-cutoff-0-clark-excl-human-taxa,rna-pathogen-20261009-source-carbo2022-supp,"Supplementary Table 1 sheet 'Suppl table 1-Species', block 'excl. human reads', cell L19, row 'CLARK', column 'Taxa'",17,result
rna-pathogen-20261009-result-carbo2022-species-cutoff-0-clark-excl-human-taxa-with-reads,rna-pathogen-20261009-source-carbo2022-supp,"Supplementary Table 1 sheet 'Suppl table 1-Species', block 'excl. human reads', cell M19, row 'CLARK', column 'Taxa with reads >0'",17,result
rna-pathogen-20261009-result-carbo2022-species-cutoff-0-clark-incl-human-auc,rna-pathogen-20261009-source-carbo2022-supp,"Supplementary Table 1 sheet 'Suppl table 1-Species', block 'incl. human reads', cell D9, row 'CLARK', column 'AUC'",0.9490,result
rna-pathogen-20261009-result-carbo2022-species-cutoff-0-clark-incl-human-lr-intercept,rna-pathogen-20261009-source-carbo2022-supp,"Supplementary Table 1 sheet 'Suppl table 1-Species', block 'incl. human reads', cell J9, row 'CLARK', column 'LR intercept'",32.4,result
rna-pathogen-20261009-result-carbo2022-species-cutoff-0-clark-incl-human-lr-r2,rna-pathogen-20261009-source-carbo2022-supp,"Supplementary Table 1 sheet 'Suppl table 1-Species', block 'incl. human reads', cell K9, row 'CLARK', column 'LR r2, %'",15.1,result
rna-pathogen-20261009-result-carbo2022-species-cutoff-0-clark-incl-human-lr-slope,rna-pathogen-20261009-source-carbo2022-supp,"Supplementary Table 1 sheet 'Suppl table 1-Species', block 'incl. human reads', cell I9, row 'CLARK', column 'LR slope'",-1.28,result
rna-pathogen-20261009-result-carbo2022-species-cutoff-0-clark-incl-human-npv,rna-pathogen-20261009-source-carbo2022-supp,"Supplementary Table 1 sheet 'Suppl table 1-Species', block 'incl. human reads', cell H9, row 'CLARK', column 'NPV (ROC)'",0.9974,result
rna-pathogen-20261009-result-carbo2022-species-cutoff-0-clark-incl-human-ppv,rna-pathogen-20261009-source-carbo2022-supp,"Supplementary Table 1 sheet 'Suppl table 1-Species', block 'incl. human reads', cell G9, row 'CLARK', column 'PPV (ROC)'",0.6875,result
rna-pathogen-20261009-result-carbo2022-species-cutoff-0-clark-incl-human-roc-distance,rna-pathogen-20261009-source-carbo2022-supp,"Supplementary Table 1 sheet 'Suppl table 1-Species', block 'incl. human reads', cell C9, row 'CLARK', column 'Informedness'",0.0843,result
rna-pathogen-20261009-result-carbo2022-species-cutoff-0-clark-incl-human-sensitivity,rna-pathogen-20261009-source-carbo2022-supp,"Supplementary Table 1 sheet 'Suppl table 1-Species', block 'incl. human reads', cell E9, row 'CLARK', column 'SN (ROC)'",0.9167,result
rna-pathogen-20261009-result-carbo2022-species-cutoff-0-clark-incl-human-specificity,rna-pathogen-20261009-source-carbo2022-supp,"Supplementary Table 1 sheet 'Suppl table 1-Species', block 'incl. human reads', cell F9, row 'CLARK', column 'SL (ROC)'",0.9870,result
rna-pathogen-20261009-result-carbo2022-species-cutoff-0-clark-incl-human-taxa,rna-pathogen-20261009-source-carbo2022-supp,"Supplementary Table 1 sheet 'Suppl table 1-Species', block 'incl. human reads', cell L9, row 'CLARK', column 'Taxa'",17,result
rna-pathogen-20261009-result-carbo2022-species-cutoff-0-clark-incl-human-taxa-with-reads,rna-pathogen-20261009-source-carbo2022-supp,"Supplementary Table 1 sheet 'Suppl table 1-Species', block 'incl. human reads', cell M9, row 'CLARK', column 'Taxa with reads >0'",17,result
rna-pathogen-20261009-result-carbo2022-species-cutoff-0-genome-detective-excl-human-auc,rna-pathogen-20261009-source-carbo2022-supp,"Supplementary Table 1 sheet 'Suppl table 1-Species', block 'excl. human reads', cell D20, row 'GD', column 'AUC'",0.9512,result
rna-pathogen-20261009-result-carbo2022-species-cutoff-0-genome-detective-excl-human-lr-intercept,rna-pathogen-20261009-source-carbo2022-supp,"Supplementary Table 1 sheet 'Suppl table 1-Species', block 'excl. human reads', cell J20, row 'GD', column 'LR intercept'",38,result
rna-pathogen-20261009-result-carbo2022-species-cutoff-0-genome-detective-excl-human-lr-r2,rna-pathogen-20261009-source-carbo2022-supp,"Supplementary Table 1 sheet 'Suppl table 1-Species', block 'excl. human reads', cell K20, row 'GD', column 'LR r2, %'",42.3,result
rna-pathogen-20261009-result-carbo2022-species-cutoff-0-genome-detective-excl-human-lr-slope,rna-pathogen-20261009-source-carbo2022-supp,"Supplementary Table 1 sheet 'Suppl table 1-Species', block 'excl. human reads', cell I20, row 'GD', column 'LR slope'",-2.14,result
rna-pathogen-20261009-result-carbo2022-species-cutoff-0-genome-detective-excl-human-norm-auc,rna-pathogen-20261009-source-carbo2022-supp,"Supplementary Table 1 sheet 'Suppl table 1-Species', block 'excl. human reads and normalized', cell D30, row 'GD', column 'AUC'",0.9512,result
rna-pathogen-20261009-result-carbo2022-species-cutoff-0-genome-detective-excl-human-norm-lr-intercept,rna-pathogen-20261009-source-carbo2022-supp,"Supplementary Table 1 sheet 'Suppl table 1-Species', block 'excl. human reads and normalized', cell J30, row 'GD', column 'LR intercept'",29.4,result
rna-pathogen-20261009-result-carbo2022-species-cutoff-0-genome-detective-excl-human-norm-lr-r2,rna-pathogen-20261009-source-carbo2022-supp,"Supplementary Table 1 sheet 'Suppl table 1-Species', block 'excl. human reads and normalized', cell K30, row 'GD', column 'LR r2, %'",43.9,result
rna-pathogen-20261009-result-carbo2022-species-cutoff-0-genome-detective-excl-human-norm-lr-slope,rna-pathogen-20261009-source-carbo2022-supp,"Supplementary Table 1 sheet 'Suppl table 1-Species', block 'excl. human reads and normalized', cell I30, row 'GD', column 'LR slope'",-2.19,result
rna-pathogen-20261009-result-carbo2022-species-cutoff-0-genome-detective-excl-human-norm-npv,rna-pathogen-20261009-source-carbo2022-supp,"Supplementary Table 1 sheet 'Suppl table 1-Species', block 'excl. human reads and normalized', cell H30, row 'GD', column 'NPV (ROC)'",0.9974,result
rna-pathogen-20261009-result-carbo2022-species-cutoff-0-genome-detective-excl-human-norm-ppv,rna-pathogen-20261009-source-carbo2022-supp,"Supplementary Table 1 sheet 'Suppl table 1-Species', block 'excl. human reads and normalized', cell G30, row 'GD', column 'PPV (ROC)'",0.6667,result
rna-pathogen-20261009-result-carbo2022-species-cutoff-0-genome-detective-excl-human-norm-roc-distance,rna-pathogen-20261009-source-carbo2022-supp,"Supplementary Table 1 sheet 'Suppl table 1-Species', block 'excl. human reads and normalized', cell C30, row 'GD', column 'Informedness'",0.0846,result
rna-pathogen-20261009-result-carbo2022-species-cutoff-0-genome-detective-excl-human-norm-sensitivity,rna-pathogen-20261009-source-carbo2022-supp,"Supplementary Table 1 sheet 'Suppl table 1-Species', block 'excl. human reads and normalized', cell E30, row 'GD', column 'SN (ROC)'",0.9167,result
rna-pathogen-20261009-result-carbo2022-species-cutoff-0-genome-detective-excl-human-norm-specificity,rna-pathogen-20261009-source-carbo2022-supp,"Supplementary Table 1 sheet 'Suppl table 1-Species', block 'excl. human reads and normalized', cell F30, row 'GD', column 'SL (ROC)'",0.9857,result
rna-pathogen-20261009-result-carbo2022-species-cutoff-0-genome-detective-excl-human-norm-taxa,rna-pathogen-20261009-source-carbo2022-supp,"Supplementary Table 1 sheet 'Suppl table 1-Species', block 'excl. human reads and normalized', cell L30, row 'GD', column 'Taxa'",17,result
rna-pathogen-20261009-result-carbo2022-species-cutoff-0-genome-detective-excl-human-norm-taxa-with-reads,rna-pathogen-20261009-source-carbo2022-supp,"Supplementary Table 1 sheet 'Suppl table 1-Species', block 'excl. human reads and normalized', cell M30, row 'GD', column 'Taxa with reads >0'",17,result
rna-pathogen-20261009-result-carbo2022-species-cutoff-0-genome-detective-excl-human-npv,rna-pathogen-20261009-source-carbo2022-supp,"Supplementary Table 1 sheet 'Suppl table 1-Species', block 'excl. human reads', cell H20, row 'GD', column 'NPV (ROC)'",0.9974,result
rna-pathogen-20261009-result-carbo2022-species-cutoff-0-genome-detective-excl-human-ppv,rna-pathogen-20261009-source-carbo2022-supp,"Supplementary Table 1 sheet 'Suppl table 1-Species', block 'excl. human reads', cell G20, row 'GD', column 'PPV (ROC)'",0.6667,result
rna-pathogen-20261009-result-carbo2022-species-cutoff-0-genome-detective-excl-human-roc-distance,rna-pathogen-20261009-source-carbo2022-supp,"Supplementary Table 1 sheet 'Suppl table 1-Species', block 'excl. human reads', cell C20, row 'GD', column 'Informedness'",0.0846,result
rna-pathogen-20261009-result-carbo2022-species-cutoff-0-genome-detective-excl-human-sensitivity,rna-pathogen-20261009-source-carbo2022-supp,"Supplementary Table 1 sheet 'Suppl table 1-Species', block 'excl. human reads', cell E20, row 'GD', column 'SN (ROC)'",0.9167,result
rna-pathogen-20261009-result-carbo2022-species-cutoff-0-genome-detective-excl-human-specificity,rna-pathogen-20261009-source-carbo2022-supp,"Supplementary Table 1 sheet 'Suppl table 1-Species', block 'excl. human reads', cell F20, row 'GD', column 'SL (ROC)'",0.9857,result
rna-pathogen-20261009-result-carbo2022-species-cutoff-0-genome-detective-excl-human-taxa,rna-pathogen-20261009-source-carbo2022-supp,"Supplementary Table 1 sheet 'Suppl table 1-Species', block 'excl. human reads', cell L20, row 'GD', column 'Taxa'",17,result
rna-pathogen-20261009-result-carbo2022-species-cutoff-0-genome-detective-excl-human-taxa-with-reads,rna-pathogen-20261009-source-carbo2022-supp,"Supplementary Table 1 sheet 'Suppl table 1-Species', block 'excl. human reads', cell M20, row 'GD', column 'Taxa with reads >0'",17,result
rna-pathogen-20261009-result-carbo2022-species-cutoff-0-genome-detective-incl-human-auc,rna-pathogen-20261009-source-carbo2022-supp,"Supplementary Table 1 sheet 'Suppl table 1-Species', block 'incl. human reads', cell D10, row 'GD', column 'AUC'",0.9512,result
rna-pathogen-20261009-result-carbo2022-species-cutoff-0-genome-detective-incl-human-lr-intercept,rna-pathogen-20261009-source-carbo2022-supp,"Supplementary Table 1 sheet 'Suppl table 1-Species', block 'incl. human reads', cell J10, row 'GD', column 'LR intercept'",38,result
rna-pathogen-20261009-result-carbo2022-species-cutoff-0-genome-detective-incl-human-lr-r2,rna-pathogen-20261009-source-carbo2022-supp,"Supplementary Table 1 sheet 'Suppl table 1-Species', block 'incl. human reads', cell K10, row 'GD', column 'LR r2, %'",42.3,result
rna-pathogen-20261009-result-carbo2022-species-cutoff-0-genome-detective-incl-human-lr-slope,rna-pathogen-20261009-source-carbo2022-supp,"Supplementary Table 1 sheet 'Suppl table 1-Species', block 'incl. human reads', cell I10, row 'GD', column 'LR slope'",-2.14,result
rna-pathogen-20261009-result-carbo2022-species-cutoff-0-genome-detective-incl-human-npv,rna-pathogen-20261009-source-carbo2022-supp,"Supplementary Table 1 sheet 'Suppl table 1-Species', block 'incl. human reads', cell H10, row 'GD', column 'NPV (ROC)'",0.9974,result
rna-pathogen-20261009-result-carbo2022-species-cutoff-0-genome-detective-incl-human-ppv,rna-pathogen-20261009-source-carbo2022-supp,"Supplementary Table 1 sheet 'Suppl table 1-Species', block 'incl. human reads', cell G10, row 'GD', column 'PPV (ROC)'",0.6667,result
rna-pathogen-20261009-result-carbo2022-species-cutoff-0-genome-detective-incl-human-roc-distance,rna-pathogen-20261009-source-carbo2022-supp,"Supplementary Table 1 sheet 'Suppl table 1-Species', block 'incl. human reads', cell C10, row 'GD', column 'Informedness'",0.0846,result
rna-pathogen-20261009-result-carbo2022-species-cutoff-0-genome-detective-incl-human-sensitivity,rna-pathogen-20261009-source-carbo2022-supp,"Supplementary Table 1 sheet 'Suppl table 1-Species', block 'incl. human reads', cell E10, row 'GD', column 'SN (ROC)'",0.9167,result
rna-pathogen-20261009-result-carbo2022-species-cutoff-0-genome-detective-incl-human-specificity,rna-pathogen-20261009-source-carbo2022-supp,"Supplementary Table 1 sheet 'Suppl table 1-Species', block 'incl. human reads', cell F10, row 'GD', column 'SL (ROC)'",0.9857,result
rna-pathogen-20261009-result-carbo2022-species-cutoff-0-genome-detective-incl-human-taxa,rna-pathogen-20261009-source-carbo2022-supp,"Supplementary Table 1 sheet 'Suppl table 1-Species', block 'incl. human reads', cell L10, row 'GD', column 'Taxa'",17,result
rna-pathogen-20261009-result-carbo2022-species-cutoff-0-genome-detective-incl-human-taxa-with-reads,rna-pathogen-20261009-source-carbo2022-supp,"Supplementary Table 1 sheet 'Suppl table 1-Species', block 'incl. human reads', cell M10, row 'GD', column 'Taxa with reads >0'",17,result
rna-pathogen-20261009-result-carbo2022-species-cutoff-0-kaiju-excl-human-auc,rna-pathogen-20261009-source-carbo2022-supp,"Supplementary Table 1 sheet 'Suppl table 1-Species', block 'excl. human reads', cell D23, row 'Kaiju', column 'AUC'",0.9583,result
rna-pathogen-20261009-result-carbo2022-species-cutoff-0-kaiju-excl-human-lr-intercept,rna-pathogen-20261009-source-carbo2022-supp,"Supplementary Table 1 sheet 'Suppl table 1-Species', block 'excl. human reads', cell J23, row 'Kaiju', column 'LR intercept'",39.3,result
rna-pathogen-20261009-result-carbo2022-species-cutoff-0-kaiju-excl-human-lr-r2,rna-pathogen-20261009-source-carbo2022-supp,"Supplementary Table 1 sheet 'Suppl table 1-Species', block 'excl. human reads', cell K23, row 'Kaiju', column 'LR r2, %'",61.8,result
rna-pathogen-20261009-result-carbo2022-species-cutoff-0-kaiju-excl-human-lr-slope,rna-pathogen-20261009-source-carbo2022-supp,"Supplementary Table 1 sheet 'Suppl table 1-Species', block 'excl. human reads', cell I23, row 'Kaiju', column 'LR slope'",-2.58,result
rna-pathogen-20261009-result-carbo2022-species-cutoff-0-kaiju-excl-human-norm-auc,rna-pathogen-20261009-source-carbo2022-supp,"Supplementary Table 1 sheet 'Suppl table 1-Species', block 'excl. human reads and normalized', cell D33, row 'Kaiju', column 'AUC'",0.9582,result
rna-pathogen-20261009-result-carbo2022-species-cutoff-0-kaiju-excl-human-norm-lr-intercept,rna-pathogen-20261009-source-carbo2022-supp,"Supplementary Table 1 sheet 'Suppl table 1-Species', block 'excl. human reads and normalized', cell J33, row 'Kaiju', column 'LR intercept'",28.9,result
rna-pathogen-20261009-result-carbo2022-species-cutoff-0-kaiju-excl-human-norm-lr-r2,rna-pathogen-20261009-source-carbo2022-supp,"Supplementary Table 1 sheet 'Suppl table 1-Species', block 'excl. human reads and normalized', cell K33, row 'Kaiju', column 'LR r2, %'",62.7,result
rna-pathogen-20261009-result-carbo2022-species-cutoff-0-kaiju-excl-human-norm-lr-slope,rna-pathogen-20261009-source-carbo2022-supp,"Supplementary Table 1 sheet 'Suppl table 1-Species', block 'excl. human reads and normalized', cell I33, row 'Kaiju', column 'LR slope'",-2.62,result
rna-pathogen-20261009-result-carbo2022-species-cutoff-0-kaiju-excl-human-norm-npv,rna-pathogen-20261009-source-carbo2022-supp,"Supplementary Table 1 sheet 'Suppl table 1-Species', block 'excl. human reads and normalized', cell H33, row 'Kaiju', column 'NPV (ROC)'",0.9987,result
rna-pathogen-20261009-result-carbo2022-species-cutoff-0-kaiju-excl-human-norm-ppv,rna-pathogen-20261009-source-carbo2022-supp,"Supplementary Table 1 sheet 'Suppl table 1-Species', block 'excl. human reads and normalized', cell G33, row 'Kaiju', column 'PPV (ROC)'",0.5000,result
rna-pathogen-20261009-result-carbo2022-species-cutoff-0-kaiju-excl-human-norm-roc-distance,rna-pathogen-20261009-source-carbo2022-supp,"Supplementary Table 1 sheet 'Suppl table 1-Species', block 'excl. human reads and normalized', cell C33, row 'Kaiju', column 'Informedness'",0.0513,result
rna-pathogen-20261009-result-carbo2022-species-cutoff-0-kaiju-excl-human-norm-sensitivity,rna-pathogen-20261009-source-carbo2022-supp,"Supplementary Table 1 sheet 'Suppl table 1-Species', block 'excl. human reads and normalized', cell E33, row 'Kaiju', column 'SN (ROC)'",0.9583,result
rna-pathogen-20261009-result-carbo2022-species-cutoff-0-kaiju-excl-human-norm-specificity,rna-pathogen-20261009-source-carbo2022-supp,"Supplementary Table 1 sheet 'Suppl table 1-Species', block 'excl. human reads and normalized', cell F33, row 'Kaiju', column 'SL (ROC)'",0.9701,result
rna-pathogen-20261009-result-carbo2022-species-cutoff-0-kaiju-excl-human-norm-taxa,rna-pathogen-20261009-source-carbo2022-supp,"Supplementary Table 1 sheet 'Suppl table 1-Species', block 'excl. human reads and normalized', cell L33, row 'Kaiju', column 'Taxa'",17,result
rna-pathogen-20261009-result-carbo2022-species-cutoff-0-kaiju-excl-human-norm-taxa-with-reads,rna-pathogen-20261009-source-carbo2022-supp,"Supplementary Table 1 sheet 'Suppl table 1-Species', block 'excl. human reads and normalized', cell M33, row 'Kaiju', column 'Taxa with reads >0'",17,result
rna-pathogen-20261009-result-carbo2022-species-cutoff-0-kaiju-excl-human-npv,rna-pathogen-20261009-source-carbo2022-supp,"Supplementary Table 1 sheet 'Suppl table 1-Species', block 'excl. human reads', cell H23, row 'Kaiju', column 'NPV (ROC)'",0.9987,result
rna-pathogen-20261009-result-carbo2022-species-cutoff-0-kaiju-excl-human-ppv,rna-pathogen-20261009-source-carbo2022-supp,"Supplementary Table 1 sheet 'Suppl table 1-Species', block 'excl. human reads', cell G23, row 'Kaiju', column 'PPV (ROC)'",0.5227,result
rna-pathogen-20261009-result-carbo2022-species-cutoff-0-kaiju-excl-human-roc-distance,rna-pathogen-20261009-source-carbo2022-supp,"Supplementary Table 1 sheet 'Suppl table 1-Species', block 'excl. human reads', cell C23, row 'Kaiju', column 'Informedness'",0.0498,result
rna-pathogen-20261009-result-carbo2022-species-cutoff-0-kaiju-excl-human-sensitivity,rna-pathogen-20261009-source-carbo2022-supp,"Supplementary Table 1 sheet 'Suppl table 1-Species', block 'excl. human reads', cell E23, row 'Kaiju', column 'SN (ROC)'",0.9583,result
rna-pathogen-20261009-result-carbo2022-species-cutoff-0-kaiju-excl-human-specificity,rna-pathogen-20261009-source-carbo2022-supp,"Supplementary Table 1 sheet 'Suppl table 1-Species', block 'excl. human reads', cell F23, row 'Kaiju', column 'SL (ROC)'",0.9727,result
rna-pathogen-20261009-result-carbo2022-species-cutoff-0-kaiju-excl-human-taxa,rna-pathogen-20261009-source-carbo2022-supp,"Supplementary Table 1 sheet 'Suppl table 1-Species', block 'excl. human reads', cell L23, row 'Kaiju', column 'Taxa'",17,result
rna-pathogen-20261009-result-carbo2022-species-cutoff-0-kaiju-excl-human-taxa-with-reads,rna-pathogen-20261009-source-carbo2022-supp,"Supplementary Table 1 sheet 'Suppl table 1-Species', block 'excl. human reads', cell M23, row 'Kaiju', column 'Taxa with reads >0'",17,result
rna-pathogen-20261009-result-carbo2022-species-cutoff-0-kaiju-incl-human-auc,rna-pathogen-20261009-source-carbo2022-supp,"Supplementary Table 1 sheet 'Suppl table 1-Species', block 'incl. human reads', cell D13, row 'Kaiju', column 'AUC'",0.9507,result
rna-pathogen-20261009-result-carbo2022-species-cutoff-0-kaiju-incl-human-lr-intercept,rna-pathogen-20261009-source-carbo2022-supp,"Supplementary Table 1 sheet 'Suppl table 1-Species', block 'incl. human reads', cell J13, row 'Kaiju', column 'LR intercept'",39.3,result
rna-pathogen-20261009-result-carbo2022-species-cutoff-0-kaiju-incl-human-lr-r2,rna-pathogen-20261009-source-carbo2022-supp,"Supplementary Table 1 sheet 'Suppl table 1-Species', block 'incl. human reads', cell K13, row 'Kaiju', column 'LR r2, %'",61.8,result
rna-pathogen-20261009-result-carbo2022-species-cutoff-0-kaiju-incl-human-lr-slope,rna-pathogen-20261009-source-carbo2022-supp,"Supplementary Table 1 sheet 'Suppl table 1-Species', block 'incl. human reads', cell I13, row 'Kaiju', column 'LR slope'",-2.58,result
rna-pathogen-20261009-result-carbo2022-species-cutoff-0-kaiju-incl-human-npv,rna-pathogen-20261009-source-carbo2022-supp,"Supplementary Table 1 sheet 'Suppl table 1-Species', block 'incl. human reads', cell H13, row 'Kaiju', column 'NPV (ROC)'",0.9986,result
rna-pathogen-20261009-result-carbo2022-species-cutoff-0-kaiju-incl-human-ppv,rna-pathogen-20261009-source-carbo2022-supp,"Supplementary Table 1 sheet 'Suppl table 1-Species', block 'incl. human reads', cell G13, row 'Kaiju', column 'PPV (ROC)'",0.4182,result
rna-pathogen-20261009-result-carbo2022-species-cutoff-0-kaiju-incl-human-roc-distance,rna-pathogen-20261009-source-carbo2022-supp,"Supplementary Table 1 sheet 'Suppl table 1-Species', block 'incl. human reads', cell C13, row 'Kaiju', column 'Informedness'",0.0589,result
rna-pathogen-20261009-result-carbo2022-species-cutoff-0-kaiju-incl-human-sensitivity,rna-pathogen-20261009-source-carbo2022-supp,"Supplementary Table 1 sheet 'Suppl table 1-Species', block 'incl. human reads', cell E13, row 'Kaiju', column 'SN (ROC)'",0.9583,result
rna-pathogen-20261009-result-carbo2022-species-cutoff-0-kaiju-incl-human-specificity,rna-pathogen-20261009-source-carbo2022-supp,"Supplementary Table 1 sheet 'Suppl table 1-Species', block 'incl. human reads', cell F13, row 'Kaiju', column 'SL (ROC)'",0.9583,result
rna-pathogen-20261009-result-carbo2022-species-cutoff-0-kaiju-incl-human-taxa,rna-pathogen-20261009-source-carbo2022-supp,"Supplementary Table 1 sheet 'Suppl table 1-Species', block 'incl. human reads', cell L13, row 'Kaiju', column 'Taxa'",17,result
rna-pathogen-20261009-result-carbo2022-species-cutoff-0-kaiju-incl-human-taxa-with-reads,rna-pathogen-20261009-source-carbo2022-supp,"Supplementary Table 1 sheet 'Suppl table 1-Species', block 'incl. human reads', cell M13, row 'Kaiju', column 'Taxa with reads >0'",17,result
rna-pathogen-20261009-result-carbo2022-species-cutoff-0-kraken2-excl-human-auc,rna-pathogen-20261009-source-carbo2022-supp,"Supplementary Table 1 sheet 'Suppl table 1-Species', block 'excl. human reads', cell D22, row 'Kraken2', column 'AUC'",0.9416,result
rna-pathogen-20261009-result-carbo2022-species-cutoff-0-kraken2-excl-human-lr-intercept,rna-pathogen-20261009-source-carbo2022-supp,"Supplementary Table 1 sheet 'Suppl table 1-Species', block 'excl. human reads', cell J22, row 'Kraken2', column 'LR intercept'",34.4,result
rna-pathogen-20261009-result-carbo2022-species-cutoff-0-kraken2-excl-human-lr-r2,rna-pathogen-20261009-source-carbo2022-supp,"Supplementary Table 1 sheet 'Suppl table 1-Species', block 'excl. human reads', cell K22, row 'Kraken2', column 'LR r2, %'",26.7,result
rna-pathogen-20261009-result-carbo2022-species-cutoff-0-kraken2-excl-human-lr-slope,rna-pathogen-20261009-source-carbo2022-supp,"Supplementary Table 1 sheet 'Suppl table 1-Species', block 'excl. human reads', cell I22, row 'Kraken2', column 'LR slope'",-1.78,result
rna-pathogen-20261009-result-carbo2022-species-cutoff-0-kraken2-excl-human-norm-auc,rna-pathogen-20261009-source-carbo2022-supp,"Supplementary Table 1 sheet 'Suppl table 1-Species', block 'excl. human reads and normalized', cell D32, row 'Kraken2', column 'AUC'",0.9416,result
rna-pathogen-20261009-result-carbo2022-species-cutoff-0-kraken2-excl-human-norm-lr-intercept,rna-pathogen-20261009-source-carbo2022-supp,"Supplementary Table 1 sheet 'Suppl table 1-Species', block 'excl. human reads and normalized', cell J32, row 'Kraken2', column 'LR intercept'",27,result
rna-pathogen-20261009-result-carbo2022-species-cutoff-0-kraken2-excl-human-norm-lr-r2,rna-pathogen-20261009-source-carbo2022-supp,"Supplementary Table 1 sheet 'Suppl table 1-Species', block 'excl. human reads and normalized', cell K32, row 'Kraken2', column 'LR r2, %'",33,result
rna-pathogen-20261009-result-carbo2022-species-cutoff-0-kraken2-excl-human-norm-lr-slope,rna-pathogen-20261009-source-carbo2022-supp,"Supplementary Table 1 sheet 'Suppl table 1-Species', block 'excl. human reads and normalized', cell I32, row 'Kraken2', column 'LR slope'",-2.05,result
rna-pathogen-20261009-result-carbo2022-species-cutoff-0-kraken2-excl-human-norm-npv,rna-pathogen-20261009-source-carbo2022-supp,"Supplementary Table 1 sheet 'Suppl table 1-Species', block 'excl. human reads and normalized', cell H32, row 'Kraken2', column 'NPV (ROC)'",0.9973,result
rna-pathogen-20261009-result-carbo2022-species-cutoff-0-kraken2-excl-human-norm-ppv,rna-pathogen-20261009-source-carbo2022-supp,"Supplementary Table 1 sheet 'Suppl table 1-Species', block 'excl. human reads and normalized', cell G32, row 'Kraken2', column 'PPV (ROC)'",0.5641,result
rna-pathogen-20261009-result-carbo2022-species-cutoff-0-kraken2-excl-human-norm-roc-distance,rna-pathogen-20261009-source-carbo2022-supp,"Supplementary Table 1 sheet 'Suppl table 1-Species', block 'excl. human reads and normalized', cell C32, row 'Kraken2', column 'Informedness'",0.0862,result
rna-pathogen-20261009-result-carbo2022-species-cutoff-0-kraken2-excl-human-norm-sensitivity,rna-pathogen-20261009-source-carbo2022-supp,"Supplementary Table 1 sheet 'Suppl table 1-Species', block 'excl. human reads and normalized', cell E32, row 'Kraken2', column 'SN (ROC)'",0.9167,result
rna-pathogen-20261009-result-carbo2022-species-cutoff-0-kraken2-excl-human-norm-specificity,rna-pathogen-20261009-source-carbo2022-supp,"Supplementary Table 1 sheet 'Suppl table 1-Species', block 'excl. human reads and normalized', cell F32, row 'Kraken2', column 'SL (ROC)'",0.9779,result
rna-pathogen-20261009-result-carbo2022-species-cutoff-0-kraken2-excl-human-norm-taxa,rna-pathogen-20261009-source-carbo2022-supp,"Supplementary Table 1 sheet 'Suppl table 1-Species', block 'excl. human reads and normalized', cell L32, row 'Kraken2', column 'Taxa'",17,result
rna-pathogen-20261009-result-carbo2022-species-cutoff-0-kraken2-excl-human-norm-taxa-with-reads,rna-pathogen-20261009-source-carbo2022-supp,"Supplementary Table 1 sheet 'Suppl table 1-Species', block 'excl. human reads and normalized', cell M32, row 'Kraken2', column 'Taxa with reads >0'",17,result
rna-pathogen-20261009-result-carbo2022-species-cutoff-0-kraken2-excl-human-npv,rna-pathogen-20261009-source-carbo2022-supp,"Supplementary Table 1 sheet 'Suppl table 1-Species', block 'excl. human reads', cell H22, row 'Kraken2', column 'NPV (ROC)'",0.9973,result
rna-pathogen-20261009-result-carbo2022-species-cutoff-0-kraken2-excl-human-ppv,rna-pathogen-20261009-source-carbo2022-supp,"Supplementary Table 1 sheet 'Suppl table 1-Species', block 'excl. human reads', cell G22, row 'Kraken2', column 'PPV (ROC)'",0.5641,result
rna-pathogen-20261009-result-carbo2022-species-cutoff-0-kraken2-excl-human-roc-distance,rna-pathogen-20261009-source-carbo2022-supp,"Supplementary Table 1 sheet 'Suppl table 1-Species', block 'excl. human reads', cell C22, row 'Kraken2', column 'Informedness'",0.0862,result
rna-pathogen-20261009-result-carbo2022-species-cutoff-0-kraken2-excl-human-sensitivity,rna-pathogen-20261009-source-carbo2022-supp,"Supplementary Table 1 sheet 'Suppl table 1-Species', block 'excl. human reads', cell E22, row 'Kraken2', column 'SN (ROC)'",0.9167,result
rna-pathogen-20261009-result-carbo2022-species-cutoff-0-kraken2-excl-human-specificity,rna-pathogen-20261009-source-carbo2022-supp,"Supplementary Table 1 sheet 'Suppl table 1-Species', block 'excl. human reads', cell F22, row 'Kraken2', column 'SL (ROC)'",0.9779,result
rna-pathogen-20261009-result-carbo2022-species-cutoff-0-kraken2-excl-human-taxa,rna-pathogen-20261009-source-carbo2022-supp,"Supplementary Table 1 sheet 'Suppl table 1-Species', block 'excl. human reads', cell L22, row 'Kraken2', column 'Taxa'",17,result
rna-pathogen-20261009-result-carbo2022-species-cutoff-0-kraken2-excl-human-taxa-with-reads,rna-pathogen-20261009-source-carbo2022-supp,"Supplementary Table 1 sheet 'Suppl table 1-Species', block 'excl. human reads', cell M22, row 'Kraken2', column 'Taxa with reads >0'",17,result
rna-pathogen-20261009-result-carbo2022-species-cutoff-0-kraken2-incl-human-auc,rna-pathogen-20261009-source-carbo2022-supp,"Supplementary Table 1 sheet 'Suppl table 1-Species', block 'incl. human reads', cell D11, row 'Kraken2', column 'AUC'",0.9250,result
rna-pathogen-20261009-result-carbo2022-species-cutoff-0-kraken2-incl-human-lr-intercept,rna-pathogen-20261009-source-carbo2022-supp,"Supplementary Table 1 sheet 'Suppl table 1-Species', block 'incl. human reads', cell J11, row 'Kraken2', column 'LR intercept'",36.9,result
rna-pathogen-20261009-result-carbo2022-species-cutoff-0-kraken2-incl-human-lr-r2,rna-pathogen-20261009-source-carbo2022-supp,"Supplementary Table 1 sheet 'Suppl table 1-Species', block 'incl. human reads', cell K11, row 'Kraken2', column 'LR r2, %'",38.9,result
rna-pathogen-20261009-result-carbo2022-species-cutoff-0-kraken2-incl-human-lr-slope,rna-pathogen-20261009-source-carbo2022-supp,"Supplementary Table 1 sheet 'Suppl table 1-Species', block 'incl. human reads', cell I11, row 'Kraken2', column 'LR slope'",-2.37,result
rna-pathogen-20261009-result-carbo2022-species-cutoff-0-kraken2-incl-human-npv,rna-pathogen-20261009-source-carbo2022-supp,"Supplementary Table 1 sheet 'Suppl table 1-Species', block 'incl. human reads', cell H11, row 'Kraken2', column 'NPV (ROC)'",0.9973,result
rna-pathogen-20261009-result-carbo2022-species-cutoff-0-kraken2-incl-human-ppv,rna-pathogen-20261009-source-carbo2022-supp,"Supplementary Table 1 sheet 'Suppl table 1-Species', block 'incl. human reads', cell G11, row 'Kraken2', column 'PPV (ROC)'",0.4400,result
rna-pathogen-20261009-result-carbo2022-species-cutoff-0-kraken2-incl-human-roc-distance,rna-pathogen-20261009-source-carbo2022-supp,"Supplementary Table 1 sheet 'Suppl table 1-Species', block 'incl. human reads', cell C11, row 'Kraken2', column 'Informedness'",0.0910,result
rna-pathogen-20261009-result-carbo2022-species-cutoff-0-kraken2-incl-human-sensitivity,rna-pathogen-20261009-source-carbo2022-supp,"Supplementary Table 1 sheet 'Suppl table 1-Species', block 'incl. human reads', cell E11, row 'Kraken2', column 'SN (ROC)'",0.9167,result
rna-pathogen-20261009-result-carbo2022-species-cutoff-0-kraken2-incl-human-specificity,rna-pathogen-20261009-source-carbo2022-supp,"Supplementary Table 1 sheet 'Suppl table 1-Species', block 'incl. human reads', cell F11, row 'Kraken2', column 'SL (ROC)'",0.9635,result
rna-pathogen-20261009-result-carbo2022-species-cutoff-0-kraken2-incl-human-taxa,rna-pathogen-20261009-source-carbo2022-supp,"Supplementary Table 1 sheet 'Suppl table 1-Species', block 'incl. human reads', cell L11, row 'Kraken2', column 'Taxa'",17,result
rna-pathogen-20261009-result-carbo2022-species-cutoff-0-kraken2-incl-human-taxa-with-reads,rna-pathogen-20261009-source-carbo2022-supp,"Supplementary Table 1 sheet 'Suppl table 1-Species', block 'incl. human reads', cell M11, row 'Kraken2', column 'Taxa with reads >0'",17,result
rna-pathogen-20261009-result-carbo2022-species-cutoff-10-centrifuge-excl-human-auc,rna-pathogen-20261009-source-carbo2022-supp,"Supplementary Table 1 sheet 'Suppl table 1-Species', block 'excl. human reads', cell S23, row 'Centrifuge', column 'AUC'",0.9355,result
rna-pathogen-20261009-result-carbo2022-species-cutoff-10-centrifuge-excl-human-lr-intercept,rna-pathogen-20261009-source-carbo2022-supp,"Supplementary Table 1 sheet 'Suppl table 1-Species', block 'excl. human reads', cell Y23, row 'Centrifuge', column 'LR intercept'",32.5,result
rna-pathogen-20261009-result-carbo2022-species-cutoff-10-centrifuge-excl-human-lr-r2,rna-pathogen-20261009-source-carbo2022-supp,"Supplementary Table 1 sheet 'Suppl table 1-Species', block 'excl. human reads', cell Z23, row 'Centrifuge', column 'LR r2, %'",14.2,result
rna-pathogen-20261009-result-carbo2022-species-cutoff-10-centrifuge-excl-human-lr-slope,rna-pathogen-20261009-source-carbo2022-supp,"Supplementary Table 1 sheet 'Suppl table 1-Species', block 'excl. human reads', cell X23, row 'Centrifuge', column 'LR slope'",-1.3,result
rna-pathogen-20261009-result-carbo2022-species-cutoff-10-centrifuge-excl-human-norm-auc,rna-pathogen-20261009-source-carbo2022-supp,"Supplementary Table 1 sheet 'Suppl table 1-Species', block 'excl. human reads and normalized', cell S31, row 'Centrifuge', column 'AUC'",0.5618,result
rna-pathogen-20261009-result-carbo2022-species-cutoff-10-centrifuge-excl-human-norm-lr-intercept,rna-pathogen-20261009-source-carbo2022-supp,"Supplementary Table 1 sheet 'Suppl table 1-Species', block 'excl. human reads and normalized', cell Y31, row 'Centrifuge', column 'LR intercept'",32.5,result
rna-pathogen-20261009-result-carbo2022-species-cutoff-10-centrifuge-excl-human-norm-lr-r2,rna-pathogen-20261009-source-carbo2022-supp,"Supplementary Table 1 sheet 'Suppl table 1-Species', block 'excl. human reads and normalized', cell Z31, row 'Centrifuge', column 'LR r2, %'",10.6,result
rna-pathogen-20261009-result-carbo2022-species-cutoff-10-centrifuge-excl-human-norm-lr-slope,rna-pathogen-20261009-source-carbo2022-supp,"Supplementary Table 1 sheet 'Suppl table 1-Species', block 'excl. human reads and normalized', cell X31, row 'Centrifuge', column 'LR slope'",-5.21,result
rna-pathogen-20261009-result-carbo2022-species-cutoff-10-centrifuge-excl-human-norm-npv,rna-pathogen-20261009-source-carbo2022-supp,"Supplementary Table 1 sheet 'Suppl table 1-Species', block 'excl. human reads and normalized', cell W31, row 'Centrifuge', column 'NPV (ROC)'",0.9734,result
rna-pathogen-20261009-result-carbo2022-species-cutoff-10-centrifuge-excl-human-norm-ppv,rna-pathogen-20261009-source-carbo2022-supp,"Supplementary Table 1 sheet 'Suppl table 1-Species', block 'excl. human reads and normalized', cell V31, row 'Centrifuge', column 'PPV (ROC)'",0.7500,result
rna-pathogen-20261009-result-carbo2022-species-cutoff-10-centrifuge-excl-human-norm-roc-distance,rna-pathogen-20261009-source-carbo2022-supp,"Supplementary Table 1 sheet 'Suppl table 1-Species', block 'excl. human reads and normalized', cell R31, row 'Centrifuge', column 'Informedness'",0.8750,result
rna-pathogen-20261009-result-carbo2022-species-cutoff-10-centrifuge-excl-human-norm-sensitivity,rna-pathogen-20261009-source-carbo2022-supp,"Supplementary Table 1 sheet 'Suppl table 1-Species', block 'excl. human reads and normalized', cell T31, row 'Centrifuge', column 'SN (ROC)'",0.1250,result
rna-pathogen-20261009-result-carbo2022-species-cutoff-10-centrifuge-excl-human-norm-specificity,rna-pathogen-20261009-source-carbo2022-supp,"Supplementary Table 1 sheet 'Suppl table 1-Species', block 'excl. human reads and normalized', cell U31, row 'Centrifuge', column 'SL (ROC)'",0.9987,result
rna-pathogen-20261009-result-carbo2022-species-cutoff-10-centrifuge-excl-human-norm-taxa,rna-pathogen-20261009-source-carbo2022-supp,"Supplementary Table 1 sheet 'Suppl table 1-Species', block 'excl. human reads and normalized', cell AA31, row 'Centrifuge', column 'Taxa'",17,result
rna-pathogen-20261009-result-carbo2022-species-cutoff-10-centrifuge-excl-human-norm-taxa-with-reads,rna-pathogen-20261009-source-carbo2022-supp,"Supplementary Table 1 sheet 'Suppl table 1-Species', block 'excl. human reads and normalized', cell AB31, row 'Centrifuge', column 'Taxa with reads >10'",17,result
rna-pathogen-20261009-result-carbo2022-species-cutoff-10-centrifuge-excl-human-npv,rna-pathogen-20261009-source-carbo2022-supp,"Supplementary Table 1 sheet 'Suppl table 1-Species', block 'excl. human reads', cell W23, row 'Centrifuge', column 'NPV (ROC)'",0.9961,result
rna-pathogen-20261009-result-carbo2022-species-cutoff-10-centrifuge-excl-human-ppv,rna-pathogen-20261009-source-carbo2022-supp,"Supplementary Table 1 sheet 'Suppl table 1-Species', block 'excl. human reads', cell V23, row 'Centrifuge', column 'PPV (ROC)'",0.8750,result
rna-pathogen-20261009-result-carbo2022-species-cutoff-10-centrifuge-excl-human-roc-distance,rna-pathogen-20261009-source-carbo2022-supp,"Supplementary Table 1 sheet 'Suppl table 1-Species', block 'excl. human reads', cell R23, row 'Centrifuge', column 'Informedness'",0.1251,result
rna-pathogen-20261009-result-carbo2022-species-cutoff-10-centrifuge-excl-human-sensitivity,rna-pathogen-20261009-source-carbo2022-supp,"Supplementary Table 1 sheet 'Suppl table 1-Species', block 'excl. human reads', cell T23, row 'Centrifuge', column 'SN (ROC)'",0.8750,result
rna-pathogen-20261009-result-carbo2022-species-cutoff-10-centrifuge-excl-human-specificity,rna-pathogen-20261009-source-carbo2022-supp,"Supplementary Table 1 sheet 'Suppl table 1-Species', block 'excl. human reads', cell U23, row 'Centrifuge', column 'SL (ROC)'",0.9961,result
rna-pathogen-20261009-result-carbo2022-species-cutoff-10-centrifuge-excl-human-taxa,rna-pathogen-20261009-source-carbo2022-supp,"Supplementary Table 1 sheet 'Suppl table 1-Species', block 'excl. human reads', cell AA23, row 'Centrifuge', column 'Taxa'",17,result
rna-pathogen-20261009-result-carbo2022-species-cutoff-10-centrifuge-excl-human-taxa-with-reads,rna-pathogen-20261009-source-carbo2022-supp,"Supplementary Table 1 sheet 'Suppl table 1-Species', block 'excl. human reads', cell AB23, row 'Centrifuge', column 'Taxa with reads >10'",17,result
rna-pathogen-20261009-result-carbo2022-species-cutoff-10-centrifuge-incl-human-auc,rna-pathogen-20261009-source-carbo2022-supp,"Supplementary Table 1 sheet 'Suppl table 1-Species', block 'incl. human reads', cell S10, row 'Centrifuge', column 'AUC'",0.9336,result
rna-pathogen-20261009-result-carbo2022-species-cutoff-10-centrifuge-incl-human-lr-intercept,rna-pathogen-20261009-source-carbo2022-supp,"Supplementary Table 1 sheet 'Suppl table 1-Species', block 'incl. human reads', cell Y10, row 'Centrifuge', column 'LR intercept'",32.5,result
rna-pathogen-20261009-result-carbo2022-species-cutoff-10-centrifuge-incl-human-lr-r2,rna-pathogen-20261009-source-carbo2022-supp,"Supplementary Table 1 sheet 'Suppl table 1-Species', block 'incl. human reads', cell Z10, row 'Centrifuge', column 'LR r2, %'",14.2,result
rna-pathogen-20261009-result-carbo2022-species-cutoff-10-centrifuge-incl-human-lr-slope,rna-pathogen-20261009-source-carbo2022-supp,"Supplementary Table 1 sheet 'Suppl table 1-Species', block 'incl. human reads', cell X10, row 'Centrifuge', column 'LR slope'",-1.3,result
rna-pathogen-20261009-result-carbo2022-species-cutoff-10-centrifuge-incl-human-npv,rna-pathogen-20261009-source-carbo2022-supp,"Supplementary Table 1 sheet 'Suppl table 1-Species', block 'incl. human reads', cell W10, row 'Centrifuge', column 'NPV (ROC)'",0.9961,result
rna-pathogen-20261009-result-carbo2022-species-cutoff-10-centrifuge-incl-human-ppv,rna-pathogen-20261009-source-carbo2022-supp,"Supplementary Table 1 sheet 'Suppl table 1-Species', block 'incl. human reads', cell V10, row 'Centrifuge', column 'PPV (ROC)'",0.7778,result
rna-pathogen-20261009-result-carbo2022-species-cutoff-10-centrifuge-incl-human-roc-distance,rna-pathogen-20261009-source-carbo2022-supp,"Supplementary Table 1 sheet 'Suppl table 1-Species', block 'incl. human reads', cell R10, row 'Centrifuge', column 'Informedness'",0.1252,result
rna-pathogen-20261009-result-carbo2022-species-cutoff-10-centrifuge-incl-human-sensitivity,rna-pathogen-20261009-source-carbo2022-supp,"Supplementary Table 1 sheet 'Suppl table 1-Species', block 'incl. human reads', cell T10, row 'Centrifuge', column 'SN (ROC)'",0.8750,result
rna-pathogen-20261009-result-carbo2022-species-cutoff-10-centrifuge-incl-human-specificity,rna-pathogen-20261009-source-carbo2022-supp,"Supplementary Table 1 sheet 'Suppl table 1-Species', block 'incl. human reads', cell U10, row 'Centrifuge', column 'SL (ROC)'",0.9922,result
rna-pathogen-20261009-result-carbo2022-species-cutoff-10-centrifuge-incl-human-taxa,rna-pathogen-20261009-source-carbo2022-supp,"Supplementary Table 1 sheet 'Suppl table 1-Species', block 'incl. human reads', cell AA10, row 'Centrifuge', column 'Taxa'",17,result
rna-pathogen-20261009-result-carbo2022-species-cutoff-10-centrifuge-incl-human-taxa-with-reads,rna-pathogen-20261009-source-carbo2022-supp,"Supplementary Table 1 sheet 'Suppl table 1-Species', block 'incl. human reads', cell AB10, row 'Centrifuge', column 'Taxa with reads >10'",17,result
rna-pathogen-20261009-result-carbo2022-species-cutoff-10-clark-excl-human-auc,rna-pathogen-20261009-source-carbo2022-supp,"Supplementary Table 1 sheet 'Suppl table 1-Species', block 'excl. human reads', cell S19, row 'CLARK', column 'AUC'",0.8737,result
rna-pathogen-20261009-result-carbo2022-species-cutoff-10-clark-excl-human-lr-intercept,rna-pathogen-20261009-source-carbo2022-supp,"Supplementary Table 1 sheet 'Suppl table 1-Species', block 'excl. human reads', cell Y19, row 'CLARK', column 'LR intercept'",33.9,result
rna-pathogen-20261009-result-carbo2022-species-cutoff-10-clark-excl-human-lr-r2,rna-pathogen-20261009-source-carbo2022-supp,"Supplementary Table 1 sheet 'Suppl table 1-Species', block 'excl. human reads', cell Z19, row 'CLARK', column 'LR r2, %'",24.1,result
rna-pathogen-20261009-result-carbo2022-species-cutoff-10-clark-excl-human-lr-slope,rna-pathogen-20261009-source-carbo2022-supp,"Supplementary Table 1 sheet 'Suppl table 1-Species', block 'excl. human reads', cell X19, row 'CLARK', column 'LR slope'",-1.55,result
rna-pathogen-20261009-result-carbo2022-species-cutoff-10-clark-excl-human-norm-auc,rna-pathogen-20261009-source-carbo2022-supp,"Supplementary Table 1 sheet 'Suppl table 1-Species', block 'excl. human reads and normalized', cell S29, row 'CLARK', column 'AUC'",0.5618,result
rna-pathogen-20261009-result-carbo2022-species-cutoff-10-clark-excl-human-norm-lr-intercept,rna-pathogen-20261009-source-carbo2022-supp,"Supplementary Table 1 sheet 'Suppl table 1-Species', block 'excl. human reads and normalized', cell Y29, row 'CLARK', column 'LR intercept'",23.7,result
rna-pathogen-20261009-result-carbo2022-species-cutoff-10-clark-excl-human-norm-lr-r2,rna-pathogen-20261009-source-carbo2022-supp,"Supplementary Table 1 sheet 'Suppl table 1-Species', block 'excl. human reads and normalized', cell Z29, row 'CLARK', column 'LR r2, %'",0.0903,result
rna-pathogen-20261009-result-carbo2022-species-cutoff-10-clark-excl-human-norm-lr-slope,rna-pathogen-20261009-source-carbo2022-supp,"Supplementary Table 1 sheet 'Suppl table 1-Species', block 'excl. human reads and normalized', cell X29, row 'CLARK', column 'LR slope'",0.538,result
rna-pathogen-20261009-result-carbo2022-species-cutoff-10-clark-excl-human-norm-npv,rna-pathogen-20261009-source-carbo2022-supp,"Supplementary Table 1 sheet 'Suppl table 1-Species', block 'excl. human reads and normalized', cell W29, row 'CLARK', column 'NPV (ROC)'",0.9734,result
rna-pathogen-20261009-result-carbo2022-species-cutoff-10-clark-excl-human-norm-ppv,rna-pathogen-20261009-source-carbo2022-supp,"Supplementary Table 1 sheet 'Suppl table 1-Species', block 'excl. human reads and normalized', cell V29, row 'CLARK', column 'PPV (ROC)'",0.7500,result
rna-pathogen-20261009-result-carbo2022-species-cutoff-10-clark-excl-human-norm-roc-distance,rna-pathogen-20261009-source-carbo2022-supp,"Supplementary Table 1 sheet 'Suppl table 1-Species', block 'excl. human reads and normalized', cell R29, row 'CLARK', column 'Informedness'",0.8750,result
rna-pathogen-20261009-result-carbo2022-species-cutoff-10-clark-excl-human-norm-sensitivity,rna-pathogen-20261009-source-carbo2022-supp,"Supplementary Table 1 sheet 'Suppl table 1-Species', block 'excl. human reads and normalized', cell T29, row 'CLARK', column 'SN (ROC)'",0.1250,result
rna-pathogen-20261009-result-carbo2022-species-cutoff-10-clark-excl-human-norm-specificity,rna-pathogen-20261009-source-carbo2022-supp,"Supplementary Table 1 sheet 'Suppl table 1-Species', block 'excl. human reads and normalized', cell U29, row 'CLARK', column 'SL (ROC)'",0.9987,result
rna-pathogen-20261009-result-carbo2022-species-cutoff-10-clark-excl-human-norm-taxa,rna-pathogen-20261009-source-carbo2022-supp,"Supplementary Table 1 sheet 'Suppl table 1-Species', block 'excl. human reads and normalized', cell AA29, row 'CLARK', column 'Taxa'",17,result
rna-pathogen-20261009-result-carbo2022-species-cutoff-10-clark-excl-human-norm-taxa-with-reads,rna-pathogen-20261009-source-carbo2022-supp,"Supplementary Table 1 sheet 'Suppl table 1-Species', block 'excl. human reads and normalized', cell AB29, row 'CLARK', column 'Taxa with reads >10'",17,result
rna-pathogen-20261009-result-carbo2022-species-cutoff-10-clark-excl-human-npv,rna-pathogen-20261009-source-carbo2022-supp,"Supplementary Table 1 sheet 'Suppl table 1-Species', block 'excl. human reads', cell W19, row 'CLARK', column 'NPV (ROC)'",0.9922,result
rna-pathogen-20261009-result-carbo2022-species-cutoff-10-clark-excl-human-ppv,rna-pathogen-20261009-source-carbo2022-supp,"Supplementary Table 1 sheet 'Suppl table 1-Species', block 'excl. human reads', cell V19, row 'CLARK', column 'PPV (ROC)'",0.9000,result
rna-pathogen-20261009-result-carbo2022-species-cutoff-10-clark-excl-human-roc-distance,rna-pathogen-20261009-source-carbo2022-supp,"Supplementary Table 1 sheet 'Suppl table 1-Species', block 'excl. human reads', cell R19, row 'CLARK', column 'Informedness'",0.2500,result
rna-pathogen-20261009-result-carbo2022-species-cutoff-10-clark-excl-human-sensitivity,rna-pathogen-20261009-source-carbo2022-supp,"Supplementary Table 1 sheet 'Suppl table 1-Species', block 'excl. human reads', cell T19, row 'CLARK', column 'SN (ROC)'",0.7500,result
rna-pathogen-20261009-result-carbo2022-species-cutoff-10-clark-excl-human-specificity,rna-pathogen-20261009-source-carbo2022-supp,"Supplementary Table 1 sheet 'Suppl table 1-Species', block 'excl. human reads', cell U19, row 'CLARK', column 'SL (ROC)'",0.9974,result
rna-pathogen-20261009-result-carbo2022-species-cutoff-10-clark-excl-human-taxa,rna-pathogen-20261009-source-carbo2022-supp,"Supplementary Table 1 sheet 'Suppl table 1-Species', block 'excl. human reads', cell AA19, row 'CLARK', column 'Taxa'",17,result
rna-pathogen-20261009-result-carbo2022-species-cutoff-10-clark-excl-human-taxa-with-reads,rna-pathogen-20261009-source-carbo2022-supp,"Supplementary Table 1 sheet 'Suppl table 1-Species', block 'excl. human reads', cell AB19, row 'CLARK', column 'Taxa with reads >10'",17,result
rna-pathogen-20261009-result-carbo2022-species-cutoff-10-clark-incl-human-auc,rna-pathogen-20261009-source-carbo2022-supp,"Supplementary Table 1 sheet 'Suppl table 1-Species', block 'incl. human reads', cell S11, row 'CLARK', column 'AUC'",0.8945,result
rna-pathogen-20261009-result-carbo2022-species-cutoff-10-clark-incl-human-lr-intercept,rna-pathogen-20261009-source-carbo2022-supp,"Supplementary Table 1 sheet 'Suppl table 1-Species', block 'incl. human reads', cell Y11, row 'CLARK', column 'LR intercept'",33.9,result
rna-pathogen-20261009-result-carbo2022-species-cutoff-10-clark-incl-human-lr-r2,rna-pathogen-20261009-source-carbo2022-supp,"Supplementary Table 1 sheet 'Suppl table 1-Species', block 'incl. human reads', cell Z11, row 'CLARK', column 'LR r2, %'",24.7,result
rna-pathogen-20261009-result-carbo2022-species-cutoff-10-clark-incl-human-lr-slope,rna-pathogen-20261009-source-carbo2022-supp,"Supplementary Table 1 sheet 'Suppl table 1-Species', block 'incl. human reads', cell X11, row 'CLARK', column 'LR slope'",-1.59,result
rna-pathogen-20261009-result-carbo2022-species-cutoff-10-clark-incl-human-npv,rna-pathogen-20261009-source-carbo2022-supp,"Supplementary Table 1 sheet 'Suppl table 1-Species', block 'incl. human reads', cell W11, row 'CLARK', column 'NPV (ROC)'",0.9935,result
rna-pathogen-20261009-result-carbo2022-species-cutoff-10-clark-incl-human-ppv,rna-pathogen-20261009-source-carbo2022-supp,"Supplementary Table 1 sheet 'Suppl table 1-Species', block 'incl. human reads', cell V11, row 'CLARK', column 'PPV (ROC)'",0.9048,result
rna-pathogen-20261009-result-carbo2022-species-cutoff-10-clark-incl-human-roc-distance,rna-pathogen-20261009-source-carbo2022-supp,"Supplementary Table 1 sheet 'Suppl table 1-Species', block 'incl. human reads', cell R11, row 'CLARK', column 'Informedness'",0.2083,result
rna-pathogen-20261009-result-carbo2022-species-cutoff-10-clark-incl-human-sensitivity,rna-pathogen-20261009-source-carbo2022-supp,"Supplementary Table 1 sheet 'Suppl table 1-Species', block 'incl. human reads', cell T11, row 'CLARK', column 'SN (ROC)'",0.7917,result
rna-pathogen-20261009-result-carbo2022-species-cutoff-10-clark-incl-human-specificity,rna-pathogen-20261009-source-carbo2022-supp,"Supplementary Table 1 sheet 'Suppl table 1-Species', block 'incl. human reads', cell U11, row 'CLARK', column 'SL (ROC)'",0.9974,result
rna-pathogen-20261009-result-carbo2022-species-cutoff-10-clark-incl-human-taxa,rna-pathogen-20261009-source-carbo2022-supp,"Supplementary Table 1 sheet 'Suppl table 1-Species', block 'incl. human reads', cell AA11, row 'CLARK', column 'Taxa'",17,result
rna-pathogen-20261009-result-carbo2022-species-cutoff-10-clark-incl-human-taxa-with-reads,rna-pathogen-20261009-source-carbo2022-supp,"Supplementary Table 1 sheet 'Suppl table 1-Species', block 'incl. human reads', cell AB11, row 'CLARK', column 'Taxa with reads >10'",17,result
rna-pathogen-20261009-result-carbo2022-species-cutoff-10-genome-detective-excl-human-auc,rna-pathogen-20261009-source-carbo2022-supp,"Supplementary Table 1 sheet 'Suppl table 1-Species', block 'excl. human reads', cell S21, row 'GD', column 'AUC'",0.9342,result
rna-pathogen-20261009-result-carbo2022-species-cutoff-10-genome-detective-excl-human-lr-intercept,rna-pathogen-20261009-source-carbo2022-supp,"Supplementary Table 1 sheet 'Suppl table 1-Species', block 'excl. human reads', cell Y21, row 'GD', column 'LR intercept'",37.5,result
rna-pathogen-20261009-result-carbo2022-species-cutoff-10-genome-detective-excl-human-lr-r2,rna-pathogen-20261009-source-carbo2022-supp,"Supplementary Table 1 sheet 'Suppl table 1-Species', block 'excl. human reads', cell Z21, row 'GD', column 'LR r2, %'",35.6,result
rna-pathogen-20261009-result-carbo2022-species-cutoff-10-genome-detective-excl-human-lr-slope,rna-pathogen-20261009-source-carbo2022-supp,"Supplementary Table 1 sheet 'Suppl table 1-Species', block 'excl. human reads', cell X21, row 'GD', column 'LR slope'",-2.04,result
rna-pathogen-20261009-result-carbo2022-species-cutoff-10-genome-detective-excl-human-norm-auc,rna-pathogen-20261009-source-carbo2022-supp,"Supplementary Table 1 sheet 'Suppl table 1-Species', block 'excl. human reads and normalized', cell S33, row 'GD', column 'AUC'",0.6667,result
rna-pathogen-20261009-result-carbo2022-species-cutoff-10-genome-detective-excl-human-norm-lr-intercept,rna-pathogen-20261009-source-carbo2022-supp,"Supplementary Table 1 sheet 'Suppl table 1-Species', block 'excl. human reads and normalized', cell Y33, row 'GD', column 'LR intercept'",30.5,result
rna-pathogen-20261009-result-carbo2022-species-cutoff-10-genome-detective-excl-human-norm-lr-r2,rna-pathogen-20261009-source-carbo2022-supp,"Supplementary Table 1 sheet 'Suppl table 1-Species', block 'excl. human reads and normalized', cell Z33, row 'GD', column 'LR r2, %'",5.89,result
rna-pathogen-20261009-result-carbo2022-species-cutoff-10-genome-detective-excl-human-norm-lr-slope,rna-pathogen-20261009-source-carbo2022-supp,"Supplementary Table 1 sheet 'Suppl table 1-Species', block 'excl. human reads and normalized', cell X33, row 'GD', column 'LR slope'",-2.21,result
rna-pathogen-20261009-result-carbo2022-species-cutoff-10-genome-detective-excl-human-norm-npv,rna-pathogen-20261009-source-carbo2022-supp,"Supplementary Table 1 sheet 'Suppl table 1-Species', block 'excl. human reads and normalized', cell W33, row 'GD', column 'NPV (ROC)'",0.9796,result
rna-pathogen-20261009-result-carbo2022-species-cutoff-10-genome-detective-excl-human-norm-ppv,rna-pathogen-20261009-source-carbo2022-supp,"Supplementary Table 1 sheet 'Suppl table 1-Species', block 'excl. human reads and normalized', cell V33, row 'GD', column 'PPV (ROC)'",10000,result
rna-pathogen-20261009-result-carbo2022-species-cutoff-10-genome-detective-excl-human-norm-roc-distance,rna-pathogen-20261009-source-carbo2022-supp,"Supplementary Table 1 sheet 'Suppl table 1-Species', block 'excl. human reads and normalized', cell R33, row 'GD', column 'Informedness'",0.6667,result
rna-pathogen-20261009-result-carbo2022-species-cutoff-10-genome-detective-excl-human-norm-sensitivity,rna-pathogen-20261009-source-carbo2022-supp,"Supplementary Table 1 sheet 'Suppl table 1-Species', block 'excl. human reads and normalized', cell T33, row 'GD', column 'SN (ROC)'",0.3333,result
rna-pathogen-20261009-result-carbo2022-species-cutoff-10-genome-detective-excl-human-norm-specificity,rna-pathogen-20261009-source-carbo2022-supp,"Supplementary Table 1 sheet 'Suppl table 1-Species', block 'excl. human reads and normalized', cell U33, row 'GD', column 'SL (ROC)'",10000,result
rna-pathogen-20261009-result-carbo2022-species-cutoff-10-genome-detective-excl-human-norm-taxa,rna-pathogen-20261009-source-carbo2022-supp,"Supplementary Table 1 sheet 'Suppl table 1-Species', block 'excl. human reads and normalized', cell AA33, row 'GD', column 'Taxa'",17,result
rna-pathogen-20261009-result-carbo2022-species-cutoff-10-genome-detective-excl-human-norm-taxa-with-reads,rna-pathogen-20261009-source-carbo2022-supp,"Supplementary Table 1 sheet 'Suppl table 1-Species', block 'excl. human reads and normalized', cell AB33, row 'GD', column 'Taxa with reads >10'",17,result
rna-pathogen-20261009-result-carbo2022-species-cutoff-10-genome-detective-excl-human-npv,rna-pathogen-20261009-source-carbo2022-supp,"Supplementary Table 1 sheet 'Suppl table 1-Species', block 'excl. human reads', cell W21, row 'GD', column 'NPV (ROC)'",0.9961,result
rna-pathogen-20261009-result-carbo2022-species-cutoff-10-genome-detective-excl-human-ppv,rna-pathogen-20261009-source-carbo2022-supp,"Supplementary Table 1 sheet 'Suppl table 1-Species', block 'excl. human reads', cell V21, row 'GD', column 'PPV (ROC)'",0.8077,result
rna-pathogen-20261009-result-carbo2022-species-cutoff-10-genome-detective-excl-human-roc-distance,rna-pathogen-20261009-source-carbo2022-supp,"Supplementary Table 1 sheet 'Suppl table 1-Species', block 'excl. human reads', cell R21, row 'GD', column 'Informedness'",0.1252,result
rna-pathogen-20261009-result-carbo2022-species-cutoff-10-genome-detective-excl-human-sensitivity,rna-pathogen-20261009-source-carbo2022-supp,"Supplementary Table 1 sheet 'Suppl table 1-Species', block 'excl. human reads', cell T21, row 'GD', column 'SN (ROC)'",0.8750,result
rna-pathogen-20261009-result-carbo2022-species-cutoff-10-genome-detective-excl-human-specificity,rna-pathogen-20261009-source-carbo2022-supp,"Supplementary Table 1 sheet 'Suppl table 1-Species', block 'excl. human reads', cell U21, row 'GD', column 'SL (ROC)'",0.9935,result
rna-pathogen-20261009-result-carbo2022-species-cutoff-10-genome-detective-excl-human-taxa,rna-pathogen-20261009-source-carbo2022-supp,"Supplementary Table 1 sheet 'Suppl table 1-Species', block 'excl. human reads', cell AA21, row 'GD', column 'Taxa'",17,result
rna-pathogen-20261009-result-carbo2022-species-cutoff-10-genome-detective-excl-human-taxa-with-reads,rna-pathogen-20261009-source-carbo2022-supp,"Supplementary Table 1 sheet 'Suppl table 1-Species', block 'excl. human reads', cell AB21, row 'GD', column 'Taxa with reads >10'",17,result
rna-pathogen-20261009-result-carbo2022-species-cutoff-10-genome-detective-incl-human-auc,rna-pathogen-20261009-source-carbo2022-supp,"Supplementary Table 1 sheet 'Suppl table 1-Species', block 'incl. human reads', cell S13, row 'GD', column 'AUC'",0.9342,result
rna-pathogen-20261009-result-carbo2022-species-cutoff-10-genome-detective-incl-human-lr-intercept,rna-pathogen-20261009-source-carbo2022-supp,"Supplementary Table 1 sheet 'Suppl table 1-Species', block 'incl. human reads', cell Y13, row 'GD', column 'LR intercept'",37.5,result
rna-pathogen-20261009-result-carbo2022-species-cutoff-10-genome-detective-incl-human-lr-r2,rna-pathogen-20261009-source-carbo2022-supp,"Supplementary Table 1 sheet 'Suppl table 1-Species', block 'incl. human reads', cell Z13, row 'GD', column 'LR r2, %'",35.6,result
rna-pathogen-20261009-result-carbo2022-species-cutoff-10-genome-detective-incl-human-lr-slope,rna-pathogen-20261009-source-carbo2022-supp,"Supplementary Table 1 sheet 'Suppl table 1-Species', block 'incl. human reads', cell X13, row 'GD', column 'LR slope'",-2.04,result
rna-pathogen-20261009-result-carbo2022-species-cutoff-10-genome-detective-incl-human-npv,rna-pathogen-20261009-source-carbo2022-supp,"Supplementary Table 1 sheet 'Suppl table 1-Species', block 'incl. human reads', cell W13, row 'GD', column 'NPV (ROC)'",0.9961,result
rna-pathogen-20261009-result-carbo2022-species-cutoff-10-genome-detective-incl-human-ppv,rna-pathogen-20261009-source-carbo2022-supp,"Supplementary Table 1 sheet 'Suppl table 1-Species', block 'incl. human reads', cell V13, row 'GD', column 'PPV (ROC)'",0.8077,result
rna-pathogen-20261009-result-carbo2022-species-cutoff-10-genome-detective-incl-human-roc-distance,rna-pathogen-20261009-source-carbo2022-supp,"Supplementary Table 1 sheet 'Suppl table 1-Species', block 'incl. human reads', cell R13, row 'GD', column 'Informedness'",0.1252,result
rna-pathogen-20261009-result-carbo2022-species-cutoff-10-genome-detective-incl-human-sensitivity,rna-pathogen-20261009-source-carbo2022-supp,"Supplementary Table 1 sheet 'Suppl table 1-Species', block 'incl. human reads', cell T13, row 'GD', column 'SN (ROC)'",0.8750,result
rna-pathogen-20261009-result-carbo2022-species-cutoff-10-genome-detective-incl-human-specificity,rna-pathogen-20261009-source-carbo2022-supp,"Supplementary Table 1 sheet 'Suppl table 1-Species', block 'incl. human reads', cell U13, row 'GD', column 'SL (ROC)'",0.9935,result
rna-pathogen-20261009-result-carbo2022-species-cutoff-10-genome-detective-incl-human-taxa,rna-pathogen-20261009-source-carbo2022-supp,"Supplementary Table 1 sheet 'Suppl table 1-Species', block 'incl. human reads', cell AA13, row 'GD', column 'Taxa'",17,result
rna-pathogen-20261009-result-carbo2022-species-cutoff-10-genome-detective-incl-human-taxa-with-reads,rna-pathogen-20261009-source-carbo2022-supp,"Supplementary Table 1 sheet 'Suppl table 1-Species', block 'incl. human reads', cell AB13, row 'GD', column 'Taxa with reads >10'",17,result
rna-pathogen-20261009-result-carbo2022-species-cutoff-10-kaiju-excl-human-auc,rna-pathogen-20261009-source-carbo2022-supp,"Supplementary Table 1 sheet 'Suppl table 1-Species', block 'excl. human reads', cell S22, row 'Kaiju', column 'AUC'",0.9336,result
rna-pathogen-20261009-result-carbo2022-species-cutoff-10-kaiju-excl-human-lr-intercept,rna-pathogen-20261009-source-carbo2022-supp,"Supplementary Table 1 sheet 'Suppl table 1-Species', block 'excl. human reads', cell Y22, row 'Kaiju', column 'LR intercept'",34.8,result
rna-pathogen-20261009-result-carbo2022-species-cutoff-10-kaiju-excl-human-lr-r2,rna-pathogen-20261009-source-carbo2022-supp,"Supplementary Table 1 sheet 'Suppl table 1-Species', block 'excl. human reads', cell Z22, row 'Kaiju', column 'LR r2, %'",22.6,result
rna-pathogen-20261009-result-carbo2022-species-cutoff-10-kaiju-excl-human-lr-slope,rna-pathogen-20261009-source-carbo2022-supp,"Supplementary Table 1 sheet 'Suppl table 1-Species', block 'excl. human reads', cell X22, row 'Kaiju', column 'LR slope'",-1.64,result
rna-pathogen-20261009-result-carbo2022-species-cutoff-10-kaiju-excl-human-norm-auc,rna-pathogen-20261009-source-carbo2022-supp,"Supplementary Table 1 sheet 'Suppl table 1-Species', block 'excl. human reads and normalized', cell S30, row 'Kaiju', column 'AUC'",0.6452,result
rna-pathogen-20261009-result-carbo2022-species-cutoff-10-kaiju-excl-human-norm-lr-intercept,rna-pathogen-20261009-source-carbo2022-supp,"Supplementary Table 1 sheet 'Suppl table 1-Species', block 'excl. human reads and normalized', cell Y30, row 'Kaiju', column 'LR intercept'",26.8,result
rna-pathogen-20261009-result-carbo2022-species-cutoff-10-kaiju-excl-human-norm-lr-r2,rna-pathogen-20261009-source-carbo2022-supp,"Supplementary Table 1 sheet 'Suppl table 1-Species', block 'excl. human reads and normalized', cell Z30, row 'Kaiju', column 'LR r2, %'",0.645,result
rna-pathogen-20261009-result-carbo2022-species-cutoff-10-kaiju-excl-human-norm-lr-slope,rna-pathogen-20261009-source-carbo2022-supp,"Supplementary Table 1 sheet 'Suppl table 1-Species', block 'excl. human reads and normalized', cell X30, row 'Kaiju', column 'LR slope'",-0.918,result
rna-pathogen-20261009-result-carbo2022-species-cutoff-10-kaiju-excl-human-norm-npv,rna-pathogen-20261009-source-carbo2022-supp,"Supplementary Table 1 sheet 'Suppl table 1-Species', block 'excl. human reads and normalized', cell W30, row 'Kaiju', column 'NPV (ROC)'",0.9783,result
rna-pathogen-20261009-result-carbo2022-species-cutoff-10-kaiju-excl-human-norm-ppv,rna-pathogen-20261009-source-carbo2022-supp,"Supplementary Table 1 sheet 'Suppl table 1-Species', block 'excl. human reads and normalized', cell V30, row 'Kaiju', column 'PPV (ROC)'",0.8750,result
rna-pathogen-20261009-result-carbo2022-species-cutoff-10-kaiju-excl-human-norm-roc-distance,rna-pathogen-20261009-source-carbo2022-supp,"Supplementary Table 1 sheet 'Suppl table 1-Species', block 'excl. human reads and normalized', cell R30, row 'Kaiju', column 'Informedness'",0.7083,result
rna-pathogen-20261009-result-carbo2022-species-cutoff-10-kaiju-excl-human-norm-sensitivity,rna-pathogen-20261009-source-carbo2022-supp,"Supplementary Table 1 sheet 'Suppl table 1-Species', block 'excl. human reads and normalized', cell T30, row 'Kaiju', column 'SN (ROC)'",0.2917,result
rna-pathogen-20261009-result-carbo2022-species-cutoff-10-kaiju-excl-human-norm-specificity,rna-pathogen-20261009-source-carbo2022-supp,"Supplementary Table 1 sheet 'Suppl table 1-Species', block 'excl. human reads and normalized', cell U30, row 'Kaiju', column 'SL (ROC)'",0.9987,result
rna-pathogen-20261009-result-carbo2022-species-cutoff-10-kaiju-excl-human-norm-taxa,rna-pathogen-20261009-source-carbo2022-supp,"Supplementary Table 1 sheet 'Suppl table 1-Species', block 'excl. human reads and normalized', cell AA30, row 'Kaiju', column 'Taxa'",17,result
rna-pathogen-20261009-result-carbo2022-species-cutoff-10-kaiju-excl-human-norm-taxa-with-reads,rna-pathogen-20261009-source-carbo2022-supp,"Supplementary Table 1 sheet 'Suppl table 1-Species', block 'excl. human reads and normalized', cell AB30, row 'Kaiju', column 'Taxa with reads >10'",17,result
rna-pathogen-20261009-result-carbo2022-species-cutoff-10-kaiju-excl-human-npv,rna-pathogen-20261009-source-carbo2022-supp,"Supplementary Table 1 sheet 'Suppl table 1-Species', block 'excl. human reads', cell W22, row 'Kaiju', column 'NPV (ROC)'",0.9961,result
rna-pathogen-20261009-result-carbo2022-species-cutoff-10-kaiju-excl-human-ppv,rna-pathogen-20261009-source-carbo2022-supp,"Supplementary Table 1 sheet 'Suppl table 1-Species', block 'excl. human reads', cell V22, row 'Kaiju', column 'PPV (ROC)'",0.7778,result
rna-pathogen-20261009-result-carbo2022-species-cutoff-10-kaiju-excl-human-roc-distance,rna-pathogen-20261009-source-carbo2022-supp,"Supplementary Table 1 sheet 'Suppl table 1-Species', block 'excl. human reads', cell R22, row 'Kaiju', column 'Informedness'",0.1252,result
rna-pathogen-20261009-result-carbo2022-species-cutoff-10-kaiju-excl-human-sensitivity,rna-pathogen-20261009-source-carbo2022-supp,"Supplementary Table 1 sheet 'Suppl table 1-Species', block 'excl. human reads', cell T22, row 'Kaiju', column 'SN (ROC)'",0.8750,result
rna-pathogen-20261009-result-carbo2022-species-cutoff-10-kaiju-excl-human-specificity,rna-pathogen-20261009-source-carbo2022-supp,"Supplementary Table 1 sheet 'Suppl table 1-Species', block 'excl. human reads', cell U22, row 'Kaiju', column 'SL (ROC)'",0.9922,result
rna-pathogen-20261009-result-carbo2022-species-cutoff-10-kaiju-excl-human-taxa,rna-pathogen-20261009-source-carbo2022-supp,"Supplementary Table 1 sheet 'Suppl table 1-Species', block 'excl. human reads', cell AA22, row 'Kaiju', column 'Taxa'",17,result
rna-pathogen-20261009-result-carbo2022-species-cutoff-10-kaiju-excl-human-taxa-with-reads,rna-pathogen-20261009-source-carbo2022-supp,"Supplementary Table 1 sheet 'Suppl table 1-Species', block 'excl. human reads', cell AB22, row 'Kaiju', column 'Taxa with reads >10'",17,result
rna-pathogen-20261009-result-carbo2022-species-cutoff-10-kaiju-incl-human-auc,rna-pathogen-20261009-source-carbo2022-supp,"Supplementary Table 1 sheet 'Suppl table 1-Species', block 'incl. human reads', cell S9, row 'Kaiju', column 'AUC'",0.9336,result
rna-pathogen-20261009-result-carbo2022-species-cutoff-10-kaiju-incl-human-lr-intercept,rna-pathogen-20261009-source-carbo2022-supp,"Supplementary Table 1 sheet 'Suppl table 1-Species', block 'incl. human reads', cell Y9, row 'Kaiju', column 'LR intercept'",34.8,result
rna-pathogen-20261009-result-carbo2022-species-cutoff-10-kaiju-incl-human-lr-r2,rna-pathogen-20261009-source-carbo2022-supp,"Supplementary Table 1 sheet 'Suppl table 1-Species', block 'incl. human reads', cell Z9, row 'Kaiju', column 'LR r2, %'",22.6,result
rna-pathogen-20261009-result-carbo2022-species-cutoff-10-kaiju-incl-human-lr-slope,rna-pathogen-20261009-source-carbo2022-supp,"Supplementary Table 1 sheet 'Suppl table 1-Species', block 'incl. human reads', cell X9, row 'Kaiju', column 'LR slope'",-1.64,result
rna-pathogen-20261009-result-carbo2022-species-cutoff-10-kaiju-incl-human-npv,rna-pathogen-20261009-source-carbo2022-supp,"Supplementary Table 1 sheet 'Suppl table 1-Species', block 'incl. human reads', cell W9, row 'Kaiju', column 'NPV (ROC)'",0.9961,result
rna-pathogen-20261009-result-carbo2022-species-cutoff-10-kaiju-incl-human-ppv,rna-pathogen-20261009-source-carbo2022-supp,"Supplementary Table 1 sheet 'Suppl table 1-Species', block 'incl. human reads', cell V9, row 'Kaiju', column 'PPV (ROC)'",0.7778,result
rna-pathogen-20261009-result-carbo2022-species-cutoff-10-kaiju-incl-human-roc-distance,rna-pathogen-20261009-source-carbo2022-supp,"Supplementary Table 1 sheet 'Suppl table 1-Species', block 'incl. human reads', cell R9, row 'Kaiju', column 'Informedness'",0.1252,result
rna-pathogen-20261009-result-carbo2022-species-cutoff-10-kaiju-incl-human-sensitivity,rna-pathogen-20261009-source-carbo2022-supp,"Supplementary Table 1 sheet 'Suppl table 1-Species', block 'incl. human reads', cell T9, row 'Kaiju', column 'SN (ROC)'",0.8750,result
rna-pathogen-20261009-result-carbo2022-species-cutoff-10-kaiju-incl-human-specificity,rna-pathogen-20261009-source-carbo2022-supp,"Supplementary Table 1 sheet 'Suppl table 1-Species', block 'incl. human reads', cell U9, row 'Kaiju', column 'SL (ROC)'",0.9922,result
rna-pathogen-20261009-result-carbo2022-species-cutoff-10-kaiju-incl-human-taxa,rna-pathogen-20261009-source-carbo2022-supp,"Supplementary Table 1 sheet 'Suppl table 1-Species', block 'incl. human reads', cell AA9, row 'Kaiju', column 'Taxa'",17,result
rna-pathogen-20261009-result-carbo2022-species-cutoff-10-kaiju-incl-human-taxa-with-reads,rna-pathogen-20261009-source-carbo2022-supp,"Supplementary Table 1 sheet 'Suppl table 1-Species', block 'incl. human reads', cell AB9, row 'Kaiju', column 'Taxa with reads >10'",17,result
rna-pathogen-20261009-result-carbo2022-species-cutoff-10-kraken2-excl-human-auc,rna-pathogen-20261009-source-carbo2022-supp,"Supplementary Table 1 sheet 'Suppl table 1-Species', block 'excl. human reads', cell S20, row 'Kraken2', column 'AUC'",0.9355,result
rna-pathogen-20261009-result-carbo2022-species-cutoff-10-kraken2-excl-human-lr-intercept,rna-pathogen-20261009-source-carbo2022-supp,"Supplementary Table 1 sheet 'Suppl table 1-Species', block 'excl. human reads', cell Y20, row 'Kraken2', column 'LR intercept'",31.6,result
rna-pathogen-20261009-result-carbo2022-species-cutoff-10-kraken2-excl-human-lr-r2,rna-pathogen-20261009-source-carbo2022-supp,"Supplementary Table 1 sheet 'Suppl table 1-Species', block 'excl. human reads', cell Z20, row 'Kraken2', column 'LR r2, %'",9.85,result
rna-pathogen-20261009-result-carbo2022-species-cutoff-10-kraken2-excl-human-lr-slope,rna-pathogen-20261009-source-carbo2022-supp,"Supplementary Table 1 sheet 'Suppl table 1-Species', block 'excl. human reads', cell X20, row 'Kraken2', column 'LR slope'",-1.08,result
rna-pathogen-20261009-result-carbo2022-species-cutoff-10-kraken2-excl-human-norm-auc,rna-pathogen-20261009-source-carbo2022-supp,"Supplementary Table 1 sheet 'Suppl table 1-Species', block 'excl. human reads and normalized', cell S32, row 'Kraken2', column 'AUC'",0.5618,result
rna-pathogen-20261009-result-carbo2022-species-cutoff-10-kraken2-excl-human-norm-lr-intercept,rna-pathogen-20261009-source-carbo2022-supp,"Supplementary Table 1 sheet 'Suppl table 1-Species', block 'excl. human reads and normalized', cell Y32, row 'Kraken2', column 'LR intercept'",35.7,result
rna-pathogen-20261009-result-carbo2022-species-cutoff-10-kraken2-excl-human-norm-lr-r2,rna-pathogen-20261009-source-carbo2022-supp,"Supplementary Table 1 sheet 'Suppl table 1-Species', block 'excl. human reads and normalized', cell Z32, row 'Kraken2', column 'LR r2, %'",25.6,result
rna-pathogen-20261009-result-carbo2022-species-cutoff-10-kraken2-excl-human-norm-lr-slope,rna-pathogen-20261009-source-carbo2022-supp,"Supplementary Table 1 sheet 'Suppl table 1-Species', block 'excl. human reads and normalized', cell X32, row 'Kraken2', column 'LR slope'",-7.11,result
rna-pathogen-20261009-result-carbo2022-species-cutoff-10-kraken2-excl-human-norm-npv,rna-pathogen-20261009-source-carbo2022-supp,"Supplementary Table 1 sheet 'Suppl table 1-Species', block 'excl. human reads and normalized', cell W32, row 'Kraken2', column 'NPV (ROC)'",0.9734,result
rna-pathogen-20261009-result-carbo2022-species-cutoff-10-kraken2-excl-human-norm-ppv,rna-pathogen-20261009-source-carbo2022-supp,"Supplementary Table 1 sheet 'Suppl table 1-Species', block 'excl. human reads and normalized', cell V32, row 'Kraken2', column 'PPV (ROC)'",0.7500,result
rna-pathogen-20261009-result-carbo2022-species-cutoff-10-kraken2-excl-human-norm-roc-distance,rna-pathogen-20261009-source-carbo2022-supp,"Supplementary Table 1 sheet 'Suppl table 1-Species', block 'excl. human reads and normalized', cell R32, row 'Kraken2', column 'Informedness'",0.8750,result
rna-pathogen-20261009-result-carbo2022-species-cutoff-10-kraken2-excl-human-norm-sensitivity,rna-pathogen-20261009-source-carbo2022-supp,"Supplementary Table 1 sheet 'Suppl table 1-Species', block 'excl. human reads and normalized', cell T32, row 'Kraken2', column 'SN (ROC)'",0.1250,result
rna-pathogen-20261009-result-carbo2022-species-cutoff-10-kraken2-excl-human-norm-specificity,rna-pathogen-20261009-source-carbo2022-supp,"Supplementary Table 1 sheet 'Suppl table 1-Species', block 'excl. human reads and normalized', cell U32, row 'Kraken2', column 'SL (ROC)'",0.9987,result
rna-pathogen-20261009-result-carbo2022-species-cutoff-10-kraken2-excl-human-norm-taxa,rna-pathogen-20261009-source-carbo2022-supp,"Supplementary Table 1 sheet 'Suppl table 1-Species', block 'excl. human reads and normalized', cell AA32, row 'Kraken2', column 'Taxa'",17,result
rna-pathogen-20261009-result-carbo2022-species-cutoff-10-kraken2-excl-human-norm-taxa-with-reads,rna-pathogen-20261009-source-carbo2022-supp,"Supplementary Table 1 sheet 'Suppl table 1-Species', block 'excl. human reads and normalized', cell AB32, row 'Kraken2', column 'Taxa with reads >10'",17,result
rna-pathogen-20261009-result-carbo2022-species-cutoff-10-kraken2-excl-human-npv,rna-pathogen-20261009-source-carbo2022-supp,"Supplementary Table 1 sheet 'Suppl table 1-Species', block 'excl. human reads', cell W20, row 'Kraken2', column 'NPV (ROC)'",0.9961,result
rna-pathogen-20261009-result-carbo2022-species-cutoff-10-kraken2-excl-human-ppv,rna-pathogen-20261009-source-carbo2022-supp,"Supplementary Table 1 sheet 'Suppl table 1-Species', block 'excl. human reads', cell V20, row 'Kraken2', column 'PPV (ROC)'",0.8750,result
rna-pathogen-20261009-result-carbo2022-species-cutoff-10-kraken2-excl-human-roc-distance,rna-pathogen-20261009-source-carbo2022-supp,"Supplementary Table 1 sheet 'Suppl table 1-Species', block 'excl. human reads', cell R20, row 'Kraken2', column 'Informedness'",0.1251,result
rna-pathogen-20261009-result-carbo2022-species-cutoff-10-kraken2-excl-human-sensitivity,rna-pathogen-20261009-source-carbo2022-supp,"Supplementary Table 1 sheet 'Suppl table 1-Species', block 'excl. human reads', cell T20, row 'Kraken2', column 'SN (ROC)'",0.8750,result
rna-pathogen-20261009-result-carbo2022-species-cutoff-10-kraken2-excl-human-specificity,rna-pathogen-20261009-source-carbo2022-supp,"Supplementary Table 1 sheet 'Suppl table 1-Species', block 'excl. human reads', cell U20, row 'Kraken2', column 'SL (ROC)'",0.9961,result
rna-pathogen-20261009-result-carbo2022-species-cutoff-10-kraken2-excl-human-taxa,rna-pathogen-20261009-source-carbo2022-supp,"Supplementary Table 1 sheet 'Suppl table 1-Species', block 'excl. human reads', cell AA20, row 'Kraken2', column 'Taxa'",17,result
rna-pathogen-20261009-result-carbo2022-species-cutoff-10-kraken2-excl-human-taxa-with-reads,rna-pathogen-20261009-source-carbo2022-supp,"Supplementary Table 1 sheet 'Suppl table 1-Species', block 'excl. human reads', cell AB20, row 'Kraken2', column 'Taxa with reads >10'",17,result
rna-pathogen-20261009-result-carbo2022-species-cutoff-10-kraken2-incl-human-auc,rna-pathogen-20261009-source-carbo2022-supp,"Supplementary Table 1 sheet 'Suppl table 1-Species', block 'incl. human reads', cell S12, row 'Kraken2', column 'AUC'",0.9544,result
rna-pathogen-20261009-result-carbo2022-species-cutoff-10-kraken2-incl-human-lr-intercept,rna-pathogen-20261009-source-carbo2022-supp,"Supplementary Table 1 sheet 'Suppl table 1-Species', block 'incl. human reads', cell Y12, row 'Kraken2', column 'LR intercept'",32.7,result
rna-pathogen-20261009-result-carbo2022-species-cutoff-10-kraken2-incl-human-lr-r2,rna-pathogen-20261009-source-carbo2022-supp,"Supplementary Table 1 sheet 'Suppl table 1-Species', block 'incl. human reads', cell Z12, row 'Kraken2', column 'LR r2, %'",15.4,result
rna-pathogen-20261009-result-carbo2022-species-cutoff-10-kraken2-incl-human-lr-slope,rna-pathogen-20261009-source-carbo2022-supp,"Supplementary Table 1 sheet 'Suppl table 1-Species', block 'incl. human reads', cell X12, row 'Kraken2', column 'LR slope'",-1.35,result
rna-pathogen-20261009-result-carbo2022-species-cutoff-10-kraken2-incl-human-npv,rna-pathogen-20261009-source-carbo2022-supp,"Supplementary Table 1 sheet 'Suppl table 1-Species', block 'incl. human reads', cell W12, row 'Kraken2', column 'NPV (ROC)'",0.9974,result
rna-pathogen-20261009-result-carbo2022-species-cutoff-10-kraken2-incl-human-ppv,rna-pathogen-20261009-source-carbo2022-supp,"Supplementary Table 1 sheet 'Suppl table 1-Species', block 'incl. human reads', cell V12, row 'Kraken2', column 'PPV (ROC)'",0.7857,result
rna-pathogen-20261009-result-carbo2022-species-cutoff-10-kraken2-incl-human-roc-distance,rna-pathogen-20261009-source-carbo2022-supp,"Supplementary Table 1 sheet 'Suppl table 1-Species', block 'incl. human reads', cell R12, row 'Kraken2', column 'Informedness'",0.0837,result
rna-pathogen-20261009-result-carbo2022-species-cutoff-10-kraken2-incl-human-sensitivity,rna-pathogen-20261009-source-carbo2022-supp,"Supplementary Table 1 sheet 'Suppl table 1-Species', block 'incl. human reads', cell T12, row 'Kraken2', column 'SN (ROC)'",0.9167,result
rna-pathogen-20261009-result-carbo2022-species-cutoff-10-kraken2-incl-human-specificity,rna-pathogen-20261009-source-carbo2022-supp,"Supplementary Table 1 sheet 'Suppl table 1-Species', block 'incl. human reads', cell U12, row 'Kraken2', column 'SL (ROC)'",0.9922,result
rna-pathogen-20261009-result-carbo2022-species-cutoff-10-kraken2-incl-human-taxa,rna-pathogen-20261009-source-carbo2022-supp,"Supplementary Table 1 sheet 'Suppl table 1-Species', block 'incl. human reads', cell AA12, row 'Kraken2', column 'Taxa'",17,result
rna-pathogen-20261009-result-carbo2022-species-cutoff-10-kraken2-incl-human-taxa-with-reads,rna-pathogen-20261009-source-carbo2022-supp,"Supplementary Table 1 sheet 'Suppl table 1-Species', block 'incl. human reads', cell AB12, row 'Kraken2', column 'Taxa with reads >10'",17,result
rna-pathogen-20261009-result-devries2021-hit-centrifuge-fn,rna-pathogen-20261009-source-devries2021-supp,"Supplementary Table 4, cell Q10, row 'Centrifuge', column 'FN (number of PCR-positive hits not reported by mNGS)'",1,result
rna-pathogen-20261009-result-devries2021-hit-centrifuge-fp,rna-pathogen-20261009-source-devries2021-supp,"Supplementary Table 4, cell O10, row 'Centrifuge', column 'Number of additional viral mNGS hits with negative PCR reprsult (FP* see manuscript text for comments e.g. on index hopping)'",0,result
rna-pathogen-20261009-result-devries2021-hit-centrifuge-hits-with-pcr,rna-pathogen-20261009-source-devries2021-supp,"Supplementary Table 4, cell R10, row 'Centrifuge', column 'Total mNGS hits with PCR data available (TP+FP)'",14,result
rna-pathogen-20261009-result-devries2021-hit-centrifuge-ppv,rna-pathogen-20261009-source-devries2021-supp,"Supplementary Table 4, cell S10, row 'Centrifuge', column 'Positive predictive value (PPV) [%]'",100,result
rna-pathogen-20261009-result-devries2021-hit-centrifuge-sensitivity,rna-pathogen-20261009-source-devries2021-supp,"Supplementary Table 4, cell T10, row 'Centrifuge', column 'Sensitivity [%], hit level'",93.33333333333333,result
rna-pathogen-20261009-result-devries2021-hit-centrifuge-tp,rna-pathogen-20261009-source-devries2021-supp,"Supplementary Table 4, cell P10, row 'Centrifuge', column 'TP (viral mNGS hits with positive PCR result, mixed infections counted as double, out of 15 positive PCRs)'",14,result
rna-pathogen-20261009-result-devries2021-hit-damian-fn,rna-pathogen-20261009-source-devries2021-supp,"Supplementary Table 4, cell Q15, row 'DAMIAN', column 'FN (number of PCR-positive hits not reported by mNGS)'",3,result
rna-pathogen-20261009-result-devries2021-hit-damian-fp,rna-pathogen-20261009-source-devries2021-supp,"Supplementary Table 4, cell O15, row 'DAMIAN', column 'Number of additional viral mNGS hits with negative PCR reprsult (FP* see manuscript text for comments e.g. on index hopping)'",0,result
rna-pathogen-20261009-result-devries2021-hit-damian-hits-with-pcr,rna-pathogen-20261009-source-devries2021-supp,"Supplementary Table 4, cell R15, row 'DAMIAN', column 'Total mNGS hits with PCR data available (TP+FP)'",12,result
rna-pathogen-20261009-result-devries2021-hit-damian-ppv,rna-pathogen-20261009-source-devries2021-supp,"Supplementary Table 4, cell S15, row 'DAMIAN', column 'Positive predictive value (PPV) [%]'",100,result
rna-pathogen-20261009-result-devries2021-hit-damian-sensitivity,rna-pathogen-20261009-source-devries2021-supp,"Supplementary Table 4, cell T15, row 'DAMIAN', column 'Sensitivity [%], hit level'",80,result
rna-pathogen-20261009-result-devries2021-hit-damian-tp,rna-pathogen-20261009-source-devries2021-supp,"Supplementary Table 4, cell P15, row 'DAMIAN', column 'TP (viral mNGS hits with positive PCR result, mixed infections counted as double, out of 15 positive PCRs)'",12,result
rna-pathogen-20261009-result-devries2021-hit-diamond-fn,rna-pathogen-20261009-source-devries2021-supp,"Supplementary Table 4, cell Q17, row 'DIAMOND', column 'FN (number of PCR-positive hits not reported by mNGS)'",2,result
rna-pathogen-20261009-result-devries2021-hit-diamond-fp,rna-pathogen-20261009-source-devries2021-supp,"Supplementary Table 4, cell O17, row 'DIAMOND', column 'Number of additional viral mNGS hits with negative PCR reprsult (FP* see manuscript text for comments e.g. on index hopping)'",1,result
rna-pathogen-20261009-result-devries2021-hit-diamond-hits-with-pcr,rna-pathogen-20261009-source-devries2021-supp,"Supplementary Table 4, cell R17, row 'DIAMOND', column 'Total mNGS hits with PCR data available (TP+FP)'",14,result
rna-pathogen-20261009-result-devries2021-hit-diamond-ppv,rna-pathogen-20261009-source-devries2021-supp,"Supplementary Table 4, cell S17, row 'DIAMOND', column 'Positive predictive value (PPV) [%]'",92.85714285714286,result
rna-pathogen-20261009-result-devries2021-hit-diamond-sensitivity,rna-pathogen-20261009-source-devries2021-supp,"Supplementary Table 4, cell T17, row 'DIAMOND', column 'Sensitivity [%], hit level'",86.66666666666667,result
rna-pathogen-20261009-result-devries2021-hit-diamond-tp,rna-pathogen-20261009-source-devries2021-supp,"Supplementary Table 4, cell P17, row 'DIAMOND', column 'TP (viral mNGS hits with positive PCR result, mixed infections counted as double, out of 15 positive PCRs)'",13,result
rna-pathogen-20261009-result-devries2021-hit-dnastar-fn,rna-pathogen-20261009-source-devries2021-supp,"Supplementary Table 4, cell Q20, row 'DNAstar', column 'FN (number of PCR-positive hits not reported by mNGS)'",0,result
rna-pathogen-20261009-result-devries2021-hit-dnastar-fp,rna-pathogen-20261009-source-devries2021-supp,"Supplementary Table 4, cell O20, row 'DNAstar', column 'Number of additional viral mNGS hits with negative PCR reprsult (FP* see manuscript text for comments e.g. on index hopping)'",6,result
rna-pathogen-20261009-result-devries2021-hit-dnastar-hits-with-pcr,rna-pathogen-20261009-source-devries2021-supp,"Supplementary Table 4, cell R20, row 'DNAstar', column 'Total mNGS hits with PCR data available (TP+FP)'",21,result
rna-pathogen-20261009-result-devries2021-hit-dnastar-ppv,rna-pathogen-20261009-source-devries2021-supp,"Supplementary Table 4, cell S20, row 'DNAstar', column 'Positive predictive value (PPV) [%]'",71.42857142857143,result
rna-pathogen-20261009-result-devries2021-hit-dnastar-sensitivity,rna-pathogen-20261009-source-devries2021-supp,"Supplementary Table 4, cell T20, row 'DNAstar', column 'Sensitivity [%], hit level'",100,result
rna-pathogen-20261009-result-devries2021-hit-dnastar-tp,rna-pathogen-20261009-source-devries2021-supp,"Supplementary Table 4, cell P20, row 'DNAstar', column 'TP (viral mNGS hits with positive PCR result, mixed infections counted as double, out of 15 positive PCRs)'",15,result
rna-pathogen-20261009-result-devries2021-hit-fevir-fn,rna-pathogen-20261009-source-devries2021-supp,"Supplementary Table 4, cell Q23, row 'FEVIR', column 'FN (number of PCR-positive hits not reported by mNGS)'",0,result
rna-pathogen-20261009-result-devries2021-hit-fevir-fp,rna-pathogen-20261009-source-devries2021-supp,"Supplementary Table 4, cell O23, row 'FEVIR', column 'Number of additional viral mNGS hits with negative PCR reprsult (FP* see manuscript text for comments e.g. on index hopping)'",2,result
rna-pathogen-20261009-result-devries2021-hit-fevir-hits-with-pcr,rna-pathogen-20261009-source-devries2021-supp,"Supplementary Table 4, cell R23, row 'FEVIR', column 'Total mNGS hits with PCR data available (TP+FP)'",17,result
rna-pathogen-20261009-result-devries2021-hit-fevir-ppv,rna-pathogen-20261009-source-devries2021-supp,"Supplementary Table 4, cell S23, row 'FEVIR', column 'Positive predictive value (PPV) [%]'",88.23529411764706,result
rna-pathogen-20261009-result-devries2021-hit-fevir-sensitivity,rna-pathogen-20261009-source-devries2021-supp,"Supplementary Table 4, cell T23, row 'FEVIR', column 'Sensitivity [%], hit level'",100,result
rna-pathogen-20261009-result-devries2021-hit-fevir-tp,rna-pathogen-20261009-source-devries2021-supp,"Supplementary Table 4, cell P23, row 'FEVIR', column 'TP (viral mNGS hits with positive PCR result, mixed infections counted as double, out of 15 positive PCRs)'",15,result
rna-pathogen-20261009-result-devries2021-hit-genome-detective-fn,rna-pathogen-20261009-source-devries2021-supp,"Supplementary Table 4, cell Q25, row 'Genome Detective', column 'FN (number of PCR-positive hits not reported by mNGS)'",2,result
rna-pathogen-20261009-result-devries2021-hit-genome-detective-fp,rna-pathogen-20261009-source-devries2021-supp,"Supplementary Table 4, cell O25, row 'Genome Detective', column 'Number of additional viral mNGS hits with negative PCR reprsult (FP* see manuscript text for comments e.g. on index hopping)'",0,result
rna-pathogen-20261009-result-devries2021-hit-genome-detective-hits-with-pcr,rna-pathogen-20261009-source-devries2021-supp,"Supplementary Table 4, cell R25, row 'Genome Detective', column 'Total mNGS hits with PCR data available (TP+FP)'",13,result
rna-pathogen-20261009-result-devries2021-hit-genome-detective-ppv,rna-pathogen-20261009-source-devries2021-supp,"Supplementary Table 4, cell S25, row 'Genome Detective', column 'Positive predictive value (PPV) [%]'",100,result
rna-pathogen-20261009-result-devries2021-hit-genome-detective-sensitivity,rna-pathogen-20261009-source-devries2021-supp,"Supplementary Table 4, cell T25, row 'Genome Detective', column 'Sensitivity [%], hit level'",86.66666666666667,result
rna-pathogen-20261009-result-devries2021-hit-genome-detective-tp,rna-pathogen-20261009-source-devries2021-supp,"Supplementary Table 4, cell P25, row 'Genome Detective', column 'TP (viral mNGS hits with positive PCR result, mixed infections counted as double, out of 15 positive PCRs)'",13,result
rna-pathogen-20261009-result-devries2021-hit-jovian-fn,rna-pathogen-20261009-source-devries2021-supp,"Supplementary Table 4, cell Q29, row 'Jovian', column 'FN (number of PCR-positive hits not reported by mNGS)'",3,result
rna-pathogen-20261009-result-devries2021-hit-jovian-fp,rna-pathogen-20261009-source-devries2021-supp,"Supplementary Table 4, cell O29, row 'Jovian', column 'Number of additional viral mNGS hits with negative PCR reprsult (FP* see manuscript text for comments e.g. on index hopping)'",0,result
rna-pathogen-20261009-result-devries2021-hit-jovian-hits-with-pcr,rna-pathogen-20261009-source-devries2021-supp,"Supplementary Table 4, cell R29, row 'Jovian', column 'Total mNGS hits with PCR data available (TP+FP)'",12,result
rna-pathogen-20261009-result-devries2021-hit-jovian-ppv,rna-pathogen-20261009-source-devries2021-supp,"Supplementary Table 4, cell S29, row 'Jovian', column 'Positive predictive value (PPV) [%]'",100,result
rna-pathogen-20261009-result-devries2021-hit-jovian-sensitivity,rna-pathogen-20261009-source-devries2021-supp,"Supplementary Table 4, cell T29, row 'Jovian', column 'Sensitivity [%], hit level'",80,result
rna-pathogen-20261009-result-devries2021-hit-jovian-tp,rna-pathogen-20261009-source-devries2021-supp,"Supplementary Table 4, cell P29, row 'Jovian', column 'TP (viral mNGS hits with positive PCR result, mixed infections counted as double, out of 15 positive PCRs)'",12,result
rna-pathogen-20261009-result-devries2021-hit-metamic-fn,rna-pathogen-20261009-source-devries2021-supp,"Supplementary Table 4, cell Q31, row 'MetaMIC', column 'FN (number of PCR-positive hits not reported by mNGS)'",3,result
rna-pathogen-20261009-result-devries2021-hit-metamic-fp,rna-pathogen-20261009-source-devries2021-supp,"Supplementary Table 4, cell O31, row 'MetaMIC', column 'Number of additional viral mNGS hits with negative PCR reprsult (FP* see manuscript text for comments e.g. on index hopping)'",0,result
rna-pathogen-20261009-result-devries2021-hit-metamic-hits-with-pcr,rna-pathogen-20261009-source-devries2021-supp,"Supplementary Table 4, cell R31, row 'MetaMIC', column 'Total mNGS hits with PCR data available (TP+FP)'",12,result
rna-pathogen-20261009-result-devries2021-hit-metamic-ppv,rna-pathogen-20261009-source-devries2021-supp,"Supplementary Table 4, cell S31, row 'MetaMIC', column 'Positive predictive value (PPV) [%]'",100,result
rna-pathogen-20261009-result-devries2021-hit-metamic-sensitivity,rna-pathogen-20261009-source-devries2021-supp,"Supplementary Table 4, cell T31, row 'MetaMIC', column 'Sensitivity [%], hit level'",80,result
rna-pathogen-20261009-result-devries2021-hit-metamic-tp,rna-pathogen-20261009-source-devries2021-supp,"Supplementary Table 4, cell P31, row 'MetaMIC', column 'TP (viral mNGS hits with positive PCR result, mixed infections counted as double, out of 15 positive PCRs)'",12,result
rna-pathogen-20261009-result-devries2021-hit-metamix-fn,rna-pathogen-20261009-source-devries2021-supp,"Supplementary Table 4, cell Q32, row 'metaMix', column 'FN (number of PCR-positive hits not reported by mNGS)'",0,result
rna-pathogen-20261009-result-devries2021-hit-metamix-fp,rna-pathogen-20261009-source-devries2021-supp,"Supplementary Table 4, cell O32, row 'metaMix', column 'Number of additional viral mNGS hits with negative PCR reprsult (FP* see manuscript text for comments e.g. on index hopping)'",0,result
rna-pathogen-20261009-result-devries2021-hit-metamix-hits-with-pcr,rna-pathogen-20261009-source-devries2021-supp,"Supplementary Table 4, cell R32, row 'metaMix', column 'Total mNGS hits with PCR data available (TP+FP)'",15,result
rna-pathogen-20261009-result-devries2021-hit-metamix-ppv,rna-pathogen-20261009-source-devries2021-supp,"Supplementary Table 4, cell S32, row 'metaMix', column 'Positive predictive value (PPV) [%]'",100,result
rna-pathogen-20261009-result-devries2021-hit-metamix-sensitivity,rna-pathogen-20261009-source-devries2021-supp,"Supplementary Table 4, cell T32, row 'metaMix', column 'Sensitivity [%], hit level'",100,result
rna-pathogen-20261009-result-devries2021-hit-metamix-tp,rna-pathogen-20261009-source-devries2021-supp,"Supplementary Table 4, cell P32, row 'metaMix', column 'TP (viral mNGS hits with positive PCR result, mixed infections counted as double, out of 15 positive PCRs)'",15,result
rna-pathogen-20261009-result-devries2021-hit-one-codex-fn,rna-pathogen-20261009-source-devries2021-supp,"Supplementary Table 4, cell Q37, row 'One Codex', column 'FN (number of PCR-positive hits not reported by mNGS)'",3,result
rna-pathogen-20261009-result-devries2021-hit-one-codex-fp,rna-pathogen-20261009-source-devries2021-supp,"Supplementary Table 4, cell O37, row 'One Codex', column 'Number of additional viral mNGS hits with negative PCR reprsult (FP* see manuscript text for comments e.g. on index hopping)'",0,result
rna-pathogen-20261009-result-devries2021-hit-one-codex-hits-with-pcr,rna-pathogen-20261009-source-devries2021-supp,"Supplementary Table 4, cell R37, row 'One Codex', column 'Total mNGS hits with PCR data available (TP+FP)'",12,result
rna-pathogen-20261009-result-devries2021-hit-one-codex-ppv,rna-pathogen-20261009-source-devries2021-supp,"Supplementary Table 4, cell S37, row 'One Codex', column 'Positive predictive value (PPV) [%]'",100,result
rna-pathogen-20261009-result-devries2021-hit-one-codex-sensitivity,rna-pathogen-20261009-source-devries2021-supp,"Supplementary Table 4, cell T37, row 'One Codex', column 'Sensitivity [%], hit level'",80,result
rna-pathogen-20261009-result-devries2021-hit-one-codex-tp,rna-pathogen-20261009-source-devries2021-supp,"Supplementary Table 4, cell P37, row 'One Codex', column 'TP (viral mNGS hits with positive PCR result, mixed infections counted as double, out of 15 positive PCRs)'",12,result
rna-pathogen-20261009-result-devries2021-hit-riems-fn,rna-pathogen-20261009-source-devries2021-supp,"Supplementary Table 4, cell Q38, row 'RIEMS', column 'FN (number of PCR-positive hits not reported by mNGS)'",2,result
rna-pathogen-20261009-result-devries2021-hit-riems-fp,rna-pathogen-20261009-source-devries2021-supp,"Supplementary Table 4, cell O38, row 'RIEMS', column 'Number of additional viral mNGS hits with negative PCR reprsult (FP* see manuscript text for comments e.g. on index hopping)'",3,result
rna-pathogen-20261009-result-devries2021-hit-riems-hits-with-pcr,rna-pathogen-20261009-source-devries2021-supp,"Supplementary Table 4, cell R38, row 'RIEMS', column 'Total mNGS hits with PCR data available (TP+FP)'",16,result
rna-pathogen-20261009-result-devries2021-hit-riems-ppv,rna-pathogen-20261009-source-devries2021-supp,"Supplementary Table 4, cell S38, row 'RIEMS', column 'Positive predictive value (PPV) [%]'",81.25,result
rna-pathogen-20261009-result-devries2021-hit-riems-sensitivity,rna-pathogen-20261009-source-devries2021-supp,"Supplementary Table 4, cell T38, row 'RIEMS', column 'Sensitivity [%], hit level'",86.66666666666667,result
rna-pathogen-20261009-result-devries2021-hit-riems-tp,rna-pathogen-20261009-source-devries2021-supp,"Supplementary Table 4, cell P38, row 'RIEMS', column 'TP (viral mNGS hits with positive PCR result, mixed infections counted as double, out of 15 positive PCRs)'",13,result
rna-pathogen-20261009-result-devries2021-hit-taxonomer-fn,rna-pathogen-20261009-source-devries2021-supp,"Supplementary Table 4, cell Q40, row 'Taxonomer', column 'FN (number of PCR-positive hits not reported by mNGS)'",2,result
rna-pathogen-20261009-result-devries2021-hit-taxonomer-fp,rna-pathogen-20261009-source-devries2021-supp,"Supplementary Table 4, cell O40, row 'Taxonomer', column 'Number of additional viral mNGS hits with negative PCR reprsult (FP* see manuscript text for comments e.g. on index hopping)'",0,result
rna-pathogen-20261009-result-devries2021-hit-taxonomer-hits-with-pcr,rna-pathogen-20261009-source-devries2021-supp,"Supplementary Table 4, cell R40, row 'Taxonomer', column 'Total mNGS hits with PCR data available (TP+FP)'",13,result
rna-pathogen-20261009-result-devries2021-hit-taxonomer-ppv,rna-pathogen-20261009-source-devries2021-supp,"Supplementary Table 4, cell S40, row 'Taxonomer', column 'Positive predictive value (PPV) [%]'",100,result
rna-pathogen-20261009-result-devries2021-hit-taxonomer-sensitivity,rna-pathogen-20261009-source-devries2021-supp,"Supplementary Table 4, cell T40, row 'Taxonomer', column 'Sensitivity [%], hit level'",86.66666666666667,result
rna-pathogen-20261009-result-devries2021-hit-taxonomer-tp,rna-pathogen-20261009-source-devries2021-supp,"Supplementary Table 4, cell P40, row 'Taxonomer', column 'TP (viral mNGS hits with positive PCR result, mixed infections counted as double, out of 15 positive PCRs)'",13,result
rna-pathogen-20261009-result-devries2021-hit-virmet-fn,rna-pathogen-20261009-source-devries2021-supp,"Supplementary Table 4, cell Q42, row 'VirMet', column 'FN (number of PCR-positive hits not reported by mNGS)'",1,result
rna-pathogen-20261009-result-devries2021-hit-virmet-fp,rna-pathogen-20261009-source-devries2021-supp,"Supplementary Table 4, cell O42, row 'VirMet', column 'Number of additional viral mNGS hits with negative PCR reprsult (FP* see manuscript text for comments e.g. on index hopping)'",1,result
rna-pathogen-20261009-result-devries2021-hit-virmet-hits-with-pcr,rna-pathogen-20261009-source-devries2021-supp,"Supplementary Table 4, cell R42, row 'VirMet', column 'Total mNGS hits with PCR data available (TP+FP)'",15,result
rna-pathogen-20261009-result-devries2021-hit-virmet-ppv,rna-pathogen-20261009-source-devries2021-supp,"Supplementary Table 4, cell S42, row 'VirMet', column 'Positive predictive value (PPV) [%]'",93.33333333333333,result
rna-pathogen-20261009-result-devries2021-hit-virmet-sensitivity,rna-pathogen-20261009-source-devries2021-supp,"Supplementary Table 4, cell T42, row 'VirMet', column 'Sensitivity [%], hit level'",93.33333333333333,result
rna-pathogen-20261009-result-devries2021-hit-virmet-tp,rna-pathogen-20261009-source-devries2021-supp,"Supplementary Table 4, cell P42, row 'VirMet', column 'TP (viral mNGS hits with positive PCR result, mixed infections counted as double, out of 15 positive PCRs)'",14,result
rna-pathogen-20261009-result-devries2021-sample-centrifuge-correct,rna-pathogen-20261009-source-devries2021-supp,"Supplementary Table 2, cell R13, row 'Centrifuge', column 'Number of samples correctly positive ... out of 13 samples*'",12,result
rna-pathogen-20261009-result-devries2021-sample-centrifuge-reads-c,rna-pathogen-20261009-source-devries2021-supp,"Supplementary Table 2, cell C13, row 'Centrifuge' read count, column sample 1 (HHV-6(A))",156,result
rna-pathogen-20261009-result-devries2021-sample-centrifuge-reads-d,rna-pathogen-20261009-source-devries2021-supp,"Supplementary Table 2, cell D13, row 'Centrifuge' read count, column sample 2 (HHV-6(B))",28457,result
rna-pathogen-20261009-result-devries2021-sample-centrifuge-reads-e,rna-pathogen-20261009-source-devries2021-supp,"Supplementary Table 2, cell E13, row 'Centrifuge' read count, column sample 3 (Enterovirus)",17823,result
rna-pathogen-20261009-result-devries2021-sample-centrifuge-reads-f,rna-pathogen-20261009-source-devries2021-supp,"Supplementary Table 2, cell F13, row 'Centrifuge' read count, column sample 4 (EBV)",26361,result
rna-pathogen-20261009-result-devries2021-sample-centrifuge-reads-g,rna-pathogen-20261009-source-devries2021-supp,"Supplementary Table 2, cell G13, row 'Centrifuge' read count, column sample 5 (Mumps)",81692,result
rna-pathogen-20261009-result-devries2021-sample-centrifuge-reads-h,rna-pathogen-20261009-source-devries2021-supp,"Supplementary Table 2, cell H13, row 'Centrifuge' read count, column sample 6 (CoV-OC43)",1722151,result
rna-pathogen-20261009-result-devries2021-sample-centrifuge-reads-i,rna-pathogen-20261009-source-devries2021-supp,"Supplementary Table 2, cell I13, row 'Centrifuge' read count, column sample 7 (Astrovirus VA1)",1361,result
rna-pathogen-20261009-result-devries2021-sample-centrifuge-reads-j,rna-pathogen-20261009-source-devries2021-supp,"Supplementary Table 2, cell J13, row 'Centrifuge' read count, column sample 8 (Inf-A)",563,result
rna-pathogen-20261009-result-devries2021-sample-centrifuge-reads-k,rna-pathogen-20261009-source-devries2021-supp,"Supplementary Table 2, cell K13, row 'Centrifuge' read count, column sample 9 (PIV-3)",59,result
rna-pathogen-20261009-result-devries2021-sample-centrifuge-reads-l,rna-pathogen-20261009-source-devries2021-supp,"Supplementary Table 2, cell L13, row 'Centrifuge' read count, column sample 10 (CoV-NL63)",1401,result
rna-pathogen-20261009-result-devries2021-sample-centrifuge-reads-m,rna-pathogen-20261009-source-devries2021-supp,"Supplementary Table 2, cell M13, row 'Centrifuge' read count, column sample 11 (CoV-NL63)",7377,result
rna-pathogen-20261009-result-devries2021-sample-centrifuge-reads-n,rna-pathogen-20261009-source-devries2021-supp,"Supplementary Table 2, cell N13, row 'Centrifuge' read count, column sample 11 (CoV-HKU-1)",0,result
rna-pathogen-20261009-result-devries2021-sample-centrifuge-reads-o,rna-pathogen-20261009-source-devries2021-supp,"Supplementary Table 2, cell O13, row 'Centrifuge' read count, column sample 12 (CoV-HKU-1)",2078,result
rna-pathogen-20261009-result-devries2021-sample-centrifuge-reads-p,rna-pathogen-20261009-source-devries2021-supp,"Supplementary Table 2, cell P13, row 'Centrifuge' read count, column sample 13 (Adeno-virus)",109,result
rna-pathogen-20261009-result-devries2021-sample-centrifuge-reads-q,rna-pathogen-20261009-source-devries2021-supp,"Supplementary Table 2, cell Q13, row 'Centrifuge' read count, column sample 13 (EBV)",22,result
rna-pathogen-20261009-result-devries2021-sample-centrifuge-sensitivity,rna-pathogen-20261009-source-devries2021-supp,"Supplementary Table 2, cell S13, row 'Centrifuge', column 'Overall sensitivity [%], sample level'",92.3076923076923,result
rna-pathogen-20261009-result-devries2021-sample-damian-correct,rna-pathogen-20261009-source-devries2021-supp,"Supplementary Table 2, cell R18, row 'DAMIAN', column 'Number of samples correctly positive ... out of 13 samples*'",10,result
rna-pathogen-20261009-result-devries2021-sample-damian-reads-c,rna-pathogen-20261009-source-devries2021-supp,"Supplementary Table 2, cell C18, row 'DAMIAN' read count, column sample 1 (HHV-6(A))",0,result
rna-pathogen-20261009-result-devries2021-sample-damian-reads-d,rna-pathogen-20261009-source-devries2021-supp,"Supplementary Table 2, cell D18, row 'DAMIAN' read count, column sample 2 (HHV-6(B))",31806,result
rna-pathogen-20261009-result-devries2021-sample-damian-reads-e,rna-pathogen-20261009-source-devries2021-supp,"Supplementary Table 2, cell E18, row 'DAMIAN' read count, column sample 3 (Enterovirus)",232112,result
rna-pathogen-20261009-result-devries2021-sample-damian-reads-f,rna-pathogen-20261009-source-devries2021-supp,"Supplementary Table 2, cell F18, row 'DAMIAN' read count, column sample 4 (EBV)",96,result
rna-pathogen-20261009-result-devries2021-sample-damian-reads-g,rna-pathogen-20261009-source-devries2021-supp,"Supplementary Table 2, cell G18, row 'DAMIAN' read count, column sample 5 (Mumps)",199950,result
rna-pathogen-20261009-result-devries2021-sample-damian-reads-h,rna-pathogen-20261009-source-devries2021-supp,"Supplementary Table 2, cell H18, row 'DAMIAN' read count, column sample 6 (CoV-OC43)",2351195,result
rna-pathogen-20261009-result-devries2021-sample-damian-reads-i,rna-pathogen-20261009-source-devries2021-supp,"Supplementary Table 2, cell I18, row 'DAMIAN' read count, column sample 7 (Astrovirus VA1)",2244,result
rna-pathogen-20261009-result-devries2021-sample-damian-reads-j,rna-pathogen-20261009-source-devries2021-supp,"Supplementary Table 2, cell J18, row 'DAMIAN' read count, column sample 8 (Inf-A)",818,result
rna-pathogen-20261009-result-devries2021-sample-damian-reads-k,rna-pathogen-20261009-source-devries2021-supp,"Supplementary Table 2, cell K18, row 'DAMIAN' read count, column sample 9 (PIV-3)",20,result
rna-pathogen-20261009-result-devries2021-sample-damian-reads-l,rna-pathogen-20261009-source-devries2021-supp,"Supplementary Table 2, cell L18, row 'DAMIAN' read count, column sample 10 (CoV-NL63)",2291,result
rna-pathogen-20261009-result-devries2021-sample-damian-reads-m,rna-pathogen-20261009-source-devries2021-supp,"Supplementary Table 2, cell M18, row 'DAMIAN' read count, column sample 11 (CoV-NL63)",11421,result
rna-pathogen-20261009-result-devries2021-sample-damian-reads-n,rna-pathogen-20261009-source-devries2021-supp,"Supplementary Table 2, cell N18, row 'DAMIAN' read count, column sample 11 (CoV-HKU-1)",0,result
rna-pathogen-20261009-result-devries2021-sample-damian-reads-o,rna-pathogen-20261009-source-devries2021-supp,"Supplementary Table 2, cell O18, row 'DAMIAN' read count, column sample 12 (CoV-HKU-1)",2552,result
rna-pathogen-20261009-result-devries2021-sample-damian-reads-p,rna-pathogen-20261009-source-devries2021-supp,"Supplementary Table 2, cell P18, row 'DAMIAN' read count, column sample 13 (Adeno-virus)",2,result
rna-pathogen-20261009-result-devries2021-sample-damian-reads-q,rna-pathogen-20261009-source-devries2021-supp,"Supplementary Table 2, cell Q18, row 'DAMIAN' read count, column sample 13 (EBV)",0,result
rna-pathogen-20261009-result-devries2021-sample-damian-sensitivity,rna-pathogen-20261009-source-devries2021-supp,"Supplementary Table 2, cell S18, row 'DAMIAN', column 'Overall sensitivity [%], sample level'",76.92307692307693,result
rna-pathogen-20261009-result-devries2021-sample-diamond-correct,rna-pathogen-20261009-source-devries2021-supp,"Supplementary Table 2, cell R23, row 'DIAMOND', column 'Number of samples correctly positive ... out of 13 samples*'",11,result
rna-pathogen-20261009-result-devries2021-sample-diamond-pipeline-3a-reads-c,rna-pathogen-20261009-source-devries2021-supp,"Supplementary Table 2, cell C28, row 'DIAMOND pipeline 3A (see table 1)' read count, column sample 1 (HHV-6(A))",0,result
rna-pathogen-20261009-result-devries2021-sample-diamond-pipeline-3a-reads-d,rna-pathogen-20261009-source-devries2021-supp,"Supplementary Table 2, cell D28, row 'DIAMOND pipeline 3A (see table 1)' read count, column sample 2 (HHV-6(B))",71044,result
rna-pathogen-20261009-result-devries2021-sample-diamond-pipeline-3a-reads-e,rna-pathogen-20261009-source-devries2021-supp,"Supplementary Table 2, cell E28, row 'DIAMOND pipeline 3A (see table 1)' read count, column sample 3 (Enterovirus)",413537,result
rna-pathogen-20261009-result-devries2021-sample-diamond-pipeline-3a-reads-f,rna-pathogen-20261009-source-devries2021-supp,"Supplementary Table 2, cell F28, row 'DIAMOND pipeline 3A (see table 1)' read count, column sample 4 (EBV)",23458,result
rna-pathogen-20261009-result-devries2021-sample-diamond-pipeline-3a-reads-g,rna-pathogen-20261009-source-devries2021-supp,"Supplementary Table 2, cell G28, row 'DIAMOND pipeline 3A (see table 1)' read count, column sample 5 (Mumps)",NR,result
rna-pathogen-20261009-result-devries2021-sample-diamond-pipeline-3a-reads-h,rna-pathogen-20261009-source-devries2021-supp,"Supplementary Table 2, cell H28, row 'DIAMOND pipeline 3A (see table 1)' read count, column sample 6 (CoV-OC43)",NR (not analyzed),result
rna-pathogen-20261009-result-devries2021-sample-diamond-pipeline-3a-reads-i,rna-pathogen-20261009-source-devries2021-supp,"Supplementary Table 2, cell I28, row 'DIAMOND pipeline 3A (see table 1)' read count, column sample 7 (Astrovirus VA1)",NR (not analyzed),result
rna-pathogen-20261009-result-devries2021-sample-diamond-pipeline-3a-reads-j,rna-pathogen-20261009-source-devries2021-supp,"Supplementary Table 2, cell J28, row 'DIAMOND pipeline 3A (see table 1)' read count, column sample 8 (Inf-A)",5977,result
rna-pathogen-20261009-result-devries2021-sample-diamond-pipeline-3a-reads-k,rna-pathogen-20261009-source-devries2021-supp,"Supplementary Table 2, cell K28, row 'DIAMOND pipeline 3A (see table 1)' read count, column sample 9 (PIV-3)",29,result
rna-pathogen-20261009-result-devries2021-sample-diamond-pipeline-3a-reads-l,rna-pathogen-20261009-source-devries2021-supp,"Supplementary Table 2, cell L28, row 'DIAMOND pipeline 3A (see table 1)' read count, column sample 10 (CoV-NL63)",1938,result
rna-pathogen-20261009-result-devries2021-sample-diamond-pipeline-3a-reads-m,rna-pathogen-20261009-source-devries2021-supp,"Supplementary Table 2, cell M28, row 'DIAMOND pipeline 3A (see table 1)' read count, column sample 11 (CoV-NL63)",13235,result
rna-pathogen-20261009-result-devries2021-sample-diamond-pipeline-3a-reads-n,rna-pathogen-20261009-source-devries2021-supp,"Supplementary Table 2, cell N28, row 'DIAMOND pipeline 3A (see table 1)' read count, column sample 11 (CoV-HKU-1)",0,result
rna-pathogen-20261009-result-devries2021-sample-diamond-pipeline-3a-reads-o,rna-pathogen-20261009-source-devries2021-supp,"Supplementary Table 2, cell O28, row 'DIAMOND pipeline 3A (see table 1)' read count, column sample 12 (CoV-HKU-1)",4623,result
rna-pathogen-20261009-result-devries2021-sample-diamond-pipeline-3a-reads-p,rna-pathogen-20261009-source-devries2021-supp,"Supplementary Table 2, cell P28, row 'DIAMOND pipeline 3A (see table 1)' read count, column sample 13 (Adeno-virus)",4314,result
rna-pathogen-20261009-result-devries2021-sample-diamond-pipeline-3a-reads-q,rna-pathogen-20261009-source-devries2021-supp,"Supplementary Table 2, cell Q28, row 'DIAMOND pipeline 3A (see table 1)' read count, column sample 13 (EBV)",0,result
rna-pathogen-20261009-result-devries2021-sample-diamond-reads-c,rna-pathogen-20261009-source-devries2021-supp,"Supplementary Table 2, cell C23, row 'DIAMOND' read count, column sample 1 (HHV-6(A))",8,result
rna-pathogen-20261009-result-devries2021-sample-diamond-reads-d,rna-pathogen-20261009-source-devries2021-supp,"Supplementary Table 2, cell D23, row 'DIAMOND' read count, column sample 2 (HHV-6(B))",64769,result
rna-pathogen-20261009-result-devries2021-sample-diamond-reads-e,rna-pathogen-20261009-source-devries2021-supp,"Supplementary Table 2, cell E23, row 'DIAMOND' read count, column sample 3 (Enterovirus)",425404,result
rna-pathogen-20261009-result-devries2021-sample-diamond-reads-f,rna-pathogen-20261009-source-devries2021-supp,"Supplementary Table 2, cell F23, row 'DIAMOND' read count, column sample 4 (EBV)",23458,result
rna-pathogen-20261009-result-devries2021-sample-diamond-reads-g,rna-pathogen-20261009-source-devries2021-supp,"Supplementary Table 2, cell G23, row 'DIAMOND' read count, column sample 5 (Mumps)",209350,result
rna-pathogen-20261009-result-devries2021-sample-diamond-reads-h,rna-pathogen-20261009-source-devries2021-supp,"Supplementary Table 2, cell H23, row 'DIAMOND' read count, column sample 6 (CoV-OC43)",242605,result
rna-pathogen-20261009-result-devries2021-sample-diamond-reads-i,rna-pathogen-20261009-source-devries2021-supp,"Supplementary Table 2, cell I23, row 'DIAMOND' read count, column sample 7 (Astrovirus VA1)",2673,result
rna-pathogen-20261009-result-devries2021-sample-diamond-reads-j,rna-pathogen-20261009-source-devries2021-supp,"Supplementary Table 2, cell J23, row 'DIAMOND' read count, column sample 8 (Inf-A)",1097,result
rna-pathogen-20261009-result-devries2021-sample-diamond-reads-k,rna-pathogen-20261009-source-devries2021-supp,"Supplementary Table 2, cell K23, row 'DIAMOND' read count, column sample 9 (PIV-3)",43,result
rna-pathogen-20261009-result-devries2021-sample-diamond-reads-l,rna-pathogen-20261009-source-devries2021-supp,"Supplementary Table 2, cell L23, row 'DIAMOND' read count, column sample 10 (CoV-NL63)",2727,result
rna-pathogen-20261009-result-devries2021-sample-diamond-reads-m,rna-pathogen-20261009-source-devries2021-supp,"Supplementary Table 2, cell M23, row 'DIAMOND' read count, column sample 11 (CoV-NL63)",14196,result
rna-pathogen-20261009-result-devries2021-sample-diamond-reads-n,rna-pathogen-20261009-source-devries2021-supp,"Supplementary Table 2, cell N23, row 'DIAMOND' read count, column sample 11 (CoV-HKU-1)",0,result
rna-pathogen-20261009-result-devries2021-sample-diamond-reads-o,rna-pathogen-20261009-source-devries2021-supp,"Supplementary Table 2, cell O23, row 'DIAMOND' read count, column sample 12 (CoV-HKU-1)",3698,result
rna-pathogen-20261009-result-devries2021-sample-diamond-reads-p,rna-pathogen-20261009-source-devries2021-supp,"Supplementary Table 2, cell P23, row 'DIAMOND' read count, column sample 13 (Adeno-virus)",134,result
rna-pathogen-20261009-result-devries2021-sample-diamond-reads-q,rna-pathogen-20261009-source-devries2021-supp,"Supplementary Table 2, cell Q23, row 'DIAMOND' read count, column sample 13 (EBV)",0,result
rna-pathogen-20261009-result-devries2021-sample-diamond-sensitivity,rna-pathogen-20261009-source-devries2021-supp,"Supplementary Table 2, cell S23, row 'DIAMOND', column 'Overall sensitivity [%], sample level'",84.61538461538461,result
rna-pathogen-20261009-result-devries2021-sample-dnastar-correct,rna-pathogen-20261009-source-devries2021-supp,"Supplementary Table 2, cell R33, row 'DNAstar', column 'Number of samples correctly positive ... out of 13 samples*'",13,result
rna-pathogen-20261009-result-devries2021-sample-dnastar-reads-c,rna-pathogen-20261009-source-devries2021-supp,"Supplementary Table 2, cell C33, row 'DNAstar' read count, column sample 1 (HHV-6(A))",126,result
rna-pathogen-20261009-result-devries2021-sample-dnastar-reads-d,rna-pathogen-20261009-source-devries2021-supp,"Supplementary Table 2, cell D33, row 'DNAstar' read count, column sample 2 (HHV-6(B))",14415,result
rna-pathogen-20261009-result-devries2021-sample-dnastar-reads-e,rna-pathogen-20261009-source-devries2021-supp,"Supplementary Table 2, cell E33, row 'DNAstar' read count, column sample 3 (Enterovirus)",59954,result
rna-pathogen-20261009-result-devries2021-sample-dnastar-reads-f,rna-pathogen-20261009-source-devries2021-supp,"Supplementary Table 2, cell F33, row 'DNAstar' read count, column sample 4 (EBV)",2870,result
rna-pathogen-20261009-result-devries2021-sample-dnastar-reads-g,rna-pathogen-20261009-source-devries2021-supp,"Supplementary Table 2, cell G33, row 'DNAstar' read count, column sample 5 (Mumps)",21204,result
rna-pathogen-20261009-result-devries2021-sample-dnastar-reads-h,rna-pathogen-20261009-source-devries2021-supp,"Supplementary Table 2, cell H33, row 'DNAstar' read count, column sample 6 (CoV-OC43)",93498,result
rna-pathogen-20261009-result-devries2021-sample-dnastar-reads-i,rna-pathogen-20261009-source-devries2021-supp,"Supplementary Table 2, cell I33, row 'DNAstar' read count, column sample 7 (Astrovirus VA1)",2788,result
rna-pathogen-20261009-result-devries2021-sample-dnastar-reads-j,rna-pathogen-20261009-source-devries2021-supp,"Supplementary Table 2, cell J33, row 'DNAstar' read count, column sample 8 (Inf-A)",256,result
rna-pathogen-20261009-result-devries2021-sample-dnastar-reads-k,rna-pathogen-20261009-source-devries2021-supp,"Supplementary Table 2, cell K33, row 'DNAstar' read count, column sample 9 (PIV-3)",22,result
rna-pathogen-20261009-result-devries2021-sample-dnastar-reads-l,rna-pathogen-20261009-source-devries2021-supp,"Supplementary Table 2, cell L33, row 'DNAstar' read count, column sample 10 (CoV-NL63)",2141,result
rna-pathogen-20261009-result-devries2021-sample-dnastar-reads-m,rna-pathogen-20261009-source-devries2021-supp,"Supplementary Table 2, cell M33, row 'DNAstar' read count, column sample 11 (CoV-NL63)",12184,result
rna-pathogen-20261009-result-devries2021-sample-dnastar-reads-n,rna-pathogen-20261009-source-devries2021-supp,"Supplementary Table 2, cell N33, row 'DNAstar' read count, column sample 11 (CoV-HKU-1)",37,result
rna-pathogen-20261009-result-devries2021-sample-dnastar-reads-o,rna-pathogen-20261009-source-devries2021-supp,"Supplementary Table 2, cell O33, row 'DNAstar' read count, column sample 12 (CoV-HKU-1)",2469,result
rna-pathogen-20261009-result-devries2021-sample-dnastar-reads-p,rna-pathogen-20261009-source-devries2021-supp,"Supplementary Table 2, cell P33, row 'DNAstar' read count, column sample 13 (Adeno-virus)",168,result
rna-pathogen-20261009-result-devries2021-sample-dnastar-reads-q,rna-pathogen-20261009-source-devries2021-supp,"Supplementary Table 2, cell Q33, row 'DNAstar' read count, column sample 13 (EBV)",5,result
rna-pathogen-20261009-result-devries2021-sample-dnastar-sensitivity,rna-pathogen-20261009-source-devries2021-supp,"Supplementary Table 2, cell S33, row 'DNAstar', column 'Overall sensitivity [%], sample level'",100,result
rna-pathogen-20261009-result-devries2021-sample-fevir-correct,rna-pathogen-20261009-source-devries2021-supp,"Supplementary Table 2, cell R38, row 'FEVIR', column 'Number of samples correctly positive ... out of 13 samples*'",13,result
rna-pathogen-20261009-result-devries2021-sample-fevir-reads-c,rna-pathogen-20261009-source-devries2021-supp,"Supplementary Table 2, cell C38, row 'FEVIR' read count, column sample 1 (HHV-6(A))",28,result
rna-pathogen-20261009-result-devries2021-sample-fevir-reads-d,rna-pathogen-20261009-source-devries2021-supp,"Supplementary Table 2, cell D38, row 'FEVIR' read count, column sample 2 (HHV-6(B))",4435,result
rna-pathogen-20261009-result-devries2021-sample-fevir-reads-e,rna-pathogen-20261009-source-devries2021-supp,"Supplementary Table 2, cell E38, row 'FEVIR' read count, column sample 3 (Enterovirus)",651,result
rna-pathogen-20261009-result-devries2021-sample-fevir-reads-f,rna-pathogen-20261009-source-devries2021-supp,"Supplementary Table 2, cell F38, row 'FEVIR' read count, column sample 4 (EBV)",729,result
rna-pathogen-20261009-result-devries2021-sample-fevir-reads-g,rna-pathogen-20261009-source-devries2021-supp,"Supplementary Table 2, cell G38, row 'FEVIR' read count, column sample 5 (Mumps)",82077,result
rna-pathogen-20261009-result-devries2021-sample-fevir-reads-h,rna-pathogen-20261009-source-devries2021-supp,"Supplementary Table 2, cell H38, row 'FEVIR' read count, column sample 6 (CoV-OC43)",485670,result
rna-pathogen-20261009-result-devries2021-sample-fevir-reads-i,rna-pathogen-20261009-source-devries2021-supp,"Supplementary Table 2, cell I38, row 'FEVIR' read count, column sample 7 (Astrovirus VA1)",1928,result
rna-pathogen-20261009-result-devries2021-sample-fevir-reads-j,rna-pathogen-20261009-source-devries2021-supp,"Supplementary Table 2, cell J38, row 'FEVIR' read count, column sample 8 (Inf-A)",503,result
rna-pathogen-20261009-result-devries2021-sample-fevir-reads-k,rna-pathogen-20261009-source-devries2021-supp,"Supplementary Table 2, cell K38, row 'FEVIR' read count, column sample 9 (PIV-3)",39,result
rna-pathogen-20261009-result-devries2021-sample-fevir-reads-l,rna-pathogen-20261009-source-devries2021-supp,"Supplementary Table 2, cell L38, row 'FEVIR' read count, column sample 10 (CoV-NL63)",1255,result
rna-pathogen-20261009-result-devries2021-sample-fevir-reads-m,rna-pathogen-20261009-source-devries2021-supp,"Supplementary Table 2, cell M38, row 'FEVIR' read count, column sample 11 (CoV-NL63)",9730,result
rna-pathogen-20261009-result-devries2021-sample-fevir-reads-n,rna-pathogen-20261009-source-devries2021-supp,"Supplementary Table 2, cell N38, row 'FEVIR' read count, column sample 11 (CoV-HKU-1)",11,result
rna-pathogen-20261009-result-devries2021-sample-fevir-reads-o,rna-pathogen-20261009-source-devries2021-supp,"Supplementary Table 2, cell O38, row 'FEVIR' read count, column sample 12 (CoV-HKU-1)",952,result
rna-pathogen-20261009-result-devries2021-sample-fevir-reads-p,rna-pathogen-20261009-source-devries2021-supp,"Supplementary Table 2, cell P38, row 'FEVIR' read count, column sample 13 (Adeno-virus)",32,result
rna-pathogen-20261009-result-devries2021-sample-fevir-reads-q,rna-pathogen-20261009-source-devries2021-supp,"Supplementary Table 2, cell Q38, row 'FEVIR' read count, column sample 13 (EBV)",2,result
rna-pathogen-20261009-result-devries2021-sample-fevir-sensitivity,rna-pathogen-20261009-source-devries2021-supp,"Supplementary Table 2, cell S38, row 'FEVIR', column 'Overall sensitivity [%], sample level'",100,result
rna-pathogen-20261009-result-devries2021-sample-genome-detective-correct,rna-pathogen-20261009-source-devries2021-supp,"Supplementary Table 2, cell R43, row 'Genome Detective', column 'Number of samples correctly positive ... out of 13 samples*'",11,result
rna-pathogen-20261009-result-devries2021-sample-genome-detective-reads-c,rna-pathogen-20261009-source-devries2021-supp,"Supplementary Table 2, cell C43, row 'Genome Detective' read count, column sample 1 (HHV-6(A))",14,result
rna-pathogen-20261009-result-devries2021-sample-genome-detective-reads-d,rna-pathogen-20261009-source-devries2021-supp,"Supplementary Table 2, cell D43, row 'Genome Detective' read count, column sample 2 (HHV-6(B))",20948,result
rna-pathogen-20261009-result-devries2021-sample-genome-detective-reads-e,rna-pathogen-20261009-source-devries2021-supp,"Supplementary Table 2, cell E43, row 'Genome Detective' read count, column sample 3 (Enterovirus)",419202,result
rna-pathogen-20261009-result-devries2021-sample-genome-detective-reads-f,rna-pathogen-20261009-source-devries2021-supp,"Supplementary Table 2, cell F43, row 'Genome Detective' read count, column sample 4 (EBV)",29141,result
rna-pathogen-20261009-result-devries2021-sample-genome-detective-reads-g,rna-pathogen-20261009-source-devries2021-supp,"Supplementary Table 2, cell G43, row 'Genome Detective' read count, column sample 5 (Mumps)",204908,result
rna-pathogen-20261009-result-devries2021-sample-genome-detective-reads-h,rna-pathogen-20261009-source-devries2021-supp,"Supplementary Table 2, cell H43, row 'Genome Detective' read count, column sample 6 (CoV-OC43)",3492623,result
rna-pathogen-20261009-result-devries2021-sample-genome-detective-reads-i,rna-pathogen-20261009-source-devries2021-supp,"Supplementary Table 2, cell I43, row 'Genome Detective' read count, column sample 7 (Astrovirus VA1)",2732,result
rna-pathogen-20261009-result-devries2021-sample-genome-detective-reads-j,rna-pathogen-20261009-source-devries2021-supp,"Supplementary Table 2, cell J43, row 'Genome Detective' read count, column sample 8 (Inf-A)",1096,result
rna-pathogen-20261009-result-devries2021-sample-genome-detective-reads-k,rna-pathogen-20261009-source-devries2021-supp,"Supplementary Table 2, cell K43, row 'Genome Detective' read count, column sample 9 (PIV-3)",0,result
rna-pathogen-20261009-result-devries2021-sample-genome-detective-reads-l,rna-pathogen-20261009-source-devries2021-supp,"Supplementary Table 2, cell L43, row 'Genome Detective' read count, column sample 10 (CoV-NL63)",2671,result
rna-pathogen-20261009-result-devries2021-sample-genome-detective-reads-m,rna-pathogen-20261009-source-devries2021-supp,"Supplementary Table 2, cell M43, row 'Genome Detective' read count, column sample 11 (CoV-NL63)",14429,result
rna-pathogen-20261009-result-devries2021-sample-genome-detective-reads-n,rna-pathogen-20261009-source-devries2021-supp,"Supplementary Table 2, cell N43, row 'Genome Detective' read count, column sample 11 (CoV-HKU-1)",0,result
rna-pathogen-20261009-result-devries2021-sample-genome-detective-reads-o,rna-pathogen-20261009-source-devries2021-supp,"Supplementary Table 2, cell O43, row 'Genome Detective' read count, column sample 12 (CoV-HKU-1)",3915,result
rna-pathogen-20261009-result-devries2021-sample-genome-detective-reads-p,rna-pathogen-20261009-source-devries2021-supp,"Supplementary Table 2, cell P43, row 'Genome Detective' read count, column sample 13 (Adeno-virus)",91,result
rna-pathogen-20261009-result-devries2021-sample-genome-detective-reads-q,rna-pathogen-20261009-source-devries2021-supp,"Supplementary Table 2, cell Q43, row 'Genome Detective' read count, column sample 13 (EBV)",16,result
rna-pathogen-20261009-result-devries2021-sample-genome-detective-sensitivity,rna-pathogen-20261009-source-devries2021-supp,"Supplementary Table 2, cell S43, row 'Genome Detective', column 'Overall sensitivity [%], sample level'",84.61538461538461,result
rna-pathogen-20261009-result-devries2021-sample-jovian-correct,rna-pathogen-20261009-source-devries2021-supp,"Supplementary Table 2, cell R48, row 'Jovian', column 'Number of samples correctly positive ... out of 13 samples*'",10,result
rna-pathogen-20261009-result-devries2021-sample-jovian-reads-c,rna-pathogen-20261009-source-devries2021-supp,"Supplementary Table 2, cell C48, row 'Jovian' read count, column sample 1 (HHV-6(A))",0,result
rna-pathogen-20261009-result-devries2021-sample-jovian-reads-d,rna-pathogen-20261009-source-devries2021-supp,"Supplementary Table 2, cell D48, row 'Jovian' read count, column sample 2 (HHV-6(B))",55429,result
rna-pathogen-20261009-result-devries2021-sample-jovian-reads-e,rna-pathogen-20261009-source-devries2021-supp,"Supplementary Table 2, cell E48, row 'Jovian' read count, column sample 3 (Enterovirus)",405127,result
rna-pathogen-20261009-result-devries2021-sample-jovian-reads-f,rna-pathogen-20261009-source-devries2021-supp,"Supplementary Table 2, cell F48, row 'Jovian' read count, column sample 4 (EBV)",29711,result
rna-pathogen-20261009-result-devries2021-sample-jovian-reads-g,rna-pathogen-20261009-source-devries2021-supp,"Supplementary Table 2, cell G48, row 'Jovian' read count, column sample 5 (Mumps)",124801,result
rna-pathogen-20261009-result-devries2021-sample-jovian-reads-h,rna-pathogen-20261009-source-devries2021-supp,"Supplementary Table 2, cell H48, row 'Jovian' read count, column sample 6 (CoV-OC43)",710964,result
rna-pathogen-20261009-result-devries2021-sample-jovian-reads-i,rna-pathogen-20261009-source-devries2021-supp,"Supplementary Table 2, cell I48, row 'Jovian' read count, column sample 7 (Astrovirus VA1)",2430,result
rna-pathogen-20261009-result-devries2021-sample-jovian-reads-j,rna-pathogen-20261009-source-devries2021-supp,"Supplementary Table 2, cell J48, row 'Jovian' read count, column sample 8 (Inf-A)",1040,result
rna-pathogen-20261009-result-devries2021-sample-jovian-reads-k,rna-pathogen-20261009-source-devries2021-supp,"Supplementary Table 2, cell K48, row 'Jovian' read count, column sample 9 (PIV-3)",54,result
rna-pathogen-20261009-result-devries2021-sample-jovian-reads-l,rna-pathogen-20261009-source-devries2021-supp,"Supplementary Table 2, cell L48, row 'Jovian' read count, column sample 10 (CoV-NL63)",2527,result
rna-pathogen-20261009-result-devries2021-sample-jovian-reads-m,rna-pathogen-20261009-source-devries2021-supp,"Supplementary Table 2, cell M48, row 'Jovian' read count, column sample 11 (CoV-NL63)",13305,result
rna-pathogen-20261009-result-devries2021-sample-jovian-reads-n,rna-pathogen-20261009-source-devries2021-supp,"Supplementary Table 2, cell N48, row 'Jovian' read count, column sample 11 (CoV-HKU-1)",0,result
rna-pathogen-20261009-result-devries2021-sample-jovian-reads-o,rna-pathogen-20261009-source-devries2021-supp,"Supplementary Table 2, cell O48, row 'Jovian' read count, column sample 12 (CoV-HKU-1)",3707,result
rna-pathogen-20261009-result-devries2021-sample-jovian-reads-p,rna-pathogen-20261009-source-devries2021-supp,"Supplementary Table 2, cell P48, row 'Jovian' read count, column sample 13 (Adeno-virus)",125,result
rna-pathogen-20261009-result-devries2021-sample-jovian-reads-q,rna-pathogen-20261009-source-devries2021-supp,"Supplementary Table 2, cell Q48, row 'Jovian' read count, column sample 13 (EBV)",0,result
rna-pathogen-20261009-result-devries2021-sample-jovian-sensitivity,rna-pathogen-20261009-source-devries2021-supp,"Supplementary Table 2, cell S48, row 'Jovian', column 'Overall sensitivity [%], sample level'",76.92307692307693,result
rna-pathogen-20261009-result-devries2021-sample-metamic-correct,rna-pathogen-20261009-source-devries2021-supp,"Supplementary Table 2, cell R53, row 'MetaMIC', column 'Number of samples correctly positive ... out of 13 samples*'",10,result
rna-pathogen-20261009-result-devries2021-sample-metamic-reads-c,rna-pathogen-20261009-source-devries2021-supp,"Supplementary Table 2, cell C53, row 'MetaMIC' read count, column sample 1 (HHV-6(A))",0,result
rna-pathogen-20261009-result-devries2021-sample-metamic-reads-d,rna-pathogen-20261009-source-devries2021-supp,"Supplementary Table 2, cell D53, row 'MetaMIC' read count, column sample 2 (HHV-6(B))",9008,result
rna-pathogen-20261009-result-devries2021-sample-metamic-reads-e,rna-pathogen-20261009-source-devries2021-supp,"Supplementary Table 2, cell E53, row 'MetaMIC' read count, column sample 3 (Enterovirus)",191151,result
rna-pathogen-20261009-result-devries2021-sample-metamic-reads-f,rna-pathogen-20261009-source-devries2021-supp,"Supplementary Table 2, cell F53, row 'MetaMIC' read count, column sample 4 (EBV)",35709,result
rna-pathogen-20261009-result-devries2021-sample-metamic-reads-g,rna-pathogen-20261009-source-devries2021-supp,"Supplementary Table 2, cell G53, row 'MetaMIC' read count, column sample 5 (Mumps)",182244,result
rna-pathogen-20261009-result-devries2021-sample-metamic-reads-h,rna-pathogen-20261009-source-devries2021-supp,"Supplementary Table 2, cell H53, row 'MetaMIC' read count, column sample 6 (CoV-OC43)",3271927,result
rna-pathogen-20261009-result-devries2021-sample-metamic-reads-i,rna-pathogen-20261009-source-devries2021-supp,"Supplementary Table 2, cell I53, row 'MetaMIC' read count, column sample 7 (Astrovirus VA1)",1459,result
rna-pathogen-20261009-result-devries2021-sample-metamic-reads-j,rna-pathogen-20261009-source-devries2021-supp,"Supplementary Table 2, cell J53, row 'MetaMIC' read count, column sample 8 (Inf-A)",764,result
rna-pathogen-20261009-result-devries2021-sample-metamic-reads-k,rna-pathogen-20261009-source-devries2021-supp,"Supplementary Table 2, cell K53, row 'MetaMIC' read count, column sample 9 (PIV-3)",80,result
rna-pathogen-20261009-result-devries2021-sample-metamic-reads-l,rna-pathogen-20261009-source-devries2021-supp,"Supplementary Table 2, cell L53, row 'MetaMIC' read count, column sample 10 (CoV-NL63)",1823,result
rna-pathogen-20261009-result-devries2021-sample-metamic-reads-m,rna-pathogen-20261009-source-devries2021-supp,"Supplementary Table 2, cell M53, row 'MetaMIC' read count, column sample 11 (CoV-NL63)",92221,result
rna-pathogen-20261009-result-devries2021-sample-metamic-reads-n,rna-pathogen-20261009-source-devries2021-supp,"Supplementary Table 2, cell N53, row 'MetaMIC' read count, column sample 11 (CoV-HKU-1)","10, below reporting threshold",result
rna-pathogen-20261009-result-devries2021-sample-metamic-reads-o,rna-pathogen-20261009-source-devries2021-supp,"Supplementary Table 2, cell O53, row 'MetaMIC' read count, column sample 12 (CoV-HKU-1)",2476,result
rna-pathogen-20261009-result-devries2021-sample-metamic-reads-p,rna-pathogen-20261009-source-devries2021-supp,"Supplementary Table 2, cell P53, row 'MetaMIC' read count, column sample 13 (Adeno-virus)",79,result
rna-pathogen-20261009-result-devries2021-sample-metamic-reads-q,rna-pathogen-20261009-source-devries2021-supp,"Supplementary Table 2, cell Q53, row 'MetaMIC' read count, column sample 13 (EBV)","9,below reporting threshold",result
rna-pathogen-20261009-result-devries2021-sample-metamic-sensitivity,rna-pathogen-20261009-source-devries2021-supp,"Supplementary Table 2, cell S53, row 'MetaMIC', column 'Overall sensitivity [%], sample level'",76.92307692307693,result
rna-pathogen-20261009-result-devries2021-sample-metamix-correct,rna-pathogen-20261009-source-devries2021-supp,"Supplementary Table 2, cell R59, row 'MetaMix', column 'Number of samples correctly positive ... out of 13 samples*'",13,result
rna-pathogen-20261009-result-devries2021-sample-metamix-reads-c,rna-pathogen-20261009-source-devries2021-supp,"Supplementary Table 2, cell C59, row 'MetaMix' read count, column sample 1 (HHV-6(A))",230,result
rna-pathogen-20261009-result-devries2021-sample-metamix-reads-d,rna-pathogen-20261009-source-devries2021-supp,"Supplementary Table 2, cell D59, row 'MetaMix' read count, column sample 2 (HHV-6(B))",38981,result
rna-pathogen-20261009-result-devries2021-sample-metamix-reads-e,rna-pathogen-20261009-source-devries2021-supp,"Supplementary Table 2, cell E59, row 'MetaMix' read count, column sample 3 (Enterovirus)",147900,result
rna-pathogen-20261009-result-devries2021-sample-metamix-reads-f,rna-pathogen-20261009-source-devries2021-supp,"Supplementary Table 2, cell F59, row 'MetaMix' read count, column sample 4 (EBV)",33566,result
rna-pathogen-20261009-result-devries2021-sample-metamix-reads-g,rna-pathogen-20261009-source-devries2021-supp,"Supplementary Table 2, cell G59, row 'MetaMix' read count, column sample 5 (Mumps)",153230,result
rna-pathogen-20261009-result-devries2021-sample-metamix-reads-h,rna-pathogen-20261009-source-devries2021-supp,"Supplementary Table 2, cell H59, row 'MetaMix' read count, column sample 6 (CoV-OC43)",291277,result
rna-pathogen-20261009-result-devries2021-sample-metamix-reads-i,rna-pathogen-20261009-source-devries2021-supp,"Supplementary Table 2, cell I59, row 'MetaMix' read count, column sample 7 (Astrovirus VA1)",2423,result
rna-pathogen-20261009-result-devries2021-sample-metamix-reads-j,rna-pathogen-20261009-source-devries2021-supp,"Supplementary Table 2, cell J59, row 'MetaMix' read count, column sample 8 (Inf-A)",1087,result
rna-pathogen-20261009-result-devries2021-sample-metamix-reads-k,rna-pathogen-20261009-source-devries2021-supp,"Supplementary Table 2, cell K59, row 'MetaMix' read count, column sample 9 (PIV-3)",96,result
rna-pathogen-20261009-result-devries2021-sample-metamix-reads-l,rna-pathogen-20261009-source-devries2021-supp,"Supplementary Table 2, cell L59, row 'MetaMix' read count, column sample 10 (CoV-NL63)",2646,result
rna-pathogen-20261009-result-devries2021-sample-metamix-reads-m,rna-pathogen-20261009-source-devries2021-supp,"Supplementary Table 2, cell M59, row 'MetaMix' read count, column sample 11 (CoV-NL63)",13705,result
rna-pathogen-20261009-result-devries2021-sample-metamix-reads-n,rna-pathogen-20261009-source-devries2021-supp,"Supplementary Table 2, cell N59, row 'MetaMix' read count, column sample 11 (CoV-HKU-1)",11,result
rna-pathogen-20261009-result-devries2021-sample-metamix-reads-o,rna-pathogen-20261009-source-devries2021-supp,"Supplementary Table 2, cell O59, row 'MetaMix' read count, column sample 12 (CoV-HKU-1)",3778,result
rna-pathogen-20261009-result-devries2021-sample-metamix-reads-p,rna-pathogen-20261009-source-devries2021-supp,"Supplementary Table 2, cell P59, row 'MetaMix' read count, column sample 13 (Adeno-virus)",423,result
rna-pathogen-20261009-result-devries2021-sample-metamix-reads-q,rna-pathogen-20261009-source-devries2021-supp,"Supplementary Table 2, cell Q59, row 'MetaMix' read count, column sample 13 (EBV)",20,result
rna-pathogen-20261009-result-devries2021-sample-metamix-sensitivity,rna-pathogen-20261009-source-devries2021-supp,"Supplementary Table 2, cell S59, row 'MetaMix', column 'Overall sensitivity [%], sample level'",100,result
rna-pathogen-20261009-result-devries2021-sample-one-codex-correct,rna-pathogen-20261009-source-devries2021-supp,"Supplementary Table 2, cell R64, row 'One Codex', column 'Number of samples correctly positive ... out of 13 samples*'",10,result
rna-pathogen-20261009-result-devries2021-sample-one-codex-reads-c,rna-pathogen-20261009-source-devries2021-supp,"Supplementary Table 2, cell C64, row 'One Codex' read count, column sample 1 (HHV-6(A))",0,result
rna-pathogen-20261009-result-devries2021-sample-one-codex-reads-d,rna-pathogen-20261009-source-devries2021-supp,"Supplementary Table 2, cell D64, row 'One Codex' read count, column sample 2 (HHV-6(B))",4540,result
rna-pathogen-20261009-result-devries2021-sample-one-codex-reads-e,rna-pathogen-20261009-source-devries2021-supp,"Supplementary Table 2, cell E64, row 'One Codex' read count, column sample 3 (Enterovirus)",8580,result
rna-pathogen-20261009-result-devries2021-sample-one-codex-reads-f,rna-pathogen-20261009-source-devries2021-supp,"Supplementary Table 2, cell F64, row 'One Codex' read count, column sample 4 (EBV)",52447,result
rna-pathogen-20261009-result-devries2021-sample-one-codex-reads-g,rna-pathogen-20261009-source-devries2021-supp,"Supplementary Table 2, cell G64, row 'One Codex' read count, column sample 5 (Mumps)",13511,result
rna-pathogen-20261009-result-devries2021-sample-one-codex-reads-h,rna-pathogen-20261009-source-devries2021-supp,"Supplementary Table 2, cell H64, row 'One Codex' read count, column sample 6 (CoV-OC43)",295679,result
rna-pathogen-20261009-result-devries2021-sample-one-codex-reads-i,rna-pathogen-20261009-source-devries2021-supp,"Supplementary Table 2, cell I64, row 'One Codex' read count, column sample 7 (Astrovirus VA1)",174,result
rna-pathogen-20261009-result-devries2021-sample-one-codex-reads-j,rna-pathogen-20261009-source-devries2021-supp,"Supplementary Table 2, cell J64, row 'One Codex' read count, column sample 8 (Inf-A)",0,result
rna-pathogen-20261009-result-devries2021-sample-one-codex-reads-k,rna-pathogen-20261009-source-devries2021-supp,"Supplementary Table 2, cell K64, row 'One Codex' read count, column sample 9 (PIV-3)",118,result
rna-pathogen-20261009-result-devries2021-sample-one-codex-reads-l,rna-pathogen-20261009-source-devries2021-supp,"Supplementary Table 2, cell L64, row 'One Codex' read count, column sample 10 (CoV-NL63)",2687,result
rna-pathogen-20261009-result-devries2021-sample-one-codex-reads-m,rna-pathogen-20261009-source-devries2021-supp,"Supplementary Table 2, cell M64, row 'One Codex' read count, column sample 11 (CoV-NL63)",14104,result
rna-pathogen-20261009-result-devries2021-sample-one-codex-reads-n,rna-pathogen-20261009-source-devries2021-supp,"Supplementary Table 2, cell N64, row 'One Codex' read count, column sample 11 (CoV-HKU-1)",0,result
rna-pathogen-20261009-result-devries2021-sample-one-codex-reads-o,rna-pathogen-20261009-source-devries2021-supp,"Supplementary Table 2, cell O64, row 'One Codex' read count, column sample 12 (CoV-HKU-1)",4133,result
rna-pathogen-20261009-result-devries2021-sample-one-codex-reads-p,rna-pathogen-20261009-source-devries2021-supp,"Supplementary Table 2, cell P64, row 'One Codex' read count, column sample 13 (Adeno-virus)",541,result
rna-pathogen-20261009-result-devries2021-sample-one-codex-reads-q,rna-pathogen-20261009-source-devries2021-supp,"Supplementary Table 2, cell Q64, row 'One Codex' read count, column sample 13 (EBV)",100,result
rna-pathogen-20261009-result-devries2021-sample-one-codex-sensitivity,rna-pathogen-20261009-source-devries2021-supp,"Supplementary Table 2, cell S64, row 'One Codex', column 'Overall sensitivity [%], sample level'",76.92307692307693,result
rna-pathogen-20261009-result-devries2021-sample-riems-correct,rna-pathogen-20261009-source-devries2021-supp,"Supplementary Table 2, cell R69, row 'RIEMS', column 'Number of samples correctly positive ... out of 13 samples*'",11,result
rna-pathogen-20261009-result-devries2021-sample-riems-reads-c,rna-pathogen-20261009-source-devries2021-supp,"Supplementary Table 2, cell C69, row 'RIEMS' read count, column sample 1 (HHV-6(A))",0**,result
rna-pathogen-20261009-result-devries2021-sample-riems-reads-d,rna-pathogen-20261009-source-devries2021-supp,"Supplementary Table 2, cell D69, row 'RIEMS' read count, column sample 2 (HHV-6(B))",29747,result
rna-pathogen-20261009-result-devries2021-sample-riems-reads-e,rna-pathogen-20261009-source-devries2021-supp,"Supplementary Table 2, cell E69, row 'RIEMS' read count, column sample 3 (Enterovirus)",215000,result
rna-pathogen-20261009-result-devries2021-sample-riems-reads-f,rna-pathogen-20261009-source-devries2021-supp,"Supplementary Table 2, cell F69, row 'RIEMS' read count, column sample 4 (EBV)",57563,result
rna-pathogen-20261009-result-devries2021-sample-riems-reads-g,rna-pathogen-20261009-source-devries2021-supp,"Supplementary Table 2, cell G69, row 'RIEMS' read count, column sample 5 (Mumps)",106785,result
rna-pathogen-20261009-result-devries2021-sample-riems-reads-h,rna-pathogen-20261009-source-devries2021-supp,"Supplementary Table 2, cell H69, row 'RIEMS' read count, column sample 6 (CoV-OC43)",180193,result
rna-pathogen-20261009-result-devries2021-sample-riems-reads-i,rna-pathogen-20261009-source-devries2021-supp,"Supplementary Table 2, cell I69, row 'RIEMS' read count, column sample 7 (Astrovirus VA1)",1421,result
rna-pathogen-20261009-result-devries2021-sample-riems-reads-j,rna-pathogen-20261009-source-devries2021-supp,"Supplementary Table 2, cell J69, row 'RIEMS' read count, column sample 8 (Inf-A)",2510,result
rna-pathogen-20261009-result-devries2021-sample-riems-reads-k,rna-pathogen-20261009-source-devries2021-supp,"Supplementary Table 2, cell K69, row 'RIEMS' read count, column sample 9 (PIV-3)",60,result
rna-pathogen-20261009-result-devries2021-sample-riems-reads-l,rna-pathogen-20261009-source-devries2021-supp,"Supplementary Table 2, cell L69, row 'RIEMS' read count, column sample 10 (CoV-NL63)",1422,result
rna-pathogen-20261009-result-devries2021-sample-riems-reads-m,rna-pathogen-20261009-source-devries2021-supp,"Supplementary Table 2, cell M69, row 'RIEMS' read count, column sample 11 (CoV-NL63)",7634,result
rna-pathogen-20261009-result-devries2021-sample-riems-reads-n,rna-pathogen-20261009-source-devries2021-supp,"Supplementary Table 2, cell N69, row 'RIEMS' read count, column sample 11 (CoV-HKU-1)",0***,result
rna-pathogen-20261009-result-devries2021-sample-riems-reads-o,rna-pathogen-20261009-source-devries2021-supp,"Supplementary Table 2, cell O69, row 'RIEMS' read count, column sample 12 (CoV-HKU-1)",2059,result
rna-pathogen-20261009-result-devries2021-sample-riems-reads-p,rna-pathogen-20261009-source-devries2021-supp,"Supplementary Table 2, cell P69, row 'RIEMS' read count, column sample 13 (Adeno-virus)",325,result
rna-pathogen-20261009-result-devries2021-sample-riems-reads-q,rna-pathogen-20261009-source-devries2021-supp,"Supplementary Table 2, cell Q69, row 'RIEMS' read count, column sample 13 (EBV)",16600,result
rna-pathogen-20261009-result-devries2021-sample-riems-sensitivity,rna-pathogen-20261009-source-devries2021-supp,"Supplementary Table 2, cell S69, row 'RIEMS', column 'Overall sensitivity [%], sample level'",84.61538461538461,result
rna-pathogen-20261009-result-devries2021-sample-taxonomer-correct,rna-pathogen-20261009-source-devries2021-supp,"Supplementary Table 2, cell R74, row 'Taxonomer', column 'Number of samples correctly positive ... out of 13 samples*'",11,result
rna-pathogen-20261009-result-devries2021-sample-taxonomer-reads-c,rna-pathogen-20261009-source-devries2021-supp,"Supplementary Table 2, cell C74, row 'Taxonomer' read count, column sample 1 (HHV-6(A))",286,result
rna-pathogen-20261009-result-devries2021-sample-taxonomer-reads-d,rna-pathogen-20261009-source-devries2021-supp,"Supplementary Table 2, cell D74, row 'Taxonomer' read count, column sample 2 (HHV-6(B))",54802,result
rna-pathogen-20261009-result-devries2021-sample-taxonomer-reads-e,rna-pathogen-20261009-source-devries2021-supp,"Supplementary Table 2, cell E74, row 'Taxonomer' read count, column sample 3 (Enterovirus)",423828,result
rna-pathogen-20261009-result-devries2021-sample-taxonomer-reads-f,rna-pathogen-20261009-source-devries2021-supp,"Supplementary Table 2, cell F74, row 'Taxonomer' read count, column sample 4 (EBV)",51271,result
rna-pathogen-20261009-result-devries2021-sample-taxonomer-reads-g,rna-pathogen-20261009-source-devries2021-supp,"Supplementary Table 2, cell G74, row 'Taxonomer' read count, column sample 5 (Mumps)",166339,result
rna-pathogen-20261009-result-devries2021-sample-taxonomer-reads-h,rna-pathogen-20261009-source-devries2021-supp,"Supplementary Table 2, cell H74, row 'Taxonomer' read count, column sample 6 (CoV-OC43)",173051,result
rna-pathogen-20261009-result-devries2021-sample-taxonomer-reads-i,rna-pathogen-20261009-source-devries2021-supp,"Supplementary Table 2, cell I74, row 'Taxonomer' read count, column sample 7 (Astrovirus VA1)",181,result
rna-pathogen-20261009-result-devries2021-sample-taxonomer-reads-j,rna-pathogen-20261009-source-devries2021-supp,"Supplementary Table 2, cell J74, row 'Taxonomer' read count, column sample 8 (Inf-A)",1072,result
rna-pathogen-20261009-result-devries2021-sample-taxonomer-reads-k,rna-pathogen-20261009-source-devries2021-supp,"Supplementary Table 2, cell K74, row 'Taxonomer' read count, column sample 9 (PIV-3)",66,result
rna-pathogen-20261009-result-devries2021-sample-taxonomer-reads-l,rna-pathogen-20261009-source-devries2021-supp,"Supplementary Table 2, cell L74, row 'Taxonomer' read count, column sample 10 (CoV-NL63)",850,result
rna-pathogen-20261009-result-devries2021-sample-taxonomer-reads-m,rna-pathogen-20261009-source-devries2021-supp,"Supplementary Table 2, cell M74, row 'Taxonomer' read count, column sample 11 (CoV-NL63)",4512,result
rna-pathogen-20261009-result-devries2021-sample-taxonomer-reads-n,rna-pathogen-20261009-source-devries2021-supp,"Supplementary Table 2, cell N74, row 'Taxonomer' read count, column sample 11 (CoV-HKU-1)",0,result
rna-pathogen-20261009-result-devries2021-sample-taxonomer-reads-o,rna-pathogen-20261009-source-devries2021-supp,"Supplementary Table 2, cell O74, row 'Taxonomer' read count, column sample 12 (CoV-HKU-1)",1381,result
rna-pathogen-20261009-result-devries2021-sample-taxonomer-reads-p,rna-pathogen-20261009-source-devries2021-supp,"Supplementary Table 2, cell P74, row 'Taxonomer' read count, column sample 13 (Adeno-virus)",752,result
rna-pathogen-20261009-result-devries2021-sample-taxonomer-reads-q,rna-pathogen-20261009-source-devries2021-supp,"Supplementary Table 2, cell Q74, row 'Taxonomer' read count, column sample 13 (EBV)",0,result
rna-pathogen-20261009-result-devries2021-sample-taxonomer-sensitivity,rna-pathogen-20261009-source-devries2021-supp,"Supplementary Table 2, cell S74, row 'Taxonomer', column 'Overall sensitivity [%], sample level'",84.61538461538461,result
rna-pathogen-20261009-result-devries2021-sample-virmet-correct,rna-pathogen-20261009-source-devries2021-supp,"Supplementary Table 2, cell R79, row 'VirMet', column 'Number of samples correctly positive ... out of 13 samples*'",12,result
rna-pathogen-20261009-result-devries2021-sample-virmet-reads-c,rna-pathogen-20261009-source-devries2021-supp,"Supplementary Table 2, cell C79, row 'VirMet' read count, column sample 1 (HHV-6(A))",56,result
rna-pathogen-20261009-result-devries2021-sample-virmet-reads-d,rna-pathogen-20261009-source-devries2021-supp,"Supplementary Table 2, cell D79, row 'VirMet' read count, column sample 2 (HHV-6(B))",26115,result
rna-pathogen-20261009-result-devries2021-sample-virmet-reads-e,rna-pathogen-20261009-source-devries2021-supp,"Supplementary Table 2, cell E79, row 'VirMet' read count, column sample 3 (Enterovirus)",26115,result
rna-pathogen-20261009-result-devries2021-sample-virmet-reads-f,rna-pathogen-20261009-source-devries2021-supp,"Supplementary Table 2, cell F79, row 'VirMet' read count, column sample 4 (EBV)",26010,result
rna-pathogen-20261009-result-devries2021-sample-virmet-reads-g,rna-pathogen-20261009-source-devries2021-supp,"Supplementary Table 2, cell G79, row 'VirMet' read count, column sample 5 (Mumps)",102346,result
rna-pathogen-20261009-result-devries2021-sample-virmet-reads-h,rna-pathogen-20261009-source-devries2021-supp,"Supplementary Table 2, cell H79, row 'VirMet' read count, column sample 6 (CoV-OC43)",1785568,result
rna-pathogen-20261009-result-devries2021-sample-virmet-reads-i,rna-pathogen-20261009-source-devries2021-supp,"Supplementary Table 2, cell I79, row 'VirMet' read count, column sample 7 (Astrovirus VA1)",1321,result
rna-pathogen-20261009-result-devries2021-sample-virmet-reads-j,rna-pathogen-20261009-source-devries2021-supp,"Supplementary Table 2, cell J79, row 'VirMet' read count, column sample 8 (Inf-A)",546,result
rna-pathogen-20261009-result-devries2021-sample-virmet-reads-k,rna-pathogen-20261009-source-devries2021-supp,"Supplementary Table 2, cell K79, row 'VirMet' read count, column sample 9 (PIV-3)",54,result
rna-pathogen-20261009-result-devries2021-sample-virmet-reads-l,rna-pathogen-20261009-source-devries2021-supp,"Supplementary Table 2, cell L79, row 'VirMet' read count, column sample 10 (CoV-NL63)",1421,result
rna-pathogen-20261009-result-devries2021-sample-virmet-reads-m,rna-pathogen-20261009-source-devries2021-supp,"Supplementary Table 2, cell M79, row 'VirMet' read count, column sample 11 (CoV-NL63)",7058,result
rna-pathogen-20261009-result-devries2021-sample-virmet-reads-n,rna-pathogen-20261009-source-devries2021-supp,"Supplementary Table 2, cell N79, row 'VirMet' read count, column sample 11 (CoV-HKU-1)",0,result
rna-pathogen-20261009-result-devries2021-sample-virmet-reads-o,rna-pathogen-20261009-source-devries2021-supp,"Supplementary Table 2, cell O79, row 'VirMet' read count, column sample 12 (CoV-HKU-1)",1904,result
rna-pathogen-20261009-result-devries2021-sample-virmet-reads-p,rna-pathogen-20261009-source-devries2021-supp,"Supplementary Table 2, cell P79, row 'VirMet' read count, column sample 13 (Adeno-virus)",96,result
rna-pathogen-20261009-result-devries2021-sample-virmet-reads-q,rna-pathogen-20261009-source-devries2021-supp,"Supplementary Table 2, cell Q79, row 'VirMet' read count, column sample 13 (EBV)",7,result
rna-pathogen-20261009-result-devries2021-sample-virmet-sensitivity,rna-pathogen-20261009-source-devries2021-supp,"Supplementary Table 2, cell S79, row 'VirMet', column 'Overall sensitivity [%], sample level'",92.3076923076923,result
rna-pathogen-20261009-result-meyer2022-bracken-v2-2-in-list,rna-pathogen-20261009-source-meyer2022-supp,"Supplementary Table 39 cell B3, row 'Bracken v2.2', column 'Causal pathogen in submitted list of taxa'",yes,result
rna-pathogen-20261009-result-meyer2022-bracken-v2-2-predicted-causal,rna-pathogen-20261009-source-meyer2022-supp,"Supplementary Table 39 cell C3, row 'Bracken v2.2', column 'Predicted causal pathogen'",yes,result
rna-pathogen-20261009-result-meyer2022-bracken-v2-5-in-list,rna-pathogen-20261009-source-meyer2022-supp,"Supplementary Table 39 cell B4, row 'Bracken v2.5', column 'Causal pathogen in submitted list of taxa'",yes,result
rna-pathogen-20261009-result-meyer2022-bracken-v2-5-predicted-causal,rna-pathogen-20261009-source-meyer2022-supp,"Supplementary Table 39 cell C4, row 'Bracken v2.5', column 'Predicted causal pathogen'",no,result
rna-pathogen-20261009-result-meyer2022-ccmetagen-v1-1-3-in-list,rna-pathogen-20261009-source-meyer2022-supp,"Supplementary Table 39 cell B12, row 'CCMetagen v1.1.3', column 'Causal pathogen in submitted list of taxa'",yes,result
rna-pathogen-20261009-result-meyer2022-ccmetagen-v1-1-3-predicted-causal,rna-pathogen-20261009-source-meyer2022-supp,"Supplementary Table 39 cell C12, row 'CCMetagen v1.1.3', column 'Predicted causal pathogen'",yes,result
rna-pathogen-20261009-result-meyer2022-lshvec-in-list,rna-pathogen-20261009-source-meyer2022-supp,"Supplementary Table 39 cell B5, row 'LSHVec', column 'Causal pathogen in submitted list of taxa'",no,result
rna-pathogen-20261009-result-meyer2022-lshvec-predicted-causal,rna-pathogen-20261009-source-meyer2022-supp,"Supplementary Table 39 cell C5, row 'LSHVec', column 'Predicted causal pathogen'",no,result
rna-pathogen-20261009-result-meyer2022-metaphlan-v2-2-0-in-list,rna-pathogen-20261009-source-meyer2022-supp,"Supplementary Table 39 cell B6, row 'MetaPhlAn v2.2.0', column 'Causal pathogen in submitted list of taxa'",yes,result
rna-pathogen-20261009-result-meyer2022-metaphlan-v2-2-0-predicted-causal,rna-pathogen-20261009-source-meyer2022-supp,"Supplementary Table 39 cell C6, row 'MetaPhlAn v2.2.0', column 'Predicted causal pathogen'",yes,result
rna-pathogen-20261009-result-meyer2022-metaphlan-v2-9-14-in-list,rna-pathogen-20261009-source-meyer2022-supp,"Supplementary Table 39 cell B7, row 'MetaPhlAn v2.9.14', column 'Causal pathogen in submitted list of taxa'",no,result
rna-pathogen-20261009-result-meyer2022-metaphlan-v2-9-14-predicted-causal,rna-pathogen-20261009-source-meyer2022-supp,"Supplementary Table 39 cell C7, row 'MetaPhlAn v2.9.14', column 'Predicted causal pathogen'",no,result
rna-pathogen-20261009-result-meyer2022-metaphyler-v1-25-in-list,rna-pathogen-20261009-source-meyer2022-supp,"Supplementary Table 39 cell B8, row 'MetaPhyler v1.25', column 'Causal pathogen in submitted list of taxa'",no,result
rna-pathogen-20261009-result-meyer2022-metaphyler-v1-25-predicted-causal,rna-pathogen-20261009-source-meyer2022-supp,"Supplementary Table 39 cell C8, row 'MetaPhyler v1.25', column 'Predicted causal pathogen'",no,result
rna-pathogen-20261009-result-meyer2022-nssac-assembly-in-list,rna-pathogen-20261009-source-meyer2022-supp,"Supplementary Table 39 cell B10, row 'NSSAC (assembly)', column 'Causal pathogen in submitted list of taxa'",no,result
rna-pathogen-20261009-result-meyer2022-nssac-assembly-predicted-causal,rna-pathogen-20261009-source-meyer2022-supp,"Supplementary Table 39 cell C10, row 'NSSAC (assembly)', column 'Predicted causal pathogen'",no,result
rna-pathogen-20261009-result-meyer2022-nssac-full-genome-in-list,rna-pathogen-20261009-source-meyer2022-supp,"Supplementary Table 39 cell B9, row 'NSSAC (full genome)', column 'Causal pathogen in submitted list of taxa'",no,result
rna-pathogen-20261009-result-meyer2022-nssac-full-genome-predicted-causal,rna-pathogen-20261009-source-meyer2022-supp,"Supplementary Table 39 cell C9, row 'NSSAC (full genome)', column 'Predicted causal pathogen'",no,result
rna-pathogen-20261009-result-meyer2022-pathoscope-v2-0-7-in-list,rna-pathogen-20261009-source-meyer2022-supp,"Supplementary Table 39 cell B11, row 'Pathoscope v2.0.7', column 'Causal pathogen in submitted list of taxa'",no,result
rna-pathogen-20261009-result-meyer2022-pathoscope-v2-0-7-predicted-causal,rna-pathogen-20261009-source-meyer2022-supp,"Supplementary Table 39 cell C11, row 'Pathoscope v2.0.7', column 'Predicted causal pathogen'",no,result
