record_id,source_id,locator,printed_value,review_scope
somatic-20261009-claim-guille2025-deepsomatic-model-type,somatic-20261009-source-guille2025-supplementary-methods,"Supplementary methods, section '#DeepSomatic'; Supplementary Table S7 rows 17 and 32",--model_type=WGS; row label DeepSomatic-WES,claim
somatic-20261009-claim-guille2025-neusomatic-checkpoint,somatic-20261009-source-guille2025-supplementary-methods,"Supplementary methods, section '#NeuSomatic', call.py command",--checkpoint NeuSomatic_v0.1.4_standalone_SEQC-WGS-GT50-SpikeWGS10.pth,claim
somatic-20261009-claim-wang2020-neusomatic-dream3-model,somatic-20261009-source-wang2020,"Methods, Somatic variant calling paragraph 2; Results 'Evaluation of our consensus approach' paragraph 2; Table 1",NeuSomatic v0.2.1 ensemble mode with model NeuSomatic_v0.1.3_ensemble_DREAM3.pth on WGS datasets including DREAM set 3; model trained by DREAM set 3,claim
somatic-20261009-result-guille2025-deepsomatic-seqc2-fd-wes-indel-f1-score,somatic-20261009-source-guille2025-table-s7,"Supplementary Table S7 (tables7_bbae697.xls, sheet 'Results'), H32; Tools 'DeepSomatic-WES'; column 'F1'",0.811881188118812,result
somatic-20261009-result-guille2025-deepsomatic-seqc2-fd-wes-indel-false-positive-count,somatic-20261009-source-guille2025-table-s7,"Supplementary Table S7 (tables7_bbae697.xls, sheet 'Results'), E32; Tools 'DeepSomatic-WES'; column 'FP'",10,result
somatic-20261009-result-guille2025-deepsomatic-seqc2-fd-wes-indel-false-positive-rate,somatic-20261009-source-guille2025-table-s7,"Supplementary Table S7 (tables7_bbae697.xls, sheet 'Results'), G32; Tools 'DeepSomatic-WES'; column 'FPR'",0.0000000663994187448003,result
somatic-20261009-result-guille2025-deepsomatic-seqc2-fd-wes-indel-precision,somatic-20261009-source-guille2025-table-s7,"Supplementary Table S7 (tables7_bbae697.xls, sheet 'Results'), I32; Tools 'DeepSomatic-WES'; column 'PPV'",0.803921568627451,result
somatic-20261009-result-guille2025-deepsomatic-seqc2-fd-wes-indel-recall,somatic-20261009-source-guille2025-table-s7,"Supplementary Table S7 (tables7_bbae697.xls, sheet 'Results'), F32; Tools 'DeepSomatic-WES'; column 'TPR'",0.82,result
somatic-20261009-result-guille2025-deepsomatic-seqc2-fd-wes-indel-true-positive-count,somatic-20261009-source-guille2025-table-s7,"Supplementary Table S7 (tables7_bbae697.xls, sheet 'Results'), D32; Tools 'DeepSomatic-WES'; column 'TP'",41,result
somatic-20261009-result-guille2025-deepsomatic-seqc2-fd-wes-snv-f1-score,somatic-20261009-source-guille2025-table-s7,"Supplementary Table S7 (tables7_bbae697.xls, sheet 'Results'), H17; Tools 'DeepSomatic-WES'; column 'F1'",0.900552486187845,result
somatic-20261009-result-guille2025-deepsomatic-seqc2-fd-wes-snv-false-positive-count,somatic-20261009-source-guille2025-table-s7,"Supplementary Table S7 (tables7_bbae697.xls, sheet 'Results'), E17; Tools 'DeepSomatic-WES'; column 'FP'",34,result
somatic-20261009-result-guille2025-deepsomatic-seqc2-fd-wes-snv-false-positive-rate,somatic-20261009-source-guille2025-table-s7,"Supplementary Table S7 (tables7_bbae697.xls, sheet 'Results'), G17; Tools 'DeepSomatic-WES'; column 'FPR'",0.000000225759687656957,result
somatic-20261009-result-guille2025-deepsomatic-seqc2-fd-wes-snv-precision,somatic-20261009-source-guille2025-table-s7,"Supplementary Table S7 (tables7_bbae697.xls, sheet 'Results'), I17; Tools 'DeepSomatic-WES'; column 'PPV'",0.966403162055336,result
somatic-20261009-result-guille2025-deepsomatic-seqc2-fd-wes-snv-recall,somatic-20261009-source-guille2025-table-s7,"Supplementary Table S7 (tables7_bbae697.xls, sheet 'Results'), F17; Tools 'DeepSomatic-WES'; column 'TPR'",0.843103448275862,result
somatic-20261009-result-guille2025-deepsomatic-seqc2-fd-wes-snv-true-positive-count,somatic-20261009-source-guille2025-table-s7,"Supplementary Table S7 (tables7_bbae697.xls, sheet 'Results'), D17; Tools 'DeepSomatic-WES'; column 'TP'",978,result
somatic-20261009-result-guille2025-freebayes-seqc2-fd-wes-indel-f1-score,somatic-20261009-source-guille2025-table-s7,"Supplementary Table S7 (tables7_bbae697.xls, sheet 'Results'), H22; Tools 'FreeBayes'; column 'F1'",0.178217821782178,result
somatic-20261009-result-guille2025-freebayes-seqc2-fd-wes-indel-false-positive-count,somatic-20261009-source-guille2025-table-s7,"Supplementary Table S7 (tables7_bbae697.xls, sheet 'Results'), E22; Tools 'FreeBayes'; column 'FP'",226,result
somatic-20261009-result-guille2025-freebayes-seqc2-fd-wes-indel-false-positive-rate,somatic-20261009-source-guille2025-table-s7,"Supplementary Table S7 (tables7_bbae697.xls, sheet 'Results'), G22; Tools 'FreeBayes'; column 'FPR'",0.00000150062686363249,result
somatic-20261009-result-guille2025-freebayes-seqc2-fd-wes-indel-precision,somatic-20261009-source-guille2025-table-s7,"Supplementary Table S7 (tables7_bbae697.xls, sheet 'Results'), I22; Tools 'FreeBayes'; column 'PPV'",0.106719367588933,result
somatic-20261009-result-guille2025-freebayes-seqc2-fd-wes-indel-recall,somatic-20261009-source-guille2025-table-s7,"Supplementary Table S7 (tables7_bbae697.xls, sheet 'Results'), F22; Tools 'FreeBayes'; column 'TPR'",0.54,result
somatic-20261009-result-guille2025-freebayes-seqc2-fd-wes-indel-true-positive-count,somatic-20261009-source-guille2025-table-s7,"Supplementary Table S7 (tables7_bbae697.xls, sheet 'Results'), D22; Tools 'FreeBayes'; column 'TP'",27,result
somatic-20261009-result-guille2025-freebayes-seqc2-fd-wes-snv-f1-score,somatic-20261009-source-guille2025-table-s7,"Supplementary Table S7 (tables7_bbae697.xls, sheet 'Results'), H4; Tools 'FreeBayes'; column 'F1'",0.596358639642735,result
somatic-20261009-result-guille2025-freebayes-seqc2-fd-wes-snv-false-positive-count,somatic-20261009-source-guille2025-table-s7,"Supplementary Table S7 (tables7_bbae697.xls, sheet 'Results'), E4; Tools 'FreeBayes'; column 'FP'",883,result
somatic-20261009-result-guille2025-freebayes-seqc2-fd-wes-snv-false-positive-rate,somatic-20261009-source-guille2025-table-s7,"Supplementary Table S7 (tables7_bbae697.xls, sheet 'Results'), G4; Tools 'FreeBayes'; column 'FPR'",0.00000586311188826744,result
somatic-20261009-result-guille2025-freebayes-seqc2-fd-wes-snv-precision,somatic-20261009-source-guille2025-table-s7,"Supplementary Table S7 (tables7_bbae697.xls, sheet 'Results'), I4; Tools 'FreeBayes'; column 'PPV'",0.49571673329526,result
somatic-20261009-result-guille2025-freebayes-seqc2-fd-wes-snv-recall,somatic-20261009-source-guille2025-table-s7,"Supplementary Table S7 (tables7_bbae697.xls, sheet 'Results'), F4; Tools 'FreeBayes'; column 'TPR'",0.748275862068966,result
somatic-20261009-result-guille2025-freebayes-seqc2-fd-wes-snv-true-positive-count,somatic-20261009-source-guille2025-table-s7,"Supplementary Table S7 (tables7_bbae697.xls, sheet 'Results'), D4; Tools 'FreeBayes'; column 'TP'",868,result
somatic-20261009-result-guille2025-lancet-seqc2-fd-wes-indel-f1-score,somatic-20261009-source-guille2025-table-s7,"Supplementary Table S7 (tables7_bbae697.xls, sheet 'Results'), H31; Tools 'Lancet'; column 'F1'",0.4625,result
somatic-20261009-result-guille2025-lancet-seqc2-fd-wes-indel-false-positive-count,somatic-20261009-source-guille2025-table-s7,"Supplementary Table S7 (tables7_bbae697.xls, sheet 'Results'), E31; Tools 'Lancet'; column 'FP'",73,result
somatic-20261009-result-guille2025-lancet-seqc2-fd-wes-indel-false-positive-rate,somatic-20261009-source-guille2025-table-s7,"Supplementary Table S7 (tables7_bbae697.xls, sheet 'Results'), G31; Tools 'Lancet'; column 'FPR'",0.000000484715756837042,result
somatic-20261009-result-guille2025-lancet-seqc2-fd-wes-indel-precision,somatic-20261009-source-guille2025-table-s7,"Supplementary Table S7 (tables7_bbae697.xls, sheet 'Results'), I31; Tools 'Lancet'; column 'PPV'",0.336363636363636,result
somatic-20261009-result-guille2025-lancet-seqc2-fd-wes-indel-recall,somatic-20261009-source-guille2025-table-s7,"Supplementary Table S7 (tables7_bbae697.xls, sheet 'Results'), F31; Tools 'Lancet'; column 'TPR'",0.74,result
somatic-20261009-result-guille2025-lancet-seqc2-fd-wes-indel-true-positive-count,somatic-20261009-source-guille2025-table-s7,"Supplementary Table S7 (tables7_bbae697.xls, sheet 'Results'), D31; Tools 'Lancet'; column 'TP'",37,result
somatic-20261009-result-guille2025-lancet-seqc2-fd-wes-snv-f1-score,somatic-20261009-source-guille2025-table-s7,"Supplementary Table S7 (tables7_bbae697.xls, sheet 'Results'), H14; Tools 'Lancet'; column 'F1'",0.658527561968184,result
somatic-20261009-result-guille2025-lancet-seqc2-fd-wes-snv-false-positive-count,somatic-20261009-source-guille2025-table-s7,"Supplementary Table S7 (tables7_bbae697.xls, sheet 'Results'), E14; Tools 'Lancet'; column 'FP'",653,result
somatic-20261009-result-guille2025-lancet-seqc2-fd-wes-snv-false-positive-rate,somatic-20261009-source-guille2025-table-s7,"Supplementary Table S7 (tables7_bbae697.xls, sheet 'Results'), G14; Tools 'Lancet'; column 'FPR'",0.00000433591400117626,result
somatic-20261009-result-guille2025-lancet-seqc2-fd-wes-snv-precision,somatic-20261009-source-guille2025-table-s7,"Supplementary Table S7 (tables7_bbae697.xls, sheet 'Results'), I14; Tools 'Lancet'; column 'PPV'",0.576798444588464,result
somatic-20261009-result-guille2025-lancet-seqc2-fd-wes-snv-recall,somatic-20261009-source-guille2025-table-s7,"Supplementary Table S7 (tables7_bbae697.xls, sheet 'Results'), F14; Tools 'Lancet'; column 'TPR'",0.767241379310345,result
somatic-20261009-result-guille2025-lancet-seqc2-fd-wes-snv-true-positive-count,somatic-20261009-source-guille2025-table-s7,"Supplementary Table S7 (tables7_bbae697.xls, sheet 'Results'), D14; Tools 'Lancet'; column 'TP'",890,result
somatic-20261009-result-guille2025-lofreq-seqc2-fd-wes-indel-f1-score,somatic-20261009-source-guille2025-table-s7,"Supplementary Table S7 (tables7_bbae697.xls, sheet 'Results'), H23; Tools 'Lofreq'; column 'F1'",0.326530612244898,result
somatic-20261009-result-guille2025-lofreq-seqc2-fd-wes-indel-false-positive-count,somatic-20261009-source-guille2025-table-s7,"Supplementary Table S7 (tables7_bbae697.xls, sheet 'Results'), E23; Tools 'Lofreq'; column 'FP'",155,result
somatic-20261009-result-guille2025-lofreq-seqc2-fd-wes-indel-false-positive-rate,somatic-20261009-source-guille2025-table-s7,"Supplementary Table S7 (tables7_bbae697.xls, sheet 'Results'), G23; Tools 'Lofreq'; column 'FPR'",0.0000010291909905444,result
somatic-20261009-result-guille2025-lofreq-seqc2-fd-wes-indel-precision,somatic-20261009-source-guille2025-table-s7,"Supplementary Table S7 (tables7_bbae697.xls, sheet 'Results'), I23; Tools 'Lofreq'; column 'PPV'",0.205128205128205,result
somatic-20261009-result-guille2025-lofreq-seqc2-fd-wes-indel-recall,somatic-20261009-source-guille2025-table-s7,"Supplementary Table S7 (tables7_bbae697.xls, sheet 'Results'), F23; Tools 'Lofreq'; column 'TPR'",0.8,result
somatic-20261009-result-guille2025-lofreq-seqc2-fd-wes-indel-true-positive-count,somatic-20261009-source-guille2025-table-s7,"Supplementary Table S7 (tables7_bbae697.xls, sheet 'Results'), D23; Tools 'Lofreq'; column 'TP'",40,result
somatic-20261009-result-guille2025-lofreq-seqc2-fd-wes-snv-f1-score,somatic-20261009-source-guille2025-table-s7,"Supplementary Table S7 (tables7_bbae697.xls, sheet 'Results'), H5; Tools 'Lofreq'; column 'F1'",0.847182425978988,result
somatic-20261009-result-guille2025-lofreq-seqc2-fd-wes-snv-false-positive-count,somatic-20261009-source-guille2025-table-s7,"Supplementary Table S7 (tables7_bbae697.xls, sheet 'Results'), E5; Tools 'Lofreq'; column 'FP'",47,result
somatic-20261009-result-guille2025-lofreq-seqc2-fd-wes-snv-false-positive-rate,somatic-20261009-source-guille2025-table-s7,"Supplementary Table S7 (tables7_bbae697.xls, sheet 'Results'), G5; Tools 'Lofreq'; column 'FPR'",0.000000312079568231676,result
somatic-20261009-result-guille2025-lofreq-seqc2-fd-wes-snv-precision,somatic-20261009-source-guille2025-table-s7,"Supplementary Table S7 (tables7_bbae697.xls, sheet 'Results'), I5; Tools 'Lofreq'; column 'PPV'",0.949678800856531,result
somatic-20261009-result-guille2025-lofreq-seqc2-fd-wes-snv-recall,somatic-20261009-source-guille2025-table-s7,"Supplementary Table S7 (tables7_bbae697.xls, sheet 'Results'), F5; Tools 'Lofreq'; column 'TPR'",0.764655172413793,result
somatic-20261009-result-guille2025-lofreq-seqc2-fd-wes-snv-true-positive-count,somatic-20261009-source-guille2025-table-s7,"Supplementary Table S7 (tables7_bbae697.xls, sheet 'Results'), D5; Tools 'Lofreq'; column 'TP'",887,result
somatic-20261009-result-guille2025-muse-seqc2-fd-wes-snv-f1-score,somatic-20261009-source-guille2025-table-s7,"Supplementary Table S7 (tables7_bbae697.xls, sheet 'Results'), H6; Tools 'Muse'; column 'F1'",0.839800995024876,result
somatic-20261009-result-guille2025-muse-seqc2-fd-wes-snv-false-positive-count,somatic-20261009-source-guille2025-table-s7,"Supplementary Table S7 (tables7_bbae697.xls, sheet 'Results'), E6; Tools 'Muse'; column 'FP'",6,result
somatic-20261009-result-guille2025-muse-seqc2-fd-wes-snv-false-positive-rate,somatic-20261009-source-guille2025-table-s7,"Supplementary Table S7 (tables7_bbae697.xls, sheet 'Results'), G6; Tools 'Muse'; column 'FPR'",0.0000000398399448806395,result
somatic-20261009-result-guille2025-muse-seqc2-fd-wes-snv-precision,somatic-20261009-source-guille2025-table-s7,"Supplementary Table S7 (tables7_bbae697.xls, sheet 'Results'), I6; Tools 'Muse'; column 'PPV'",0.992941176470588,result
somatic-20261009-result-guille2025-muse-seqc2-fd-wes-snv-recall,somatic-20261009-source-guille2025-table-s7,"Supplementary Table S7 (tables7_bbae697.xls, sheet 'Results'), F6; Tools 'Muse'; column 'TPR'",0.727586206896552,result
somatic-20261009-result-guille2025-muse-seqc2-fd-wes-snv-true-positive-count,somatic-20261009-source-guille2025-table-s7,"Supplementary Table S7 (tables7_bbae697.xls, sheet 'Results'), D6; Tools 'Muse'; column 'TP'",844,result
somatic-20261009-result-guille2025-mutect-seqc2-fd-wes-snv-f1-score,somatic-20261009-source-guille2025-table-s7,"Supplementary Table S7 (tables7_bbae697.xls, sheet 'Results'), H7; Tools 'Mutect'; column 'F1'",0.853085210577865,result
somatic-20261009-result-guille2025-mutect-seqc2-fd-wes-snv-false-positive-count,somatic-20261009-source-guille2025-table-s7,"Supplementary Table S7 (tables7_bbae697.xls, sheet 'Results'), E7; Tools 'Mutect'; column 'FP'",11,result
somatic-20261009-result-guille2025-mutect-seqc2-fd-wes-snv-false-positive-rate,somatic-20261009-source-guille2025-table-s7,"Supplementary Table S7 (tables7_bbae697.xls, sheet 'Results'), G7; Tools 'Mutect'; column 'FPR'",0.000000073039898947839,result
somatic-20261009-result-guille2025-mutect-seqc2-fd-wes-snv-precision,somatic-20261009-source-guille2025-table-s7,"Supplementary Table S7 (tables7_bbae697.xls, sheet 'Results'), I7; Tools 'Mutect'; column 'PPV'",0.987528344671202,result
somatic-20261009-result-guille2025-mutect-seqc2-fd-wes-snv-recall,somatic-20261009-source-guille2025-table-s7,"Supplementary Table S7 (tables7_bbae697.xls, sheet 'Results'), F7; Tools 'Mutect'; column 'TPR'",0.750862068965517,result
somatic-20261009-result-guille2025-mutect-seqc2-fd-wes-snv-true-positive-count,somatic-20261009-source-guille2025-table-s7,"Supplementary Table S7 (tables7_bbae697.xls, sheet 'Results'), D7; Tools 'Mutect'; column 'TP'",871,result
somatic-20261009-result-guille2025-mutect2-seqc2-fd-wes-indel-f1-score,somatic-20261009-source-guille2025-table-s7,"Supplementary Table S7 (tables7_bbae697.xls, sheet 'Results'), H24; Tools 'Mutect2'; column 'F1'",0.650406504065041,result
somatic-20261009-result-guille2025-mutect2-seqc2-fd-wes-indel-false-positive-count,somatic-20261009-source-guille2025-table-s7,"Supplementary Table S7 (tables7_bbae697.xls, sheet 'Results'), E24; Tools 'Mutect2'; column 'FP'",33,result
somatic-20261009-result-guille2025-mutect2-seqc2-fd-wes-indel-false-positive-rate,somatic-20261009-source-guille2025-table-s7,"Supplementary Table S7 (tables7_bbae697.xls, sheet 'Results'), G24; Tools 'Mutect2'; column 'FPR'",0.000000219118081857841,result
somatic-20261009-result-guille2025-mutect2-seqc2-fd-wes-indel-precision,somatic-20261009-source-guille2025-table-s7,"Supplementary Table S7 (tables7_bbae697.xls, sheet 'Results'), I24; Tools 'Mutect2'; column 'PPV'",0.547945205479452,result
somatic-20261009-result-guille2025-mutect2-seqc2-fd-wes-indel-recall,somatic-20261009-source-guille2025-table-s7,"Supplementary Table S7 (tables7_bbae697.xls, sheet 'Results'), F24; Tools 'Mutect2'; column 'TPR'",0.8,result
somatic-20261009-result-guille2025-mutect2-seqc2-fd-wes-indel-true-positive-count,somatic-20261009-source-guille2025-table-s7,"Supplementary Table S7 (tables7_bbae697.xls, sheet 'Results'), D24; Tools 'Mutect2'; column 'TP'",40,result
somatic-20261009-result-guille2025-mutect2-seqc2-fd-wes-snv-f1-score,somatic-20261009-source-guille2025-table-s7,"Supplementary Table S7 (tables7_bbae697.xls, sheet 'Results'), H8; Tools 'Mutect2'; column 'F1'",0.832674571805007,result
somatic-20261009-result-guille2025-mutect2-seqc2-fd-wes-snv-false-positive-count,somatic-20261009-source-guille2025-table-s7,"Supplementary Table S7 (tables7_bbae697.xls, sheet 'Results'), E8; Tools 'Mutect2'; column 'FP'",169,result
somatic-20261009-result-guille2025-mutect2-seqc2-fd-wes-snv-false-positive-rate,somatic-20261009-source-guille2025-table-s7,"Supplementary Table S7 (tables7_bbae697.xls, sheet 'Results'), G8; Tools 'Mutect2'; column 'FPR'",0.00000112215844747134,result
somatic-20261009-result-guille2025-mutect2-seqc2-fd-wes-snv-precision,somatic-20261009-source-guille2025-table-s7,"Supplementary Table S7 (tables7_bbae697.xls, sheet 'Results'), I8; Tools 'Mutect2'; column 'PPV'",0.84870188003581,result
somatic-20261009-result-guille2025-mutect2-seqc2-fd-wes-snv-recall,somatic-20261009-source-guille2025-table-s7,"Supplementary Table S7 (tables7_bbae697.xls, sheet 'Results'), F8; Tools 'Mutect2'; column 'TPR'",0.817241379310345,result
somatic-20261009-result-guille2025-mutect2-seqc2-fd-wes-snv-true-positive-count,somatic-20261009-source-guille2025-table-s7,"Supplementary Table S7 (tables7_bbae697.xls, sheet 'Results'), D8; Tools 'Mutect2'; column 'TP'",948,result
somatic-20261009-result-guille2025-neusomatic-seqc2-fd-wes-indel-f1-score,somatic-20261009-source-guille2025-table-s7,"Supplementary Table S7 (tables7_bbae697.xls, sheet 'Results'), H33; Tools 'NeuSomatic'; column 'F1'",0.472222222222222,result
somatic-20261009-result-guille2025-neusomatic-seqc2-fd-wes-indel-false-positive-count,somatic-20261009-source-guille2025-table-s7,"Supplementary Table S7 (tables7_bbae697.xls, sheet 'Results'), E33; Tools 'NeuSomatic'; column 'FP'",5,result
somatic-20261009-result-guille2025-neusomatic-seqc2-fd-wes-indel-false-positive-rate,somatic-20261009-source-guille2025-table-s7,"Supplementary Table S7 (tables7_bbae697.xls, sheet 'Results'), G33; Tools 'NeuSomatic'; column 'FPR'",0.0000000331997093724001,result
somatic-20261009-result-guille2025-neusomatic-seqc2-fd-wes-indel-precision,somatic-20261009-source-guille2025-table-s7,"Supplementary Table S7 (tables7_bbae697.xls, sheet 'Results'), I33; Tools 'NeuSomatic'; column 'PPV'",0.772727272727273,result
somatic-20261009-result-guille2025-neusomatic-seqc2-fd-wes-indel-recall,somatic-20261009-source-guille2025-table-s7,"Supplementary Table S7 (tables7_bbae697.xls, sheet 'Results'), F33; Tools 'NeuSomatic'; column 'TPR'",0.34,result
somatic-20261009-result-guille2025-neusomatic-seqc2-fd-wes-indel-true-positive-count,somatic-20261009-source-guille2025-table-s7,"Supplementary Table S7 (tables7_bbae697.xls, sheet 'Results'), D33; Tools 'NeuSomatic'; column 'TP'",17,result
somatic-20261009-result-guille2025-neusomatic-seqc2-fd-wes-snv-f1-score,somatic-20261009-source-guille2025-table-s7,"Supplementary Table S7 (tables7_bbae697.xls, sheet 'Results'), H18; Tools 'NeuSomatic'; column 'F1'",0.834731129748397,result
somatic-20261009-result-guille2025-neusomatic-seqc2-fd-wes-snv-false-positive-count,somatic-20261009-source-guille2025-table-s7,"Supplementary Table S7 (tables7_bbae697.xls, sheet 'Results'), E18; Tools 'NeuSomatic'; column 'FP'",21,result
somatic-20261009-result-guille2025-neusomatic-seqc2-fd-wes-snv-false-positive-rate,somatic-20261009-source-guille2025-table-s7,"Supplementary Table S7 (tables7_bbae697.xls, sheet 'Results'), G18; Tools 'NeuSomatic'; column 'FPR'",0.000000139439807082238,result
somatic-20261009-result-guille2025-neusomatic-seqc2-fd-wes-snv-precision,somatic-20261009-source-guille2025-table-s7,"Supplementary Table S7 (tables7_bbae697.xls, sheet 'Results'), I18; Tools 'NeuSomatic'; column 'PPV'",0.975778546712803,result
somatic-20261009-result-guille2025-neusomatic-seqc2-fd-wes-snv-recall,somatic-20261009-source-guille2025-table-s7,"Supplementary Table S7 (tables7_bbae697.xls, sheet 'Results'), F18; Tools 'NeuSomatic'; column 'TPR'",0.729310344827586,result
somatic-20261009-result-guille2025-neusomatic-seqc2-fd-wes-snv-true-positive-count,somatic-20261009-source-guille2025-table-s7,"Supplementary Table S7 (tables7_bbae697.xls, sheet 'Results'), D18; Tools 'NeuSomatic'; column 'TP'",846,result
somatic-20261009-result-guille2025-pindel-seqc2-fd-wes-indel-f1-score,somatic-20261009-source-guille2025-table-s7,"Supplementary Table S7 (tables7_bbae697.xls, sheet 'Results'), H27; Tools 'Pindel'; column 'F1'",0.461538461538462,result
somatic-20261009-result-guille2025-pindel-seqc2-fd-wes-indel-false-positive-count,somatic-20261009-source-guille2025-table-s7,"Supplementary Table S7 (tables7_bbae697.xls, sheet 'Results'), E27; Tools 'Pindel'; column 'FP'",20,result
somatic-20261009-result-guille2025-pindel-seqc2-fd-wes-indel-false-positive-rate,somatic-20261009-source-guille2025-table-s7,"Supplementary Table S7 (tables7_bbae697.xls, sheet 'Results'), G27; Tools 'Pindel'; column 'FPR'",0.000000132798837489601,result
somatic-20261009-result-guille2025-pindel-seqc2-fd-wes-indel-precision,somatic-20261009-source-guille2025-table-s7,"Supplementary Table S7 (tables7_bbae697.xls, sheet 'Results'), I27; Tools 'Pindel'; column 'PPV'",0.51219512195122,result
somatic-20261009-result-guille2025-pindel-seqc2-fd-wes-indel-recall,somatic-20261009-source-guille2025-table-s7,"Supplementary Table S7 (tables7_bbae697.xls, sheet 'Results'), F27; Tools 'Pindel'; column 'TPR'",0.42,result
somatic-20261009-result-guille2025-pindel-seqc2-fd-wes-indel-true-positive-count,somatic-20261009-source-guille2025-table-s7,"Supplementary Table S7 (tables7_bbae697.xls, sheet 'Results'), D27; Tools 'Pindel'; column 'TP'",21,result
somatic-20261009-result-guille2025-scalpel-seqc2-fd-wes-indel-f1-score,somatic-20261009-source-guille2025-table-s7,"Supplementary Table S7 (tables7_bbae697.xls, sheet 'Results'), H28; Tools 'Scalpel'; column 'F1'",0.0530152418820411,result
somatic-20261009-result-guille2025-scalpel-seqc2-fd-wes-indel-false-positive-count,somatic-20261009-source-guille2025-table-s7,"Supplementary Table S7 (tables7_bbae697.xls, sheet 'Results'), E28; Tools 'Scalpel'; column 'FP'",1419,result
somatic-20261009-result-guille2025-scalpel-seqc2-fd-wes-indel-false-positive-rate,somatic-20261009-source-guille2025-table-s7,"Supplementary Table S7 (tables7_bbae697.xls, sheet 'Results'), G28; Tools 'Scalpel'; column 'FPR'",0.00000942207751988716,result
somatic-20261009-result-guille2025-scalpel-seqc2-fd-wes-indel-precision,somatic-20261009-source-guille2025-table-s7,"Supplementary Table S7 (tables7_bbae697.xls, sheet 'Results'), I28; Tools 'Scalpel'; column 'PPV'",0.0274160383824537,result
somatic-20261009-result-guille2025-scalpel-seqc2-fd-wes-indel-recall,somatic-20261009-source-guille2025-table-s7,"Supplementary Table S7 (tables7_bbae697.xls, sheet 'Results'), F28; Tools 'Scalpel'; column 'TPR'",0.8,result
somatic-20261009-result-guille2025-scalpel-seqc2-fd-wes-indel-true-positive-count,somatic-20261009-source-guille2025-table-s7,"Supplementary Table S7 (tables7_bbae697.xls, sheet 'Results'), D28; Tools 'Scalpel'; column 'TP'",40,result
somatic-20261009-result-guille2025-seurat-seqc2-fd-wes-indel-f1-score,somatic-20261009-source-guille2025-table-s7,"Supplementary Table S7 (tables7_bbae697.xls, sheet 'Results'), H30; Tools 'Seurat'; column 'F1'",0.153005464480874,result
somatic-20261009-result-guille2025-seurat-seqc2-fd-wes-indel-false-positive-count,somatic-20261009-source-guille2025-table-s7,"Supplementary Table S7 (tables7_bbae697.xls, sheet 'Results'), E30; Tools 'Seurat'; column 'FP'",288,result
somatic-20261009-result-guille2025-seurat-seqc2-fd-wes-indel-false-positive-rate,somatic-20261009-source-guille2025-table-s7,"Supplementary Table S7 (tables7_bbae697.xls, sheet 'Results'), G30; Tools 'Seurat'; column 'FPR'",0.00000191230325985025,result
somatic-20261009-result-guille2025-seurat-seqc2-fd-wes-indel-precision,somatic-20261009-source-guille2025-table-s7,"Supplementary Table S7 (tables7_bbae697.xls, sheet 'Results'), I30; Tools 'Seurat'; column 'PPV'",0.0886075949367089,result
somatic-20261009-result-guille2025-seurat-seqc2-fd-wes-indel-recall,somatic-20261009-source-guille2025-table-s7,"Supplementary Table S7 (tables7_bbae697.xls, sheet 'Results'), F30; Tools 'Seurat'; column 'TPR'",0.56,result
somatic-20261009-result-guille2025-seurat-seqc2-fd-wes-indel-true-positive-count,somatic-20261009-source-guille2025-table-s7,"Supplementary Table S7 (tables7_bbae697.xls, sheet 'Results'), D30; Tools 'Seurat'; column 'TP'",28,result
somatic-20261009-result-guille2025-seurat-seqc2-fd-wes-snv-f1-score,somatic-20261009-source-guille2025-table-s7,"Supplementary Table S7 (tables7_bbae697.xls, sheet 'Results'), H13; Tools 'Seurat'; column 'F1'",0.772260273972603,result
somatic-20261009-result-guille2025-seurat-seqc2-fd-wes-snv-false-positive-count,somatic-20261009-source-guille2025-table-s7,"Supplementary Table S7 (tables7_bbae697.xls, sheet 'Results'), E13; Tools 'Seurat'; column 'FP'",274,result
somatic-20261009-result-guille2025-seurat-seqc2-fd-wes-snv-false-positive-rate,somatic-20261009-source-guille2025-table-s7,"Supplementary Table S7 (tables7_bbae697.xls, sheet 'Results'), G13; Tools 'Seurat'; column 'FPR'",0.00000181935748288254,result
somatic-20261009-result-guille2025-seurat-seqc2-fd-wes-snv-precision,somatic-20261009-source-guille2025-table-s7,"Supplementary Table S7 (tables7_bbae697.xls, sheet 'Results'), I13; Tools 'Seurat'; column 'PPV'",0.767006802721088,result
somatic-20261009-result-guille2025-seurat-seqc2-fd-wes-snv-recall,somatic-20261009-source-guille2025-table-s7,"Supplementary Table S7 (tables7_bbae697.xls, sheet 'Results'), F13; Tools 'Seurat'; column 'TPR'",0.777586206896552,result
somatic-20261009-result-guille2025-seurat-seqc2-fd-wes-snv-true-positive-count,somatic-20261009-source-guille2025-table-s7,"Supplementary Table S7 (tables7_bbae697.xls, sheet 'Results'), D13; Tools 'Seurat'; column 'TP'",902,result
somatic-20261009-result-guille2025-shimmer-seqc2-fd-wes-snv-f1-score,somatic-20261009-source-guille2025-table-s7,"Supplementary Table S7 (tables7_bbae697.xls, sheet 'Results'), H15; Tools 'Shimmer'; column 'F1'",0.330810204653771,result
somatic-20261009-result-guille2025-shimmer-seqc2-fd-wes-snv-false-positive-count,somatic-20261009-source-guille2025-table-s7,"Supplementary Table S7 (tables7_bbae697.xls, sheet 'Results'), E15; Tools 'Shimmer'; column 'FP'",1817,result
somatic-20261009-result-guille2025-shimmer-seqc2-fd-wes-snv-false-positive-rate,somatic-20261009-source-guille2025-table-s7,"Supplementary Table S7 (tables7_bbae697.xls, sheet 'Results'), G15; Tools 'Shimmer'; column 'FPR'",0.0000120648633080203,result
somatic-20261009-result-guille2025-shimmer-seqc2-fd-wes-snv-precision,somatic-20261009-source-guille2025-table-s7,"Supplementary Table S7 (tables7_bbae697.xls, sheet 'Results'), I15; Tools 'Shimmer'; column 'PPV'",0.245118404653095,result
somatic-20261009-result-guille2025-shimmer-seqc2-fd-wes-snv-recall,somatic-20261009-source-guille2025-table-s7,"Supplementary Table S7 (tables7_bbae697.xls, sheet 'Results'), F15; Tools 'Shimmer'; column 'TPR'",0.508620689655172,result
somatic-20261009-result-guille2025-shimmer-seqc2-fd-wes-snv-true-positive-count,somatic-20261009-source-guille2025-table-s7,"Supplementary Table S7 (tables7_bbae697.xls, sheet 'Results'), D15; Tools 'Shimmer'; column 'TP'",590,result
somatic-20261009-result-guille2025-somaticsniper-seqc2-fd-wes-snv-f1-score,somatic-20261009-source-guille2025-table-s7,"Supplementary Table S7 (tables7_bbae697.xls, sheet 'Results'), H9; Tools 'SomaticSniper'; column 'F1'",0.717333333333333,result
somatic-20261009-result-guille2025-somaticsniper-seqc2-fd-wes-snv-false-positive-count,somatic-20261009-source-guille2025-table-s7,"Supplementary Table S7 (tables7_bbae697.xls, sheet 'Results'), E9; Tools 'SomaticSniper'; column 'FP'",283,result
somatic-20261009-result-guille2025-somaticsniper-seqc2-fd-wes-snv-false-positive-rate,somatic-20261009-source-guille2025-table-s7,"Supplementary Table S7 (tables7_bbae697.xls, sheet 'Results'), G9; Tools 'SomaticSniper'; column 'FPR'",0.00000187911740020349,result
somatic-20261009-result-guille2025-somaticsniper-seqc2-fd-wes-snv-precision,somatic-20261009-source-guille2025-table-s7,"Supplementary Table S7 (tables7_bbae697.xls, sheet 'Results'), I9; Tools 'SomaticSniper'; column 'PPV'",0.740366972477064,result
somatic-20261009-result-guille2025-somaticsniper-seqc2-fd-wes-snv-recall,somatic-20261009-source-guille2025-table-s7,"Supplementary Table S7 (tables7_bbae697.xls, sheet 'Results'), F9; Tools 'SomaticSniper'; column 'TPR'",0.695689655172414,result
somatic-20261009-result-guille2025-somaticsniper-seqc2-fd-wes-snv-true-positive-count,somatic-20261009-source-guille2025-table-s7,"Supplementary Table S7 (tables7_bbae697.xls, sheet 'Results'), D9; Tools 'SomaticSniper'; column 'TP'",807,result
somatic-20261009-result-guille2025-strelka-seqc2-fd-wes-indel-f1-score,somatic-20261009-source-guille2025-table-s7,"Supplementary Table S7 (tables7_bbae697.xls, sheet 'Results'), H25; Tools 'Strelka'; column 'F1'",0.536585365853659,result
somatic-20261009-result-guille2025-strelka-seqc2-fd-wes-indel-false-positive-count,somatic-20261009-source-guille2025-table-s7,"Supplementary Table S7 (tables7_bbae697.xls, sheet 'Results'), E25; Tools 'Strelka'; column 'FP'",40,result
somatic-20261009-result-guille2025-strelka-seqc2-fd-wes-indel-false-positive-rate,somatic-20261009-source-guille2025-table-s7,"Supplementary Table S7 (tables7_bbae697.xls, sheet 'Results'), G25; Tools 'Strelka'; column 'FPR'",0.000000265597674979201,result
somatic-20261009-result-guille2025-strelka-seqc2-fd-wes-indel-precision,somatic-20261009-source-guille2025-table-s7,"Supplementary Table S7 (tables7_bbae697.xls, sheet 'Results'), I25; Tools 'Strelka'; column 'PPV'",0.452054794520548,result
somatic-20261009-result-guille2025-strelka-seqc2-fd-wes-indel-recall,somatic-20261009-source-guille2025-table-s7,"Supplementary Table S7 (tables7_bbae697.xls, sheet 'Results'), F25; Tools 'Strelka'; column 'TPR'",0.66,result
somatic-20261009-result-guille2025-strelka-seqc2-fd-wes-indel-true-positive-count,somatic-20261009-source-guille2025-table-s7,"Supplementary Table S7 (tables7_bbae697.xls, sheet 'Results'), D25; Tools 'Strelka'; column 'TP'",33,result
somatic-20261009-result-guille2025-strelka-seqc2-fd-wes-snv-f1-score,somatic-20261009-source-guille2025-table-s7,"Supplementary Table S7 (tables7_bbae697.xls, sheet 'Results'), H10; Tools 'Strelka'; column 'F1'",0.639486356340289,result
somatic-20261009-result-guille2025-strelka-seqc2-fd-wes-snv-false-positive-count,somatic-20261009-source-guille2025-table-s7,"Supplementary Table S7 (tables7_bbae697.xls, sheet 'Results'), E10; Tools 'Strelka'; column 'FP'",959,result
somatic-20261009-result-guille2025-strelka-seqc2-fd-wes-snv-false-positive-rate,somatic-20261009-source-guille2025-table-s7,"Supplementary Table S7 (tables7_bbae697.xls, sheet 'Results'), G10; Tools 'Strelka'; column 'FPR'",0.00000636775119008887,result
somatic-20261009-result-guille2025-strelka-seqc2-fd-wes-snv-precision,somatic-20261009-source-guille2025-table-s7,"Supplementary Table S7 (tables7_bbae697.xls, sheet 'Results'), I10; Tools 'Strelka'; column 'PPV'",0.509462915601023,result
somatic-20261009-result-guille2025-strelka-seqc2-fd-wes-snv-recall,somatic-20261009-source-guille2025-table-s7,"Supplementary Table S7 (tables7_bbae697.xls, sheet 'Results'), F10; Tools 'Strelka'; column 'TPR'",0.858620689655172,result
somatic-20261009-result-guille2025-strelka-seqc2-fd-wes-snv-true-positive-count,somatic-20261009-source-guille2025-table-s7,"Supplementary Table S7 (tables7_bbae697.xls, sheet 'Results'), D10; Tools 'Strelka'; column 'TP'",996,result
somatic-20261009-result-guille2025-vardict-seqc2-fd-wes-indel-f1-score,somatic-20261009-source-guille2025-table-s7,"Supplementary Table S7 (tables7_bbae697.xls, sheet 'Results'), H26; Tools 'Vardict'; column 'F1'",0.204301075268817,result
somatic-20261009-result-guille2025-vardict-seqc2-fd-wes-indel-false-positive-count,somatic-20261009-source-guille2025-table-s7,"Supplementary Table S7 (tables7_bbae697.xls, sheet 'Results'), E26; Tools 'Vardict'; column 'FP'",284,result
somatic-20261009-result-guille2025-vardict-seqc2-fd-wes-indel-false-positive-rate,somatic-20261009-source-guille2025-table-s7,"Supplementary Table S7 (tables7_bbae697.xls, sheet 'Results'), G26; Tools 'Vardict'; column 'FPR'",0.00000188574349235233,result
somatic-20261009-result-guille2025-vardict-seqc2-fd-wes-indel-precision,somatic-20261009-source-guille2025-table-s7,"Supplementary Table S7 (tables7_bbae697.xls, sheet 'Results'), I26; Tools 'Vardict'; column 'PPV'",0.118012422360248,result
somatic-20261009-result-guille2025-vardict-seqc2-fd-wes-indel-recall,somatic-20261009-source-guille2025-table-s7,"Supplementary Table S7 (tables7_bbae697.xls, sheet 'Results'), F26; Tools 'Vardict'; column 'TPR'",0.76,result
somatic-20261009-result-guille2025-vardict-seqc2-fd-wes-indel-true-positive-count,somatic-20261009-source-guille2025-table-s7,"Supplementary Table S7 (tables7_bbae697.xls, sheet 'Results'), D26; Tools 'Vardict'; column 'TP'",38,result
somatic-20261009-result-guille2025-vardict-seqc2-fd-wes-snv-f1-score,somatic-20261009-source-guille2025-table-s7,"Supplementary Table S7 (tables7_bbae697.xls, sheet 'Results'), H11; Tools 'Vardict'; column 'F1'",0.753669178897263,result
somatic-20261009-result-guille2025-vardict-seqc2-fd-wes-snv-false-positive-count,somatic-20261009-source-guille2025-table-s7,"Supplementary Table S7 (tables7_bbae697.xls, sheet 'Results'), E11; Tools 'Vardict'; column 'FP'",411,result
somatic-20261009-result-guille2025-vardict-seqc2-fd-wes-snv-false-positive-rate,somatic-20261009-source-guille2025-table-s7,"Supplementary Table S7 (tables7_bbae697.xls, sheet 'Results'), G11; Tools 'Vardict'; column 'FPR'",0.0000027290362243238,result
somatic-20261009-result-guille2025-vardict-seqc2-fd-wes-snv-precision,somatic-20261009-source-guille2025-table-s7,"Supplementary Table S7 (tables7_bbae697.xls, sheet 'Results'), I11; Tools 'Vardict'; column 'PPV'",0.698016164584864,result
somatic-20261009-result-guille2025-vardict-seqc2-fd-wes-snv-recall,somatic-20261009-source-guille2025-table-s7,"Supplementary Table S7 (tables7_bbae697.xls, sheet 'Results'), F11; Tools 'Vardict'; column 'TPR'",0.818965517241379,result
somatic-20261009-result-guille2025-vardict-seqc2-fd-wes-snv-true-positive-count,somatic-20261009-source-guille2025-table-s7,"Supplementary Table S7 (tables7_bbae697.xls, sheet 'Results'), D11; Tools 'Vardict'; column 'TP'",950,result
somatic-20261009-result-guille2025-varnet-seqc2-fd-wes-indel-f1-score,somatic-20261009-source-guille2025-table-s7,"Supplementary Table S7 (tables7_bbae697.xls, sheet 'Results'), H34; Tools 'VarNet'; column 'F1'",0.658823529411765,result
somatic-20261009-result-guille2025-varnet-seqc2-fd-wes-indel-false-positive-count,somatic-20261009-source-guille2025-table-s7,"Supplementary Table S7 (tables7_bbae697.xls, sheet 'Results'), E34; Tools 'VarNet'; column 'FP'",7,result
somatic-20261009-result-guille2025-varnet-seqc2-fd-wes-indel-false-positive-rate,somatic-20261009-source-guille2025-table-s7,"Supplementary Table S7 (tables7_bbae697.xls, sheet 'Results'), G34; Tools 'VarNet'; column 'FPR'",0.0000000464795931213602,result
somatic-20261009-result-guille2025-varnet-seqc2-fd-wes-indel-precision,somatic-20261009-source-guille2025-table-s7,"Supplementary Table S7 (tables7_bbae697.xls, sheet 'Results'), I34; Tools 'VarNet'; column 'PPV'",0.8,result
somatic-20261009-result-guille2025-varnet-seqc2-fd-wes-indel-recall,somatic-20261009-source-guille2025-table-s7,"Supplementary Table S7 (tables7_bbae697.xls, sheet 'Results'), F34; Tools 'VarNet'; column 'TPR'",0.56,result
somatic-20261009-result-guille2025-varnet-seqc2-fd-wes-indel-true-positive-count,somatic-20261009-source-guille2025-table-s7,"Supplementary Table S7 (tables7_bbae697.xls, sheet 'Results'), D34; Tools 'VarNet'; column 'TP'",28,result
somatic-20261009-result-guille2025-varnet-seqc2-fd-wes-snv-f1-score,somatic-20261009-source-guille2025-table-s7,"Supplementary Table S7 (tables7_bbae697.xls, sheet 'Results'), H19; Tools 'VarNet'; column 'F1'",0.840116279069767,result
somatic-20261009-result-guille2025-varnet-seqc2-fd-wes-snv-false-positive-count,somatic-20261009-source-guille2025-table-s7,"Supplementary Table S7 (tables7_bbae697.xls, sheet 'Results'), E19; Tools 'VarNet'; column 'FP'",37,result
somatic-20261009-result-guille2025-varnet-seqc2-fd-wes-snv-false-positive-rate,somatic-20261009-source-guille2025-table-s7,"Supplementary Table S7 (tables7_bbae697.xls, sheet 'Results'), G19; Tools 'VarNet'; column 'FPR'",0.000000245679660097277,result
somatic-20261009-result-guille2025-varnet-seqc2-fd-wes-snv-precision,somatic-20261009-source-guille2025-table-s7,"Supplementary Table S7 (tables7_bbae697.xls, sheet 'Results'), I19; Tools 'VarNet'; column 'PPV'",0.959070796460177,result
somatic-20261009-result-guille2025-varnet-seqc2-fd-wes-snv-recall,somatic-20261009-source-guille2025-table-s7,"Supplementary Table S7 (tables7_bbae697.xls, sheet 'Results'), F19; Tools 'VarNet'; column 'TPR'",0.747413793103448,result
somatic-20261009-result-guille2025-varnet-seqc2-fd-wes-snv-true-positive-count,somatic-20261009-source-guille2025-table-s7,"Supplementary Table S7 (tables7_bbae697.xls, sheet 'Results'), D19; Tools 'VarNet'; column 'TP'",867,result
somatic-20261009-result-guille2025-varscan2-seqc2-fd-wes-indel-f1-score,somatic-20261009-source-guille2025-table-s7,"Supplementary Table S7 (tables7_bbae697.xls, sheet 'Results'), H29; Tools 'Varscan2'; column 'F1'",0.414285714285714,result
somatic-20261009-result-guille2025-varscan2-seqc2-fd-wes-indel-false-positive-count,somatic-20261009-source-guille2025-table-s7,"Supplementary Table S7 (tables7_bbae697.xls, sheet 'Results'), E29; Tools 'Varscan2'; column 'FP'",61,result
somatic-20261009-result-guille2025-varscan2-seqc2-fd-wes-indel-false-positive-rate,somatic-20261009-source-guille2025-table-s7,"Supplementary Table S7 (tables7_bbae697.xls, sheet 'Results'), G29; Tools 'Varscan2'; column 'FPR'",0.000000405036454343282,result
somatic-20261009-result-guille2025-varscan2-seqc2-fd-wes-indel-precision,somatic-20261009-source-guille2025-table-s7,"Supplementary Table S7 (tables7_bbae697.xls, sheet 'Results'), I29; Tools 'Varscan2'; column 'PPV'",0.322222222222222,result
somatic-20261009-result-guille2025-varscan2-seqc2-fd-wes-indel-recall,somatic-20261009-source-guille2025-table-s7,"Supplementary Table S7 (tables7_bbae697.xls, sheet 'Results'), F29; Tools 'Varscan2'; column 'TPR'",0.58,result
somatic-20261009-result-guille2025-varscan2-seqc2-fd-wes-indel-true-positive-count,somatic-20261009-source-guille2025-table-s7,"Supplementary Table S7 (tables7_bbae697.xls, sheet 'Results'), D29; Tools 'Varscan2'; column 'TP'",29,result
somatic-20261009-result-guille2025-varscan2-seqc2-fd-wes-snv-f1-score,somatic-20261009-source-guille2025-table-s7,"Supplementary Table S7 (tables7_bbae697.xls, sheet 'Results'), H12; Tools 'Varscan2'; column 'F1'",0.733333333333333,result
somatic-20261009-result-guille2025-varscan2-seqc2-fd-wes-snv-false-positive-count,somatic-20261009-source-guille2025-table-s7,"Supplementary Table S7 (tables7_bbae697.xls, sheet 'Results'), E12; Tools 'Varscan2'; column 'FP'",75,result
somatic-20261009-result-guille2025-varscan2-seqc2-fd-wes-snv-false-positive-rate,somatic-20261009-source-guille2025-table-s7,"Supplementary Table S7 (tables7_bbae697.xls, sheet 'Results'), G12; Tools 'Varscan2'; column 'FPR'",0.000000497999311007993,result
somatic-20261009-result-guille2025-varscan2-seqc2-fd-wes-snv-precision,somatic-20261009-source-guille2025-table-s7,"Supplementary Table S7 (tables7_bbae697.xls, sheet 'Results'), I12; Tools 'Varscan2'; column 'PPV'",0.905063291139241,result
somatic-20261009-result-guille2025-varscan2-seqc2-fd-wes-snv-recall,somatic-20261009-source-guille2025-table-s7,"Supplementary Table S7 (tables7_bbae697.xls, sheet 'Results'), F12; Tools 'Varscan2'; column 'TPR'",0.616379310344828,result
somatic-20261009-result-guille2025-varscan2-seqc2-fd-wes-snv-true-positive-count,somatic-20261009-source-guille2025-table-s7,"Supplementary Table S7 (tables7_bbae697.xls, sheet 'Results'), D12; Tools 'Varscan2'; column 'TP'",715,result
somatic-20261009-result-guille2025-virmid-seqc2-fd-wes-snv-f1-score,somatic-20261009-source-guille2025-table-s7,"Supplementary Table S7 (tables7_bbae697.xls, sheet 'Results'), H16; Tools 'Virmid'; column 'F1'",0.834545454545455,result
somatic-20261009-result-guille2025-virmid-seqc2-fd-wes-snv-false-positive-count,somatic-20261009-source-guille2025-table-s7,"Supplementary Table S7 (tables7_bbae697.xls, sheet 'Results'), E16; Tools 'Virmid'; column 'FP'",122,result
somatic-20261009-result-guille2025-virmid-seqc2-fd-wes-snv-false-positive-rate,somatic-20261009-source-guille2025-table-s7,"Supplementary Table S7 (tables7_bbae697.xls, sheet 'Results'), G16; Tools 'Virmid'; column 'FPR'",0.000000810078879239669,result
somatic-20261009-result-guille2025-virmid-seqc2-fd-wes-snv-precision,somatic-20261009-source-guille2025-table-s7,"Supplementary Table S7 (tables7_bbae697.xls, sheet 'Results'), I16; Tools 'Virmid'; column 'PPV'",0.882692307692308,result
somatic-20261009-result-guille2025-virmid-seqc2-fd-wes-snv-recall,somatic-20261009-source-guille2025-table-s7,"Supplementary Table S7 (tables7_bbae697.xls, sheet 'Results'), F16; Tools 'Virmid'; column 'TPR'",0.791379310344828,result
somatic-20261009-result-guille2025-virmid-seqc2-fd-wes-snv-true-positive-count,somatic-20261009-source-guille2025-table-s7,"Supplementary Table S7 (tables7_bbae697.xls, sheet 'Results'), D16; Tools 'Virmid'; column 'TP'",918,result
somatic-20261009-result-guille2025-vote-3indel-min2-seqc2-fd-wes-indel-f1-score,somatic-20261009-source-guille2025-table-s7,"Supplementary Table S7 (tables7_bbae697.xls, sheet 'Results'), H36; Tools 'Mutect2-Strelka-Varscan2'; column 'F1'",0.74468085106383,result
somatic-20261009-result-guille2025-vote-3indel-min2-seqc2-fd-wes-indel-false-positive-count,somatic-20261009-source-guille2025-table-s7,"Supplementary Table S7 (tables7_bbae697.xls, sheet 'Results'), E36; Tools 'Mutect2-Strelka-Varscan2'; column 'FP'",9,result
somatic-20261009-result-guille2025-vote-3indel-min2-seqc2-fd-wes-indel-false-positive-rate,somatic-20261009-source-guille2025-table-s7,"Supplementary Table S7 (tables7_bbae697.xls, sheet 'Results'), G36; Tools 'Mutect2-Strelka-Varscan2'; column 'FPR'",0.0000000597594768703202,result
somatic-20261009-result-guille2025-vote-3indel-min2-seqc2-fd-wes-indel-precision,somatic-20261009-source-guille2025-table-s7,"Supplementary Table S7 (tables7_bbae697.xls, sheet 'Results'), I36; Tools 'Mutect2-Strelka-Varscan2'; column 'PPV'",0.795454545454545,result
somatic-20261009-result-guille2025-vote-3indel-min2-seqc2-fd-wes-indel-recall,somatic-20261009-source-guille2025-table-s7,"Supplementary Table S7 (tables7_bbae697.xls, sheet 'Results'), F36; Tools 'Mutect2-Strelka-Varscan2'; column 'TPR'",0.7,result
somatic-20261009-result-guille2025-vote-3indel-min2-seqc2-fd-wes-indel-true-positive-count,somatic-20261009-source-guille2025-table-s7,"Supplementary Table S7 (tables7_bbae697.xls, sheet 'Results'), D36; Tools 'Mutect2-Strelka-Varscan2'; column 'TP'",35,result
somatic-20261009-result-guille2025-vote-3snv-min2-seqc2-fd-wes-snv-f1-score,somatic-20261009-source-guille2025-table-s7,"Supplementary Table S7 (tables7_bbae697.xls, sheet 'Results'), H21; Tools 'Muse-Mutect2-Strelka'; column 'F1'",0.875281404772625,result
somatic-20261009-result-guille2025-vote-3snv-min2-seqc2-fd-wes-snv-false-positive-count,somatic-20261009-source-guille2025-table-s7,"Supplementary Table S7 (tables7_bbae697.xls, sheet 'Results'), E21; Tools 'Muse-Mutect2-Strelka'; column 'FP'",89,result
somatic-20261009-result-guille2025-vote-3snv-min2-seqc2-fd-wes-snv-false-positive-rate,somatic-20261009-source-guille2025-table-s7,"Supplementary Table S7 (tables7_bbae697.xls, sheet 'Results'), G21; Tools 'Muse-Mutect2-Strelka'; column 'FPR'",0.000000590959182396152,result
somatic-20261009-result-guille2025-vote-3snv-min2-seqc2-fd-wes-snv-precision,somatic-20261009-source-guille2025-table-s7,"Supplementary Table S7 (tables7_bbae697.xls, sheet 'Results'), I21; Tools 'Muse-Mutect2-Strelka'; column 'PPV'",0.916116870876532,result
somatic-20261009-result-guille2025-vote-3snv-min2-seqc2-fd-wes-snv-recall,somatic-20261009-source-guille2025-table-s7,"Supplementary Table S7 (tables7_bbae697.xls, sheet 'Results'), F21; Tools 'Muse-Mutect2-Strelka'; column 'TPR'",0.837931034482759,result
somatic-20261009-result-guille2025-vote-3snv-min2-seqc2-fd-wes-snv-true-positive-count,somatic-20261009-source-guille2025-table-s7,"Supplementary Table S7 (tables7_bbae697.xls, sheet 'Results'), D21; Tools 'Muse-Mutect2-Strelka'; column 'TP'",972,result
somatic-20261009-result-guille2025-vote-4indel-min2-seqc2-fd-wes-indel-f1-score,somatic-20261009-source-guille2025-table-s7,"Supplementary Table S7 (tables7_bbae697.xls, sheet 'Results'), H35; Tools 'Mutect2-Strelka-Pindel-Varscan2'; column 'F1'",0.752475247524752,result
somatic-20261009-result-guille2025-vote-4indel-min2-seqc2-fd-wes-indel-false-positive-count,somatic-20261009-source-guille2025-table-s7,"Supplementary Table S7 (tables7_bbae697.xls, sheet 'Results'), E35; Tools 'Mutect2-Strelka-Pindel-Varscan2'; column 'FP'",13,result
somatic-20261009-result-guille2025-vote-4indel-min2-seqc2-fd-wes-indel-false-positive-rate,somatic-20261009-source-guille2025-table-s7,"Supplementary Table S7 (tables7_bbae697.xls, sheet 'Results'), G35; Tools 'Mutect2-Strelka-Pindel-Varscan2'; column 'FPR'",0.0000000863192443682403,result
somatic-20261009-result-guille2025-vote-4indel-min2-seqc2-fd-wes-indel-precision,somatic-20261009-source-guille2025-table-s7,"Supplementary Table S7 (tables7_bbae697.xls, sheet 'Results'), I35; Tools 'Mutect2-Strelka-Pindel-Varscan2'; column 'PPV'",0.745098039215686,result
somatic-20261009-result-guille2025-vote-4indel-min2-seqc2-fd-wes-indel-recall,somatic-20261009-source-guille2025-table-s7,"Supplementary Table S7 (tables7_bbae697.xls, sheet 'Results'), F35; Tools 'Mutect2-Strelka-Pindel-Varscan2'; column 'TPR'",0.76,result
somatic-20261009-result-guille2025-vote-4indel-min2-seqc2-fd-wes-indel-true-positive-count,somatic-20261009-source-guille2025-table-s7,"Supplementary Table S7 (tables7_bbae697.xls, sheet 'Results'), D35; Tools 'Mutect2-Strelka-Pindel-Varscan2'; column 'TP'",38,result
somatic-20261009-result-guille2025-vote-6snv-min3-seqc2-fd-wes-snv-f1-score,somatic-20261009-source-guille2025-table-s7,"Supplementary Table S7 (tables7_bbae697.xls, sheet 'Results'), H20; Tools 'Lofreq-Muse-Mutect2-SomaticSniper-Strelka-Lancet'; column 'F1'",0.880514705882353,result
somatic-20261009-result-guille2025-vote-6snv-min3-seqc2-fd-wes-snv-false-positive-count,somatic-20261009-source-guille2025-table-s7,"Supplementary Table S7 (tables7_bbae697.xls, sheet 'Results'), E20; Tools 'Lofreq-Muse-Mutect2-SomaticSniper-Strelka-Lancet'; column 'FP'",58,result
somatic-20261009-result-guille2025-vote-6snv-min3-seqc2-fd-wes-snv-false-positive-rate,somatic-20261009-source-guille2025-table-s7,"Supplementary Table S7 (tables7_bbae697.xls, sheet 'Results'), G20; Tools 'Lofreq-Muse-Mutect2-SomaticSniper-Strelka-Lancet'; column 'FPR'",0.000000385119467179515,result
somatic-20261009-result-guille2025-vote-6snv-min3-seqc2-fd-wes-snv-precision,somatic-20261009-source-guille2025-table-s7,"Supplementary Table S7 (tables7_bbae697.xls, sheet 'Results'), I20; Tools 'Lofreq-Muse-Mutect2-SomaticSniper-Strelka-Lancet'; column 'PPV'",0.942913385826772,result
somatic-20261009-result-guille2025-vote-6snv-min3-seqc2-fd-wes-snv-recall,somatic-20261009-source-guille2025-table-s7,"Supplementary Table S7 (tables7_bbae697.xls, sheet 'Results'), F20; Tools 'Lofreq-Muse-Mutect2-SomaticSniper-Strelka-Lancet'; column 'TPR'",0.825862068965517,result
somatic-20261009-result-guille2025-vote-6snv-min3-seqc2-fd-wes-snv-true-positive-count,somatic-20261009-source-guille2025-table-s7,"Supplementary Table S7 (tables7_bbae697.xls, sheet 'Results'), D20; Tools 'Lofreq-Muse-Mutect2-SomaticSniper-Strelka-Lancet'; column 'TP'",958,result
somatic-20261009-result-wang2020-lofreq-aml-snv-count,somatic-20261009-source-wang2020-tables,"Supplementary Tables workbook sheet 'S1 WGS SNVs', D82; dataset 'AML'; caller 'LoFreq'; column 'Count'",1713,result
somatic-20261009-result-wang2020-lofreq-aml-snv-f1-score,somatic-20261009-source-wang2020-tables,"Supplementary Tables workbook sheet 'S1 WGS SNVs', G82; dataset 'AML'; caller 'LoFreq'; column 'F1'",0.745,result
somatic-20261009-result-wang2020-lofreq-aml-snv-precision,somatic-20261009-source-wang2020-tables,"Supplementary Tables workbook sheet 'S1 WGS SNVs', F82; dataset 'AML'; caller 'LoFreq'; column 'Precision'",0.664,result
somatic-20261009-result-wang2020-lofreq-aml-snv-recall,somatic-20261009-source-wang2020-tables,"Supplementary Tables workbook sheet 'S1 WGS SNVs', E82; dataset 'AML'; caller 'LoFreq'; column 'Recall'",0.848,result
somatic-20261009-result-wang2020-lofreq-cll-indel-count,somatic-20261009-source-wang2020-tables,"Supplementary Tables workbook sheet 'S2 WGS INDELs', D30; dataset 'CLL'; caller 'LoFreq'; column 'Count'",758,result
somatic-20261009-result-wang2020-lofreq-cll-indel-f1-score,somatic-20261009-source-wang2020-tables,"Supplementary Tables workbook sheet 'S2 WGS INDELs', G30; dataset 'CLL'; caller 'LoFreq'; column 'F1'",0.125560538117,result
somatic-20261009-result-wang2020-lofreq-cll-indel-precision,somatic-20261009-source-wang2020-tables,"Supplementary Tables workbook sheet 'S2 WGS INDELs', F30; dataset 'CLL'; caller 'LoFreq'; column 'Precision'",0.0738786279683,result
somatic-20261009-result-wang2020-lofreq-cll-indel-recall,somatic-20261009-source-wang2020-tables,"Supplementary Tables workbook sheet 'S2 WGS INDELs', E30; dataset 'CLL'; caller 'LoFreq'; column 'Recall'",0.417910447761,result
somatic-20261009-result-wang2020-lofreq-cll-snv-count,somatic-20261009-source-wang2020-tables,"Supplementary Tables workbook sheet 'S1 WGS SNVs', D67; dataset 'CLL'; caller 'LoFreq'; column 'Count'",1226,result
somatic-20261009-result-wang2020-lofreq-cll-snv-f1-score,somatic-20261009-source-wang2020-tables,"Supplementary Tables workbook sheet 'S1 WGS SNVs', G67; dataset 'CLL'; caller 'LoFreq'; column 'F1'",0.702,result
somatic-20261009-result-wang2020-lofreq-cll-snv-precision,somatic-20261009-source-wang2020-tables,"Supplementary Tables workbook sheet 'S1 WGS SNVs', F67; dataset 'CLL'; caller 'LoFreq'; column 'Precision'",0.728,result
somatic-20261009-result-wang2020-lofreq-cll-snv-recall,somatic-20261009-source-wang2020-tables,"Supplementary Tables workbook sheet 'S1 WGS SNVs', E67; dataset 'CLL'; caller 'LoFreq'; column 'Recall'",0.678,result
somatic-20261009-result-wang2020-lofreq-colo829-indel-count,somatic-20261009-source-wang2020-tables,"Supplementary Tables workbook sheet 'S2 WGS INDELs', D54; dataset 'COLO'; caller 'LoFreq'; column 'Count'",1659,result
somatic-20261009-result-wang2020-lofreq-colo829-indel-f1-score,somatic-20261009-source-wang2020-tables,"Supplementary Tables workbook sheet 'S2 WGS INDELs', G54; dataset 'COLO'; caller 'LoFreq'; column 'F1'",0.322090261283,result
somatic-20261009-result-wang2020-lofreq-colo829-indel-precision,somatic-20261009-source-wang2020-tables,"Supplementary Tables workbook sheet 'S2 WGS INDELs', F54; dataset 'COLO'; caller 'LoFreq'; column 'Precision'",0.204339963834,result
somatic-20261009-result-wang2020-lofreq-colo829-indel-recall,somatic-20261009-source-wang2020-tables,"Supplementary Tables workbook sheet 'S2 WGS INDELs', E54; dataset 'COLO'; caller 'LoFreq'; column 'Recall'",0.760089686099,result
somatic-20261009-result-wang2020-lofreq-colo829-snv-count,somatic-20261009-source-wang2020-tables,"Supplementary Tables workbook sheet 'S1 WGS SNVs', D112; dataset 'COLO'; caller 'LoFreq'; column 'Count'",37400,result
somatic-20261009-result-wang2020-lofreq-colo829-snv-f1-score,somatic-20261009-source-wang2020-tables,"Supplementary Tables workbook sheet 'S1 WGS SNVs', G112; dataset 'COLO'; caller 'LoFreq'; column 'F1'",0.931,result
somatic-20261009-result-wang2020-lofreq-colo829-snv-precision,somatic-20261009-source-wang2020-tables,"Supplementary Tables workbook sheet 'S1 WGS SNVs', F112; dataset 'COLO'; caller 'LoFreq'; column 'Precision'",0.908,result
somatic-20261009-result-wang2020-lofreq-colo829-snv-recall,somatic-20261009-source-wang2020-tables,"Supplementary Tables workbook sheet 'S1 WGS SNVs', E112; dataset 'COLO'; caller 'LoFreq'; column 'Recall'",0.955,result
somatic-20261009-result-wang2020-lofreq-dream-set1-snv-count,somatic-20261009-source-wang2020-tables,"Supplementary Tables workbook sheet 'S1 WGS SNVs', D7; dataset 'DREAM Set1'; caller 'LoFreq'; column 'Count'",3481,result
somatic-20261009-result-wang2020-lofreq-dream-set1-snv-f1-score,somatic-20261009-source-wang2020-tables,"Supplementary Tables workbook sheet 'S1 WGS SNVs', G7; dataset 'DREAM Set1'; caller 'LoFreq'; column 'F1'",0.963,result
somatic-20261009-result-wang2020-lofreq-dream-set1-snv-precision,somatic-20261009-source-wang2020-tables,"Supplementary Tables workbook sheet 'S1 WGS SNVs', F7; dataset 'DREAM Set1'; caller 'LoFreq'; column 'Precision'",0.97,result
somatic-20261009-result-wang2020-lofreq-dream-set1-snv-recall,somatic-20261009-source-wang2020-tables,"Supplementary Tables workbook sheet 'S1 WGS SNVs', E7; dataset 'DREAM Set1'; caller 'LoFreq'; column 'Recall'",0.956,result
somatic-20261009-result-wang2020-lofreq-dream-set2-snv-count,somatic-20261009-source-wang2020-tables,"Supplementary Tables workbook sheet 'S1 WGS SNVs', D22; dataset 'DREAM Set2'; caller 'LoFreq'; column 'Count'",4194,result
somatic-20261009-result-wang2020-lofreq-dream-set2-snv-f1-score,somatic-20261009-source-wang2020-tables,"Supplementary Tables workbook sheet 'S1 WGS SNVs', G22; dataset 'DREAM Set2'; caller 'LoFreq'; column 'F1'",0.96,result
somatic-20261009-result-wang2020-lofreq-dream-set2-snv-precision,somatic-20261009-source-wang2020-tables,"Supplementary Tables workbook sheet 'S1 WGS SNVs', F22; dataset 'DREAM Set2'; caller 'LoFreq'; column 'Precision'",0.974,result
somatic-20261009-result-wang2020-lofreq-dream-set2-snv-recall,somatic-20261009-source-wang2020-tables,"Supplementary Tables workbook sheet 'S1 WGS SNVs', E22; dataset 'DREAM Set2'; caller 'LoFreq'; column 'Recall'",0.945,result
somatic-20261009-result-wang2020-lofreq-dream-set3-indel-count,somatic-20261009-source-wang2020-tables,"Supplementary Tables workbook sheet 'S2 WGS INDELs', D6; dataset 'DREAM Set3'; caller 'LoFreq'; column 'Count'",4756,result
somatic-20261009-result-wang2020-lofreq-dream-set3-indel-f1-score,somatic-20261009-source-wang2020-tables,"Supplementary Tables workbook sheet 'S2 WGS INDELs', G6; dataset 'DREAM Set3'; caller 'LoFreq'; column 'F1'",0.704322585706,result
somatic-20261009-result-wang2020-lofreq-dream-set3-indel-precision,somatic-20261009-source-wang2020-tables,"Supplementary Tables workbook sheet 'S2 WGS INDELs', F6; dataset 'DREAM Set3'; caller 'LoFreq'; column 'Precision'",0.94386038688,result
somatic-20261009-result-wang2020-lofreq-dream-set3-indel-recall,somatic-20261009-source-wang2020-tables,"Supplementary Tables workbook sheet 'S2 WGS INDELs', E6; dataset 'DREAM Set3'; caller 'LoFreq'; column 'Recall'",0.561756976599,result
somatic-20261009-result-wang2020-lofreq-dream-set3-snv-count,somatic-20261009-source-wang2020-tables,"Supplementary Tables workbook sheet 'S1 WGS SNVs', D37; dataset 'DREAM Set3'; caller 'LoFreq'; column 'Count'",6766,result
somatic-20261009-result-wang2020-lofreq-dream-set3-snv-f1-score,somatic-20261009-source-wang2020-tables,"Supplementary Tables workbook sheet 'S1 WGS SNVs', G37; dataset 'DREAM Set3'; caller 'LoFreq'; column 'F1'",0.913,result
somatic-20261009-result-wang2020-lofreq-dream-set3-snv-precision,somatic-20261009-source-wang2020-tables,"Supplementary Tables workbook sheet 'S1 WGS SNVs', F37; dataset 'DREAM Set3'; caller 'LoFreq'; column 'Precision'",0.99,result
somatic-20261009-result-wang2020-lofreq-dream-set3-snv-recall,somatic-20261009-source-wang2020-tables,"Supplementary Tables workbook sheet 'S1 WGS SNVs', E37; dataset 'DREAM Set3'; caller 'LoFreq'; column 'Recall'",0.847,result
somatic-20261009-result-wang2020-lofreq-dream-set4-indel-count,somatic-20261009-source-wang2020-tables,"Supplementary Tables workbook sheet 'S2 WGS INDELs', D18; dataset 'DREAM Set4'; caller 'LoFreq'; column 'Count'",7528,result
somatic-20261009-result-wang2020-lofreq-dream-set4-indel-f1-score,somatic-20261009-source-wang2020-tables,"Supplementary Tables workbook sheet 'S2 WGS INDELs', G18; dataset 'DREAM Set4'; caller 'LoFreq'; column 'F1'",0.660896786668,result
somatic-20261009-result-wang2020-lofreq-dream-set4-indel-precision,somatic-20261009-source-wang2020-tables,"Supplementary Tables workbook sheet 'S2 WGS INDELs', F18; dataset 'DREAM Set4'; caller 'LoFreq'; column 'Precision'",0.953506907545,result
somatic-20261009-result-wang2020-lofreq-dream-set4-indel-recall,somatic-20261009-source-wang2020-tables,"Supplementary Tables workbook sheet 'S2 WGS INDELs', E18; dataset 'DREAM Set4'; caller 'LoFreq'; column 'Recall'",0.505706636607,result
somatic-20261009-result-wang2020-lofreq-dream-set4-snv-count,somatic-20261009-source-wang2020-tables,"Supplementary Tables workbook sheet 'S1 WGS SNVs', D52; dataset 'DREAM Set4'; caller 'LoFreq'; column 'Count'",7540,result
somatic-20261009-result-wang2020-lofreq-dream-set4-snv-f1-score,somatic-20261009-source-wang2020-tables,"Supplementary Tables workbook sheet 'S1 WGS SNVs', G52; dataset 'DREAM Set4'; caller 'LoFreq'; column 'F1'",0.623,result
somatic-20261009-result-wang2020-lofreq-dream-set4-snv-precision,somatic-20261009-source-wang2020-tables,"Supplementary Tables workbook sheet 'S1 WGS SNVs', F52; dataset 'DREAM Set4'; caller 'LoFreq'; column 'Precision'",0.983,result
somatic-20261009-result-wang2020-lofreq-dream-set4-snv-recall,somatic-20261009-source-wang2020-tables,"Supplementary Tables workbook sheet 'S1 WGS SNVs', E52; dataset 'DREAM Set4'; caller 'LoFreq'; column 'Recall'",0.456,result
somatic-20261009-result-wang2020-lofreq-mb-indel-count,somatic-20261009-source-wang2020-tables,"Supplementary Tables workbook sheet 'S2 WGS INDELs', D42; dataset 'MB'; caller 'LoFreq'; column 'Count'",4557,result
somatic-20261009-result-wang2020-lofreq-mb-indel-f1-score,somatic-20261009-source-wang2020-tables,"Supplementary Tables workbook sheet 'S2 WGS INDELs', G42; dataset 'MB'; caller 'LoFreq'; column 'F1'",0.0860522022838,result
somatic-20261009-result-wang2020-lofreq-mb-indel-precision,somatic-20261009-source-wang2020-tables,"Supplementary Tables workbook sheet 'S2 WGS INDELs', F42; dataset 'MB'; caller 'LoFreq'; column 'Precision'",0.0463023919245,result
somatic-20261009-result-wang2020-lofreq-mb-indel-recall,somatic-20261009-source-wang2020-tables,"Supplementary Tables workbook sheet 'S2 WGS INDELs', E42; dataset 'MB'; caller 'LoFreq'; column 'Recall'",0.608069164265,result
somatic-20261009-result-wang2020-lofreq-mb-snv-count,somatic-20261009-source-wang2020-tables,"Supplementary Tables workbook sheet 'S1 WGS SNVs', D97; dataset 'MB'; caller 'LoFreq'; column 'Count'",1585,result
somatic-20261009-result-wang2020-lofreq-mb-snv-f1-score,somatic-20261009-source-wang2020-tables,"Supplementary Tables workbook sheet 'S1 WGS SNVs', G97; dataset 'MB'; caller 'LoFreq'; column 'F1'",0.783,result
somatic-20261009-result-wang2020-lofreq-mb-snv-precision,somatic-20261009-source-wang2020-tables,"Supplementary Tables workbook sheet 'S1 WGS SNVs', F97; dataset 'MB'; caller 'LoFreq'; column 'Precision'",0.703,result
somatic-20261009-result-wang2020-lofreq-mb-snv-recall,somatic-20261009-source-wang2020-tables,"Supplementary Tables workbook sheet 'S1 WGS SNVs', E97; dataset 'MB'; caller 'LoFreq'; column 'Recall'",0.883,result
somatic-20261009-result-wang2020-muse-aml-snv-count,somatic-20261009-source-wang2020-tables,"Supplementary Tables workbook sheet 'S1 WGS SNVs', D79; dataset 'AML'; caller 'MuSE'; column 'Count'",1649,result
somatic-20261009-result-wang2020-muse-aml-snv-f1-score,somatic-20261009-source-wang2020-tables,"Supplementary Tables workbook sheet 'S1 WGS SNVs', G79; dataset 'AML'; caller 'MuSE'; column 'F1'",0.786,result
somatic-20261009-result-wang2020-muse-aml-snv-precision,somatic-20261009-source-wang2020-tables,"Supplementary Tables workbook sheet 'S1 WGS SNVs', F79; dataset 'AML'; caller 'MuSE'; column 'Precision'",0.713,result
somatic-20261009-result-wang2020-muse-aml-snv-recall,somatic-20261009-source-wang2020-tables,"Supplementary Tables workbook sheet 'S1 WGS SNVs', E79; dataset 'AML'; caller 'MuSE'; column 'Recall'",0.876,result
somatic-20261009-result-wang2020-muse-cll-snv-count,somatic-20261009-source-wang2020-tables,"Supplementary Tables workbook sheet 'S1 WGS SNVs', D64; dataset 'CLL'; caller 'MuSE'; column 'Count'",1886,result
somatic-20261009-result-wang2020-muse-cll-snv-f1-score,somatic-20261009-source-wang2020-tables,"Supplementary Tables workbook sheet 'S1 WGS SNVs', G64; dataset 'CLL'; caller 'MuSE'; column 'F1'",0.647,result
somatic-20261009-result-wang2020-muse-cll-snv-precision,somatic-20261009-source-wang2020-tables,"Supplementary Tables workbook sheet 'S1 WGS SNVs', F64; dataset 'CLL'; caller 'MuSE'; column 'Precision'",0.549,result
somatic-20261009-result-wang2020-muse-cll-snv-recall,somatic-20261009-source-wang2020-tables,"Supplementary Tables workbook sheet 'S1 WGS SNVs', E64; dataset 'CLL'; caller 'MuSE'; column 'Recall'",0.788,result
somatic-20261009-result-wang2020-muse-colo829-snv-count,somatic-20261009-source-wang2020-tables,"Supplementary Tables workbook sheet 'S1 WGS SNVs', D109; dataset 'COLO'; caller 'MuSE'; column 'Count'",38952,result
somatic-20261009-result-wang2020-muse-colo829-snv-f1-score,somatic-20261009-source-wang2020-tables,"Supplementary Tables workbook sheet 'S1 WGS SNVs', G109; dataset 'COLO'; caller 'MuSE'; column 'F1'",0.931,result
somatic-20261009-result-wang2020-muse-colo829-snv-precision,somatic-20261009-source-wang2020-tables,"Supplementary Tables workbook sheet 'S1 WGS SNVs', F109; dataset 'COLO'; caller 'MuSE'; column 'Precision'",0.89,result
somatic-20261009-result-wang2020-muse-colo829-snv-recall,somatic-20261009-source-wang2020-tables,"Supplementary Tables workbook sheet 'S1 WGS SNVs', E109; dataset 'COLO'; caller 'MuSE'; column 'Recall'",0.976,result
somatic-20261009-result-wang2020-muse-dream-set1-snv-count,somatic-20261009-source-wang2020-tables,"Supplementary Tables workbook sheet 'S1 WGS SNVs', D4; dataset 'DREAM Set1'; caller 'MuSE'; column 'Count'",4030,result
somatic-20261009-result-wang2020-muse-dream-set1-snv-f1-score,somatic-20261009-source-wang2020-tables,"Supplementary Tables workbook sheet 'S1 WGS SNVs', G4; dataset 'DREAM Set1'; caller 'MuSE'; column 'F1'",0.911,result
somatic-20261009-result-wang2020-muse-dream-set1-snv-precision,somatic-20261009-source-wang2020-tables,"Supplementary Tables workbook sheet 'S1 WGS SNVs', F4; dataset 'DREAM Set1'; caller 'MuSE'; column 'Precision'",0.855,result
somatic-20261009-result-wang2020-muse-dream-set1-snv-recall,somatic-20261009-source-wang2020-tables,"Supplementary Tables workbook sheet 'S1 WGS SNVs', E4; dataset 'DREAM Set1'; caller 'MuSE'; column 'Recall'",0.975,result
somatic-20261009-result-wang2020-muse-dream-set2-snv-count,somatic-20261009-source-wang2020-tables,"Supplementary Tables workbook sheet 'S1 WGS SNVs', D19; dataset 'DREAM Set2'; caller 'MuSE'; column 'Count'",4629,result
somatic-20261009-result-wang2020-muse-dream-set2-snv-f1-score,somatic-20261009-source-wang2020-tables,"Supplementary Tables workbook sheet 'S1 WGS SNVs', G19; dataset 'DREAM Set2'; caller 'MuSE'; column 'F1'",0.938,result
somatic-20261009-result-wang2020-muse-dream-set2-snv-precision,somatic-20261009-source-wang2020-tables,"Supplementary Tables workbook sheet 'S1 WGS SNVs', F19; dataset 'DREAM Set2'; caller 'MuSE'; column 'Precision'",0.907,result
somatic-20261009-result-wang2020-muse-dream-set2-snv-recall,somatic-20261009-source-wang2020-tables,"Supplementary Tables workbook sheet 'S1 WGS SNVs', E19; dataset 'DREAM Set2'; caller 'MuSE'; column 'Recall'",0.971,result
somatic-20261009-result-wang2020-muse-dream-set3-snv-count,somatic-20261009-source-wang2020-tables,"Supplementary Tables workbook sheet 'S1 WGS SNVs', D34; dataset 'DREAM Set3'; caller 'MuSE'; column 'Count'",7251,result
somatic-20261009-result-wang2020-muse-dream-set3-snv-f1-score,somatic-20261009-source-wang2020-tables,"Supplementary Tables workbook sheet 'S1 WGS SNVs', G34; dataset 'DREAM Set3'; caller 'MuSE'; column 'F1'",0.918,result
somatic-20261009-result-wang2020-muse-dream-set3-snv-precision,somatic-20261009-source-wang2020-tables,"Supplementary Tables workbook sheet 'S1 WGS SNVs', F34; dataset 'DREAM Set3'; caller 'MuSE'; column 'Precision'",0.959,result
somatic-20261009-result-wang2020-muse-dream-set3-snv-recall,somatic-20261009-source-wang2020-tables,"Supplementary Tables workbook sheet 'S1 WGS SNVs', E34; dataset 'DREAM Set3'; caller 'MuSE'; column 'Recall'",0.88,result
somatic-20261009-result-wang2020-muse-dream-set4-snv-count,somatic-20261009-source-wang2020-tables,"Supplementary Tables workbook sheet 'S1 WGS SNVs', D49; dataset 'DREAM Set4'; caller 'MuSE'; column 'Count'",10294,result
somatic-20261009-result-wang2020-muse-dream-set4-snv-f1-score,somatic-20261009-source-wang2020-tables,"Supplementary Tables workbook sheet 'S1 WGS SNVs', G49; dataset 'DREAM Set4'; caller 'MuSE'; column 'F1'",0.673,result
somatic-20261009-result-wang2020-muse-dream-set4-snv-precision,somatic-20261009-source-wang2020-tables,"Supplementary Tables workbook sheet 'S1 WGS SNVs', F49; dataset 'DREAM Set4'; caller 'MuSE'; column 'Precision'",0.869,result
somatic-20261009-result-wang2020-muse-dream-set4-snv-recall,somatic-20261009-source-wang2020-tables,"Supplementary Tables workbook sheet 'S1 WGS SNVs', E49; dataset 'DREAM Set4'; caller 'MuSE'; column 'Recall'",0.55,result
somatic-20261009-result-wang2020-muse-mb-snv-count,somatic-20261009-source-wang2020-tables,"Supplementary Tables workbook sheet 'S1 WGS SNVs', D94; dataset 'MB'; caller 'MuSE'; column 'Count'",1377,result
somatic-20261009-result-wang2020-muse-mb-snv-f1-score,somatic-20261009-source-wang2020-tables,"Supplementary Tables workbook sheet 'S1 WGS SNVs', G94; dataset 'MB'; caller 'MuSE'; column 'F1'",0.806,result
somatic-20261009-result-wang2020-muse-mb-snv-precision,somatic-20261009-source-wang2020-tables,"Supplementary Tables workbook sheet 'S1 WGS SNVs', F94; dataset 'MB'; caller 'MuSE'; column 'Precision'",0.773,result
somatic-20261009-result-wang2020-muse-mb-snv-recall,somatic-20261009-source-wang2020-tables,"Supplementary Tables workbook sheet 'S1 WGS SNVs', E94; dataset 'MB'; caller 'MuSE'; column 'Recall'",0.842,result
somatic-20261009-result-wang2020-mutect-aml-snv-count,somatic-20261009-source-wang2020-tables,"Supplementary Tables workbook sheet 'S1 WGS SNVs', D86; dataset 'AML'; caller 'MuTect'; column 'Count'",2681,result
somatic-20261009-result-wang2020-mutect-aml-snv-f1-score,somatic-20261009-source-wang2020-tables,"Supplementary Tables workbook sheet 'S1 WGS SNVs', G86; dataset 'AML'; caller 'MuTect'; column 'F1'",0.593,result
somatic-20261009-result-wang2020-mutect-aml-snv-precision,somatic-20261009-source-wang2020-tables,"Supplementary Tables workbook sheet 'S1 WGS SNVs', F86; dataset 'AML'; caller 'MuTect'; column 'Precision'",0.445,result
somatic-20261009-result-wang2020-mutect-aml-snv-recall,somatic-20261009-source-wang2020-tables,"Supplementary Tables workbook sheet 'S1 WGS SNVs', E86; dataset 'AML'; caller 'MuTect'; column 'Recall'",0.888,result
somatic-20261009-result-wang2020-mutect-cll-snv-count,somatic-20261009-source-wang2020-tables,"Supplementary Tables workbook sheet 'S1 WGS SNVs', D71; dataset 'CLL'; caller 'MuTect'; column 'Count'",5980,result
somatic-20261009-result-wang2020-mutect-cll-snv-f1-score,somatic-20261009-source-wang2020-tables,"Supplementary Tables workbook sheet 'S1 WGS SNVs', G71; dataset 'CLL'; caller 'MuTect'; column 'F1'",0.312,result
somatic-20261009-result-wang2020-mutect-cll-snv-precision,somatic-20261009-source-wang2020-tables,"Supplementary Tables workbook sheet 'S1 WGS SNVs', F71; dataset 'CLL'; caller 'MuTect'; column 'Precision'",0.19,result
somatic-20261009-result-wang2020-mutect-cll-snv-recall,somatic-20261009-source-wang2020-tables,"Supplementary Tables workbook sheet 'S1 WGS SNVs', E71; dataset 'CLL'; caller 'MuTect'; column 'Recall'",0.866,result
somatic-20261009-result-wang2020-mutect-colo829-snv-count,somatic-20261009-source-wang2020-tables,"Supplementary Tables workbook sheet 'S1 WGS SNVs', D116; dataset 'COLO'; caller 'MuTect'; column 'Count'",40530,result
somatic-20261009-result-wang2020-mutect-colo829-snv-f1-score,somatic-20261009-source-wang2020-tables,"Supplementary Tables workbook sheet 'S1 WGS SNVs', G116; dataset 'COLO'; caller 'MuTect'; column 'F1'",0.898,result
somatic-20261009-result-wang2020-mutect-colo829-snv-precision,somatic-20261009-source-wang2020-tables,"Supplementary Tables workbook sheet 'S1 WGS SNVs', F116; dataset 'COLO'; caller 'MuTect'; column 'Precision'",0.842,result
somatic-20261009-result-wang2020-mutect-colo829-snv-recall,somatic-20261009-source-wang2020-tables,"Supplementary Tables workbook sheet 'S1 WGS SNVs', E116; dataset 'COLO'; caller 'MuTect'; column 'Recall'",0.961,result
somatic-20261009-result-wang2020-mutect-dream-set1-snv-count,somatic-20261009-source-wang2020-tables,"Supplementary Tables workbook sheet 'S1 WGS SNVs', D11; dataset 'DREAM Set1'; caller 'MuTect'; column 'Count'",5358,result
somatic-20261009-result-wang2020-mutect-dream-set1-snv-f1-score,somatic-20261009-source-wang2020-tables,"Supplementary Tables workbook sheet 'S1 WGS SNVs', G11; dataset 'DREAM Set1'; caller 'MuTect'; column 'F1'",0.773,result
somatic-20261009-result-wang2020-mutect-dream-set1-snv-precision,somatic-20261009-source-wang2020-tables,"Supplementary Tables workbook sheet 'S1 WGS SNVs', F11; dataset 'DREAM Set1'; caller 'MuTect'; column 'Precision'",0.642,result
somatic-20261009-result-wang2020-mutect-dream-set1-snv-recall,somatic-20261009-source-wang2020-tables,"Supplementary Tables workbook sheet 'S1 WGS SNVs', E11; dataset 'DREAM Set1'; caller 'MuTect'; column 'Recall'",0.973,result
somatic-20261009-result-wang2020-mutect-dream-set2-snv-count,somatic-20261009-source-wang2020-tables,"Supplementary Tables workbook sheet 'S1 WGS SNVs', D26; dataset 'DREAM Set2'; caller 'MuTect'; column 'Count'",7368,result
somatic-20261009-result-wang2020-mutect-dream-set2-snv-f1-score,somatic-20261009-source-wang2020-tables,"Supplementary Tables workbook sheet 'S1 WGS SNVs', G26; dataset 'DREAM Set2'; caller 'MuTect'; column 'F1'",0.722,result
somatic-20261009-result-wang2020-mutect-dream-set2-snv-precision,somatic-20261009-source-wang2020-tables,"Supplementary Tables workbook sheet 'S1 WGS SNVs', F26; dataset 'DREAM Set2'; caller 'MuTect'; column 'Precision'",0.573,result
somatic-20261009-result-wang2020-mutect-dream-set2-snv-recall,somatic-20261009-source-wang2020-tables,"Supplementary Tables workbook sheet 'S1 WGS SNVs', E26; dataset 'DREAM Set2'; caller 'MuTect'; column 'Recall'",0.977,result
somatic-20261009-result-wang2020-mutect-dream-set3-snv-count,somatic-20261009-source-wang2020-tables,"Supplementary Tables workbook sheet 'S1 WGS SNVs', D41; dataset 'DREAM Set3'; caller 'MuTect'; column 'Count'",9975,result
somatic-20261009-result-wang2020-mutect-dream-set3-snv-f1-score,somatic-20261009-source-wang2020-tables,"Supplementary Tables workbook sheet 'S1 WGS SNVs', G41; dataset 'DREAM Set3'; caller 'MuTect'; column 'F1'",0.823,result
somatic-20261009-result-wang2020-mutect-dream-set3-snv-precision,somatic-20261009-source-wang2020-tables,"Supplementary Tables workbook sheet 'S1 WGS SNVs', F41; dataset 'DREAM Set3'; caller 'MuTect'; column 'Precision'",0.738,result
somatic-20261009-result-wang2020-mutect-dream-set3-snv-recall,somatic-20261009-source-wang2020-tables,"Supplementary Tables workbook sheet 'S1 WGS SNVs', E41; dataset 'DREAM Set3'; caller 'MuTect'; column 'Recall'",0.931,result
somatic-20261009-result-wang2020-mutect-dream-set4-snv-count,somatic-20261009-source-wang2020-tables,"Supplementary Tables workbook sheet 'S1 WGS SNVs', D56; dataset 'DREAM Set4'; caller 'MuTect'; column 'Count'",14811,result
somatic-20261009-result-wang2020-mutect-dream-set4-snv-f1-score,somatic-20261009-source-wang2020-tables,"Supplementary Tables workbook sheet 'S1 WGS SNVs', G56; dataset 'DREAM Set4'; caller 'MuTect'; column 'F1'",0.782,result
somatic-20261009-result-wang2020-mutect-dream-set4-snv-precision,somatic-20261009-source-wang2020-tables,"Supplementary Tables workbook sheet 'S1 WGS SNVs', F56; dataset 'DREAM Set4'; caller 'MuTect'; column 'Precision'",0.82,result
somatic-20261009-result-wang2020-mutect-dream-set4-snv-recall,somatic-20261009-source-wang2020-tables,"Supplementary Tables workbook sheet 'S1 WGS SNVs', E56; dataset 'DREAM Set4'; caller 'MuTect'; column 'Recall'",0.747,result
somatic-20261009-result-wang2020-mutect-mb-snv-count,somatic-20261009-source-wang2020-tables,"Supplementary Tables workbook sheet 'S1 WGS SNVs', D101; dataset 'MB'; caller 'MuTect'; column 'Count'",4969,result
somatic-20261009-result-wang2020-mutect-mb-snv-f1-score,somatic-20261009-source-wang2020-tables,"Supplementary Tables workbook sheet 'S1 WGS SNVs', G101; dataset 'MB'; caller 'MuTect'; column 'F1'",0.384,result
somatic-20261009-result-wang2020-mutect-mb-snv-precision,somatic-20261009-source-wang2020-tables,"Supplementary Tables workbook sheet 'S1 WGS SNVs', F101; dataset 'MB'; caller 'MuTect'; column 'Precision'",0.241,result
somatic-20261009-result-wang2020-mutect-mb-snv-recall,somatic-20261009-source-wang2020-tables,"Supplementary Tables workbook sheet 'S1 WGS SNVs', E101; dataset 'MB'; caller 'MuTect'; column 'Recall'",0.947,result
somatic-20261009-result-wang2020-mutect2-gatk3-7-aml-snv-count,somatic-20261009-source-wang2020-tables,"Supplementary Tables workbook sheet 'S1 WGS SNVs', D87; dataset 'AML'; caller 'MuTect2'; column 'Count'",7931,result
somatic-20261009-result-wang2020-mutect2-gatk3-7-aml-snv-f1-score,somatic-20261009-source-wang2020-tables,"Supplementary Tables workbook sheet 'S1 WGS SNVs', G87; dataset 'AML'; caller 'MuTect2'; column 'F1'",0.268,result
somatic-20261009-result-wang2020-mutect2-gatk3-7-aml-snv-precision,somatic-20261009-source-wang2020-tables,"Supplementary Tables workbook sheet 'S1 WGS SNVs', F87; dataset 'AML'; caller 'MuTect2'; column 'Precision'",0.157,result
somatic-20261009-result-wang2020-mutect2-gatk3-7-aml-snv-recall,somatic-20261009-source-wang2020-tables,"Supplementary Tables workbook sheet 'S1 WGS SNVs', E87; dataset 'AML'; caller 'MuTect2'; column 'Recall'",0.927,result
somatic-20261009-result-wang2020-mutect2-gatk3-7-cll-indel-count,somatic-20261009-source-wang2020-tables,"Supplementary Tables workbook sheet 'S2 WGS INDELs', D33; dataset 'CLL'; caller 'MuTect2'; column 'Count'",267,result
somatic-20261009-result-wang2020-mutect2-gatk3-7-cll-indel-f1-score,somatic-20261009-source-wang2020-tables,"Supplementary Tables workbook sheet 'S2 WGS INDELs', G33; dataset 'CLL'; caller 'MuTect2'; column 'F1'",0.279301745636,result
somatic-20261009-result-wang2020-mutect2-gatk3-7-cll-indel-precision,somatic-20261009-source-wang2020-tables,"Supplementary Tables workbook sheet 'S2 WGS INDELs', F33; dataset 'CLL'; caller 'MuTect2'; column 'Precision'",0.209737827715,result
somatic-20261009-result-wang2020-mutect2-gatk3-7-cll-indel-recall,somatic-20261009-source-wang2020-tables,"Supplementary Tables workbook sheet 'S2 WGS INDELs', E33; dataset 'CLL'; caller 'MuTect2'; column 'Recall'",0.417910447761,result
somatic-20261009-result-wang2020-mutect2-gatk3-7-cll-snv-count,somatic-20261009-source-wang2020-tables,"Supplementary Tables workbook sheet 'S1 WGS SNVs', D72; dataset 'CLL'; caller 'MuTect2'; column 'Count'",2943,result
somatic-20261009-result-wang2020-mutect2-gatk3-7-cll-snv-f1-score,somatic-20261009-source-wang2020-tables,"Supplementary Tables workbook sheet 'S1 WGS SNVs', G72; dataset 'CLL'; caller 'MuTect2'; column 'F1'",0.523,result
somatic-20261009-result-wang2020-mutect2-gatk3-7-cll-snv-precision,somatic-20261009-source-wang2020-tables,"Supplementary Tables workbook sheet 'S1 WGS SNVs', F72; dataset 'CLL'; caller 'MuTect2'; column 'Precision'",0.379,result
somatic-20261009-result-wang2020-mutect2-gatk3-7-cll-snv-recall,somatic-20261009-source-wang2020-tables,"Supplementary Tables workbook sheet 'S1 WGS SNVs', E72; dataset 'CLL'; caller 'MuTect2'; column 'Recall'",0.847,result
somatic-20261009-result-wang2020-mutect2-gatk3-7-colo829-indel-count,somatic-20261009-source-wang2020-tables,"Supplementary Tables workbook sheet 'S2 WGS INDELs', D57; dataset 'COLO'; caller 'MuTect2'; column 'Count'",678,result
somatic-20261009-result-wang2020-mutect2-gatk3-7-colo829-indel-f1-score,somatic-20261009-source-wang2020-tables,"Supplementary Tables workbook sheet 'S2 WGS INDELs', G57; dataset 'COLO'; caller 'MuTect2'; column 'F1'",0.553380782918,result
somatic-20261009-result-wang2020-mutect2-gatk3-7-colo829-indel-precision,somatic-20261009-source-wang2020-tables,"Supplementary Tables workbook sheet 'S2 WGS INDELs', F57; dataset 'COLO'; caller 'MuTect2'; column 'Precision'",0.458702064897,result
somatic-20261009-result-wang2020-mutect2-gatk3-7-colo829-indel-recall,somatic-20261009-source-wang2020-tables,"Supplementary Tables workbook sheet 'S2 WGS INDELs', E57; dataset 'COLO'; caller 'MuTect2'; column 'Recall'",0.69730941704,result
somatic-20261009-result-wang2020-mutect2-gatk3-7-colo829-snv-count,somatic-20261009-source-wang2020-tables,"Supplementary Tables workbook sheet 'S1 WGS SNVs', D117; dataset 'COLO'; caller 'MuTect2'; column 'Count'",39348,result
somatic-20261009-result-wang2020-mutect2-gatk3-7-colo829-snv-f1-score,somatic-20261009-source-wang2020-tables,"Supplementary Tables workbook sheet 'S1 WGS SNVs', G117; dataset 'COLO'; caller 'MuTect2'; column 'F1'",0.886,result
somatic-20261009-result-wang2020-mutect2-gatk3-7-colo829-snv-precision,somatic-20261009-source-wang2020-tables,"Supplementary Tables workbook sheet 'S1 WGS SNVs', F117; dataset 'COLO'; caller 'MuTect2'; column 'Precision'",0.843,result
somatic-20261009-result-wang2020-mutect2-gatk3-7-colo829-snv-recall,somatic-20261009-source-wang2020-tables,"Supplementary Tables workbook sheet 'S1 WGS SNVs', E117; dataset 'COLO'; caller 'MuTect2'; column 'Recall'",0.933,result
somatic-20261009-result-wang2020-mutect2-gatk3-7-dream-set1-snv-count,somatic-20261009-source-wang2020-tables,"Supplementary Tables workbook sheet 'S1 WGS SNVs', D12; dataset 'DREAM Set1'; caller 'MuTect2'; column 'Count'",4418,result
somatic-20261009-result-wang2020-mutect2-gatk3-7-dream-set1-snv-f1-score,somatic-20261009-source-wang2020-tables,"Supplementary Tables workbook sheet 'S1 WGS SNVs', G12; dataset 'DREAM Set1'; caller 'MuTect2'; column 'F1'",0.87,result
somatic-20261009-result-wang2020-mutect2-gatk3-7-dream-set1-snv-precision,somatic-20261009-source-wang2020-tables,"Supplementary Tables workbook sheet 'S1 WGS SNVs', F12; dataset 'DREAM Set1'; caller 'MuTect2'; column 'Precision'",0.783,result
somatic-20261009-result-wang2020-mutect2-gatk3-7-dream-set1-snv-recall,somatic-20261009-source-wang2020-tables,"Supplementary Tables workbook sheet 'S1 WGS SNVs', E12; dataset 'DREAM Set1'; caller 'MuTect2'; column 'Recall'",0.979,result
somatic-20261009-result-wang2020-mutect2-gatk3-7-dream-set2-snv-count,somatic-20261009-source-wang2020-tables,"Supplementary Tables workbook sheet 'S1 WGS SNVs', D27; dataset 'DREAM Set2'; caller 'MuTect2'; column 'Count'",6077,result
somatic-20261009-result-wang2020-mutect2-gatk3-7-dream-set2-snv-f1-score,somatic-20261009-source-wang2020-tables,"Supplementary Tables workbook sheet 'S1 WGS SNVs', G27; dataset 'DREAM Set2'; caller 'MuTect2'; column 'F1'",0.813,result
somatic-20261009-result-wang2020-mutect2-gatk3-7-dream-set2-snv-precision,somatic-20261009-source-wang2020-tables,"Supplementary Tables workbook sheet 'S1 WGS SNVs', F27; dataset 'DREAM Set2'; caller 'MuTect2'; column 'Precision'",0.695,result
somatic-20261009-result-wang2020-mutect2-gatk3-7-dream-set2-snv-recall,somatic-20261009-source-wang2020-tables,"Supplementary Tables workbook sheet 'S1 WGS SNVs', E27; dataset 'DREAM Set2'; caller 'MuTect2'; column 'Recall'",0.978,result
somatic-20261009-result-wang2020-mutect2-gatk3-7-dream-set3-indel-count,somatic-20261009-source-wang2020-tables,"Supplementary Tables workbook sheet 'S2 WGS INDELs', D9; dataset 'DREAM Set3'; caller 'MuTect2'; column 'Count'",6069,result
somatic-20261009-result-wang2020-mutect2-gatk3-7-dream-set3-indel-f1-score,somatic-20261009-source-wang2020-tables,"Supplementary Tables workbook sheet 'S2 WGS INDELs', G9; dataset 'DREAM Set3'; caller 'MuTect2'; column 'F1'",0.811806543385,result
somatic-20261009-result-wang2020-mutect2-gatk3-7-dream-set3-indel-precision,somatic-20261009-source-wang2020-tables,"Supplementary Tables workbook sheet 'S2 WGS INDELs', F9; dataset 'DREAM Set3'; caller 'MuTect2'; column 'Precision'",0.940352611633,result
somatic-20261009-result-wang2020-mutect2-gatk3-7-dream-set3-indel-recall,somatic-20261009-source-wang2020-tables,"Supplementary Tables workbook sheet 'S2 WGS INDELs', E9; dataset 'DREAM Set3'; caller 'MuTect2'; column 'Recall'",0.714178450757,result
somatic-20261009-result-wang2020-mutect2-gatk3-7-dream-set3-snv-count,somatic-20261009-source-wang2020-tables,"Supplementary Tables workbook sheet 'S1 WGS SNVs', D42; dataset 'DREAM Set3'; caller 'MuTect2'; column 'Count'",8688,result
somatic-20261009-result-wang2020-mutect2-gatk3-7-dream-set3-snv-f1-score,somatic-20261009-source-wang2020-tables,"Supplementary Tables workbook sheet 'S1 WGS SNVs', G42; dataset 'DREAM Set3'; caller 'MuTect2'; column 'F1'",0.889,result
somatic-20261009-result-wang2020-mutect2-gatk3-7-dream-set3-snv-precision,somatic-20261009-source-wang2020-tables,"Supplementary Tables workbook sheet 'S1 WGS SNVs', F42; dataset 'DREAM Set3'; caller 'MuTect2'; column 'Precision'",0.849,result
somatic-20261009-result-wang2020-mutect2-gatk3-7-dream-set3-snv-recall,somatic-20261009-source-wang2020-tables,"Supplementary Tables workbook sheet 'S1 WGS SNVs', E42; dataset 'DREAM Set3'; caller 'MuTect2'; column 'Recall'",0.933,result
somatic-20261009-result-wang2020-mutect2-gatk3-7-dream-set4-indel-count,somatic-20261009-source-wang2020-tables,"Supplementary Tables workbook sheet 'S2 WGS INDELs', D21; dataset 'DREAM Set4'; caller 'MuTect2'; column 'Count'",10883,result
somatic-20261009-result-wang2020-mutect2-gatk3-7-dream-set4-indel-f1-score,somatic-20261009-source-wang2020-tables,"Supplementary Tables workbook sheet 'S2 WGS INDELs', G21; dataset 'DREAM Set4'; caller 'MuTect2'; column 'F1'",0.854807193843,result
somatic-20261009-result-wang2020-mutect2-gatk3-7-dream-set4-indel-precision,somatic-20261009-source-wang2020-tables,"Supplementary Tables workbook sheet 'S2 WGS INDELs', F21; dataset 'DREAM Set4'; caller 'MuTect2'; column 'Precision'",0.984838739318,result
somatic-20261009-result-wang2020-mutect2-gatk3-7-dream-set4-indel-recall,somatic-20261009-source-wang2020-tables,"Supplementary Tables workbook sheet 'S2 WGS INDELs', E21; dataset 'DREAM Set4'; caller 'MuTect2'; column 'Recall'",0.755107792025,result
somatic-20261009-result-wang2020-mutect2-gatk3-7-dream-set4-snv-count,somatic-20261009-source-wang2020-tables,"Supplementary Tables workbook sheet 'S1 WGS SNVs', D57; dataset 'DREAM Set4'; caller 'MuTect2'; column 'Count'",13480,result
somatic-20261009-result-wang2020-mutect2-gatk3-7-dream-set4-snv-f1-score,somatic-20261009-source-wang2020-tables,"Supplementary Tables workbook sheet 'S1 WGS SNVs', G57; dataset 'DREAM Set4'; caller 'MuTect2'; column 'F1'",0.825,result
somatic-20261009-result-wang2020-mutect2-gatk3-7-dream-set4-snv-precision,somatic-20261009-source-wang2020-tables,"Supplementary Tables workbook sheet 'S1 WGS SNVs', F57; dataset 'DREAM Set4'; caller 'MuTect2'; column 'Precision'",0.911,result
somatic-20261009-result-wang2020-mutect2-gatk3-7-dream-set4-snv-recall,somatic-20261009-source-wang2020-tables,"Supplementary Tables workbook sheet 'S1 WGS SNVs', E57; dataset 'DREAM Set4'; caller 'MuTect2'; column 'Recall'",0.755,result
somatic-20261009-result-wang2020-mutect2-gatk3-7-mb-indel-count,somatic-20261009-source-wang2020-tables,"Supplementary Tables workbook sheet 'S2 WGS INDELs', D45; dataset 'MB'; caller 'MuTect2'; column 'Count'",1565,result
somatic-20261009-result-wang2020-mutect2-gatk3-7-mb-indel-f1-score,somatic-20261009-source-wang2020-tables,"Supplementary Tables workbook sheet 'S2 WGS INDELs', G45; dataset 'MB'; caller 'MuTect2'; column 'F1'",0.233263598326,result
somatic-20261009-result-wang2020-mutect2-gatk3-7-mb-indel-precision,somatic-20261009-source-wang2020-tables,"Supplementary Tables workbook sheet 'S2 WGS INDELs', F45; dataset 'MB'; caller 'MuTect2'; column 'Precision'",0.14249201278,result
somatic-20261009-result-wang2020-mutect2-gatk3-7-mb-indel-recall,somatic-20261009-source-wang2020-tables,"Supplementary Tables workbook sheet 'S2 WGS INDELs', E45; dataset 'MB'; caller 'MuTect2'; column 'Recall'",0.64265129683,result
somatic-20261009-result-wang2020-mutect2-gatk3-7-mb-snv-count,somatic-20261009-source-wang2020-tables,"Supplementary Tables workbook sheet 'S1 WGS SNVs', D102; dataset 'MB'; caller 'MuTect2'; column 'Count'",4016,result
somatic-20261009-result-wang2020-mutect2-gatk3-7-mb-snv-f1-score,somatic-20261009-source-wang2020-tables,"Supplementary Tables workbook sheet 'S1 WGS SNVs', G102; dataset 'MB'; caller 'MuTect2'; column 'F1'",0.452,result
somatic-20261009-result-wang2020-mutect2-gatk3-7-mb-snv-precision,somatic-20261009-source-wang2020-tables,"Supplementary Tables workbook sheet 'S1 WGS SNVs', F102; dataset 'MB'; caller 'MuTect2'; column 'Precision'",0.297,result
somatic-20261009-result-wang2020-mutect2-gatk3-7-mb-snv-recall,somatic-20261009-source-wang2020-tables,"Supplementary Tables workbook sheet 'S1 WGS SNVs', E102; dataset 'MB'; caller 'MuTect2'; column 'Recall'",0.945,result
somatic-20261009-result-wang2020-neusomatic-lowqual-aml-snv-count,somatic-20261009-source-wang2020-tables,"Supplementary Tables workbook sheet 'S1 WGS SNVs', D92; dataset 'AML'; caller 'NeuSomatic_Lowqual'; column 'Count'",1894,result
somatic-20261009-result-wang2020-neusomatic-lowqual-aml-snv-f1-score,somatic-20261009-source-wang2020-tables,"Supplementary Tables workbook sheet 'S1 WGS SNVs', G92; dataset 'AML'; caller 'NeuSomatic_Lowqual'; column 'F1'",0.772,result
somatic-20261009-result-wang2020-neusomatic-lowqual-aml-snv-precision,somatic-20261009-source-wang2020-tables,"Supplementary Tables workbook sheet 'S1 WGS SNVs', F92; dataset 'AML'; caller 'NeuSomatic_Lowqual'; column 'Precision'",0.659,result
somatic-20261009-result-wang2020-neusomatic-lowqual-aml-snv-recall,somatic-20261009-source-wang2020-tables,"Supplementary Tables workbook sheet 'S1 WGS SNVs', E92; dataset 'AML'; caller 'NeuSomatic_Lowqual'; column 'Recall'",0.931,result
somatic-20261009-result-wang2020-neusomatic-lowqual-cll-indel-count,somatic-20261009-source-wang2020-tables,"Supplementary Tables workbook sheet 'S2 WGS INDELs', D39; dataset 'CLL'; caller 'NeuSomatic_Lowqual'; column 'Count'",444,result
somatic-20261009-result-wang2020-neusomatic-lowqual-cll-indel-f1-score,somatic-20261009-source-wang2020-tables,"Supplementary Tables workbook sheet 'S2 WGS INDELs', G39; dataset 'CLL'; caller 'NeuSomatic_Lowqual'; column 'F1'",0.159169550173,result
somatic-20261009-result-wang2020-neusomatic-lowqual-cll-indel-precision,somatic-20261009-source-wang2020-tables,"Supplementary Tables workbook sheet 'S2 WGS INDELs', F39; dataset 'CLL'; caller 'NeuSomatic_Lowqual'; column 'Precision'",0.103603603604,result
somatic-20261009-result-wang2020-neusomatic-lowqual-cll-indel-recall,somatic-20261009-source-wang2020-tables,"Supplementary Tables workbook sheet 'S2 WGS INDELs', E39; dataset 'CLL'; caller 'NeuSomatic_Lowqual'; column 'Recall'",0.34328358209,result
somatic-20261009-result-wang2020-neusomatic-lowqual-cll-snv-count,somatic-20261009-source-wang2020-tables,"Supplementary Tables workbook sheet 'S1 WGS SNVs', D77; dataset 'CLL'; caller 'NeuSomatic_Lowqual'; column 'Count'",14266,result
somatic-20261009-result-wang2020-neusomatic-lowqual-cll-snv-f1-score,somatic-20261009-source-wang2020-tables,"Supplementary Tables workbook sheet 'S1 WGS SNVs', G77; dataset 'CLL'; caller 'NeuSomatic_Lowqual'; column 'F1'",0.166,result
somatic-20261009-result-wang2020-neusomatic-lowqual-cll-snv-precision,somatic-20261009-source-wang2020-tables,"Supplementary Tables workbook sheet 'S1 WGS SNVs', F77; dataset 'CLL'; caller 'NeuSomatic_Lowqual'; column 'Precision'",0.091,result
somatic-20261009-result-wang2020-neusomatic-lowqual-cll-snv-recall,somatic-20261009-source-wang2020-tables,"Supplementary Tables workbook sheet 'S1 WGS SNVs', E77; dataset 'CLL'; caller 'NeuSomatic_Lowqual'; column 'Recall'",0.982,result
somatic-20261009-result-wang2020-neusomatic-lowqual-colo829-indel-count,somatic-20261009-source-wang2020-tables,"Supplementary Tables workbook sheet 'S2 WGS INDELs', D63; dataset 'COLO'; caller 'NeuSomatic_Lowqual'; column 'Count'",1532,result
somatic-20261009-result-wang2020-neusomatic-lowqual-colo829-indel-f1-score,somatic-20261009-source-wang2020-tables,"Supplementary Tables workbook sheet 'S2 WGS INDELs', G63; dataset 'COLO'; caller 'NeuSomatic_Lowqual'; column 'F1'",0.268958543984,result
somatic-20261009-result-wang2020-neusomatic-lowqual-colo829-indel-precision,somatic-20261009-source-wang2020-tables,"Supplementary Tables workbook sheet 'S2 WGS INDELs', F63; dataset 'COLO'; caller 'NeuSomatic_Lowqual'; column 'Precision'",0.17362924282,result
somatic-20261009-result-wang2020-neusomatic-lowqual-colo829-indel-recall,somatic-20261009-source-wang2020-tables,"Supplementary Tables workbook sheet 'S2 WGS INDELs', E63; dataset 'COLO'; caller 'NeuSomatic_Lowqual'; column 'Recall'",0.596412556054,result
somatic-20261009-result-wang2020-neusomatic-lowqual-colo829-snv-count,somatic-20261009-source-wang2020-tables,"Supplementary Tables workbook sheet 'S1 WGS SNVs', D122; dataset 'COLO'; caller 'NeuSomatic_Lowqual'; column 'Count'",46180,result
somatic-20261009-result-wang2020-neusomatic-lowqual-colo829-snv-f1-score,somatic-20261009-source-wang2020-tables,"Supplementary Tables workbook sheet 'S1 WGS SNVs', G122; dataset 'COLO'; caller 'NeuSomatic_Lowqual'; column 'F1'",0.854,result
somatic-20261009-result-wang2020-neusomatic-lowqual-colo829-snv-precision,somatic-20261009-source-wang2020-tables,"Supplementary Tables workbook sheet 'S1 WGS SNVs', F122; dataset 'COLO'; caller 'NeuSomatic_Lowqual'; column 'Precision'",0.756,result
somatic-20261009-result-wang2020-neusomatic-lowqual-colo829-snv-recall,somatic-20261009-source-wang2020-tables,"Supplementary Tables workbook sheet 'S1 WGS SNVs', E122; dataset 'COLO'; caller 'NeuSomatic_Lowqual'; column 'Recall'",0.982,result
somatic-20261009-result-wang2020-neusomatic-lowqual-dream-set1-snv-count,somatic-20261009-source-wang2020-tables,"Supplementary Tables workbook sheet 'S1 WGS SNVs', D17; dataset 'DREAM Set1'; caller 'NeuSomatic_Lowqual'; column 'Count'",8678,result
somatic-20261009-result-wang2020-neusomatic-lowqual-dream-set1-snv-f1-score,somatic-20261009-source-wang2020-tables,"Supplementary Tables workbook sheet 'S1 WGS SNVs', G17; dataset 'DREAM Set1'; caller 'NeuSomatic_Lowqual'; column 'F1'",0.571,result
somatic-20261009-result-wang2020-neusomatic-lowqual-dream-set1-snv-precision,somatic-20261009-source-wang2020-tables,"Supplementary Tables workbook sheet 'S1 WGS SNVs', F17; dataset 'DREAM Set1'; caller 'NeuSomatic_Lowqual'; column 'Precision'",0.402,result
somatic-20261009-result-wang2020-neusomatic-lowqual-dream-set1-snv-recall,somatic-20261009-source-wang2020-tables,"Supplementary Tables workbook sheet 'S1 WGS SNVs', E17; dataset 'DREAM Set1'; caller 'NeuSomatic_Lowqual'; column 'Recall'",0.987,result
somatic-20261009-result-wang2020-neusomatic-lowqual-dream-set2-snv-count,somatic-20261009-source-wang2020-tables,"Supplementary Tables workbook sheet 'S1 WGS SNVs', D32; dataset 'DREAM Set2'; caller 'NeuSomatic_Lowqual'; column 'Count'",11218,result
somatic-20261009-result-wang2020-neusomatic-lowqual-dream-set2-snv-f1-score,somatic-20261009-source-wang2020-tables,"Supplementary Tables workbook sheet 'S1 WGS SNVs', G32; dataset 'DREAM Set2'; caller 'NeuSomatic_Lowqual'; column 'F1'",0.551,result
somatic-20261009-result-wang2020-neusomatic-lowqual-dream-set2-snv-precision,somatic-20261009-source-wang2020-tables,"Supplementary Tables workbook sheet 'S1 WGS SNVs', F32; dataset 'DREAM Set2'; caller 'NeuSomatic_Lowqual'; column 'Precision'",0.382,result
somatic-20261009-result-wang2020-neusomatic-lowqual-dream-set2-snv-recall,somatic-20261009-source-wang2020-tables,"Supplementary Tables workbook sheet 'S1 WGS SNVs', E32; dataset 'DREAM Set2'; caller 'NeuSomatic_Lowqual'; column 'Recall'",0.991,result
somatic-20261009-result-wang2020-neusomatic-lowqual-dream-set3-indel-count,somatic-20261009-source-wang2020-tables,"Supplementary Tables workbook sheet 'S2 WGS INDELs', D15; dataset 'DREAM Set3'; caller 'NeuSomatic_Lowqual'; column 'Count'",7795,result
somatic-20261009-result-wang2020-neusomatic-lowqual-dream-set3-indel-f1-score,somatic-20261009-source-wang2020-tables,"Supplementary Tables workbook sheet 'S2 WGS INDELs', G15; dataset 'DREAM Set3'; caller 'NeuSomatic_Lowqual'; column 'F1'",0.705815279361,result
somatic-20261009-result-wang2020-neusomatic-lowqual-dream-set3-indel-precision,somatic-20261009-source-wang2020-tables,"Supplementary Tables workbook sheet 'S2 WGS INDELs', F15; dataset 'DREAM Set3'; caller 'NeuSomatic_Lowqual'; column 'Precision'",0.714688903143,result
somatic-20261009-result-wang2020-neusomatic-lowqual-dream-set3-indel-recall,somatic-20261009-source-wang2020-tables,"Supplementary Tables workbook sheet 'S2 WGS INDELs', E15; dataset 'DREAM Set3'; caller 'NeuSomatic_Lowqual'; column 'Recall'",0.697159304217,result
somatic-20261009-result-wang2020-neusomatic-lowqual-dream-set3-snv-count,somatic-20261009-source-wang2020-tables,"Supplementary Tables workbook sheet 'S1 WGS SNVs', D47; dataset 'DREAM Set3'; caller 'NeuSomatic_Lowqual'; column 'Count'",12851,result
somatic-20261009-result-wang2020-neusomatic-lowqual-dream-set3-snv-f1-score,somatic-20261009-source-wang2020-tables,"Supplementary Tables workbook sheet 'S1 WGS SNVs', G47; dataset 'DREAM Set3'; caller 'NeuSomatic_Lowqual'; column 'F1'",0.735,result
somatic-20261009-result-wang2020-neusomatic-lowqual-dream-set3-snv-precision,somatic-20261009-source-wang2020-tables,"Supplementary Tables workbook sheet 'S1 WGS SNVs', F47; dataset 'DREAM Set3'; caller 'NeuSomatic_Lowqual'; column 'Precision'",0.594,result
somatic-20261009-result-wang2020-neusomatic-lowqual-dream-set3-snv-recall,somatic-20261009-source-wang2020-tables,"Supplementary Tables workbook sheet 'S1 WGS SNVs', E47; dataset 'DREAM Set3'; caller 'NeuSomatic_Lowqual'; column 'Recall'",0.966,result
somatic-20261009-result-wang2020-neusomatic-lowqual-dream-set4-indel-count,somatic-20261009-source-wang2020-tables,"Supplementary Tables workbook sheet 'S2 WGS INDELs', D27; dataset 'DREAM Set4'; caller 'NeuSomatic_Lowqual'; column 'Count'",15020,result
somatic-20261009-result-wang2020-neusomatic-lowqual-dream-set4-indel-f1-score,somatic-20261009-source-wang2020-tables,"Supplementary Tables workbook sheet 'S2 WGS INDELs', G27; dataset 'DREAM Set4'; caller 'NeuSomatic_Lowqual'; column 'F1'",0.840478632479,result
somatic-20261009-result-wang2020-neusomatic-lowqual-dream-set4-indel-precision,somatic-20261009-source-wang2020-tables,"Supplementary Tables workbook sheet 'S2 WGS INDELs', F27; dataset 'DREAM Set4'; caller 'NeuSomatic_Lowqual'; column 'Precision'",0.818375499334,result
somatic-20261009-result-wang2020-neusomatic-lowqual-dream-set4-indel-recall,somatic-20261009-source-wang2020-tables,"Supplementary Tables workbook sheet 'S2 WGS INDELs', E27; dataset 'DREAM Set4'; caller 'NeuSomatic_Lowqual'; column 'Recall'",0.863808854533,result
somatic-20261009-result-wang2020-neusomatic-lowqual-dream-set4-snv-count,somatic-20261009-source-wang2020-tables,"Supplementary Tables workbook sheet 'S1 WGS SNVs', D62; dataset 'DREAM Set4'; caller 'NeuSomatic_Lowqual'; column 'Count'",20353,result
somatic-20261009-result-wang2020-neusomatic-lowqual-dream-set4-snv-f1-score,somatic-20261009-source-wang2020-tables,"Supplementary Tables workbook sheet 'S1 WGS SNVs', G62; dataset 'DREAM Set4'; caller 'NeuSomatic_Lowqual'; column 'F1'",0.783,result
somatic-20261009-result-wang2020-neusomatic-lowqual-dream-set4-snv-precision,somatic-20261009-source-wang2020-tables,"Supplementary Tables workbook sheet 'S1 WGS SNVs', F62; dataset 'DREAM Set4'; caller 'NeuSomatic_Lowqual'; column 'Precision'",0.704,result
somatic-20261009-result-wang2020-neusomatic-lowqual-dream-set4-snv-recall,somatic-20261009-source-wang2020-tables,"Supplementary Tables workbook sheet 'S1 WGS SNVs', E62; dataset 'DREAM Set4'; caller 'NeuSomatic_Lowqual'; column 'Recall'",0.881,result
somatic-20261009-result-wang2020-neusomatic-lowqual-mb-indel-count,somatic-20261009-source-wang2020-tables,"Supplementary Tables workbook sheet 'S2 WGS INDELs', D51; dataset 'MB'; caller 'NeuSomatic_Lowqual'; column 'Count'",1038,result
somatic-20261009-result-wang2020-neusomatic-lowqual-mb-indel-f1-score,somatic-20261009-source-wang2020-tables,"Supplementary Tables workbook sheet 'S2 WGS INDELs', G51; dataset 'MB'; caller 'NeuSomatic_Lowqual'; column 'F1'",0.0779783393502,result
somatic-20261009-result-wang2020-neusomatic-lowqual-mb-indel-precision,somatic-20261009-source-wang2020-tables,"Supplementary Tables workbook sheet 'S2 WGS INDELs', F51; dataset 'MB'; caller 'NeuSomatic_Lowqual'; column 'Precision'",0.0520231213873,result
somatic-20261009-result-wang2020-neusomatic-lowqual-mb-indel-recall,somatic-20261009-source-wang2020-tables,"Supplementary Tables workbook sheet 'S2 WGS INDELs', E51; dataset 'MB'; caller 'NeuSomatic_Lowqual'; column 'Recall'",0.155619596542,result
somatic-20261009-result-wang2020-neusomatic-lowqual-mb-snv-count,somatic-20261009-source-wang2020-tables,"Supplementary Tables workbook sheet 'S1 WGS SNVs', D107; dataset 'MB'; caller 'NeuSomatic_Lowqual'; column 'Count'",3962,result
somatic-20261009-result-wang2020-neusomatic-lowqual-mb-snv-f1-score,somatic-20261009-source-wang2020-tables,"Supplementary Tables workbook sheet 'S1 WGS SNVs', G107; dataset 'MB'; caller 'NeuSomatic_Lowqual'; column 'F1'",0.477,result
somatic-20261009-result-wang2020-neusomatic-lowqual-mb-snv-precision,somatic-20261009-source-wang2020-tables,"Supplementary Tables workbook sheet 'S1 WGS SNVs', F107; dataset 'MB'; caller 'NeuSomatic_Lowqual'; column 'Precision'",0.315,result
somatic-20261009-result-wang2020-neusomatic-lowqual-mb-snv-recall,somatic-20261009-source-wang2020-tables,"Supplementary Tables workbook sheet 'S1 WGS SNVs', E107; dataset 'MB'; caller 'NeuSomatic_Lowqual'; column 'Recall'",0.987,result
somatic-20261009-result-wang2020-neusomatic-pass-aml-snv-count,somatic-20261009-source-wang2020-tables,"Supplementary Tables workbook sheet 'S1 WGS SNVs', D93; dataset 'AML'; caller 'NeuSomatic_Pass'; column 'Count'",1758,result
somatic-20261009-result-wang2020-neusomatic-pass-aml-snv-f1-score,somatic-20261009-source-wang2020-tables,"Supplementary Tables workbook sheet 'S1 WGS SNVs', G93; dataset 'AML'; caller 'NeuSomatic_Pass'; column 'F1'",0.799,result
somatic-20261009-result-wang2020-neusomatic-pass-aml-snv-precision,somatic-20261009-source-wang2020-tables,"Supplementary Tables workbook sheet 'S1 WGS SNVs', F93; dataset 'AML'; caller 'NeuSomatic_Pass'; column 'Precision'",0.705,result
somatic-20261009-result-wang2020-neusomatic-pass-aml-snv-recall,somatic-20261009-source-wang2020-tables,"Supplementary Tables workbook sheet 'S1 WGS SNVs', E93; dataset 'AML'; caller 'NeuSomatic_Pass'; column 'Recall'",0.923,result
somatic-20261009-result-wang2020-neusomatic-pass-cll-indel-count,somatic-20261009-source-wang2020-tables,"Supplementary Tables workbook sheet 'S2 WGS INDELs', D38; dataset 'CLL'; caller 'NeuSomatic_Pass'; column 'Count'",243,result
somatic-20261009-result-wang2020-neusomatic-pass-cll-indel-f1-score,somatic-20261009-source-wang2020-tables,"Supplementary Tables workbook sheet 'S2 WGS INDELs', G38; dataset 'CLL'; caller 'NeuSomatic_Pass'; column 'F1'",0.228116710875,result
somatic-20261009-result-wang2020-neusomatic-pass-cll-indel-precision,somatic-20261009-source-wang2020-tables,"Supplementary Tables workbook sheet 'S2 WGS INDELs', F38; dataset 'CLL'; caller 'NeuSomatic_Pass'; column 'Precision'",0.17695473251,result
somatic-20261009-result-wang2020-neusomatic-pass-cll-indel-recall,somatic-20261009-source-wang2020-tables,"Supplementary Tables workbook sheet 'S2 WGS INDELs', E38; dataset 'CLL'; caller 'NeuSomatic_Pass'; column 'Recall'",0.320895522388,result
somatic-20261009-result-wang2020-neusomatic-pass-cll-snv-count,somatic-20261009-source-wang2020-tables,"Supplementary Tables workbook sheet 'S1 WGS SNVs', D78; dataset 'CLL'; caller 'NeuSomatic_Pass'; column 'Count'",9449,result
somatic-20261009-result-wang2020-neusomatic-pass-cll-snv-f1-score,somatic-20261009-source-wang2020-tables,"Supplementary Tables workbook sheet 'S1 WGS SNVs', G78; dataset 'CLL'; caller 'NeuSomatic_Pass'; column 'F1'",0.24,result
somatic-20261009-result-wang2020-neusomatic-pass-cll-snv-precision,somatic-20261009-source-wang2020-tables,"Supplementary Tables workbook sheet 'S1 WGS SNVs', F78; dataset 'CLL'; caller 'NeuSomatic_Pass'; column 'Precision'",0.137,result
somatic-20261009-result-wang2020-neusomatic-pass-cll-snv-recall,somatic-20261009-source-wang2020-tables,"Supplementary Tables workbook sheet 'S1 WGS SNVs', E78; dataset 'CLL'; caller 'NeuSomatic_Pass'; column 'Recall'",0.98,result
somatic-20261009-result-wang2020-neusomatic-pass-colo829-indel-count,somatic-20261009-source-wang2020-tables,"Supplementary Tables workbook sheet 'S2 WGS INDELs', D62; dataset 'COLO'; caller 'NeuSomatic_Pass'; column 'Count'",932,result
somatic-20261009-result-wang2020-neusomatic-pass-colo829-indel-f1-score,somatic-20261009-source-wang2020-tables,"Supplementary Tables workbook sheet 'S2 WGS INDELs', G62; dataset 'COLO'; caller 'NeuSomatic_Pass'; column 'F1'",0.348330914369,result
somatic-20261009-result-wang2020-neusomatic-pass-colo829-indel-precision,somatic-20261009-source-wang2020-tables,"Supplementary Tables workbook sheet 'S2 WGS INDELs', F62; dataset 'COLO'; caller 'NeuSomatic_Pass'; column 'Precision'",0.257510729614,result
somatic-20261009-result-wang2020-neusomatic-pass-colo829-indel-recall,somatic-20261009-source-wang2020-tables,"Supplementary Tables workbook sheet 'S2 WGS INDELs', E62; dataset 'COLO'; caller 'NeuSomatic_Pass'; column 'Recall'",0.538116591928,result
somatic-20261009-result-wang2020-neusomatic-pass-colo829-snv-count,somatic-20261009-source-wang2020-tables,"Supplementary Tables workbook sheet 'S1 WGS SNVs', D123; dataset 'COLO'; caller 'NeuSomatic_Pass'; column 'Count'",43550,result
somatic-20261009-result-wang2020-neusomatic-pass-colo829-snv-f1-score,somatic-20261009-source-wang2020-tables,"Supplementary Tables workbook sheet 'S1 WGS SNVs', G123; dataset 'COLO'; caller 'NeuSomatic_Pass'; column 'F1'",0.881,result
somatic-20261009-result-wang2020-neusomatic-pass-colo829-snv-precision,somatic-20261009-source-wang2020-tables,"Supplementary Tables workbook sheet 'S1 WGS SNVs', F123; dataset 'COLO'; caller 'NeuSomatic_Pass'; column 'Precision'",0.8,result
somatic-20261009-result-wang2020-neusomatic-pass-colo829-snv-recall,somatic-20261009-source-wang2020-tables,"Supplementary Tables workbook sheet 'S1 WGS SNVs', E123; dataset 'COLO'; caller 'NeuSomatic_Pass'; column 'Recall'",0.98,result
somatic-20261009-result-wang2020-neusomatic-pass-dream-set1-snv-count,somatic-20261009-source-wang2020-tables,"Supplementary Tables workbook sheet 'S1 WGS SNVs', D18; dataset 'DREAM Set1'; caller 'NeuSomatic_Pass'; column 'Count'",5959,result
somatic-20261009-result-wang2020-neusomatic-pass-dream-set1-snv-f1-score,somatic-20261009-source-wang2020-tables,"Supplementary Tables workbook sheet 'S1 WGS SNVs', G18; dataset 'DREAM Set1'; caller 'NeuSomatic_Pass'; column 'F1'",0.733,result
somatic-20261009-result-wang2020-neusomatic-pass-dream-set1-snv-precision,somatic-20261009-source-wang2020-tables,"Supplementary Tables workbook sheet 'S1 WGS SNVs', F18; dataset 'DREAM Set1'; caller 'NeuSomatic_Pass'; column 'Precision'",0.584,result
somatic-20261009-result-wang2020-neusomatic-pass-dream-set1-snv-recall,somatic-20261009-source-wang2020-tables,"Supplementary Tables workbook sheet 'S1 WGS SNVs', E18; dataset 'DREAM Set1'; caller 'NeuSomatic_Pass'; column 'Recall'",0.984,result
somatic-20261009-result-wang2020-neusomatic-pass-dream-set2-snv-count,somatic-20261009-source-wang2020-tables,"Supplementary Tables workbook sheet 'S1 WGS SNVs', D33; dataset 'DREAM Set2'; caller 'NeuSomatic_Pass'; column 'Count'",7807,result
somatic-20261009-result-wang2020-neusomatic-pass-dream-set2-snv-f1-score,somatic-20261009-source-wang2020-tables,"Supplementary Tables workbook sheet 'S1 WGS SNVs', G33; dataset 'DREAM Set2'; caller 'NeuSomatic_Pass'; column 'F1'",0.705,result
somatic-20261009-result-wang2020-neusomatic-pass-dream-set2-snv-precision,somatic-20261009-source-wang2020-tables,"Supplementary Tables workbook sheet 'S1 WGS SNVs', F33; dataset 'DREAM Set2'; caller 'NeuSomatic_Pass'; column 'Precision'",0.548,result
somatic-20261009-result-wang2020-neusomatic-pass-dream-set2-snv-recall,somatic-20261009-source-wang2020-tables,"Supplementary Tables workbook sheet 'S1 WGS SNVs', E33; dataset 'DREAM Set2'; caller 'NeuSomatic_Pass'; column 'Recall'",0.99,result
somatic-20261009-result-wang2020-neusomatic-pass-dream-set3-indel-count,somatic-20261009-source-wang2020-tables,"Supplementary Tables workbook sheet 'S2 WGS INDELs', D14; dataset 'DREAM Set3'; caller 'NeuSomatic_Pass'; column 'Count'",6449,result
somatic-20261009-result-wang2020-neusomatic-pass-dream-set3-indel-f1-score,somatic-20261009-source-wang2020-tables,"Supplementary Tables workbook sheet 'S2 WGS INDELs', G14; dataset 'DREAM Set3'; caller 'NeuSomatic_Pass'; column 'F1'",0.732132963989,result
somatic-20261009-result-wang2020-neusomatic-pass-dream-set3-indel-precision,somatic-20261009-source-wang2020-tables,"Supplementary Tables workbook sheet 'S2 WGS INDELs', F14; dataset 'DREAM Set3'; caller 'NeuSomatic_Pass'; column 'Precision'",0.819661963095,result
somatic-20261009-result-wang2020-neusomatic-pass-dream-set3-indel-recall,somatic-20261009-source-wang2020-tables,"Supplementary Tables workbook sheet 'S2 WGS INDELs', E14; dataset 'DREAM Set3'; caller 'NeuSomatic_Pass'; column 'Recall'",0.661494180954,result
somatic-20261009-result-wang2020-neusomatic-pass-dream-set3-snv-count,somatic-20261009-source-wang2020-tables,"Supplementary Tables workbook sheet 'S1 WGS SNVs', D48; dataset 'DREAM Set3'; caller 'NeuSomatic_Pass'; column 'Count'",10028,result
somatic-20261009-result-wang2020-neusomatic-pass-dream-set3-snv-f1-score,somatic-20261009-source-wang2020-tables,"Supplementary Tables workbook sheet 'S1 WGS SNVs', G48; dataset 'DREAM Set3'; caller 'NeuSomatic_Pass'; column 'F1'",0.848,result
somatic-20261009-result-wang2020-neusomatic-pass-dream-set3-snv-precision,somatic-20261009-source-wang2020-tables,"Supplementary Tables workbook sheet 'S1 WGS SNVs', F48; dataset 'DREAM Set3'; caller 'NeuSomatic_Pass'; column 'Precision'",0.758,result
somatic-20261009-result-wang2020-neusomatic-pass-dream-set3-snv-recall,somatic-20261009-source-wang2020-tables,"Supplementary Tables workbook sheet 'S1 WGS SNVs', E48; dataset 'DREAM Set3'; caller 'NeuSomatic_Pass'; column 'Recall'",0.962,result
somatic-20261009-result-wang2020-neusomatic-pass-dream-set4-indel-count,somatic-20261009-source-wang2020-tables,"Supplementary Tables workbook sheet 'S2 WGS INDELs', D26; dataset 'DREAM Set4'; caller 'NeuSomatic_Pass'; column 'Count'",12893,result
somatic-20261009-result-wang2020-neusomatic-pass-dream-set4-indel-f1-score,somatic-20261009-source-wang2020-tables,"Supplementary Tables workbook sheet 'S2 WGS INDELs', G26; dataset 'DREAM Set4'; caller 'NeuSomatic_Pass'; column 'F1'",0.853297939019,result
somatic-20261009-result-wang2020-neusomatic-pass-dream-set4-indel-precision,somatic-20261009-source-wang2020-tables,"Supplementary Tables workbook sheet 'S2 WGS INDELs', F26; dataset 'DREAM Set4'; caller 'NeuSomatic_Pass'; column 'Precision'",0.897541301481,result
somatic-20261009-result-wang2020-neusomatic-pass-dream-set4-indel-recall,somatic-20261009-source-wang2020-tables,"Supplementary Tables workbook sheet 'S2 WGS INDELs', E26; dataset 'DREAM Set4'; caller 'NeuSomatic_Pass'; column 'Recall'",0.813211524947,result
somatic-20261009-result-wang2020-neusomatic-pass-dream-set4-snv-count,somatic-20261009-source-wang2020-tables,"Supplementary Tables workbook sheet 'S1 WGS SNVs', D63; dataset 'DREAM Set4'; caller 'NeuSomatic_Pass'; column 'Count'",16634,result
somatic-20261009-result-wang2020-neusomatic-pass-dream-set4-snv-f1-score,somatic-20261009-source-wang2020-tables,"Supplementary Tables workbook sheet 'S1 WGS SNVs', G63; dataset 'DREAM Set4'; caller 'NeuSomatic_Pass'; column 'F1'",0.859,result
somatic-20261009-result-wang2020-neusomatic-pass-dream-set4-snv-precision,somatic-20261009-source-wang2020-tables,"Supplementary Tables workbook sheet 'S1 WGS SNVs', F63; dataset 'DREAM Set4'; caller 'NeuSomatic_Pass'; column 'Precision'",0.849,result
somatic-20261009-result-wang2020-neusomatic-pass-dream-set4-snv-recall,somatic-20261009-source-wang2020-tables,"Supplementary Tables workbook sheet 'S1 WGS SNVs', E63; dataset 'DREAM Set4'; caller 'NeuSomatic_Pass'; column 'Recall'",0.868,result
somatic-20261009-result-wang2020-neusomatic-pass-mb-indel-count,somatic-20261009-source-wang2020-tables,"Supplementary Tables workbook sheet 'S2 WGS INDELs', D50; dataset 'MB'; caller 'NeuSomatic_Pass'; column 'Count'",475,result
somatic-20261009-result-wang2020-neusomatic-pass-mb-indel-f1-score,somatic-20261009-source-wang2020-tables,"Supplementary Tables workbook sheet 'S2 WGS INDELs', G50; dataset 'MB'; caller 'NeuSomatic_Pass'; column 'F1'",0.116788321168,result
somatic-20261009-result-wang2020-neusomatic-pass-mb-indel-precision,somatic-20261009-source-wang2020-tables,"Supplementary Tables workbook sheet 'S2 WGS INDELs', F50; dataset 'MB'; caller 'NeuSomatic_Pass'; column 'Precision'",0.101052631579,result
somatic-20261009-result-wang2020-neusomatic-pass-mb-indel-recall,somatic-20261009-source-wang2020-tables,"Supplementary Tables workbook sheet 'S2 WGS INDELs', E50; dataset 'MB'; caller 'NeuSomatic_Pass'; column 'Recall'",0.138328530259,result
somatic-20261009-result-wang2020-neusomatic-pass-mb-snv-count,somatic-20261009-source-wang2020-tables,"Supplementary Tables workbook sheet 'S1 WGS SNVs', D108; dataset 'MB'; caller 'NeuSomatic_Pass'; column 'Count'",3195,result
somatic-20261009-result-wang2020-neusomatic-pass-mb-snv-f1-score,somatic-20261009-source-wang2020-tables,"Supplementary Tables workbook sheet 'S1 WGS SNVs', G108; dataset 'MB'; caller 'NeuSomatic_Pass'; column 'F1'",0.558,result
somatic-20261009-result-wang2020-neusomatic-pass-mb-snv-precision,somatic-20261009-source-wang2020-tables,"Supplementary Tables workbook sheet 'S1 WGS SNVs', F108; dataset 'MB'; caller 'NeuSomatic_Pass'; column 'Precision'",0.389,result
somatic-20261009-result-wang2020-neusomatic-pass-mb-snv-recall,somatic-20261009-source-wang2020-tables,"Supplementary Tables workbook sheet 'S1 WGS SNVs', E108; dataset 'MB'; caller 'NeuSomatic_Pass'; column 'Recall'",0.985,result
somatic-20261009-result-wang2020-somaticsniper-aml-snv-count,somatic-20261009-source-wang2020-tables,"Supplementary Tables workbook sheet 'S1 WGS SNVs', D83; dataset 'AML'; caller 'SomaticSniper'; column 'Count'",50963,result
somatic-20261009-result-wang2020-somaticsniper-aml-snv-f1-score,somatic-20261009-source-wang2020-tables,"Supplementary Tables workbook sheet 'S1 WGS SNVs', G83; dataset 'AML'; caller 'SomaticSniper'; column 'F1'",0.041,result
somatic-20261009-result-wang2020-somaticsniper-aml-snv-precision,somatic-20261009-source-wang2020-tables,"Supplementary Tables workbook sheet 'S1 WGS SNVs', F83; dataset 'AML'; caller 'SomaticSniper'; column 'Precision'",0.021,result
somatic-20261009-result-wang2020-somaticsniper-aml-snv-recall,somatic-20261009-source-wang2020-tables,"Supplementary Tables workbook sheet 'S1 WGS SNVs', E83; dataset 'AML'; caller 'SomaticSniper'; column 'Recall'",0.803,result
somatic-20261009-result-wang2020-somaticsniper-cll-snv-count,somatic-20261009-source-wang2020-tables,"Supplementary Tables workbook sheet 'S1 WGS SNVs', D68; dataset 'CLL'; caller 'SomaticSniper'; column 'Count'",7739,result
somatic-20261009-result-wang2020-somaticsniper-cll-snv-f1-score,somatic-20261009-source-wang2020-tables,"Supplementary Tables workbook sheet 'S1 WGS SNVs', G68; dataset 'CLL'; caller 'SomaticSniper'; column 'F1'",0.253,result
somatic-20261009-result-wang2020-somaticsniper-cll-snv-precision,somatic-20261009-source-wang2020-tables,"Supplementary Tables workbook sheet 'S1 WGS SNVs', F68; dataset 'CLL'; caller 'SomaticSniper'; column 'Precision'",0.148,result
somatic-20261009-result-wang2020-somaticsniper-cll-snv-recall,somatic-20261009-source-wang2020-tables,"Supplementary Tables workbook sheet 'S1 WGS SNVs', E68; dataset 'CLL'; caller 'SomaticSniper'; column 'Recall'",0.87,result
somatic-20261009-result-wang2020-somaticsniper-colo829-snv-count,somatic-20261009-source-wang2020-tables,"Supplementary Tables workbook sheet 'S1 WGS SNVs', D113; dataset 'COLO'; caller 'SomaticSniper'; column 'Count'",75920,result
somatic-20261009-result-wang2020-somaticsniper-colo829-snv-f1-score,somatic-20261009-source-wang2020-tables,"Supplementary Tables workbook sheet 'S1 WGS SNVs', G113; dataset 'COLO'; caller 'SomaticSniper'; column 'F1'",0.287,result
somatic-20261009-result-wang2020-somaticsniper-colo829-snv-precision,somatic-20261009-source-wang2020-tables,"Supplementary Tables workbook sheet 'S1 WGS SNVs', F113; dataset 'COLO'; caller 'SomaticSniper'; column 'Precision'",0.211,result
somatic-20261009-result-wang2020-somaticsniper-colo829-snv-recall,somatic-20261009-source-wang2020-tables,"Supplementary Tables workbook sheet 'S1 WGS SNVs', E113; dataset 'COLO'; caller 'SomaticSniper'; column 'Recall'",0.45,result
somatic-20261009-result-wang2020-somaticsniper-dream-set1-snv-count,somatic-20261009-source-wang2020-tables,"Supplementary Tables workbook sheet 'S1 WGS SNVs', D8; dataset 'DREAM Set1'; caller 'SomaticSniper'; column 'Count'",9032,result
somatic-20261009-result-wang2020-somaticsniper-dream-set1-snv-f1-score,somatic-20261009-source-wang2020-tables,"Supplementary Tables workbook sheet 'S1 WGS SNVs', G8; dataset 'DREAM Set1'; caller 'SomaticSniper'; column 'F1'",0.55,result
somatic-20261009-result-wang2020-somaticsniper-dream-set1-snv-precision,somatic-20261009-source-wang2020-tables,"Supplementary Tables workbook sheet 'S1 WGS SNVs', F8; dataset 'DREAM Set1'; caller 'SomaticSniper'; column 'Precision'",0.383,result
somatic-20261009-result-wang2020-somaticsniper-dream-set1-snv-recall,somatic-20261009-source-wang2020-tables,"Supplementary Tables workbook sheet 'S1 WGS SNVs', E8; dataset 'DREAM Set1'; caller 'SomaticSniper'; column 'Recall'",0.978,result
somatic-20261009-result-wang2020-somaticsniper-dream-set2-snv-count,somatic-20261009-source-wang2020-tables,"Supplementary Tables workbook sheet 'S1 WGS SNVs', D23; dataset 'DREAM Set2'; caller 'SomaticSniper'; column 'Count'",10204,result
somatic-20261009-result-wang2020-somaticsniper-dream-set2-snv-f1-score,somatic-20261009-source-wang2020-tables,"Supplementary Tables workbook sheet 'S1 WGS SNVs', G23; dataset 'DREAM Set2'; caller 'SomaticSniper'; column 'F1'",0.581,result
somatic-20261009-result-wang2020-somaticsniper-dream-set2-snv-precision,somatic-20261009-source-wang2020-tables,"Supplementary Tables workbook sheet 'S1 WGS SNVs', F23; dataset 'DREAM Set2'; caller 'SomaticSniper'; column 'Precision'",0.414,result
somatic-20261009-result-wang2020-somaticsniper-dream-set2-snv-recall,somatic-20261009-source-wang2020-tables,"Supplementary Tables workbook sheet 'S1 WGS SNVs', E23; dataset 'DREAM Set2'; caller 'SomaticSniper'; column 'Recall'",0.977,result
somatic-20261009-result-wang2020-somaticsniper-dream-set3-snv-count,somatic-20261009-source-wang2020-tables,"Supplementary Tables workbook sheet 'S1 WGS SNVs', D38; dataset 'DREAM Set3'; caller 'SomaticSniper'; column 'Count'",12195,result
somatic-20261009-result-wang2020-somaticsniper-dream-set3-snv-f1-score,somatic-20261009-source-wang2020-tables,"Supplementary Tables workbook sheet 'S1 WGS SNVs', G38; dataset 'DREAM Set3'; caller 'SomaticSniper'; column 'F1'",0.667,result
somatic-20261009-result-wang2020-somaticsniper-dream-set3-snv-precision,somatic-20261009-source-wang2020-tables,"Supplementary Tables workbook sheet 'S1 WGS SNVs', F38; dataset 'DREAM Set3'; caller 'SomaticSniper'; column 'Precision'",0.549,result
somatic-20261009-result-wang2020-somaticsniper-dream-set3-snv-recall,somatic-20261009-source-wang2020-tables,"Supplementary Tables workbook sheet 'S1 WGS SNVs', E38; dataset 'DREAM Set3'; caller 'SomaticSniper'; column 'Recall'",0.848,result
somatic-20261009-result-wang2020-somaticsniper-dream-set4-snv-count,somatic-20261009-source-wang2020-tables,"Supplementary Tables workbook sheet 'S1 WGS SNVs', D53; dataset 'DREAM Set4'; caller 'SomaticSniper'; column 'Count'",16498,result
somatic-20261009-result-wang2020-somaticsniper-dream-set4-snv-f1-score,somatic-20261009-source-wang2020-tables,"Supplementary Tables workbook sheet 'S1 WGS SNVs', G53; dataset 'DREAM Set4'; caller 'SomaticSniper'; column 'F1'",0.464,result
somatic-20261009-result-wang2020-somaticsniper-dream-set4-snv-precision,somatic-20261009-source-wang2020-tables,"Supplementary Tables workbook sheet 'S1 WGS SNVs', F53; dataset 'DREAM Set4'; caller 'SomaticSniper'; column 'Precision'",0.461,result
somatic-20261009-result-wang2020-somaticsniper-dream-set4-snv-recall,somatic-20261009-source-wang2020-tables,"Supplementary Tables workbook sheet 'S1 WGS SNVs', E53; dataset 'DREAM Set4'; caller 'SomaticSniper'; column 'Recall'",0.467,result
somatic-20261009-result-wang2020-somaticsniper-mb-snv-count,somatic-20261009-source-wang2020-tables,"Supplementary Tables workbook sheet 'S1 WGS SNVs', D98; dataset 'MB'; caller 'SomaticSniper'; column 'Count'",22282,result
somatic-20261009-result-wang2020-somaticsniper-mb-snv-f1-score,somatic-20261009-source-wang2020-tables,"Supplementary Tables workbook sheet 'S1 WGS SNVs', G98; dataset 'MB'; caller 'SomaticSniper'; column 'F1'",0.078,result
somatic-20261009-result-wang2020-somaticsniper-mb-snv-precision,somatic-20261009-source-wang2020-tables,"Supplementary Tables workbook sheet 'S1 WGS SNVs', F98; dataset 'MB'; caller 'SomaticSniper'; column 'Precision'",0.041,result
somatic-20261009-result-wang2020-somaticsniper-mb-snv-recall,somatic-20261009-source-wang2020-tables,"Supplementary Tables workbook sheet 'S1 WGS SNVs', E98; dataset 'MB'; caller 'SomaticSniper'; column 'Recall'",0.724,result
somatic-20261009-result-wang2020-strelka-aml-snv-count,somatic-20261009-source-wang2020-tables,"Supplementary Tables workbook sheet 'S1 WGS SNVs', D84; dataset 'AML'; caller 'Strelka'; column 'Count'",2529,result
somatic-20261009-result-wang2020-strelka-aml-snv-f1-score,somatic-20261009-source-wang2020-tables,"Supplementary Tables workbook sheet 'S1 WGS SNVs', G84; dataset 'AML'; caller 'Strelka'; column 'F1'",0.635,result
somatic-20261009-result-wang2020-strelka-aml-snv-precision,somatic-20261009-source-wang2020-tables,"Supplementary Tables workbook sheet 'S1 WGS SNVs', F84; dataset 'AML'; caller 'Strelka'; column 'Precision'",0.486,result
somatic-20261009-result-wang2020-strelka-aml-snv-recall,somatic-20261009-source-wang2020-tables,"Supplementary Tables workbook sheet 'S1 WGS SNVs', E84; dataset 'AML'; caller 'Strelka'; column 'Recall'",0.916,result
somatic-20261009-result-wang2020-strelka-cll-indel-count,somatic-20261009-source-wang2020-tables,"Supplementary Tables workbook sheet 'S2 WGS INDELs', D31; dataset 'CLL'; caller 'Strelka'; column 'Count'",527,result
somatic-20261009-result-wang2020-strelka-cll-indel-f1-score,somatic-20261009-source-wang2020-tables,"Supplementary Tables workbook sheet 'S2 WGS INDELs', G31; dataset 'CLL'; caller 'Strelka'; column 'F1'",0.275340393343,result
somatic-20261009-result-wang2020-strelka-cll-indel-precision,somatic-20261009-source-wang2020-tables,"Supplementary Tables workbook sheet 'S2 WGS INDELs', F31; dataset 'CLL'; caller 'Strelka'; column 'Precision'",0.172675521822,result
somatic-20261009-result-wang2020-strelka-cll-indel-recall,somatic-20261009-source-wang2020-tables,"Supplementary Tables workbook sheet 'S2 WGS INDELs', E31; dataset 'CLL'; caller 'Strelka'; column 'Recall'",0.679104477612,result
somatic-20261009-result-wang2020-strelka-cll-snv-count,somatic-20261009-source-wang2020-tables,"Supplementary Tables workbook sheet 'S1 WGS SNVs', D69; dataset 'CLL'; caller 'Strelka'; column 'Count'",2022,result
somatic-20261009-result-wang2020-strelka-cll-snv-f1-score,somatic-20261009-source-wang2020-tables,"Supplementary Tables workbook sheet 'S1 WGS SNVs', G69; dataset 'CLL'; caller 'Strelka'; column 'F1'",0.701,result
somatic-20261009-result-wang2020-strelka-cll-snv-precision,somatic-20261009-source-wang2020-tables,"Supplementary Tables workbook sheet 'S1 WGS SNVs', F69; dataset 'CLL'; caller 'Strelka'; column 'Precision'",0.578,result
somatic-20261009-result-wang2020-strelka-cll-snv-recall,somatic-20261009-source-wang2020-tables,"Supplementary Tables workbook sheet 'S1 WGS SNVs', E69; dataset 'CLL'; caller 'Strelka'; column 'Recall'",0.889,result
somatic-20261009-result-wang2020-strelka-colo829-indel-count,somatic-20261009-source-wang2020-tables,"Supplementary Tables workbook sheet 'S2 WGS INDELs', D55; dataset 'COLO'; caller 'Strelka'; column 'Count'",2145,result
somatic-20261009-result-wang2020-strelka-colo829-indel-f1-score,somatic-20261009-source-wang2020-tables,"Supplementary Tables workbook sheet 'S2 WGS INDELs', G55; dataset 'COLO'; caller 'Strelka'; column 'F1'",0.301042068699,result
somatic-20261009-result-wang2020-strelka-colo829-indel-precision,somatic-20261009-source-wang2020-tables,"Supplementary Tables workbook sheet 'S2 WGS INDELs', F55; dataset 'COLO'; caller 'Strelka'; column 'Precision'",0.181818181818,result
somatic-20261009-result-wang2020-strelka-colo829-indel-recall,somatic-20261009-source-wang2020-tables,"Supplementary Tables workbook sheet 'S2 WGS INDELs', E55; dataset 'COLO'; caller 'Strelka'; column 'Recall'",0.874439461883,result
somatic-20261009-result-wang2020-strelka-colo829-snv-count,somatic-20261009-source-wang2020-tables,"Supplementary Tables workbook sheet 'S1 WGS SNVs', D114; dataset 'COLO'; caller 'Strelka'; column 'Count'",41791,result
somatic-20261009-result-wang2020-strelka-colo829-snv-f1-score,somatic-20261009-source-wang2020-tables,"Supplementary Tables workbook sheet 'S1 WGS SNVs', G114; dataset 'COLO'; caller 'Strelka'; column 'F1'",0.897,result
somatic-20261009-result-wang2020-strelka-colo829-snv-precision,somatic-20261009-source-wang2020-tables,"Supplementary Tables workbook sheet 'S1 WGS SNVs', F114; dataset 'COLO'; caller 'Strelka'; column 'Precision'",0.83,result
somatic-20261009-result-wang2020-strelka-colo829-snv-recall,somatic-20261009-source-wang2020-tables,"Supplementary Tables workbook sheet 'S1 WGS SNVs', E114; dataset 'COLO'; caller 'Strelka'; column 'Recall'",0.976,result
somatic-20261009-result-wang2020-strelka-dream-set1-snv-count,somatic-20261009-source-wang2020-tables,"Supplementary Tables workbook sheet 'S1 WGS SNVs', D9; dataset 'DREAM Set1'; caller 'Strelka'; column 'Count'",2947,result
somatic-20261009-result-wang2020-strelka-dream-set1-snv-f1-score,somatic-20261009-source-wang2020-tables,"Supplementary Tables workbook sheet 'S1 WGS SNVs', G9; dataset 'DREAM Set1'; caller 'Strelka'; column 'F1'",0.855,result
somatic-20261009-result-wang2020-strelka-dream-set1-snv-precision,somatic-20261009-source-wang2020-tables,"Supplementary Tables workbook sheet 'S1 WGS SNVs', F9; dataset 'DREAM Set1'; caller 'Strelka'; column 'Precision'",0.94,result
somatic-20261009-result-wang2020-strelka-dream-set1-snv-recall,somatic-20261009-source-wang2020-tables,"Supplementary Tables workbook sheet 'S1 WGS SNVs', E9; dataset 'DREAM Set1'; caller 'Strelka'; column 'Recall'",0.784,result
somatic-20261009-result-wang2020-strelka-dream-set2-snv-count,somatic-20261009-source-wang2020-tables,"Supplementary Tables workbook sheet 'S1 WGS SNVs', D24; dataset 'DREAM Set2'; caller 'Strelka'; column 'Count'",3899,result
somatic-20261009-result-wang2020-strelka-dream-set2-snv-f1-score,somatic-20261009-source-wang2020-tables,"Supplementary Tables workbook sheet 'S1 WGS SNVs', G24; dataset 'DREAM Set2'; caller 'Strelka'; column 'F1'",0.89,result
somatic-20261009-result-wang2020-strelka-dream-set2-snv-precision,somatic-20261009-source-wang2020-tables,"Supplementary Tables workbook sheet 'S1 WGS SNVs', F24; dataset 'DREAM Set2'; caller 'Strelka'; column 'Precision'",0.939,result
somatic-20261009-result-wang2020-strelka-dream-set2-snv-recall,somatic-20261009-source-wang2020-tables,"Supplementary Tables workbook sheet 'S1 WGS SNVs', E24; dataset 'DREAM Set2'; caller 'Strelka'; column 'Recall'",0.847,result
somatic-20261009-result-wang2020-strelka-dream-set3-indel-count,somatic-20261009-source-wang2020-tables,"Supplementary Tables workbook sheet 'S2 WGS INDELs', D7; dataset 'DREAM Set3'; caller 'Strelka'; column 'Count'",5470,result
somatic-20261009-result-wang2020-strelka-dream-set3-indel-f1-score,somatic-20261009-source-wang2020-tables,"Supplementary Tables workbook sheet 'S2 WGS INDELs', G7; dataset 'DREAM Set3'; caller 'Strelka'; column 'F1'",0.760864720303,result
somatic-20261009-result-wang2020-strelka-dream-set3-indel-precision,somatic-20261009-source-wang2020-tables,"Supplementary Tables workbook sheet 'S2 WGS INDELs', F7; dataset 'DREAM Set3'; caller 'Strelka'; column 'Precision'",0.936197440585,result
somatic-20261009-result-wang2020-strelka-dream-set3-indel-recall,somatic-20261009-source-wang2020-tables,"Supplementary Tables workbook sheet 'S2 WGS INDELs', E7; dataset 'DREAM Set3'; caller 'Strelka'; column 'Recall'",0.640845951696,result
somatic-20261009-result-wang2020-strelka-dream-set3-snv-count,somatic-20261009-source-wang2020-tables,"Supplementary Tables workbook sheet 'S1 WGS SNVs', D39; dataset 'DREAM Set3'; caller 'Strelka'; column 'Count'",6430,result
somatic-20261009-result-wang2020-strelka-dream-set3-snv-f1-score,somatic-20261009-source-wang2020-tables,"Supplementary Tables workbook sheet 'S1 WGS SNVs', G39; dataset 'DREAM Set3'; caller 'Strelka'; column 'F1'",0.879,result
somatic-20261009-result-wang2020-strelka-dream-set3-snv-precision,somatic-20261009-source-wang2020-tables,"Supplementary Tables workbook sheet 'S1 WGS SNVs', F39; dataset 'DREAM Set3'; caller 'Strelka'; column 'Precision'",0.98,result
somatic-20261009-result-wang2020-strelka-dream-set3-snv-recall,somatic-20261009-source-wang2020-tables,"Supplementary Tables workbook sheet 'S1 WGS SNVs', E39; dataset 'DREAM Set3'; caller 'Strelka'; column 'Recall'",0.797,result
somatic-20261009-result-wang2020-strelka-dream-set4-indel-count,somatic-20261009-source-wang2020-tables,"Supplementary Tables workbook sheet 'S2 WGS INDELs', D19; dataset 'DREAM Set4'; caller 'Strelka'; column 'Count'",8328,result
somatic-20261009-result-wang2020-strelka-dream-set4-indel-f1-score,somatic-20261009-source-wang2020-tables,"Supplementary Tables workbook sheet 'S2 WGS INDELs', G19; dataset 'DREAM Set4'; caller 'Strelka'; column 'F1'",0.672853210194,result
somatic-20261009-result-wang2020-strelka-dream-set4-indel-precision,somatic-20261009-source-wang2020-tables,"Supplementary Tables workbook sheet 'S2 WGS INDELs', F19; dataset 'DREAM Set4'; caller 'Strelka'; column 'Precision'",0.909822286263,result
somatic-20261009-result-wang2020-strelka-dream-set4-indel-recall,somatic-20261009-source-wang2020-tables,"Supplementary Tables workbook sheet 'S2 WGS INDELs', E19; dataset 'DREAM Set4'; caller 'Strelka'; column 'Recall'",0.533817105819,result
somatic-20261009-result-wang2020-strelka-dream-set4-snv-count,somatic-20261009-source-wang2020-tables,"Supplementary Tables workbook sheet 'S1 WGS SNVs', D54; dataset 'DREAM Set4'; caller 'Strelka'; column 'Count'",10846,result
somatic-20261009-result-wang2020-strelka-dream-set4-snv-f1-score,somatic-20261009-source-wang2020-tables,"Supplementary Tables workbook sheet 'S1 WGS SNVs', G54; dataset 'DREAM Set4'; caller 'Strelka'; column 'F1'",0.675,result
somatic-20261009-result-wang2020-strelka-dream-set4-snv-precision,somatic-20261009-source-wang2020-tables,"Supplementary Tables workbook sheet 'S1 WGS SNVs', F54; dataset 'DREAM Set4'; caller 'Strelka'; column 'Precision'",0.844,result
somatic-20261009-result-wang2020-strelka-dream-set4-snv-recall,somatic-20261009-source-wang2020-tables,"Supplementary Tables workbook sheet 'S1 WGS SNVs', E54; dataset 'DREAM Set4'; caller 'Strelka'; column 'Recall'",0.563,result
somatic-20261009-result-wang2020-strelka-mb-indel-count,somatic-20261009-source-wang2020-tables,"Supplementary Tables workbook sheet 'S2 WGS INDELs', D43; dataset 'MB'; caller 'Strelka'; column 'Count'",5373,result
somatic-20261009-result-wang2020-strelka-mb-indel-f1-score,somatic-20261009-source-wang2020-tables,"Supplementary Tables workbook sheet 'S2 WGS INDELs', G43; dataset 'MB'; caller 'Strelka'; column 'F1'",0.119230769231,result
somatic-20261009-result-wang2020-strelka-mb-indel-precision,somatic-20261009-source-wang2020-tables,"Supplementary Tables workbook sheet 'S2 WGS INDELs', F43; dataset 'MB'; caller 'Strelka'; column 'Precision'",0.0634654755258,result
somatic-20261009-result-wang2020-strelka-mb-indel-recall,somatic-20261009-source-wang2020-tables,"Supplementary Tables workbook sheet 'S2 WGS INDELs', E43; dataset 'MB'; caller 'Strelka'; column 'Recall'",0.982708933718,result
somatic-20261009-result-wang2020-strelka-mb-snv-count,somatic-20261009-source-wang2020-tables,"Supplementary Tables workbook sheet 'S1 WGS SNVs', D99; dataset 'MB'; caller 'Strelka'; column 'Count'",3703,result
somatic-20261009-result-wang2020-strelka-mb-snv-f1-score,somatic-20261009-source-wang2020-tables,"Supplementary Tables workbook sheet 'S1 WGS SNVs', G99; dataset 'MB'; caller 'Strelka'; column 'F1'",0.505,result
somatic-20261009-result-wang2020-strelka-mb-snv-precision,somatic-20261009-source-wang2020-tables,"Supplementary Tables workbook sheet 'S1 WGS SNVs', F99; dataset 'MB'; caller 'Strelka'; column 'Precision'",0.338,result
somatic-20261009-result-wang2020-strelka-mb-snv-recall,somatic-20261009-source-wang2020-tables,"Supplementary Tables workbook sheet 'S1 WGS SNVs', E99; dataset 'MB'; caller 'Strelka'; column 'Recall'",0.992,result
somatic-20261009-result-wang2020-vardict-bcbio-aml-snv-count,somatic-20261009-source-wang2020-tables,"Supplementary Tables workbook sheet 'S1 WGS SNVs', D80; dataset 'AML'; caller 'VarDict (bcbio)'; column 'Count'",5002,result
somatic-20261009-result-wang2020-vardict-bcbio-aml-snv-f1-score,somatic-20261009-source-wang2020-tables,"Supplementary Tables workbook sheet 'S1 WGS SNVs', G80; dataset 'AML'; caller 'VarDict (bcbio)'; column 'F1'",0.352,result
somatic-20261009-result-wang2020-vardict-bcbio-aml-snv-precision,somatic-20261009-source-wang2020-tables,"Supplementary Tables workbook sheet 'S1 WGS SNVs', F80; dataset 'AML'; caller 'VarDict (bcbio)'; column 'Precision'",0.223,result
somatic-20261009-result-wang2020-vardict-bcbio-aml-snv-recall,somatic-20261009-source-wang2020-tables,"Supplementary Tables workbook sheet 'S1 WGS SNVs', E80; dataset 'AML'; caller 'VarDict (bcbio)'; column 'Recall'",0.832,result
somatic-20261009-result-wang2020-vardict-bcbio-cll-indel-count,somatic-20261009-source-wang2020-tables,"Supplementary Tables workbook sheet 'S2 WGS INDELs', D28; dataset 'CLL'; caller 'VarDict (bcbio)'; column 'Count'",3254,result
somatic-20261009-result-wang2020-vardict-bcbio-cll-indel-f1-score,somatic-20261009-source-wang2020-tables,"Supplementary Tables workbook sheet 'S2 WGS INDELs', G28; dataset 'CLL'; caller 'VarDict (bcbio)'; column 'F1'",0.038961038961,result
somatic-20261009-result-wang2020-vardict-bcbio-cll-indel-precision,somatic-20261009-source-wang2020-tables,"Supplementary Tables workbook sheet 'S2 WGS INDELs', F28; dataset 'CLL'; caller 'VarDict (bcbio)'; column 'Precision'",0.020282728949,result
somatic-20261009-result-wang2020-vardict-bcbio-cll-indel-recall,somatic-20261009-source-wang2020-tables,"Supplementary Tables workbook sheet 'S2 WGS INDELs', E28; dataset 'CLL'; caller 'VarDict (bcbio)'; column 'Recall'",0.492537313433,result
somatic-20261009-result-wang2020-vardict-bcbio-cll-snv-count,somatic-20261009-source-wang2020-tables,"Supplementary Tables workbook sheet 'S1 WGS SNVs', D65; dataset 'CLL'; caller 'VarDict (bcbio)'; column 'Count'",5326,result
somatic-20261009-result-wang2020-vardict-bcbio-cll-snv-f1-score,somatic-20261009-source-wang2020-tables,"Supplementary Tables workbook sheet 'S1 WGS SNVs', G65; dataset 'CLL'; caller 'VarDict (bcbio)'; column 'F1'",0.353,result
somatic-20261009-result-wang2020-vardict-bcbio-cll-snv-precision,somatic-20261009-source-wang2020-tables,"Supplementary Tables workbook sheet 'S1 WGS SNVs', F65; dataset 'CLL'; caller 'VarDict (bcbio)'; column 'Precision'",0.22,result
somatic-20261009-result-wang2020-vardict-bcbio-cll-snv-recall,somatic-20261009-source-wang2020-tables,"Supplementary Tables workbook sheet 'S1 WGS SNVs', E65; dataset 'CLL'; caller 'VarDict (bcbio)'; column 'Recall'",0.89,result
somatic-20261009-result-wang2020-vardict-bcbio-colo829-indel-count,somatic-20261009-source-wang2020-tables,"Supplementary Tables workbook sheet 'S2 WGS INDELs', D52; dataset 'COLO'; caller 'VarDict (bcbio)'; column 'Count'",3898,result
somatic-20261009-result-wang2020-vardict-bcbio-colo829-indel-f1-score,somatic-20261009-source-wang2020-tables,"Supplementary Tables workbook sheet 'S2 WGS INDELs', G52; dataset 'COLO'; caller 'VarDict (bcbio)'; column 'F1'",0.157458563536,result
somatic-20261009-result-wang2020-vardict-bcbio-colo829-indel-precision,somatic-20261009-source-wang2020-tables,"Supplementary Tables workbook sheet 'S2 WGS INDELs', F52; dataset 'COLO'; caller 'VarDict (bcbio)'; column 'Precision'",0.0877373011801,result
somatic-20261009-result-wang2020-vardict-bcbio-colo829-indel-recall,somatic-20261009-source-wang2020-tables,"Supplementary Tables workbook sheet 'S2 WGS INDELs', E52; dataset 'COLO'; caller 'VarDict (bcbio)'; column 'Recall'",0.766816143498,result
somatic-20261009-result-wang2020-vardict-bcbio-colo829-snv-count,somatic-20261009-source-wang2020-tables,"Supplementary Tables workbook sheet 'S1 WGS SNVs', D110; dataset 'COLO'; caller 'VarDict (bcbio)'; column 'Count'",40320,result
somatic-20261009-result-wang2020-vardict-bcbio-colo829-snv-f1-score,somatic-20261009-source-wang2020-tables,"Supplementary Tables workbook sheet 'S1 WGS SNVs', G110; dataset 'COLO'; caller 'VarDict (bcbio)'; column 'F1'",0.871,result
somatic-20261009-result-wang2020-vardict-bcbio-colo829-snv-precision,somatic-20261009-source-wang2020-tables,"Supplementary Tables workbook sheet 'S1 WGS SNVs', F110; dataset 'COLO'; caller 'VarDict (bcbio)'; column 'Precision'",0.819,result
somatic-20261009-result-wang2020-vardict-bcbio-colo829-snv-recall,somatic-20261009-source-wang2020-tables,"Supplementary Tables workbook sheet 'S1 WGS SNVs', E110; dataset 'COLO'; caller 'VarDict (bcbio)'; column 'Recall'",0.929,result
somatic-20261009-result-wang2020-vardict-bcbio-dream-set1-snv-count,somatic-20261009-source-wang2020-tables,"Supplementary Tables workbook sheet 'S1 WGS SNVs', D5; dataset 'DREAM Set1'; caller 'VarDict (bcbio)'; column 'Count'",10099,result
somatic-20261009-result-wang2020-vardict-bcbio-dream-set1-snv-f1-score,somatic-20261009-source-wang2020-tables,"Supplementary Tables workbook sheet 'S1 WGS SNVs', G5; dataset 'DREAM Set1'; caller 'VarDict (bcbio)'; column 'F1'",0.504,result
somatic-20261009-result-wang2020-vardict-bcbio-dream-set1-snv-precision,somatic-20261009-source-wang2020-tables,"Supplementary Tables workbook sheet 'S1 WGS SNVs', F5; dataset 'DREAM Set1'; caller 'VarDict (bcbio)'; column 'Precision'",0.34,result
somatic-20261009-result-wang2020-vardict-bcbio-dream-set1-snv-recall,somatic-20261009-source-wang2020-tables,"Supplementary Tables workbook sheet 'S1 WGS SNVs', E5; dataset 'DREAM Set1'; caller 'VarDict (bcbio)'; column 'Recall'",0.972,result
somatic-20261009-result-wang2020-vardict-bcbio-dream-set2-snv-count,somatic-20261009-source-wang2020-tables,"Supplementary Tables workbook sheet 'S1 WGS SNVs', D20; dataset 'DREAM Set2'; caller 'VarDict (bcbio)'; column 'Count'",10035,result
somatic-20261009-result-wang2020-vardict-bcbio-dream-set2-snv-f1-score,somatic-20261009-source-wang2020-tables,"Supplementary Tables workbook sheet 'S1 WGS SNVs', G20; dataset 'DREAM Set2'; caller 'VarDict (bcbio)'; column 'F1'",0.586,result
somatic-20261009-result-wang2020-vardict-bcbio-dream-set2-snv-precision,somatic-20261009-source-wang2020-tables,"Supplementary Tables workbook sheet 'S1 WGS SNVs', F20; dataset 'DREAM Set2'; caller 'VarDict (bcbio)'; column 'Precision'",0.419,result
somatic-20261009-result-wang2020-vardict-bcbio-dream-set2-snv-recall,somatic-20261009-source-wang2020-tables,"Supplementary Tables workbook sheet 'S1 WGS SNVs', E20; dataset 'DREAM Set2'; caller 'VarDict (bcbio)'; column 'Recall'",0.973,result
somatic-20261009-result-wang2020-vardict-bcbio-dream-set3-indel-count,somatic-20261009-source-wang2020-tables,"Supplementary Tables workbook sheet 'S2 WGS INDELs', D4; dataset 'DREAM Set3'; caller 'VarDict (bcbio)'; column 'Count'",10441,result
somatic-20261009-result-wang2020-vardict-bcbio-dream-set3-indel-f1-score,somatic-20261009-source-wang2020-tables,"Supplementary Tables workbook sheet 'S2 WGS INDELs', G4; dataset 'DREAM Set3'; caller 'VarDict (bcbio)'; column 'F1'",0.617838541667,result
somatic-20261009-result-wang2020-vardict-bcbio-dream-set3-indel-precision,somatic-20261009-source-wang2020-tables,"Supplementary Tables workbook sheet 'S2 WGS INDELs', F4; dataset 'DREAM Set3'; caller 'VarDict (bcbio)'; column 'Precision'",0.545350062255,result
somatic-20261009-result-wang2020-vardict-bcbio-dream-set3-indel-recall,somatic-20261009-source-wang2020-tables,"Supplementary Tables workbook sheet 'S2 WGS INDELs', E4; dataset 'DREAM Set3'; caller 'VarDict (bcbio)'; column 'Recall'",0.712551620573,result
somatic-20261009-result-wang2020-vardict-bcbio-dream-set3-snv-count,somatic-20261009-source-wang2020-tables,"Supplementary Tables workbook sheet 'S1 WGS SNVs', D35; dataset 'DREAM Set3'; caller 'VarDict (bcbio)'; column 'Count'",12450,result
somatic-20261009-result-wang2020-vardict-bcbio-dream-set3-snv-f1-score,somatic-20261009-source-wang2020-tables,"Supplementary Tables workbook sheet 'S1 WGS SNVs', G35; dataset 'DREAM Set3'; caller 'VarDict (bcbio)'; column 'F1'",0.722,result
somatic-20261009-result-wang2020-vardict-bcbio-dream-set3-snv-precision,somatic-20261009-source-wang2020-tables,"Supplementary Tables workbook sheet 'S1 WGS SNVs', F35; dataset 'DREAM Set3'; caller 'VarDict (bcbio)'; column 'Precision'",0.59,result
somatic-20261009-result-wang2020-vardict-bcbio-dream-set3-snv-recall,somatic-20261009-source-wang2020-tables,"Supplementary Tables workbook sheet 'S1 WGS SNVs', E35; dataset 'DREAM Set3'; caller 'VarDict (bcbio)'; column 'Recall'",0.929,result
somatic-20261009-result-wang2020-vardict-bcbio-dream-set4-indel-count,somatic-20261009-source-wang2020-tables,"Supplementary Tables workbook sheet 'S2 WGS INDELs', D16; dataset 'DREAM Set4'; caller 'VarDict (bcbio)'; column 'Count'",14529,result
somatic-20261009-result-wang2020-vardict-bcbio-dream-set4-indel-f1-score,somatic-20261009-source-wang2020-tables,"Supplementary Tables workbook sheet 'S2 WGS INDELs', G16; dataset 'DREAM Set4'; caller 'VarDict (bcbio)'; column 'F1'",0.761898130418,result
somatic-20261009-result-wang2020-vardict-bcbio-dream-set4-indel-precision,somatic-20261009-source-wang2020-tables,"Supplementary Tables workbook sheet 'S2 WGS INDELs', F16; dataset 'DREAM Set4'; caller 'VarDict (bcbio)'; column 'Precision'",0.753114460734,result
somatic-20261009-result-wang2020-vardict-bcbio-dream-set4-indel-recall,somatic-20261009-source-wang2020-tables,"Supplementary Tables workbook sheet 'S2 WGS INDELs', E16; dataset 'DREAM Set4'; caller 'VarDict (bcbio)'; column 'Recall'",0.770889108074,result
somatic-20261009-result-wang2020-vardict-bcbio-dream-set4-snv-count,somatic-20261009-source-wang2020-tables,"Supplementary Tables workbook sheet 'S1 WGS SNVs', D50; dataset 'DREAM Set4'; caller 'VarDict (bcbio)'; column 'Count'",16804,result
somatic-20261009-result-wang2020-vardict-bcbio-dream-set4-snv-f1-score,somatic-20261009-source-wang2020-tables,"Supplementary Tables workbook sheet 'S1 WGS SNVs', G50; dataset 'DREAM Set4'; caller 'VarDict (bcbio)'; column 'F1'",0.761,result
somatic-20261009-result-wang2020-vardict-bcbio-dream-set4-snv-precision,somatic-20261009-source-wang2020-tables,"Supplementary Tables workbook sheet 'S1 WGS SNVs', F50; dataset 'DREAM Set4'; caller 'VarDict (bcbio)'; column 'Precision'",0.749,result
somatic-20261009-result-wang2020-vardict-bcbio-dream-set4-snv-recall,somatic-20261009-source-wang2020-tables,"Supplementary Tables workbook sheet 'S1 WGS SNVs', E50; dataset 'DREAM Set4'; caller 'VarDict (bcbio)'; column 'Recall'",0.774,result
somatic-20261009-result-wang2020-vardict-bcbio-mb-indel-count,somatic-20261009-source-wang2020-tables,"Supplementary Tables workbook sheet 'S2 WGS INDELs', D40; dataset 'MB'; caller 'VarDict (bcbio)'; column 'Count'",7562,result
somatic-20261009-result-wang2020-vardict-bcbio-mb-indel-f1-score,somatic-20261009-source-wang2020-tables,"Supplementary Tables workbook sheet 'S2 WGS INDELs', G40; dataset 'MB'; caller 'VarDict (bcbio)'; column 'F1'",0.0778859527121,result
somatic-20261009-result-wang2020-vardict-bcbio-mb-indel-precision,somatic-20261009-source-wang2020-tables,"Supplementary Tables workbook sheet 'S2 WGS INDELs', F40; dataset 'MB'; caller 'VarDict (bcbio)'; column 'Precision'",0.0407299656176,result
somatic-20261009-result-wang2020-vardict-bcbio-mb-indel-recall,somatic-20261009-source-wang2020-tables,"Supplementary Tables workbook sheet 'S2 WGS INDELs', E40; dataset 'MB'; caller 'VarDict (bcbio)'; column 'Recall'",0.887608069164,result
somatic-20261009-result-wang2020-vardict-bcbio-mb-snv-count,somatic-20261009-source-wang2020-tables,"Supplementary Tables workbook sheet 'S1 WGS SNVs', D95; dataset 'MB'; caller 'VarDict (bcbio)'; column 'Count'",9378,result
somatic-20261009-result-wang2020-vardict-bcbio-mb-snv-f1-score,somatic-20261009-source-wang2020-tables,"Supplementary Tables workbook sheet 'S1 WGS SNVs', G95; dataset 'MB'; caller 'VarDict (bcbio)'; column 'F1'",0.18,result
somatic-20261009-result-wang2020-vardict-bcbio-mb-snv-precision,somatic-20261009-source-wang2020-tables,"Supplementary Tables workbook sheet 'S1 WGS SNVs', F95; dataset 'MB'; caller 'VarDict (bcbio)'; column 'Precision'",0.102,result
somatic-20261009-result-wang2020-vardict-bcbio-mb-snv-recall,somatic-20261009-source-wang2020-tables,"Supplementary Tables workbook sheet 'S1 WGS SNVs', E95; dataset 'MB'; caller 'VarDict (bcbio)'; column 'Recall'",0.759,result
somatic-20261009-result-wang2020-vardict-standalone-aml-snv-count,somatic-20261009-source-wang2020-tables,"Supplementary Tables workbook sheet 'S1 WGS SNVs', D81; dataset 'AML'; caller 'VarDict (standalone)'; column 'Count'",286156,result
somatic-20261009-result-wang2020-vardict-standalone-aml-snv-f1-score,somatic-20261009-source-wang2020-tables,"Supplementary Tables workbook sheet 'S1 WGS SNVs', G81; dataset 'AML'; caller 'VarDict (standalone)'; column 'F1'",0.009,result
somatic-20261009-result-wang2020-vardict-standalone-aml-snv-precision,somatic-20261009-source-wang2020-tables,"Supplementary Tables workbook sheet 'S1 WGS SNVs', F81; dataset 'AML'; caller 'VarDict (standalone)'; column 'Precision'",0.004,result
somatic-20261009-result-wang2020-vardict-standalone-aml-snv-recall,somatic-20261009-source-wang2020-tables,"Supplementary Tables workbook sheet 'S1 WGS SNVs', E81; dataset 'AML'; caller 'VarDict (standalone)'; column 'Recall'",0.934,result
somatic-20261009-result-wang2020-vardict-standalone-cll-indel-count,somatic-20261009-source-wang2020-tables,"Supplementary Tables workbook sheet 'S2 WGS INDELs', D29; dataset 'CLL'; caller 'VarDict (standalone)'; column 'Count'",25332,result
somatic-20261009-result-wang2020-vardict-standalone-cll-indel-f1-score,somatic-20261009-source-wang2020-tables,"Supplementary Tables workbook sheet 'S2 WGS INDELs', G29; dataset 'CLL'; caller 'VarDict (standalone)'; column 'F1'",0.007,result
somatic-20261009-result-wang2020-vardict-standalone-cll-indel-precision,somatic-20261009-source-wang2020-tables,"Supplementary Tables workbook sheet 'S2 WGS INDELs', F29; dataset 'CLL'; caller 'VarDict (standalone)'; column 'Precision'",0.004,result
somatic-20261009-result-wang2020-vardict-standalone-cll-indel-recall,somatic-20261009-source-wang2020-tables,"Supplementary Tables workbook sheet 'S2 WGS INDELs', E29; dataset 'CLL'; caller 'VarDict (standalone)'; column 'Recall'",0.679,result
somatic-20261009-result-wang2020-vardict-standalone-cll-snv-count,somatic-20261009-source-wang2020-tables,"Supplementary Tables workbook sheet 'S1 WGS SNVs', D66; dataset 'CLL'; caller 'VarDict (standalone)'; column 'Count'",20815,result
somatic-20261009-result-wang2020-vardict-standalone-cll-snv-f1-score,somatic-20261009-source-wang2020-tables,"Supplementary Tables workbook sheet 'S1 WGS SNVs', G66; dataset 'CLL'; caller 'VarDict (standalone)'; column 'F1'",0.113,result
somatic-20261009-result-wang2020-vardict-standalone-cll-snv-precision,somatic-20261009-source-wang2020-tables,"Supplementary Tables workbook sheet 'S1 WGS SNVs', F66; dataset 'CLL'; caller 'VarDict (standalone)'; column 'Precision'",0.06,result
somatic-20261009-result-wang2020-vardict-standalone-cll-snv-recall,somatic-20261009-source-wang2020-tables,"Supplementary Tables workbook sheet 'S1 WGS SNVs', E66; dataset 'CLL'; caller 'VarDict (standalone)'; column 'Recall'",0.953,result
somatic-20261009-result-wang2020-vardict-standalone-colo829-indel-count,somatic-20261009-source-wang2020-tables,"Supplementary Tables workbook sheet 'S2 WGS INDELs', D53; dataset 'COLO'; caller 'VarDict (standalone)'; column 'Count'",43284,result
somatic-20261009-result-wang2020-vardict-standalone-colo829-indel-f1-score,somatic-20261009-source-wang2020-tables,"Supplementary Tables workbook sheet 'S2 WGS INDELs', G53; dataset 'COLO'; caller 'VarDict (standalone)'; column 'F1'",0.017,result
somatic-20261009-result-wang2020-vardict-standalone-colo829-indel-precision,somatic-20261009-source-wang2020-tables,"Supplementary Tables workbook sheet 'S2 WGS INDELs', F53; dataset 'COLO'; caller 'VarDict (standalone)'; column 'Precision'",0.008,result
somatic-20261009-result-wang2020-vardict-standalone-colo829-indel-recall,somatic-20261009-source-wang2020-tables,"Supplementary Tables workbook sheet 'S2 WGS INDELs', E53; dataset 'COLO'; caller 'VarDict (standalone)'; column 'Recall'",0.814,result
somatic-20261009-result-wang2020-vardict-standalone-colo829-snv-count,somatic-20261009-source-wang2020-tables,"Supplementary Tables workbook sheet 'S1 WGS SNVs', D111; dataset 'COLO'; caller 'VarDict (standalone)'; column 'Count'",63263,result
somatic-20261009-result-wang2020-vardict-standalone-colo829-snv-f1-score,somatic-20261009-source-wang2020-tables,"Supplementary Tables workbook sheet 'S1 WGS SNVs', G111; dataset 'COLO'; caller 'VarDict (standalone)'; column 'F1'",0.66,result
somatic-20261009-result-wang2020-vardict-standalone-colo829-snv-precision,somatic-20261009-source-wang2020-tables,"Supplementary Tables workbook sheet 'S1 WGS SNVs', F111; dataset 'COLO'; caller 'VarDict (standalone)'; column 'Precision'",0.558,result
somatic-20261009-result-wang2020-vardict-standalone-colo829-snv-recall,somatic-20261009-source-wang2020-tables,"Supplementary Tables workbook sheet 'S1 WGS SNVs', E111; dataset 'COLO'; caller 'VarDict (standalone)'; column 'Recall'",0.806,result
somatic-20261009-result-wang2020-vardict-standalone-dream-set1-snv-count,somatic-20261009-source-wang2020-tables,"Supplementary Tables workbook sheet 'S1 WGS SNVs', D6; dataset 'DREAM Set1'; caller 'VarDict (standalone)'; column 'Count'",145708,result
somatic-20261009-result-wang2020-vardict-standalone-dream-set1-snv-f1-score,somatic-20261009-source-wang2020-tables,"Supplementary Tables workbook sheet 'S1 WGS SNVs', G6; dataset 'DREAM Set1'; caller 'VarDict (standalone)'; column 'F1'",0.046,result
somatic-20261009-result-wang2020-vardict-standalone-dream-set1-snv-precision,somatic-20261009-source-wang2020-tables,"Supplementary Tables workbook sheet 'S1 WGS SNVs', F6; dataset 'DREAM Set1'; caller 'VarDict (standalone)'; column 'Precision'",0.024,result
somatic-20261009-result-wang2020-vardict-standalone-dream-set1-snv-recall,somatic-20261009-source-wang2020-tables,"Supplementary Tables workbook sheet 'S1 WGS SNVs', E6; dataset 'DREAM Set1'; caller 'VarDict (standalone)'; column 'Recall'",0.973,result
somatic-20261009-result-wang2020-vardict-standalone-dream-set2-snv-count,somatic-20261009-source-wang2020-tables,"Supplementary Tables workbook sheet 'S1 WGS SNVs', D21; dataset 'DREAM Set2'; caller 'VarDict (standalone)'; column 'Count'",179525,result
somatic-20261009-result-wang2020-vardict-standalone-dream-set2-snv-f1-score,somatic-20261009-source-wang2020-tables,"Supplementary Tables workbook sheet 'S1 WGS SNVs', G21; dataset 'DREAM Set2'; caller 'VarDict (standalone)'; column 'F1'",0.046,result
somatic-20261009-result-wang2020-vardict-standalone-dream-set2-snv-precision,somatic-20261009-source-wang2020-tables,"Supplementary Tables workbook sheet 'S1 WGS SNVs', F21; dataset 'DREAM Set2'; caller 'VarDict (standalone)'; column 'Precision'",0.024,result
somatic-20261009-result-wang2020-vardict-standalone-dream-set2-snv-recall,somatic-20261009-source-wang2020-tables,"Supplementary Tables workbook sheet 'S1 WGS SNVs', E21; dataset 'DREAM Set2'; caller 'VarDict (standalone)'; column 'Recall'",0.988,result
somatic-20261009-result-wang2020-vardict-standalone-dream-set3-indel-count,somatic-20261009-source-wang2020-tables,"Supplementary Tables workbook sheet 'S2 WGS INDELs', D5; dataset 'DREAM Set3'; caller 'VarDict (standalone)'; column 'Count'",68730,result
somatic-20261009-result-wang2020-vardict-standalone-dream-set3-indel-f1-score,somatic-20261009-source-wang2020-tables,"Supplementary Tables workbook sheet 'S2 WGS INDELs', G5; dataset 'DREAM Set3'; caller 'VarDict (standalone)'; column 'F1'",0.153,result
somatic-20261009-result-wang2020-vardict-standalone-dream-set3-indel-precision,somatic-20261009-source-wang2020-tables,"Supplementary Tables workbook sheet 'S2 WGS INDELs', F5; dataset 'DREAM Set3'; caller 'VarDict (standalone)'; column 'Precision'",0.085,result
somatic-20261009-result-wang2020-vardict-standalone-dream-set3-indel-recall,somatic-20261009-source-wang2020-tables,"Supplementary Tables workbook sheet 'S2 WGS INDELs', E5; dataset 'DREAM Set3'; caller 'VarDict (standalone)'; column 'Recall'",0.733,result
somatic-20261009-result-wang2020-vardict-standalone-dream-set3-snv-count,somatic-20261009-source-wang2020-tables,"Supplementary Tables workbook sheet 'S1 WGS SNVs', D36; dataset 'DREAM Set3'; caller 'VarDict (standalone)'; column 'Count'",178444,result
somatic-20261009-result-wang2020-vardict-standalone-dream-set3-snv-f1-score,somatic-20261009-source-wang2020-tables,"Supplementary Tables workbook sheet 'S1 WGS SNVs', G36; dataset 'DREAM Set3'; caller 'VarDict (standalone)'; column 'F1'",0.081,result
somatic-20261009-result-wang2020-vardict-standalone-dream-set3-snv-precision,somatic-20261009-source-wang2020-tables,"Supplementary Tables workbook sheet 'S1 WGS SNVs', F36; dataset 'DREAM Set3'; caller 'VarDict (standalone)'; column 'Precision'",0.042,result
somatic-20261009-result-wang2020-vardict-standalone-dream-set3-snv-recall,somatic-20261009-source-wang2020-tables,"Supplementary Tables workbook sheet 'S1 WGS SNVs', E36; dataset 'DREAM Set3'; caller 'VarDict (standalone)'; column 'Recall'",0.954,result
somatic-20261009-result-wang2020-vardict-standalone-dream-set4-indel-count,somatic-20261009-source-wang2020-tables,"Supplementary Tables workbook sheet 'S2 WGS INDELs', D17; dataset 'DREAM Set4'; caller 'VarDict (standalone)'; column 'Count'",60186,result
somatic-20261009-result-wang2020-vardict-standalone-dream-set4-indel-f1-score,somatic-20261009-source-wang2020-tables,"Supplementary Tables workbook sheet 'S2 WGS INDELs', G17; dataset 'DREAM Set4'; caller 'VarDict (standalone)'; column 'F1'",0.33,result
somatic-20261009-result-wang2020-vardict-standalone-dream-set4-indel-precision,somatic-20261009-source-wang2020-tables,"Supplementary Tables workbook sheet 'S2 WGS INDELs', F17; dataset 'DREAM Set4'; caller 'VarDict (standalone)'; column 'Precision'",0.204,result
somatic-20261009-result-wang2020-vardict-standalone-dream-set4-indel-recall,somatic-20261009-source-wang2020-tables,"Supplementary Tables workbook sheet 'S2 WGS INDELs', E17; dataset 'DREAM Set4'; caller 'VarDict (standalone)'; column 'Recall'",0.862,result
somatic-20261009-result-wang2020-vardict-standalone-dream-set4-snv-count,somatic-20261009-source-wang2020-tables,"Supplementary Tables workbook sheet 'S1 WGS SNVs', D51; dataset 'DREAM Set4'; caller 'VarDict (standalone)'; column 'Count'",117292,result
somatic-20261009-result-wang2020-vardict-standalone-dream-set4-snv-f1-score,somatic-20261009-source-wang2020-tables,"Supplementary Tables workbook sheet 'S1 WGS SNVs', G51; dataset 'DREAM Set4'; caller 'VarDict (standalone)'; column 'F1'",0.209,result
somatic-20261009-result-wang2020-vardict-standalone-dream-set4-snv-precision,somatic-20261009-source-wang2020-tables,"Supplementary Tables workbook sheet 'S1 WGS SNVs', F51; dataset 'DREAM Set4'; caller 'VarDict (standalone)'; column 'Precision'",0.119,result
somatic-20261009-result-wang2020-vardict-standalone-dream-set4-snv-recall,somatic-20261009-source-wang2020-tables,"Supplementary Tables workbook sheet 'S1 WGS SNVs', E51; dataset 'DREAM Set4'; caller 'VarDict (standalone)'; column 'Recall'",0.86,result
somatic-20261009-result-wang2020-vardict-standalone-mb-indel-count,somatic-20261009-source-wang2020-tables,"Supplementary Tables workbook sheet 'S2 WGS INDELs', D41; dataset 'MB'; caller 'VarDict (standalone)'; column 'Count'",83256,result
somatic-20261009-result-wang2020-vardict-standalone-mb-indel-f1-score,somatic-20261009-source-wang2020-tables,"Supplementary Tables workbook sheet 'S2 WGS INDELs', G41; dataset 'MB'; caller 'VarDict (standalone)'; column 'F1'",0.007,result
somatic-20261009-result-wang2020-vardict-standalone-mb-indel-precision,somatic-20261009-source-wang2020-tables,"Supplementary Tables workbook sheet 'S2 WGS INDELs', F41; dataset 'MB'; caller 'VarDict (standalone)'; column 'Precision'",0.004,result
somatic-20261009-result-wang2020-vardict-standalone-mb-indel-recall,somatic-20261009-source-wang2020-tables,"Supplementary Tables workbook sheet 'S2 WGS INDELs', E41; dataset 'MB'; caller 'VarDict (standalone)'; column 'Recall'",0.893,result
somatic-20261009-result-wang2020-vardict-standalone-mb-snv-count,somatic-20261009-source-wang2020-tables,"Supplementary Tables workbook sheet 'S1 WGS SNVs', D96; dataset 'MB'; caller 'VarDict (standalone)'; column 'Count'",136548,result
somatic-20261009-result-wang2020-vardict-standalone-mb-snv-f1-score,somatic-20261009-source-wang2020-tables,"Supplementary Tables workbook sheet 'S1 WGS SNVs', G96; dataset 'MB'; caller 'VarDict (standalone)'; column 'F1'",0.018,result
somatic-20261009-result-wang2020-vardict-standalone-mb-snv-precision,somatic-20261009-source-wang2020-tables,"Supplementary Tables workbook sheet 'S1 WGS SNVs', F96; dataset 'MB'; caller 'VarDict (standalone)'; column 'Precision'",0.009,result
somatic-20261009-result-wang2020-vardict-standalone-mb-snv-recall,somatic-20261009-source-wang2020-tables,"Supplementary Tables workbook sheet 'S1 WGS SNVs', E96; dataset 'MB'; caller 'VarDict (standalone)'; column 'Recall'",0.986,result
somatic-20261009-result-wang2020-varscan-aml-snv-count,somatic-20261009-source-wang2020-tables,"Supplementary Tables workbook sheet 'S1 WGS SNVs', D85; dataset 'AML'; caller 'VarScan'; column 'Count'",4358,result
somatic-20261009-result-wang2020-varscan-aml-snv-f1-score,somatic-20261009-source-wang2020-tables,"Supplementary Tables workbook sheet 'S1 WGS SNVs', G85; dataset 'AML'; caller 'VarScan'; column 'F1'",0.374,result
somatic-20261009-result-wang2020-varscan-aml-snv-precision,somatic-20261009-source-wang2020-tables,"Supplementary Tables workbook sheet 'S1 WGS SNVs', F85; dataset 'AML'; caller 'VarScan'; column 'Precision'",0.245,result
somatic-20261009-result-wang2020-varscan-aml-snv-recall,somatic-20261009-source-wang2020-tables,"Supplementary Tables workbook sheet 'S1 WGS SNVs', E85; dataset 'AML'; caller 'VarScan'; column 'Recall'",0.795,result
somatic-20261009-result-wang2020-varscan-cll-indel-count,somatic-20261009-source-wang2020-tables,"Supplementary Tables workbook sheet 'S2 WGS INDELs', D32; dataset 'CLL'; caller 'VarScan'; column 'Count'",2723,result
somatic-20261009-result-wang2020-varscan-cll-indel-f1-score,somatic-20261009-source-wang2020-tables,"Supplementary Tables workbook sheet 'S2 WGS INDELs', G32; dataset 'CLL'; caller 'VarScan'; column 'F1'",0.0602030101505,result
somatic-20261009-result-wang2020-varscan-cll-indel-precision,somatic-20261009-source-wang2020-tables,"Supplementary Tables workbook sheet 'S2 WGS INDELs', F32; dataset 'CLL'; caller 'VarScan'; column 'Precision'",0.0315828130738,result
somatic-20261009-result-wang2020-varscan-cll-indel-recall,somatic-20261009-source-wang2020-tables,"Supplementary Tables workbook sheet 'S2 WGS INDELs', E32; dataset 'CLL'; caller 'VarScan'; column 'Recall'",0.641791044776,result
somatic-20261009-result-wang2020-varscan-cll-snv-count,somatic-20261009-source-wang2020-tables,"Supplementary Tables workbook sheet 'S1 WGS SNVs', D70; dataset 'CLL'; caller 'VarScan'; column 'Count'",6249,result
somatic-20261009-result-wang2020-varscan-cll-snv-f1-score,somatic-20261009-source-wang2020-tables,"Supplementary Tables workbook sheet 'S1 WGS SNVs', G70; dataset 'CLL'; caller 'VarScan'; column 'F1'",0.294,result
somatic-20261009-result-wang2020-varscan-cll-snv-precision,somatic-20261009-source-wang2020-tables,"Supplementary Tables workbook sheet 'S1 WGS SNVs', F70; dataset 'CLL'; caller 'VarScan'; column 'Precision'",0.178,result
somatic-20261009-result-wang2020-varscan-cll-snv-recall,somatic-20261009-source-wang2020-tables,"Supplementary Tables workbook sheet 'S1 WGS SNVs', E70; dataset 'CLL'; caller 'VarScan'; column 'Recall'",0.845,result
somatic-20261009-result-wang2020-varscan-colo829-indel-count,somatic-20261009-source-wang2020-tables,"Supplementary Tables workbook sheet 'S2 WGS INDELs', D56; dataset 'COLO'; caller 'VarScan'; column 'Count'",4719,result
somatic-20261009-result-wang2020-varscan-colo829-indel-f1-score,somatic-20261009-source-wang2020-tables,"Supplementary Tables workbook sheet 'S2 WGS INDELs', G56; dataset 'COLO'; caller 'VarScan'; column 'F1'",0.130493707648,result
somatic-20261009-result-wang2020-varscan-colo829-indel-precision,somatic-20261009-source-wang2020-tables,"Supplementary Tables workbook sheet 'S2 WGS INDELs', F56; dataset 'COLO'; caller 'VarScan'; column 'Precision'",0.0714134350498,result
somatic-20261009-result-wang2020-varscan-colo829-indel-recall,somatic-20261009-source-wang2020-tables,"Supplementary Tables workbook sheet 'S2 WGS INDELs', E56; dataset 'COLO'; caller 'VarScan'; column 'Recall'",0.755605381166,result
somatic-20261009-result-wang2020-varscan-colo829-snv-count,somatic-20261009-source-wang2020-tables,"Supplementary Tables workbook sheet 'S1 WGS SNVs', D115; dataset 'COLO'; caller 'VarScan'; column 'Count'",42623,result
somatic-20261009-result-wang2020-varscan-colo829-snv-f1-score,somatic-20261009-source-wang2020-tables,"Supplementary Tables workbook sheet 'S1 WGS SNVs', G115; dataset 'COLO'; caller 'VarScan'; column 'F1'",0.878,result
somatic-20261009-result-wang2020-varscan-colo829-snv-precision,somatic-20261009-source-wang2020-tables,"Supplementary Tables workbook sheet 'S1 WGS SNVs', F115; dataset 'COLO'; caller 'VarScan'; column 'Precision'",0.805,result
somatic-20261009-result-wang2020-varscan-colo829-snv-recall,somatic-20261009-source-wang2020-tables,"Supplementary Tables workbook sheet 'S1 WGS SNVs', E115; dataset 'COLO'; caller 'VarScan'; column 'Recall'",0.966,result
somatic-20261009-result-wang2020-varscan-dream-set1-snv-count,somatic-20261009-source-wang2020-tables,"Supplementary Tables workbook sheet 'S1 WGS SNVs', D10; dataset 'DREAM Set1'; caller 'VarScan'; column 'Count'",7623,result
somatic-20261009-result-wang2020-varscan-dream-set1-snv-f1-score,somatic-20261009-source-wang2020-tables,"Supplementary Tables workbook sheet 'S1 WGS SNVs', G10; dataset 'DREAM Set1'; caller 'VarScan'; column 'F1'",0.622,result
somatic-20261009-result-wang2020-varscan-dream-set1-snv-precision,somatic-20261009-source-wang2020-tables,"Supplementary Tables workbook sheet 'S1 WGS SNVs', F10; dataset 'DREAM Set1'; caller 'VarScan'; column 'Precision'",0.455,result
somatic-20261009-result-wang2020-varscan-dream-set1-snv-recall,somatic-20261009-source-wang2020-tables,"Supplementary Tables workbook sheet 'S1 WGS SNVs', E10; dataset 'DREAM Set1'; caller 'VarScan'; column 'Recall'",0.981,result
somatic-20261009-result-wang2020-varscan-dream-set2-snv-count,somatic-20261009-source-wang2020-tables,"Supplementary Tables workbook sheet 'S1 WGS SNVs', D25; dataset 'DREAM Set2'; caller 'VarScan'; column 'Count'",7992,result
somatic-20261009-result-wang2020-varscan-dream-set2-snv-f1-score,somatic-20261009-source-wang2020-tables,"Supplementary Tables workbook sheet 'S1 WGS SNVs', G25; dataset 'DREAM Set2'; caller 'VarScan'; column 'F1'",0.682,result
somatic-20261009-result-wang2020-varscan-dream-set2-snv-precision,somatic-20261009-source-wang2020-tables,"Supplementary Tables workbook sheet 'S1 WGS SNVs', F25; dataset 'DREAM Set2'; caller 'VarScan'; column 'Precision'",0.526,result
somatic-20261009-result-wang2020-varscan-dream-set2-snv-recall,somatic-20261009-source-wang2020-tables,"Supplementary Tables workbook sheet 'S1 WGS SNVs', E25; dataset 'DREAM Set2'; caller 'VarScan'; column 'Recall'",0.972,result
somatic-20261009-result-wang2020-varscan-dream-set3-indel-count,somatic-20261009-source-wang2020-tables,"Supplementary Tables workbook sheet 'S2 WGS INDELs', D8; dataset 'DREAM Set3'; caller 'VarScan'; column 'Count'",6969,result
somatic-20261009-result-wang2020-varscan-dream-set3-indel-f1-score,somatic-20261009-source-wang2020-tables,"Supplementary Tables workbook sheet 'S2 WGS INDELs', G8; dataset 'DREAM Set3'; caller 'VarScan'; column 'F1'",0.345187165775,result
somatic-20261009-result-wang2020-varscan-dream-set3-indel-precision,somatic-20261009-source-wang2020-tables,"Supplementary Tables workbook sheet 'S2 WGS INDELs', F8; dataset 'DREAM Set3'; caller 'VarScan'; column 'Precision'",0.370497919357,result
somatic-20261009-result-wang2020-varscan-dream-set3-indel-recall,somatic-20261009-source-wang2020-tables,"Supplementary Tables workbook sheet 'S2 WGS INDELs', E8; dataset 'DREAM Set3'; caller 'VarScan'; column 'Recall'",0.323113502691,result
somatic-20261009-result-wang2020-varscan-dream-set3-snv-count,somatic-20261009-source-wang2020-tables,"Supplementary Tables workbook sheet 'S1 WGS SNVs', D40; dataset 'DREAM Set3'; caller 'VarScan'; column 'Count'",9092,result
somatic-20261009-result-wang2020-varscan-dream-set3-snv-f1-score,somatic-20261009-source-wang2020-tables,"Supplementary Tables workbook sheet 'S1 WGS SNVs', G40; dataset 'DREAM Set3'; caller 'VarScan'; column 'F1'",0.659,result
somatic-20261009-result-wang2020-varscan-dream-set3-snv-precision,somatic-20261009-source-wang2020-tables,"Supplementary Tables workbook sheet 'S1 WGS SNVs', F40; dataset 'DREAM Set3'; caller 'VarScan'; column 'Precision'",0.616,result
somatic-20261009-result-wang2020-varscan-dream-set3-snv-recall,somatic-20261009-source-wang2020-tables,"Supplementary Tables workbook sheet 'S1 WGS SNVs', E40; dataset 'DREAM Set3'; caller 'VarScan'; column 'Recall'",0.709,result
somatic-20261009-result-wang2020-varscan-dream-set4-indel-count,somatic-20261009-source-wang2020-tables,"Supplementary Tables workbook sheet 'S2 WGS INDELs', D20; dataset 'DREAM Set4'; caller 'VarScan'; column 'Count'",5248,result
somatic-20261009-result-wang2020-varscan-dream-set4-indel-f1-score,somatic-20261009-source-wang2020-tables,"Supplementary Tables workbook sheet 'S2 WGS INDELs', G20; dataset 'DREAM Set4'; caller 'VarScan'; column 'F1'",0.295545725748,result
somatic-20261009-result-wang2020-varscan-dream-set4-indel-precision,somatic-20261009-source-wang2020-tables,"Supplementary Tables workbook sheet 'S2 WGS INDELs', F20; dataset 'DREAM Set4'; caller 'VarScan'; column 'Precision'",0.547446646341,result
somatic-20261009-result-wang2020-varscan-dream-set4-indel-recall,somatic-20261009-source-wang2020-tables,"Supplementary Tables workbook sheet 'S2 WGS INDELs', E20; dataset 'DREAM Set4'; caller 'VarScan'; column 'Recall'",0.20240946879,result
somatic-20261009-result-wang2020-varscan-dream-set4-snv-count,somatic-20261009-source-wang2020-tables,"Supplementary Tables workbook sheet 'S1 WGS SNVs', D55; dataset 'DREAM Set4'; caller 'VarScan'; column 'Count'",8875,result
somatic-20261009-result-wang2020-varscan-dream-set4-snv-f1-score,somatic-20261009-source-wang2020-tables,"Supplementary Tables workbook sheet 'S1 WGS SNVs', G55; dataset 'DREAM Set4'; caller 'VarScan'; column 'F1'",0.536,result
somatic-20261009-result-wang2020-varscan-dream-set4-snv-precision,somatic-20261009-source-wang2020-tables,"Supplementary Tables workbook sheet 'S1 WGS SNVs', F55; dataset 'DREAM Set4'; caller 'VarScan'; column 'Precision'",0.759,result
somatic-20261009-result-wang2020-varscan-dream-set4-snv-recall,somatic-20261009-source-wang2020-tables,"Supplementary Tables workbook sheet 'S1 WGS SNVs', E55; dataset 'DREAM Set4'; caller 'VarScan'; column 'Recall'",0.414,result
somatic-20261009-result-wang2020-varscan-mb-indel-count,somatic-20261009-source-wang2020-tables,"Supplementary Tables workbook sheet 'S2 WGS INDELs', D44; dataset 'MB'; caller 'VarScan'; column 'Count'",1439,result
somatic-20261009-result-wang2020-varscan-mb-indel-f1-score,somatic-20261009-source-wang2020-tables,"Supplementary Tables workbook sheet 'S2 WGS INDELs', G44; dataset 'MB'; caller 'VarScan'; column 'F1'",0.346024636058,result
somatic-20261009-result-wang2020-varscan-mb-indel-precision,somatic-20261009-source-wang2020-tables,"Supplementary Tables workbook sheet 'S2 WGS INDELs', F44; dataset 'MB'; caller 'VarScan'; column 'Precision'",0.214732453092,result
somatic-20261009-result-wang2020-varscan-mb-indel-recall,somatic-20261009-source-wang2020-tables,"Supplementary Tables workbook sheet 'S2 WGS INDELs', E44; dataset 'MB'; caller 'VarScan'; column 'Recall'",0.890489913545,result
somatic-20261009-result-wang2020-varscan-mb-snv-count,somatic-20261009-source-wang2020-tables,"Supplementary Tables workbook sheet 'S1 WGS SNVs', D100; dataset 'MB'; caller 'VarScan'; column 'Count'",2458,result
somatic-20261009-result-wang2020-varscan-mb-snv-f1-score,somatic-20261009-source-wang2020-tables,"Supplementary Tables workbook sheet 'S1 WGS SNVs', G100; dataset 'MB'; caller 'VarScan'; column 'F1'",0.467,result
somatic-20261009-result-wang2020-varscan-mb-snv-precision,somatic-20261009-source-wang2020-tables,"Supplementary Tables workbook sheet 'S1 WGS SNVs', F100; dataset 'MB'; caller 'VarScan'; column 'Precision'",0.353,result
somatic-20261009-result-wang2020-varscan-mb-snv-recall,somatic-20261009-source-wang2020-tables,"Supplementary Tables workbook sheet 'S1 WGS SNVs', E100; dataset 'MB'; caller 'VarScan'; column 'Recall'",0.687,result
somatic-20261009-result-wang2020-vote-3callers-min1-cll-indel-count,somatic-20261009-source-wang2020-tables,"Supplementary Tables workbook sheet 'S2 WGS INDELs', D35; dataset 'CLL'; caller '3callers (>=1)'; column 'Count'",1357,result
somatic-20261009-result-wang2020-vote-3callers-min1-cll-indel-f1-score,somatic-20261009-source-wang2020-tables,"Supplementary Tables workbook sheet 'S2 WGS INDELs', G35; dataset 'CLL'; caller '3callers (>=1)'; column 'F1'",0.127431254192,result
somatic-20261009-result-wang2020-vote-3callers-min1-cll-indel-precision,somatic-20261009-source-wang2020-tables,"Supplementary Tables workbook sheet 'S2 WGS INDELs', F35; dataset 'CLL'; caller '3callers (>=1)'; column 'Precision'",0.0700073691968,result
somatic-20261009-result-wang2020-vote-3callers-min1-cll-indel-recall,somatic-20261009-source-wang2020-tables,"Supplementary Tables workbook sheet 'S2 WGS INDELs', E35; dataset 'CLL'; caller '3callers (>=1)'; column 'Recall'",0.708955223881,result
somatic-20261009-result-wang2020-vote-3callers-min1-colo829-indel-count,somatic-20261009-source-wang2020-tables,"Supplementary Tables workbook sheet 'S2 WGS INDELs', D59; dataset 'COLO'; caller '3callers (>=1)'; column 'Count'",3348,result
somatic-20261009-result-wang2020-vote-3callers-min1-colo829-indel-f1-score,somatic-20261009-source-wang2020-tables,"Supplementary Tables workbook sheet 'S2 WGS INDELs', G59; dataset 'COLO'; caller '3callers (>=1)'; column 'F1'",0.210332103321,result
somatic-20261009-result-wang2020-vote-3callers-min1-colo829-indel-precision,somatic-20261009-source-wang2020-tables,"Supplementary Tables workbook sheet 'S2 WGS INDELs', F59; dataset 'COLO'; caller '3callers (>=1)'; column 'Precision'",0.11917562724,result
somatic-20261009-result-wang2020-vote-3callers-min1-colo829-indel-recall,somatic-20261009-source-wang2020-tables,"Supplementary Tables workbook sheet 'S2 WGS INDELs', E59; dataset 'COLO'; caller '3callers (>=1)'; column 'Recall'",0.894618834081,result
somatic-20261009-result-wang2020-vote-3callers-min1-dream-set3-indel-count,somatic-20261009-source-wang2020-tables,"Supplementary Tables workbook sheet 'S2 WGS INDELs', D11; dataset 'DREAM Set3'; caller '3callers (>=1)'; column 'Count'",6801,result
somatic-20261009-result-wang2020-vote-3callers-min1-dream-set3-indel-f1-score,somatic-20261009-source-wang2020-tables,"Supplementary Tables workbook sheet 'S2 WGS INDELs', G11; dataset 'DREAM Set3'; caller '3callers (>=1)'; column 'F1'",0.791238507301,result
somatic-20261009-result-wang2020-vote-3callers-min1-dream-set3-indel-precision,somatic-20261009-source-wang2020-tables,"Supplementary Tables workbook sheet 'S2 WGS INDELs', F11; dataset 'DREAM Set3'; caller '3callers (>=1)'; column 'Precision'",0.860461696809,result
somatic-20261009-result-wang2020-vote-3callers-min1-dream-set3-indel-recall,somatic-20261009-source-wang2020-tables,"Supplementary Tables workbook sheet 'S2 WGS INDELs', E11; dataset 'DREAM Set3'; caller '3callers (>=1)'; column 'Recall'",0.732323864347,result
somatic-20261009-result-wang2020-vote-3callers-min1-dream-set4-indel-count,somatic-20261009-source-wang2020-tables,"Supplementary Tables workbook sheet 'S2 WGS INDELs', D23; dataset 'DREAM Set4'; caller '3callers (>=1)'; column 'Count'",12488,result
somatic-20261009-result-wang2020-vote-3callers-min1-dream-set4-indel-f1-score,somatic-20261009-source-wang2020-tables,"Supplementary Tables workbook sheet 'S2 WGS INDELs', G23; dataset 'DREAM Set4'; caller '3callers (>=1)'; column 'F1'",0.845513829548,result
somatic-20261009-result-wang2020-vote-3callers-min1-dream-set4-indel-precision,somatic-20261009-source-wang2020-tables,"Supplementary Tables workbook sheet 'S2 WGS INDELs', F23; dataset 'DREAM Set4'; caller '3callers (>=1)'; column 'Precision'",0.903267136451,result
somatic-20261009-result-wang2020-vote-3callers-min1-dream-set4-indel-recall,somatic-20261009-source-wang2020-tables,"Supplementary Tables workbook sheet 'S2 WGS INDELs', E23; dataset 'DREAM Set4'; caller '3callers (>=1)'; column 'Recall'",0.794701986755,result
somatic-20261009-result-wang2020-vote-3callers-min1-mb-indel-count,somatic-20261009-source-wang2020-tables,"Supplementary Tables workbook sheet 'S2 WGS INDELs', D47; dataset 'MB'; caller '3callers (>=1)'; column 'Count'",10657,result
somatic-20261009-result-wang2020-vote-3callers-min1-mb-indel-f1-score,somatic-20261009-source-wang2020-tables,"Supplementary Tables workbook sheet 'S2 WGS INDELs', G47; dataset 'MB'; caller '3callers (>=1)'; column 'F1'",0.0619774627408,result
somatic-20261009-result-wang2020-vote-3callers-min1-mb-indel-precision,somatic-20261009-source-wang2020-tables,"Supplementary Tables workbook sheet 'S2 WGS INDELs', F47; dataset 'MB'; caller '3callers (>=1)'; column 'Precision'",0.0319977479591,result
somatic-20261009-result-wang2020-vote-3callers-min1-mb-indel-recall,somatic-20261009-source-wang2020-tables,"Supplementary Tables workbook sheet 'S2 WGS INDELs', E47; dataset 'MB'; caller '3callers (>=1)'; column 'Recall'",0.982708933718,result
somatic-20261009-result-wang2020-vote-3callers-min2-cll-indel-count,somatic-20261009-source-wang2020-tables,"Supplementary Tables workbook sheet 'S2 WGS INDELs', D34; dataset 'CLL'; caller '3callers (>=2)'; column 'Count'",135,result
somatic-20261009-result-wang2020-vote-3callers-min2-cll-indel-f1-score,somatic-20261009-source-wang2020-tables,"Supplementary Tables workbook sheet 'S2 WGS INDELs', G34; dataset 'CLL'; caller '3callers (>=2)'; column 'F1'",0.513011152416,result
somatic-20261009-result-wang2020-vote-3callers-min2-cll-indel-precision,somatic-20261009-source-wang2020-tables,"Supplementary Tables workbook sheet 'S2 WGS INDELs', F34; dataset 'CLL'; caller '3callers (>=2)'; column 'Precision'",0.511111111111,result
somatic-20261009-result-wang2020-vote-3callers-min2-cll-indel-recall,somatic-20261009-source-wang2020-tables,"Supplementary Tables workbook sheet 'S2 WGS INDELs', E34; dataset 'CLL'; caller '3callers (>=2)'; column 'Recall'",0.514925373134,result
somatic-20261009-result-wang2020-vote-3callers-min2-colo829-indel-count,somatic-20261009-source-wang2020-tables,"Supplementary Tables workbook sheet 'S2 WGS INDELs', D58; dataset 'COLO'; caller '3callers (>=2)'; column 'Count'",730,result
somatic-20261009-result-wang2020-vote-3callers-min2-colo829-indel-f1-score,somatic-20261009-source-wang2020-tables,"Supplementary Tables workbook sheet 'S2 WGS INDELs', G58; dataset 'COLO'; caller '3callers (>=2)'; column 'F1'",0.607142857143,result
somatic-20261009-result-wang2020-vote-3callers-min2-colo829-indel-precision,somatic-20261009-source-wang2020-tables,"Supplementary Tables workbook sheet 'S2 WGS INDELs', F58; dataset 'COLO'; caller '3callers (>=2)'; column 'Precision'",0.48904109589,result
somatic-20261009-result-wang2020-vote-3callers-min2-colo829-indel-recall,somatic-20261009-source-wang2020-tables,"Supplementary Tables workbook sheet 'S2 WGS INDELs', E58; dataset 'COLO'; caller '3callers (>=2)'; column 'Recall'",0.800448430493,result
somatic-20261009-result-wang2020-vote-3callers-min2-dream-set3-indel-count,somatic-20261009-source-wang2020-tables,"Supplementary Tables workbook sheet 'S2 WGS INDELs', D10; dataset 'DREAM Set3'; caller '3callers (>=2)'; column 'Count'",5407,result
somatic-20261009-result-wang2020-vote-3callers-min2-dream-set3-indel-f1-score,somatic-20261009-source-wang2020-tables,"Supplementary Tables workbook sheet 'S2 WGS INDELs', G10; dataset 'DREAM Set3'; caller '3callers (>=2)'; column 'F1'",0.802806389013,result
somatic-20261009-result-wang2020-vote-3callers-min2-dream-set3-indel-precision,somatic-20261009-source-wang2020-tables,"Supplementary Tables workbook sheet 'S2 WGS INDELs', F10; dataset 'DREAM Set3'; caller '3callers (>=2)'; column 'Precision'",0.994636582208,result
somatic-20261009-result-wang2020-vote-3callers-min2-dream-set3-indel-recall,somatic-20261009-source-wang2020-tables,"Supplementary Tables workbook sheet 'S2 WGS INDELs', E10; dataset 'DREAM Set3'; caller '3callers (>=2)'; column 'Recall'",0.673007133025,result
somatic-20261009-result-wang2020-vote-3callers-min2-dream-set4-indel-count,somatic-20261009-source-wang2020-tables,"Supplementary Tables workbook sheet 'S2 WGS INDELs', D22; dataset 'DREAM Set4'; caller '3callers (>=2)'; column 'Count'",8446,result
somatic-20261009-result-wang2020-vote-3callers-min2-dream-set4-indel-f1-score,somatic-20261009-source-wang2020-tables,"Supplementary Tables workbook sheet 'S2 WGS INDELs', G22; dataset 'DREAM Set4'; caller '3callers (>=2)'; column 'F1'",0.741077738516,result
somatic-20261009-result-wang2020-vote-3callers-min2-dream-set4-indel-precision,somatic-20261009-source-wang2020-tables,"Supplementary Tables workbook sheet 'S2 WGS INDELs', F22; dataset 'DREAM Set4'; caller '3callers (>=2)'; column 'Precision'",0.993251243192,result
somatic-20261009-result-wang2020-vote-3callers-min2-dream-set4-indel-recall,somatic-20261009-source-wang2020-tables,"Supplementary Tables workbook sheet 'S2 WGS INDELs', E22; dataset 'DREAM Set4'; caller '3callers (>=2)'; column 'Recall'",0.591024376497,result
somatic-20261009-result-wang2020-vote-3callers-min2-mb-indel-count,somatic-20261009-source-wang2020-tables,"Supplementary Tables workbook sheet 'S2 WGS INDELs', D46; dataset 'MB'; caller '3callers (>=2)'; column 'Count'",616,result
somatic-20261009-result-wang2020-vote-3callers-min2-mb-indel-f1-score,somatic-20261009-source-wang2020-tables,"Supplementary Tables workbook sheet 'S2 WGS INDELs', G46; dataset 'MB'; caller '3callers (>=2)'; column 'F1'",0.544132917965,result
somatic-20261009-result-wang2020-vote-3callers-min2-mb-indel-precision,somatic-20261009-source-wang2020-tables,"Supplementary Tables workbook sheet 'S2 WGS INDELs', F46; dataset 'MB'; caller '3callers (>=2)'; column 'Precision'",0.425324675325,result
somatic-20261009-result-wang2020-vote-3callers-min2-mb-indel-recall,somatic-20261009-source-wang2020-tables,"Supplementary Tables workbook sheet 'S2 WGS INDELs', E46; dataset 'MB'; caller '3callers (>=2)'; column 'Recall'",0.755043227666,result
somatic-20261009-result-wang2020-vote-4callers-min2-aml-snv-count,somatic-20261009-source-wang2020-tables,"Supplementary Tables workbook sheet 'S1 WGS SNVs', D89; dataset 'AML'; caller '4callers(voting>=2)'; column 'Count'",1635,result
somatic-20261009-result-wang2020-vote-4callers-min2-aml-snv-f1-score,somatic-20261009-source-wang2020-tables,"Supplementary Tables workbook sheet 'S1 WGS SNVs', G89; dataset 'AML'; caller '4callers(voting>=2)'; column 'F1'",0.824,result
somatic-20261009-result-wang2020-vote-4callers-min2-aml-snv-precision,somatic-20261009-source-wang2020-tables,"Supplementary Tables workbook sheet 'S1 WGS SNVs', F89; dataset 'AML'; caller '4callers(voting>=2)'; column 'Precision'",0.75,result
somatic-20261009-result-wang2020-vote-4callers-min2-aml-snv-recall,somatic-20261009-source-wang2020-tables,"Supplementary Tables workbook sheet 'S1 WGS SNVs', E89; dataset 'AML'; caller '4callers(voting>=2)'; column 'Recall'",0.914,result
somatic-20261009-result-wang2020-vote-4callers-min2-cll-snv-count,somatic-20261009-source-wang2020-tables,"Supplementary Tables workbook sheet 'S1 WGS SNVs', D74; dataset 'CLL'; caller '4callers(voting>=2)'; column 'Count'",1520,result
somatic-20261009-result-wang2020-vote-4callers-min2-cll-snv-f1-score,somatic-20261009-source-wang2020-tables,"Supplementary Tables workbook sheet 'S1 WGS SNVs', G74; dataset 'CLL'; caller '4callers(voting>=2)'; column 'F1'",0.781,result
somatic-20261009-result-wang2020-vote-4callers-min2-cll-snv-precision,somatic-20261009-source-wang2020-tables,"Supplementary Tables workbook sheet 'S1 WGS SNVs', F74; dataset 'CLL'; caller '4callers(voting>=2)'; column 'Precision'",0.73,result
somatic-20261009-result-wang2020-vote-4callers-min2-cll-snv-recall,somatic-20261009-source-wang2020-tables,"Supplementary Tables workbook sheet 'S1 WGS SNVs', E74; dataset 'CLL'; caller '4callers(voting>=2)'; column 'Recall'",0.841,result
somatic-20261009-result-wang2020-vote-4callers-min2-colo829-snv-count,somatic-20261009-source-wang2020-tables,"Supplementary Tables workbook sheet 'S1 WGS SNVs', D119; dataset 'COLO'; caller '4callers(voting>=2)'; column 'Count'",39862,result
somatic-20261009-result-wang2020-vote-4callers-min2-colo829-snv-f1-score,somatic-20261009-source-wang2020-tables,"Supplementary Tables workbook sheet 'S1 WGS SNVs', G119; dataset 'COLO'; caller '4callers(voting>=2)'; column 'F1'",0.926,result
somatic-20261009-result-wang2020-vote-4callers-min2-colo829-snv-precision,somatic-20261009-source-wang2020-tables,"Supplementary Tables workbook sheet 'S1 WGS SNVs', F119; dataset 'COLO'; caller '4callers(voting>=2)'; column 'Precision'",0.876,result
somatic-20261009-result-wang2020-vote-4callers-min2-colo829-snv-recall,somatic-20261009-source-wang2020-tables,"Supplementary Tables workbook sheet 'S1 WGS SNVs', E119; dataset 'COLO'; caller '4callers(voting>=2)'; column 'Recall'",0.982,result
somatic-20261009-result-wang2020-vote-4callers-min2-dream-set1-snv-count,somatic-20261009-source-wang2020-tables,"Supplementary Tables workbook sheet 'S1 WGS SNVs', D14; dataset 'DREAM Set1'; caller '4callers(voting>=2)'; column 'Count'",3565,result
somatic-20261009-result-wang2020-vote-4callers-min2-dream-set1-snv-f1-score,somatic-20261009-source-wang2020-tables,"Supplementary Tables workbook sheet 'S1 WGS SNVs', G14; dataset 'DREAM Set1'; caller '4callers(voting>=2)'; column 'F1'",0.974,result
somatic-20261009-result-wang2020-vote-4callers-min2-dream-set1-snv-precision,somatic-20261009-source-wang2020-tables,"Supplementary Tables workbook sheet 'S1 WGS SNVs', F14; dataset 'DREAM Set1'; caller '4callers(voting>=2)'; column 'Precision'",0.97,result
somatic-20261009-result-wang2020-vote-4callers-min2-dream-set1-snv-recall,somatic-20261009-source-wang2020-tables,"Supplementary Tables workbook sheet 'S1 WGS SNVs', E14; dataset 'DREAM Set1'; caller '4callers(voting>=2)'; column 'Recall'",0.978,result
somatic-20261009-result-wang2020-vote-4callers-min2-dream-set2-snv-count,somatic-20261009-source-wang2020-tables,"Supplementary Tables workbook sheet 'S1 WGS SNVs', D29; dataset 'DREAM Set2'; caller '4callers(voting>=2)'; column 'Count'",4397,result
somatic-20261009-result-wang2020-vote-4callers-min2-dream-set2-snv-f1-score,somatic-20261009-source-wang2020-tables,"Supplementary Tables workbook sheet 'S1 WGS SNVs', G29; dataset 'DREAM Set2'; caller '4callers(voting>=2)'; column 'F1'",0.967,result
somatic-20261009-result-wang2020-vote-4callers-min2-dream-set2-snv-precision,somatic-20261009-source-wang2020-tables,"Supplementary Tables workbook sheet 'S1 WGS SNVs', F29; dataset 'DREAM Set2'; caller '4callers(voting>=2)'; column 'Precision'",0.959,result
somatic-20261009-result-wang2020-vote-4callers-min2-dream-set2-snv-recall,somatic-20261009-source-wang2020-tables,"Supplementary Tables workbook sheet 'S1 WGS SNVs', E29; dataset 'DREAM Set2'; caller '4callers(voting>=2)'; column 'Recall'",0.975,result
somatic-20261009-result-wang2020-vote-4callers-min2-dream-set3-snv-count,somatic-20261009-source-wang2020-tables,"Supplementary Tables workbook sheet 'S1 WGS SNVs', D44; dataset 'DREAM Set3'; caller '4callers(voting>=2)'; column 'Count'",7182,result
somatic-20261009-result-wang2020-vote-4callers-min2-dream-set3-snv-f1-score,somatic-20261009-source-wang2020-tables,"Supplementary Tables workbook sheet 'S1 WGS SNVs', G44; dataset 'DREAM Set3'; caller '4callers(voting>=2)'; column 'F1'",0.945,result
somatic-20261009-result-wang2020-vote-4callers-min2-dream-set3-snv-precision,somatic-20261009-source-wang2020-tables,"Supplementary Tables workbook sheet 'S1 WGS SNVs', F44; dataset 'DREAM Set3'; caller '4callers(voting>=2)'; column 'Precision'",0.993,result
somatic-20261009-result-wang2020-vote-4callers-min2-dream-set3-snv-recall,somatic-20261009-source-wang2020-tables,"Supplementary Tables workbook sheet 'S1 WGS SNVs', E44; dataset 'DREAM Set3'; caller '4callers(voting>=2)'; column 'Recall'",0.902,result
somatic-20261009-result-wang2020-vote-4callers-min2-dream-set4-snv-count,somatic-20261009-source-wang2020-tables,"Supplementary Tables workbook sheet 'S1 WGS SNVs', D59; dataset 'DREAM Set4'; caller '4callers(voting>=2)'; column 'Count'",10640,result
somatic-20261009-result-wang2020-vote-4callers-min2-dream-set4-snv-f1-score,somatic-20261009-source-wang2020-tables,"Supplementary Tables workbook sheet 'S1 WGS SNVs', G59; dataset 'DREAM Set4'; caller '4callers(voting>=2)'; column 'F1'",0.756,result
somatic-20261009-result-wang2020-vote-4callers-min2-dream-set4-snv-precision,somatic-20261009-source-wang2020-tables,"Supplementary Tables workbook sheet 'S1 WGS SNVs', F59; dataset 'DREAM Set4'; caller '4callers(voting>=2)'; column 'Precision'",0.956,result
somatic-20261009-result-wang2020-vote-4callers-min2-dream-set4-snv-recall,somatic-20261009-source-wang2020-tables,"Supplementary Tables workbook sheet 'S1 WGS SNVs', E59; dataset 'DREAM Set4'; caller '4callers(voting>=2)'; column 'Recall'",0.625,result
somatic-20261009-result-wang2020-vote-4callers-min2-mb-snv-count,somatic-20261009-source-wang2020-tables,"Supplementary Tables workbook sheet 'S1 WGS SNVs', D104; dataset 'MB'; caller '4callers(voting>=2)'; column 'Count'",1690,result
somatic-20261009-result-wang2020-vote-4callers-min2-mb-snv-f1-score,somatic-20261009-source-wang2020-tables,"Supplementary Tables workbook sheet 'S1 WGS SNVs', G104; dataset 'MB'; caller '4callers(voting>=2)'; column 'F1'",0.834,result
somatic-20261009-result-wang2020-vote-4callers-min2-mb-snv-precision,somatic-20261009-source-wang2020-tables,"Supplementary Tables workbook sheet 'S1 WGS SNVs', F104; dataset 'MB'; caller '4callers(voting>=2)'; column 'Precision'",0.729,result
somatic-20261009-result-wang2020-vote-4callers-min2-mb-snv-recall,somatic-20261009-source-wang2020-tables,"Supplementary Tables workbook sheet 'S1 WGS SNVs', E104; dataset 'MB'; caller '4callers(voting>=2)'; column 'Recall'",0.975,result
somatic-20261009-result-wang2020-vote-4callers-min3-aml-snv-count,somatic-20261009-source-wang2020-tables,"Supplementary Tables workbook sheet 'S1 WGS SNVs', D88; dataset 'AML'; caller '4callers(voting>=3)'; column 'Count'",1504,result
somatic-20261009-result-wang2020-vote-4callers-min3-aml-snv-f1-score,somatic-20261009-source-wang2020-tables,"Supplementary Tables workbook sheet 'S1 WGS SNVs', G88; dataset 'AML'; caller '4callers(voting>=3)'; column 'F1'",0.834,result
somatic-20261009-result-wang2020-vote-4callers-min3-aml-snv-precision,somatic-20261009-source-wang2020-tables,"Supplementary Tables workbook sheet 'S1 WGS SNVs', F88; dataset 'AML'; caller '4callers(voting>=3)'; column 'Precision'",0.789,result
somatic-20261009-result-wang2020-vote-4callers-min3-aml-snv-recall,somatic-20261009-source-wang2020-tables,"Supplementary Tables workbook sheet 'S1 WGS SNVs', E88; dataset 'AML'; caller '4callers(voting>=3)'; column 'Recall'",0.885,result
somatic-20261009-result-wang2020-vote-4callers-min3-cll-snv-count,somatic-20261009-source-wang2020-tables,"Supplementary Tables workbook sheet 'S1 WGS SNVs', D73; dataset 'CLL'; caller '4callers(voting>=3)'; column 'Count'",1136,result
somatic-20261009-result-wang2020-vote-4callers-min3-cll-snv-f1-score,somatic-20261009-source-wang2020-tables,"Supplementary Tables workbook sheet 'S1 WGS SNVs', G73; dataset 'CLL'; caller '4callers(voting>=3)'; column 'F1'",0.824,result
somatic-20261009-result-wang2020-vote-4callers-min3-cll-snv-precision,somatic-20261009-source-wang2020-tables,"Supplementary Tables workbook sheet 'S1 WGS SNVs', F73; dataset 'CLL'; caller '4callers(voting>=3)'; column 'Precision'",0.891,result
somatic-20261009-result-wang2020-vote-4callers-min3-cll-snv-recall,somatic-20261009-source-wang2020-tables,"Supplementary Tables workbook sheet 'S1 WGS SNVs', E73; dataset 'CLL'; caller '4callers(voting>=3)'; column 'Recall'",0.767,result
somatic-20261009-result-wang2020-vote-4callers-min3-colo829-snv-count,somatic-20261009-source-wang2020-tables,"Supplementary Tables workbook sheet 'S1 WGS SNVs', D118; dataset 'COLO'; caller '4callers(voting>=3)'; column 'Count'",38000,result
somatic-20261009-result-wang2020-vote-4callers-min3-colo829-snv-f1-score,somatic-20261009-source-wang2020-tables,"Supplementary Tables workbook sheet 'S1 WGS SNVs', G118; dataset 'COLO'; caller '4callers(voting>=3)'; column 'F1'",0.936,result
somatic-20261009-result-wang2020-vote-4callers-min3-colo829-snv-precision,somatic-20261009-source-wang2020-tables,"Supplementary Tables workbook sheet 'S1 WGS SNVs', F118; dataset 'COLO'; caller '4callers(voting>=3)'; column 'Precision'",0.906,result
somatic-20261009-result-wang2020-vote-4callers-min3-colo829-snv-recall,somatic-20261009-source-wang2020-tables,"Supplementary Tables workbook sheet 'S1 WGS SNVs', E118; dataset 'COLO'; caller '4callers(voting>=3)'; column 'Recall'",0.969,result
somatic-20261009-result-wang2020-vote-4callers-min3-dream-set1-snv-count,somatic-20261009-source-wang2020-tables,"Supplementary Tables workbook sheet 'S1 WGS SNVs', D13; dataset 'DREAM Set1'; caller '4callers(voting>=3)'; column 'Count'",3421,result
somatic-20261009-result-wang2020-vote-4callers-min3-dream-set1-snv-f1-score,somatic-20261009-source-wang2020-tables,"Supplementary Tables workbook sheet 'S1 WGS SNVs', G13; dataset 'DREAM Set1'; caller '4callers(voting>=3)'; column 'F1'",0.976,result
somatic-20261009-result-wang2020-vote-4callers-min3-dream-set1-snv-precision,somatic-20261009-source-wang2020-tables,"Supplementary Tables workbook sheet 'S1 WGS SNVs', F13; dataset 'DREAM Set1'; caller '4callers(voting>=3)'; column 'Precision'",0.992,result
somatic-20261009-result-wang2020-vote-4callers-min3-dream-set1-snv-recall,somatic-20261009-source-wang2020-tables,"Supplementary Tables workbook sheet 'S1 WGS SNVs', E13; dataset 'DREAM Set1'; caller '4callers(voting>=3)'; column 'Recall'",0.96,result
somatic-20261009-result-wang2020-vote-4callers-min3-dream-set2-snv-count,somatic-20261009-source-wang2020-tables,"Supplementary Tables workbook sheet 'S1 WGS SNVs', D28; dataset 'DREAM Set2'; caller '4callers(voting>=3)'; column 'Count'",4174,result
somatic-20261009-result-wang2020-vote-4callers-min3-dream-set2-snv-f1-score,somatic-20261009-source-wang2020-tables,"Supplementary Tables workbook sheet 'S1 WGS SNVs', G28; dataset 'DREAM Set2'; caller '4callers(voting>=3)'; column 'F1'",0.967,result
somatic-20261009-result-wang2020-vote-4callers-min3-dream-set2-snv-precision,somatic-20261009-source-wang2020-tables,"Supplementary Tables workbook sheet 'S1 WGS SNVs', F28; dataset 'DREAM Set2'; caller '4callers(voting>=3)'; column 'Precision'",0.984,result
somatic-20261009-result-wang2020-vote-4callers-min3-dream-set2-snv-recall,somatic-20261009-source-wang2020-tables,"Supplementary Tables workbook sheet 'S1 WGS SNVs', E28; dataset 'DREAM Set2'; caller '4callers(voting>=3)'; column 'Recall'",0.95,result
somatic-20261009-result-wang2020-vote-4callers-min3-dream-set3-snv-count,somatic-20261009-source-wang2020-tables,"Supplementary Tables workbook sheet 'S1 WGS SNVs', D43; dataset 'DREAM Set3'; caller '4callers(voting>=3)'; column 'Count'",6828,result
somatic-20261009-result-wang2020-vote-4callers-min3-dream-set3-snv-f1-score,somatic-20261009-source-wang2020-tables,"Supplementary Tables workbook sheet 'S1 WGS SNVs', G43; dataset 'DREAM Set3'; caller '4callers(voting>=3)'; column 'F1'",0.926,result
somatic-20261009-result-wang2020-vote-4callers-min3-dream-set3-snv-precision,somatic-20261009-source-wang2020-tables,"Supplementary Tables workbook sheet 'S1 WGS SNVs', F43; dataset 'DREAM Set3'; caller '4callers(voting>=3)'; column 'Precision'",0.999,result
somatic-20261009-result-wang2020-vote-4callers-min3-dream-set3-snv-recall,somatic-20261009-source-wang2020-tables,"Supplementary Tables workbook sheet 'S1 WGS SNVs', E43; dataset 'DREAM Set3'; caller '4callers(voting>=3)'; column 'Recall'",0.863,result
somatic-20261009-result-wang2020-vote-4callers-min3-dream-set4-snv-count,somatic-20261009-source-wang2020-tables,"Supplementary Tables workbook sheet 'S1 WGS SNVs', D58; dataset 'DREAM Set4'; caller '4callers(voting>=3)'; column 'Count'",8710,result
somatic-20261009-result-wang2020-vote-4callers-min3-dream-set4-snv-f1-score,somatic-20261009-source-wang2020-tables,"Supplementary Tables workbook sheet 'S1 WGS SNVs', G58; dataset 'DREAM Set4'; caller '4callers(voting>=3)'; column 'F1'",0.692,result
somatic-20261009-result-wang2020-vote-4callers-min3-dream-set4-snv-precision,somatic-20261009-source-wang2020-tables,"Supplementary Tables workbook sheet 'S1 WGS SNVs', F58; dataset 'DREAM Set4'; caller '4callers(voting>=3)'; column 'Precision'",0.992,result
somatic-20261009-result-wang2020-vote-4callers-min3-dream-set4-snv-recall,somatic-20261009-source-wang2020-tables,"Supplementary Tables workbook sheet 'S1 WGS SNVs', E58; dataset 'DREAM Set4'; caller '4callers(voting>=3)'; column 'Recall'",0.531,result
somatic-20261009-result-wang2020-vote-4callers-min3-mb-snv-count,somatic-20261009-source-wang2020-tables,"Supplementary Tables workbook sheet 'S1 WGS SNVs', D103; dataset 'MB'; caller '4callers(voting>=3)'; column 'Count'",1320,result
somatic-20261009-result-wang2020-vote-4callers-min3-mb-snv-f1-score,somatic-20261009-source-wang2020-tables,"Supplementary Tables workbook sheet 'S1 WGS SNVs', G103; dataset 'MB'; caller '4callers(voting>=3)'; column 'F1'",0.906,result
somatic-20261009-result-wang2020-vote-4callers-min3-mb-snv-precision,somatic-20261009-source-wang2020-tables,"Supplementary Tables workbook sheet 'S1 WGS SNVs', F103; dataset 'MB'; caller '4callers(voting>=3)'; column 'Precision'",0.886,result
somatic-20261009-result-wang2020-vote-4callers-min3-mb-snv-recall,somatic-20261009-source-wang2020-tables,"Supplementary Tables workbook sheet 'S1 WGS SNVs', E103; dataset 'MB'; caller '4callers(voting>=3)'; column 'Recall'",0.926,result
somatic-20261009-result-wang2020-vote-5callers-min2-cll-indel-count,somatic-20261009-source-wang2020-tables,"Supplementary Tables workbook sheet 'S2 WGS INDELs', D37; dataset 'CLL'; caller '5callers (>=2)'; column 'Count'",398,result
somatic-20261009-result-wang2020-vote-5callers-min2-cll-indel-f1-score,somatic-20261009-source-wang2020-tables,"Supplementary Tables workbook sheet 'S2 WGS INDELs', G37; dataset 'CLL'; caller '5callers (>=2)'; column 'F1'",0.342105263158,result
somatic-20261009-result-wang2020-vote-5callers-min2-cll-indel-precision,somatic-20261009-source-wang2020-tables,"Supplementary Tables workbook sheet 'S2 WGS INDELs', F37; dataset 'CLL'; caller '5callers (>=2)'; column 'Precision'",0.22864321608,result
somatic-20261009-result-wang2020-vote-5callers-min2-cll-indel-recall,somatic-20261009-source-wang2020-tables,"Supplementary Tables workbook sheet 'S2 WGS INDELs', E37; dataset 'CLL'; caller '5callers (>=2)'; column 'Recall'",0.679104477612,result
somatic-20261009-result-wang2020-vote-5callers-min2-colo829-indel-count,somatic-20261009-source-wang2020-tables,"Supplementary Tables workbook sheet 'S2 WGS INDELs', D61; dataset 'COLO'; caller '5callers (>=2)'; column 'Count'",1597,result
somatic-20261009-result-wang2020-vote-5callers-min2-colo829-indel-f1-score,somatic-20261009-source-wang2020-tables,"Supplementary Tables workbook sheet 'S2 WGS INDELs', G61; dataset 'COLO'; caller '5callers (>=2)'; column 'F1'",0.380812530592,result
somatic-20261009-result-wang2020-vote-5callers-min2-colo829-indel-precision,somatic-20261009-source-wang2020-tables,"Supplementary Tables workbook sheet 'S2 WGS INDELs', F61; dataset 'COLO'; caller '5callers (>=2)'; column 'Precision'",0.243581715717,result
somatic-20261009-result-wang2020-vote-5callers-min2-colo829-indel-recall,somatic-20261009-source-wang2020-tables,"Supplementary Tables workbook sheet 'S2 WGS INDELs', E61; dataset 'COLO'; caller '5callers (>=2)'; column 'Recall'",0.872197309417,result
somatic-20261009-result-wang2020-vote-5callers-min2-dream-set3-indel-count,somatic-20261009-source-wang2020-tables,"Supplementary Tables workbook sheet 'S2 WGS INDELs', D13; dataset 'DREAM Set3'; caller '5callers (>=2)'; column 'Count'",6033,result
somatic-20261009-result-wang2020-vote-5callers-min2-dream-set3-indel-f1-score,somatic-20261009-source-wang2020-tables,"Supplementary Tables workbook sheet 'S2 WGS INDELs', G13; dataset 'DREAM Set3'; caller '5callers (>=2)'; column 'F1'",0.817170564746,result
somatic-20261009-result-wang2020-vote-5callers-min2-dream-set3-indel-precision,somatic-20261009-source-wang2020-tables,"Supplementary Tables workbook sheet 'S2 WGS INDELs', F13; dataset 'DREAM Set3'; caller '5callers (>=2)'; column 'Precision'",0.949776230731,result
somatic-20261009-result-wang2020-vote-5callers-min2-dream-set3-indel-recall,somatic-20261009-source-wang2020-tables,"Supplementary Tables workbook sheet 'S2 WGS INDELs', E13; dataset 'DREAM Set3'; caller '5callers (>=2)'; column 'Recall'",0.717056688775,result
somatic-20261009-result-wang2020-vote-5callers-min2-dream-set4-indel-count,somatic-20261009-source-wang2020-tables,"Supplementary Tables workbook sheet 'S2 WGS INDELs', D25; dataset 'DREAM Set4'; caller '5callers (>=2)'; column 'Count'",10978,result
somatic-20261009-result-wang2020-vote-5callers-min2-dream-set4-indel-f1-score,somatic-20261009-source-wang2020-tables,"Supplementary Tables workbook sheet 'S2 WGS INDELs', G25; dataset 'DREAM Set4'; caller '5callers (>=2)'; column 'F1'",0.845542666455,result
somatic-20261009-result-wang2020-vote-5callers-min2-dream-set4-indel-precision,somatic-20261009-source-wang2020-tables,"Supplementary Tables workbook sheet 'S2 WGS INDELs', F25; dataset 'DREAM Set4'; caller '5callers (>=2)'; column 'Precision'",0.969393332119,result
somatic-20261009-result-wang2020-vote-5callers-min2-dream-set4-indel-recall,somatic-20261009-source-wang2020-tables,"Supplementary Tables workbook sheet 'S2 WGS INDELs', E25; dataset 'DREAM Set4'; caller '5callers (>=2)'; column 'Recall'",0.749753416937,result
somatic-20261009-result-wang2020-vote-5callers-min2-mb-indel-count,somatic-20261009-source-wang2020-tables,"Supplementary Tables workbook sheet 'S2 WGS INDELs', D49; dataset 'MB'; caller '5callers (>=2)'; column 'Count'",975,result
somatic-20261009-result-wang2020-vote-5callers-min2-mb-indel-f1-score,somatic-20261009-source-wang2020-tables,"Supplementary Tables workbook sheet 'S2 WGS INDELs', G49; dataset 'MB'; caller '5callers (>=2)'; column 'F1'",0.506807866868,result
somatic-20261009-result-wang2020-vote-5callers-min2-mb-indel-precision,somatic-20261009-source-wang2020-tables,"Supplementary Tables workbook sheet 'S2 WGS INDELs', F49; dataset 'MB'; caller '5callers (>=2)'; column 'Precision'",0.34358974359,result
somatic-20261009-result-wang2020-vote-5callers-min2-mb-indel-recall,somatic-20261009-source-wang2020-tables,"Supplementary Tables workbook sheet 'S2 WGS INDELs', E49; dataset 'MB'; caller '5callers (>=2)'; column 'Recall'",0.965417867435,result
somatic-20261009-result-wang2020-vote-5callers-min3-cll-indel-count,somatic-20261009-source-wang2020-tables,"Supplementary Tables workbook sheet 'S2 WGS INDELs', D36; dataset 'CLL'; caller '5callers (>=3)'; column 'Count'",137,result
somatic-20261009-result-wang2020-vote-5callers-min3-cll-indel-f1-score,somatic-20261009-source-wang2020-tables,"Supplementary Tables workbook sheet 'S2 WGS INDELs', G36; dataset 'CLL'; caller '5callers (>=3)'; column 'F1'",0.531365313653,result
somatic-20261009-result-wang2020-vote-5callers-min3-cll-indel-precision,somatic-20261009-source-wang2020-tables,"Supplementary Tables workbook sheet 'S2 WGS INDELs', F36; dataset 'CLL'; caller '5callers (>=3)'; column 'Precision'",0.525547445255,result
somatic-20261009-result-wang2020-vote-5callers-min3-cll-indel-recall,somatic-20261009-source-wang2020-tables,"Supplementary Tables workbook sheet 'S2 WGS INDELs', E36; dataset 'CLL'; caller '5callers (>=3)'; column 'Recall'",0.537313432836,result
somatic-20261009-result-wang2020-vote-5callers-min3-colo829-indel-count,somatic-20261009-source-wang2020-tables,"Supplementary Tables workbook sheet 'S2 WGS INDELs', D60; dataset 'COLO'; caller '5callers (>=3)'; column 'Count'",728,result
somatic-20261009-result-wang2020-vote-5callers-min3-colo829-indel-f1-score,somatic-20261009-source-wang2020-tables,"Supplementary Tables workbook sheet 'S2 WGS INDELs', G60; dataset 'COLO'; caller '5callers (>=3)'; column 'F1'",0.623509369676,result
somatic-20261009-result-wang2020-vote-5callers-min3-colo829-indel-precision,somatic-20261009-source-wang2020-tables,"Supplementary Tables workbook sheet 'S2 WGS INDELs', F60; dataset 'COLO'; caller '5callers (>=3)'; column 'Precision'",0.502747252747,result
somatic-20261009-result-wang2020-vote-5callers-min3-colo829-indel-recall,somatic-20261009-source-wang2020-tables,"Supplementary Tables workbook sheet 'S2 WGS INDELs', E60; dataset 'COLO'; caller '5callers (>=3)'; column 'Recall'",0.820627802691,result
somatic-20261009-result-wang2020-vote-5callers-min3-dream-set3-indel-count,somatic-20261009-source-wang2020-tables,"Supplementary Tables workbook sheet 'S2 WGS INDELs', D12; dataset 'DREAM Set3'; caller '5callers (>=3)'; column 'Count'",5454,result
somatic-20261009-result-wang2020-vote-5callers-min3-dream-set3-indel-f1-score,somatic-20261009-source-wang2020-tables,"Supplementary Tables workbook sheet 'S2 WGS INDELs', G12; dataset 'DREAM Set3'; caller '5callers (>=3)'; column 'F1'",0.807140200818,result
somatic-20261009-result-wang2020-vote-5callers-min3-dream-set3-indel-precision,somatic-20261009-source-wang2020-tables,"Supplementary Tables workbook sheet 'S2 WGS INDELs', F12; dataset 'DREAM Set3'; caller '5callers (>=3)'; column 'Precision'",0.994866153282,result
somatic-20261009-result-wang2020-vote-5callers-min3-dream-set3-indel-recall,somatic-20261009-source-wang2020-tables,"Supplementary Tables workbook sheet 'S2 WGS INDELs', E12; dataset 'DREAM Set3'; caller '5callers (>=3)'; column 'Recall'",0.679013890627,result
somatic-20261009-result-wang2020-vote-5callers-min3-dream-set4-indel-count,somatic-20261009-source-wang2020-tables,"Supplementary Tables workbook sheet 'S2 WGS INDELs', D24; dataset 'DREAM Set4'; caller '5callers (>=3)'; column 'Count'",8335,result
somatic-20261009-result-wang2020-vote-5callers-min3-dream-set4-indel-f1-score,somatic-20261009-source-wang2020-tables,"Supplementary Tables workbook sheet 'S2 WGS INDELs', G24; dataset 'DREAM Set4'; caller '5callers (>=3)'; column 'F1'",0.73753828399,result
somatic-20261009-result-wang2020-vote-5callers-min3-dream-set4-indel-precision,somatic-20261009-source-wang2020-tables,"Supplementary Tables workbook sheet 'S2 WGS INDELs', F24; dataset 'DREAM Set4'; caller '5callers (>=3)'; column 'Precision'",0.99676064787,result
somatic-20261009-result-wang2020-vote-5callers-min3-dream-set4-indel-recall,somatic-20261009-source-wang2020-tables,"Supplementary Tables workbook sheet 'S2 WGS INDELs', E24; dataset 'DREAM Set4'; caller '5callers (>=3)'; column 'Recall'",0.58531773989,result
somatic-20261009-result-wang2020-vote-5callers-min3-mb-indel-count,somatic-20261009-source-wang2020-tables,"Supplementary Tables workbook sheet 'S2 WGS INDELs', D48; dataset 'MB'; caller '5callers (>=3)'; column 'Count'",529,result
somatic-20261009-result-wang2020-vote-5callers-min3-mb-indel-f1-score,somatic-20261009-source-wang2020-tables,"Supplementary Tables workbook sheet 'S2 WGS INDELs', G48; dataset 'MB'; caller '5callers (>=3)'; column 'F1'",0.716894977169,result
somatic-20261009-result-wang2020-vote-5callers-min3-mb-indel-precision,somatic-20261009-source-wang2020-tables,"Supplementary Tables workbook sheet 'S2 WGS INDELs', F48; dataset 'MB'; caller '5callers (>=3)'; column 'Precision'",0.593572778828,result
somatic-20261009-result-wang2020-vote-5callers-min3-mb-indel-recall,somatic-20261009-source-wang2020-tables,"Supplementary Tables workbook sheet 'S2 WGS INDELs', E48; dataset 'MB'; caller '5callers (>=3)'; column 'Recall'",0.904899135447,result
somatic-20261009-result-wang2020-vote-7callers-min3-aml-snv-count,somatic-20261009-source-wang2020-tables,"Supplementary Tables workbook sheet 'S1 WGS SNVs', D91; dataset 'AML'; caller '7callers(voting>=3)'; column 'Count'",1607,result
somatic-20261009-result-wang2020-vote-7callers-min3-aml-snv-f1-score,somatic-20261009-source-wang2020-tables,"Supplementary Tables workbook sheet 'S1 WGS SNVs', G91; dataset 'AML'; caller '7callers(voting>=3)'; column 'F1'",0.812,result
somatic-20261009-result-wang2020-vote-7callers-min3-aml-snv-precision,somatic-20261009-source-wang2020-tables,"Supplementary Tables workbook sheet 'S1 WGS SNVs', F91; dataset 'AML'; caller '7callers(voting>=3)'; column 'Precision'",0.745,result
somatic-20261009-result-wang2020-vote-7callers-min3-aml-snv-recall,somatic-20261009-source-wang2020-tables,"Supplementary Tables workbook sheet 'S1 WGS SNVs', E91; dataset 'AML'; caller '7callers(voting>=3)'; column 'Recall'",0.893,result
somatic-20261009-result-wang2020-vote-7callers-min3-cll-snv-count,somatic-20261009-source-wang2020-tables,"Supplementary Tables workbook sheet 'S1 WGS SNVs', D76; dataset 'CLL'; caller '7callers(voting>=3)'; column 'Count'",1885,result
somatic-20261009-result-wang2020-vote-7callers-min3-cll-snv-f1-score,somatic-20261009-source-wang2020-tables,"Supplementary Tables workbook sheet 'S1 WGS SNVs', G76; dataset 'CLL'; caller '7callers(voting>=3)'; column 'F1'",0.742,result
somatic-20261009-result-wang2020-vote-7callers-min3-cll-snv-precision,somatic-20261009-source-wang2020-tables,"Supplementary Tables workbook sheet 'S1 WGS SNVs', F76; dataset 'CLL'; caller '7callers(voting>=3)'; column 'Precision'",0.63,result
somatic-20261009-result-wang2020-vote-7callers-min3-cll-snv-recall,somatic-20261009-source-wang2020-tables,"Supplementary Tables workbook sheet 'S1 WGS SNVs', E76; dataset 'CLL'; caller '7callers(voting>=3)'; column 'Recall'",0.903,result
somatic-20261009-result-wang2020-vote-7callers-min3-colo829-snv-count,somatic-20261009-source-wang2020-tables,"Supplementary Tables workbook sheet 'S1 WGS SNVs', D121; dataset 'COLO'; caller '7callers(voting>=3)'; column 'Count'",39470,result
somatic-20261009-result-wang2020-vote-7callers-min3-colo829-snv-f1-score,somatic-20261009-source-wang2020-tables,"Supplementary Tables workbook sheet 'S1 WGS SNVs', G121; dataset 'COLO'; caller '7callers(voting>=3)'; column 'F1'",0.933,result
somatic-20261009-result-wang2020-vote-7callers-min3-colo829-snv-precision,somatic-20261009-source-wang2020-tables,"Supplementary Tables workbook sheet 'S1 WGS SNVs', F121; dataset 'COLO'; caller '7callers(voting>=3)'; column 'Precision'",0.886,result
somatic-20261009-result-wang2020-vote-7callers-min3-colo829-snv-recall,somatic-20261009-source-wang2020-tables,"Supplementary Tables workbook sheet 'S1 WGS SNVs', E121; dataset 'COLO'; caller '7callers(voting>=3)'; column 'Recall'",0.984,result
somatic-20261009-result-wang2020-vote-7callers-min3-dream-set1-snv-count,somatic-20261009-source-wang2020-tables,"Supplementary Tables workbook sheet 'S1 WGS SNVs', D16; dataset 'DREAM Set1'; caller '7callers(voting>=3)'; column 'Count'",3848,result
somatic-20261009-result-wang2020-vote-7callers-min3-dream-set1-snv-f1-score,somatic-20261009-source-wang2020-tables,"Supplementary Tables workbook sheet 'S1 WGS SNVs', G16; dataset 'DREAM Set1'; caller '7callers(voting>=3)'; column 'F1'",0.941,result
somatic-20261009-result-wang2020-vote-7callers-min3-dream-set1-snv-precision,somatic-20261009-source-wang2020-tables,"Supplementary Tables workbook sheet 'S1 WGS SNVs', F16; dataset 'DREAM Set1'; caller '7callers(voting>=3)'; column 'Precision'",0.903,result
somatic-20261009-result-wang2020-vote-7callers-min3-dream-set1-snv-recall,somatic-20261009-source-wang2020-tables,"Supplementary Tables workbook sheet 'S1 WGS SNVs', E16; dataset 'DREAM Set1'; caller '7callers(voting>=3)'; column 'Recall'",0.983,result
somatic-20261009-result-wang2020-vote-7callers-min3-dream-set2-snv-count,somatic-20261009-source-wang2020-tables,"Supplementary Tables workbook sheet 'S1 WGS SNVs', D31; dataset 'DREAM Set2'; caller '7callers(voting>=3)'; column 'Count'",4588,result
somatic-20261009-result-wang2020-vote-7callers-min3-dream-set2-snv-f1-score,somatic-20261009-source-wang2020-tables,"Supplementary Tables workbook sheet 'S1 WGS SNVs', G31; dataset 'DREAM Set2'; caller '7callers(voting>=3)'; column 'F1'",0.954,result
somatic-20261009-result-wang2020-vote-7callers-min3-dream-set2-snv-precision,somatic-20261009-source-wang2020-tables,"Supplementary Tables workbook sheet 'S1 WGS SNVs', F31; dataset 'DREAM Set2'; caller '7callers(voting>=3)'; column 'Precision'",0.926,result
somatic-20261009-result-wang2020-vote-7callers-min3-dream-set2-snv-recall,somatic-20261009-source-wang2020-tables,"Supplementary Tables workbook sheet 'S1 WGS SNVs', E31; dataset 'DREAM Set2'; caller '7callers(voting>=3)'; column 'Recall'",0.983,result
somatic-20261009-result-wang2020-vote-7callers-min3-dream-set3-snv-count,somatic-20261009-source-wang2020-tables,"Supplementary Tables workbook sheet 'S1 WGS SNVs', D46; dataset 'DREAM Set3'; caller '7callers(voting>=3)'; column 'Count'",7382,result
somatic-20261009-result-wang2020-vote-7callers-min3-dream-set3-snv-f1-score,somatic-20261009-source-wang2020-tables,"Supplementary Tables workbook sheet 'S1 WGS SNVs', G46; dataset 'DREAM Set3'; caller '7callers(voting>=3)'; column 'F1'",0.941,result
somatic-20261009-result-wang2020-vote-7callers-min3-dream-set3-snv-precision,somatic-20261009-source-wang2020-tables,"Supplementary Tables workbook sheet 'S1 WGS SNVs', F46; dataset 'DREAM Set3'; caller '7callers(voting>=3)'; column 'Precision'",0.975,result
somatic-20261009-result-wang2020-vote-7callers-min3-dream-set3-snv-recall,somatic-20261009-source-wang2020-tables,"Supplementary Tables workbook sheet 'S1 WGS SNVs', E46; dataset 'DREAM Set3'; caller '7callers(voting>=3)'; column 'Recall'",0.91,result
somatic-20261009-result-wang2020-vote-7callers-min3-dream-set4-snv-count,somatic-20261009-source-wang2020-tables,"Supplementary Tables workbook sheet 'S1 WGS SNVs', D61; dataset 'DREAM Set4'; caller '7callers(voting>=3)'; column 'Count'",10979,result
somatic-20261009-result-wang2020-vote-7callers-min3-dream-set4-snv-f1-score,somatic-20261009-source-wang2020-tables,"Supplementary Tables workbook sheet 'S1 WGS SNVs', G61; dataset 'DREAM Set4'; caller '7callers(voting>=3)'; column 'F1'",0.754,result
somatic-20261009-result-wang2020-vote-7callers-min3-dream-set4-snv-precision,somatic-20261009-source-wang2020-tables,"Supplementary Tables workbook sheet 'S1 WGS SNVs', F61; dataset 'DREAM Set4'; caller '7callers(voting>=3)'; column 'Precision'",0.936,result
somatic-20261009-result-wang2020-vote-7callers-min3-dream-set4-snv-recall,somatic-20261009-source-wang2020-tables,"Supplementary Tables workbook sheet 'S1 WGS SNVs', E61; dataset 'DREAM Set4'; caller '7callers(voting>=3)'; column 'Recall'",0.631,result
somatic-20261009-result-wang2020-vote-7callers-min3-mb-snv-count,somatic-20261009-source-wang2020-tables,"Supplementary Tables workbook sheet 'S1 WGS SNVs', D106; dataset 'MB'; caller '7callers(voting>=3)'; column 'Count'",1636,result
somatic-20261009-result-wang2020-vote-7callers-min3-mb-snv-f1-score,somatic-20261009-source-wang2020-tables,"Supplementary Tables workbook sheet 'S1 WGS SNVs', G106; dataset 'MB'; caller '7callers(voting>=3)'; column 'F1'",0.831,result
somatic-20261009-result-wang2020-vote-7callers-min3-mb-snv-precision,somatic-20261009-source-wang2020-tables,"Supplementary Tables workbook sheet 'S1 WGS SNVs', F106; dataset 'MB'; caller '7callers(voting>=3)'; column 'Precision'",0.737,result
somatic-20261009-result-wang2020-vote-7callers-min3-mb-snv-recall,somatic-20261009-source-wang2020-tables,"Supplementary Tables workbook sheet 'S1 WGS SNVs', E106; dataset 'MB'; caller '7callers(voting>=3)'; column 'Recall'",0.954,result
somatic-20261009-result-wang2020-vote-7callers-min4-aml-snv-count,somatic-20261009-source-wang2020-tables,"Supplementary Tables workbook sheet 'S1 WGS SNVs', D90; dataset 'AML'; caller '7callers(voting>=4)'; column 'Count'",1527,result
somatic-20261009-result-wang2020-vote-7callers-min4-aml-snv-f1-score,somatic-20261009-source-wang2020-tables,"Supplementary Tables workbook sheet 'S1 WGS SNVs', G90; dataset 'AML'; caller '7callers(voting>=4)'; column 'F1'",0.823,result
somatic-20261009-result-wang2020-vote-7callers-min4-aml-snv-precision,somatic-20261009-source-wang2020-tables,"Supplementary Tables workbook sheet 'S1 WGS SNVs', F90; dataset 'AML'; caller '7callers(voting>=4)'; column 'Precision'",0.773,result
somatic-20261009-result-wang2020-vote-7callers-min4-aml-snv-recall,somatic-20261009-source-wang2020-tables,"Supplementary Tables workbook sheet 'S1 WGS SNVs', E90; dataset 'AML'; caller '7callers(voting>=4)'; column 'Recall'",0.88,result
somatic-20261009-result-wang2020-vote-7callers-min4-cll-snv-count,somatic-20261009-source-wang2020-tables,"Supplementary Tables workbook sheet 'S1 WGS SNVs', D75; dataset 'CLL'; caller '7callers(voting>=4)'; column 'Count'",1465,result
somatic-20261009-result-wang2020-vote-7callers-min4-cll-snv-f1-score,somatic-20261009-source-wang2020-tables,"Supplementary Tables workbook sheet 'S1 WGS SNVs', G75; dataset 'CLL'; caller '7callers(voting>=4)'; column 'F1'",0.827,result
somatic-20261009-result-wang2020-vote-7callers-min4-cll-snv-precision,somatic-20261009-source-wang2020-tables,"Supplementary Tables workbook sheet 'S1 WGS SNVs', F75; dataset 'CLL'; caller '7callers(voting>=4)'; column 'Precision'",0.785,result
somatic-20261009-result-wang2020-vote-7callers-min4-cll-snv-recall,somatic-20261009-source-wang2020-tables,"Supplementary Tables workbook sheet 'S1 WGS SNVs', E75; dataset 'CLL'; caller '7callers(voting>=4)'; column 'Recall'",0.875,result
somatic-20261009-result-wang2020-vote-7callers-min4-colo829-snv-count,somatic-20261009-source-wang2020-tables,"Supplementary Tables workbook sheet 'S1 WGS SNVs', D120; dataset 'COLO'; caller '7callers(voting>=4)'; column 'Count'",38361,result
somatic-20261009-result-wang2020-vote-7callers-min4-colo829-snv-f1-score,somatic-20261009-source-wang2020-tables,"Supplementary Tables workbook sheet 'S1 WGS SNVs', G120; dataset 'COLO'; caller '7callers(voting>=4)'; column 'F1'",0.939,result
somatic-20261009-result-wang2020-vote-7callers-min4-colo829-snv-precision,somatic-20261009-source-wang2020-tables,"Supplementary Tables workbook sheet 'S1 WGS SNVs', F120; dataset 'COLO'; caller '7callers(voting>=4)'; column 'Precision'",0.904,result
somatic-20261009-result-wang2020-vote-7callers-min4-colo829-snv-recall,somatic-20261009-source-wang2020-tables,"Supplementary Tables workbook sheet 'S1 WGS SNVs', E120; dataset 'COLO'; caller '7callers(voting>=4)'; column 'Recall'",0.976,result
somatic-20261009-result-wang2020-vote-7callers-min4-dream-set1-snv-count,somatic-20261009-source-wang2020-tables,"Supplementary Tables workbook sheet 'S1 WGS SNVs', D15; dataset 'DREAM Set1'; caller '7callers(voting>=4)'; column 'Count'",3575,result
somatic-20261009-result-wang2020-vote-7callers-min4-dream-set1-snv-f1-score,somatic-20261009-source-wang2020-tables,"Supplementary Tables workbook sheet 'S1 WGS SNVs', G15; dataset 'DREAM Set1'; caller '7callers(voting>=4)'; column 'F1'",0.974,result
somatic-20261009-result-wang2020-vote-7callers-min4-dream-set1-snv-precision,somatic-20261009-source-wang2020-tables,"Supplementary Tables workbook sheet 'S1 WGS SNVs', F15; dataset 'DREAM Set1'; caller '7callers(voting>=4)'; column 'Precision'",0.969,result
somatic-20261009-result-wang2020-vote-7callers-min4-dream-set1-snv-recall,somatic-20261009-source-wang2020-tables,"Supplementary Tables workbook sheet 'S1 WGS SNVs', E15; dataset 'DREAM Set1'; caller '7callers(voting>=4)'; column 'Recall'",0.98,result
somatic-20261009-result-wang2020-vote-7callers-min4-dream-set2-snv-count,somatic-20261009-source-wang2020-tables,"Supplementary Tables workbook sheet 'S1 WGS SNVs', D30; dataset 'DREAM Set2'; caller '7callers(voting>=4)'; column 'Count'",4363,result
somatic-20261009-result-wang2020-vote-7callers-min4-dream-set2-snv-f1-score,somatic-20261009-source-wang2020-tables,"Supplementary Tables workbook sheet 'S1 WGS SNVs', G30; dataset 'DREAM Set2'; caller '7callers(voting>=4)'; column 'F1'",0.969,result
somatic-20261009-result-wang2020-vote-7callers-min4-dream-set2-snv-precision,somatic-20261009-source-wang2020-tables,"Supplementary Tables workbook sheet 'S1 WGS SNVs', F30; dataset 'DREAM Set2'; caller '7callers(voting>=4)'; column 'Precision'",0.964,result
somatic-20261009-result-wang2020-vote-7callers-min4-dream-set2-snv-recall,somatic-20261009-source-wang2020-tables,"Supplementary Tables workbook sheet 'S1 WGS SNVs', E30; dataset 'DREAM Set2'; caller '7callers(voting>=4)'; column 'Recall'",0.973,result
somatic-20261009-result-wang2020-vote-7callers-min4-dream-set3-snv-count,somatic-20261009-source-wang2020-tables,"Supplementary Tables workbook sheet 'S1 WGS SNVs', D45; dataset 'DREAM Set3'; caller '7callers(voting>=4)'; column 'Count'",7051,result
somatic-20261009-result-wang2020-vote-7callers-min4-dream-set3-snv-f1-score,somatic-20261009-source-wang2020-tables,"Supplementary Tables workbook sheet 'S1 WGS SNVs', G45; dataset 'DREAM Set3'; caller '7callers(voting>=4)'; column 'F1'",0.936,result
somatic-20261009-result-wang2020-vote-7callers-min4-dream-set3-snv-precision,somatic-20261009-source-wang2020-tables,"Supplementary Tables workbook sheet 'S1 WGS SNVs', F45; dataset 'DREAM Set3'; caller '7callers(voting>=4)'; column 'Precision'",0.993,result
somatic-20261009-result-wang2020-vote-7callers-min4-dream-set3-snv-recall,somatic-20261009-source-wang2020-tables,"Supplementary Tables workbook sheet 'S1 WGS SNVs', E45; dataset 'DREAM Set3'; caller '7callers(voting>=4)'; column 'Recall'",0.886,result
somatic-20261009-result-wang2020-vote-7callers-min4-dream-set4-snv-count,somatic-20261009-source-wang2020-tables,"Supplementary Tables workbook sheet 'S1 WGS SNVs', D60; dataset 'DREAM Set4'; caller '7callers(voting>=4)'; column 'Count'",9034,result
somatic-20261009-result-wang2020-vote-7callers-min4-dream-set4-snv-f1-score,somatic-20261009-source-wang2020-tables,"Supplementary Tables workbook sheet 'S1 WGS SNVs', G60; dataset 'DREAM Set4'; caller '7callers(voting>=4)'; column 'F1'",0.7,result
somatic-20261009-result-wang2020-vote-7callers-min4-dream-set4-snv-precision,somatic-20261009-source-wang2020-tables,"Supplementary Tables workbook sheet 'S1 WGS SNVs', F60; dataset 'DREAM Set4'; caller '7callers(voting>=4)'; column 'Precision'",0.98,result
somatic-20261009-result-wang2020-vote-7callers-min4-dream-set4-snv-recall,somatic-20261009-source-wang2020-tables,"Supplementary Tables workbook sheet 'S1 WGS SNVs', E60; dataset 'DREAM Set4'; caller '7callers(voting>=4)'; column 'Recall'",0.544,result
somatic-20261009-result-wang2020-vote-7callers-min4-mb-snv-count,somatic-20261009-source-wang2020-tables,"Supplementary Tables workbook sheet 'S1 WGS SNVs', D105; dataset 'MB'; caller '7callers(voting>=4)'; column 'Count'",1232,result
somatic-20261009-result-wang2020-vote-7callers-min4-mb-snv-f1-score,somatic-20261009-source-wang2020-tables,"Supplementary Tables workbook sheet 'S1 WGS SNVs', G105; dataset 'MB'; caller '7callers(voting>=4)'; column 'F1'",0.867,result
somatic-20261009-result-wang2020-vote-7callers-min4-mb-snv-precision,somatic-20261009-source-wang2020-tables,"Supplementary Tables workbook sheet 'S1 WGS SNVs', F105; dataset 'MB'; caller '7callers(voting>=4)'; column 'Precision'",0.877,result
somatic-20261009-result-wang2020-vote-7callers-min4-mb-snv-recall,somatic-20261009-source-wang2020-tables,"Supplementary Tables workbook sheet 'S1 WGS SNVs', E105; dataset 'MB'; caller '7callers(voting>=4)'; column 'Recall'",0.856,result
