record_id,source_id,locator,printed_value,review_scope
brca-20261009-result-cubuk2021-aligngvgd-a-brca1-blr,brca-20261009-source-cubuk2021-supplementary-tables,"Supplementary Table 9 (sheet 'SupTable9_Likelihood_Ratios'), G10; tool 'alignGVGD_a'; column 'BRCA1_negative_LR'",2.61,result
brca-20261009-result-cubuk2021-aligngvgd-a-brca1-false-negatives,brca-20261009-source-cubuk2021-supplementary-tables,"Supplementary Table 6 (sheet 'SupTable6_Tool_Counts'), L2; tool 'alignGVGD_a'; column 'BRCA1_FN'",105,result
brca-20261009-result-cubuk2021-aligngvgd-a-brca1-plr,brca-20261009-source-cubuk2021-supplementary-tables,"Supplementary Table 9 (sheet 'SupTable9_Likelihood_Ratios'), F10; tool 'alignGVGD_a'; column 'BRCA1_positive_LR'",7.05,result
brca-20261009-result-cubuk2021-aligngvgd-a-brca2-blr,brca-20261009-source-cubuk2021-supplementary-tables,"Supplementary Table 9 (sheet 'SupTable9_Likelihood_Ratios'), I10; tool 'alignGVGD_a'; column 'BRCA2_negative_LR'",4.66,result
brca-20261009-result-cubuk2021-aligngvgd-a-brca2-false-negatives,brca-20261009-source-cubuk2021-supplementary-tables,"Supplementary Table 6 (sheet 'SupTable6_Tool_Counts'), U2; tool 'alignGVGD_a'; column 'BRCA2_FN'",6,result
brca-20261009-result-cubuk2021-aligngvgd-a-brca2-plr,brca-20261009-source-cubuk2021-supplementary-tables,"Supplementary Table 9 (sheet 'SupTable9_Likelihood_Ratios'), H10; tool 'alignGVGD_a'; column 'BRCA2_positive_LR'",1.78,result
brca-20261009-result-cubuk2021-aligngvgd-b-brca1-blr,brca-20261009-source-cubuk2021-supplementary-tables,"Supplementary Table 9 (sheet 'SupTable9_Likelihood_Ratios'), G11; tool 'alignGVGD_b'; column 'BRCA1_negative_LR'",2.44,result
brca-20261009-result-cubuk2021-aligngvgd-b-brca1-false-negatives,brca-20261009-source-cubuk2021-supplementary-tables,"Supplementary Table 6 (sheet 'SupTable6_Tool_Counts'), L3; tool 'alignGVGD_b'; column 'BRCA1_FN'",125,result
brca-20261009-result-cubuk2021-aligngvgd-b-brca1-plr,brca-20261009-source-cubuk2021-supplementary-tables,"Supplementary Table 9 (sheet 'SupTable9_Likelihood_Ratios'), F11; tool 'alignGVGD_b'; column 'BRCA1_positive_LR'",6.67,result
brca-20261009-result-cubuk2021-aligngvgd-b-brca2-blr,brca-20261009-source-cubuk2021-supplementary-tables,"Supplementary Table 9 (sheet 'SupTable9_Likelihood_Ratios'), I11; tool 'alignGVGD_b'; column 'BRCA2_negative_LR'",4.03,result
brca-20261009-result-cubuk2021-aligngvgd-b-brca2-false-negatives,brca-20261009-source-cubuk2021-supplementary-tables,"Supplementary Table 6 (sheet 'SupTable6_Tool_Counts'), U3; tool 'alignGVGD_b'; column 'BRCA2_FN'",8,result
brca-20261009-result-cubuk2021-aligngvgd-b-brca2-plr,brca-20261009-source-cubuk2021-supplementary-tables,"Supplementary Table 9 (sheet 'SupTable9_Likelihood_Ratios'), H11; tool 'alignGVGD_b'; column 'BRCA2_positive_LR'",1.87,result
brca-20261009-result-cubuk2021-bayesdel-maxaf-genespecific-brca1-blr,brca-20261009-source-cubuk2021-supplementary-tables,"Supplementary Table 9 (sheet 'SupTable9_Likelihood_Ratios'), G50; tool 'BayesDEL_MaxAF_genespecific'; column 'BRCA1_negative_LR'",17.2,result
brca-20261009-result-cubuk2021-bayesdel-maxaf-genespecific-brca1-false-negatives,brca-20261009-source-cubuk2021-supplementary-tables,"Supplementary Table 6 (sheet 'SupTable6_Tool_Counts'), L4; tool 'BayesDEL_MaxAF_genespecific'; column 'BRCA1_FN'",2,result
brca-20261009-result-cubuk2021-bayesdel-maxaf-genespecific-brca1-plr,brca-20261009-source-cubuk2021-supplementary-tables,"Supplementary Table 9 (sheet 'SupTable9_Likelihood_Ratios'), F50; tool 'BayesDEL_MaxAF_genespecific'; column 'BRCA1_positive_LR'",1.09,result
brca-20261009-result-cubuk2021-bayesdel-maxaf-genespecific-brca2-blr,brca-20261009-source-cubuk2021-supplementary-tables,"Supplementary Table 9 (sheet 'SupTable9_Likelihood_Ratios'), I50; tool 'BayesDEL_MaxAF_genespecific'; column 'BRCA2_negative_LR'",17.2,result
brca-20261009-result-cubuk2021-bayesdel-maxaf-genespecific-brca2-false-negatives,brca-20261009-source-cubuk2021-supplementary-tables,"Supplementary Table 6 (sheet 'SupTable6_Tool_Counts'), U4; tool 'BayesDEL_MaxAF_genespecific'; column 'BRCA2_FN'",0,result
brca-20261009-result-cubuk2021-bayesdel-maxaf-genespecific-brca2-plr,brca-20261009-source-cubuk2021-supplementary-tables,"Supplementary Table 9 (sheet 'SupTable9_Likelihood_Ratios'), H50; tool 'BayesDEL_MaxAF_genespecific'; column 'BRCA2_positive_LR'",1.14,result
brca-20261009-result-cubuk2021-bayesdel-maxaf-universal-brca1-blr,brca-20261009-source-cubuk2021-supplementary-tables,"Supplementary Table 9 (sheet 'SupTable9_Likelihood_Ratios'), G52; tool 'BayesDEL_MaxAF_universal'; column 'BRCA1_negative_LR'",15.9,result
brca-20261009-result-cubuk2021-bayesdel-maxaf-universal-brca1-false-negatives,brca-20261009-source-cubuk2021-supplementary-tables,"Supplementary Table 6 (sheet 'SupTable6_Tool_Counts'), L5; tool 'BayesDEL_MaxAF_universal'; column 'BRCA1_FN'",2,result
brca-20261009-result-cubuk2021-bayesdel-maxaf-universal-brca1-plr,brca-20261009-source-cubuk2021-supplementary-tables,"Supplementary Table 9 (sheet 'SupTable9_Likelihood_Ratios'), F52; tool 'BayesDEL_MaxAF_universal'; column 'BRCA1_positive_LR'",1.08,result
brca-20261009-result-cubuk2021-bayesdel-maxaf-universal-brca2-blr,brca-20261009-source-cubuk2021-supplementary-tables,"Supplementary Table 9 (sheet 'SupTable9_Likelihood_Ratios'), I52; tool 'BayesDEL_MaxAF_universal'; column 'BRCA2_negative_LR'",44.3,result
brca-20261009-result-cubuk2021-bayesdel-maxaf-universal-brca2-false-negatives,brca-20261009-source-cubuk2021-supplementary-tables,"Supplementary Table 6 (sheet 'SupTable6_Tool_Counts'), U5; tool 'BayesDEL_MaxAF_universal'; column 'BRCA2_FN'",0,result
brca-20261009-result-cubuk2021-bayesdel-maxaf-universal-brca2-plr,brca-20261009-source-cubuk2021-supplementary-tables,"Supplementary Table 9 (sheet 'SupTable9_Likelihood_Ratios'), H52; tool 'BayesDEL_MaxAF_universal'; column 'BRCA2_positive_LR'",1.51,result
brca-20261009-result-cubuk2021-bayesdel-nomaxaf-genespecific-brca1-blr,brca-20261009-source-cubuk2021-supplementary-tables,"Supplementary Table 9 (sheet 'SupTable9_Likelihood_Ratios'), G37; tool 'BayesDEL_NoMaxAF_genespecific'; column 'BRCA1_negative_LR'",10.8,result
brca-20261009-result-cubuk2021-bayesdel-nomaxaf-genespecific-brca1-false-negatives,brca-20261009-source-cubuk2021-supplementary-tables,"Supplementary Table 6 (sheet 'SupTable6_Tool_Counts'), L6; tool 'BayesDEL_NoMaxAF_genespecific'; column 'BRCA1_FN'",7,result
brca-20261009-result-cubuk2021-bayesdel-nomaxaf-genespecific-brca1-plr,brca-20261009-source-cubuk2021-supplementary-tables,"Supplementary Table 9 (sheet 'SupTable9_Likelihood_Ratios'), F37; tool 'BayesDEL_NoMaxAF_genespecific'; column 'BRCA1_positive_LR'",1.23,result
brca-20261009-result-cubuk2021-bayesdel-nomaxaf-genespecific-brca2-blr,brca-20261009-source-cubuk2021-supplementary-tables,"Supplementary Table 9 (sheet 'SupTable9_Likelihood_Ratios'), I37; tool 'BayesDEL_NoMaxAF_genespecific'; column 'BRCA2_negative_LR'",1.56,result
brca-20261009-result-cubuk2021-bayesdel-nomaxaf-genespecific-brca2-false-negatives,brca-20261009-source-cubuk2021-supplementary-tables,"Supplementary Table 6 (sheet 'SupTable6_Tool_Counts'), U6; tool 'BayesDEL_NoMaxAF_genespecific'; column 'BRCA2_FN'",0,result
brca-20261009-result-cubuk2021-bayesdel-nomaxaf-genespecific-brca2-plr,brca-20261009-source-cubuk2021-supplementary-tables,"Supplementary Table 9 (sheet 'SupTable9_Likelihood_Ratios'), H37; tool 'BayesDEL_NoMaxAF_genespecific'; column 'BRCA2_positive_LR'",1.00,result
brca-20261009-result-cubuk2021-bayesdel-nomaxaf-universal-brca1-blr,brca-20261009-source-cubuk2021-supplementary-tables,"Supplementary Table 9 (sheet 'SupTable9_Likelihood_Ratios'), G38; tool 'BayesDEL_NoMaxAF_universal'; column 'BRCA1_negative_LR'",11.8,result
brca-20261009-result-cubuk2021-bayesdel-nomaxaf-universal-brca1-false-negatives,brca-20261009-source-cubuk2021-supplementary-tables,"Supplementary Table 6 (sheet 'SupTable6_Tool_Counts'), L7; tool 'BayesDEL_NoMaxAF_universal'; column 'BRCA1_FN'",7,result
brca-20261009-result-cubuk2021-bayesdel-nomaxaf-universal-brca1-plr,brca-20261009-source-cubuk2021-supplementary-tables,"Supplementary Table 9 (sheet 'SupTable9_Likelihood_Ratios'), F38; tool 'BayesDEL_NoMaxAF_universal'; column 'BRCA1_positive_LR'",1.26,result
brca-20261009-result-cubuk2021-bayesdel-nomaxaf-universal-brca2-blr,brca-20261009-source-cubuk2021-supplementary-tables,"Supplementary Table 9 (sheet 'SupTable9_Likelihood_Ratios'), I38; tool 'BayesDEL_NoMaxAF_universal'; column 'BRCA2_negative_LR'",16.1,result
brca-20261009-result-cubuk2021-bayesdel-nomaxaf-universal-brca2-false-negatives,brca-20261009-source-cubuk2021-supplementary-tables,"Supplementary Table 6 (sheet 'SupTable6_Tool_Counts'), U7; tool 'BayesDEL_NoMaxAF_universal'; column 'BRCA2_FN'",1,result
brca-20261009-result-cubuk2021-bayesdel-nomaxaf-universal-brca2-plr,brca-20261009-source-cubuk2021-supplementary-tables,"Supplementary Table 9 (sheet 'SupTable9_Likelihood_Ratios'), H38; tool 'BayesDEL_NoMaxAF_universal'; column 'BRCA2_positive_LR'",1.31,result
brca-20261009-result-cubuk2021-cadd-phred-a-brca1-blr,brca-20261009-source-cubuk2021-supplementary-tables,"Supplementary Table 9 (sheet 'SupTable9_Likelihood_Ratios'), G47; tool 'CADD_phred_a'; column 'BRCA1_negative_LR'",36.7,result
brca-20261009-result-cubuk2021-cadd-phred-a-brca1-false-negatives,brca-20261009-source-cubuk2021-supplementary-tables,"Supplementary Table 6 (sheet 'SupTable6_Tool_Counts'), L8; tool 'CADD_phred_a'; column 'BRCA1_FN'",1,result
brca-20261009-result-cubuk2021-cadd-phred-a-brca1-plr,brca-20261009-source-cubuk2021-supplementary-tables,"Supplementary Table 9 (sheet 'SupTable9_Likelihood_Ratios'), F47; tool 'CADD_phred_a'; column 'BRCA1_positive_LR'",1.10,result
brca-20261009-result-cubuk2021-cadd-phred-a-brca2-blr,brca-20261009-source-cubuk2021-supplementary-tables,"Supplementary Table 9 (sheet 'SupTable9_Likelihood_Ratios'), I47; tool 'CADD_phred_a'; column 'BRCA2_negative_LR'",9.92,result
brca-20261009-result-cubuk2021-cadd-phred-a-brca2-false-negatives,brca-20261009-source-cubuk2021-supplementary-tables,"Supplementary Table 6 (sheet 'SupTable6_Tool_Counts'), U8; tool 'CADD_phred_a'; column 'BRCA2_FN'",0,result
brca-20261009-result-cubuk2021-cadd-phred-a-brca2-plr,brca-20261009-source-cubuk2021-supplementary-tables,"Supplementary Table 9 (sheet 'SupTable9_Likelihood_Ratios'), H47; tool 'CADD_phred_a'; column 'BRCA2_positive_LR'",1.07,result
brca-20261009-result-cubuk2021-cadd-phred-b-brca1-blr,brca-20261009-source-cubuk2021-supplementary-tables,"Supplementary Table 9 (sheet 'SupTable9_Likelihood_Ratios'), G60; tool 'CADD_phred_b'; column 'BRCA1_negative_LR'",27.8,result
brca-20261009-result-cubuk2021-cadd-phred-b-brca1-false-negatives,brca-20261009-source-cubuk2021-supplementary-tables,"Supplementary Table 6 (sheet 'SupTable6_Tool_Counts'), L9; tool 'CADD_phred_b'; column 'BRCA1_FN'",0,result
brca-20261009-result-cubuk2021-cadd-phred-b-brca1-plr,brca-20261009-source-cubuk2021-supplementary-tables,"Supplementary Table 9 (sheet 'SupTable9_Likelihood_Ratios'), F60; tool 'CADD_phred_b'; column 'BRCA1_positive_LR'",1.03,result
brca-20261009-result-cubuk2021-cadd-phred-b-brca2-blr,brca-20261009-source-cubuk2021-supplementary-tables,"Supplementary Table 9 (sheet 'SupTable9_Likelihood_Ratios'), I60; tool 'CADD_phred_b'; column 'BRCA2_negative_LR'",3.97,result
brca-20261009-result-cubuk2021-cadd-phred-b-brca2-false-negatives,brca-20261009-source-cubuk2021-supplementary-tables,"Supplementary Table 6 (sheet 'SupTable6_Tool_Counts'), U9; tool 'CADD_phred_b'; column 'BRCA2_FN'",0,result
brca-20261009-result-cubuk2021-cadd-phred-b-brca2-plr,brca-20261009-source-cubuk2021-supplementary-tables,"Supplementary Table 9 (sheet 'SupTable9_Likelihood_Ratios'), H60; tool 'CADD_phred_b'; column 'BRCA2_positive_LR'",1.02,result
brca-20261009-result-cubuk2021-chasm-brca1-blr,brca-20261009-source-cubuk2021-supplementary-tables,"Supplementary Table 9 (sheet 'SupTable9_Likelihood_Ratios'), G64; tool 'CHASM'; column 'BRCA1_negative_LR'",.292,result
brca-20261009-result-cubuk2021-chasm-brca1-false-negatives,brca-20261009-source-cubuk2021-supplementary-tables,"Supplementary Table 6 (sheet 'SupTable6_Tool_Counts'), L10; tool 'CHASM'; column 'BRCA1_FN'",0,result
brca-20261009-result-cubuk2021-chasm-brca1-plr,brca-20261009-source-cubuk2021-supplementary-tables,"Supplementary Table 9 (sheet 'SupTable9_Likelihood_Ratios'), F64; tool 'CHASM'; column 'BRCA1_positive_LR'",1,result
brca-20261009-result-cubuk2021-chasm-brca2-blr,brca-20261009-source-cubuk2021-supplementary-tables,"Supplementary Table 9 (sheet 'SupTable9_Likelihood_Ratios'), I64; tool 'CHASM'; column 'BRCA2_negative_LR'",.522,result
brca-20261009-result-cubuk2021-chasm-brca2-false-negatives,brca-20261009-source-cubuk2021-supplementary-tables,"Supplementary Table 6 (sheet 'SupTable6_Tool_Counts'), U10; tool 'CHASM'; column 'BRCA2_FN'",0,result
brca-20261009-result-cubuk2021-chasm-brca2-plr,brca-20261009-source-cubuk2021-supplementary-tables,"Supplementary Table 9 (sheet 'SupTable9_Likelihood_Ratios'), H64; tool 'CHASM'; column 'BRCA2_positive_LR'",1,result
brca-20261009-result-cubuk2021-clinpred-brca1-blr,brca-20261009-source-cubuk2021-supplementary-tables,"Supplementary Table 9 (sheet 'SupTable9_Likelihood_Ratios'), G30; tool 'ClinPred'; column 'BRCA1_negative_LR'",24.7,result
brca-20261009-result-cubuk2021-clinpred-brca1-false-negatives,brca-20261009-source-cubuk2021-supplementary-tables,"Supplementary Table 6 (sheet 'SupTable6_Tool_Counts'), L11; tool 'ClinPred'; column 'BRCA1_FN'",4,result
brca-20261009-result-cubuk2021-clinpred-brca1-plr,brca-20261009-source-cubuk2021-supplementary-tables,"Supplementary Table 9 (sheet 'SupTable9_Likelihood_Ratios'), F30; tool 'ClinPred'; column 'BRCA1_positive_LR'",1.34,result
brca-20261009-result-cubuk2021-clinpred-brca2-blr,brca-20261009-source-cubuk2021-supplementary-tables,"Supplementary Table 9 (sheet 'SupTable9_Likelihood_Ratios'), I30; tool 'ClinPred'; column 'BRCA2_negative_LR'",41.2,result
brca-20261009-result-cubuk2021-clinpred-brca2-false-negatives,brca-20261009-source-cubuk2021-supplementary-tables,"Supplementary Table 6 (sheet 'SupTable6_Tool_Counts'), U11; tool 'ClinPred'; column 'BRCA2_FN'",0,result
brca-20261009-result-cubuk2021-clinpred-brca2-plr,brca-20261009-source-cubuk2021-supplementary-tables,"Supplementary Table 9 (sheet 'SupTable9_Likelihood_Ratios'), H30; tool 'ClinPred'; column 'BRCA2_positive_LR'",1.46,result
brca-20261009-result-cubuk2021-combined-panther-and-metasnp-brca1-blr,brca-20261009-source-cubuk2021-supplementary-tables,"Supplementary Table 9 (sheet 'SupTable9_Likelihood_Ratios'), G81; tool 'Combined-PANTHER-AND-MetaSNP'; column 'BRCA1_negative_LR'",18.2,result
brca-20261009-result-cubuk2021-combined-panther-and-metasnp-brca1-false-negatives,brca-20261009-source-cubuk2021-supplementary-tables,"Supplementary Table 6 (sheet 'SupTable6_Tool_Counts'), L72; tool 'Combined-PANTHER-AND-MetaSNP'; column 'BRCA1_FN'",11,result
brca-20261009-result-cubuk2021-combined-panther-and-metasnp-brca1-plr,brca-20261009-source-cubuk2021-supplementary-tables,"Supplementary Table 9 (sheet 'SupTable9_Likelihood_Ratios'), F81; tool 'Combined-PANTHER-AND-MetaSNP'; column 'BRCA1_positive_LR'",2.50,result
brca-20261009-result-cubuk2021-combined-panther-and-metasnp-brca2-blr,brca-20261009-source-cubuk2021-supplementary-tables,"Supplementary Table 9 (sheet 'SupTable9_Likelihood_Ratios'), I81; tool 'Combined-PANTHER-AND-MetaSNP'; column 'BRCA2_negative_LR'",46.1,result
brca-20261009-result-cubuk2021-combined-panther-and-metasnp-brca2-false-negatives,brca-20261009-source-cubuk2021-supplementary-tables,"Supplementary Table 6 (sheet 'SupTable6_Tool_Counts'), U72; tool 'Combined-PANTHER-AND-MetaSNP'; column 'BRCA2_FN'",0,result
brca-20261009-result-cubuk2021-combined-panther-and-metasnp-brca2-plr,brca-20261009-source-cubuk2021-supplementary-tables,"Supplementary Table 9 (sheet 'SupTable9_Likelihood_Ratios'), H81; tool 'Combined-PANTHER-AND-MetaSNP'; column 'BRCA2_positive_LR'",1.65,result
brca-20261009-result-cubuk2021-combined-pmut-and-rfpred-brca1-blr,brca-20261009-source-cubuk2021-supplementary-tables,"Supplementary Table 9 (sheet 'SupTable9_Likelihood_Ratios'), G78; tool 'Combined-PMut-AND-rfPred'; column 'BRCA1_negative_LR'",7.36,result
brca-20261009-result-cubuk2021-combined-pmut-and-rfpred-brca1-false-negatives,brca-20261009-source-cubuk2021-supplementary-tables,"Supplementary Table 6 (sheet 'SupTable6_Tool_Counts'), L73; tool 'Combined-PMut-AND-rfPred'; column 'BRCA1_FN'",32,result
brca-20261009-result-cubuk2021-combined-pmut-and-rfpred-brca1-plr,brca-20261009-source-cubuk2021-supplementary-tables,"Supplementary Table 9 (sheet 'SupTable9_Likelihood_Ratios'), F78; tool 'Combined-PMut-AND-rfPred'; column 'BRCA1_positive_LR'",3.45,result
brca-20261009-result-cubuk2021-combined-pmut-and-rfpred-brca2-blr,brca-20261009-source-cubuk2021-supplementary-tables,"Supplementary Table 9 (sheet 'SupTable9_Likelihood_Ratios'), I78; tool 'Combined-PMut-AND-rfPred'; column 'BRCA2_negative_LR'",11.2,result
brca-20261009-result-cubuk2021-combined-pmut-and-rfpred-brca2-false-negatives,brca-20261009-source-cubuk2021-supplementary-tables,"Supplementary Table 6 (sheet 'SupTable6_Tool_Counts'), U73; tool 'Combined-PMut-AND-rfPred'; column 'BRCA2_FN'",4,result
brca-20261009-result-cubuk2021-combined-pmut-and-rfpred-brca2-plr,brca-20261009-source-cubuk2021-supplementary-tables,"Supplementary Table 9 (sheet 'SupTable9_Likelihood_Ratios'), H78; tool 'Combined-PMut-AND-rfPred'; column 'BRCA2_positive_LR'",6.04,result
brca-20261009-result-cubuk2021-combined-polyphen2-hvar-and-sift-and-mutationtaster-brca1-blr,brca-20261009-source-cubuk2021-supplementary-tables,"Supplementary Table 9 (sheet 'SupTable9_Likelihood_Ratios'), G85; tool 'Combined-Polyphen2_HVAR-AND-SIFT-AND-MutationTaster'; column 'BRCA1_negative_LR'",73.7,result
brca-20261009-result-cubuk2021-combined-polyphen2-hvar-and-sift-and-mutationtaster-brca1-false-negatives,brca-20261009-source-cubuk2021-supplementary-tables,"Supplementary Table 6 (sheet 'SupTable6_Tool_Counts'), L74; tool 'Combined-Polyphen2_HVAR-AND-SIFT-AND-MutationTaster'; column 'BRCA1_FN'",0,result
brca-20261009-result-cubuk2021-combined-polyphen2-hvar-and-sift-and-mutationtaster-brca1-plr,brca-20261009-source-cubuk2021-supplementary-tables,"Supplementary Table 9 (sheet 'SupTable9_Likelihood_Ratios'), F85; tool 'Combined-Polyphen2_HVAR-AND-SIFT-AND-MutationTaster'; column 'BRCA1_positive_LR'",1.11,result
brca-20261009-result-cubuk2021-combined-polyphen2-hvar-and-sift-and-mutationtaster-brca2-blr,brca-20261009-source-cubuk2021-supplementary-tables,"Supplementary Table 9 (sheet 'SupTable9_Likelihood_Ratios'), I85; tool 'Combined-Polyphen2_HVAR-AND-SIFT-AND-MutationTaster'; column 'BRCA2_negative_LR'",18.9,result
brca-20261009-result-cubuk2021-combined-polyphen2-hvar-and-sift-and-mutationtaster-brca2-false-negatives,brca-20261009-source-cubuk2021-supplementary-tables,"Supplementary Table 6 (sheet 'SupTable6_Tool_Counts'), U74; tool 'Combined-Polyphen2_HVAR-AND-SIFT-AND-MutationTaster'; column 'BRCA2_FN'",0,result
brca-20261009-result-cubuk2021-combined-polyphen2-hvar-and-sift-and-mutationtaster-brca2-plr,brca-20261009-source-cubuk2021-supplementary-tables,"Supplementary Table 9 (sheet 'SupTable9_Likelihood_Ratios'), H85; tool 'Combined-Polyphen2_HVAR-AND-SIFT-AND-MutationTaster'; column 'BRCA2_positive_LR'",1.16,result
brca-20261009-result-cubuk2021-combined-revel-b-and-aligngvgd-a-brca1-blr,brca-20261009-source-cubuk2021-supplementary-tables,"Supplementary Table 9 (sheet 'SupTable9_Likelihood_Ratios'), G73; tool 'Combined-Revel_b-AND-alignGVGD_a'; column 'BRCA1_negative_LR'",4.48,result
brca-20261009-result-cubuk2021-combined-revel-b-and-aligngvgd-a-brca1-false-negatives,brca-20261009-source-cubuk2021-supplementary-tables,"Supplementary Table 6 (sheet 'SupTable6_Tool_Counts'), L75; tool 'Combined-Revel_b-AND-alignGVGD_a'; column 'BRCA1_FN'",49,result
brca-20261009-result-cubuk2021-combined-revel-b-and-aligngvgd-a-brca1-plr,brca-20261009-source-cubuk2021-supplementary-tables,"Supplementary Table 9 (sheet 'SupTable9_Likelihood_Ratios'), F73; tool 'Combined-Revel_b-AND-alignGVGD_a'; column 'BRCA1_positive_LR'",11.5,result
brca-20261009-result-cubuk2021-combined-revel-b-and-aligngvgd-a-brca2-blr,brca-20261009-source-cubuk2021-supplementary-tables,"Supplementary Table 9 (sheet 'SupTable9_Likelihood_Ratios'), I73; tool 'Combined-Revel_b-AND-alignGVGD_a'; column 'BRCA2_negative_LR'",15.4,result
brca-20261009-result-cubuk2021-combined-revel-b-and-aligngvgd-a-brca2-false-negatives,brca-20261009-source-cubuk2021-supplementary-tables,"Supplementary Table 6 (sheet 'SupTable6_Tool_Counts'), U75; tool 'Combined-Revel_b-AND-alignGVGD_a'; column 'BRCA2_FN'",2,result
brca-20261009-result-cubuk2021-combined-revel-b-and-aligngvgd-a-brca2-plr,brca-20261009-source-cubuk2021-supplementary-tables,"Supplementary Table 9 (sheet 'SupTable9_Likelihood_Ratios'), H73; tool 'Combined-Revel_b-AND-alignGVGD_a'; column 'BRCA2_positive_LR'",2.36,result
brca-20261009-result-cubuk2021-combined-revel-b-and-eigen-pc-b-brca1-blr,brca-20261009-source-cubuk2021-supplementary-tables,"Supplementary Table 9 (sheet 'SupTable9_Likelihood_Ratios'), G83; tool 'Combined-Revel_b-AND-Eigen-PC_b'; column 'BRCA1_negative_LR'",18.6,result
brca-20261009-result-cubuk2021-combined-revel-b-and-eigen-pc-b-brca1-false-negatives,brca-20261009-source-cubuk2021-supplementary-tables,"Supplementary Table 6 (sheet 'SupTable6_Tool_Counts'), L76; tool 'Combined-Revel_b-AND-Eigen-PC_b'; column 'BRCA1_FN'",11,result
brca-20261009-result-cubuk2021-combined-revel-b-and-eigen-pc-b-brca1-plr,brca-20261009-source-cubuk2021-supplementary-tables,"Supplementary Table 9 (sheet 'SupTable9_Likelihood_Ratios'), F83; tool 'Combined-Revel_b-AND-Eigen-PC_b'; column 'BRCA1_positive_LR'",4.46,result
brca-20261009-result-cubuk2021-combined-revel-b-and-eigen-pc-b-brca2-blr,brca-20261009-source-cubuk2021-supplementary-tables,"Supplementary Table 9 (sheet 'SupTable9_Likelihood_Ratios'), I83; tool 'Combined-Revel_b-AND-Eigen-PC_b'; column 'BRCA2_negative_LR'",26.8,result
brca-20261009-result-cubuk2021-combined-revel-b-and-eigen-pc-b-brca2-false-negatives,brca-20261009-source-cubuk2021-supplementary-tables,"Supplementary Table 6 (sheet 'SupTable6_Tool_Counts'), U76; tool 'Combined-Revel_b-AND-Eigen-PC_b'; column 'BRCA2_FN'",1,result
brca-20261009-result-cubuk2021-combined-revel-b-and-eigen-pc-b-brca2-plr,brca-20261009-source-cubuk2021-supplementary-tables,"Supplementary Table 9 (sheet 'SupTable9_Likelihood_Ratios'), H83; tool 'Combined-Revel_b-AND-Eigen-PC_b'; column 'BRCA2_positive_LR'",1.80,result
brca-20261009-result-cubuk2021-combined-revel-b-and-metasnp-brca1-blr,brca-20261009-source-cubuk2021-supplementary-tables,"Supplementary Table 9 (sheet 'SupTable9_Likelihood_Ratios'), G72; tool 'Combined-Revel_b-AND-MetaSNP'; column 'BRCA1_negative_LR'",14.1,result
brca-20261009-result-cubuk2021-combined-revel-b-and-metasnp-brca1-false-negatives,brca-20261009-source-cubuk2021-supplementary-tables,"Supplementary Table 6 (sheet 'SupTable6_Tool_Counts'), L77; tool 'Combined-Revel_b-AND-MetaSNP'; column 'BRCA1_FN'",17,result
brca-20261009-result-cubuk2021-combined-revel-b-and-metasnp-brca1-plr,brca-20261009-source-cubuk2021-supplementary-tables,"Supplementary Table 9 (sheet 'SupTable9_Likelihood_Ratios'), F72; tool 'Combined-Revel_b-AND-MetaSNP'; column 'BRCA1_positive_LR'",4.25,result
brca-20261009-result-cubuk2021-combined-revel-b-and-metasnp-brca2-blr,brca-20261009-source-cubuk2021-supplementary-tables,"Supplementary Table 9 (sheet 'SupTable9_Likelihood_Ratios'), I72; tool 'Combined-Revel_b-AND-MetaSNP'; column 'BRCA2_negative_LR'",83.2,result
brca-20261009-result-cubuk2021-combined-revel-b-and-metasnp-brca2-false-negatives,brca-20261009-source-cubuk2021-supplementary-tables,"Supplementary Table 6 (sheet 'SupTable6_Tool_Counts'), U77; tool 'Combined-Revel_b-AND-MetaSNP'; column 'BRCA2_FN'",0,result
brca-20261009-result-cubuk2021-combined-revel-b-and-metasnp-brca2-plr,brca-20261009-source-cubuk2021-supplementary-tables,"Supplementary Table 9 (sheet 'SupTable9_Likelihood_Ratios'), H72; tool 'Combined-Revel_b-AND-MetaSNP'; column 'BRCA2_positive_LR'",3.59,result
brca-20261009-result-cubuk2021-combined-revel-b-and-mutationtaster-brca1-blr,brca-20261009-source-cubuk2021-supplementary-tables,"Supplementary Table 9 (sheet 'SupTable9_Likelihood_Ratios'), G84; tool 'Combined-Revel_b-AND-MutationTaster'; column 'BRCA1_negative_LR'",55.5,result
brca-20261009-result-cubuk2021-combined-revel-b-and-mutationtaster-brca1-false-negatives,brca-20261009-source-cubuk2021-supplementary-tables,"Supplementary Table 6 (sheet 'SupTable6_Tool_Counts'), L78; tool 'Combined-Revel_b-AND-MutationTaster'; column 'BRCA1_FN'",3,result
brca-20261009-result-cubuk2021-combined-revel-b-and-mutationtaster-brca1-plr,brca-20261009-source-cubuk2021-supplementary-tables,"Supplementary Table 9 (sheet 'SupTable9_Likelihood_Ratios'), F84; tool 'Combined-Revel_b-AND-MutationTaster'; column 'BRCA1_positive_LR'",2.22,result
brca-20261009-result-cubuk2021-combined-revel-b-and-mutationtaster-brca2-blr,brca-20261009-source-cubuk2021-supplementary-tables,"Supplementary Table 9 (sheet 'SupTable9_Likelihood_Ratios'), I84; tool 'Combined-Revel_b-AND-MutationTaster'; column 'BRCA2_negative_LR'",25.6,result
brca-20261009-result-cubuk2021-combined-revel-b-and-mutationtaster-brca2-false-negatives,brca-20261009-source-cubuk2021-supplementary-tables,"Supplementary Table 6 (sheet 'SupTable6_Tool_Counts'), U78; tool 'Combined-Revel_b-AND-MutationTaster'; column 'BRCA2_FN'",1,result
brca-20261009-result-cubuk2021-combined-revel-b-and-mutationtaster-brca2-plr,brca-20261009-source-cubuk2021-supplementary-tables,"Supplementary Table 9 (sheet 'SupTable9_Likelihood_Ratios'), H84; tool 'Combined-Revel_b-AND-MutationTaster'; column 'BRCA2_positive_LR'",1.69,result
brca-20261009-result-cubuk2021-combined-revel-b-and-mutpred-b-brca1-blr,brca-20261009-source-cubuk2021-supplementary-tables,"Supplementary Table 9 (sheet 'SupTable9_Likelihood_Ratios'), G75; tool 'Combined-Revel_b-AND-MutPred_b'; column 'BRCA1_negative_LR'",1.83,result
brca-20261009-result-cubuk2021-combined-revel-b-and-mutpred-b-brca1-false-negatives,brca-20261009-source-cubuk2021-supplementary-tables,"Supplementary Table 6 (sheet 'SupTable6_Tool_Counts'), L79; tool 'Combined-Revel_b-AND-MutPred_b'; column 'BRCA1_FN'",72,result
brca-20261009-result-cubuk2021-combined-revel-b-and-mutpred-b-brca1-plr,brca-20261009-source-cubuk2021-supplementary-tables,"Supplementary Table 9 (sheet 'SupTable9_Likelihood_Ratios'), F75; tool 'Combined-Revel_b-AND-MutPred_b'; column 'BRCA1_positive_LR'",16.8,result
brca-20261009-result-cubuk2021-combined-revel-b-and-mutpred-b-brca2-blr,brca-20261009-source-cubuk2021-supplementary-tables,"Supplementary Table 9 (sheet 'SupTable9_Likelihood_Ratios'), I75; tool 'Combined-Revel_b-AND-MutPred_b'; column 'BRCA2_negative_LR'",20.6,result
brca-20261009-result-cubuk2021-combined-revel-b-and-mutpred-b-brca2-false-negatives,brca-20261009-source-cubuk2021-supplementary-tables,"Supplementary Table 6 (sheet 'SupTable6_Tool_Counts'), U79; tool 'Combined-Revel_b-AND-MutPred_b'; column 'BRCA2_FN'",2,result
brca-20261009-result-cubuk2021-combined-revel-b-and-mutpred-b-brca2-plr,brca-20261009-source-cubuk2021-supplementary-tables,"Supplementary Table 9 (sheet 'SupTable9_Likelihood_Ratios'), H75; tool 'Combined-Revel_b-AND-MutPred_b'; column 'BRCA2_positive_LR'",3.48,result
brca-20261009-result-cubuk2021-combined-revel-b-and-panther-brca1-blr,brca-20261009-source-cubuk2021-supplementary-tables,"Supplementary Table 9 (sheet 'SupTable9_Likelihood_Ratios'), G77; tool 'Combined-Revel_b-AND-PANTHER'; column 'BRCA1_negative_LR'",11.0,result
brca-20261009-result-cubuk2021-combined-revel-b-and-panther-brca1-false-negatives,brca-20261009-source-cubuk2021-supplementary-tables,"Supplementary Table 6 (sheet 'SupTable6_Tool_Counts'), L80; tool 'Combined-Revel_b-AND-PANTHER'; column 'BRCA1_FN'",22,result
brca-20261009-result-cubuk2021-combined-revel-b-and-panther-brca1-plr,brca-20261009-source-cubuk2021-supplementary-tables,"Supplementary Table 9 (sheet 'SupTable9_Likelihood_Ratios'), F77; tool 'Combined-Revel_b-AND-PANTHER'; column 'BRCA1_positive_LR'",4.92,result
brca-20261009-result-cubuk2021-combined-revel-b-and-panther-brca2-blr,brca-20261009-source-cubuk2021-supplementary-tables,"Supplementary Table 9 (sheet 'SupTable9_Likelihood_Ratios'), I77; tool 'Combined-Revel_b-AND-PANTHER'; column 'BRCA2_negative_LR'",24.4,result
brca-20261009-result-cubuk2021-combined-revel-b-and-panther-brca2-false-negatives,brca-20261009-source-cubuk2021-supplementary-tables,"Supplementary Table 6 (sheet 'SupTable6_Tool_Counts'), U80; tool 'Combined-Revel_b-AND-PANTHER'; column 'BRCA2_FN'",1,result
brca-20261009-result-cubuk2021-combined-revel-b-and-panther-brca2-plr,brca-20261009-source-cubuk2021-supplementary-tables,"Supplementary Table 9 (sheet 'SupTable9_Likelihood_Ratios'), H77; tool 'Combined-Revel_b-AND-PANTHER'; column 'BRCA2_positive_LR'",1.71,result
brca-20261009-result-cubuk2021-combined-revel-b-and-pmut-and-rfpred-brca1-blr,brca-20261009-source-cubuk2021-supplementary-tables,"Supplementary Table 9 (sheet 'SupTable9_Likelihood_Ratios'), G80; tool 'Combined-Revel_b-AND-PMut-AND-rfPred'; column 'BRCA1_negative_LR'",5.40,result
brca-20261009-result-cubuk2021-combined-revel-b-and-pmut-and-rfpred-brca1-false-negatives,brca-20261009-source-cubuk2021-supplementary-tables,"Supplementary Table 6 (sheet 'SupTable6_Tool_Counts'), L82; tool 'Combined-Revel_b-AND-PMut-AND-rfPred'; column 'BRCA1_FN'",51,result
brca-20261009-result-cubuk2021-combined-revel-b-and-pmut-and-rfpred-brca1-plr,brca-20261009-source-cubuk2021-supplementary-tables,"Supplementary Table 9 (sheet 'SupTable9_Likelihood_Ratios'), F80; tool 'Combined-Revel_b-AND-PMut-AND-rfPred'; column 'BRCA1_positive_LR'",3.34,result
brca-20261009-result-cubuk2021-combined-revel-b-and-pmut-and-rfpred-brca2-blr,brca-20261009-source-cubuk2021-supplementary-tables,"Supplementary Table 9 (sheet 'SupTable9_Likelihood_Ratios'), I80; tool 'Combined-Revel_b-AND-PMut-AND-rfPred'; column 'BRCA2_negative_LR'",9.29,result
brca-20261009-result-cubuk2021-combined-revel-b-and-pmut-and-rfpred-brca2-false-negatives,brca-20261009-source-cubuk2021-supplementary-tables,"Supplementary Table 6 (sheet 'SupTable6_Tool_Counts'), U82; tool 'Combined-Revel_b-AND-PMut-AND-rfPred'; column 'BRCA2_FN'",5,result
brca-20261009-result-cubuk2021-combined-revel-b-and-pmut-and-rfpred-brca2-plr,brca-20261009-source-cubuk2021-supplementary-tables,"Supplementary Table 9 (sheet 'SupTable9_Likelihood_Ratios'), H80; tool 'Combined-Revel_b-AND-PMut-AND-rfPred'; column 'BRCA2_positive_LR'",3.36,result
brca-20261009-result-cubuk2021-combined-revel-b-and-pmut-brca1-blr,brca-20261009-source-cubuk2021-supplementary-tables,"Supplementary Table 9 (sheet 'SupTable9_Likelihood_Ratios'), G74; tool 'Combined-Revel_b-AND-PMut'; column 'BRCA1_negative_LR'",9.11,result
brca-20261009-result-cubuk2021-combined-revel-b-and-pmut-brca1-false-negatives,brca-20261009-source-cubuk2021-supplementary-tables,"Supplementary Table 6 (sheet 'SupTable6_Tool_Counts'), L81; tool 'Combined-Revel_b-AND-PMut'; column 'BRCA1_FN'",28,result
brca-20261009-result-cubuk2021-combined-revel-b-and-pmut-brca1-plr,brca-20261009-source-cubuk2021-supplementary-tables,"Supplementary Table 9 (sheet 'SupTable9_Likelihood_Ratios'), F74; tool 'Combined-Revel_b-AND-PMut'; column 'BRCA1_positive_LR'",4.86,result
brca-20261009-result-cubuk2021-combined-revel-b-and-pmut-brca2-blr,brca-20261009-source-cubuk2021-supplementary-tables,"Supplementary Table 9 (sheet 'SupTable9_Likelihood_Ratios'), I74; tool 'Combined-Revel_b-AND-PMut'; column 'BRCA2_negative_LR'",14.7,result
brca-20261009-result-cubuk2021-combined-revel-b-and-pmut-brca2-false-negatives,brca-20261009-source-cubuk2021-supplementary-tables,"Supplementary Table 6 (sheet 'SupTable6_Tool_Counts'), U81; tool 'Combined-Revel_b-AND-PMut'; column 'BRCA2_FN'",3,result
brca-20261009-result-cubuk2021-combined-revel-b-and-pmut-brca2-plr,brca-20261009-source-cubuk2021-supplementary-tables,"Supplementary Table 9 (sheet 'SupTable9_Likelihood_Ratios'), H74; tool 'Combined-Revel_b-AND-PMut'; column 'BRCA2_positive_LR'",6.32,result
brca-20261009-result-cubuk2021-combined-revel-b-and-polyphen2-hvar-brca1-blr,brca-20261009-source-cubuk2021-supplementary-tables,"Supplementary Table 9 (sheet 'SupTable9_Likelihood_Ratios'), G82; tool 'Combined-Revel_b-AND-Polyphen2_HVAR'; column 'BRCA1_negative_LR'",34.3,result
brca-20261009-result-cubuk2021-combined-revel-b-and-polyphen2-hvar-brca1-false-negatives,brca-20261009-source-cubuk2021-supplementary-tables,"Supplementary Table 6 (sheet 'SupTable6_Tool_Counts'), L83; tool 'Combined-Revel_b-AND-Polyphen2_HVAR'; column 'BRCA1_FN'",5,result
brca-20261009-result-cubuk2021-combined-revel-b-and-polyphen2-hvar-brca1-plr,brca-20261009-source-cubuk2021-supplementary-tables,"Supplementary Table 9 (sheet 'SupTable9_Likelihood_Ratios'), F82; tool 'Combined-Revel_b-AND-Polyphen2_HVAR'; column 'BRCA1_positive_LR'",2.26,result
brca-20261009-result-cubuk2021-combined-revel-b-and-polyphen2-hvar-brca2-blr,brca-20261009-source-cubuk2021-supplementary-tables,"Supplementary Table 9 (sheet 'SupTable9_Likelihood_Ratios'), I82; tool 'Combined-Revel_b-AND-Polyphen2_HVAR'; column 'BRCA2_negative_LR'",25.4,result
brca-20261009-result-cubuk2021-combined-revel-b-and-polyphen2-hvar-brca2-false-negatives,brca-20261009-source-cubuk2021-supplementary-tables,"Supplementary Table 6 (sheet 'SupTable6_Tool_Counts'), U83; tool 'Combined-Revel_b-AND-Polyphen2_HVAR'; column 'BRCA2_FN'",1,result
brca-20261009-result-cubuk2021-combined-revel-b-and-polyphen2-hvar-brca2-plr,brca-20261009-source-cubuk2021-supplementary-tables,"Supplementary Table 9 (sheet 'SupTable9_Likelihood_Ratios'), H82; tool 'Combined-Revel_b-AND-Polyphen2_HVAR'; column 'BRCA2_positive_LR'",1.68,result
brca-20261009-result-cubuk2021-combined-revel-b-and-rfpred-brca1-blr,brca-20261009-source-cubuk2021-supplementary-tables,"Supplementary Table 9 (sheet 'SupTable9_Likelihood_Ratios'), G79; tool 'Combined-Revel_b-AND-rfPred'; column 'BRCA1_negative_LR'",6.86,result
brca-20261009-result-cubuk2021-combined-revel-b-and-rfpred-brca1-false-negatives,brca-20261009-source-cubuk2021-supplementary-tables,"Supplementary Table 6 (sheet 'SupTable6_Tool_Counts'), L84; tool 'Combined-Revel_b-AND-rfPred'; column 'BRCA1_FN'",37,result
brca-20261009-result-cubuk2021-combined-revel-b-and-rfpred-brca1-plr,brca-20261009-source-cubuk2021-supplementary-tables,"Supplementary Table 9 (sheet 'SupTable9_Likelihood_Ratios'), F79; tool 'Combined-Revel_b-AND-rfPred'; column 'BRCA1_positive_LR'",5.73,result
brca-20261009-result-cubuk2021-combined-revel-b-and-rfpred-brca2-blr,brca-20261009-source-cubuk2021-supplementary-tables,"Supplementary Table 9 (sheet 'SupTable9_Likelihood_Ratios'), I79; tool 'Combined-Revel_b-AND-rfPred'; column 'BRCA2_negative_LR'",19.9,result
brca-20261009-result-cubuk2021-combined-revel-b-and-rfpred-brca2-false-negatives,brca-20261009-source-cubuk2021-supplementary-tables,"Supplementary Table 6 (sheet 'SupTable6_Tool_Counts'), U84; tool 'Combined-Revel_b-AND-rfPred'; column 'BRCA2_FN'",2,result
brca-20261009-result-cubuk2021-combined-revel-b-and-rfpred-brca2-plr,brca-20261009-source-cubuk2021-supplementary-tables,"Supplementary Table 9 (sheet 'SupTable9_Likelihood_Ratios'), H79; tool 'Combined-Revel_b-AND-rfPred'; column 'BRCA2_positive_LR'",2.98,result
brca-20261009-result-cubuk2021-combined-revel-b-and-vest3-c-brca1-blr,brca-20261009-source-cubuk2021-supplementary-tables,"Supplementary Table 9 (sheet 'SupTable9_Likelihood_Ratios'), G76; tool 'Combined-Revel_b-AND-VEST3_c'; column 'BRCA1_negative_LR'",10.0,result
brca-20261009-result-cubuk2021-combined-revel-b-and-vest3-c-brca1-false-negatives,brca-20261009-source-cubuk2021-supplementary-tables,"Supplementary Table 6 (sheet 'SupTable6_Tool_Counts'), L85; tool 'Combined-Revel_b-AND-VEST3_c'; column 'BRCA1_FN'",26,result
brca-20261009-result-cubuk2021-combined-revel-b-and-vest3-c-brca1-plr,brca-20261009-source-cubuk2021-supplementary-tables,"Supplementary Table 9 (sheet 'SupTable9_Likelihood_Ratios'), F76; tool 'Combined-Revel_b-AND-VEST3_c'; column 'BRCA1_positive_LR'",5.46,result
brca-20261009-result-cubuk2021-combined-revel-b-and-vest3-c-brca2-blr,brca-20261009-source-cubuk2021-supplementary-tables,"Supplementary Table 9 (sheet 'SupTable9_Likelihood_Ratios'), I76; tool 'Combined-Revel_b-AND-VEST3_c'; column 'BRCA2_negative_LR'",34.2,result
brca-20261009-result-cubuk2021-combined-revel-b-and-vest3-c-brca2-false-negatives,brca-20261009-source-cubuk2021-supplementary-tables,"Supplementary Table 6 (sheet 'SupTable6_Tool_Counts'), U85; tool 'Combined-Revel_b-AND-VEST3_c'; column 'BRCA2_FN'",1,result
brca-20261009-result-cubuk2021-combined-revel-b-and-vest3-c-brca2-plr,brca-20261009-source-cubuk2021-supplementary-tables,"Supplementary Table 9 (sheet 'SupTable9_Likelihood_Ratios'), H76; tool 'Combined-Revel_b-AND-VEST3_c'; column 'BRCA2_positive_LR'",2.29,result
brca-20261009-result-cubuk2021-condel-brca1-blr,brca-20261009-source-cubuk2021-supplementary-tables,"Supplementary Table 9 (sheet 'SupTable9_Likelihood_Ratios'), G58; tool 'Condel'; column 'BRCA1_negative_LR'",7.40,result
brca-20261009-result-cubuk2021-condel-brca1-false-negatives,brca-20261009-source-cubuk2021-supplementary-tables,"Supplementary Table 6 (sheet 'SupTable6_Tool_Counts'), L12; tool 'Condel'; column 'BRCA1_FN'",9,result
brca-20261009-result-cubuk2021-condel-brca1-plr,brca-20261009-source-cubuk2021-supplementary-tables,"Supplementary Table 9 (sheet 'SupTable9_Likelihood_Ratios'), F58; tool 'Condel'; column 'BRCA1_positive_LR'",1.18,result
brca-20261009-result-cubuk2021-condel-brca2-blr,brca-20261009-source-cubuk2021-supplementary-tables,"Supplementary Table 9 (sheet 'SupTable9_Likelihood_Ratios'), I58; tool 'Condel'; column 'BRCA2_negative_LR'",4.16,result
brca-20261009-result-cubuk2021-condel-brca2-false-negatives,brca-20261009-source-cubuk2021-supplementary-tables,"Supplementary Table 6 (sheet 'SupTable6_Tool_Counts'), U12; tool 'Condel'; column 'BRCA2_FN'",1,result
brca-20261009-result-cubuk2021-condel-brca2-plr,brca-20261009-source-cubuk2021-supplementary-tables,"Supplementary Table 9 (sheet 'SupTable9_Likelihood_Ratios'), H58; tool 'Condel'; column 'BRCA2_positive_LR'",1.05,result
brca-20261009-result-cubuk2021-dann-a-brca1-blr,brca-20261009-source-cubuk2021-supplementary-tables,"Supplementary Table 9 (sheet 'SupTable9_Likelihood_Ratios'), G59; tool 'DANN_a'; column 'BRCA1_negative_LR'",9.81,result
brca-20261009-result-cubuk2021-dann-a-brca1-false-negatives,brca-20261009-source-cubuk2021-supplementary-tables,"Supplementary Table 6 (sheet 'SupTable6_Tool_Counts'), L13; tool 'DANN_a'; column 'BRCA1_FN'",5,result
brca-20261009-result-cubuk2021-dann-a-brca1-plr,brca-20261009-source-cubuk2021-supplementary-tables,"Supplementary Table 9 (sheet 'SupTable9_Likelihood_Ratios'), F59; tool 'DANN_a'; column 'BRCA1_positive_LR'",1.13,result
brca-20261009-result-cubuk2021-dann-a-brca2-blr,brca-20261009-source-cubuk2021-supplementary-tables,"Supplementary Table 9 (sheet 'SupTable9_Likelihood_Ratios'), I59; tool 'DANN_a'; column 'BRCA2_negative_LR'",6.78,result
brca-20261009-result-cubuk2021-dann-a-brca2-false-negatives,brca-20261009-source-cubuk2021-supplementary-tables,"Supplementary Table 6 (sheet 'SupTable6_Tool_Counts'), U13; tool 'DANN_a'; column 'BRCA2_FN'",0,result
brca-20261009-result-cubuk2021-dann-a-brca2-plr,brca-20261009-source-cubuk2021-supplementary-tables,"Supplementary Table 9 (sheet 'SupTable9_Likelihood_Ratios'), H59; tool 'DANN_a'; column 'BRCA2_positive_LR'",1.05,result
brca-20261009-result-cubuk2021-dann-b-brca1-blr,brca-20261009-source-cubuk2021-supplementary-tables,"Supplementary Table 9 (sheet 'SupTable9_Likelihood_Ratios'), G62; tool 'DANN_b'; column 'BRCA1_negative_LR'",14.2,result
brca-20261009-result-cubuk2021-dann-b-brca1-false-negatives,brca-20261009-source-cubuk2021-supplementary-tables,"Supplementary Table 6 (sheet 'SupTable6_Tool_Counts'), L14; tool 'DANN_b'; column 'BRCA1_FN'",3,result
brca-20261009-result-cubuk2021-dann-b-brca1-plr,brca-20261009-source-cubuk2021-supplementary-tables,"Supplementary Table 9 (sheet 'SupTable9_Likelihood_Ratios'), F62; tool 'DANN_b'; column 'BRCA1_positive_LR'",1.12,result
brca-20261009-result-cubuk2021-dann-b-brca2-blr,brca-20261009-source-cubuk2021-supplementary-tables,"Supplementary Table 9 (sheet 'SupTable9_Likelihood_Ratios'), I62; tool 'DANN_b'; column 'BRCA2_negative_LR'",5.93,result
brca-20261009-result-cubuk2021-dann-b-brca2-false-negatives,brca-20261009-source-cubuk2021-supplementary-tables,"Supplementary Table 6 (sheet 'SupTable6_Tool_Counts'), U14; tool 'DANN_b'; column 'BRCA2_FN'",0,result
brca-20261009-result-cubuk2021-dann-b-brca2-plr,brca-20261009-source-cubuk2021-supplementary-tables,"Supplementary Table 9 (sheet 'SupTable9_Likelihood_Ratios'), H62; tool 'DANN_b'; column 'BRCA2_positive_LR'",1.04,result
brca-20261009-result-cubuk2021-dann-c-brca1-blr,brca-20261009-source-cubuk2021-supplementary-tables,"Supplementary Table 9 (sheet 'SupTable9_Likelihood_Ratios'), G32; tool 'DANN_c'; column 'BRCA1_negative_LR'",2.96,result
brca-20261009-result-cubuk2021-dann-c-brca1-false-negatives,brca-20261009-source-cubuk2021-supplementary-tables,"Supplementary Table 6 (sheet 'SupTable6_Tool_Counts'), L15; tool 'DANN_c'; column 'BRCA1_FN'",52,result
brca-20261009-result-cubuk2021-dann-c-brca1-plr,brca-20261009-source-cubuk2021-supplementary-tables,"Supplementary Table 9 (sheet 'SupTable9_Likelihood_Ratios'), F32; tool 'DANN_c'; column 'BRCA1_positive_LR'",1.47,result
brca-20261009-result-cubuk2021-dann-c-brca2-blr,brca-20261009-source-cubuk2021-supplementary-tables,"Supplementary Table 9 (sheet 'SupTable9_Likelihood_Ratios'), I32; tool 'DANN_c'; column 'BRCA2_negative_LR'",1.75,result
brca-20261009-result-cubuk2021-dann-c-brca2-false-negatives,brca-20261009-source-cubuk2021-supplementary-tables,"Supplementary Table 6 (sheet 'SupTable6_Tool_Counts'), U15; tool 'DANN_c'; column 'BRCA2_FN'",8,result
brca-20261009-result-cubuk2021-dann-c-brca2-plr,brca-20261009-source-cubuk2021-supplementary-tables,"Supplementary Table 9 (sheet 'SupTable9_Likelihood_Ratios'), H32; tool 'DANN_c'; column 'BRCA2_positive_LR'",1.12,result
brca-20261009-result-cubuk2021-eigen-pc-a-brca1-blr,brca-20261009-source-cubuk2021-supplementary-tables,"Supplementary Table 9 (sheet 'SupTable9_Likelihood_Ratios'), G28; tool 'Eigen-PC_a'; column 'BRCA1_negative_LR'",10.9,result
brca-20261009-result-cubuk2021-eigen-pc-a-brca1-false-negatives,brca-20261009-source-cubuk2021-supplementary-tables,"Supplementary Table 6 (sheet 'SupTable6_Tool_Counts'), L16; tool 'Eigen-PC_a'; column 'BRCA1_FN'",14,result
brca-20261009-result-cubuk2021-eigen-pc-a-brca1-plr,brca-20261009-source-cubuk2021-supplementary-tables,"Supplementary Table 9 (sheet 'SupTable9_Likelihood_Ratios'), F28; tool 'Eigen-PC_a'; column 'BRCA1_positive_LR'",1.64,result
brca-20261009-result-cubuk2021-eigen-pc-a-brca2-blr,brca-20261009-source-cubuk2021-supplementary-tables,"Supplementary Table 9 (sheet 'SupTable9_Likelihood_Ratios'), I28; tool 'Eigen-PC_a'; column 'BRCA2_negative_LR'",16.1,result
brca-20261009-result-cubuk2021-eigen-pc-a-brca2-false-negatives,brca-20261009-source-cubuk2021-supplementary-tables,"Supplementary Table 6 (sheet 'SupTable6_Tool_Counts'), U16; tool 'Eigen-PC_a'; column 'BRCA2_FN'",1,result
brca-20261009-result-cubuk2021-eigen-pc-a-brca2-plr,brca-20261009-source-cubuk2021-supplementary-tables,"Supplementary Table 9 (sheet 'SupTable9_Likelihood_Ratios'), H28; tool 'Eigen-PC_a'; column 'BRCA2_positive_LR'",1.31,result
brca-20261009-result-cubuk2021-eigen-pc-b-brca1-blr,brca-20261009-source-cubuk2021-supplementary-tables,"Supplementary Table 9 (sheet 'SupTable9_Likelihood_Ratios'), G12; tool 'Eigen-PC_b'; column 'BRCA1_negative_LR'",13.6,result
brca-20261009-result-cubuk2021-eigen-pc-b-brca1-false-negatives,brca-20261009-source-cubuk2021-supplementary-tables,"Supplementary Table 6 (sheet 'SupTable6_Tool_Counts'), L17; tool 'Eigen-PC_b'; column 'BRCA1_FN'",14,result
brca-20261009-result-cubuk2021-eigen-pc-b-brca1-plr,brca-20261009-source-cubuk2021-supplementary-tables,"Supplementary Table 9 (sheet 'SupTable9_Likelihood_Ratios'), F12; tool 'Eigen-PC_b'; column 'BRCA1_positive_LR'",2.73,result
brca-20261009-result-cubuk2021-eigen-pc-b-brca2-blr,brca-20261009-source-cubuk2021-supplementary-tables,"Supplementary Table 9 (sheet 'SupTable9_Likelihood_Ratios'), I12; tool 'Eigen-PC_b'; column 'BRCA2_negative_LR'",18.7,result
brca-20261009-result-cubuk2021-eigen-pc-b-brca2-false-negatives,brca-20261009-source-cubuk2021-supplementary-tables,"Supplementary Table 6 (sheet 'SupTable6_Tool_Counts'), U17; tool 'Eigen-PC_b'; column 'BRCA2_FN'",1,result
brca-20261009-result-cubuk2021-eigen-pc-b-brca2-plr,brca-20261009-source-cubuk2021-supplementary-tables,"Supplementary Table 9 (sheet 'SupTable9_Likelihood_Ratios'), H12; tool 'Eigen-PC_b'; column 'BRCA2_positive_LR'",1.43,result
brca-20261009-result-cubuk2021-fathmm-brca1-blr,brca-20261009-source-cubuk2021-supplementary-tables,"Supplementary Table 9 (sheet 'SupTable9_Likelihood_Ratios'), G61; tool 'FATHMM'; column 'BRCA1_negative_LR'",2.40,result
brca-20261009-result-cubuk2021-fathmm-brca1-false-negatives,brca-20261009-source-cubuk2021-supplementary-tables,"Supplementary Table 6 (sheet 'SupTable6_Tool_Counts'), L18; tool 'FATHMM'; column 'BRCA1_FN'",40,result
brca-20261009-result-cubuk2021-fathmm-brca1-plr,brca-20261009-source-cubuk2021-supplementary-tables,"Supplementary Table 9 (sheet 'SupTable9_Likelihood_Ratios'), F61; tool 'FATHMM'; column 'BRCA1_positive_LR'",1.20,result
brca-20261009-result-cubuk2021-fathmm-brca2-blr,brca-20261009-source-cubuk2021-supplementary-tables,"Supplementary Table 9 (sheet 'SupTable9_Likelihood_Ratios'), I61; tool 'FATHMM'; column 'BRCA2_negative_LR'",6.13,result
brca-20261009-result-cubuk2021-fathmm-brca2-false-negatives,brca-20261009-source-cubuk2021-supplementary-tables,"Supplementary Table 6 (sheet 'SupTable6_Tool_Counts'), U18; tool 'FATHMM'; column 'BRCA2_FN'",5,result
brca-20261009-result-cubuk2021-fathmm-brca2-plr,brca-20261009-source-cubuk2021-supplementary-tables,"Supplementary Table 9 (sheet 'SupTable9_Likelihood_Ratios'), H61; tool 'FATHMM'; column 'BRCA2_positive_LR'",1.77,result
brca-20261009-result-cubuk2021-fathmm-mkl-coding-brca1-blr,brca-20261009-source-cubuk2021-supplementary-tables,"Supplementary Table 9 (sheet 'SupTable9_Likelihood_Ratios'), G49; tool 'fathmm-MKL_coding'; column 'BRCA1_negative_LR'",14.5,result
brca-20261009-result-cubuk2021-fathmm-mkl-coding-brca1-false-negatives,brca-20261009-source-cubuk2021-supplementary-tables,"Supplementary Table 6 (sheet 'SupTable6_Tool_Counts'), L19; tool 'fathmm-MKL_coding'; column 'BRCA1_FN'",7,result
brca-20261009-result-cubuk2021-fathmm-mkl-coding-brca1-plr,brca-20261009-source-cubuk2021-supplementary-tables,"Supplementary Table 9 (sheet 'SupTable9_Likelihood_Ratios'), F49; tool 'fathmm-MKL_coding'; column 'BRCA1_positive_LR'",1.35,result
brca-20261009-result-cubuk2021-fathmm-mkl-coding-brca2-blr,brca-20261009-source-cubuk2021-supplementary-tables,"Supplementary Table 9 (sheet 'SupTable9_Likelihood_Ratios'), I49; tool 'fathmm-MKL_coding'; column 'BRCA2_negative_LR'",23.5,result
brca-20261009-result-cubuk2021-fathmm-mkl-coding-brca2-false-negatives,brca-20261009-source-cubuk2021-supplementary-tables,"Supplementary Table 6 (sheet 'SupTable6_Tool_Counts'), U19; tool 'fathmm-MKL_coding'; column 'BRCA2_FN'",0,result
brca-20261009-result-cubuk2021-fathmm-mkl-coding-brca2-plr,brca-20261009-source-cubuk2021-supplementary-tables,"Supplementary Table 9 (sheet 'SupTable9_Likelihood_Ratios'), H49; tool 'fathmm-MKL_coding'; column 'BRCA2_positive_LR'",1.21,result
brca-20261009-result-cubuk2021-gavin-brca1-blr,brca-20261009-source-cubuk2021-supplementary-tables,"Supplementary Table 9 (sheet 'SupTable9_Likelihood_Ratios'), G57; tool 'Gavin'; column 'BRCA1_negative_LR'",2.21,result
brca-20261009-result-cubuk2021-gavin-brca1-false-negatives,brca-20261009-source-cubuk2021-supplementary-tables,"Supplementary Table 6 (sheet 'SupTable6_Tool_Counts'), L20; tool 'Gavin'; column 'BRCA1_FN'",8,result
brca-20261009-result-cubuk2021-gavin-brca1-plr,brca-20261009-source-cubuk2021-supplementary-tables,"Supplementary Table 9 (sheet 'SupTable9_Likelihood_Ratios'), F57; tool 'Gavin'; column 'BRCA1_positive_LR'",1.07,result
brca-20261009-result-cubuk2021-gavin-brca2-blr,brca-20261009-source-cubuk2021-supplementary-tables,"Supplementary Table 9 (sheet 'SupTable9_Likelihood_Ratios'), I57; tool 'Gavin'; column 'BRCA2_negative_LR'",4.44,result
brca-20261009-result-cubuk2021-gavin-brca2-false-negatives,brca-20261009-source-cubuk2021-supplementary-tables,"Supplementary Table 6 (sheet 'SupTable6_Tool_Counts'), U20; tool 'Gavin'; column 'BRCA2_FN'",3,result
brca-20261009-result-cubuk2021-gavin-brca2-plr,brca-20261009-source-cubuk2021-supplementary-tables,"Supplementary Table 9 (sheet 'SupTable9_Likelihood_Ratios'), H57; tool 'Gavin'; column 'BRCA2_positive_LR'",1.22,result
brca-20261009-result-cubuk2021-genocanyon-brca1-blr,brca-20261009-source-cubuk2021-supplementary-tables,"Supplementary Table 9 (sheet 'SupTable9_Likelihood_Ratios'), G55; tool 'GenoCanyon'; column 'BRCA1_negative_LR'",1.26,result
brca-20261009-result-cubuk2021-genocanyon-brca1-false-negatives,brca-20261009-source-cubuk2021-supplementary-tables,"Supplementary Table 6 (sheet 'SupTable6_Tool_Counts'), L21; tool 'GenoCanyon'; column 'BRCA1_FN'",231,result
brca-20261009-result-cubuk2021-genocanyon-brca1-plr,brca-20261009-source-cubuk2021-supplementary-tables,"Supplementary Table 9 (sheet 'SupTable9_Likelihood_Ratios'), F55; tool 'GenoCanyon'; column 'BRCA1_positive_LR'",1.78,result
brca-20261009-result-cubuk2021-genocanyon-brca2-blr,brca-20261009-source-cubuk2021-supplementary-tables,"Supplementary Table 9 (sheet 'SupTable9_Likelihood_Ratios'), I55; tool 'GenoCanyon'; column 'BRCA2_negative_LR'",6.24,result
brca-20261009-result-cubuk2021-genocanyon-brca2-false-negatives,brca-20261009-source-cubuk2021-supplementary-tables,"Supplementary Table 6 (sheet 'SupTable6_Tool_Counts'), U21; tool 'GenoCanyon'; column 'BRCA2_FN'",2,result
brca-20261009-result-cubuk2021-genocanyon-brca2-plr,brca-20261009-source-cubuk2021-supplementary-tables,"Supplementary Table 9 (sheet 'SupTable9_Likelihood_Ratios'), H55; tool 'GenoCanyon'; column 'BRCA2_positive_LR'",1.20,result
brca-20261009-result-cubuk2021-gerppp-rs-a-brca1-blr,brca-20261009-source-cubuk2021-supplementary-tables,"Supplementary Table 9 (sheet 'SupTable9_Likelihood_Ratios'), G65; tool 'GERP++_RS_a'; column 'BRCA1_negative_LR'",7.59,result
brca-20261009-result-cubuk2021-gerppp-rs-a-brca1-false-negatives,brca-20261009-source-cubuk2021-supplementary-tables,"Supplementary Table 6 (sheet 'SupTable6_Tool_Counts'), L22; tool 'GERP++_RS_a'; column 'BRCA1_FN'",6,result
brca-20261009-result-cubuk2021-gerppp-rs-a-brca1-plr,brca-20261009-source-cubuk2021-supplementary-tables,"Supplementary Table 9 (sheet 'SupTable9_Likelihood_Ratios'), F65; tool 'GERP++_RS_a'; column 'BRCA1_positive_LR'",1.12,result
brca-20261009-result-cubuk2021-gerppp-rs-a-brca2-blr,brca-20261009-source-cubuk2021-supplementary-tables,"Supplementary Table 9 (sheet 'SupTable9_Likelihood_Ratios'), I65; tool 'GERP++_RS_a'; column 'BRCA2_negative_LR'",9.92,result
brca-20261009-result-cubuk2021-gerppp-rs-a-brca2-false-negatives,brca-20261009-source-cubuk2021-supplementary-tables,"Supplementary Table 6 (sheet 'SupTable6_Tool_Counts'), U22; tool 'GERP++_RS_a'; column 'BRCA2_FN'",0,result
brca-20261009-result-cubuk2021-gerppp-rs-a-brca2-plr,brca-20261009-source-cubuk2021-supplementary-tables,"Supplementary Table 9 (sheet 'SupTable9_Likelihood_Ratios'), H65; tool 'GERP++_RS_a'; column 'BRCA2_positive_LR'",1.07,result
brca-20261009-result-cubuk2021-gerppp-rs-b-brca1-blr,brca-20261009-source-cubuk2021-supplementary-tables,"Supplementary Table 9 (sheet 'SupTable9_Likelihood_Ratios'), G53; tool 'GERP++_RS_b'; column 'BRCA1_negative_LR'",5.77,result
brca-20261009-result-cubuk2021-gerppp-rs-b-brca1-false-negatives,brca-20261009-source-cubuk2021-supplementary-tables,"Supplementary Table 6 (sheet 'SupTable6_Tool_Counts'), L23; tool 'GERP++_RS_b'; column 'BRCA1_FN'",17,result
brca-20261009-result-cubuk2021-gerppp-rs-b-brca1-plr,brca-20261009-source-cubuk2021-supplementary-tables,"Supplementary Table 9 (sheet 'SupTable9_Likelihood_Ratios'), F53; tool 'GERP++_RS_b'; column 'BRCA1_positive_LR'",1.29,result
brca-20261009-result-cubuk2021-gerppp-rs-b-brca2-blr,brca-20261009-source-cubuk2021-supplementary-tables,"Supplementary Table 9 (sheet 'SupTable9_Likelihood_Ratios'), I53; tool 'GERP++_RS_b'; column 'BRCA2_negative_LR'",5.98,result
brca-20261009-result-cubuk2021-gerppp-rs-b-brca2-false-negatives,brca-20261009-source-cubuk2021-supplementary-tables,"Supplementary Table 6 (sheet 'SupTable6_Tool_Counts'), U23; tool 'GERP++_RS_b'; column 'BRCA2_FN'",2,result
brca-20261009-result-cubuk2021-gerppp-rs-b-brca2-plr,brca-20261009-source-cubuk2021-supplementary-tables,"Supplementary Table 9 (sheet 'SupTable9_Likelihood_Ratios'), H53; tool 'GERP++_RS_b'; column 'BRCA2_positive_LR'",1.19,result
brca-20261009-result-cubuk2021-gerppp-rs-c-brca1-blr,brca-20261009-source-cubuk2021-supplementary-tables,"Supplementary Table 9 (sheet 'SupTable9_Likelihood_Ratios'), G39; tool 'GERP++_RS_c'; column 'BRCA1_negative_LR'",3.02,result
brca-20261009-result-cubuk2021-gerppp-rs-c-brca1-false-negatives,brca-20261009-source-cubuk2021-supplementary-tables,"Supplementary Table 6 (sheet 'SupTable6_Tool_Counts'), L24; tool 'GERP++_RS_c'; column 'BRCA1_FN'",66,result
brca-20261009-result-cubuk2021-gerppp-rs-c-brca1-plr,brca-20261009-source-cubuk2021-supplementary-tables,"Supplementary Table 9 (sheet 'SupTable9_Likelihood_Ratios'), F39; tool 'GERP++_RS_c'; column 'BRCA1_positive_LR'",1.78,result
brca-20261009-result-cubuk2021-gerppp-rs-c-brca2-blr,brca-20261009-source-cubuk2021-supplementary-tables,"Supplementary Table 9 (sheet 'SupTable9_Likelihood_Ratios'), I39; tool 'GERP++_RS_c'; column 'BRCA2_negative_LR'",3.03,result
brca-20261009-result-cubuk2021-gerppp-rs-c-brca2-false-negatives,brca-20261009-source-cubuk2021-supplementary-tables,"Supplementary Table 6 (sheet 'SupTable6_Tool_Counts'), U24; tool 'GERP++_RS_c'; column 'BRCA2_FN'",6,result
brca-20261009-result-cubuk2021-gerppp-rs-c-brca2-plr,brca-20261009-source-cubuk2021-supplementary-tables,"Supplementary Table 9 (sheet 'SupTable9_Likelihood_Ratios'), H39; tool 'GERP++_RS_c'; column 'BRCA2_positive_LR'",1.26,result
brca-20261009-result-cubuk2021-grantham-a-brca1-blr,brca-20261009-source-cubuk2021-supplementary-tables,"Supplementary Table 9 (sheet 'SupTable9_Likelihood_Ratios'), G41; tool 'Grantham_a'; column 'BRCA1_negative_LR'",1.52,result
brca-20261009-result-cubuk2021-grantham-a-brca1-false-negatives,brca-20261009-source-cubuk2021-supplementary-tables,"Supplementary Table 6 (sheet 'SupTable6_Tool_Counts'), L25; tool 'Grantham_a'; column 'BRCA1_FN'",178,result
brca-20261009-result-cubuk2021-grantham-a-brca1-plr,brca-20261009-source-cubuk2021-supplementary-tables,"Supplementary Table 9 (sheet 'SupTable9_Likelihood_Ratios'), F41; tool 'Grantham_a'; column 'BRCA1_positive_LR'",1.95,result
brca-20261009-result-cubuk2021-grantham-a-brca2-blr,brca-20261009-source-cubuk2021-supplementary-tables,"Supplementary Table 9 (sheet 'SupTable9_Likelihood_Ratios'), I41; tool 'Grantham_a'; column 'BRCA2_negative_LR'",1.26,result
brca-20261009-result-cubuk2021-grantham-a-brca2-false-negatives,brca-20261009-source-cubuk2021-supplementary-tables,"Supplementary Table 6 (sheet 'SupTable6_Tool_Counts'), U25; tool 'Grantham_a'; column 'BRCA2_FN'",37,result
brca-20261009-result-cubuk2021-grantham-a-brca2-plr,brca-20261009-source-cubuk2021-supplementary-tables,"Supplementary Table 9 (sheet 'SupTable9_Likelihood_Ratios'), H41; tool 'Grantham_a'; column 'BRCA2_positive_LR'",1.58,result
brca-20261009-result-cubuk2021-grantham-b-brca1-blr,brca-20261009-source-cubuk2021-supplementary-tables,"Supplementary Table 9 (sheet 'SupTable9_Likelihood_Ratios'), G29; tool 'Grantham_b'; column 'BRCA1_negative_LR'",1.83,result
brca-20261009-result-cubuk2021-grantham-b-brca1-false-negatives,brca-20261009-source-cubuk2021-supplementary-tables,"Supplementary Table 6 (sheet 'SupTable6_Tool_Counts'), L26; tool 'Grantham_b'; column 'BRCA1_FN'",67,result
brca-20261009-result-cubuk2021-grantham-b-brca1-plr,brca-20261009-source-cubuk2021-supplementary-tables,"Supplementary Table 9 (sheet 'SupTable9_Likelihood_Ratios'), F29; tool 'Grantham_b'; column 'BRCA1_positive_LR'",4.05,result
brca-20261009-result-cubuk2021-grantham-b-brca2-blr,brca-20261009-source-cubuk2021-supplementary-tables,"Supplementary Table 9 (sheet 'SupTable9_Likelihood_Ratios'), I29; tool 'Grantham_b'; column 'BRCA2_negative_LR'",1.13,result
brca-20261009-result-cubuk2021-grantham-b-brca2-false-negatives,brca-20261009-source-cubuk2021-supplementary-tables,"Supplementary Table 6 (sheet 'SupTable6_Tool_Counts'), U26; tool 'Grantham_b'; column 'BRCA2_FN'",10,result
brca-20261009-result-cubuk2021-grantham-b-brca2-plr,brca-20261009-source-cubuk2021-supplementary-tables,"Supplementary Table 9 (sheet 'SupTable9_Likelihood_Ratios'), H29; tool 'Grantham_b'; column 'BRCA2_positive_LR'",1.23,result
brca-20261009-result-cubuk2021-integrated-fitcons-a-brca1-blr,brca-20261009-source-cubuk2021-supplementary-tables,"Supplementary Table 9 (sheet 'SupTable9_Likelihood_Ratios'), G71; tool 'Integrated_fitCons_a'; column 'BRCA1_negative_LR'",1.34,result
brca-20261009-result-cubuk2021-integrated-fitcons-a-brca1-false-negatives,brca-20261009-source-cubuk2021-supplementary-tables,"Supplementary Table 6 (sheet 'SupTable6_Tool_Counts'), L27; tool 'Integrated_fitCons_a'; column 'BRCA1_FN'",64,result
brca-20261009-result-cubuk2021-integrated-fitcons-a-brca1-plr,brca-20261009-source-cubuk2021-supplementary-tables,"Supplementary Table 9 (sheet 'SupTable9_Likelihood_Ratios'), F71; tool 'Integrated_fitCons_a'; column 'BRCA1_positive_LR'",1.07,result
brca-20261009-result-cubuk2021-integrated-fitcons-a-brca2-blr,brca-20261009-source-cubuk2021-supplementary-tables,"Supplementary Table 9 (sheet 'SupTable9_Likelihood_Ratios'), I71; tool 'Integrated_fitCons_a'; column 'BRCA2_negative_LR'",.910,result
brca-20261009-result-cubuk2021-integrated-fitcons-a-brca2-false-negatives,brca-20261009-source-cubuk2021-supplementary-tables,"Supplementary Table 6 (sheet 'SupTable6_Tool_Counts'), U27; tool 'Integrated_fitCons_a'; column 'BRCA2_FN'",56,result
brca-20261009-result-cubuk2021-integrated-fitcons-a-brca2-plr,brca-20261009-source-cubuk2021-supplementary-tables,"Supplementary Table 9 (sheet 'SupTable9_Likelihood_Ratios'), H71; tool 'Integrated_fitCons_a'; column 'BRCA2_positive_LR'",.615,result
brca-20261009-result-cubuk2021-lrt-brca1-blr,brca-20261009-source-cubuk2021-supplementary-tables,"Supplementary Table 9 (sheet 'SupTable9_Likelihood_Ratios'), G25; tool 'LRT'; column 'BRCA1_negative_LR'",2.99,result
brca-20261009-result-cubuk2021-lrt-brca1-false-negatives,brca-20261009-source-cubuk2021-supplementary-tables,"Supplementary Table 6 (sheet 'SupTable6_Tool_Counts'), L28; tool 'LRT'; column 'BRCA1_FN'",85,result
brca-20261009-result-cubuk2021-lrt-brca1-plr,brca-20261009-source-cubuk2021-supplementary-tables,"Supplementary Table 9 (sheet 'SupTable9_Likelihood_Ratios'), F25; tool 'LRT'; column 'BRCA1_positive_LR'",2.46,result
brca-20261009-result-cubuk2021-lrt-brca2-blr,brca-20261009-source-cubuk2021-supplementary-tables,"Supplementary Table 9 (sheet 'SupTable9_Likelihood_Ratios'), I25; tool 'LRT'; column 'BRCA2_negative_LR'",9.62,result
brca-20261009-result-cubuk2021-lrt-brca2-false-negatives,brca-20261009-source-cubuk2021-supplementary-tables,"Supplementary Table 6 (sheet 'SupTable6_Tool_Counts'), U28; tool 'LRT'; column 'BRCA2_FN'",2,result
brca-20261009-result-cubuk2021-lrt-brca2-plr,brca-20261009-source-cubuk2021-supplementary-tables,"Supplementary Table 9 (sheet 'SupTable9_Likelihood_Ratios'), H25; tool 'LRT'; column 'BRCA2_positive_LR'",1.38,result
brca-20261009-result-cubuk2021-m-cap-brca1-blr,brca-20261009-source-cubuk2021-supplementary-tables,"Supplementary Table 9 (sheet 'SupTable9_Likelihood_Ratios'), G70; tool 'M-CAP'; column 'BRCA1_negative_LR'",.882,result
brca-20261009-result-cubuk2021-m-cap-brca1-false-negatives,brca-20261009-source-cubuk2021-supplementary-tables,"Supplementary Table 6 (sheet 'SupTable6_Tool_Counts'), L29; tool 'M-CAP'; column 'BRCA1_FN'",0,result
brca-20261009-result-cubuk2021-m-cap-brca1-plr,brca-20261009-source-cubuk2021-supplementary-tables,"Supplementary Table 9 (sheet 'SupTable9_Likelihood_Ratios'), F70; tool 'M-CAP'; column 'BRCA1_positive_LR'",1.00,result
brca-20261009-result-cubuk2021-m-cap-brca2-blr,brca-20261009-source-cubuk2021-supplementary-tables,"Supplementary Table 9 (sheet 'SupTable9_Likelihood_Ratios'), I70; tool 'M-CAP'; column 'BRCA2_negative_LR'",1.61,result
brca-20261009-result-cubuk2021-m-cap-brca2-false-negatives,brca-20261009-source-cubuk2021-supplementary-tables,"Supplementary Table 6 (sheet 'SupTable6_Tool_Counts'), U29; tool 'M-CAP'; column 'BRCA2_FN'",0,result
brca-20261009-result-cubuk2021-m-cap-brca2-plr,brca-20261009-source-cubuk2021-supplementary-tables,"Supplementary Table 9 (sheet 'SupTable9_Likelihood_Ratios'), H70; tool 'M-CAP'; column 'BRCA2_positive_LR'",1.00,result
brca-20261009-result-cubuk2021-metalr-brca1-blr,brca-20261009-source-cubuk2021-supplementary-tables,"Supplementary Table 9 (sheet 'SupTable9_Likelihood_Ratios'), G48; tool 'MetaLR'; column 'BRCA1_negative_LR'",6.05,result
brca-20261009-result-cubuk2021-metalr-brca1-false-negatives,brca-20261009-source-cubuk2021-supplementary-tables,"Supplementary Table 6 (sheet 'SupTable6_Tool_Counts'), L31; tool 'MetaLR'; column 'BRCA1_FN'",18,result
brca-20261009-result-cubuk2021-metalr-brca1-plr,brca-20261009-source-cubuk2021-supplementary-tables,"Supplementary Table 9 (sheet 'SupTable9_Likelihood_Ratios'), F48; tool 'MetaLR'; column 'BRCA1_positive_LR'",1.34,result
brca-20261009-result-cubuk2021-metalr-brca2-blr,brca-20261009-source-cubuk2021-supplementary-tables,"Supplementary Table 9 (sheet 'SupTable9_Likelihood_Ratios'), I48; tool 'MetaLR'; column 'BRCA2_negative_LR'",21.8,result
brca-20261009-result-cubuk2021-metalr-brca2-false-negatives,brca-20261009-source-cubuk2021-supplementary-tables,"Supplementary Table 6 (sheet 'SupTable6_Tool_Counts'), U31; tool 'MetaLR'; column 'BRCA2_FN'",1,result
brca-20261009-result-cubuk2021-metalr-brca2-plr,brca-20261009-source-cubuk2021-supplementary-tables,"Supplementary Table 9 (sheet 'SupTable9_Likelihood_Ratios'), H48; tool 'MetaLR'; column 'BRCA2_positive_LR'",1.49,result
brca-20261009-result-cubuk2021-metasnp-brca1-blr,brca-20261009-source-cubuk2021-supplementary-tables,"Supplementary Table 9 (sheet 'SupTable9_Likelihood_Ratios'), G3; tool 'MetaSNP'; column 'BRCA1_negative_LR'",8.73,result
brca-20261009-result-cubuk2021-metasnp-brca1-false-negatives,brca-20261009-source-cubuk2021-supplementary-tables,"Supplementary Table 6 (sheet 'SupTable6_Tool_Counts'), L30; tool 'MetaSNP'; column 'BRCA1_FN'",23,result
brca-20261009-result-cubuk2021-metasnp-brca1-plr,brca-20261009-source-cubuk2021-supplementary-tables,"Supplementary Table 9 (sheet 'SupTable9_Likelihood_Ratios'), F3; tool 'MetaSNP'; column 'BRCA1_positive_LR'",2.04,result
brca-20261009-result-cubuk2021-metasnp-brca2-blr,brca-20261009-source-cubuk2021-supplementary-tables,"Supplementary Table 9 (sheet 'SupTable9_Likelihood_Ratios'), I3; tool 'MetaSNP'; column 'BRCA2_negative_LR'",13.9,result
brca-20261009-result-cubuk2021-metasnp-brca2-false-negatives,brca-20261009-source-cubuk2021-supplementary-tables,"Supplementary Table 6 (sheet 'SupTable6_Tool_Counts'), U30; tool 'MetaSNP'; column 'BRCA2_FN'",3,result
brca-20261009-result-cubuk2021-metasnp-brca2-plr,brca-20261009-source-cubuk2021-supplementary-tables,"Supplementary Table 9 (sheet 'SupTable9_Likelihood_Ratios'), H3; tool 'MetaSNP'; column 'BRCA2_positive_LR'",2.74,result
brca-20261009-result-cubuk2021-metasvm-brca1-blr,brca-20261009-source-cubuk2021-supplementary-tables,"Supplementary Table 9 (sheet 'SupTable9_Likelihood_Ratios'), G34; tool 'MetaSVM'; column 'BRCA1_negative_LR'",7.85,result
brca-20261009-result-cubuk2021-metasvm-brca1-false-negatives,brca-20261009-source-cubuk2021-supplementary-tables,"Supplementary Table 6 (sheet 'SupTable6_Tool_Counts'), L32; tool 'MetaSVM'; column 'BRCA1_FN'",21,result
brca-20261009-result-cubuk2021-metasvm-brca1-plr,brca-20261009-source-cubuk2021-supplementary-tables,"Supplementary Table 9 (sheet 'SupTable9_Likelihood_Ratios'), F34; tool 'MetaSVM'; column 'BRCA1_positive_LR'",1.70,result
brca-20261009-result-cubuk2021-metasvm-brca2-blr,brca-20261009-source-cubuk2021-supplementary-tables,"Supplementary Table 9 (sheet 'SupTable9_Likelihood_Ratios'), I34; tool 'MetaSVM'; column 'BRCA2_negative_LR'",23.4,result
brca-20261009-result-cubuk2021-metasvm-brca2-false-negatives,brca-20261009-source-cubuk2021-supplementary-tables,"Supplementary Table 6 (sheet 'SupTable6_Tool_Counts'), U32; tool 'MetaSVM'; column 'BRCA2_FN'",1,result
brca-20261009-result-cubuk2021-metasvm-brca2-plr,brca-20261009-source-cubuk2021-supplementary-tables,"Supplementary Table 9 (sheet 'SupTable9_Likelihood_Ratios'), H34; tool 'MetaSVM'; column 'BRCA2_positive_LR'",1.55,result
brca-20261009-result-cubuk2021-mlp-a-brca1-blr,brca-20261009-source-cubuk2021-supplementary-tables,"Supplementary Table 9 (sheet 'SupTable9_Likelihood_Ratios'), G69; tool 'MLP_a'; column 'BRCA1_negative_LR'",7.01,result
brca-20261009-result-cubuk2021-mlp-a-brca1-false-negatives,brca-20261009-source-cubuk2021-supplementary-tables,"Supplementary Table 6 (sheet 'SupTable6_Tool_Counts'), L33; tool 'MLP_a'; column 'BRCA1_FN'",1,result
brca-20261009-result-cubuk2021-mlp-a-brca1-plr,brca-20261009-source-cubuk2021-supplementary-tables,"Supplementary Table 9 (sheet 'SupTable9_Likelihood_Ratios'), F69; tool 'MLP_a'; column 'BRCA1_positive_LR'",1.01,result
brca-20261009-result-cubuk2021-mlp-a-brca2-blr,brca-20261009-source-cubuk2021-supplementary-tables,"Supplementary Table 9 (sheet 'SupTable9_Likelihood_Ratios'), I69; tool 'MLP_a'; column 'BRCA2_negative_LR'",12.0,result
brca-20261009-result-cubuk2021-mlp-a-brca2-false-negatives,brca-20261009-source-cubuk2021-supplementary-tables,"Supplementary Table 6 (sheet 'SupTable6_Tool_Counts'), U33; tool 'MLP_a'; column 'BRCA2_FN'",0,result
brca-20261009-result-cubuk2021-mlp-a-brca2-plr,brca-20261009-source-cubuk2021-supplementary-tables,"Supplementary Table 9 (sheet 'SupTable9_Likelihood_Ratios'), H69; tool 'MLP_a'; column 'BRCA2_positive_LR'",1.09,result
brca-20261009-result-cubuk2021-mlp-b-brca1-blr,brca-20261009-source-cubuk2021-supplementary-tables,"Supplementary Table 9 (sheet 'SupTable9_Likelihood_Ratios'), G63; tool 'MLP_b'; column 'BRCA1_negative_LR'",8.98,result
brca-20261009-result-cubuk2021-mlp-b-brca1-false-negatives,brca-20261009-source-cubuk2021-supplementary-tables,"Supplementary Table 6 (sheet 'SupTable6_Tool_Counts'), L34; tool 'MLP_b'; column 'BRCA1_FN'",4,result
brca-20261009-result-cubuk2021-mlp-b-brca1-plr,brca-20261009-source-cubuk2021-supplementary-tables,"Supplementary Table 9 (sheet 'SupTable9_Likelihood_Ratios'), F63; tool 'MLP_b'; column 'BRCA1_positive_LR'",1.09,result
brca-20261009-result-cubuk2021-mlp-b-brca2-blr,brca-20261009-source-cubuk2021-supplementary-tables,"Supplementary Table 9 (sheet 'SupTable9_Likelihood_Ratios'), I63; tool 'MLP_b'; column 'BRCA2_negative_LR'",18.2,result
brca-20261009-result-cubuk2021-mlp-b-brca2-false-negatives,brca-20261009-source-cubuk2021-supplementary-tables,"Supplementary Table 6 (sheet 'SupTable6_Tool_Counts'), U34; tool 'MLP_b'; column 'BRCA2_FN'",1,result
brca-20261009-result-cubuk2021-mlp-b-brca2-plr,brca-20261009-source-cubuk2021-supplementary-tables,"Supplementary Table 9 (sheet 'SupTable9_Likelihood_Ratios'), H63; tool 'MLP_b'; column 'BRCA2_positive_LR'",1.37,result
brca-20261009-result-cubuk2021-mlp-c-brca1-blr,brca-20261009-source-cubuk2021-supplementary-tables,"Supplementary Table 9 (sheet 'SupTable9_Likelihood_Ratios'), G43; tool 'MLP_c'; column 'BRCA1_negative_LR'",7.82,result
brca-20261009-result-cubuk2021-mlp-c-brca1-false-negatives,brca-20261009-source-cubuk2021-supplementary-tables,"Supplementary Table 6 (sheet 'SupTable6_Tool_Counts'), L35; tool 'MLP_c'; column 'BRCA1_FN'",14,result
brca-20261009-result-cubuk2021-mlp-c-brca1-plr,brca-20261009-source-cubuk2021-supplementary-tables,"Supplementary Table 9 (sheet 'SupTable9_Likelihood_Ratios'), F43; tool 'MLP_c'; column 'BRCA1_positive_LR'",1.36,result
brca-20261009-result-cubuk2021-mlp-c-brca2-blr,brca-20261009-source-cubuk2021-supplementary-tables,"Supplementary Table 9 (sheet 'SupTable9_Likelihood_Ratios'), I43; tool 'MLP_c'; column 'BRCA2_negative_LR'",30.6,result
brca-20261009-result-cubuk2021-mlp-c-brca2-false-negatives,brca-20261009-source-cubuk2021-supplementary-tables,"Supplementary Table 6 (sheet 'SupTable6_Tool_Counts'), U35; tool 'MLP_c'; column 'BRCA2_FN'",1,result
brca-20261009-result-cubuk2021-mlp-c-brca2-plr,brca-20261009-source-cubuk2021-supplementary-tables,"Supplementary Table 9 (sheet 'SupTable9_Likelihood_Ratios'), H43; tool 'MLP_c'; column 'BRCA2_positive_LR'",1.89,result
brca-20261009-result-cubuk2021-msc-cadd-based-brca1-blr,brca-20261009-source-cubuk2021-supplementary-tables,"Supplementary Table 9 (sheet 'SupTable9_Likelihood_Ratios'), G56; tool 'MSC-CADD-based'; column 'BRCA1_negative_LR'",35.6,result
brca-20261009-result-cubuk2021-msc-cadd-based-brca1-false-negatives,brca-20261009-source-cubuk2021-supplementary-tables,"Supplementary Table 6 (sheet 'SupTable6_Tool_Counts'), L36; tool 'MSC-CADD-based'; column 'BRCA1_FN'",1,result
brca-20261009-result-cubuk2021-msc-cadd-based-brca1-plr,brca-20261009-source-cubuk2021-supplementary-tables,"Supplementary Table 9 (sheet 'SupTable9_Likelihood_Ratios'), F56; tool 'MSC-CADD-based'; column 'BRCA1_positive_LR'",1.10,result
brca-20261009-result-cubuk2021-msc-cadd-based-brca2-blr,brca-20261009-source-cubuk2021-supplementary-tables,"Supplementary Table 9 (sheet 'SupTable9_Likelihood_Ratios'), I56; tool 'MSC-CADD-based'; column 'BRCA2_negative_LR'",5.69,result
brca-20261009-result-cubuk2021-msc-cadd-based-brca2-false-negatives,brca-20261009-source-cubuk2021-supplementary-tables,"Supplementary Table 6 (sheet 'SupTable6_Tool_Counts'), U36; tool 'MSC-CADD-based'; column 'BRCA2_FN'",0,result
brca-20261009-result-cubuk2021-msc-cadd-based-brca2-plr,brca-20261009-source-cubuk2021-supplementary-tables,"Supplementary Table 9 (sheet 'SupTable9_Likelihood_Ratios'), H56; tool 'MSC-CADD-based'; column 'BRCA2_positive_LR'",1.04,result
brca-20261009-result-cubuk2021-msc-polyphen2-based-brca1-blr,brca-20261009-source-cubuk2021-supplementary-tables,"Supplementary Table 9 (sheet 'SupTable9_Likelihood_Ratios'), G44; tool 'MSC-PolyPhen2-based'; column 'BRCA1_negative_LR'",11.4,result
brca-20261009-result-cubuk2021-msc-polyphen2-based-brca1-false-negatives,brca-20261009-source-cubuk2021-supplementary-tables,"Supplementary Table 6 (sheet 'SupTable6_Tool_Counts'), L37; tool 'MSC-PolyPhen2-based'; column 'BRCA1_FN'",5,result
brca-20261009-result-cubuk2021-msc-polyphen2-based-brca1-plr,brca-20261009-source-cubuk2021-supplementary-tables,"Supplementary Table 9 (sheet 'SupTable9_Likelihood_Ratios'), F44; tool 'MSC-PolyPhen2-based'; column 'BRCA1_positive_LR'",1.16,result
brca-20261009-result-cubuk2021-msc-polyphen2-based-brca2-blr,brca-20261009-source-cubuk2021-supplementary-tables,"Supplementary Table 9 (sheet 'SupTable9_Likelihood_Ratios'), I44; tool 'MSC-PolyPhen2-based'; column 'BRCA2_negative_LR'",1.56,result
brca-20261009-result-cubuk2021-msc-polyphen2-based-brca2-false-negatives,brca-20261009-source-cubuk2021-supplementary-tables,"Supplementary Table 6 (sheet 'SupTable6_Tool_Counts'), U37; tool 'MSC-PolyPhen2-based'; column 'BRCA2_FN'",0,result
brca-20261009-result-cubuk2021-msc-polyphen2-based-brca2-plr,brca-20261009-source-cubuk2021-supplementary-tables,"Supplementary Table 9 (sheet 'SupTable9_Likelihood_Ratios'), H44; tool 'MSC-PolyPhen2-based'; column 'BRCA2_positive_LR'",1.00,result
brca-20261009-result-cubuk2021-msc-sift-based-brca1-blr,brca-20261009-source-cubuk2021-supplementary-tables,"Supplementary Table 9 (sheet 'SupTable9_Likelihood_Ratios'), G17; tool 'MSC-SIFT-based'; column 'BRCA1_negative_LR'",10.7,result
brca-20261009-result-cubuk2021-msc-sift-based-brca1-false-negatives,brca-20261009-source-cubuk2021-supplementary-tables,"Supplementary Table 6 (sheet 'SupTable6_Tool_Counts'), L38; tool 'MSC-SIFT-based'; column 'BRCA1_FN'",8,result
brca-20261009-result-cubuk2021-msc-sift-based-brca1-plr,brca-20261009-source-cubuk2021-supplementary-tables,"Supplementary Table 9 (sheet 'SupTable9_Likelihood_Ratios'), F17; tool 'MSC-SIFT-based'; column 'BRCA1_positive_LR'",1.27,result
brca-20261009-result-cubuk2021-msc-sift-based-brca2-blr,brca-20261009-source-cubuk2021-supplementary-tables,"Supplementary Table 9 (sheet 'SupTable9_Likelihood_Ratios'), I17; tool 'MSC-SIFT-based'; column 'BRCA2_negative_LR'",37.0,result
brca-20261009-result-cubuk2021-msc-sift-based-brca2-false-negatives,brca-20261009-source-cubuk2021-supplementary-tables,"Supplementary Table 6 (sheet 'SupTable6_Tool_Counts'), U38; tool 'MSC-SIFT-based'; column 'BRCA2_FN'",0,result
brca-20261009-result-cubuk2021-msc-sift-based-brca2-plr,brca-20261009-source-cubuk2021-supplementary-tables,"Supplementary Table 9 (sheet 'SupTable9_Likelihood_Ratios'), H17; tool 'MSC-SIFT-based'; column 'BRCA2_positive_LR'",1.39,result
brca-20261009-result-cubuk2021-mutationassessor-brca1-blr,brca-20261009-source-cubuk2021-supplementary-tables,"Supplementary Table 9 (sheet 'SupTable9_Likelihood_Ratios'), G14; tool 'MutationAssessor'; column 'BRCA1_negative_LR'",6.64,result
brca-20261009-result-cubuk2021-mutationassessor-brca1-false-negatives,brca-20261009-source-cubuk2021-supplementary-tables,"Supplementary Table 6 (sheet 'SupTable6_Tool_Counts'), L39; tool 'MutationAssessor'; column 'BRCA1_FN'",30,result
brca-20261009-result-cubuk2021-mutationassessor-brca1-plr,brca-20261009-source-cubuk2021-supplementary-tables,"Supplementary Table 9 (sheet 'SupTable9_Likelihood_Ratios'), F14; tool 'MutationAssessor'; column 'BRCA1_positive_LR'",2.10,result
brca-20261009-result-cubuk2021-mutationassessor-brca2-blr,brca-20261009-source-cubuk2021-supplementary-tables,"Supplementary Table 9 (sheet 'SupTable9_Likelihood_Ratios'), I14; tool 'MutationAssessor'; column 'BRCA2_negative_LR'",9.88,result
brca-20261009-result-cubuk2021-mutationassessor-brca2-false-negatives,brca-20261009-source-cubuk2021-supplementary-tables,"Supplementary Table 6 (sheet 'SupTable6_Tool_Counts'), U39; tool 'MutationAssessor'; column 'BRCA2_FN'",1,result
brca-20261009-result-cubuk2021-mutationassessor-brca2-plr,brca-20261009-source-cubuk2021-supplementary-tables,"Supplementary Table 9 (sheet 'SupTable9_Likelihood_Ratios'), H14; tool 'MutationAssessor'; column 'BRCA2_positive_LR'",1.16,result
brca-20261009-result-cubuk2021-mutationtaster-brca1-blr,brca-20261009-source-cubuk2021-supplementary-tables,"Supplementary Table 9 (sheet 'SupTable9_Likelihood_Ratios'), G46; tool 'MutationTaster'; column 'BRCA1_negative_LR'",20.5,result
brca-20261009-result-cubuk2021-mutationtaster-brca1-false-negatives,brca-20261009-source-cubuk2021-supplementary-tables,"Supplementary Table 6 (sheet 'SupTable6_Tool_Counts'), L40; tool 'MutationTaster'; column 'BRCA1_FN'",4,result
brca-20261009-result-cubuk2021-mutationtaster-brca1-plr,brca-20261009-source-cubuk2021-supplementary-tables,"Supplementary Table 9 (sheet 'SupTable9_Likelihood_Ratios'), F46; tool 'MutationTaster'; column 'BRCA1_positive_LR'",1.27,result
brca-20261009-result-cubuk2021-mutationtaster-brca2-blr,brca-20261009-source-cubuk2021-supplementary-tables,"Supplementary Table 9 (sheet 'SupTable9_Likelihood_Ratios'), I46; tool 'MutationTaster'; column 'BRCA2_negative_LR'",15.0,result
brca-20261009-result-cubuk2021-mutationtaster-brca2-false-negatives,brca-20261009-source-cubuk2021-supplementary-tables,"Supplementary Table 6 (sheet 'SupTable6_Tool_Counts'), U40; tool 'MutationTaster'; column 'BRCA2_FN'",1,result
brca-20261009-result-cubuk2021-mutationtaster-brca2-plr,brca-20261009-source-cubuk2021-supplementary-tables,"Supplementary Table 9 (sheet 'SupTable9_Likelihood_Ratios'), H46; tool 'MutationTaster'; column 'BRCA2_positive_LR'",1.28,result
brca-20261009-result-cubuk2021-mutpred-a-brca1-blr,brca-20261009-source-cubuk2021-supplementary-tables,"Supplementary Table 9 (sheet 'SupTable9_Likelihood_Ratios'), G15; tool 'MutPred_a'; column 'BRCA1_negative_LR'",1.17,result
brca-20261009-result-cubuk2021-mutpred-a-brca1-false-negatives,brca-20261009-source-cubuk2021-supplementary-tables,"Supplementary Table 6 (sheet 'SupTable6_Tool_Counts'), L41; tool 'MutPred_a'; column 'BRCA1_FN'",280,result
brca-20261009-result-cubuk2021-mutpred-a-brca1-plr,brca-20261009-source-cubuk2021-supplementary-tables,"Supplementary Table 9 (sheet 'SupTable9_Likelihood_Ratios'), F15; tool 'MutPred_a'; column 'BRCA1_positive_LR'",2.21,result
brca-20261009-result-cubuk2021-mutpred-a-brca2-blr,brca-20261009-source-cubuk2021-supplementary-tables,"Supplementary Table 9 (sheet 'SupTable9_Likelihood_Ratios'), I15; tool 'MutPred_a'; column 'BRCA2_negative_LR'",6.50,result
brca-20261009-result-cubuk2021-mutpred-a-brca2-false-negatives,brca-20261009-source-cubuk2021-supplementary-tables,"Supplementary Table 6 (sheet 'SupTable6_Tool_Counts'), U41; tool 'MutPred_a'; column 'BRCA2_FN'",4,result
brca-20261009-result-cubuk2021-mutpred-a-brca2-plr,brca-20261009-source-cubuk2021-supplementary-tables,"Supplementary Table 9 (sheet 'SupTable9_Likelihood_Ratios'), H15; tool 'MutPred_a'; column 'BRCA2_positive_LR'",1.57,result
brca-20261009-result-cubuk2021-mutpred-b-brca1-blr,brca-20261009-source-cubuk2021-supplementary-tables,"Supplementary Table 9 (sheet 'SupTable9_Likelihood_Ratios'), G5; tool 'MutPred_b'; column 'BRCA1_negative_LR'",1.15,result
brca-20261009-result-cubuk2021-mutpred-b-brca1-false-negatives,brca-20261009-source-cubuk2021-supplementary-tables,"Supplementary Table 6 (sheet 'SupTable6_Tool_Counts'), L42; tool 'MutPred_b'; column 'BRCA1_FN'",306,result
brca-20261009-result-cubuk2021-mutpred-b-brca1-plr,brca-20261009-source-cubuk2021-supplementary-tables,"Supplementary Table 9 (sheet 'SupTable9_Likelihood_Ratios'), F5; tool 'MutPred_b'; column 'BRCA1_positive_LR'",4.18,result
brca-20261009-result-cubuk2021-mutpred-b-brca2-blr,brca-20261009-source-cubuk2021-supplementary-tables,"Supplementary Table 9 (sheet 'SupTable9_Likelihood_Ratios'), I5; tool 'MutPred_b'; column 'BRCA2_negative_LR'",6.09,result
brca-20261009-result-cubuk2021-mutpred-b-brca2-false-negatives,brca-20261009-source-cubuk2021-supplementary-tables,"Supplementary Table 6 (sheet 'SupTable6_Tool_Counts'), U42; tool 'MutPred_b'; column 'BRCA2_FN'",7,result
brca-20261009-result-cubuk2021-mutpred-b-brca2-plr,brca-20261009-source-cubuk2021-supplementary-tables,"Supplementary Table 9 (sheet 'SupTable9_Likelihood_Ratios'), H5; tool 'MutPred_b'; column 'BRCA2_positive_LR'",2.67,result
brca-20261009-result-cubuk2021-mutpred-c-brca1-blr,brca-20261009-source-cubuk2021-supplementary-tables,"Supplementary Table 9 (sheet 'SupTable9_Likelihood_Ratios'), G13; tool 'MutPred_c'; column 'BRCA1_negative_LR'",1.18,result
brca-20261009-result-cubuk2021-mutpred-c-brca1-false-negatives,brca-20261009-source-cubuk2021-supplementary-tables,"Supplementary Table 6 (sheet 'SupTable6_Tool_Counts'), L43; tool 'MutPred_c'; column 'BRCA1_FN'",258,result
brca-20261009-result-cubuk2021-mutpred-c-brca1-plr,brca-20261009-source-cubuk2021-supplementary-tables,"Supplementary Table 9 (sheet 'SupTable9_Likelihood_Ratios'), F13; tool 'MutPred_c'; column 'BRCA1_positive_LR'",3.76,result
brca-20261009-result-cubuk2021-mutpred-c-brca2-blr,brca-20261009-source-cubuk2021-supplementary-tables,"Supplementary Table 9 (sheet 'SupTable9_Likelihood_Ratios'), I13; tool 'MutPred_c'; column 'BRCA2_negative_LR'",9.35,result
brca-20261009-result-cubuk2021-mutpred-c-brca2-false-negatives,brca-20261009-source-cubuk2021-supplementary-tables,"Supplementary Table 6 (sheet 'SupTable6_Tool_Counts'), U43; tool 'MutPred_c'; column 'BRCA2_FN'",3,result
brca-20261009-result-cubuk2021-mutpred-c-brca2-plr,brca-20261009-source-cubuk2021-supplementary-tables,"Supplementary Table 9 (sheet 'SupTable9_Likelihood_Ratios'), H13; tool 'MutPred_c'; column 'BRCA2_positive_LR'",1.78,result
brca-20261009-result-cubuk2021-mvp-brca1-blr,brca-20261009-source-cubuk2021-supplementary-tables,"Supplementary Table 9 (sheet 'SupTable9_Likelihood_Ratios'), G67; tool 'MVP'; column 'BRCA1_negative_LR'",68.0,result
brca-20261009-result-cubuk2021-mvp-brca1-false-negatives,brca-20261009-source-cubuk2021-supplementary-tables,"Supplementary Table 6 (sheet 'SupTable6_Tool_Counts'), L44; tool 'MVP'; column 'BRCA1_FN'",1,result
brca-20261009-result-cubuk2021-mvp-brca1-plr,brca-20261009-source-cubuk2021-supplementary-tables,"Supplementary Table 9 (sheet 'SupTable9_Likelihood_Ratios'), F67; tool 'MVP'; column 'BRCA1_positive_LR'",1.22,result
brca-20261009-result-cubuk2021-mvp-brca2-blr,brca-20261009-source-cubuk2021-supplementary-tables,"Supplementary Table 9 (sheet 'SupTable9_Likelihood_Ratios'), I67; tool 'MVP'; column 'BRCA2_negative_LR'",1.57,result
brca-20261009-result-cubuk2021-mvp-brca2-false-negatives,brca-20261009-source-cubuk2021-supplementary-tables,"Supplementary Table 6 (sheet 'SupTable6_Tool_Counts'), U44; tool 'MVP'; column 'BRCA2_FN'",0,result
brca-20261009-result-cubuk2021-mvp-brca2-plr,brca-20261009-source-cubuk2021-supplementary-tables,"Supplementary Table 9 (sheet 'SupTable9_Likelihood_Ratios'), H67; tool 'MVP'; column 'BRCA2_positive_LR'",1.00,result
brca-20261009-result-cubuk2021-panther-brca1-blr,brca-20261009-source-cubuk2021-supplementary-tables,"Supplementary Table 9 (sheet 'SupTable9_Likelihood_Ratios'), G9; tool 'PANTHER'; column 'BRCA1_negative_LR'",5.40,result
brca-20261009-result-cubuk2021-panther-brca1-false-negatives,brca-20261009-source-cubuk2021-supplementary-tables,"Supplementary Table 6 (sheet 'SupTable6_Tool_Counts'), L45; tool 'PANTHER'; column 'BRCA1_FN'",43,result
brca-20261009-result-cubuk2021-panther-brca1-plr,brca-20261009-source-cubuk2021-supplementary-tables,"Supplementary Table 9 (sheet 'SupTable9_Likelihood_Ratios'), F9; tool 'PANTHER'; column 'BRCA1_positive_LR'",2.36,result
brca-20261009-result-cubuk2021-panther-brca2-blr,brca-20261009-source-cubuk2021-supplementary-tables,"Supplementary Table 9 (sheet 'SupTable9_Likelihood_Ratios'), I9; tool 'PANTHER'; column 'BRCA2_negative_LR'",3.97,result
brca-20261009-result-cubuk2021-panther-brca2-false-negatives,brca-20261009-source-cubuk2021-supplementary-tables,"Supplementary Table 6 (sheet 'SupTable6_Tool_Counts'), U45; tool 'PANTHER'; column 'BRCA2_FN'",4,result
brca-20261009-result-cubuk2021-panther-brca2-plr,brca-20261009-source-cubuk2021-supplementary-tables,"Supplementary Table 9 (sheet 'SupTable9_Likelihood_Ratios'), H9; tool 'PANTHER'; column 'BRCA2_positive_LR'",1.25,result
brca-20261009-result-cubuk2021-phastcons100way-vertebrate-brca1-blr,brca-20261009-source-cubuk2021-supplementary-tables,"Supplementary Table 9 (sheet 'SupTable9_Likelihood_Ratios'), G40; tool 'phastCons100way_vertebrate'; column 'BRCA1_negative_LR'",5.40,result
brca-20261009-result-cubuk2021-phastcons100way-vertebrate-brca1-false-negatives,brca-20261009-source-cubuk2021-supplementary-tables,"Supplementary Table 6 (sheet 'SupTable6_Tool_Counts'), L46; tool 'phastCons100way_vertebrate'; column 'BRCA1_FN'",24,result
brca-20261009-result-cubuk2021-phastcons100way-vertebrate-brca1-plr,brca-20261009-source-cubuk2021-supplementary-tables,"Supplementary Table 9 (sheet 'SupTable9_Likelihood_Ratios'), F40; tool 'phastCons100way_vertebrate'; column 'BRCA1_positive_LR'",1.43,result
brca-20261009-result-cubuk2021-phastcons100way-vertebrate-brca2-blr,brca-20261009-source-cubuk2021-supplementary-tables,"Supplementary Table 9 (sheet 'SupTable9_Likelihood_Ratios'), I40; tool 'phastCons100way_vertebrate'; column 'BRCA2_negative_LR'",30.8,result
brca-20261009-result-cubuk2021-phastcons100way-vertebrate-brca2-false-negatives,brca-20261009-source-cubuk2021-supplementary-tables,"Supplementary Table 6 (sheet 'SupTable6_Tool_Counts'), U46; tool 'phastCons100way_vertebrate'; column 'BRCA2_FN'",0,result
brca-20261009-result-cubuk2021-phastcons100way-vertebrate-brca2-plr,brca-20261009-source-cubuk2021-supplementary-tables,"Supplementary Table 9 (sheet 'SupTable9_Likelihood_Ratios'), H40; tool 'phastCons100way_vertebrate'; column 'BRCA2_positive_LR'",1.30,result
brca-20261009-result-cubuk2021-phastcons20way-mammalian-brca1-blr,brca-20261009-source-cubuk2021-supplementary-tables,"Supplementary Table 9 (sheet 'SupTable9_Likelihood_Ratios'), G51; tool 'phastCons20way_mammalian'; column 'BRCA1_negative_LR'",1.85,result
brca-20261009-result-cubuk2021-phastcons20way-mammalian-brca1-false-negatives,brca-20261009-source-cubuk2021-supplementary-tables,"Supplementary Table 6 (sheet 'SupTable6_Tool_Counts'), L47; tool 'phastCons20way_mammalian'; column 'BRCA1_FN'",101,result
brca-20261009-result-cubuk2021-phastcons20way-mammalian-brca1-plr,brca-20261009-source-cubuk2021-supplementary-tables,"Supplementary Table 9 (sheet 'SupTable9_Likelihood_Ratios'), F51; tool 'phastCons20way_mammalian'; column 'BRCA1_positive_LR'",1.47,result
brca-20261009-result-cubuk2021-phastcons20way-mammalian-brca2-blr,brca-20261009-source-cubuk2021-supplementary-tables,"Supplementary Table 9 (sheet 'SupTable9_Likelihood_Ratios'), I51; tool 'phastCons20way_mammalian'; column 'BRCA2_negative_LR'",1.95,result
brca-20261009-result-cubuk2021-phastcons20way-mammalian-brca2-false-negatives,brca-20261009-source-cubuk2021-supplementary-tables,"Supplementary Table 6 (sheet 'SupTable6_Tool_Counts'), U47; tool 'phastCons20way_mammalian'; column 'BRCA2_FN'",17,result
brca-20261009-result-cubuk2021-phastcons20way-mammalian-brca2-plr,brca-20261009-source-cubuk2021-supplementary-tables,"Supplementary Table 9 (sheet 'SupTable9_Likelihood_Ratios'), H51; tool 'phastCons20way_mammalian'; column 'BRCA2_positive_LR'",1.53,result
brca-20261009-result-cubuk2021-phd-snpg-all-brca1-blr,brca-20261009-source-cubuk2021-supplementary-tables,"Supplementary Table 9 (sheet 'SupTable9_Likelihood_Ratios'), G33; tool 'PhD-SNPg-all'; column 'BRCA1_negative_LR'",7.56,result
brca-20261009-result-cubuk2021-phd-snpg-all-brca1-false-negatives,brca-20261009-source-cubuk2021-supplementary-tables,"Supplementary Table 6 (sheet 'SupTable6_Tool_Counts'), L48; tool 'PhD-SNPg-all'; column 'BRCA1_FN'",22,result
brca-20261009-result-cubuk2021-phd-snpg-all-brca1-plr,brca-20261009-source-cubuk2021-supplementary-tables,"Supplementary Table 9 (sheet 'SupTable9_Likelihood_Ratios'), F33; tool 'PhD-SNPg-all'; column 'BRCA1_positive_LR'",1.70,result
brca-20261009-result-cubuk2021-phd-snpg-all-brca2-blr,brca-20261009-source-cubuk2021-supplementary-tables,"Supplementary Table 9 (sheet 'SupTable9_Likelihood_Ratios'), I33; tool 'PhD-SNPg-all'; column 'BRCA2_negative_LR'",36.0,result
brca-20261009-result-cubuk2021-phd-snpg-all-brca2-false-negatives,brca-20261009-source-cubuk2021-supplementary-tables,"Supplementary Table 6 (sheet 'SupTable6_Tool_Counts'), U48; tool 'PhD-SNPg-all'; column 'BRCA2_FN'",0,result
brca-20261009-result-cubuk2021-phd-snpg-all-brca2-plr,brca-20261009-source-cubuk2021-supplementary-tables,"Supplementary Table 9 (sheet 'SupTable9_Likelihood_Ratios'), H33; tool 'PhD-SNPg-all'; column 'BRCA2_positive_LR'",1.38,result
brca-20261009-result-cubuk2021-phd-snpg-p005-brca1-blr,brca-20261009-source-cubuk2021-supplementary-tables,"Supplementary Table 9 (sheet 'SupTable9_Likelihood_Ratios'), G21; tool 'PhD-SNPg-p005'; column 'BRCA1_negative_LR'",1.40,result
brca-20261009-result-cubuk2021-phd-snpg-p005-brca1-false-negatives,brca-20261009-source-cubuk2021-supplementary-tables,"Supplementary Table 6 (sheet 'SupTable6_Tool_Counts'), L49; tool 'PhD-SNPg-p005'; column 'BRCA1_FN'",234,result
brca-20261009-result-cubuk2021-phd-snpg-p005-brca1-plr,brca-20261009-source-cubuk2021-supplementary-tables,"Supplementary Table 9 (sheet 'SupTable9_Likelihood_Ratios'), F21; tool 'PhD-SNPg-p005'; column 'BRCA1_positive_LR'",3.21,result
brca-20261009-result-cubuk2021-phd-snpg-p005-brca2-blr,brca-20261009-source-cubuk2021-supplementary-tables,"Supplementary Table 9 (sheet 'SupTable9_Likelihood_Ratios'), I21; tool 'PhD-SNPg-p005'; column 'BRCA2_negative_LR'",5.81,result
brca-20261009-result-cubuk2021-phd-snpg-p005-brca2-false-negatives,brca-20261009-source-cubuk2021-supplementary-tables,"Supplementary Table 6 (sheet 'SupTable6_Tool_Counts'), U49; tool 'PhD-SNPg-p005'; column 'BRCA2_FN'",6,result
brca-20261009-result-cubuk2021-phd-snpg-p005-brca2-plr,brca-20261009-source-cubuk2021-supplementary-tables,"Supplementary Table 9 (sheet 'SupTable9_Likelihood_Ratios'), H21; tool 'PhD-SNPg-p005'; column 'BRCA2_positive_LR'",1.99,result
brca-20261009-result-cubuk2021-phylop100way-vertebrate-brca1-blr,brca-20261009-source-cubuk2021-supplementary-tables,"Supplementary Table 9 (sheet 'SupTable9_Likelihood_Ratios'), G35; tool 'phyloP100way_vertebrate'; column 'BRCA1_negative_LR'",4.12,result
brca-20261009-result-cubuk2021-phylop100way-vertebrate-brca1-false-negatives,brca-20261009-source-cubuk2021-supplementary-tables,"Supplementary Table 6 (sheet 'SupTable6_Tool_Counts'), L50; tool 'phyloP100way_vertebrate'; column 'BRCA1_FN'",46,result
brca-20261009-result-cubuk2021-phylop100way-vertebrate-brca1-plr,brca-20261009-source-cubuk2021-supplementary-tables,"Supplementary Table 9 (sheet 'SupTable9_Likelihood_Ratios'), F35; tool 'phyloP100way_vertebrate'; column 'BRCA1_positive_LR'",1.79,result
brca-20261009-result-cubuk2021-phylop100way-vertebrate-brca2-blr,brca-20261009-source-cubuk2021-supplementary-tables,"Supplementary Table 9 (sheet 'SupTable9_Likelihood_Ratios'), I35; tool 'phyloP100way_vertebrate'; column 'BRCA2_negative_LR'",16.1,result
brca-20261009-result-cubuk2021-phylop100way-vertebrate-brca2-false-negatives,brca-20261009-source-cubuk2021-supplementary-tables,"Supplementary Table 6 (sheet 'SupTable6_Tool_Counts'), U50; tool 'phyloP100way_vertebrate'; column 'BRCA2_FN'",1,result
brca-20261009-result-cubuk2021-phylop100way-vertebrate-brca2-plr,brca-20261009-source-cubuk2021-supplementary-tables,"Supplementary Table 9 (sheet 'SupTable9_Likelihood_Ratios'), H35; tool 'phyloP100way_vertebrate'; column 'BRCA2_positive_LR'",1.31,result
brca-20261009-result-cubuk2021-phylop20way-mammalian-brca1-blr,brca-20261009-source-cubuk2021-supplementary-tables,"Supplementary Table 9 (sheet 'SupTable9_Likelihood_Ratios'), G45; tool 'phyloP20way_mammalian'; column 'BRCA1_negative_LR'",1.62,result
brca-20261009-result-cubuk2021-phylop20way-mammalian-brca1-false-negatives,brca-20261009-source-cubuk2021-supplementary-tables,"Supplementary Table 6 (sheet 'SupTable6_Tool_Counts'), L51; tool 'phyloP20way_mammalian'; column 'BRCA1_FN'",149,result
brca-20261009-result-cubuk2021-phylop20way-mammalian-brca1-plr,brca-20261009-source-cubuk2021-supplementary-tables,"Supplementary Table 9 (sheet 'SupTable9_Likelihood_Ratios'), F45; tool 'phyloP20way_mammalian'; column 'BRCA1_positive_LR'",1.72,result
brca-20261009-result-cubuk2021-phylop20way-mammalian-brca2-blr,brca-20261009-source-cubuk2021-supplementary-tables,"Supplementary Table 9 (sheet 'SupTable9_Likelihood_Ratios'), I45; tool 'phyloP20way_mammalian'; column 'BRCA2_negative_LR'",2.16,result
brca-20261009-result-cubuk2021-phylop20way-mammalian-brca2-false-negatives,brca-20261009-source-cubuk2021-supplementary-tables,"Supplementary Table 6 (sheet 'SupTable6_Tool_Counts'), U51; tool 'phyloP20way_mammalian'; column 'BRCA2_FN'",18,result
brca-20261009-result-cubuk2021-phylop20way-mammalian-brca2-plr,brca-20261009-source-cubuk2021-supplementary-tables,"Supplementary Table 9 (sheet 'SupTable9_Likelihood_Ratios'), H45; tool 'phyloP20way_mammalian'; column 'BRCA2_positive_LR'",1.84,result
brca-20261009-result-cubuk2021-pmut-brca1-blr,brca-20261009-source-cubuk2021-supplementary-tables,"Supplementary Table 9 (sheet 'SupTable9_Likelihood_Ratios'), G4; tool 'PMut'; column 'BRCA1_negative_LR'",5.93,result
brca-20261009-result-cubuk2021-pmut-brca1-false-negatives,brca-20261009-source-cubuk2021-supplementary-tables,"Supplementary Table 6 (sheet 'SupTable6_Tool_Counts'), L52; tool 'PMut'; column 'BRCA1_FN'",41,result
brca-20261009-result-cubuk2021-pmut-brca1-plr,brca-20261009-source-cubuk2021-supplementary-tables,"Supplementary Table 9 (sheet 'SupTable9_Likelihood_Ratios'), F4; tool 'PMut'; column 'BRCA1_positive_LR'",2.58,result
brca-20261009-result-cubuk2021-pmut-brca2-blr,brca-20261009-source-cubuk2021-supplementary-tables,"Supplementary Table 9 (sheet 'SupTable9_Likelihood_Ratios'), I4; tool 'PMut'; column 'BRCA2_negative_LR'",3.94,result
brca-20261009-result-cubuk2021-pmut-brca2-false-negatives,brca-20261009-source-cubuk2021-supplementary-tables,"Supplementary Table 6 (sheet 'SupTable6_Tool_Counts'), U52; tool 'PMut'; column 'BRCA2_FN'",14,result
brca-20261009-result-cubuk2021-pmut-brca2-plr,brca-20261009-source-cubuk2021-supplementary-tables,"Supplementary Table 9 (sheet 'SupTable9_Likelihood_Ratios'), H4; tool 'PMut'; column 'BRCA2_positive_LR'",5.69,result
brca-20261009-result-cubuk2021-polyphen2-hdiv-brca1-blr,brca-20261009-source-cubuk2021-supplementary-tables,"Supplementary Table 9 (sheet 'SupTable9_Likelihood_Ratios'), G36; tool 'Polyphen2_HDIV'; column 'BRCA1_negative_LR'",27.6,result
brca-20261009-result-cubuk2021-polyphen2-hdiv-brca1-false-negatives,brca-20261009-source-cubuk2021-supplementary-tables,"Supplementary Table 6 (sheet 'SupTable6_Tool_Counts'), L53; tool 'Polyphen2_HDIV'; column 'BRCA1_FN'",2,result
brca-20261009-result-cubuk2021-polyphen2-hdiv-brca1-plr,brca-20261009-source-cubuk2021-supplementary-tables,"Supplementary Table 9 (sheet 'SupTable9_Likelihood_Ratios'), F36; tool 'Polyphen2_HDIV'; column 'BRCA1_positive_LR'",1.16,result
brca-20261009-result-cubuk2021-polyphen2-hdiv-brca2-blr,brca-20261009-source-cubuk2021-supplementary-tables,"Supplementary Table 9 (sheet 'SupTable9_Likelihood_Ratios'), I36; tool 'Polyphen2_HDIV'; column 'BRCA2_negative_LR'",7.28,result
brca-20261009-result-cubuk2021-polyphen2-hdiv-brca2-false-negatives,brca-20261009-source-cubuk2021-supplementary-tables,"Supplementary Table 6 (sheet 'SupTable6_Tool_Counts'), U53; tool 'Polyphen2_HDIV'; column 'BRCA2_FN'",1,result
brca-20261009-result-cubuk2021-polyphen2-hdiv-brca2-plr,brca-20261009-source-cubuk2021-supplementary-tables,"Supplementary Table 9 (sheet 'SupTable9_Likelihood_Ratios'), H36; tool 'Polyphen2_HDIV'; column 'BRCA2_positive_LR'",1.11,result
brca-20261009-result-cubuk2021-polyphen2-hvar-brca1-blr,brca-20261009-source-cubuk2021-supplementary-tables,"Supplementary Table 9 (sheet 'SupTable9_Likelihood_Ratios'), G24; tool 'Polyphen2_HVAR'; column 'BRCA1_negative_LR'",17.2,result
brca-20261009-result-cubuk2021-polyphen2-hvar-brca1-false-negatives,brca-20261009-source-cubuk2021-supplementary-tables,"Supplementary Table 6 (sheet 'SupTable6_Tool_Counts'), L54; tool 'Polyphen2_HVAR'; column 'BRCA1_FN'",5,result
brca-20261009-result-cubuk2021-polyphen2-hvar-brca1-plr,brca-20261009-source-cubuk2021-supplementary-tables,"Supplementary Table 9 (sheet 'SupTable9_Likelihood_Ratios'), F24; tool 'Polyphen2_HVAR'; column 'BRCA1_positive_LR'",1.28,result
brca-20261009-result-cubuk2021-polyphen2-hvar-brca2-blr,brca-20261009-source-cubuk2021-supplementary-tables,"Supplementary Table 9 (sheet 'SupTable9_Likelihood_Ratios'), I24; tool 'Polyphen2_HVAR'; column 'BRCA2_negative_LR'",15.0,result
brca-20261009-result-cubuk2021-polyphen2-hvar-brca2-false-negatives,brca-20261009-source-cubuk2021-supplementary-tables,"Supplementary Table 6 (sheet 'SupTable6_Tool_Counts'), U54; tool 'Polyphen2_HVAR'; column 'BRCA2_FN'",1,result
brca-20261009-result-cubuk2021-polyphen2-hvar-brca2-plr,brca-20261009-source-cubuk2021-supplementary-tables,"Supplementary Table 9 (sheet 'SupTable9_Likelihood_Ratios'), H24; tool 'Polyphen2_HVAR'; column 'BRCA2_positive_LR'",1.28,result
brca-20261009-result-cubuk2021-pon-p2-brca1-blr,brca-20261009-source-cubuk2021-supplementary-tables,"Supplementary Table 9 (sheet 'SupTable9_Likelihood_Ratios'), G68; tool 'PON-P2'; column 'BRCA1_negative_LR'",21.9,result
brca-20261009-result-cubuk2021-pon-p2-brca1-false-negatives,brca-20261009-source-cubuk2021-supplementary-tables,"Supplementary Table 6 (sheet 'SupTable6_Tool_Counts'), L55; tool 'PON-P2'; column 'BRCA1_FN'",0,result
brca-20261009-result-cubuk2021-pon-p2-brca1-plr,brca-20261009-source-cubuk2021-supplementary-tables,"Supplementary Table 9 (sheet 'SupTable9_Likelihood_Ratios'), F68; tool 'PON-P2'; column 'BRCA1_positive_LR'",1.04,result
brca-20261009-result-cubuk2021-pon-p2-brca2-blr,brca-20261009-source-cubuk2021-supplementary-tables,"Supplementary Table 9 (sheet 'SupTable9_Likelihood_Ratios'), I68; tool 'PON-P2'; column 'BRCA2_negative_LR'",2.90,result
brca-20261009-result-cubuk2021-pon-p2-brca2-false-negatives,brca-20261009-source-cubuk2021-supplementary-tables,"Supplementary Table 6 (sheet 'SupTable6_Tool_Counts'), U55; tool 'PON-P2'; column 'BRCA2_FN'",0,result
brca-20261009-result-cubuk2021-pon-p2-brca2-plr,brca-20261009-source-cubuk2021-supplementary-tables,"Supplementary Table 9 (sheet 'SupTable9_Likelihood_Ratios'), H68; tool 'PON-P2'; column 'BRCA2_positive_LR'",1.01,result
brca-20261009-result-cubuk2021-predictsnp-brca1-blr,brca-20261009-source-cubuk2021-supplementary-tables,"Supplementary Table 9 (sheet 'SupTable9_Likelihood_Ratios'), G20; tool 'PredictSNP'; column 'BRCA1_negative_LR'",1.99,result
brca-20261009-result-cubuk2021-predictsnp-brca1-false-negatives,brca-20261009-source-cubuk2021-supplementary-tables,"Supplementary Table 6 (sheet 'SupTable6_Tool_Counts'), L56; tool 'PredictSNP'; column 'BRCA1_FN'",128,result
brca-20261009-result-cubuk2021-predictsnp-brca1-plr,brca-20261009-source-cubuk2021-supplementary-tables,"Supplementary Table 9 (sheet 'SupTable9_Likelihood_Ratios'), F20; tool 'PredictSNP'; column 'BRCA1_positive_LR'",2.10,result
brca-20261009-result-cubuk2021-predictsnp-brca2-blr,brca-20261009-source-cubuk2021-supplementary-tables,"Supplementary Table 9 (sheet 'SupTable9_Likelihood_Ratios'), I20; tool 'PredictSNP'; column 'BRCA2_negative_LR'",3.55,result
brca-20261009-result-cubuk2021-predictsnp-brca2-false-negatives,brca-20261009-source-cubuk2021-supplementary-tables,"Supplementary Table 6 (sheet 'SupTable6_Tool_Counts'), U56; tool 'PredictSNP'; column 'BRCA2_FN'",6,result
brca-20261009-result-cubuk2021-predictsnp-brca2-plr,brca-20261009-source-cubuk2021-supplementary-tables,"Supplementary Table 9 (sheet 'SupTable9_Likelihood_Ratios'), H20; tool 'PredictSNP'; column 'BRCA2_positive_LR'",1.35,result
brca-20261009-result-cubuk2021-primateai-a-brca1-blr,brca-20261009-source-cubuk2021-supplementary-tables,"Supplementary Table 9 (sheet 'SupTable9_Likelihood_Ratios'), G54; tool 'primateAI_a'; column 'BRCA1_negative_LR'",1.11,result
brca-20261009-result-cubuk2021-primateai-a-brca1-false-negatives,brca-20261009-source-cubuk2021-supplementary-tables,"Supplementary Table 6 (sheet 'SupTable6_Tool_Counts'), L57; tool 'primateAI_a'; column 'BRCA1_FN'",184,result
brca-20261009-result-cubuk2021-primateai-a-brca1-plr,brca-20261009-source-cubuk2021-supplementary-tables,"Supplementary Table 9 (sheet 'SupTable9_Likelihood_Ratios'), F54; tool 'primateAI_a'; column 'BRCA1_positive_LR'",13.2,result
brca-20261009-result-cubuk2021-primateai-a-brca2-blr,brca-20261009-source-cubuk2021-supplementary-tables,"Supplementary Table 9 (sheet 'SupTable9_Likelihood_Ratios'), I54; tool 'primateAI_a'; column 'BRCA2_negative_LR'",1,result
brca-20261009-result-cubuk2021-primateai-a-brca2-false-negatives,brca-20261009-source-cubuk2021-supplementary-tables,"Supplementary Table 6 (sheet 'SupTable6_Tool_Counts'), U57; tool 'primateAI_a'; column 'BRCA2_FN'",32,result
brca-20261009-result-cubuk2021-primateai-a-brca2-plr,brca-20261009-source-cubuk2021-supplementary-tables,"Supplementary Table 9 (sheet 'SupTable9_Likelihood_Ratios'), H54; tool 'primateAI_a'; column 'BRCA2_positive_LR'",3.33,result
brca-20261009-result-cubuk2021-primateai-b-brca1-blr,brca-20261009-source-cubuk2021-supplementary-tables,"Supplementary Table 9 (sheet 'SupTable9_Likelihood_Ratios'), G42; tool 'primateAI_b'; column 'BRCA1_negative_LR'",1.20,result
brca-20261009-result-cubuk2021-primateai-b-brca1-false-negatives,brca-20261009-source-cubuk2021-supplementary-tables,"Supplementary Table 6 (sheet 'SupTable6_Tool_Counts'), L58; tool 'primateAI_b'; column 'BRCA1_FN'",283,result
brca-20261009-result-cubuk2021-primateai-b-brca1-plr,brca-20261009-source-cubuk2021-supplementary-tables,"Supplementary Table 9 (sheet 'SupTable9_Likelihood_Ratios'), F42; tool 'primateAI_b'; column 'BRCA1_positive_LR'",2.92,result
brca-20261009-result-cubuk2021-primateai-b-brca2-blr,brca-20261009-source-cubuk2021-supplementary-tables,"Supplementary Table 9 (sheet 'SupTable9_Likelihood_Ratios'), I42; tool 'primateAI_b'; column 'BRCA2_negative_LR'",1.23,result
brca-20261009-result-cubuk2021-primateai-b-brca2-false-negatives,brca-20261009-source-cubuk2021-supplementary-tables,"Supplementary Table 6 (sheet 'SupTable6_Tool_Counts'), U58; tool 'primateAI_b'; column 'BRCA2_FN'",50,result
brca-20261009-result-cubuk2021-primateai-b-brca2-plr,brca-20261009-source-cubuk2021-supplementary-tables,"Supplementary Table 9 (sheet 'SupTable9_Likelihood_Ratios'), H42; tool 'primateAI_b'; column 'BRCA2_positive_LR'",6.78,result
brca-20261009-result-cubuk2021-provean-brca1-blr,brca-20261009-source-cubuk2021-supplementary-tables,"Supplementary Table 9 (sheet 'SupTable9_Likelihood_Ratios'), G19; tool 'PROVEAN'; column 'BRCA1_negative_LR'",1.00,result
brca-20261009-result-cubuk2021-provean-brca1-false-negatives,brca-20261009-source-cubuk2021-supplementary-tables,"Supplementary Table 6 (sheet 'SupTable6_Tool_Counts'), L59; tool 'PROVEAN'; column 'BRCA1_FN'",366,result
brca-20261009-result-cubuk2021-provean-brca1-plr,brca-20261009-source-cubuk2021-supplementary-tables,"Supplementary Table 9 (sheet 'SupTable9_Likelihood_Ratios'), F19; tool 'PROVEAN'; column 'BRCA1_positive_LR'",6.80,result
brca-20261009-result-cubuk2021-provean-brca2-blr,brca-20261009-source-cubuk2021-supplementary-tables,"Supplementary Table 9 (sheet 'SupTable9_Likelihood_Ratios'), I19; tool 'PROVEAN'; column 'BRCA2_negative_LR'",1.17,result
brca-20261009-result-cubuk2021-provean-brca2-false-negatives,brca-20261009-source-cubuk2021-supplementary-tables,"Supplementary Table 6 (sheet 'SupTable6_Tool_Counts'), U59; tool 'PROVEAN'; column 'BRCA2_FN'",52,result
brca-20261009-result-cubuk2021-provean-brca2-plr,brca-20261009-source-cubuk2021-supplementary-tables,"Supplementary Table 9 (sheet 'SupTable9_Likelihood_Ratios'), H19; tool 'PROVEAN'; column 'BRCA2_positive_LR'",3.84,result
brca-20261009-result-cubuk2021-revel-a-brca1-blr,brca-20261009-source-cubuk2021-supplementary-tables,"Supplementary Table 9 (sheet 'SupTable9_Likelihood_Ratios'), G27; tool 'Revel_a'; column 'BRCA1_negative_LR'",17.1,result
brca-20261009-result-cubuk2021-revel-a-brca1-false-negatives,brca-20261009-source-cubuk2021-supplementary-tables,"Supplementary Table 6 (sheet 'SupTable6_Tool_Counts'), L60; tool 'Revel_a'; column 'BRCA1_FN'",2,result
brca-20261009-result-cubuk2021-revel-a-brca1-plr,brca-20261009-source-cubuk2021-supplementary-tables,"Supplementary Table 9 (sheet 'SupTable9_Likelihood_Ratios'), F27; tool 'Revel_a'; column 'BRCA1_positive_LR'",1.12,result
brca-20261009-result-cubuk2021-revel-a-brca2-blr,brca-20261009-source-cubuk2021-supplementary-tables,"Supplementary Table 9 (sheet 'SupTable9_Likelihood_Ratios'), I27; tool 'Revel_a'; column 'BRCA2_negative_LR'",19.6,result
brca-20261009-result-cubuk2021-revel-a-brca2-false-negatives,brca-20261009-source-cubuk2021-supplementary-tables,"Supplementary Table 6 (sheet 'SupTable6_Tool_Counts'), U60; tool 'Revel_a'; column 'BRCA2_FN'",1,result
brca-20261009-result-cubuk2021-revel-a-brca2-plr,brca-20261009-source-cubuk2021-supplementary-tables,"Supplementary Table 9 (sheet 'SupTable9_Likelihood_Ratios'), H27; tool 'Revel_a'; column 'BRCA2_positive_LR'",1.45,result
brca-20261009-result-cubuk2021-revel-b-brca1-blr,brca-20261009-source-cubuk2021-supplementary-tables,"Supplementary Table 9 (sheet 'SupTable9_Likelihood_Ratios'), G2; tool 'Revel_b'; column 'BRCA1_negative_LR'",4.23,result
brca-20261009-result-cubuk2021-revel-b-brca1-false-negatives,brca-20261009-source-cubuk2021-supplementary-tables,"Supplementary Table 6 (sheet 'SupTable6_Tool_Counts'), L61; tool 'Revel_b'; column 'BRCA1_FN'",72,result
brca-20261009-result-cubuk2021-revel-b-brca1-plr,brca-20261009-source-cubuk2021-supplementary-tables,"Supplementary Table 9 (sheet 'SupTable9_Likelihood_Ratios'), F2; tool 'Revel_b'; column 'BRCA1_positive_LR'",4.54,result
brca-20261009-result-cubuk2021-revel-b-brca2-blr,brca-20261009-source-cubuk2021-supplementary-tables,"Supplementary Table 9 (sheet 'SupTable9_Likelihood_Ratios'), I2; tool 'Revel_b'; column 'BRCA2_negative_LR'",10.7,result
brca-20261009-result-cubuk2021-revel-b-brca2-false-negatives,brca-20261009-source-cubuk2021-supplementary-tables,"Supplementary Table 6 (sheet 'SupTable6_Tool_Counts'), U61; tool 'Revel_b'; column 'BRCA2_FN'",4,result
brca-20261009-result-cubuk2021-revel-b-brca2-plr,brca-20261009-source-cubuk2021-supplementary-tables,"Supplementary Table 9 (sheet 'SupTable9_Likelihood_Ratios'), H2; tool 'Revel_b'; column 'BRCA2_positive_LR'",2.88,result
brca-20261009-result-cubuk2021-revel-c-brca1-blr,brca-20261009-source-cubuk2021-supplementary-tables,"Supplementary Table 9 (sheet 'SupTable9_Likelihood_Ratios'), G23; tool 'Revel_c'; column 'BRCA1_negative_LR'",22.4,result
brca-20261009-result-cubuk2021-revel-c-brca1-false-negatives,brca-20261009-source-cubuk2021-supplementary-tables,"Supplementary Table 6 (sheet 'SupTable6_Tool_Counts'), L62; tool 'Revel_c'; column 'BRCA1_FN'",3,result
brca-20261009-result-cubuk2021-revel-c-brca1-plr,brca-20261009-source-cubuk2021-supplementary-tables,"Supplementary Table 9 (sheet 'SupTable9_Likelihood_Ratios'), F23; tool 'Revel_c'; column 'BRCA1_positive_LR'",1.21,result
brca-20261009-result-cubuk2021-revel-c-brca2-blr,brca-20261009-source-cubuk2021-supplementary-tables,"Supplementary Table 9 (sheet 'SupTable9_Likelihood_Ratios'), I23; tool 'Revel_c'; column 'BRCA2_negative_LR'",22.3,result
brca-20261009-result-cubuk2021-revel-c-brca2-false-negatives,brca-20261009-source-cubuk2021-supplementary-tables,"Supplementary Table 6 (sheet 'SupTable6_Tool_Counts'), U62; tool 'Revel_c'; column 'BRCA2_FN'",1,result
brca-20261009-result-cubuk2021-revel-c-brca2-plr,brca-20261009-source-cubuk2021-supplementary-tables,"Supplementary Table 9 (sheet 'SupTable9_Likelihood_Ratios'), H23; tool 'Revel_c'; column 'BRCA2_positive_LR'",1.51,result
brca-20261009-result-cubuk2021-rfpred-brca1-blr,brca-20261009-source-cubuk2021-supplementary-tables,"Supplementary Table 9 (sheet 'SupTable9_Likelihood_Ratios'), G6; tool 'rfPred'; column 'BRCA1_negative_LR'",3.79,result
brca-20261009-result-cubuk2021-rfpred-brca1-false-negatives,brca-20261009-source-cubuk2021-supplementary-tables,"Supplementary Table 6 (sheet 'SupTable6_Tool_Counts'), L63; tool 'rfPred'; column 'BRCA1_FN'",71,result
brca-20261009-result-cubuk2021-rfpred-brca1-plr,brca-20261009-source-cubuk2021-supplementary-tables,"Supplementary Table 9 (sheet 'SupTable9_Likelihood_Ratios'), F6; tool 'rfPred'; column 'BRCA1_positive_LR'",3.02,result
brca-20261009-result-cubuk2021-rfpred-brca2-blr,brca-20261009-source-cubuk2021-supplementary-tables,"Supplementary Table 9 (sheet 'SupTable9_Likelihood_Ratios'), I6; tool 'rfPred'; column 'BRCA2_negative_LR'",7.90,result
brca-20261009-result-cubuk2021-rfpred-brca2-false-negatives,brca-20261009-source-cubuk2021-supplementary-tables,"Supplementary Table 6 (sheet 'SupTable6_Tool_Counts'), U63; tool 'rfPred'; column 'BRCA2_FN'",5,result
brca-20261009-result-cubuk2021-rfpred-brca2-plr,brca-20261009-source-cubuk2021-supplementary-tables,"Supplementary Table 9 (sheet 'SupTable9_Likelihood_Ratios'), H6; tool 'rfPred'; column 'BRCA2_positive_LR'",2.41,result
brca-20261009-result-cubuk2021-sift-brca1-blr,brca-20261009-source-cubuk2021-supplementary-tables,"Supplementary Table 9 (sheet 'SupTable9_Likelihood_Ratios'), G18; tool 'SIFT'; column 'BRCA1_negative_LR'",23.9,result
brca-20261009-result-cubuk2021-sift-brca1-false-negatives,brca-20261009-source-cubuk2021-supplementary-tables,"Supplementary Table 6 (sheet 'SupTable6_Tool_Counts'), L64; tool 'SIFT'; column 'BRCA1_FN'",3,result
brca-20261009-result-cubuk2021-sift-brca1-plr,brca-20261009-source-cubuk2021-supplementary-tables,"Supplementary Table 9 (sheet 'SupTable9_Likelihood_Ratios'), F18; tool 'SIFT'; column 'BRCA1_positive_LR'",1.23,result
brca-20261009-result-cubuk2021-sift-brca2-blr,brca-20261009-source-cubuk2021-supplementary-tables,"Supplementary Table 9 (sheet 'SupTable9_Likelihood_Ratios'), I18; tool 'SIFT'; column 'BRCA2_negative_LR'",25.5,result
brca-20261009-result-cubuk2021-sift-brca2-false-negatives,brca-20261009-source-cubuk2021-supplementary-tables,"Supplementary Table 6 (sheet 'SupTable6_Tool_Counts'), U64; tool 'SIFT'; column 'BRCA2_FN'",0,result
brca-20261009-result-cubuk2021-sift-brca2-plr,brca-20261009-source-cubuk2021-supplementary-tables,"Supplementary Table 9 (sheet 'SupTable9_Likelihood_Ratios'), H18; tool 'SIFT'; column 'BRCA2_positive_LR'",1.24,result
brca-20261009-result-cubuk2021-siphy-29way-logodds-brca1-blr,brca-20261009-source-cubuk2021-supplementary-tables,"Supplementary Table 9 (sheet 'SupTable9_Likelihood_Ratios'), G66; tool 'SiPhy_29way_logOdds'; column 'BRCA1_negative_LR'",.722,result
brca-20261009-result-cubuk2021-siphy-29way-logodds-brca1-false-negatives,brca-20261009-source-cubuk2021-supplementary-tables,"Supplementary Table 6 (sheet 'SupTable6_Tool_Counts'), L65; tool 'SiPhy_29way_logOdds'; column 'BRCA1_FN'",105,result
brca-20261009-result-cubuk2021-siphy-29way-logodds-brca1-plr,brca-20261009-source-cubuk2021-supplementary-tables,"Supplementary Table 9 (sheet 'SupTable9_Likelihood_Ratios'), F66; tool 'SiPhy_29way_logOdds'; column 'BRCA1_positive_LR'",.900,result
brca-20261009-result-cubuk2021-siphy-29way-logodds-brca2-blr,brca-20261009-source-cubuk2021-supplementary-tables,"Supplementary Table 9 (sheet 'SupTable9_Likelihood_Ratios'), I66; tool 'SiPhy_29way_logOdds'; column 'BRCA2_negative_LR'",4.68,result
brca-20261009-result-cubuk2021-siphy-29way-logodds-brca2-false-negatives,brca-20261009-source-cubuk2021-supplementary-tables,"Supplementary Table 6 (sheet 'SupTable6_Tool_Counts'), U65; tool 'SiPhy_29way_logOdds'; column 'BRCA2_FN'",2,result
brca-20261009-result-cubuk2021-siphy-29way-logodds-brca2-plr,brca-20261009-source-cubuk2021-supplementary-tables,"Supplementary Table 9 (sheet 'SupTable9_Likelihood_Ratios'), H66; tool 'SiPhy_29way_logOdds'; column 'BRCA2_positive_LR'",1.13,result
brca-20261009-result-cubuk2021-snap2-brca1-blr,brca-20261009-source-cubuk2021-supplementary-tables,"Supplementary Table 9 (sheet 'SupTable9_Likelihood_Ratios'), G8; tool 'SNAP2'; column 'BRCA1_negative_LR'",9.00,result
brca-20261009-result-cubuk2021-snap2-brca1-false-negatives,brca-20261009-source-cubuk2021-supplementary-tables,"Supplementary Table 6 (sheet 'SupTable6_Tool_Counts'), L66; tool 'SNAP2'; column 'BRCA1_FN'",12,result
brca-20261009-result-cubuk2021-snap2-brca1-plr,brca-20261009-source-cubuk2021-supplementary-tables,"Supplementary Table 9 (sheet 'SupTable9_Likelihood_Ratios'), F8; tool 'SNAP2'; column 'BRCA1_positive_LR'",1.36,result
brca-20261009-result-cubuk2021-snap2-brca2-blr,brca-20261009-source-cubuk2021-supplementary-tables,"Supplementary Table 9 (sheet 'SupTable9_Likelihood_Ratios'), I8; tool 'SNAP2'; column 'BRCA2_negative_LR'",2.45,result
brca-20261009-result-cubuk2021-snap2-brca2-false-negatives,brca-20261009-source-cubuk2021-supplementary-tables,"Supplementary Table 6 (sheet 'SupTable6_Tool_Counts'), U66; tool 'SNAP2'; column 'BRCA2_FN'",17,result
brca-20261009-result-cubuk2021-snap2-brca2-plr,brca-20261009-source-cubuk2021-supplementary-tables,"Supplementary Table 9 (sheet 'SupTable9_Likelihood_Ratios'), H8; tool 'SNAP2'; column 'BRCA2_positive_LR'",2.11,result
brca-20261009-result-cubuk2021-suspect-brca1-blr,brca-20261009-source-cubuk2021-supplementary-tables,"Supplementary Table 9 (sheet 'SupTable9_Likelihood_Ratios'), G16; tool 'SuSPect'; column 'BRCA1_negative_LR'",1.90,result
brca-20261009-result-cubuk2021-suspect-brca1-false-negatives,brca-20261009-source-cubuk2021-supplementary-tables,"Supplementary Table 6 (sheet 'SupTable6_Tool_Counts'), L67; tool 'SuSPect'; column 'BRCA1_FN'",173,result
brca-20261009-result-cubuk2021-suspect-brca1-plr,brca-20261009-source-cubuk2021-supplementary-tables,"Supplementary Table 9 (sheet 'SupTable9_Likelihood_Ratios'), F16; tool 'SuSPect'; column 'BRCA1_positive_LR'",14.0,result
brca-20261009-result-cubuk2021-suspect-brca2-blr,brca-20261009-source-cubuk2021-supplementary-tables,"Supplementary Table 9 (sheet 'SupTable9_Likelihood_Ratios'), I16; tool 'SuSPect'; column 'BRCA2_negative_LR'",11.4,result
brca-20261009-result-cubuk2021-suspect-brca2-false-negatives,brca-20261009-source-cubuk2021-supplementary-tables,"Supplementary Table 6 (sheet 'SupTable6_Tool_Counts'), U67; tool 'SuSPect'; column 'BRCA2_FN'",2,result
brca-20261009-result-cubuk2021-suspect-brca2-plr,brca-20261009-source-cubuk2021-supplementary-tables,"Supplementary Table 9 (sheet 'SupTable9_Likelihood_Ratios'), H16; tool 'SuSPect'; column 'BRCA2_positive_LR'",1.50,result
brca-20261009-result-cubuk2021-vest3-a-brca1-blr,brca-20261009-source-cubuk2021-supplementary-tables,"Supplementary Table 9 (sheet 'SupTable9_Likelihood_Ratios'), G26; tool 'VEST3_a'; column 'BRCA1_negative_LR'",74.0,result
brca-20261009-result-cubuk2021-vest3-a-brca1-false-negatives,brca-20261009-source-cubuk2021-supplementary-tables,"Supplementary Table 6 (sheet 'SupTable6_Tool_Counts'), L68; tool 'VEST3_a'; column 'BRCA1_FN'",1,result
brca-20261009-result-cubuk2021-vest3-a-brca1-plr,brca-20261009-source-cubuk2021-supplementary-tables,"Supplementary Table 9 (sheet 'SupTable9_Likelihood_Ratios'), F26; tool 'VEST3_a'; column 'BRCA1_positive_LR'",1.28,result
brca-20261009-result-cubuk2021-vest3-a-brca2-blr,brca-20261009-source-cubuk2021-supplementary-tables,"Supplementary Table 9 (sheet 'SupTable9_Likelihood_Ratios'), I26; tool 'VEST3_a'; column 'BRCA2_negative_LR'",5.87,result
brca-20261009-result-cubuk2021-vest3-a-brca2-false-negatives,brca-20261009-source-cubuk2021-supplementary-tables,"Supplementary Table 6 (sheet 'SupTable6_Tool_Counts'), U68; tool 'VEST3_a'; column 'BRCA2_FN'",0,result
brca-20261009-result-cubuk2021-vest3-a-brca2-plr,brca-20261009-source-cubuk2021-supplementary-tables,"Supplementary Table 9 (sheet 'SupTable9_Likelihood_Ratios'), H26; tool 'VEST3_a'; column 'BRCA2_positive_LR'",1.04,result
brca-20261009-result-cubuk2021-vest3-b-brca1-blr,brca-20261009-source-cubuk2021-supplementary-tables,"Supplementary Table 9 (sheet 'SupTable9_Likelihood_Ratios'), G31; tool 'VEST3_b'; column 'BRCA1_negative_LR'",55.2,result
brca-20261009-result-cubuk2021-vest3-b-brca1-false-negatives,brca-20261009-source-cubuk2021-supplementary-tables,"Supplementary Table 6 (sheet 'SupTable6_Tool_Counts'), L69; tool 'VEST3_b'; column 'BRCA1_FN'",1,result
brca-20261009-result-cubuk2021-vest3-b-brca1-plr,brca-20261009-source-cubuk2021-supplementary-tables,"Supplementary Table 9 (sheet 'SupTable9_Likelihood_Ratios'), F31; tool 'VEST3_b'; column 'BRCA1_positive_LR'",1.17,result
brca-20261009-result-cubuk2021-vest3-b-brca2-blr,brca-20261009-source-cubuk2021-supplementary-tables,"Supplementary Table 9 (sheet 'SupTable9_Likelihood_Ratios'), I31; tool 'VEST3_b'; column 'BRCA2_negative_LR'",8.32,result
brca-20261009-result-cubuk2021-vest3-b-brca2-false-negatives,brca-20261009-source-cubuk2021-supplementary-tables,"Supplementary Table 6 (sheet 'SupTable6_Tool_Counts'), U69; tool 'VEST3_b'; column 'BRCA2_FN'",1,result
brca-20261009-result-cubuk2021-vest3-b-brca2-plr,brca-20261009-source-cubuk2021-supplementary-tables,"Supplementary Table 9 (sheet 'SupTable9_Likelihood_Ratios'), H31; tool 'VEST3_b'; column 'BRCA2_positive_LR'",1.13,result
brca-20261009-result-cubuk2021-vest3-c-brca1-blr,brca-20261009-source-cubuk2021-supplementary-tables,"Supplementary Table 9 (sheet 'SupTable9_Likelihood_Ratios'), G7; tool 'VEST3_c'; column 'BRCA1_negative_LR'",6.90,result
brca-20261009-result-cubuk2021-vest3-c-brca1-false-negatives,brca-20261009-source-cubuk2021-supplementary-tables,"Supplementary Table 6 (sheet 'SupTable6_Tool_Counts'), L70; tool 'VEST3_c'; column 'BRCA1_FN'",37,result
brca-20261009-result-cubuk2021-vest3-c-brca1-plr,brca-20261009-source-cubuk2021-supplementary-tables,"Supplementary Table 9 (sheet 'SupTable9_Likelihood_Ratios'), F7; tool 'VEST3_c'; column 'BRCA1_positive_LR'",2.90,result
brca-20261009-result-cubuk2021-vest3-c-brca2-blr,brca-20261009-source-cubuk2021-supplementary-tables,"Supplementary Table 9 (sheet 'SupTable9_Likelihood_Ratios'), I7; tool 'VEST3_c'; column 'BRCA2_negative_LR'",13.5,result
brca-20261009-result-cubuk2021-vest3-c-brca2-false-negatives,brca-20261009-source-cubuk2021-supplementary-tables,"Supplementary Table 6 (sheet 'SupTable6_Tool_Counts'), U70; tool 'VEST3_c'; column 'BRCA2_FN'",2,result
brca-20261009-result-cubuk2021-vest3-c-brca2-plr,brca-20261009-source-cubuk2021-supplementary-tables,"Supplementary Table 9 (sheet 'SupTable9_Likelihood_Ratios'), H7; tool 'VEST3_c'; column 'BRCA2_positive_LR'",1.67,result
brca-20261009-result-cubuk2021-vest4-brca1-blr,brca-20261009-source-cubuk2021-supplementary-tables,"Supplementary Table 9 (sheet 'SupTable9_Likelihood_Ratios'), G22; tool 'VEST4'; column 'BRCA1_negative_LR'",21.1,result
brca-20261009-result-cubuk2021-vest4-brca1-false-negatives,brca-20261009-source-cubuk2021-supplementary-tables,"Supplementary Table 6 (sheet 'SupTable6_Tool_Counts'), L71; tool 'VEST4'; column 'BRCA1_FN'",5,result
brca-20261009-result-cubuk2021-vest4-brca1-plr,brca-20261009-source-cubuk2021-supplementary-tables,"Supplementary Table 9 (sheet 'SupTable9_Likelihood_Ratios'), F22; tool 'VEST4'; column 'BRCA1_positive_LR'",1.38,result
brca-20261009-result-cubuk2021-vest4-brca2-blr,brca-20261009-source-cubuk2021-supplementary-tables,"Supplementary Table 9 (sheet 'SupTable9_Likelihood_Ratios'), I22; tool 'VEST4'; column 'BRCA2_negative_LR'",21.8,result
brca-20261009-result-cubuk2021-vest4-brca2-false-negatives,brca-20261009-source-cubuk2021-supplementary-tables,"Supplementary Table 6 (sheet 'SupTable6_Tool_Counts'), U71; tool 'VEST4'; column 'BRCA2_FN'",1,result
brca-20261009-result-cubuk2021-vest4-brca2-plr,brca-20261009-source-cubuk2021-supplementary-tables,"Supplementary Table 9 (sheet 'SupTable9_Likelihood_Ratios'), H22; tool 'VEST4'; column 'BRCA2_positive_LR'",1.49,result
brca-20261009-result-ramadane2025-am-0-34-0-56-pp3-bp4-bp4-log2-lr,brca-20261009-source-ramadane2025,"Table 1, row 3 ('AM' group), column 'Benignity evidence (BP4): Evidence strength, log 2 LR (95% CI)'",−4.603,result
brca-20261009-result-ramadane2025-am-0-34-0-56-pp3-bp4-no-code-proportion,brca-20261009-source-ramadane2025,"Table 1, row 3 ('AM' group), column 'No bioinformatic code applicable'",12,result
brca-20261009-result-ramadane2025-am-0-34-0-56-pp3-bp4-pp3-log2-lr,brca-20261009-source-ramadane2025,"Table 1, row 3 ('AM' group), column 'Pathogenicity evidence (PP3): Evidence strength, log 2 LR (95% CI)'",+2.083,result
brca-20261009-result-ramadane2025-am-0-60-0-80-pp3-bp4-bp4-log2-lr,brca-20261009-source-ramadane2025,"Table 1, row 4 ('AM' group), column 'Benignity evidence (BP4): Evidence strength, log 2 LR (95% CI)'",−3.038,result
brca-20261009-result-ramadane2025-am-0-60-0-80-pp3-bp4-no-code-proportion,brca-20261009-source-ramadane2025,"Table 1, row 4 ('AM' group), column 'No bioinformatic code applicable'",10,result
brca-20261009-result-ramadane2025-am-0-60-0-80-pp3-bp4-pp3-log2-lr,brca-20261009-source-ramadane2025,"Table 1, row 4 ('AM' group), column 'Pathogenicity evidence (PP3): Evidence strength, log 2 LR (95% CI)'",+3.007,result
brca-20261009-result-ramadane2025-am-0-65-0-75-binary-accuracy,brca-20261009-source-ramadane2025,"Table 2, 'AM' group, row '≥0.75', column 'Accuracy'",87.2,result
brca-20261009-result-ramadane2025-am-0-65-0-75-binary-npv,brca-20261009-source-ramadane2025,"Table 2, 'AM' group, row '≥0.75', column 'NPV'",95.2,result
brca-20261009-result-ramadane2025-am-0-65-0-75-binary-ppv,brca-20261009-source-ramadane2025,"Table 2, 'AM' group, row '≥0.75', column 'PPV'",66.7,result
brca-20261009-result-ramadane2025-am-0-65-0-75-binary-sensitivity,brca-20261009-source-ramadane2025,"Table 2, 'AM' group, row '≥0.75', column 'Sensitivity'",84.3,result
brca-20261009-result-ramadane2025-am-0-65-0-75-binary-specificity,brca-20261009-source-ramadane2025,"Table 2, 'AM' group, row '≥0.75', column 'Specificity'",88.0,result
brca-20261009-result-ramadane2025-am-0-65-0-75-pp3-bp4-bp4-log2-lr,brca-20261009-source-ramadane2025,"Table 1, row 5 ('AM' group), column 'Benignity evidence (BP4): Evidence strength, log 2 LR (95% CI)'",−2.914,result
brca-20261009-result-ramadane2025-am-0-65-0-75-pp3-bp4-no-code-proportion,brca-20261009-source-ramadane2025,"Table 1, row 5 ('AM' group), column 'No bioinformatic code applicable'",5,result
brca-20261009-result-ramadane2025-am-0-65-0-75-pp3-bp4-pp3-log2-lr,brca-20261009-source-ramadane2025,"Table 1, row 5 ('AM' group), column 'Pathogenicity evidence (PP3): Evidence strength, log 2 LR (95% CI)'",+2.810,result
brca-20261009-result-ramadane2025-bayesdel-0-15-0-28-binary-accuracy,brca-20261009-source-ramadane2025,"Table 2, 'BD' group, row '≥0.28', column 'Accuracy'",85.6,result
brca-20261009-result-ramadane2025-bayesdel-0-15-0-28-binary-npv,brca-20261009-source-ramadane2025,"Table 2, 'BD' group, row '≥0.28', column 'NPV'",93.8,result
brca-20261009-result-ramadane2025-bayesdel-0-15-0-28-binary-ppv,brca-20261009-source-ramadane2025,"Table 2, 'BD' group, row '≥0.28', column 'PPV'",64.1,result
brca-20261009-result-ramadane2025-bayesdel-0-15-0-28-binary-sensitivity,brca-20261009-source-ramadane2025,"Table 2, 'BD' group, row '≥0.28', column 'Sensitivity'",79.8,result
brca-20261009-result-ramadane2025-bayesdel-0-15-0-28-binary-specificity,brca-20261009-source-ramadane2025,"Table 2, 'BD' group, row '≥0.28', column 'Specificity'",87.2,result
brca-20261009-result-ramadane2025-bayesdel-0-15-0-28-pp3-bp4-bp4-log2-lr,brca-20261009-source-ramadane2025,"Table 1, row 10 ('BD' group), column 'Benignity evidence (BP4): Evidence strength, log 2 LR (95% CI)'",−2.923,result
brca-20261009-result-ramadane2025-bayesdel-0-15-0-28-pp3-bp4-no-code-proportion,brca-20261009-source-ramadane2025,"Table 1, row 10 ('BD' group), column 'No bioinformatic code applicable'",14,result
brca-20261009-result-ramadane2025-bayesdel-0-15-0-28-pp3-bp4-pp3-log2-lr,brca-20261009-source-ramadane2025,"Table 1, row 10 ('BD' group), column 'Pathogenicity evidence (PP3): Evidence strength, log 2 LR (95% CI)'",+2.643,result
brca-20261009-result-ramadane2025-ddg-af-1-0-3-0-binary-accuracy,brca-20261009-source-ramadane2025,"Table 2, 'ΔΔG AF a' group, row '≥+3', column 'Accuracy'",86.6,result
brca-20261009-result-ramadane2025-ddg-af-1-0-3-0-binary-npv,brca-20261009-source-ramadane2025,"Table 2, 'ΔΔG AF a' group, row '≥+3', column 'NPV'",96.6,result
brca-20261009-result-ramadane2025-ddg-af-1-0-3-0-binary-ppv,brca-20261009-source-ramadane2025,"Table 2, 'ΔΔG AF a' group, row '≥+3', column 'PPV'",64.0,result
brca-20261009-result-ramadane2025-ddg-af-1-0-3-0-binary-sensitivity,brca-20261009-source-ramadane2025,"Table 2, 'ΔΔG AF a' group, row '≥+3', column 'Sensitivity'",89.1,result
brca-20261009-result-ramadane2025-ddg-af-1-0-3-0-binary-specificity,brca-20261009-source-ramadane2025,"Table 2, 'ΔΔG AF a' group, row '≥+3', column 'Specificity'",85.9,result
brca-20261009-result-ramadane2025-ddg-af-1-0-3-0-pp3-bp4-bp4-log2-lr,brca-20261009-source-ramadane2025,"Table 1, row 6 ('ΔΔG AF b' group), column 'Benignity evidence (BP4): Evidence strength, log 2 LR (95% CI)'",−3.417,result
brca-20261009-result-ramadane2025-ddg-af-1-0-3-0-pp3-bp4-no-code-proportion,brca-20261009-source-ramadane2025,"Table 1, row 6 ('ΔΔG AF b' group), column 'No bioinformatic code applicable'",26,result
brca-20261009-result-ramadane2025-ddg-af-1-0-3-0-pp3-bp4-pp3-log2-lr,brca-20261009-source-ramadane2025,"Table 1, row 6 ('ΔΔG AF b' group), column 'Pathogenicity evidence (PP3): Evidence strength, log 2 LR (95% CI)'",+2.691,result
brca-20261009-result-ramadane2025-ddg-af-1-5-2-5-binary-accuracy,brca-20261009-source-ramadane2025,"Table 2, 'ΔΔG AF a' group, row '≥+2.5', column 'Accuracy'",83.7,result
brca-20261009-result-ramadane2025-ddg-af-1-5-2-5-binary-npv,brca-20261009-source-ramadane2025,"Table 2, 'ΔΔG AF a' group, row '≥+2.5', column 'NPV'",94.1,result
brca-20261009-result-ramadane2025-ddg-af-1-5-2-5-binary-ppv,brca-20261009-source-ramadane2025,"Table 2, 'ΔΔG AF a' group, row '≥+2.5', column 'PPV'",59.5,result
brca-20261009-result-ramadane2025-ddg-af-1-5-2-5-binary-sensitivity,brca-20261009-source-ramadane2025,"Table 2, 'ΔΔG AF a' group, row '≥+2.5', column 'Sensitivity'",81.6,result
brca-20261009-result-ramadane2025-ddg-af-1-5-2-5-binary-specificity,brca-20261009-source-ramadane2025,"Table 2, 'ΔΔG AF a' group, row '≥+2.5', column 'Specificity'",84.2,result
brca-20261009-result-ramadane2025-ddg-af-1-5-2-5-pp3-bp4-bp4-log2-lr,brca-20261009-source-ramadane2025,"Table 1, row 7 ('ΔΔG AF b' group), column 'Benignity evidence (BP4): Evidence strength, log 2 LR (95% CI)'",−2.946,result
brca-20261009-result-ramadane2025-ddg-af-1-5-2-5-pp3-bp4-no-code-proportion,brca-20261009-source-ramadane2025,"Table 1, row 7 ('ΔΔG AF b' group), column 'No bioinformatic code applicable'",8,result
brca-20261009-result-ramadane2025-ddg-af-1-5-2-5-pp3-bp4-pp3-log2-lr,brca-20261009-source-ramadane2025,"Table 1, row 7 ('ΔΔG AF b' group), column 'Pathogenicity evidence (PP3): Evidence strength, log 2 LR (95% CI)'",+2.367,result
brca-20261009-result-ramadane2025-ddg-pdb-1-0-3-0-binary-accuracy,brca-20261009-source-ramadane2025,"Table 2, 'ΔΔG PDB a' group, row '≥+3', column 'Accuracy'",86.3,result
brca-20261009-result-ramadane2025-ddg-pdb-1-0-3-0-binary-npv,brca-20261009-source-ramadane2025,"Table 2, 'ΔΔG PDB a' group, row '≥+3', column 'NPV'",96.1,result
brca-20261009-result-ramadane2025-ddg-pdb-1-0-3-0-binary-ppv,brca-20261009-source-ramadane2025,"Table 2, 'ΔΔG PDB a' group, row '≥+3', column 'PPV'",63.7,result
brca-20261009-result-ramadane2025-ddg-pdb-1-0-3-0-binary-sensitivity,brca-20261009-source-ramadane2025,"Table 2, 'ΔΔG PDB a' group, row '≥+3', column 'Sensitivity'",87.7,result
brca-20261009-result-ramadane2025-ddg-pdb-1-0-3-0-binary-specificity,brca-20261009-source-ramadane2025,"Table 2, 'ΔΔG PDB a' group, row '≥+3', column 'Specificity'",85.9,result
brca-20261009-result-ramadane2025-ddg-pdb-1-0-3-0-pp3-bp4-bp4-log2-lr,brca-20261009-source-ramadane2025,"Table 1, row 8 ('ΔΔG PDB b' group), column 'Benignity evidence (BP4): Evidence strength, log 2 LR (95% CI)'",−2.663,result
brca-20261009-result-ramadane2025-ddg-pdb-1-0-3-0-pp3-bp4-no-code-proportion,brca-20261009-source-ramadane2025,"Table 1, row 8 ('ΔΔG PDB b' group), column 'No bioinformatic code applicable'",26,result
brca-20261009-result-ramadane2025-ddg-pdb-1-0-3-0-pp3-bp4-pp3-log2-lr,brca-20261009-source-ramadane2025,"Table 1, row 8 ('ΔΔG PDB b' group), column 'Pathogenicity evidence (PP3): Evidence strength, log 2 LR (95% CI)'",+2.780,result
brca-20261009-result-ramadane2025-ddg-pdb-1-5-2-5-binary-accuracy,brca-20261009-source-ramadane2025,"Table 2, 'ΔΔG PDB a' group, row '≥+2.5', column 'Accuracy'",82.6,result
brca-20261009-result-ramadane2025-ddg-pdb-1-5-2-5-binary-npv,brca-20261009-source-ramadane2025,"Table 2, 'ΔΔG PDB a' group, row '≥+2.5', column 'NPV'",92.0,result
brca-20261009-result-ramadane2025-ddg-pdb-1-5-2-5-binary-ppv,brca-20261009-source-ramadane2025,"Table 2, 'ΔΔG PDB a' group, row '≥+2.5', column 'PPV'",58.5,result
brca-20261009-result-ramadane2025-ddg-pdb-1-5-2-5-binary-sensitivity,brca-20261009-source-ramadane2025,"Table 2, 'ΔΔG PDB a' group, row '≥+2.5', column 'Sensitivity'",74.2,result
brca-20261009-result-ramadane2025-ddg-pdb-1-5-2-5-binary-specificity,brca-20261009-source-ramadane2025,"Table 2, 'ΔΔG PDB a' group, row '≥+2.5', column 'Specificity'",85.0,result
brca-20261009-result-ramadane2025-ddg-pdb-1-5-2-5-pp3-bp4-bp4-log2-lr,brca-20261009-source-ramadane2025,"Table 1, row 9 ('ΔΔG PDB b' group), column 'Benignity evidence (BP4): Evidence strength, log 2 LR (95% CI)'",−2.264,result
brca-20261009-result-ramadane2025-ddg-pdb-1-5-2-5-pp3-bp4-no-code-proportion,brca-20261009-source-ramadane2025,"Table 1, row 9 ('ΔΔG PDB b' group), column 'No bioinformatic code applicable'",12,result
brca-20261009-result-ramadane2025-ddg-pdb-1-5-2-5-pp3-bp4-pp3-log2-lr,brca-20261009-source-ramadane2025,"Table 1, row 9 ('ΔΔG PDB b' group), column 'Pathogenicity evidence (PP3): Evidence strength, log 2 LR (95% CI)'",+2.309,result
