record_id,source_id,locator,printed_value,review_scope
ctdnameth-20261009-claim-giuili2025-lod-definition,ctdnameth-20261009-source-giuili2025,"Preprint Results 'The tumoral fraction limit of detection' (page 11), Methods 'Evaluation metrics and missing values' (pages 26-27), Supplementary Table 2D","Lowest tumour fraction at which the estimated fractions of the ten replicates are significantly higher than those of 0% tumour samples (one-tailed unpaired Mann-Whitney U test, Benjamini-Hochberg adjusted p < 0.01), moving from higher to lower fractions. Tested grid (Supplementary Table 2D): 0.0001, 0.001, 0.003, 0.007, 0.01, 0.025, 0.05, 0.1, 0.25, 0.5.",claim
ctdnameth-20261009-claim-nguyen2023-too-features,ctdnameth-20261009-source-nguyen2023,Results 'SPOT-MAS enables prediction of cancer types' (P23); Results P18; Methods P47 (feature names) and P49 (TOO model input),"The tissue-of-origin models take the nine SPOT-MAS cfDNA feature sets (targeted methylation, genome-wide methylation, fragment length, short, long, total and ratio fragment features, copy number aberrations and end motifs) concatenated into one data frame.",claim
ctdnameth-20261009-claim-sun2024-auc-definition,ctdnameth-20261009-source-sun2024,Methods 'Assessment of deconvolution performance on real-world datasets' (P49),ROC-AUC of random forest models for disease detection built with the estimated cell-type fractions from each deconvolution method as predictors; the reference atlas used all data of the 35 cell types.,claim
ctdnameth-20261009-eval-nguyen2023-spotmas-too-*-discovery,ctdnameth-20261009-source-nguyen2023-supp-file-1,"Supplementary file 1, sheet 'Table S9', B10; row 'All cancer'; column 'n' under 'All stage'",499,denominator
ctdnameth-20261009-eval-nguyen2023-spotmas-too-*-discovery,ctdnameth-20261009-source-nguyen2023-supp-file-1,"Supplementary file 1, sheet 'Table S9', B5; row 'Breast'; column 'n' under 'All stage'",156,denominator
ctdnameth-20261009-eval-nguyen2023-spotmas-too-*-discovery,ctdnameth-20261009-source-nguyen2023-supp-file-1,"Supplementary file 1, sheet 'Table S9', B6; row 'CRC'; column 'n' under 'All stage'",106,denominator
ctdnameth-20261009-eval-nguyen2023-spotmas-too-*-discovery,ctdnameth-20261009-source-nguyen2023-supp-file-1,"Supplementary file 1, sheet 'Table S9', B7; row 'Gastric'; column 'n' under 'All stage'",67,denominator
ctdnameth-20261009-eval-nguyen2023-spotmas-too-*-discovery,ctdnameth-20261009-source-nguyen2023-supp-file-1,"Supplementary file 1, sheet 'Table S9', B8; row 'Liver'; column 'n' under 'All stage'",77,denominator
ctdnameth-20261009-eval-nguyen2023-spotmas-too-*-discovery,ctdnameth-20261009-source-nguyen2023-supp-file-1,"Supplementary file 1, sheet 'Table S9', B9; row 'Lung'; column 'n' under 'All stage'",93,denominator
ctdnameth-20261009-eval-nguyen2023-spotmas-too-*-discovery,ctdnameth-20261009-source-nguyen2023-supp-file-1,"Supplementary file 1, sheet 'Table S9', F10; row 'All cancer'; column 'n' under 'Stage I'",50,denominator
ctdnameth-20261009-eval-nguyen2023-spotmas-too-*-discovery,ctdnameth-20261009-source-nguyen2023-supp-file-1,"Supplementary file 1, sheet 'Table S9', F5; row 'Breast'; column 'n' under 'Stage I'",29,denominator
ctdnameth-20261009-eval-nguyen2023-spotmas-too-*-discovery,ctdnameth-20261009-source-nguyen2023-supp-file-1,"Supplementary file 1, sheet 'Table S9', F6; row 'CRC'; column 'n' under 'Stage I'",11,denominator
ctdnameth-20261009-eval-nguyen2023-spotmas-too-*-discovery,ctdnameth-20261009-source-nguyen2023-supp-file-1,"Supplementary file 1, sheet 'Table S9', F7; row 'Gastric'; column 'n' under 'Stage I'",4,denominator
ctdnameth-20261009-eval-nguyen2023-spotmas-too-*-discovery,ctdnameth-20261009-source-nguyen2023-supp-file-1,"Supplementary file 1, sheet 'Table S9', F8; row 'Liver'; column 'n' under 'Stage I'",4,denominator
ctdnameth-20261009-eval-nguyen2023-spotmas-too-*-discovery,ctdnameth-20261009-source-nguyen2023-supp-file-1,"Supplementary file 1, sheet 'Table S9', F9; row 'Lung'; column 'n' under 'Stage I'",2,denominator
ctdnameth-20261009-eval-nguyen2023-spotmas-too-*-discovery,ctdnameth-20261009-source-nguyen2023-supp-file-1,"Supplementary file 1, sheet 'Table S9', J10; row 'All cancer'; column 'n' under 'Stage II'",163,denominator
ctdnameth-20261009-eval-nguyen2023-spotmas-too-*-discovery,ctdnameth-20261009-source-nguyen2023-supp-file-1,"Supplementary file 1, sheet 'Table S9', J5; row 'Breast'; column 'n' under 'Stage II'",78,denominator
ctdnameth-20261009-eval-nguyen2023-spotmas-too-*-discovery,ctdnameth-20261009-source-nguyen2023-supp-file-1,"Supplementary file 1, sheet 'Table S9', J6; row 'CRC'; column 'n' under 'Stage II'",41,denominator
ctdnameth-20261009-eval-nguyen2023-spotmas-too-*-discovery,ctdnameth-20261009-source-nguyen2023-supp-file-1,"Supplementary file 1, sheet 'Table S9', J7; row 'Gastric'; column 'n' under 'Stage II'",12,denominator
ctdnameth-20261009-eval-nguyen2023-spotmas-too-*-discovery,ctdnameth-20261009-source-nguyen2023-supp-file-1,"Supplementary file 1, sheet 'Table S9', J8; row 'Liver'; column 'n' under 'Stage II'",21,denominator
ctdnameth-20261009-eval-nguyen2023-spotmas-too-*-discovery,ctdnameth-20261009-source-nguyen2023-supp-file-1,"Supplementary file 1, sheet 'Table S9', J9; row 'Lung'; column 'n' under 'Stage II'",11,denominator
ctdnameth-20261009-eval-nguyen2023-spotmas-too-*-discovery,ctdnameth-20261009-source-nguyen2023-supp-file-1,"Supplementary file 1, sheet 'Table S9', N10; row 'All cancer'; column 'n' under 'Stage III'",148,denominator
ctdnameth-20261009-eval-nguyen2023-spotmas-too-*-discovery,ctdnameth-20261009-source-nguyen2023-supp-file-1,"Supplementary file 1, sheet 'Table S9', N5; row 'Breast'; column 'n' under 'Stage III'",25,denominator
ctdnameth-20261009-eval-nguyen2023-spotmas-too-*-discovery,ctdnameth-20261009-source-nguyen2023-supp-file-1,"Supplementary file 1, sheet 'Table S9', N6; row 'CRC'; column 'n' under 'Stage III'",41,denominator
ctdnameth-20261009-eval-nguyen2023-spotmas-too-*-discovery,ctdnameth-20261009-source-nguyen2023-supp-file-1,"Supplementary file 1, sheet 'Table S9', N7; row 'Gastric'; column 'n' under 'Stage III'",23,denominator
ctdnameth-20261009-eval-nguyen2023-spotmas-too-*-discovery,ctdnameth-20261009-source-nguyen2023-supp-file-1,"Supplementary file 1, sheet 'Table S9', N8; row 'Liver'; column 'n' under 'Stage III'",12,denominator
ctdnameth-20261009-eval-nguyen2023-spotmas-too-*-discovery,ctdnameth-20261009-source-nguyen2023-supp-file-1,"Supplementary file 1, sheet 'Table S9', N9; row 'Lung'; column 'n' under 'Stage III'",47,denominator
ctdnameth-20261009-eval-nguyen2023-spotmas-too-*-discovery,ctdnameth-20261009-source-nguyen2023-supp-file-1,"Supplementary file 1, sheet 'Table S9', R10; row 'All cancer'; column 'n' under 'Non-metastasis with unknown stage'",138,denominator
ctdnameth-20261009-eval-nguyen2023-spotmas-too-*-discovery,ctdnameth-20261009-source-nguyen2023-supp-file-1,"Supplementary file 1, sheet 'Table S9', R5; row 'Breast'; column 'n' under 'Non-metastasis with unknown stage'",24,denominator
ctdnameth-20261009-eval-nguyen2023-spotmas-too-*-discovery,ctdnameth-20261009-source-nguyen2023-supp-file-1,"Supplementary file 1, sheet 'Table S9', R6; row 'CRC'; column 'n' under 'Non-metastasis with unknown stage'",13,denominator
ctdnameth-20261009-eval-nguyen2023-spotmas-too-*-discovery,ctdnameth-20261009-source-nguyen2023-supp-file-1,"Supplementary file 1, sheet 'Table S9', R7; row 'Gastric'; column 'n' under 'Non-metastasis with unknown stage'",28,denominator
ctdnameth-20261009-eval-nguyen2023-spotmas-too-*-discovery,ctdnameth-20261009-source-nguyen2023-supp-file-1,"Supplementary file 1, sheet 'Table S9', R8; row 'Liver'; column 'n' under 'Non-metastasis with unknown stage'",40,denominator
ctdnameth-20261009-eval-nguyen2023-spotmas-too-*-discovery,ctdnameth-20261009-source-nguyen2023-supp-file-1,"Supplementary file 1, sheet 'Table S9', R9; row 'Lung'; column 'n' under 'Non-metastasis with unknown stage'",33,denominator
ctdnameth-20261009-eval-nguyen2023-spotmas-too-*-validation,ctdnameth-20261009-source-nguyen2023-supp-file-1,"Supplementary file 1, sheet 'Table S9', B14; row 'Breast'; column 'n' under 'All stage'",67,denominator
ctdnameth-20261009-eval-nguyen2023-spotmas-too-*-validation,ctdnameth-20261009-source-nguyen2023-supp-file-1,"Supplementary file 1, sheet 'Table S9', B15; row 'CRC'; column 'n' under 'All stage'",53,denominator
ctdnameth-20261009-eval-nguyen2023-spotmas-too-*-validation,ctdnameth-20261009-source-nguyen2023-supp-file-1,"Supplementary file 1, sheet 'Table S9', B16; row 'Gastric'; column 'n' under 'All stage'",31,denominator
ctdnameth-20261009-eval-nguyen2023-spotmas-too-*-validation,ctdnameth-20261009-source-nguyen2023-supp-file-1,"Supplementary file 1, sheet 'Table S9', B17; row 'Liver'; column 'n' under 'All stage'",45,denominator
ctdnameth-20261009-eval-nguyen2023-spotmas-too-*-validation,ctdnameth-20261009-source-nguyen2023-supp-file-1,"Supplementary file 1, sheet 'Table S9', B18; row 'Lung'; column 'n' under 'All stage'",43,denominator
ctdnameth-20261009-eval-nguyen2023-spotmas-too-*-validation,ctdnameth-20261009-source-nguyen2023-supp-file-1,"Supplementary file 1, sheet 'Table S9', B19; row 'All cancer'; column 'n' under 'All stage'",239,denominator
ctdnameth-20261009-eval-nguyen2023-spotmas-too-*-validation,ctdnameth-20261009-source-nguyen2023-supp-file-1,"Supplementary file 1, sheet 'Table S9', F14; row 'Breast'; column 'n' under 'Stage I'",13,denominator
ctdnameth-20261009-eval-nguyen2023-spotmas-too-*-validation,ctdnameth-20261009-source-nguyen2023-supp-file-1,"Supplementary file 1, sheet 'Table S9', F15; row 'CRC'; column 'n' under 'Stage I'",5,denominator
ctdnameth-20261009-eval-nguyen2023-spotmas-too-*-validation,ctdnameth-20261009-source-nguyen2023-supp-file-1,"Supplementary file 1, sheet 'Table S9', F16; row 'Gastric'; column 'n' under 'Stage I'",2,denominator
ctdnameth-20261009-eval-nguyen2023-spotmas-too-*-validation,ctdnameth-20261009-source-nguyen2023-supp-file-1,"Supplementary file 1, sheet 'Table S9', F17; row 'Liver'; column 'n' under 'Stage I'",2,denominator
ctdnameth-20261009-eval-nguyen2023-spotmas-too-*-validation,ctdnameth-20261009-source-nguyen2023-supp-file-1,"Supplementary file 1, sheet 'Table S9', F18; row 'Lung'; column 'n' under 'Stage I'",0,denominator
ctdnameth-20261009-eval-nguyen2023-spotmas-too-*-validation,ctdnameth-20261009-source-nguyen2023-supp-file-1,"Supplementary file 1, sheet 'Table S9', F19; row 'All cancer'; column 'n' under 'Stage I'",22,denominator
ctdnameth-20261009-eval-nguyen2023-spotmas-too-*-validation,ctdnameth-20261009-source-nguyen2023-supp-file-1,"Supplementary file 1, sheet 'Table S9', J14; row 'Breast'; column 'n' under 'Stage II'",20,denominator
ctdnameth-20261009-eval-nguyen2023-spotmas-too-*-validation,ctdnameth-20261009-source-nguyen2023-supp-file-1,"Supplementary file 1, sheet 'Table S9', J15; row 'CRC'; column 'n' under 'Stage II'",20,denominator
ctdnameth-20261009-eval-nguyen2023-spotmas-too-*-validation,ctdnameth-20261009-source-nguyen2023-supp-file-1,"Supplementary file 1, sheet 'Table S9', J16; row 'Gastric'; column 'n' under 'Stage II'",5,denominator
ctdnameth-20261009-eval-nguyen2023-spotmas-too-*-validation,ctdnameth-20261009-source-nguyen2023-supp-file-1,"Supplementary file 1, sheet 'Table S9', J17; row 'Liver'; column 'n' under 'Stage II'",10,denominator
ctdnameth-20261009-eval-nguyen2023-spotmas-too-*-validation,ctdnameth-20261009-source-nguyen2023-supp-file-1,"Supplementary file 1, sheet 'Table S9', J18; row 'Lung'; column 'n' under 'Stage II'",3,denominator
ctdnameth-20261009-eval-nguyen2023-spotmas-too-*-validation,ctdnameth-20261009-source-nguyen2023-supp-file-1,"Supplementary file 1, sheet 'Table S9', J19; row 'All cancer'; column 'n' under 'Stage II'",58,denominator
ctdnameth-20261009-eval-nguyen2023-spotmas-too-*-validation,ctdnameth-20261009-source-nguyen2023-supp-file-1,"Supplementary file 1, sheet 'Table S9', N14; row 'Breast'; column 'n' under 'Stage III'",5,denominator
ctdnameth-20261009-eval-nguyen2023-spotmas-too-*-validation,ctdnameth-20261009-source-nguyen2023-supp-file-1,"Supplementary file 1, sheet 'Table S9', N15; row 'CRC'; column 'n' under 'Stage III'",20,denominator
ctdnameth-20261009-eval-nguyen2023-spotmas-too-*-validation,ctdnameth-20261009-source-nguyen2023-supp-file-1,"Supplementary file 1, sheet 'Table S9', N16; row 'Gastric'; column 'n' under 'Stage III'",10,denominator
ctdnameth-20261009-eval-nguyen2023-spotmas-too-*-validation,ctdnameth-20261009-source-nguyen2023-supp-file-1,"Supplementary file 1, sheet 'Table S9', N17; row 'Liver'; column 'n' under 'Stage III'",15,denominator
ctdnameth-20261009-eval-nguyen2023-spotmas-too-*-validation,ctdnameth-20261009-source-nguyen2023-supp-file-1,"Supplementary file 1, sheet 'Table S9', N18; row 'Lung'; column 'n' under 'Stage III'",24,denominator
ctdnameth-20261009-eval-nguyen2023-spotmas-too-*-validation,ctdnameth-20261009-source-nguyen2023-supp-file-1,"Supplementary file 1, sheet 'Table S9', N19; row 'All cancer'; column 'n' under 'Stage III'",74,denominator
ctdnameth-20261009-eval-nguyen2023-spotmas-too-*-validation,ctdnameth-20261009-source-nguyen2023-supp-file-1,"Supplementary file 1, sheet 'Table S9', R14; row 'Breast'; column 'n' under 'Non-metastasis with unknown stage'",29,denominator
ctdnameth-20261009-eval-nguyen2023-spotmas-too-*-validation,ctdnameth-20261009-source-nguyen2023-supp-file-1,"Supplementary file 1, sheet 'Table S9', R15; row 'CRC'; column 'n' under 'Non-metastasis with unknown stage'",8,denominator
ctdnameth-20261009-eval-nguyen2023-spotmas-too-*-validation,ctdnameth-20261009-source-nguyen2023-supp-file-1,"Supplementary file 1, sheet 'Table S9', R16; row 'Gastric'; column 'n' under 'Non-metastasis with unknown stage'",14,denominator
ctdnameth-20261009-eval-nguyen2023-spotmas-too-*-validation,ctdnameth-20261009-source-nguyen2023-supp-file-1,"Supplementary file 1, sheet 'Table S9', R17; row 'Liver'; column 'n' under 'Non-metastasis with unknown stage'",18,denominator
ctdnameth-20261009-eval-nguyen2023-spotmas-too-*-validation,ctdnameth-20261009-source-nguyen2023-supp-file-1,"Supplementary file 1, sheet 'Table S9', R18; row 'Lung'; column 'n' under 'Non-metastasis with unknown stage'",16,denominator
ctdnameth-20261009-eval-nguyen2023-spotmas-too-*-validation,ctdnameth-20261009-source-nguyen2023-supp-file-1,"Supplementary file 1, sheet 'Table S9', R19; row 'All cancer'; column 'n' under 'Non-metastasis with unknown stage'",85,denominator
ctdnameth-20261009-result-giuili2025-celfie-rrbs-cl-10m-lod,ctdnameth-20261009-source-giuili2025-supp-table-3,"Supplementary Table 3 sheet A, M3; row 'CelFiE'; column '10M' under 'RRBS-CL'",0.0010,result
ctdnameth-20261009-result-giuili2025-celfie-rrbs-cl-15m-lod,ctdnameth-20261009-source-giuili2025-supp-table-3,"Supplementary Table 3 sheet A, N3; row 'CelFiE'; column '15M' under 'RRBS-CL'",0.0010,result
ctdnameth-20261009-result-giuili2025-celfie-rrbs-cl-20m-lod,ctdnameth-20261009-source-giuili2025-supp-table-3,"Supplementary Table 3 sheet A, O3; row 'CelFiE'; column '20M' under 'RRBS-CL'",0.0010,result
ctdnameth-20261009-result-giuili2025-celfie-rrbs-cl-2m-lod,ctdnameth-20261009-source-giuili2025-supp-table-3,"Supplementary Table 3 sheet A, K3; row 'CelFiE'; column '2M' under 'RRBS-CL'",0.0010*,result
ctdnameth-20261009-result-giuili2025-celfie-rrbs-cl-5m-lod,ctdnameth-20261009-source-giuili2025-supp-table-3,"Supplementary Table 3 sheet A, L3; row 'CelFiE'; column '5M' under 'RRBS-CL'",0.0010,result
ctdnameth-20261009-result-giuili2025-celfie-rrbs-cl-overall-lod,ctdnameth-20261009-source-giuili2025-supp-table-3,"Supplementary Table 3 sheet B, D4; row 'CelFiE'; column 'RRBS-CL'",0.0010,result
ctdnameth-20261009-result-giuili2025-celfie-rrbs-tt-10m-lod,ctdnameth-20261009-source-giuili2025-supp-table-3,"Supplementary Table 3 sheet A, D3; row 'CelFiE'; column '10M' under 'RRBS-TT'",0.0070*,result
ctdnameth-20261009-result-giuili2025-celfie-rrbs-tt-15m-lod,ctdnameth-20261009-source-giuili2025-supp-table-3,"Supplementary Table 3 sheet A, E3; row 'CelFiE'; column '15M' under 'RRBS-TT'",0.0100,result
ctdnameth-20261009-result-giuili2025-celfie-rrbs-tt-20m-lod,ctdnameth-20261009-source-giuili2025-supp-table-3,"Supplementary Table 3 sheet A, F3; row 'CelFiE'; column '20M' under 'RRBS-TT'",0.0070,result
ctdnameth-20261009-result-giuili2025-celfie-rrbs-tt-2m-lod,ctdnameth-20261009-source-giuili2025-supp-table-3,"Supplementary Table 3 sheet A, B3; row 'CelFiE'; column '2M' under 'RRBS-TT'",0.0500,result
ctdnameth-20261009-result-giuili2025-celfie-rrbs-tt-5m-lod,ctdnameth-20261009-source-giuili2025-supp-table-3,"Supplementary Table 3 sheet A, C3; row 'CelFiE'; column '5M' under 'RRBS-TT'",0.0250,result
ctdnameth-20261009-result-giuili2025-celfie-rrbs-tt-overall-lod,ctdnameth-20261009-source-giuili2025-supp-table-3,"Supplementary Table 3 sheet B, C4; row 'CelFiE'; column 'RRBS-TT'",0.0100,result
ctdnameth-20261009-result-giuili2025-celfie-wgbs-tt-183m-lod,ctdnameth-20261009-source-giuili2025-supp-table-3,"Supplementary Table 3 sheet A, H3; row 'CelFiE'; column '183M' under 'WGBS-TT'",0.0100,result
ctdnameth-20261009-result-giuili2025-celfie-wgbs-tt-310m-lod,ctdnameth-20261009-source-giuili2025-supp-table-3,"Supplementary Table 3 sheet A, I3; row 'CelFiE'; column '310M' under 'WGBS-TT'",0.0070*,result
ctdnameth-20261009-result-giuili2025-celfie-wgbs-tt-620m-lod,ctdnameth-20261009-source-giuili2025-supp-table-3,"Supplementary Table 3 sheet A, J3; row 'CelFiE'; column '620M' under 'WGBS-TT'",0.0070,result
ctdnameth-20261009-result-giuili2025-celfie-wgbs-tt-62m-lod,ctdnameth-20261009-source-giuili2025-supp-table-3,"Supplementary Table 3 sheet A, G3; row 'CelFiE'; column '62M' under 'WGBS-TT'",0.0250,result
ctdnameth-20261009-result-giuili2025-celfie-wgbs-tt-overall-lod,ctdnameth-20261009-source-giuili2025-supp-table-3,"Supplementary Table 3 sheet B, B4; row 'CelFiE'; column 'WGBS-TT'",0.0070,result
ctdnameth-20261009-result-giuili2025-cibersort-rrbs-cl-10m-lod,ctdnameth-20261009-source-giuili2025-supp-table-3,"Supplementary Table 3 sheet A, M12; row 'CIBERSORT'; column '10M' under 'RRBS-CL'",0.0070,result
ctdnameth-20261009-result-giuili2025-cibersort-rrbs-cl-15m-lod,ctdnameth-20261009-source-giuili2025-supp-table-3,"Supplementary Table 3 sheet A, N12; row 'CIBERSORT'; column '15M' under 'RRBS-CL'",0.0250,result
ctdnameth-20261009-result-giuili2025-cibersort-rrbs-cl-20m-lod,ctdnameth-20261009-source-giuili2025-supp-table-3,"Supplementary Table 3 sheet A, O12; row 'CIBERSORT'; column '20M' under 'RRBS-CL'",0.0070,result
ctdnameth-20261009-result-giuili2025-cibersort-rrbs-cl-2m-lod,ctdnameth-20261009-source-giuili2025-supp-table-3,"Supplementary Table 3 sheet A, K12; row 'CIBERSORT'; column '2M' under 'RRBS-CL'",0.0500,result
ctdnameth-20261009-result-giuili2025-cibersort-rrbs-cl-5m-lod,ctdnameth-20261009-source-giuili2025-supp-table-3,"Supplementary Table 3 sheet A, L12; row 'CIBERSORT'; column '5M' under 'RRBS-CL'",0.0500,result
ctdnameth-20261009-result-giuili2025-cibersort-rrbs-cl-overall-lod,ctdnameth-20261009-source-giuili2025-supp-table-3,"Supplementary Table 3 sheet B, D3; row 'CIBERSORT'; column 'RRBS-CL'",0.1000,result
ctdnameth-20261009-result-giuili2025-cibersort-rrbs-tt-10m-lod,ctdnameth-20261009-source-giuili2025-supp-table-3,"Supplementary Table 3 sheet A, D12; row 'CIBERSORT'; column '10M' under 'RRBS-TT'",0.0500,result
ctdnameth-20261009-result-giuili2025-cibersort-rrbs-tt-15m-lod,ctdnameth-20261009-source-giuili2025-supp-table-3,"Supplementary Table 3 sheet A, E12; row 'CIBERSORT'; column '15M' under 'RRBS-TT'",0.0500,result
ctdnameth-20261009-result-giuili2025-cibersort-rrbs-tt-20m-lod,ctdnameth-20261009-source-giuili2025-supp-table-3,"Supplementary Table 3 sheet A, F12; row 'CIBERSORT'; column '20M' under 'RRBS-TT'",0.0500,result
ctdnameth-20261009-result-giuili2025-cibersort-rrbs-tt-2m-lod,ctdnameth-20261009-source-giuili2025-supp-table-3,"Supplementary Table 3 sheet A, B12; row 'CIBERSORT'; column '2M' under 'RRBS-TT'",0.1000,result
ctdnameth-20261009-result-giuili2025-cibersort-rrbs-tt-5m-lod,ctdnameth-20261009-source-giuili2025-supp-table-3,"Supplementary Table 3 sheet A, C12; row 'CIBERSORT'; column '5M' under 'RRBS-TT'",0.1000,result
ctdnameth-20261009-result-giuili2025-cibersort-rrbs-tt-overall-lod,ctdnameth-20261009-source-giuili2025-supp-table-3,"Supplementary Table 3 sheet B, C3; row 'CIBERSORT'; column 'RRBS-TT'",0.1000,result
ctdnameth-20261009-result-giuili2025-cibersort-wgbs-tt-183m-lod,ctdnameth-20261009-source-giuili2025-supp-table-3,"Supplementary Table 3 sheet A, H12; row 'CIBERSORT'; column '183M' under 'WGBS-TT'",0.1750,result
ctdnameth-20261009-result-giuili2025-cibersort-wgbs-tt-310m-lod,ctdnameth-20261009-source-giuili2025-supp-table-3,"Supplementary Table 3 sheet A, I12; row 'CIBERSORT'; column '310M' under 'WGBS-TT'",0.2500,result
ctdnameth-20261009-result-giuili2025-cibersort-wgbs-tt-620m-lod,ctdnameth-20261009-source-giuili2025-supp-table-3,"Supplementary Table 3 sheet A, J12; row 'CIBERSORT'; column '620M' under 'WGBS-TT'",0.1000,result
ctdnameth-20261009-result-giuili2025-cibersort-wgbs-tt-62m-lod,ctdnameth-20261009-source-giuili2025-supp-table-3,"Supplementary Table 3 sheet A, G12; row 'CIBERSORT'; column '62M' under 'WGBS-TT'",0.5000,result
ctdnameth-20261009-result-giuili2025-cibersort-wgbs-tt-overall-lod,ctdnameth-20261009-source-giuili2025-supp-table-3,"Supplementary Table 3 sheet B, B3; row 'CIBERSORT'; column 'WGBS-TT'",0.2500,result
ctdnameth-20261009-result-giuili2025-epidish-rpc-rrbs-cl-10m-lod,ctdnameth-20261009-source-giuili2025-supp-table-3,"Supplementary Table 3 sheet A, M11; row 'EpiDISH_RPC'; column '10M' under 'RRBS-CL'",0.1000,result
ctdnameth-20261009-result-giuili2025-epidish-rpc-rrbs-cl-15m-lod,ctdnameth-20261009-source-giuili2025-supp-table-3,"Supplementary Table 3 sheet A, N11; row 'EpiDISH_RPC'; column '15M' under 'RRBS-CL'",0.1000,result
ctdnameth-20261009-result-giuili2025-epidish-rpc-rrbs-cl-20m-lod,ctdnameth-20261009-source-giuili2025-supp-table-3,"Supplementary Table 3 sheet A, O11; row 'EpiDISH_RPC'; column '20M' under 'RRBS-CL'",0.1000,result
ctdnameth-20261009-result-giuili2025-epidish-rpc-rrbs-cl-2m-lod,ctdnameth-20261009-source-giuili2025-supp-table-3,"Supplementary Table 3 sheet A, K11; row 'EpiDISH_RPC'; column '2M' under 'RRBS-CL'",0.1000,result
ctdnameth-20261009-result-giuili2025-epidish-rpc-rrbs-cl-5m-lod,ctdnameth-20261009-source-giuili2025-supp-table-3,"Supplementary Table 3 sheet A, L11; row 'EpiDISH_RPC'; column '5M' under 'RRBS-CL'",0.1000,result
ctdnameth-20261009-result-giuili2025-epidish-rpc-rrbs-cl-overall-lod,ctdnameth-20261009-source-giuili2025-supp-table-3,"Supplementary Table 3 sheet B, D7; row 'EpiDISH_RPC'; column 'RRBS-CL'",0.1000,result
ctdnameth-20261009-result-giuili2025-epidish-rpc-rrbs-tt-10m-lod,ctdnameth-20261009-source-giuili2025-supp-table-3,"Supplementary Table 3 sheet A, D11; row 'EpiDISH_RPC'; column '10M' under 'RRBS-TT'",0.0500,result
ctdnameth-20261009-result-giuili2025-epidish-rpc-rrbs-tt-15m-lod,ctdnameth-20261009-source-giuili2025-supp-table-3,"Supplementary Table 3 sheet A, E11; row 'EpiDISH_RPC'; column '15M' under 'RRBS-TT'",0.0500,result
ctdnameth-20261009-result-giuili2025-epidish-rpc-rrbs-tt-20m-lod,ctdnameth-20261009-source-giuili2025-supp-table-3,"Supplementary Table 3 sheet A, F11; row 'EpiDISH_RPC'; column '20M' under 'RRBS-TT'",0.0250,result
ctdnameth-20261009-result-giuili2025-epidish-rpc-rrbs-tt-2m-lod,ctdnameth-20261009-source-giuili2025-supp-table-3,"Supplementary Table 3 sheet A, B11; row 'EpiDISH_RPC'; column '2M' under 'RRBS-TT'",0.2500,result
ctdnameth-20261009-result-giuili2025-epidish-rpc-rrbs-tt-5m-lod,ctdnameth-20261009-source-giuili2025-supp-table-3,"Supplementary Table 3 sheet A, C11; row 'EpiDISH_RPC'; column '5M' under 'RRBS-TT'",0.1000,result
ctdnameth-20261009-result-giuili2025-epidish-rpc-rrbs-tt-overall-lod,ctdnameth-20261009-source-giuili2025-supp-table-3,"Supplementary Table 3 sheet B, C7; row 'EpiDISH_RPC'; column 'RRBS-TT'",0.1000,result
ctdnameth-20261009-result-giuili2025-epidish-rpc-wgbs-tt-183m-lod,ctdnameth-20261009-source-giuili2025-supp-table-3,"Supplementary Table 3 sheet A, H11; row 'EpiDISH_RPC'; column '183M' under 'WGBS-TT'",0.1750,result
ctdnameth-20261009-result-giuili2025-epidish-rpc-wgbs-tt-310m-lod,ctdnameth-20261009-source-giuili2025-supp-table-3,"Supplementary Table 3 sheet A, I11; row 'EpiDISH_RPC'; column '310M' under 'WGBS-TT'",0.2500,result
ctdnameth-20261009-result-giuili2025-epidish-rpc-wgbs-tt-620m-lod,ctdnameth-20261009-source-giuili2025-supp-table-3,"Supplementary Table 3 sheet A, J11; row 'EpiDISH_RPC'; column '620M' under 'WGBS-TT'",0.0750,result
ctdnameth-20261009-result-giuili2025-epidish-rpc-wgbs-tt-62m-lod,ctdnameth-20261009-source-giuili2025-supp-table-3,"Supplementary Table 3 sheet A, G11; row 'EpiDISH_RPC'; column '62M' under 'WGBS-TT'",0.3750,result
ctdnameth-20261009-result-giuili2025-epidish-rpc-wgbs-tt-overall-lod,ctdnameth-20261009-source-giuili2025-supp-table-3,"Supplementary Table 3 sheet B, B7; row 'EpiDISH_RPC'; column 'WGBS-TT'",0.2500,result
ctdnameth-20261009-result-giuili2025-episcore-rrbs-cl-10m-lod,ctdnameth-20261009-source-giuili2025-supp-table-3,"Supplementary Table 3 sheet A, M10; row 'EpiSCORE'; column '10M' under 'RRBS-CL'",0.0500,result
ctdnameth-20261009-result-giuili2025-episcore-rrbs-cl-15m-lod,ctdnameth-20261009-source-giuili2025-supp-table-3,"Supplementary Table 3 sheet A, N10; row 'EpiSCORE'; column '15M' under 'RRBS-CL'",0.0500,result
ctdnameth-20261009-result-giuili2025-episcore-rrbs-cl-20m-lod,ctdnameth-20261009-source-giuili2025-supp-table-3,"Supplementary Table 3 sheet A, O10; row 'EpiSCORE'; column '20M' under 'RRBS-CL'",0.0500,result
ctdnameth-20261009-result-giuili2025-episcore-rrbs-cl-2m-lod,ctdnameth-20261009-source-giuili2025-supp-table-3,"Supplementary Table 3 sheet A, K10; row 'EpiSCORE'; column '2M' under 'RRBS-CL'",0.1000,result
ctdnameth-20261009-result-giuili2025-episcore-rrbs-cl-5m-lod,ctdnameth-20261009-source-giuili2025-supp-table-3,"Supplementary Table 3 sheet A, L10; row 'EpiSCORE'; column '5M' under 'RRBS-CL'",0.0500,result
ctdnameth-20261009-result-giuili2025-episcore-rrbs-cl-overall-lod,ctdnameth-20261009-source-giuili2025-supp-table-3,"Supplementary Table 3 sheet B, D8; row 'EpiSCORE'; column 'RRBS-CL'",0.0500,result
ctdnameth-20261009-result-giuili2025-episcore-rrbs-tt-10m-lod,ctdnameth-20261009-source-giuili2025-supp-table-3,"Supplementary Table 3 sheet A, D10; row 'EpiSCORE'; column '10M' under 'RRBS-TT'",0.0500,result
ctdnameth-20261009-result-giuili2025-episcore-rrbs-tt-15m-lod,ctdnameth-20261009-source-giuili2025-supp-table-3,"Supplementary Table 3 sheet A, E10; row 'EpiSCORE'; column '15M' under 'RRBS-TT'",0.1000,result
ctdnameth-20261009-result-giuili2025-episcore-rrbs-tt-20m-lod,ctdnameth-20261009-source-giuili2025-supp-table-3,"Supplementary Table 3 sheet A, F10; row 'EpiSCORE'; column '20M' under 'RRBS-TT'",0.0500,result
ctdnameth-20261009-result-giuili2025-episcore-rrbs-tt-2m-lod,ctdnameth-20261009-source-giuili2025-supp-table-3,"Supplementary Table 3 sheet A, B10; row 'EpiSCORE'; column '2M' under 'RRBS-TT'",0.2500,result
ctdnameth-20261009-result-giuili2025-episcore-rrbs-tt-5m-lod,ctdnameth-20261009-source-giuili2025-supp-table-3,"Supplementary Table 3 sheet A, C10; row 'EpiSCORE'; column '5M' under 'RRBS-TT'",0.1000,result
ctdnameth-20261009-result-giuili2025-episcore-rrbs-tt-overall-lod,ctdnameth-20261009-source-giuili2025-supp-table-3,"Supplementary Table 3 sheet B, C8; row 'EpiSCORE'; column 'RRBS-TT'",0.1000,result
ctdnameth-20261009-result-giuili2025-episcore-wgbs-tt-183m-lod,ctdnameth-20261009-source-giuili2025-supp-table-3,"Supplementary Table 3 sheet A, H10; row 'EpiSCORE'; column '183M' under 'WGBS-TT'",0.1750,result
ctdnameth-20261009-result-giuili2025-episcore-wgbs-tt-310m-lod,ctdnameth-20261009-source-giuili2025-supp-table-3,"Supplementary Table 3 sheet A, I10; row 'EpiSCORE'; column '310M' under 'WGBS-TT'",0.1000,result
ctdnameth-20261009-result-giuili2025-episcore-wgbs-tt-620m-lod,ctdnameth-20261009-source-giuili2025-supp-table-3,"Supplementary Table 3 sheet A, J10; row 'EpiSCORE'; column '620M' under 'WGBS-TT'",0.0500,result
ctdnameth-20261009-result-giuili2025-episcore-wgbs-tt-62m-lod,ctdnameth-20261009-source-giuili2025-supp-table-3,"Supplementary Table 3 sheet A, G10; row 'EpiSCORE'; column '62M' under 'WGBS-TT'",0.2500,result
ctdnameth-20261009-result-giuili2025-episcore-wgbs-tt-overall-lod,ctdnameth-20261009-source-giuili2025-supp-table-3,"Supplementary Table 3 sheet B, B8; row 'EpiSCORE'; column 'WGBS-TT'",0.1000,result
ctdnameth-20261009-result-giuili2025-houseman-eq-rrbs-cl-10m-lod,ctdnameth-20261009-source-giuili2025-supp-table-3,"Supplementary Table 3 sheet A, M6; row 'EpiDISH_CP_eq'; column '10M' under 'RRBS-CL'",0.0030,result
ctdnameth-20261009-result-giuili2025-houseman-eq-rrbs-cl-15m-lod,ctdnameth-20261009-source-giuili2025-supp-table-3,"Supplementary Table 3 sheet A, N6; row 'EpiDISH_CP_eq'; column '15M' under 'RRBS-CL'",0.0030,result
ctdnameth-20261009-result-giuili2025-houseman-eq-rrbs-cl-20m-lod,ctdnameth-20261009-source-giuili2025-supp-table-3,"Supplementary Table 3 sheet A, O6; row 'EpiDISH_CP_eq'; column '20M' under 'RRBS-CL'",0.0030,result
ctdnameth-20261009-result-giuili2025-houseman-eq-rrbs-cl-2m-lod,ctdnameth-20261009-source-giuili2025-supp-table-3,"Supplementary Table 3 sheet A, K6; row 'EpiDISH_CP_eq'; column '2M' under 'RRBS-CL'",0.0070,result
ctdnameth-20261009-result-giuili2025-houseman-eq-rrbs-cl-5m-lod,ctdnameth-20261009-source-giuili2025-supp-table-3,"Supplementary Table 3 sheet A, L6; row 'EpiDISH_CP_eq'; column '5M' under 'RRBS-CL'",0.0030,result
ctdnameth-20261009-result-giuili2025-houseman-eq-rrbs-cl-overall-lod,ctdnameth-20261009-source-giuili2025-supp-table-3,"Supplementary Table 3 sheet B, D5; row 'EpiDISH_CP_eq'; column 'RRBS-CL'",0.0030,result
ctdnameth-20261009-result-giuili2025-houseman-eq-rrbs-tt-10m-lod,ctdnameth-20261009-source-giuili2025-supp-table-3,"Supplementary Table 3 sheet A, D6; row 'EpiDISH_CP_eq'; column '10M' under 'RRBS-TT'",0.0100,result
ctdnameth-20261009-result-giuili2025-houseman-eq-rrbs-tt-15m-lod,ctdnameth-20261009-source-giuili2025-supp-table-3,"Supplementary Table 3 sheet A, E6; row 'EpiDISH_CP_eq'; column '15M' under 'RRBS-TT'",0.0250,result
ctdnameth-20261009-result-giuili2025-houseman-eq-rrbs-tt-20m-lod,ctdnameth-20261009-source-giuili2025-supp-table-3,"Supplementary Table 3 sheet A, F6; row 'EpiDISH_CP_eq'; column '20M' under 'RRBS-TT'",0.0100,result
ctdnameth-20261009-result-giuili2025-houseman-eq-rrbs-tt-2m-lod,ctdnameth-20261009-source-giuili2025-supp-table-3,"Supplementary Table 3 sheet A, B6; row 'EpiDISH_CP_eq'; column '2M' under 'RRBS-TT'",0.1000,result
ctdnameth-20261009-result-giuili2025-houseman-eq-rrbs-tt-5m-lod,ctdnameth-20261009-source-giuili2025-supp-table-3,"Supplementary Table 3 sheet A, C6; row 'EpiDISH_CP_eq'; column '5M' under 'RRBS-TT'",0.0250,result
ctdnameth-20261009-result-giuili2025-houseman-eq-rrbs-tt-overall-lod,ctdnameth-20261009-source-giuili2025-supp-table-3,"Supplementary Table 3 sheet B, C5; row 'EpiDISH_CP_eq'; column 'RRBS-TT'",0.0250,result
ctdnameth-20261009-result-giuili2025-houseman-eq-wgbs-tt-183m-lod,ctdnameth-20261009-source-giuili2025-supp-table-3,"Supplementary Table 3 sheet A, H6; row 'EpiDISH_CP_eq'; column '183M' under 'WGBS-TT'",0.0100,result
ctdnameth-20261009-result-giuili2025-houseman-eq-wgbs-tt-310m-lod,ctdnameth-20261009-source-giuili2025-supp-table-3,"Supplementary Table 3 sheet A, I6; row 'EpiDISH_CP_eq'; column '310M' under 'WGBS-TT'",0.0070*,result
ctdnameth-20261009-result-giuili2025-houseman-eq-wgbs-tt-620m-lod,ctdnameth-20261009-source-giuili2025-supp-table-3,"Supplementary Table 3 sheet A, J6; row 'EpiDISH_CP_eq'; column '620M' under 'WGBS-TT'",0.0070,result
ctdnameth-20261009-result-giuili2025-houseman-eq-wgbs-tt-62m-lod,ctdnameth-20261009-source-giuili2025-supp-table-3,"Supplementary Table 3 sheet A, G6; row 'EpiDISH_CP_eq'; column '62M' under 'WGBS-TT'",0.0375,result
ctdnameth-20261009-result-giuili2025-houseman-eq-wgbs-tt-overall-lod,ctdnameth-20261009-source-giuili2025-supp-table-3,"Supplementary Table 3 sheet B, B5; row 'EpiDISH_CP_eq'; column 'WGBS-TT'",0.0100,result
ctdnameth-20261009-result-giuili2025-houseman-ineq-rrbs-cl-10m-lod,ctdnameth-20261009-source-giuili2025-supp-table-3,"Supplementary Table 3 sheet A, M5; row 'EpiDISH_CP_ineq'; column '10M' under 'RRBS-CL'",0.0030,result
ctdnameth-20261009-result-giuili2025-houseman-ineq-rrbs-cl-15m-lod,ctdnameth-20261009-source-giuili2025-supp-table-3,"Supplementary Table 3 sheet A, N5; row 'EpiDISH_CP_ineq'; column '15M' under 'RRBS-CL'",0.0030,result
ctdnameth-20261009-result-giuili2025-houseman-ineq-rrbs-cl-20m-lod,ctdnameth-20261009-source-giuili2025-supp-table-3,"Supplementary Table 3 sheet A, O5; row 'EpiDISH_CP_ineq'; column '20M' under 'RRBS-CL'",0.0030,result
ctdnameth-20261009-result-giuili2025-houseman-ineq-rrbs-cl-2m-lod,ctdnameth-20261009-source-giuili2025-supp-table-3,"Supplementary Table 3 sheet A, K5; row 'EpiDISH_CP_ineq'; column '2M' under 'RRBS-CL'",0.0070,result
ctdnameth-20261009-result-giuili2025-houseman-ineq-rrbs-cl-5m-lod,ctdnameth-20261009-source-giuili2025-supp-table-3,"Supplementary Table 3 sheet A, L5; row 'EpiDISH_CP_ineq'; column '5M' under 'RRBS-CL'",0.0030,result
ctdnameth-20261009-result-giuili2025-houseman-ineq-rrbs-cl-overall-lod,ctdnameth-20261009-source-giuili2025-supp-table-3,"Supplementary Table 3 sheet B, D6; row 'EpiDISH_CP_ineq'; column 'RRBS-CL'",0.0030,result
ctdnameth-20261009-result-giuili2025-houseman-ineq-rrbs-tt-10m-lod,ctdnameth-20261009-source-giuili2025-supp-table-3,"Supplementary Table 3 sheet A, D5; row 'EpiDISH_CP_ineq'; column '10M' under 'RRBS-TT'",0.0100,result
ctdnameth-20261009-result-giuili2025-houseman-ineq-rrbs-tt-15m-lod,ctdnameth-20261009-source-giuili2025-supp-table-3,"Supplementary Table 3 sheet A, E5; row 'EpiDISH_CP_ineq'; column '15M' under 'RRBS-TT'",0.0250,result
ctdnameth-20261009-result-giuili2025-houseman-ineq-rrbs-tt-20m-lod,ctdnameth-20261009-source-giuili2025-supp-table-3,"Supplementary Table 3 sheet A, F5; row 'EpiDISH_CP_ineq'; column '20M' under 'RRBS-TT'",0.0100,result
ctdnameth-20261009-result-giuili2025-houseman-ineq-rrbs-tt-2m-lod,ctdnameth-20261009-source-giuili2025-supp-table-3,"Supplementary Table 3 sheet A, B5; row 'EpiDISH_CP_ineq'; column '2M' under 'RRBS-TT'",0.0500,result
ctdnameth-20261009-result-giuili2025-houseman-ineq-rrbs-tt-5m-lod,ctdnameth-20261009-source-giuili2025-supp-table-3,"Supplementary Table 3 sheet A, C5; row 'EpiDISH_CP_ineq'; column '5M' under 'RRBS-TT'",0.0500,result
ctdnameth-20261009-result-giuili2025-houseman-ineq-rrbs-tt-overall-lod,ctdnameth-20261009-source-giuili2025-supp-table-3,"Supplementary Table 3 sheet B, C6; row 'EpiDISH_CP_ineq'; column 'RRBS-TT'",0.0250,result
ctdnameth-20261009-result-giuili2025-houseman-ineq-wgbs-tt-183m-lod,ctdnameth-20261009-source-giuili2025-supp-table-3,"Supplementary Table 3 sheet A, H5; row 'EpiDISH_CP_ineq'; column '183M' under 'WGBS-TT'",0.0085,result
ctdnameth-20261009-result-giuili2025-houseman-ineq-wgbs-tt-310m-lod,ctdnameth-20261009-source-giuili2025-supp-table-3,"Supplementary Table 3 sheet A, I5; row 'EpiDISH_CP_ineq'; column '310M' under 'WGBS-TT'",0.0070*,result
ctdnameth-20261009-result-giuili2025-houseman-ineq-wgbs-tt-620m-lod,ctdnameth-20261009-source-giuili2025-supp-table-3,"Supplementary Table 3 sheet A, J5; row 'EpiDISH_CP_ineq'; column '620M' under 'WGBS-TT'",0.0070,result
ctdnameth-20261009-result-giuili2025-houseman-ineq-wgbs-tt-62m-lod,ctdnameth-20261009-source-giuili2025-supp-table-3,"Supplementary Table 3 sheet A, G5; row 'EpiDISH_CP_ineq'; column '62M' under 'WGBS-TT'",0.0500,result
ctdnameth-20261009-result-giuili2025-houseman-ineq-wgbs-tt-overall-lod,ctdnameth-20261009-source-giuili2025-supp-table-3,"Supplementary Table 3 sheet B, B6; row 'EpiDISH_CP_ineq'; column 'WGBS-TT'",0.0100,result
ctdnameth-20261009-result-giuili2025-metdecode-rrbs-cl-10m-lod,ctdnameth-20261009-source-giuili2025-supp-table-3,"Supplementary Table 3 sheet A, M7; row 'MetDecode'; column '10M' under 'RRBS-CL'",0.0030,result
ctdnameth-20261009-result-giuili2025-metdecode-rrbs-cl-15m-lod,ctdnameth-20261009-source-giuili2025-supp-table-3,"Supplementary Table 3 sheet A, N7; row 'MetDecode'; column '15M' under 'RRBS-CL'",0.0030,result
ctdnameth-20261009-result-giuili2025-metdecode-rrbs-cl-20m-lod,ctdnameth-20261009-source-giuili2025-supp-table-3,"Supplementary Table 3 sheet A, O7; row 'MetDecode'; column '20M' under 'RRBS-CL'",0.0010,result
ctdnameth-20261009-result-giuili2025-metdecode-rrbs-cl-2m-lod,ctdnameth-20261009-source-giuili2025-supp-table-3,"Supplementary Table 3 sheet A, K7; row 'MetDecode'; column '2M' under 'RRBS-CL'",0.0030,result
ctdnameth-20261009-result-giuili2025-metdecode-rrbs-cl-5m-lod,ctdnameth-20261009-source-giuili2025-supp-table-3,"Supplementary Table 3 sheet A, L7; row 'MetDecode'; column '5M' under 'RRBS-CL'",0.0030,result
ctdnameth-20261009-result-giuili2025-metdecode-rrbs-cl-overall-lod,ctdnameth-20261009-source-giuili2025-supp-table-3,"Supplementary Table 3 sheet B, D9; row 'MetDecode'; column 'RRBS-CL'",0.0030,result
ctdnameth-20261009-result-giuili2025-metdecode-rrbs-tt-10m-lod,ctdnameth-20261009-source-giuili2025-supp-table-3,"Supplementary Table 3 sheet A, D7; row 'MetDecode'; column '10M' under 'RRBS-TT'",0.0250,result
ctdnameth-20261009-result-giuili2025-metdecode-rrbs-tt-15m-lod,ctdnameth-20261009-source-giuili2025-supp-table-3,"Supplementary Table 3 sheet A, E7; row 'MetDecode'; column '15M' under 'RRBS-TT'",0.0250,result
ctdnameth-20261009-result-giuili2025-metdecode-rrbs-tt-20m-lod,ctdnameth-20261009-source-giuili2025-supp-table-3,"Supplementary Table 3 sheet A, F7; row 'MetDecode'; column '20M' under 'RRBS-TT'",0.0100,result
ctdnameth-20261009-result-giuili2025-metdecode-rrbs-tt-2m-lod,ctdnameth-20261009-source-giuili2025-supp-table-3,"Supplementary Table 3 sheet A, B7; row 'MetDecode'; column '2M' under 'RRBS-TT'",0.0500,result
ctdnameth-20261009-result-giuili2025-metdecode-rrbs-tt-5m-lod,ctdnameth-20261009-source-giuili2025-supp-table-3,"Supplementary Table 3 sheet A, C7; row 'MetDecode'; column '5M' under 'RRBS-TT'",0.0250,result
ctdnameth-20261009-result-giuili2025-metdecode-rrbs-tt-overall-lod,ctdnameth-20261009-source-giuili2025-supp-table-3,"Supplementary Table 3 sheet B, C9; row 'MetDecode'; column 'RRBS-TT'",0.0250,result
ctdnameth-20261009-result-giuili2025-metdecode-wgbs-tt-183m-lod,ctdnameth-20261009-source-giuili2025-supp-table-3,"Supplementary Table 3 sheet A, H7; row 'MetDecode'; column '183M' under 'WGBS-TT'",0.0250,result
ctdnameth-20261009-result-giuili2025-metdecode-wgbs-tt-310m-lod,ctdnameth-20261009-source-giuili2025-supp-table-3,"Supplementary Table 3 sheet A, I7; row 'MetDecode'; column '310M' under 'WGBS-TT'",0.0100,result
ctdnameth-20261009-result-giuili2025-metdecode-wgbs-tt-620m-lod,ctdnameth-20261009-source-giuili2025-supp-table-3,"Supplementary Table 3 sheet A, J7; row 'MetDecode'; column '620M' under 'WGBS-TT'",0.0085,result
ctdnameth-20261009-result-giuili2025-metdecode-wgbs-tt-62m-lod,ctdnameth-20261009-source-giuili2025-supp-table-3,"Supplementary Table 3 sheet A, G7; row 'MetDecode'; column '62M' under 'WGBS-TT'",0.0500,result
ctdnameth-20261009-result-giuili2025-metdecode-wgbs-tt-overall-lod,ctdnameth-20261009-source-giuili2025-supp-table-3,"Supplementary Table 3 sheet B, B9; row 'MetDecode'; column 'WGBS-TT'",0.0250,result
ctdnameth-20261009-result-giuili2025-methatlas-rrbs-cl-10m-lod,ctdnameth-20261009-source-giuili2025-supp-table-3,"Supplementary Table 3 sheet A, M8; row 'meth_atlas'; column '10M' under 'RRBS-CL'",0.2500,result
ctdnameth-20261009-result-giuili2025-methatlas-rrbs-cl-15m-lod,ctdnameth-20261009-source-giuili2025-supp-table-3,"Supplementary Table 3 sheet A, N8; row 'meth_atlas'; column '15M' under 'RRBS-CL'",0.2500,result
ctdnameth-20261009-result-giuili2025-methatlas-rrbs-cl-20m-lod,ctdnameth-20261009-source-giuili2025-supp-table-3,"Supplementary Table 3 sheet A, O8; row 'meth_atlas'; column '20M' under 'RRBS-CL'",0.2500,result
ctdnameth-20261009-result-giuili2025-methatlas-rrbs-cl-2m-lod,ctdnameth-20261009-source-giuili2025-supp-table-3,"Supplementary Table 3 sheet A, K8; row 'meth_atlas'; column '2M' under 'RRBS-CL'",0.5000,result
ctdnameth-20261009-result-giuili2025-methatlas-rrbs-cl-5m-lod,ctdnameth-20261009-source-giuili2025-supp-table-3,"Supplementary Table 3 sheet A, L8; row 'meth_atlas'; column '5M' under 'RRBS-CL'",0.2500,result
ctdnameth-20261009-result-giuili2025-methatlas-rrbs-cl-overall-lod,ctdnameth-20261009-source-giuili2025-supp-table-3,"Supplementary Table 3 sheet B, D12; row 'meth_atlas'; column 'RRBS-CL'",0.0030,result
ctdnameth-20261009-result-giuili2025-methatlas-rrbs-tt-10m-lod,ctdnameth-20261009-source-giuili2025-supp-table-3,"Supplementary Table 3 sheet A, D8; row 'meth_atlas'; column '10M' under 'RRBS-TT'",0.0100,result
ctdnameth-20261009-result-giuili2025-methatlas-rrbs-tt-15m-lod,ctdnameth-20261009-source-giuili2025-supp-table-3,"Supplementary Table 3 sheet A, E8; row 'meth_atlas'; column '15M' under 'RRBS-TT'",0.0250,result
ctdnameth-20261009-result-giuili2025-methatlas-rrbs-tt-20m-lod,ctdnameth-20261009-source-giuili2025-supp-table-3,"Supplementary Table 3 sheet A, F8; row 'meth_atlas'; column '20M' under 'RRBS-TT'",0.0100,result
ctdnameth-20261009-result-giuili2025-methatlas-rrbs-tt-2m-lod,ctdnameth-20261009-source-giuili2025-supp-table-3,"Supplementary Table 3 sheet A, B8; row 'meth_atlas'; column '2M' under 'RRBS-TT'",0.1000,result
ctdnameth-20261009-result-giuili2025-methatlas-rrbs-tt-5m-lod,ctdnameth-20261009-source-giuili2025-supp-table-3,"Supplementary Table 3 sheet A, C8; row 'meth_atlas'; column '5M' under 'RRBS-TT'",0.0500,result
ctdnameth-20261009-result-giuili2025-methatlas-rrbs-tt-overall-lod,ctdnameth-20261009-source-giuili2025-supp-table-3,"Supplementary Table 3 sheet B, C12; row 'meth_atlas'; column 'RRBS-TT'",0.0250,result
ctdnameth-20261009-result-giuili2025-methatlas-wgbs-tt-183m-lod,ctdnameth-20261009-source-giuili2025-supp-table-3,"Supplementary Table 3 sheet A, H8; row 'meth_atlas'; column '183M' under 'WGBS-TT'",0.0100,result
ctdnameth-20261009-result-giuili2025-methatlas-wgbs-tt-310m-lod,ctdnameth-20261009-source-giuili2025-supp-table-3,"Supplementary Table 3 sheet A, I8; row 'meth_atlas'; column '310M' under 'WGBS-TT'",0.0250,result
ctdnameth-20261009-result-giuili2025-methatlas-wgbs-tt-620m-lod,ctdnameth-20261009-source-giuili2025-supp-table-3,"Supplementary Table 3 sheet A, J8; row 'meth_atlas'; column '620M' under 'WGBS-TT'",0.0070,result
ctdnameth-20261009-result-giuili2025-methatlas-wgbs-tt-62m-lod,ctdnameth-20261009-source-giuili2025-supp-table-3,"Supplementary Table 3 sheet A, G8; row 'meth_atlas'; column '62M' under 'WGBS-TT'",0.0500,result
ctdnameth-20261009-result-giuili2025-methatlas-wgbs-tt-overall-lod,ctdnameth-20261009-source-giuili2025-supp-table-3,"Supplementary Table 3 sheet B, B12; row 'meth_atlas'; column 'WGBS-TT'",0.0250,result
ctdnameth-20261009-result-giuili2025-prmeth-rrbs-cl-10m-lod,ctdnameth-20261009-source-giuili2025-supp-table-3,"Supplementary Table 3 sheet A, M9; row 'PRMeth'; column '10M' under 'RRBS-CL'",0.1000,result
ctdnameth-20261009-result-giuili2025-prmeth-rrbs-cl-15m-lod,ctdnameth-20261009-source-giuili2025-supp-table-3,"Supplementary Table 3 sheet A, N9; row 'PRMeth'; column '15M' under 'RRBS-CL'",0.1000,result
ctdnameth-20261009-result-giuili2025-prmeth-rrbs-cl-20m-lod,ctdnameth-20261009-source-giuili2025-supp-table-3,"Supplementary Table 3 sheet A, O9; row 'PRMeth'; column '20M' under 'RRBS-CL'",0.1000,result
ctdnameth-20261009-result-giuili2025-prmeth-rrbs-cl-2m-lod,ctdnameth-20261009-source-giuili2025-supp-table-3,"Supplementary Table 3 sheet A, K9; row 'PRMeth'; column '2M' under 'RRBS-CL'",0.1000,result
ctdnameth-20261009-result-giuili2025-prmeth-rrbs-cl-5m-lod,ctdnameth-20261009-source-giuili2025-supp-table-3,"Supplementary Table 3 sheet A, L9; row 'PRMeth'; column '5M' under 'RRBS-CL'",0.1000,result
ctdnameth-20261009-result-giuili2025-prmeth-rrbs-cl-overall-lod,ctdnameth-20261009-source-giuili2025-supp-table-3,"Supplementary Table 3 sheet B, D10; row 'PRMeth'; column 'RRBS-CL'",0.2500,result
ctdnameth-20261009-result-giuili2025-prmeth-rrbs-tt-10m-lod,ctdnameth-20261009-source-giuili2025-supp-table-3,"Supplementary Table 3 sheet A, D9; row 'PRMeth'; column '10M' under 'RRBS-TT'",0.0250,result
ctdnameth-20261009-result-giuili2025-prmeth-rrbs-tt-15m-lod,ctdnameth-20261009-source-giuili2025-supp-table-3,"Supplementary Table 3 sheet A, E9; row 'PRMeth'; column '15M' under 'RRBS-TT'",0.0250,result
ctdnameth-20261009-result-giuili2025-prmeth-rrbs-tt-20m-lod,ctdnameth-20261009-source-giuili2025-supp-table-3,"Supplementary Table 3 sheet A, F9; row 'PRMeth'; column '20M' under 'RRBS-TT'",0.0250,result
ctdnameth-20261009-result-giuili2025-prmeth-rrbs-tt-2m-lod,ctdnameth-20261009-source-giuili2025-supp-table-3,"Supplementary Table 3 sheet A, B9; row 'PRMeth'; column '2M' under 'RRBS-TT'",0.1000,result
ctdnameth-20261009-result-giuili2025-prmeth-rrbs-tt-5m-lod,ctdnameth-20261009-source-giuili2025-supp-table-3,"Supplementary Table 3 sheet A, C9; row 'PRMeth'; column '5M' under 'RRBS-TT'",0.0250,result
ctdnameth-20261009-result-giuili2025-prmeth-rrbs-tt-overall-lod,ctdnameth-20261009-source-giuili2025-supp-table-3,"Supplementary Table 3 sheet B, C10; row 'PRMeth'; column 'RRBS-TT'",0.0250,result
ctdnameth-20261009-result-giuili2025-prmeth-wgbs-tt-183m-lod,ctdnameth-20261009-source-giuili2025-supp-table-3,"Supplementary Table 3 sheet A, H9; row 'PRMeth'; column '183M' under 'WGBS-TT'",0.0500,result
ctdnameth-20261009-result-giuili2025-prmeth-wgbs-tt-310m-lod,ctdnameth-20261009-source-giuili2025-supp-table-3,"Supplementary Table 3 sheet A, I9; row 'PRMeth'; column '310M' under 'WGBS-TT'",0.0250,result
ctdnameth-20261009-result-giuili2025-prmeth-wgbs-tt-620m-lod,ctdnameth-20261009-source-giuili2025-supp-table-3,"Supplementary Table 3 sheet A, J9; row 'PRMeth'; column '620M' under 'WGBS-TT'",0.0100,result
ctdnameth-20261009-result-giuili2025-prmeth-wgbs-tt-62m-lod,ctdnameth-20261009-source-giuili2025-supp-table-3,"Supplementary Table 3 sheet A, G9; row 'PRMeth'; column '62M' under 'WGBS-TT'",0.1000,result
ctdnameth-20261009-result-giuili2025-prmeth-wgbs-tt-overall-lod,ctdnameth-20261009-source-giuili2025-supp-table-3,"Supplementary Table 3 sheet B, B10; row 'PRMeth'; column 'WGBS-TT'",0.0500,result
ctdnameth-20261009-result-giuili2025-uxm-rrbs-cl-10m-lod,ctdnameth-20261009-source-giuili2025-supp-table-3,"Supplementary Table 3 sheet A, M4; row 'UXM'; column '10M' under 'RRBS-CL'",0.0010,result
ctdnameth-20261009-result-giuili2025-uxm-rrbs-cl-15m-lod,ctdnameth-20261009-source-giuili2025-supp-table-3,"Supplementary Table 3 sheet A, N4; row 'UXM'; column '15M' under 'RRBS-CL'",0.0030,result
ctdnameth-20261009-result-giuili2025-uxm-rrbs-cl-20m-lod,ctdnameth-20261009-source-giuili2025-supp-table-3,"Supplementary Table 3 sheet A, O4; row 'UXM'; column '20M' under 'RRBS-CL'",0.0010,result
ctdnameth-20261009-result-giuili2025-uxm-rrbs-cl-2m-lod,ctdnameth-20261009-source-giuili2025-supp-table-3,"Supplementary Table 3 sheet A, K4; row 'UXM'; column '2M' under 'RRBS-CL'",0.0030,result
ctdnameth-20261009-result-giuili2025-uxm-rrbs-cl-5m-lod,ctdnameth-20261009-source-giuili2025-supp-table-3,"Supplementary Table 3 sheet A, L4; row 'UXM'; column '5M' under 'RRBS-CL'",0.0030,result
ctdnameth-20261009-result-giuili2025-uxm-rrbs-cl-overall-lod,ctdnameth-20261009-source-giuili2025-supp-table-3,"Supplementary Table 3 sheet B, D11; row 'UXM'; column 'RRBS-CL'",0.0250,result
ctdnameth-20261009-result-giuili2025-uxm-rrbs-tt-10m-lod,ctdnameth-20261009-source-giuili2025-supp-table-3,"Supplementary Table 3 sheet A, D4; row 'UXM'; column '10M' under 'RRBS-TT'",0.1000,result
ctdnameth-20261009-result-giuili2025-uxm-rrbs-tt-15m-lod,ctdnameth-20261009-source-giuili2025-supp-table-3,"Supplementary Table 3 sheet A, E4; row 'UXM'; column '15M' under 'RRBS-TT'",0.2500,result
ctdnameth-20261009-result-giuili2025-uxm-rrbs-tt-20m-lod,ctdnameth-20261009-source-giuili2025-supp-table-3,"Supplementary Table 3 sheet A, F4; row 'UXM'; column '20M' under 'RRBS-TT'",0.1000,result
ctdnameth-20261009-result-giuili2025-uxm-rrbs-tt-2m-lod,ctdnameth-20261009-source-giuili2025-supp-table-3,"Supplementary Table 3 sheet A, B4; row 'UXM'; column '2M' under 'RRBS-TT'",0.5000,result
ctdnameth-20261009-result-giuili2025-uxm-rrbs-tt-5m-lod,ctdnameth-20261009-source-giuili2025-supp-table-3,"Supplementary Table 3 sheet A, C4; row 'UXM'; column '5M' under 'RRBS-TT'",0.2500,result
ctdnameth-20261009-result-giuili2025-uxm-rrbs-tt-overall-lod,ctdnameth-20261009-source-giuili2025-supp-table-3,"Supplementary Table 3 sheet B, C11; row 'UXM'; column 'RRBS-TT'",0.2500,result
ctdnameth-20261009-result-giuili2025-uxm-wgbs-tt-183m-lod,ctdnameth-20261009-source-giuili2025-supp-table-3,"Supplementary Table 3 sheet A, H4; row 'UXM'; column '183M' under 'WGBS-TT'",0.0250,result
ctdnameth-20261009-result-giuili2025-uxm-wgbs-tt-310m-lod,ctdnameth-20261009-source-giuili2025-supp-table-3,"Supplementary Table 3 sheet A, I4; row 'UXM'; column '310M' under 'WGBS-TT'",0.0100,result
ctdnameth-20261009-result-giuili2025-uxm-wgbs-tt-620m-lod,ctdnameth-20261009-source-giuili2025-supp-table-3,"Supplementary Table 3 sheet A, J4; row 'UXM'; column '620M' under 'WGBS-TT'",0.0175,result
ctdnameth-20261009-result-giuili2025-uxm-wgbs-tt-62m-lod,ctdnameth-20261009-source-giuili2025-supp-table-3,"Supplementary Table 3 sheet A, G4; row 'UXM'; column '62M' under 'WGBS-TT'",0.0250,result
ctdnameth-20261009-result-giuili2025-uxm-wgbs-tt-overall-lod,ctdnameth-20261009-source-giuili2025-supp-table-3,"Supplementary Table 3 sheet B, B11; row 'UXM'; column 'WGBS-TT'",0.0250,result
ctdnameth-20261009-result-nguyen2023-spotmas-too-dnn-discovery-all-cancer-all-stage,ctdnameth-20261009-source-nguyen2023-supp-file-1,"Supplementary file 1, sheet 'Table S9', D10; Discovery block; row 'All cancer'; column 'DNN' under 'All stage' (n in B10)",0.62,result
ctdnameth-20261009-result-nguyen2023-spotmas-too-dnn-discovery-all-cancer-stage-i,ctdnameth-20261009-source-nguyen2023-supp-file-1,"Supplementary file 1, sheet 'Table S9', H10; Discovery block; row 'All cancer'; column 'DNN' under 'Stage I' (n in F10)",0.73,result
ctdnameth-20261009-result-nguyen2023-spotmas-too-dnn-discovery-all-cancer-stage-ii,ctdnameth-20261009-source-nguyen2023-supp-file-1,"Supplementary file 1, sheet 'Table S9', L10; Discovery block; row 'All cancer'; column 'DNN' under 'Stage II' (n in J10)",0.7,result
ctdnameth-20261009-result-nguyen2023-spotmas-too-dnn-discovery-all-cancer-stage-iii,ctdnameth-20261009-source-nguyen2023-supp-file-1,"Supplementary file 1, sheet 'Table S9', P10; Discovery block; row 'All cancer'; column 'DNN' under 'Stage III' (n in N10)",0.54,result
ctdnameth-20261009-result-nguyen2023-spotmas-too-dnn-discovery-all-cancer-unknown-stage,ctdnameth-20261009-source-nguyen2023-supp-file-1,"Supplementary file 1, sheet 'Table S9', T10; Discovery block; row 'All cancer'; column 'DNN' under 'Non-metastasis with unknown stage' (n in R10)",0.7,result
ctdnameth-20261009-result-nguyen2023-spotmas-too-dnn-discovery-breast-all-stage,ctdnameth-20261009-source-nguyen2023-supp-file-1,"Supplementary file 1, sheet 'Table S9', D5; Discovery block; row 'Breast'; column 'DNN' under 'All stage' (n in B5)",0.67,result
ctdnameth-20261009-result-nguyen2023-spotmas-too-dnn-discovery-breast-stage-i,ctdnameth-20261009-source-nguyen2023-supp-file-1,"Supplementary file 1, sheet 'Table S9', H5; Discovery block; row 'Breast'; column 'DNN' under 'Stage I' (n in F5)",0.79,result
ctdnameth-20261009-result-nguyen2023-spotmas-too-dnn-discovery-breast-stage-ii,ctdnameth-20261009-source-nguyen2023-supp-file-1,"Supplementary file 1, sheet 'Table S9', L5; Discovery block; row 'Breast'; column 'DNN' under 'Stage II' (n in J5)",0.72,result
ctdnameth-20261009-result-nguyen2023-spotmas-too-dnn-discovery-breast-stage-iii,ctdnameth-20261009-source-nguyen2023-supp-file-1,"Supplementary file 1, sheet 'Table S9', P5; Discovery block; row 'Breast'; column 'DNN' under 'Stage III' (n in N5)",0.6,result
ctdnameth-20261009-result-nguyen2023-spotmas-too-dnn-discovery-breast-unknown-stage,ctdnameth-20261009-source-nguyen2023-supp-file-1,"Supplementary file 1, sheet 'Table S9', T5; Discovery block; row 'Breast'; column 'DNN' under 'Non-metastasis with unknown stage' (n in R5)",0.79,result
ctdnameth-20261009-result-nguyen2023-spotmas-too-dnn-discovery-crc-all-stage,ctdnameth-20261009-source-nguyen2023-supp-file-1,"Supplementary file 1, sheet 'Table S9', D6; Discovery block; row 'CRC'; column 'DNN' under 'All stage' (n in B6)",0.54,result
ctdnameth-20261009-result-nguyen2023-spotmas-too-dnn-discovery-crc-stage-i,ctdnameth-20261009-source-nguyen2023-supp-file-1,"Supplementary file 1, sheet 'Table S9', H6; Discovery block; row 'CRC'; column 'DNN' under 'Stage I' (n in F6)",0.65,result
ctdnameth-20261009-result-nguyen2023-spotmas-too-dnn-discovery-crc-stage-ii,ctdnameth-20261009-source-nguyen2023-supp-file-1,"Supplementary file 1, sheet 'Table S9', L6; Discovery block; row 'CRC'; column 'DNN' under 'Stage II' (n in J6)",0.66,result
ctdnameth-20261009-result-nguyen2023-spotmas-too-dnn-discovery-crc-stage-iii,ctdnameth-20261009-source-nguyen2023-supp-file-1,"Supplementary file 1, sheet 'Table S9', P6; Discovery block; row 'CRC'; column 'DNN' under 'Stage III' (n in N6)",0.44,result
ctdnameth-20261009-result-nguyen2023-spotmas-too-dnn-discovery-crc-unknown-stage,ctdnameth-20261009-source-nguyen2023-supp-file-1,"Supplementary file 1, sheet 'Table S9', T6; Discovery block; row 'CRC'; column 'DNN' under 'Non-metastasis with unknown stage' (n in R6)",0.53,result
ctdnameth-20261009-result-nguyen2023-spotmas-too-dnn-discovery-gastric-all-stage,ctdnameth-20261009-source-nguyen2023-supp-file-1,"Supplementary file 1, sheet 'Table S9', D7; Discovery block; row 'Gastric'; column 'DNN' under 'All stage' (n in B7)",0.45,result
ctdnameth-20261009-result-nguyen2023-spotmas-too-dnn-discovery-gastric-stage-i,ctdnameth-20261009-source-nguyen2023-supp-file-1,"Supplementary file 1, sheet 'Table S9', H7; Discovery block; row 'Gastric'; column 'DNN' under 'Stage I' (n in F7)",0.5,result
ctdnameth-20261009-result-nguyen2023-spotmas-too-dnn-discovery-gastric-stage-ii,ctdnameth-20261009-source-nguyen2023-supp-file-1,"Supplementary file 1, sheet 'Table S9', L7; Discovery block; row 'Gastric'; column 'DNN' under 'Stage II' (n in J7)",0.75,result
ctdnameth-20261009-result-nguyen2023-spotmas-too-dnn-discovery-gastric-stage-iii,ctdnameth-20261009-source-nguyen2023-supp-file-1,"Supplementary file 1, sheet 'Table S9', P7; Discovery block; row 'Gastric'; column 'DNN' under 'Stage III' (n in N7)",0.43,result
ctdnameth-20261009-result-nguyen2023-spotmas-too-dnn-discovery-gastric-unknown-stage,ctdnameth-20261009-source-nguyen2023-supp-file-1,"Supplementary file 1, sheet 'Table S9', T7; Discovery block; row 'Gastric'; column 'DNN' under 'Non-metastasis with unknown stage' (n in R7)",0.5,result
ctdnameth-20261009-result-nguyen2023-spotmas-too-dnn-discovery-liver-all-stage,ctdnameth-20261009-source-nguyen2023-supp-file-1,"Supplementary file 1, sheet 'Table S9', D8; Discovery block; row 'Liver'; column 'DNN' under 'All stage' (n in B8)",0.79,result
ctdnameth-20261009-result-nguyen2023-spotmas-too-dnn-discovery-liver-stage-i,ctdnameth-20261009-source-nguyen2023-supp-file-1,"Supplementary file 1, sheet 'Table S9', H8; Discovery block; row 'Liver'; column 'DNN' under 'Stage I' (n in F8)",1,result
ctdnameth-20261009-result-nguyen2023-spotmas-too-dnn-discovery-liver-stage-ii,ctdnameth-20261009-source-nguyen2023-supp-file-1,"Supplementary file 1, sheet 'Table S9', L8; Discovery block; row 'Liver'; column 'DNN' under 'Stage II' (n in J8)",0.79,result
ctdnameth-20261009-result-nguyen2023-spotmas-too-dnn-discovery-liver-stage-iii,ctdnameth-20261009-source-nguyen2023-supp-file-1,"Supplementary file 1, sheet 'Table S9', P8; Discovery block; row 'Liver'; column 'DNN' under 'Stage III' (n in N8)",1,result
ctdnameth-20261009-result-nguyen2023-spotmas-too-dnn-discovery-liver-unknown-stage,ctdnameth-20261009-source-nguyen2023-supp-file-1,"Supplementary file 1, sheet 'Table S9', T8; Discovery block; row 'Liver'; column 'DNN' under 'Non-metastasis with unknown stage' (n in R8)",1,result
ctdnameth-20261009-result-nguyen2023-spotmas-too-dnn-discovery-lung-all-stage,ctdnameth-20261009-source-nguyen2023-supp-file-1,"Supplementary file 1, sheet 'Table S9', D9; Discovery block; row 'Lung'; column 'DNN' under 'All stage' (n in B9)",0.67,result
ctdnameth-20261009-result-nguyen2023-spotmas-too-dnn-discovery-lung-stage-i,ctdnameth-20261009-source-nguyen2023-supp-file-1,"Supplementary file 1, sheet 'Table S9', H9; Discovery block; row 'Lung'; column 'DNN' under 'Stage I' (n in F9)",0.5,result
ctdnameth-20261009-result-nguyen2023-spotmas-too-dnn-discovery-lung-stage-ii,ctdnameth-20261009-source-nguyen2023-supp-file-1,"Supplementary file 1, sheet 'Table S9', L9; Discovery block; row 'Lung'; column 'DNN' under 'Stage II' (n in J9)",0.45,result
ctdnameth-20261009-result-nguyen2023-spotmas-too-dnn-discovery-lung-stage-iii,ctdnameth-20261009-source-nguyen2023-supp-file-1,"Supplementary file 1, sheet 'Table S9', P9; Discovery block; row 'Lung'; column 'DNN' under 'Stage III' (n in N9)",0.57,result
ctdnameth-20261009-result-nguyen2023-spotmas-too-dnn-discovery-lung-unknown-stage,ctdnameth-20261009-source-nguyen2023-supp-file-1,"Supplementary file 1, sheet 'Table S9', T9; Discovery block; row 'Lung'; column 'DNN' under 'Non-metastasis with unknown stage' (n in R9)",0.5,result
ctdnameth-20261009-result-nguyen2023-spotmas-too-dnn-validation-all-cancer-all-stage,ctdnameth-20261009-source-nguyen2023-supp-file-1,"Supplementary file 1, sheet 'Table S9', D19; Validation block; row 'All cancer'; column 'DNN' under 'All stage' (n in B19)",0.69,result
ctdnameth-20261009-result-nguyen2023-spotmas-too-dnn-validation-all-cancer-stage-i,ctdnameth-20261009-source-nguyen2023-supp-file-1,"Supplementary file 1, sheet 'Table S9', H19; Validation block; row 'All cancer'; column 'DNN' under 'Stage I' (n in F19)",0.77,result
ctdnameth-20261009-result-nguyen2023-spotmas-too-dnn-validation-all-cancer-stage-ii,ctdnameth-20261009-source-nguyen2023-supp-file-1,"Supplementary file 1, sheet 'Table S9', L19; Validation block; row 'All cancer'; column 'DNN' under 'Stage II' (n in J19)",0.75,result
ctdnameth-20261009-result-nguyen2023-spotmas-too-dnn-validation-all-cancer-stage-iii,ctdnameth-20261009-source-nguyen2023-supp-file-1,"Supplementary file 1, sheet 'Table S9', P19; Validation block; row 'All cancer'; column 'DNN' under 'Stage III' (n in N19)",0.73,result
ctdnameth-20261009-result-nguyen2023-spotmas-too-dnn-validation-all-cancer-unknown-stage,ctdnameth-20261009-source-nguyen2023-supp-file-1,"Supplementary file 1, sheet 'Table S9', T19; Validation block; row 'All cancer'; column 'DNN' under 'Non-metastasis with unknown stage' (n in R19)",0.55,result
ctdnameth-20261009-result-nguyen2023-spotmas-too-dnn-validation-breast-all-stage,ctdnameth-20261009-source-nguyen2023-supp-file-1,"Supplementary file 1, sheet 'Table S9', D14; Validation block; row 'Breast'; column 'DNN' under 'All stage' (n in B14)",0.81,result
ctdnameth-20261009-result-nguyen2023-spotmas-too-dnn-validation-breast-stage-i,ctdnameth-20261009-source-nguyen2023-supp-file-1,"Supplementary file 1, sheet 'Table S9', H14; Validation block; row 'Breast'; column 'DNN' under 'Stage I' (n in F14)",0.77,result
ctdnameth-20261009-result-nguyen2023-spotmas-too-dnn-validation-breast-stage-ii,ctdnameth-20261009-source-nguyen2023-supp-file-1,"Supplementary file 1, sheet 'Table S9', L14; Validation block; row 'Breast'; column 'DNN' under 'Stage II' (n in J14)",0.8,result
ctdnameth-20261009-result-nguyen2023-spotmas-too-dnn-validation-breast-stage-iii,ctdnameth-20261009-source-nguyen2023-supp-file-1,"Supplementary file 1, sheet 'Table S9', P14; Validation block; row 'Breast'; column 'DNN' under 'Stage III' (n in N14)",1,result
ctdnameth-20261009-result-nguyen2023-spotmas-too-dnn-validation-breast-unknown-stage,ctdnameth-20261009-source-nguyen2023-supp-file-1,"Supplementary file 1, sheet 'Table S9', T14; Validation block; row 'Breast'; column 'DNN' under 'Non-metastasis with unknown stage' (n in R14)",0.64,result
ctdnameth-20261009-result-nguyen2023-spotmas-too-dnn-validation-crc-all-stage,ctdnameth-20261009-source-nguyen2023-supp-file-1,"Supplementary file 1, sheet 'Table S9', D15; Validation block; row 'CRC'; column 'DNN' under 'All stage' (n in B15)",0.6,result
ctdnameth-20261009-result-nguyen2023-spotmas-too-dnn-validation-crc-stage-i,ctdnameth-20261009-source-nguyen2023-supp-file-1,"Supplementary file 1, sheet 'Table S9', H15; Validation block; row 'CRC'; column 'DNN' under 'Stage I' (n in F15)",0.6,result
ctdnameth-20261009-result-nguyen2023-spotmas-too-dnn-validation-crc-stage-ii,ctdnameth-20261009-source-nguyen2023-supp-file-1,"Supplementary file 1, sheet 'Table S9', L15; Validation block; row 'CRC'; column 'DNN' under 'Stage II' (n in J15)",0.69,result
ctdnameth-20261009-result-nguyen2023-spotmas-too-dnn-validation-crc-stage-iii,ctdnameth-20261009-source-nguyen2023-supp-file-1,"Supplementary file 1, sheet 'Table S9', P15; Validation block; row 'CRC'; column 'DNN' under 'Stage III' (n in N15)",0.65,result
ctdnameth-20261009-result-nguyen2023-spotmas-too-dnn-validation-crc-unknown-stage,ctdnameth-20261009-source-nguyen2023-supp-file-1,"Supplementary file 1, sheet 'Table S9', T15; Validation block; row 'CRC'; column 'DNN' under 'Non-metastasis with unknown stage' (n in R15)",0.44,result
ctdnameth-20261009-result-nguyen2023-spotmas-too-dnn-validation-gastric-all-stage,ctdnameth-20261009-source-nguyen2023-supp-file-1,"Supplementary file 1, sheet 'Table S9', D16; Validation block; row 'Gastric'; column 'DNN' under 'All stage' (n in B16)",0.41,result
ctdnameth-20261009-result-nguyen2023-spotmas-too-dnn-validation-gastric-stage-i,ctdnameth-20261009-source-nguyen2023-supp-file-1,"Supplementary file 1, sheet 'Table S9', H16; Validation block; row 'Gastric'; column 'DNN' under 'Stage I' (n in F16)",1,result
ctdnameth-20261009-result-nguyen2023-spotmas-too-dnn-validation-gastric-stage-ii,ctdnameth-20261009-source-nguyen2023-supp-file-1,"Supplementary file 1, sheet 'Table S9', L16; Validation block; row 'Gastric'; column 'DNN' under 'Stage II' (n in J16)",0,result
ctdnameth-20261009-result-nguyen2023-spotmas-too-dnn-validation-gastric-stage-iii,ctdnameth-20261009-source-nguyen2023-supp-file-1,"Supplementary file 1, sheet 'Table S9', P16; Validation block; row 'Gastric'; column 'DNN' under 'Stage III' (n in N16)",0.5,result
ctdnameth-20261009-result-nguyen2023-spotmas-too-dnn-validation-gastric-unknown-stage,ctdnameth-20261009-source-nguyen2023-supp-file-1,"Supplementary file 1, sheet 'Table S9', T16; Validation block; row 'Gastric'; column 'DNN' under 'Non-metastasis with unknown stage' (n in R16)",0.4,result
ctdnameth-20261009-result-nguyen2023-spotmas-too-dnn-validation-liver-all-stage,ctdnameth-20261009-source-nguyen2023-supp-file-1,"Supplementary file 1, sheet 'Table S9', D17; Validation block; row 'Liver'; column 'DNN' under 'All stage' (n in B17)",0.77,result
ctdnameth-20261009-result-nguyen2023-spotmas-too-dnn-validation-liver-stage-i,ctdnameth-20261009-source-nguyen2023-supp-file-1,"Supplementary file 1, sheet 'Table S9', H17; Validation block; row 'Liver'; column 'DNN' under 'Stage I' (n in F17)",1,result
ctdnameth-20261009-result-nguyen2023-spotmas-too-dnn-validation-liver-stage-ii,ctdnameth-20261009-source-nguyen2023-supp-file-1,"Supplementary file 1, sheet 'Table S9', L17; Validation block; row 'Liver'; column 'DNN' under 'Stage II' (n in J17)",1,result
ctdnameth-20261009-result-nguyen2023-spotmas-too-dnn-validation-liver-stage-iii,ctdnameth-20261009-source-nguyen2023-supp-file-1,"Supplementary file 1, sheet 'Table S9', P17; Validation block; row 'Liver'; column 'DNN' under 'Stage III' (n in N17)",0.86,result
ctdnameth-20261009-result-nguyen2023-spotmas-too-dnn-validation-liver-unknown-stage,ctdnameth-20261009-source-nguyen2023-supp-file-1,"Supplementary file 1, sheet 'Table S9', T17; Validation block; row 'Liver'; column 'DNN' under 'Non-metastasis with unknown stage' (n in R17)",1,result
ctdnameth-20261009-result-nguyen2023-spotmas-too-dnn-validation-lung-all-stage,ctdnameth-20261009-source-nguyen2023-supp-file-1,"Supplementary file 1, sheet 'Table S9', D18; Validation block; row 'Lung'; column 'DNN' under 'All stage' (n in B18)",0.74,result
ctdnameth-20261009-result-nguyen2023-spotmas-too-dnn-validation-lung-stage-i,ctdnameth-20261009-source-nguyen2023-supp-file-1,"Supplementary file 1, sheet 'Table S9', H18; Validation block; row 'Lung'; column 'DNN' under 'Stage I' (n in F18)",N/A,result
ctdnameth-20261009-result-nguyen2023-spotmas-too-dnn-validation-lung-stage-ii,ctdnameth-20261009-source-nguyen2023-supp-file-1,"Supplementary file 1, sheet 'Table S9', L18; Validation block; row 'Lung'; column 'DNN' under 'Stage II' (n in J18)",0,result
ctdnameth-20261009-result-nguyen2023-spotmas-too-dnn-validation-lung-stage-iii,ctdnameth-20261009-source-nguyen2023-supp-file-1,"Supplementary file 1, sheet 'Table S9', P18; Validation block; row 'Lung'; column 'DNN' under 'Stage III' (n in N18)",0.79,result
ctdnameth-20261009-result-nguyen2023-spotmas-too-dnn-validation-lung-unknown-stage,ctdnameth-20261009-source-nguyen2023-supp-file-1,"Supplementary file 1, sheet 'Table S9', T18; Validation block; row 'Lung'; column 'DNN' under 'Non-metastasis with unknown stage' (n in R18)",0.58,result
ctdnameth-20261009-result-nguyen2023-spotmas-too-gcnn-discovery-all-cancer-all-stage,ctdnameth-20261009-source-nguyen2023-supp-file-1,"Supplementary file 1, sheet 'Table S9', E10; Discovery block; row 'All cancer'; column 'GCNN' under 'All stage' (n in B10)",0.73,result
ctdnameth-20261009-result-nguyen2023-spotmas-too-gcnn-discovery-all-cancer-stage-i,ctdnameth-20261009-source-nguyen2023-supp-file-1,"Supplementary file 1, sheet 'Table S9', I10; Discovery block; row 'All cancer'; column 'GCNN' under 'Stage I' (n in F10)",0.82,result
ctdnameth-20261009-result-nguyen2023-spotmas-too-gcnn-discovery-all-cancer-stage-ii,ctdnameth-20261009-source-nguyen2023-supp-file-1,"Supplementary file 1, sheet 'Table S9', M10; Discovery block; row 'All cancer'; column 'GCNN' under 'Stage II' (n in J10)",0.77,result
ctdnameth-20261009-result-nguyen2023-spotmas-too-gcnn-discovery-all-cancer-stage-iii,ctdnameth-20261009-source-nguyen2023-supp-file-1,"Supplementary file 1, sheet 'Table S9', Q10; Discovery block; row 'All cancer'; column 'GCNN' under 'Stage III' (n in N10)",0.7,result
ctdnameth-20261009-result-nguyen2023-spotmas-too-gcnn-discovery-all-cancer-unknown-stage,ctdnameth-20261009-source-nguyen2023-supp-file-1,"Supplementary file 1, sheet 'Table S9', U10; Discovery block; row 'All cancer'; column 'GCNN' under 'Non-metastasis with unknown stage' (n in R10)",0.7,result
ctdnameth-20261009-result-nguyen2023-spotmas-too-gcnn-discovery-breast-all-stage,ctdnameth-20261009-source-nguyen2023-supp-file-1,"Supplementary file 1, sheet 'Table S9', E5; Discovery block; row 'Breast'; column 'GCNN' under 'All stage' (n in B5)",0.87,result
ctdnameth-20261009-result-nguyen2023-spotmas-too-gcnn-discovery-breast-stage-i,ctdnameth-20261009-source-nguyen2023-supp-file-1,"Supplementary file 1, sheet 'Table S9', I5; Discovery block; row 'Breast'; column 'GCNN' under 'Stage I' (n in F5)",0.96,result
ctdnameth-20261009-result-nguyen2023-spotmas-too-gcnn-discovery-breast-stage-ii,ctdnameth-20261009-source-nguyen2023-supp-file-1,"Supplementary file 1, sheet 'Table S9', M5; Discovery block; row 'Breast'; column 'GCNN' under 'Stage II' (n in J5)",0.88,result
ctdnameth-20261009-result-nguyen2023-spotmas-too-gcnn-discovery-breast-stage-iii,ctdnameth-20261009-source-nguyen2023-supp-file-1,"Supplementary file 1, sheet 'Table S9', Q5; Discovery block; row 'Breast'; column 'GCNN' under 'Stage III' (n in N5)",0.76,result
ctdnameth-20261009-result-nguyen2023-spotmas-too-gcnn-discovery-breast-unknown-stage,ctdnameth-20261009-source-nguyen2023-supp-file-1,"Supplementary file 1, sheet 'Table S9', U5; Discovery block; row 'Breast'; column 'GCNN' under 'Non-metastasis with unknown stage' (n in R5)",0.84,result
ctdnameth-20261009-result-nguyen2023-spotmas-too-gcnn-discovery-crc-all-stage,ctdnameth-20261009-source-nguyen2023-supp-file-1,"Supplementary file 1, sheet 'Table S9', E6; Discovery block; row 'CRC'; column 'GCNN' under 'All stage' (n in B6)",0.71,result
ctdnameth-20261009-result-nguyen2023-spotmas-too-gcnn-discovery-crc-stage-i,ctdnameth-20261009-source-nguyen2023-supp-file-1,"Supplementary file 1, sheet 'Table S9', I6; Discovery block; row 'CRC'; column 'GCNN' under 'Stage I' (n in F6)",0.55,result
ctdnameth-20261009-result-nguyen2023-spotmas-too-gcnn-discovery-crc-stage-ii,ctdnameth-20261009-source-nguyen2023-supp-file-1,"Supplementary file 1, sheet 'Table S9', M6; Discovery block; row 'CRC'; column 'GCNN' under 'Stage II' (n in J6)",0.72,result
ctdnameth-20261009-result-nguyen2023-spotmas-too-gcnn-discovery-crc-stage-iii,ctdnameth-20261009-source-nguyen2023-supp-file-1,"Supplementary file 1, sheet 'Table S9', Q6; Discovery block; row 'CRC'; column 'GCNN' under 'Stage III' (n in N6)",0.71,result
ctdnameth-20261009-result-nguyen2023-spotmas-too-gcnn-discovery-crc-unknown-stage,ctdnameth-20261009-source-nguyen2023-supp-file-1,"Supplementary file 1, sheet 'Table S9', U6; Discovery block; row 'CRC'; column 'GCNN' under 'Non-metastasis with unknown stage' (n in R6)",0.77,result
ctdnameth-20261009-result-nguyen2023-spotmas-too-gcnn-discovery-gastric-all-stage,ctdnameth-20261009-source-nguyen2023-supp-file-1,"Supplementary file 1, sheet 'Table S9', E7; Discovery block; row 'Gastric'; column 'GCNN' under 'All stage' (n in B7)",0.54,result
ctdnameth-20261009-result-nguyen2023-spotmas-too-gcnn-discovery-gastric-stage-i,ctdnameth-20261009-source-nguyen2023-supp-file-1,"Supplementary file 1, sheet 'Table S9', I7; Discovery block; row 'Gastric'; column 'GCNN' under 'Stage I' (n in F7)",0.5,result
ctdnameth-20261009-result-nguyen2023-spotmas-too-gcnn-discovery-gastric-stage-ii,ctdnameth-20261009-source-nguyen2023-supp-file-1,"Supplementary file 1, sheet 'Table S9', M7; Discovery block; row 'Gastric'; column 'GCNN' under 'Stage II' (n in J7)",0.58,result
ctdnameth-20261009-result-nguyen2023-spotmas-too-gcnn-discovery-gastric-stage-iii,ctdnameth-20261009-source-nguyen2023-supp-file-1,"Supplementary file 1, sheet 'Table S9', Q7; Discovery block; row 'Gastric'; column 'GCNN' under 'Stage III' (n in N7)",0.65,result
ctdnameth-20261009-result-nguyen2023-spotmas-too-gcnn-discovery-gastric-unknown-stage,ctdnameth-20261009-source-nguyen2023-supp-file-1,"Supplementary file 1, sheet 'Table S9', U7; Discovery block; row 'Gastric'; column 'GCNN' under 'Non-metastasis with unknown stage' (n in R7)",0.43,result
ctdnameth-20261009-result-nguyen2023-spotmas-too-gcnn-discovery-liver-all-stage,ctdnameth-20261009-source-nguyen2023-supp-file-1,"Supplementary file 1, sheet 'Table S9', E8; Discovery block; row 'Liver'; column 'GCNN' under 'All stage' (n in B8)",0.82,result
ctdnameth-20261009-result-nguyen2023-spotmas-too-gcnn-discovery-liver-stage-i,ctdnameth-20261009-source-nguyen2023-supp-file-1,"Supplementary file 1, sheet 'Table S9', I8; Discovery block; row 'Liver'; column 'GCNN' under 'Stage I' (n in F8)",1,result
ctdnameth-20261009-result-nguyen2023-spotmas-too-gcnn-discovery-liver-stage-ii,ctdnameth-20261009-source-nguyen2023-supp-file-1,"Supplementary file 1, sheet 'Table S9', M8; Discovery block; row 'Liver'; column 'GCNN' under 'Stage II' (n in J8)",0.76,result
ctdnameth-20261009-result-nguyen2023-spotmas-too-gcnn-discovery-liver-stage-iii,ctdnameth-20261009-source-nguyen2023-supp-file-1,"Supplementary file 1, sheet 'Table S9', Q8; Discovery block; row 'Liver'; column 'GCNN' under 'Stage III' (n in N8)",1,result
ctdnameth-20261009-result-nguyen2023-spotmas-too-gcnn-discovery-liver-unknown-stage,ctdnameth-20261009-source-nguyen2023-supp-file-1,"Supplementary file 1, sheet 'Table S9', U8; Discovery block; row 'Liver'; column 'GCNN' under 'Non-metastasis with unknown stage' (n in R8)",0.78,result
ctdnameth-20261009-result-nguyen2023-spotmas-too-gcnn-discovery-lung-all-stage,ctdnameth-20261009-source-nguyen2023-supp-file-1,"Supplementary file 1, sheet 'Table S9', E9; Discovery block; row 'Lung'; column 'GCNN' under 'All stage' (n in B9)",0.59,result
ctdnameth-20261009-result-nguyen2023-spotmas-too-gcnn-discovery-lung-stage-i,ctdnameth-20261009-source-nguyen2023-supp-file-1,"Supplementary file 1, sheet 'Table S9', I9; Discovery block; row 'Lung'; column 'GCNN' under 'Stage I' (n in F9)",0.5,result
ctdnameth-20261009-result-nguyen2023-spotmas-too-gcnn-discovery-lung-stage-ii,ctdnameth-20261009-source-nguyen2023-supp-file-1,"Supplementary file 1, sheet 'Table S9', M9; Discovery block; row 'Lung'; column 'GCNN' under 'Stage II' (n in J9)",0.37,result
ctdnameth-20261009-result-nguyen2023-spotmas-too-gcnn-discovery-lung-stage-iii,ctdnameth-20261009-source-nguyen2023-supp-file-1,"Supplementary file 1, sheet 'Table S9', Q9; Discovery block; row 'Lung'; column 'GCNN' under 'Stage III' (n in N9)",0.6,result
ctdnameth-20261009-result-nguyen2023-spotmas-too-gcnn-discovery-lung-unknown-stage,ctdnameth-20261009-source-nguyen2023-supp-file-1,"Supplementary file 1, sheet 'Table S9', U9; Discovery block; row 'Lung'; column 'GCNN' under 'Non-metastasis with unknown stage' (n in R9)",0.67,result
ctdnameth-20261009-result-nguyen2023-spotmas-too-gcnn-validation-all-cancer-all-stage,ctdnameth-20261009-source-nguyen2023-supp-file-1,"Supplementary file 1, sheet 'Table S9', E19; Validation block; row 'All cancer'; column 'GCNN' under 'All stage' (n in B19)",0.69,result
ctdnameth-20261009-result-nguyen2023-spotmas-too-gcnn-validation-all-cancer-stage-i,ctdnameth-20261009-source-nguyen2023-supp-file-1,"Supplementary file 1, sheet 'Table S9', I19; Validation block; row 'All cancer'; column 'GCNN' under 'Stage I' (n in F19)",0.77,result
ctdnameth-20261009-result-nguyen2023-spotmas-too-gcnn-validation-all-cancer-stage-ii,ctdnameth-20261009-source-nguyen2023-supp-file-1,"Supplementary file 1, sheet 'Table S9', M19; Validation block; row 'All cancer'; column 'GCNN' under 'Stage II' (n in J19)",0.74,result
ctdnameth-20261009-result-nguyen2023-spotmas-too-gcnn-validation-all-cancer-stage-iii,ctdnameth-20261009-source-nguyen2023-supp-file-1,"Supplementary file 1, sheet 'Table S9', Q19; Validation block; row 'All cancer'; column 'GCNN' under 'Stage III' (n in N19)",0.74,result
ctdnameth-20261009-result-nguyen2023-spotmas-too-gcnn-validation-all-cancer-unknown-stage,ctdnameth-20261009-source-nguyen2023-supp-file-1,"Supplementary file 1, sheet 'Table S9', U19; Validation block; row 'All cancer'; column 'GCNN' under 'Non-metastasis with unknown stage' (n in R19)",0.6,result
ctdnameth-20261009-result-nguyen2023-spotmas-too-gcnn-validation-breast-all-stage,ctdnameth-20261009-source-nguyen2023-supp-file-1,"Supplementary file 1, sheet 'Table S9', E14; Validation block; row 'Breast'; column 'GCNN' under 'All stage' (n in B14)",0.78,result
ctdnameth-20261009-result-nguyen2023-spotmas-too-gcnn-validation-breast-stage-i,ctdnameth-20261009-source-nguyen2023-supp-file-1,"Supplementary file 1, sheet 'Table S9', I14; Validation block; row 'Breast'; column 'GCNN' under 'Stage I' (n in F14)",0.77,result
ctdnameth-20261009-result-nguyen2023-spotmas-too-gcnn-validation-breast-stage-ii,ctdnameth-20261009-source-nguyen2023-supp-file-1,"Supplementary file 1, sheet 'Table S9', M14; Validation block; row 'Breast'; column 'GCNN' under 'Stage II' (n in J14)",0.85,result
ctdnameth-20261009-result-nguyen2023-spotmas-too-gcnn-validation-breast-stage-iii,ctdnameth-20261009-source-nguyen2023-supp-file-1,"Supplementary file 1, sheet 'Table S9', Q14; Validation block; row 'Breast'; column 'GCNN' under 'Stage III' (n in N14)",1,result
ctdnameth-20261009-result-nguyen2023-spotmas-too-gcnn-validation-breast-unknown-stage,ctdnameth-20261009-source-nguyen2023-supp-file-1,"Supplementary file 1, sheet 'Table S9', U14; Validation block; row 'Breast'; column 'GCNN' under 'Non-metastasis with unknown stage' (n in R14)",0.69,result
ctdnameth-20261009-result-nguyen2023-spotmas-too-gcnn-validation-crc-all-stage,ctdnameth-20261009-source-nguyen2023-supp-file-1,"Supplementary file 1, sheet 'Table S9', E15; Validation block; row 'CRC'; column 'GCNN' under 'All stage' (n in B15)",0.66,result
ctdnameth-20261009-result-nguyen2023-spotmas-too-gcnn-validation-crc-stage-i,ctdnameth-20261009-source-nguyen2023-supp-file-1,"Supplementary file 1, sheet 'Table S9', I15; Validation block; row 'CRC'; column 'GCNN' under 'Stage I' (n in F15)",0.6,result
ctdnameth-20261009-result-nguyen2023-spotmas-too-gcnn-validation-crc-stage-ii,ctdnameth-20261009-source-nguyen2023-supp-file-1,"Supplementary file 1, sheet 'Table S9', M15; Validation block; row 'CRC'; column 'GCNN' under 'Stage II' (n in J15)",0.56,result
ctdnameth-20261009-result-nguyen2023-spotmas-too-gcnn-validation-crc-stage-iii,ctdnameth-20261009-source-nguyen2023-supp-file-1,"Supplementary file 1, sheet 'Table S9', Q15; Validation block; row 'CRC'; column 'GCNN' under 'Stage III' (n in N15)",0.75,result
ctdnameth-20261009-result-nguyen2023-spotmas-too-gcnn-validation-crc-unknown-stage,ctdnameth-20261009-source-nguyen2023-supp-file-1,"Supplementary file 1, sheet 'Table S9', U15; Validation block; row 'CRC'; column 'GCNN' under 'Non-metastasis with unknown stage' (n in R15)",0.67,result
ctdnameth-20261009-result-nguyen2023-spotmas-too-gcnn-validation-gastric-all-stage,ctdnameth-20261009-source-nguyen2023-supp-file-1,"Supplementary file 1, sheet 'Table S9', E16; Validation block; row 'Gastric'; column 'GCNN' under 'All stage' (n in B16)",0.55,result
ctdnameth-20261009-result-nguyen2023-spotmas-too-gcnn-validation-gastric-stage-i,ctdnameth-20261009-source-nguyen2023-supp-file-1,"Supplementary file 1, sheet 'Table S9', I16; Validation block; row 'Gastric'; column 'GCNN' under 'Stage I' (n in F16)",1,result
ctdnameth-20261009-result-nguyen2023-spotmas-too-gcnn-validation-gastric-stage-ii,ctdnameth-20261009-source-nguyen2023-supp-file-1,"Supplementary file 1, sheet 'Table S9', M16; Validation block; row 'Gastric'; column 'GCNN' under 'Stage II' (n in J16)",0.8,result
ctdnameth-20261009-result-nguyen2023-spotmas-too-gcnn-validation-gastric-stage-iii,ctdnameth-20261009-source-nguyen2023-supp-file-1,"Supplementary file 1, sheet 'Table S9', Q16; Validation block; row 'Gastric'; column 'GCNN' under 'Stage III' (n in N16)",0.7,result
ctdnameth-20261009-result-nguyen2023-spotmas-too-gcnn-validation-gastric-unknown-stage,ctdnameth-20261009-source-nguyen2023-supp-file-1,"Supplementary file 1, sheet 'Table S9', U16; Validation block; row 'Gastric'; column 'GCNN' under 'Non-metastasis with unknown stage' (n in R16)",0.29,result
ctdnameth-20261009-result-nguyen2023-spotmas-too-gcnn-validation-liver-all-stage,ctdnameth-20261009-source-nguyen2023-supp-file-1,"Supplementary file 1, sheet 'Table S9', E17; Validation block; row 'Liver'; column 'GCNN' under 'All stage' (n in B17)",0.76,result
ctdnameth-20261009-result-nguyen2023-spotmas-too-gcnn-validation-liver-stage-i,ctdnameth-20261009-source-nguyen2023-supp-file-1,"Supplementary file 1, sheet 'Table S9', I17; Validation block; row 'Liver'; column 'GCNN' under 'Stage I' (n in F17)",1,result
ctdnameth-20261009-result-nguyen2023-spotmas-too-gcnn-validation-liver-stage-ii,ctdnameth-20261009-source-nguyen2023-supp-file-1,"Supplementary file 1, sheet 'Table S9', M17; Validation block; row 'Liver'; column 'GCNN' under 'Stage II' (n in J17)",0.9,result
ctdnameth-20261009-result-nguyen2023-spotmas-too-gcnn-validation-liver-stage-iii,ctdnameth-20261009-source-nguyen2023-supp-file-1,"Supplementary file 1, sheet 'Table S9', Q17; Validation block; row 'Liver'; column 'GCNN' under 'Stage III' (n in N17)",0.8,result
ctdnameth-20261009-result-nguyen2023-spotmas-too-gcnn-validation-liver-unknown-stage,ctdnameth-20261009-source-nguyen2023-supp-file-1,"Supplementary file 1, sheet 'Table S9', U17; Validation block; row 'Liver'; column 'GCNN' under 'Non-metastasis with unknown stage' (n in R17)",0.61,result
ctdnameth-20261009-result-nguyen2023-spotmas-too-gcnn-validation-lung-all-stage,ctdnameth-20261009-source-nguyen2023-supp-file-1,"Supplementary file 1, sheet 'Table S9', E18; Validation block; row 'Lung'; column 'GCNN' under 'All stage' (n in B18)",0.63,result
ctdnameth-20261009-result-nguyen2023-spotmas-too-gcnn-validation-lung-stage-i,ctdnameth-20261009-source-nguyen2023-supp-file-1,"Supplementary file 1, sheet 'Table S9', I18; Validation block; row 'Lung'; column 'GCNN' under 'Stage I' (n in F18)",N/A,result
ctdnameth-20261009-result-nguyen2023-spotmas-too-gcnn-validation-lung-stage-ii,ctdnameth-20261009-source-nguyen2023-supp-file-1,"Supplementary file 1, sheet 'Table S9', M18; Validation block; row 'Lung'; column 'GCNN' under 'Stage II' (n in J18)",0.34,result
ctdnameth-20261009-result-nguyen2023-spotmas-too-gcnn-validation-lung-stage-iii,ctdnameth-20261009-source-nguyen2023-supp-file-1,"Supplementary file 1, sheet 'Table S9', Q18; Validation block; row 'Lung'; column 'GCNN' under 'Stage III' (n in N18)",0.67,result
ctdnameth-20261009-result-nguyen2023-spotmas-too-gcnn-validation-lung-unknown-stage,ctdnameth-20261009-source-nguyen2023-supp-file-1,"Supplementary file 1, sheet 'Table S9', U18; Validation block; row 'Lung'; column 'GCNN' under 'Non-metastasis with unknown stage' (n in R18)",0.62,result
ctdnameth-20261009-result-nguyen2023-spotmas-too-rf-discovery-all-cancer-all-stage,ctdnameth-20261009-source-nguyen2023-supp-file-1,"Supplementary file 1, sheet 'Table S9', C10; Discovery block; row 'All cancer'; column 'RF' under 'All stage' (n in B10)",0.49,result
ctdnameth-20261009-result-nguyen2023-spotmas-too-rf-discovery-all-cancer-stage-i,ctdnameth-20261009-source-nguyen2023-supp-file-1,"Supplementary file 1, sheet 'Table S9', G10; Discovery block; row 'All cancer'; column 'RF' under 'Stage I' (n in F10)",0.68,result
ctdnameth-20261009-result-nguyen2023-spotmas-too-rf-discovery-all-cancer-stage-ii,ctdnameth-20261009-source-nguyen2023-supp-file-1,"Supplementary file 1, sheet 'Table S9', K10; Discovery block; row 'All cancer'; column 'RF' under 'Stage II' (n in J10)",0.582822,result
ctdnameth-20261009-result-nguyen2023-spotmas-too-rf-discovery-all-cancer-stage-iii,ctdnameth-20261009-source-nguyen2023-supp-file-1,"Supplementary file 1, sheet 'Table S9', O10; Discovery block; row 'All cancer'; column 'RF' under 'Stage III' (n in N10)",0.44,result
ctdnameth-20261009-result-nguyen2023-spotmas-too-rf-discovery-all-cancer-unknown-stage,ctdnameth-20261009-source-nguyen2023-supp-file-1,"Supplementary file 1, sheet 'Table S9', S10; Discovery block; row 'All cancer'; column 'RF' under 'Non-metastasis with unknown stage' (n in R10)",0.37,result
ctdnameth-20261009-result-nguyen2023-spotmas-too-rf-discovery-breast-all-stage,ctdnameth-20261009-source-nguyen2023-supp-file-1,"Supplementary file 1, sheet 'Table S9', C5; Discovery block; row 'Breast'; column 'RF' under 'All stage' (n in B5)",0.82,result
ctdnameth-20261009-result-nguyen2023-spotmas-too-rf-discovery-breast-stage-i,ctdnameth-20261009-source-nguyen2023-supp-file-1,"Supplementary file 1, sheet 'Table S9', G5; Discovery block; row 'Breast'; column 'RF' under 'Stage I' (n in F5)",0.93,result
ctdnameth-20261009-result-nguyen2023-spotmas-too-rf-discovery-breast-stage-ii,ctdnameth-20261009-source-nguyen2023-supp-file-1,"Supplementary file 1, sheet 'Table S9', K5; Discovery block; row 'Breast'; column 'RF' under 'Stage II' (n in J5)",0.820513,result
ctdnameth-20261009-result-nguyen2023-spotmas-too-rf-discovery-breast-stage-iii,ctdnameth-20261009-source-nguyen2023-supp-file-1,"Supplementary file 1, sheet 'Table S9', O5; Discovery block; row 'Breast'; column 'RF' under 'Stage III' (n in N5)",0.88,result
ctdnameth-20261009-result-nguyen2023-spotmas-too-rf-discovery-breast-unknown-stage,ctdnameth-20261009-source-nguyen2023-supp-file-1,"Supplementary file 1, sheet 'Table S9', S5; Discovery block; row 'Breast'; column 'RF' under 'Non-metastasis with unknown stage' (n in R5)",0.63,result
ctdnameth-20261009-result-nguyen2023-spotmas-too-rf-discovery-crc-all-stage,ctdnameth-20261009-source-nguyen2023-supp-file-1,"Supplementary file 1, sheet 'Table S9', C6; Discovery block; row 'CRC'; column 'RF' under 'All stage' (n in B6)",0.28,result
ctdnameth-20261009-result-nguyen2023-spotmas-too-rf-discovery-crc-stage-i,ctdnameth-20261009-source-nguyen2023-supp-file-1,"Supplementary file 1, sheet 'Table S9', G6; Discovery block; row 'CRC'; column 'RF' under 'Stage I' (n in F6)",0.27,result
ctdnameth-20261009-result-nguyen2023-spotmas-too-rf-discovery-crc-stage-ii,ctdnameth-20261009-source-nguyen2023-supp-file-1,"Supplementary file 1, sheet 'Table S9', K6; Discovery block; row 'CRC'; column 'RF' under 'Stage II' (n in J6)",0.341463,result
ctdnameth-20261009-result-nguyen2023-spotmas-too-rf-discovery-crc-stage-iii,ctdnameth-20261009-source-nguyen2023-supp-file-1,"Supplementary file 1, sheet 'Table S9', O6; Discovery block; row 'CRC'; column 'RF' under 'Stage III' (n in N6)",0.27,result
ctdnameth-20261009-result-nguyen2023-spotmas-too-rf-discovery-crc-unknown-stage,ctdnameth-20261009-source-nguyen2023-supp-file-1,"Supplementary file 1, sheet 'Table S9', S6; Discovery block; row 'CRC'; column 'RF' under 'Non-metastasis with unknown stage' (n in R6)",0.15,result
ctdnameth-20261009-result-nguyen2023-spotmas-too-rf-discovery-gastric-all-stage,ctdnameth-20261009-source-nguyen2023-supp-file-1,"Supplementary file 1, sheet 'Table S9', C7; Discovery block; row 'Gastric'; column 'RF' under 'All stage' (n in B7)",0.18,result
ctdnameth-20261009-result-nguyen2023-spotmas-too-rf-discovery-gastric-stage-i,ctdnameth-20261009-source-nguyen2023-supp-file-1,"Supplementary file 1, sheet 'Table S9', G7; Discovery block; row 'Gastric'; column 'RF' under 'Stage I' (n in F7)",0,result
ctdnameth-20261009-result-nguyen2023-spotmas-too-rf-discovery-gastric-stage-ii,ctdnameth-20261009-source-nguyen2023-supp-file-1,"Supplementary file 1, sheet 'Table S9', K7; Discovery block; row 'Gastric'; column 'RF' under 'Stage II' (n in J7)",0.333333,result
ctdnameth-20261009-result-nguyen2023-spotmas-too-rf-discovery-gastric-stage-iii,ctdnameth-20261009-source-nguyen2023-supp-file-1,"Supplementary file 1, sheet 'Table S9', O7; Discovery block; row 'Gastric'; column 'RF' under 'Stage III' (n in N7)",0.26,result
ctdnameth-20261009-result-nguyen2023-spotmas-too-rf-discovery-gastric-unknown-stage,ctdnameth-20261009-source-nguyen2023-supp-file-1,"Supplementary file 1, sheet 'Table S9', S7; Discovery block; row 'Gastric'; column 'RF' under 'Non-metastasis with unknown stage' (n in R7)",0.07,result
ctdnameth-20261009-result-nguyen2023-spotmas-too-rf-discovery-liver-all-stage,ctdnameth-20261009-source-nguyen2023-supp-file-1,"Supplementary file 1, sheet 'Table S9', C8; Discovery block; row 'Liver'; column 'RF' under 'All stage' (n in B8)",0.53,result
ctdnameth-20261009-result-nguyen2023-spotmas-too-rf-discovery-liver-stage-i,ctdnameth-20261009-source-nguyen2023-supp-file-1,"Supplementary file 1, sheet 'Table S9', G8; Discovery block; row 'Liver'; column 'RF' under 'Stage I' (n in F8)",0.75,result
ctdnameth-20261009-result-nguyen2023-spotmas-too-rf-discovery-liver-stage-ii,ctdnameth-20261009-source-nguyen2023-supp-file-1,"Supplementary file 1, sheet 'Table S9', K8; Discovery block; row 'Liver'; column 'RF' under 'Stage II' (n in J8)",0.52381,result
ctdnameth-20261009-result-nguyen2023-spotmas-too-rf-discovery-liver-stage-iii,ctdnameth-20261009-source-nguyen2023-supp-file-1,"Supplementary file 1, sheet 'Table S9', O8; Discovery block; row 'Liver'; column 'RF' under 'Stage III' (n in N8)",0.83,result
ctdnameth-20261009-result-nguyen2023-spotmas-too-rf-discovery-liver-unknown-stage,ctdnameth-20261009-source-nguyen2023-supp-file-1,"Supplementary file 1, sheet 'Table S9', S8; Discovery block; row 'Liver'; column 'RF' under 'Non-metastasis with unknown stage' (n in R8)",0.43,result
ctdnameth-20261009-result-nguyen2023-spotmas-too-rf-discovery-lung-all-stage,ctdnameth-20261009-source-nguyen2023-supp-file-1,"Supplementary file 1, sheet 'Table S9', C9; Discovery block; row 'Lung'; column 'RF' under 'All stage' (n in B9)",0.37,result
ctdnameth-20261009-result-nguyen2023-spotmas-too-rf-discovery-lung-stage-i,ctdnameth-20261009-source-nguyen2023-supp-file-1,"Supplementary file 1, sheet 'Table S9', G9; Discovery block; row 'Lung'; column 'RF' under 'Stage I' (n in F9)",0.5,result
ctdnameth-20261009-result-nguyen2023-spotmas-too-rf-discovery-lung-stage-ii,ctdnameth-20261009-source-nguyen2023-supp-file-1,"Supplementary file 1, sheet 'Table S9', K9; Discovery block; row 'Lung'; column 'RF' under 'Stage II' (n in J9)",0.181818,result
ctdnameth-20261009-result-nguyen2023-spotmas-too-rf-discovery-lung-stage-iii,ctdnameth-20261009-source-nguyen2023-supp-file-1,"Supplementary file 1, sheet 'Table S9', O9; Discovery block; row 'Lung'; column 'RF' under 'Stage III' (n in N9)",0.34,result
ctdnameth-20261009-result-nguyen2023-spotmas-too-rf-discovery-lung-unknown-stage,ctdnameth-20261009-source-nguyen2023-supp-file-1,"Supplementary file 1, sheet 'Table S9', S9; Discovery block; row 'Lung'; column 'RF' under 'Non-metastasis with unknown stage' (n in R9)",0.45,result
ctdnameth-20261009-result-nguyen2023-spotmas-too-rf-validation-all-cancer-all-stage,ctdnameth-20261009-source-nguyen2023-supp-file-1,"Supplementary file 1, sheet 'Table S9', C19; Validation block; row 'All cancer'; column 'RF' under 'All stage' (n in B19)",0.53,result
ctdnameth-20261009-result-nguyen2023-spotmas-too-rf-validation-all-cancer-stage-i,ctdnameth-20261009-source-nguyen2023-supp-file-1,"Supplementary file 1, sheet 'Table S9', G19; Validation block; row 'All cancer'; column 'RF' under 'Stage I' (n in F19)",0.77,result
ctdnameth-20261009-result-nguyen2023-spotmas-too-rf-validation-all-cancer-stage-ii,ctdnameth-20261009-source-nguyen2023-supp-file-1,"Supplementary file 1, sheet 'Table S9', K19; Validation block; row 'All cancer'; column 'RF' under 'Stage II' (n in J19)",0.57,result
ctdnameth-20261009-result-nguyen2023-spotmas-too-rf-validation-all-cancer-stage-iii,ctdnameth-20261009-source-nguyen2023-supp-file-1,"Supplementary file 1, sheet 'Table S9', O19; Validation block; row 'All cancer'; column 'RF' under 'Stage III' (n in N19)",0.47,result
ctdnameth-20261009-result-nguyen2023-spotmas-too-rf-validation-all-cancer-unknown-stage,ctdnameth-20261009-source-nguyen2023-supp-file-1,"Supplementary file 1, sheet 'Table S9', S19; Validation block; row 'All cancer'; column 'RF' under 'Non-metastasis with unknown stage' (n in R19)",0.48,result
ctdnameth-20261009-result-nguyen2023-spotmas-too-rf-validation-breast-all-stage,ctdnameth-20261009-source-nguyen2023-supp-file-1,"Supplementary file 1, sheet 'Table S9', C14; Validation block; row 'Breast'; column 'RF' under 'All stage' (n in B14)",0.79,result
ctdnameth-20261009-result-nguyen2023-spotmas-too-rf-validation-breast-stage-i,ctdnameth-20261009-source-nguyen2023-supp-file-1,"Supplementary file 1, sheet 'Table S9', G14; Validation block; row 'Breast'; column 'RF' under 'Stage I' (n in F14)",0.77,result
ctdnameth-20261009-result-nguyen2023-spotmas-too-rf-validation-breast-stage-ii,ctdnameth-20261009-source-nguyen2023-supp-file-1,"Supplementary file 1, sheet 'Table S9', K14; Validation block; row 'Breast'; column 'RF' under 'Stage II' (n in J14)",0.85,result
ctdnameth-20261009-result-nguyen2023-spotmas-too-rf-validation-breast-stage-iii,ctdnameth-20261009-source-nguyen2023-supp-file-1,"Supplementary file 1, sheet 'Table S9', O14; Validation block; row 'Breast'; column 'RF' under 'Stage III' (n in N14)",1,result
ctdnameth-20261009-result-nguyen2023-spotmas-too-rf-validation-breast-unknown-stage,ctdnameth-20261009-source-nguyen2023-supp-file-1,"Supplementary file 1, sheet 'Table S9', S14; Validation block; row 'Breast'; column 'RF' under 'Non-metastasis with unknown stage' (n in R14)",0.72,result
ctdnameth-20261009-result-nguyen2023-spotmas-too-rf-validation-crc-all-stage,ctdnameth-20261009-source-nguyen2023-supp-file-1,"Supplementary file 1, sheet 'Table S9', C15; Validation block; row 'CRC'; column 'RF' under 'All stage' (n in B15)",0.38,result
ctdnameth-20261009-result-nguyen2023-spotmas-too-rf-validation-crc-stage-i,ctdnameth-20261009-source-nguyen2023-supp-file-1,"Supplementary file 1, sheet 'Table S9', G15; Validation block; row 'CRC'; column 'RF' under 'Stage I' (n in F15)",0.6,result
ctdnameth-20261009-result-nguyen2023-spotmas-too-rf-validation-crc-stage-ii,ctdnameth-20261009-source-nguyen2023-supp-file-1,"Supplementary file 1, sheet 'Table S9', K15; Validation block; row 'CRC'; column 'RF' under 'Stage II' (n in J15)",0.3,result
ctdnameth-20261009-result-nguyen2023-spotmas-too-rf-validation-crc-stage-iii,ctdnameth-20261009-source-nguyen2023-supp-file-1,"Supplementary file 1, sheet 'Table S9', O15; Validation block; row 'CRC'; column 'RF' under 'Stage III' (n in N15)",0.45,result
ctdnameth-20261009-result-nguyen2023-spotmas-too-rf-validation-crc-unknown-stage,ctdnameth-20261009-source-nguyen2023-supp-file-1,"Supplementary file 1, sheet 'Table S9', S15; Validation block; row 'CRC'; column 'RF' under 'Non-metastasis with unknown stage' (n in R15)",0.25,result
ctdnameth-20261009-result-nguyen2023-spotmas-too-rf-validation-gastric-all-stage,ctdnameth-20261009-source-nguyen2023-supp-file-1,"Supplementary file 1, sheet 'Table S9', C16; Validation block; row 'Gastric'; column 'RF' under 'All stage' (n in B16)",0.19,result
ctdnameth-20261009-result-nguyen2023-spotmas-too-rf-validation-gastric-stage-i,ctdnameth-20261009-source-nguyen2023-supp-file-1,"Supplementary file 1, sheet 'Table S9', G16; Validation block; row 'Gastric'; column 'RF' under 'Stage I' (n in F16)",1,result
ctdnameth-20261009-result-nguyen2023-spotmas-too-rf-validation-gastric-stage-ii,ctdnameth-20261009-source-nguyen2023-supp-file-1,"Supplementary file 1, sheet 'Table S9', K16; Validation block; row 'Gastric'; column 'RF' under 'Stage II' (n in J16)",0.4,result
ctdnameth-20261009-result-nguyen2023-spotmas-too-rf-validation-gastric-stage-iii,ctdnameth-20261009-source-nguyen2023-supp-file-1,"Supplementary file 1, sheet 'Table S9', O16; Validation block; row 'Gastric'; column 'RF' under 'Stage III' (n in N16)",0.2,result
ctdnameth-20261009-result-nguyen2023-spotmas-too-rf-validation-gastric-unknown-stage,ctdnameth-20261009-source-nguyen2023-supp-file-1,"Supplementary file 1, sheet 'Table S9', S16; Validation block; row 'Gastric'; column 'RF' under 'Non-metastasis with unknown stage' (n in R16)",0,result
ctdnameth-20261009-result-nguyen2023-spotmas-too-rf-validation-liver-all-stage,ctdnameth-20261009-source-nguyen2023-supp-file-1,"Supplementary file 1, sheet 'Table S9', C17; Validation block; row 'Liver'; column 'RF' under 'All stage' (n in B17)",0.62,result
ctdnameth-20261009-result-nguyen2023-spotmas-too-rf-validation-liver-stage-i,ctdnameth-20261009-source-nguyen2023-supp-file-1,"Supplementary file 1, sheet 'Table S9', G17; Validation block; row 'Liver'; column 'RF' under 'Stage I' (n in F17)",1,result
ctdnameth-20261009-result-nguyen2023-spotmas-too-rf-validation-liver-stage-ii,ctdnameth-20261009-source-nguyen2023-supp-file-1,"Supplementary file 1, sheet 'Table S9', K17; Validation block; row 'Liver'; column 'RF' under 'Stage II' (n in J17)",0.7,result
ctdnameth-20261009-result-nguyen2023-spotmas-too-rf-validation-liver-stage-iii,ctdnameth-20261009-source-nguyen2023-supp-file-1,"Supplementary file 1, sheet 'Table S9', O17; Validation block; row 'Liver'; column 'RF' under 'Stage III' (n in N17)",0.6,result
ctdnameth-20261009-result-nguyen2023-spotmas-too-rf-validation-liver-unknown-stage,ctdnameth-20261009-source-nguyen2023-supp-file-1,"Supplementary file 1, sheet 'Table S9', S17; Validation block; row 'Liver'; column 'RF' under 'Non-metastasis with unknown stage' (n in R17)",0.56,result
ctdnameth-20261009-result-nguyen2023-spotmas-too-rf-validation-lung-all-stage,ctdnameth-20261009-source-nguyen2023-supp-file-1,"Supplementary file 1, sheet 'Table S9', C18; Validation block; row 'Lung'; column 'RF' under 'All stage' (n in B18)",0.44,result
ctdnameth-20261009-result-nguyen2023-spotmas-too-rf-validation-lung-stage-i,ctdnameth-20261009-source-nguyen2023-supp-file-1,"Supplementary file 1, sheet 'Table S9', G18; Validation block; row 'Lung'; column 'RF' under 'Stage I' (n in F18)",N/A,result
ctdnameth-20261009-result-nguyen2023-spotmas-too-rf-validation-lung-stage-ii,ctdnameth-20261009-source-nguyen2023-supp-file-1,"Supplementary file 1, sheet 'Table S9', K18; Validation block; row 'Lung'; column 'RF' under 'Stage II' (n in J18)",0.33,result
ctdnameth-20261009-result-nguyen2023-spotmas-too-rf-validation-lung-stage-iii,ctdnameth-20261009-source-nguyen2023-supp-file-1,"Supplementary file 1, sheet 'Table S9', O18; Validation block; row 'Lung'; column 'RF' under 'Stage III' (n in N18)",0.42,result
ctdnameth-20261009-result-nguyen2023-spotmas-too-rf-validation-lung-unknown-stage,ctdnameth-20261009-source-nguyen2023-supp-file-1,"Supplementary file 1, sheet 'Table S9', S18; Validation block; row 'Lung'; column 'RF' under 'Non-metastasis with unknown stage' (n in R18)",0.5,result
ctdnameth-20261009-result-sun2024-celfeer-cfmethyl-colon-cancer-auroc,ctdnameth-20261009-source-sun2024-additional-file-1,"Sun Additional file 1, sheet 'Table S7 ', I6; row 'Colon cancer'; column 'CelFEER' under 'AUC values'",0.85,result
ctdnameth-20261009-result-sun2024-celfeer-cfmethyl-gastric-cancer-auroc,ctdnameth-20261009-source-sun2024-additional-file-1,"Sun Additional file 1, sheet 'Table S7 ', I9; row 'Gastric cancer'; column 'CelFEER' under 'AUC values'",0.91,result
ctdnameth-20261009-result-sun2024-celfeer-cfmethyl-liver-cancer-auroc,ctdnameth-20261009-source-sun2024-additional-file-1,"Sun Additional file 1, sheet 'Table S7 ', I5; row 'Liver cancer (cfMethyl-Seq)'; column 'CelFEER' under 'AUC values'",0.87,result
ctdnameth-20261009-result-sun2024-celfeer-cfmethyl-luad-auroc,ctdnameth-20261009-source-sun2024-additional-file-1,"Sun Additional file 1, sheet 'Table S7 ', I7; row 'LUAD'; column 'CelFEER' under 'AUC values'",0.80,result
ctdnameth-20261009-result-sun2024-celfeer-cfmethyl-lusc-auroc,ctdnameth-20261009-source-sun2024-additional-file-1,"Sun Additional file 1, sheet 'Table S7 ', I8; row 'LUSC'; column 'CelFEER' under 'AUC values'",0.78,result
ctdnameth-20261009-result-sun2024-celfeer-hcc-wgbs-liver-cancer-auroc,ctdnameth-20261009-source-sun2024-additional-file-1,"Sun Additional file 1, sheet 'Table S7 ', I4; row 'Liver cancer (WGBS)'; column 'CelFEER' under 'AUC values'",0.96,result
ctdnameth-20261009-result-sun2024-celfie-cfmethyl-colon-cancer-auroc,ctdnameth-20261009-source-sun2024-additional-file-1,"Sun Additional file 1, sheet 'Table S7 ', J6; row 'Colon cancer'; column 'CelFiE' under 'AUC values'",0.91,result
ctdnameth-20261009-result-sun2024-celfie-cfmethyl-gastric-cancer-auroc,ctdnameth-20261009-source-sun2024-additional-file-1,"Sun Additional file 1, sheet 'Table S7 ', J9; row 'Gastric cancer'; column 'CelFiE' under 'AUC values'",0.93,result
ctdnameth-20261009-result-sun2024-celfie-cfmethyl-liver-cancer-auroc,ctdnameth-20261009-source-sun2024-additional-file-1,"Sun Additional file 1, sheet 'Table S7 ', J5; row 'Liver cancer (cfMethyl-Seq)'; column 'CelFiE' under 'AUC values'",0.82,result
ctdnameth-20261009-result-sun2024-celfie-cfmethyl-luad-auroc,ctdnameth-20261009-source-sun2024-additional-file-1,"Sun Additional file 1, sheet 'Table S7 ', J7; row 'LUAD'; column 'CelFiE' under 'AUC values'",0.83,result
ctdnameth-20261009-result-sun2024-celfie-cfmethyl-lusc-auroc,ctdnameth-20261009-source-sun2024-additional-file-1,"Sun Additional file 1, sheet 'Table S7 ', J8; row 'LUSC'; column 'CelFiE' under 'AUC values'",0.83,result
ctdnameth-20261009-result-sun2024-celfie-hcc-wgbs-liver-cancer-auroc,ctdnameth-20261009-source-sun2024-additional-file-1,"Sun Additional file 1, sheet 'Table S7 ', J4; row 'Liver cancer (WGBS)'; column 'CelFiE' under 'AUC values'",0.93,result
ctdnameth-20261009-result-sun2024-cfnome-cfmethyl-colon-cancer-auroc,ctdnameth-20261009-source-sun2024-additional-file-1,"Sun Additional file 1, sheet 'Table S7 ', K6; row 'Colon cancer'; column 'cfNOMe' under 'AUC values'",0.82,result
ctdnameth-20261009-result-sun2024-cfnome-cfmethyl-gastric-cancer-auroc,ctdnameth-20261009-source-sun2024-additional-file-1,"Sun Additional file 1, sheet 'Table S7 ', K9; row 'Gastric cancer'; column 'cfNOMe' under 'AUC values'",0.87,result
ctdnameth-20261009-result-sun2024-cfnome-cfmethyl-liver-cancer-auroc,ctdnameth-20261009-source-sun2024-additional-file-1,"Sun Additional file 1, sheet 'Table S7 ', K5; row 'Liver cancer (cfMethyl-Seq)'; column 'cfNOMe' under 'AUC values'",0.87,result
ctdnameth-20261009-result-sun2024-cfnome-cfmethyl-luad-auroc,ctdnameth-20261009-source-sun2024-additional-file-1,"Sun Additional file 1, sheet 'Table S7 ', K7; row 'LUAD'; column 'cfNOMe' under 'AUC values'",0.85,result
ctdnameth-20261009-result-sun2024-cfnome-cfmethyl-lusc-auroc,ctdnameth-20261009-source-sun2024-additional-file-1,"Sun Additional file 1, sheet 'Table S7 ', K8; row 'LUSC'; column 'cfNOMe' under 'AUC values'",0.84,result
ctdnameth-20261009-result-sun2024-cfnome-hcc-wgbs-liver-cancer-auroc,ctdnameth-20261009-source-sun2024-additional-file-1,"Sun Additional file 1, sheet 'Table S7 ', K4; row 'Liver cancer (WGBS)'; column 'cfNOMe' under 'AUC values'",0.77,result
ctdnameth-20261009-result-sun2024-methatlas-cfmethyl-colon-cancer-auroc,ctdnameth-20261009-source-sun2024-additional-file-1,"Sun Additional file 1, sheet 'Table S7 ', L6; row 'Colon cancer'; column 'MethAtlas' under 'AUC values'",0.82,result
ctdnameth-20261009-result-sun2024-methatlas-cfmethyl-gastric-cancer-auroc,ctdnameth-20261009-source-sun2024-additional-file-1,"Sun Additional file 1, sheet 'Table S7 ', L9; row 'Gastric cancer'; column 'MethAtlas' under 'AUC values'",0.86,result
ctdnameth-20261009-result-sun2024-methatlas-cfmethyl-liver-cancer-auroc,ctdnameth-20261009-source-sun2024-additional-file-1,"Sun Additional file 1, sheet 'Table S7 ', L5; row 'Liver cancer (cfMethyl-Seq)'; column 'MethAtlas' under 'AUC values'",0.84,result
ctdnameth-20261009-result-sun2024-methatlas-cfmethyl-luad-auroc,ctdnameth-20261009-source-sun2024-additional-file-1,"Sun Additional file 1, sheet 'Table S7 ', L7; row 'LUAD'; column 'MethAtlas' under 'AUC values'",0.77,result
ctdnameth-20261009-result-sun2024-methatlas-cfmethyl-lusc-auroc,ctdnameth-20261009-source-sun2024-additional-file-1,"Sun Additional file 1, sheet 'Table S7 ', L8; row 'LUSC'; column 'MethAtlas' under 'AUC values'",0.78,result
ctdnameth-20261009-result-sun2024-methatlas-hcc-wgbs-liver-cancer-auroc,ctdnameth-20261009-source-sun2024-additional-file-1,"Sun Additional file 1, sheet 'Table S7 ', L4; row 'Liver cancer (WGBS)'; column 'MethAtlas' under 'AUC values'",0.91,result
ctdnameth-20261009-result-sun2024-uxm-cfmethyl-colon-cancer-auroc,ctdnameth-20261009-source-sun2024-additional-file-1,"Sun Additional file 1, sheet 'Table S7 ', M6; row 'Colon cancer'; column 'UXM' under 'AUC values'",0.81,result
ctdnameth-20261009-result-sun2024-uxm-cfmethyl-gastric-cancer-auroc,ctdnameth-20261009-source-sun2024-additional-file-1,"Sun Additional file 1, sheet 'Table S7 ', M9; row 'Gastric cancer'; column 'UXM' under 'AUC values'",0.87,result
ctdnameth-20261009-result-sun2024-uxm-cfmethyl-liver-cancer-auroc,ctdnameth-20261009-source-sun2024-additional-file-1,"Sun Additional file 1, sheet 'Table S7 ', M5; row 'Liver cancer (cfMethyl-Seq)'; column 'UXM' under 'AUC values'",0.83,result
ctdnameth-20261009-result-sun2024-uxm-cfmethyl-luad-auroc,ctdnameth-20261009-source-sun2024-additional-file-1,"Sun Additional file 1, sheet 'Table S7 ', M7; row 'LUAD'; column 'UXM' under 'AUC values'",0.78,result
ctdnameth-20261009-result-sun2024-uxm-cfmethyl-lusc-auroc,ctdnameth-20261009-source-sun2024-additional-file-1,"Sun Additional file 1, sheet 'Table S7 ', M8; row 'LUSC'; column 'UXM' under 'AUC values'",0.72,result
ctdnameth-20261009-result-sun2024-uxm-hcc-wgbs-liver-cancer-auroc,ctdnameth-20261009-source-sun2024-additional-file-1,"Sun Additional file 1, sheet 'Table S7 ', M4; row 'Liver cancer (WGBS)'; column 'UXM' under 'AUC values'",0.72,result
